# SCP CB Converted Room Mesh

v 464.0 -160.0 -256.0
v -432.0 -160.0 -256.0
v -432.0 -160.0 1280.0
v 464.0 -160.0 1280.0
v -432.0 416.0 -256.0
v 464.0 416.0 -256.0
v 464.0 416.0 1296.0
v -432.0 416.0 1296.0
v -432.0 448.0 -255.99996948242188
v -432.0 448.0 1280.0
v -432.0 -192.0 1280.0
v -432.0 -192.0 -255.99996948242188
v 464.0 448.0 1280.0
v 464.0 448.0 -256.0000305175781
v 464.0 -192.0 -256.0000305175781
v 464.0 -192.0 1280.0
v -464.0 -192.0 1280.0
v -464.0 448.0 1280.0
v 496.0 448.0 1280.0
v 496.0 -192.0 1280.0
v -432.0 -160.0 -223.99993896484375
v 464.0 -160.0 -223.99993896484375
v 464.0 0.0 -223.99993896484375
v -432.0 0.0 -223.99993896484375
v 464.0 0.0 -223.99993896484375
v 464.0 0.0 -255.99993896484375
v -432.0 0.0 -255.99993896484375
v -432.0 0.0 -223.99993896484375
v 464.0 320.0 -223.99993896484375
v 464.0 448.0 -223.99993896484375
v -432.0 448.0 -223.99993896484375
v -432.0 320.0 -223.99993896484375
v -432.0 448.0 -255.99993896484375
v 464.0 448.0 -255.99993896484375
v 464.0 320.0 -255.99993896484375
v -432.0 320.0 -255.99993896484375
v -432.0 320.0 -223.99993896484375
v -432.0 320.0 -255.99993896484375
v 464.0 320.0 -255.99993896484375
v 464.0 320.0 -223.99993896484375
v 464.0 0.0 -223.99993896484375
v 464.0 320.0 -223.99993896484375
v 96.0 320.0 -223.99993896484375
v 96.0 0.0 -223.99993896484375
v 464.0 320.0 -255.99993896484375
v 464.0 0.0 -255.99993896484375
v 96.0 0.0 -255.99993896484375
v 96.0 320.0 -255.99993896484375
v 96.0 0.0 -223.99993896484375
v 96.0 320.0 -223.99993896484375
v 96.0 320.0 -255.99993896484375
v 96.0 0.0 -255.99993896484375
v -96.0 320.0 -224.0
v -432.0 320.0 -224.0
v -432.0 0.0 -224.0
v -96.0 0.0 -224.0
v -432.0 0.0 -256.0
v -432.0 320.0 -256.0
v -96.0 320.0 -256.0
v -96.0 0.0 -256.0
v -96.0 0.0 -256.0
v -96.0 320.0 -256.0
v -96.0 320.0 -224.0
v -96.0 0.0 -224.0
v -128.0 -64.0 -127.99993896484375
v 128.0 -64.0 -127.99993896484375
v 128.0 -32.0 -127.99993896484375
v -128.0 -32.0 -127.99993896484375
v 128.0 -32.0 -127.99993896484375
v 128.0 -64.0 -127.99993896484375
v 128.0 -64.0 -223.99993896484375
v 128.0 -32.0 -223.99993896484375
v -128.0 -32.0 -223.99993896484375
v -128.0 -64.0 -223.99993896484375
v -128.0 -64.0 -127.99993896484375
v -128.0 -32.0 -127.99993896484375
v 128.0 -32.0 -127.99993896484375
v 128.0 -32.0 -223.99993896484375
v -128.0 -32.0 -223.99993896484375
v -128.0 -32.0 -127.99993896484375
v -176.0 -96.0 -79.99993896484375
v 176.0 -96.0 -79.99993896484375
v 176.0 -64.0 -79.99993896484375
v -176.0 -64.0 -79.99993896484375
v 176.0 -64.0 -79.99993896484375
v 176.0 -96.0 -79.99993896484375
v 176.0 -96.0 -223.99993896484375
v 176.0 -64.0 -223.99993896484375
v -176.0 -64.0 -223.99993896484375
v -176.0 -96.0 -223.99993896484375
v -176.0 -96.0 -79.99993896484375
v -176.0 -64.0 -79.99993896484375
v 176.0 -64.0 -79.99993896484375
v 176.0 -64.0 -223.99993896484375
v -176.0 -64.0 -223.99993896484375
v -176.0 -64.0 -79.99993896484375
v -224.0 -128.0 -31.99993896484375
v 224.0 -128.0 -31.99993896484375
v 224.0 -96.0 -31.99993896484375
v -224.0 -96.0 -31.99993896484375
v 224.0 -96.0 -31.99993896484375
v 224.0 -128.0 -31.99993896484375
v 224.0 -128.0 -223.99993896484375
v 224.0 -96.0 -223.99993896484375
v -224.0 -96.0 -223.99993896484375
v -224.0 -128.0 -223.99993896484375
v -224.0 -128.0 -31.99993896484375
v -224.0 -96.0 -31.99993896484375
v 224.0 -96.0 -31.99993896484375
v 224.0 -96.0 -223.99993896484375
v -224.0 -96.0 -223.99993896484375
v -224.0 -96.0 -31.99993896484375
v -272.0 -160.0 16.00006103515625
v 256.0 -160.0 16.00006103515625
v 256.0 -128.0 16.00006103515625
v -272.0 -128.0 16.00006103515625
v 256.0 -128.0 16.00006103515625
v 256.0 -160.0 16.00006103515625
v 256.0 -160.0 -223.99993896484375
v 256.0 -128.0 -223.99993896484375
v -272.0 -128.0 -223.99993896484375
v -272.0 -160.0 -223.99993896484375
v -272.0 -160.0 16.00006103515625
v -272.0 -128.0 16.00006103515625
v 256.0 -128.0 16.00006103515625
v 256.0 -128.0 -223.99993896484375
v -272.0 -128.0 -223.99993896484375
v -272.0 -128.0 16.00006103515625
v -96.0 -32.0 -175.99993896484375
v 96.0 -32.0 -175.99993896484375
v 96.0 0.0 -175.99993896484375
v -96.0 0.0 -175.99993896484375
v 96.0 0.0 -175.99993896484375
v 96.0 -32.0 -175.99993896484375
v 96.0 -32.0 -223.99993896484375
v 96.0 0.0 -223.99993896484375
v -96.0 0.0 -223.99993896484375
v -96.0 -32.0 -223.99993896484375
v -96.0 -32.0 -175.99993896484375
v -96.0 0.0 -175.99993896484375
v 96.0 0.0 -175.99993896484375
v 96.0 0.0 -223.99993896484375
v -96.0 0.0 -223.99993896484375
v -96.0 0.0 -175.99993896484375
v -432.0 400.0 368.0
v -432.0 256.0 368.0
v -400.0 256.0 368.0
v -320.0 400.0 368.0
v -432.0 256.0 272.0
v -432.0 400.0 272.0
v -320.0 400.0 272.0
v -400.0 256.0 272.0
v -320.0 400.0 272.0
v -320.0 400.0 368.0
v -400.0 256.0 368.0
v -400.0 256.0 272.0
v -432.0 416.0 368.0
v -432.0 400.0 368.0
v 464.0 400.0 368.0
v 464.0 416.0 368.0
v -432.0 400.0 272.0
v -432.0 416.0 272.0
v 464.0 416.0 272.0
v 464.0 400.0 272.0
v -432.0 400.0 272.0
v 464.0 400.0 272.0
v 464.0 400.0 368.0
v -432.0 400.0 368.0
v 464.0 400.0 272.0
v 464.0 256.0 272.0
v 432.0 256.0 272.0
v 352.0 400.0 272.0
v 464.0 256.0 368.0
v 464.0 400.0 368.0
v 352.0 400.0 368.0
v 432.0 256.0 368.0
v 352.0 400.0 368.0
v 352.0 400.0 272.0
v 432.0 256.0 272.0
v 432.0 256.0 368.0
v -432.0 -160.0 368.0
v -400.0 -160.0 368.0
v -400.0 256.0 368.0
v -432.0 256.0 368.0
v -400.0 256.0 368.0
v -400.0 -160.0 368.0
v -400.0 -160.0 352.0
v -400.0 256.0 352.0
v -432.0 -160.0 352.0
v -432.0 256.0 352.0
v -400.0 256.0 352.0
v -400.0 -160.0 352.0
v -400.0 256.0 272.0
v -400.0 -160.0 272.0
v -432.0 -160.0 272.0
v -432.0 256.0 272.0
v -400.0 -160.0 288.0
v -400.0 -160.0 272.0
v -400.0 256.0 272.0
v -400.0 256.0 288.0
v -400.0 -160.0 288.0
v -400.0 256.0 288.0
v -432.0 256.0 288.0
v -432.0 -160.0 288.0
v -400.0 -160.0 352.0
v -400.0 -160.0 288.0
v -400.0 -128.0 288.0
v -400.0 -128.0 352.0
v -400.0 -128.0 352.0
v -400.0 -128.0 288.0
v -432.0 -128.0 288.0
v -432.0 -128.0 352.0
v -400.0 224.0 288.0
v -400.0 256.0 288.0
v -400.0 256.0 352.0
v -400.0 224.0 352.0
v -432.0 224.0 352.0
v -432.0 224.0 288.0
v -400.0 224.0 288.0
v -400.0 224.0 352.0
v -416.0 -128.0 288.0
v -416.0 224.0 288.0
v -416.0 224.0 352.0
v -416.0 -128.0 352.0
v 464.0 -160.0 272.0
v 432.0 -160.0 272.0
v 432.0 256.0 272.0
v 464.0 256.0 272.0
v 432.0 256.0 272.0
v 432.0 -160.0 272.0
v 432.0 -160.0 288.0
v 432.0 256.0 288.0
v 464.0 -160.0 288.0
v 464.0 256.0 288.0
v 432.0 256.0 288.0
v 432.0 -160.0 288.0
v 432.0 256.0 368.0
v 432.0 -160.0 368.0
v 464.0 -160.0 368.0
v 464.0 256.0 368.0
v 432.0 -160.0 352.0
v 432.0 -160.0 368.0
v 432.0 256.0 368.0
v 432.0 256.0 352.0
v 432.0 -160.0 352.0
v 432.0 256.0 352.0
v 464.0 256.0 352.0
v 464.0 -160.0 352.0
v 432.0 -160.0 288.0
v 432.0 -160.0 352.0
v 432.0 -128.0 352.0
v 432.0 -128.0 288.0
v 432.0 -128.0 288.0
v 432.0 -128.0 352.0
v 464.0 -128.0 352.0
v 464.0 -128.0 288.0
v 432.0 224.0 352.0
v 432.0 256.0 352.0
v 432.0 256.0 288.0
v 432.0 224.0 288.0
v 464.0 224.0 288.0
v 464.0 224.0 352.0
v 432.0 224.0 352.0
v 432.0 224.0 288.0
v 448.0 -128.0 352.0
v 448.0 224.0 352.0
v 448.0 224.0 288.0
v 448.0 -128.0 288.0
v -432.0 400.0 -15.99993896484375
v -432.0 256.0 -15.99993896484375
v -400.0 256.0 -15.99993896484375
v -320.0 400.0 -15.99993896484375
v -432.0 256.0 -111.99993896484375
v -432.0 400.0 -111.99993896484375
v -320.0 400.0 -111.99993896484375
v -400.0 256.0 -111.99993896484375
v -320.0 400.0 -111.99993896484375
v -320.0 400.0 -15.99993896484375
v -400.0 256.0 -15.99993896484375
v -400.0 256.0 -111.99993896484375
v -432.0 416.0 -15.99993896484375
v -432.0 400.0 -15.99993896484375
v 464.0 400.0 -15.99993896484375
v 464.0 416.0 -15.99993896484375
v -432.0 400.0 -111.99993896484375
v -432.0 416.0 -111.99993896484375
v 464.0 416.0 -111.99993896484375
v 464.0 400.0 -111.99993896484375
v -432.0 400.0 -111.99993896484375
v 464.0 400.0 -111.99993896484375
v 464.0 400.0 -15.99993896484375
v -432.0 400.0 -15.99993896484375
v 464.0 400.0 -112.0
v 464.0 256.0 -112.0
v 432.0 256.0 -112.0
v 352.0 400.0 -112.0
v 464.0 256.0 -16.0
v 464.0 400.0 -16.0
v 352.0 400.0 -16.0
v 432.0 256.0 -16.0
v 352.0 400.0 -16.0
v 352.0 400.0 -112.0
v 432.0 256.0 -112.0
v 432.0 256.0 -16.0
v -432.0 -160.0 -15.99993896484375
v -400.0 -160.0 -15.99993896484375
v -400.0 256.0 -15.99993896484375
v -432.0 256.0 -15.99993896484375
v -400.0 256.0 -15.99993896484375
v -400.0 -160.0 -15.99993896484375
v -400.0 -160.0 -31.99993896484375
v -400.0 256.0 -31.99993896484375
v -432.0 -160.0 -31.99993896484375
v -432.0 256.0 -31.99993896484375
v -400.0 256.0 -31.99993896484375
v -400.0 -160.0 -31.99993896484375
v -400.0 256.0 -112.0
v -400.0 -160.0 -112.0
v -432.0 -160.0 -112.0
v -432.0 256.0 -112.0
v -400.0 -160.0 -96.0
v -400.0 -160.0 -112.0
v -400.0 256.0 -112.0
v -400.0 256.0 -96.0
v -400.0 -160.0 -96.0
v -400.0 256.0 -96.0
v -432.0 256.0 -96.0
v -432.0 -160.0 -96.0
v -400.0 -160.0 -31.99993896484375
v -400.0 -160.0 -95.99993896484375
v -400.0 -128.0 -95.99993896484375
v -400.0 -128.0 -31.99993896484375
v -400.0 -128.0 -31.99993896484375
v -400.0 -128.0 -95.99993896484375
v -432.0 -128.0 -95.99993896484375
v -432.0 -128.0 -31.99993896484375
v -400.0 224.0 -95.99993896484375
v -400.0 256.0 -95.99993896484375
v -400.0 256.0 -31.99993896484375
v -400.0 224.0 -31.99993896484375
v -432.0 224.0 -31.99993896484375
v -432.0 224.0 -95.99993896484375
v -400.0 224.0 -95.99993896484375
v -400.0 224.0 -31.99993896484375
v -416.0 -128.0 -96.0
v -416.0 224.0 -96.0
v -416.0 224.0 -32.0
v -416.0 -128.0 -32.0
v 464.0 -160.0 -112.0
v 432.0 -160.0 -112.0
v 432.0 256.0 -112.0
v 464.0 256.0 -112.0
v 432.0 256.0 -112.0
v 432.0 -160.0 -112.0
v 432.0 -160.0 -96.0
v 432.0 256.0 -96.0
v 464.0 -160.0 -96.0
v 464.0 256.0 -96.0
v 432.0 256.0 -96.0
v 432.0 -160.0 -96.0
v 432.0 256.0 -16.0
v 432.0 -160.0 -16.0
v 464.0 -160.0 -16.0
v 464.0 256.0 -16.0
v 432.0 -160.0 -32.0
v 432.0 -160.0 -16.0
v 432.0 256.0 -16.0
v 432.0 256.0 -32.0
v 432.0 -160.0 -32.0
v 432.0 256.0 -32.0
v 464.0 256.0 -32.0
v 464.0 -160.0 -32.0
v 432.0 -160.0 -96.0
v 432.0 -160.0 -32.0
v 432.0 -128.0 -32.0
v 432.0 -128.0 -96.0
v 432.0 -128.0 -96.0
v 432.0 -128.0 -32.0
v 464.0 -128.0 -32.0
v 464.0 -128.0 -96.0
v 432.0 224.0 -32.0
v 432.0 256.0 -32.0
v 432.0 256.0 -96.0
v 432.0 224.0 -96.0
v 464.0 224.0 -96.0
v 464.0 224.0 -32.0
v 432.0 224.0 -32.0
v 432.0 224.0 -96.0
v 448.0 -128.0 -32.0
v 448.0 224.0 -32.0
v 448.0 224.0 -96.0
v 448.0 -128.0 -96.0
v 208.0 -144.0 1232.0
v 208.0 -160.0 1232.0
v 432.0 -160.0 1232.0
v 432.0 -144.0 1232.0
v 208.0 -160.0 80.0
v 208.0 -144.0 80.0
v 432.0 -144.0 80.0
v 432.0 -160.0 80.0
v 432.0 -144.0 80.0
v 208.0 -144.0 80.0
v 208.0 -144.0 1232.0
v 432.0 -144.0 1232.0
v 432.0 -144.0 80.0
v 432.0 -144.0 1232.0
v 432.0 -160.0 1232.0
v 432.0 -160.0 80.0
v 208.0 -144.0 1232.0
v 208.0 -144.0 80.0
v 208.0 -160.0 80.0
v 208.0 -160.0 1232.0
v 307.37060546875 16.0 559.111328125
v 305.5224609375 16.0 555.653564453125
v 304.38427734375 16.0 551.90185546875
v 309.85791015625 16.0 562.14208984375
v 312.888671875 16.0 564.62939453125
v 316.346435546875 16.0 566.4775390625
v 320.09814453125 16.0 567.61572265625
v 324.0 16.0 568.0
v 327.90185546875 16.0 567.61572265625
v 331.653564453125 16.0 566.4775390625
v 335.111328125 16.0 564.62939453125
v 338.14208984375 16.0 562.14208984375
v 340.62939453125 16.0 559.111328125
v 342.4775390625 16.0 555.653564453125
v 343.61572265625 16.0 551.90185546875
v 344.0 16.0 548.0
v 343.61572265625 16.0 544.09814453125
v 342.4775390625 16.0 540.346435546875
v 340.62939453125 16.0 536.888671875
v 338.14208984375 16.0 533.85791015625
v 335.111328125 16.0 531.37060546875
v 331.653564453125 16.0 529.5224609375
v 327.90185546875 16.0 528.38427734375
v 324.0 16.0 528.0
v 320.09814453125 16.0 528.38427734375
v 316.346435546875 16.0 529.5224609375
v 312.888671875 16.0 531.37060546875
v 309.85791015625 16.0 533.85791015625
v 307.37060546875 16.0 536.888671875
v 305.5224609375 16.0 540.346435546875
v 304.38427734375 16.0 544.09814453125
v 304.0 16.0 548.0
v 305.5224609375 47.529296875 540.346435546875
v 304.38427734375 47.529296875 544.09814453125
v 304.0 47.529296875 548.0
v 307.37060546875 47.529296875 536.888671875
v 309.85791015625 47.529296875 533.85791015625
v 312.888671875 47.529296875 531.37060546875
v 316.346435546875 47.529296875 529.5224609375
v 320.09814453125 47.529296875 528.38427734375
v 324.0 47.529296875 528.0
v 327.90185546875 47.529296875 528.38427734375
v 331.653564453125 47.529296875 529.5224609375
v 335.111328125 47.529296875 531.37060546875
v 338.14208984375 47.529296875 533.85791015625
v 340.62939453125 47.529296875 536.888671875
v 342.4775390625 47.529296875 540.346435546875
v 343.61572265625 47.529296875 544.09814453125
v 344.0 47.529296875 548.0
v 343.61572265625 47.529296875 551.90185546875
v 342.4775390625 47.529296875 555.653564453125
v 340.62939453125 47.529296875 559.111328125
v 338.14208984375 47.529296875 562.14208984375
v 335.111328125 47.529296875 564.62939453125
v 331.653564453125 47.529296875 566.4775390625
v 327.90185546875 47.529296875 567.61572265625
v 324.0 47.529296875 568.0
v 320.09814453125 47.529296875 567.61572265625
v 316.346435546875 47.529296875 566.4775390625
v 312.888671875 47.529296875 564.62939453125
v 309.85791015625 47.529296875 562.14208984375
v 307.37060546875 47.529296875 559.111328125
v 305.5224609375 47.529296875 555.653564453125
v 304.38427734375 47.529296875 551.90185546875
v 304.38427734375 47.529296875 544.09814453125
v 304.38427734375 16.0 544.09814453125
v 304.0 16.0 548.0
v 304.0 47.529296875 548.0
v 305.5224609375 47.529296875 540.346435546875
v 305.5224609375 16.0 540.346435546875
v 304.38427734375 16.0 544.09814453125
v 304.38427734375 47.529296875 544.09814453125
v 307.37060546875 47.529296875 536.888671875
v 307.37060546875 16.0 536.888671875
v 305.5224609375 16.0 540.346435546875
v 305.5224609375 47.529296875 540.346435546875
v 309.85791015625 47.529296875 533.85791015625
v 309.85791015625 16.0 533.85791015625
v 307.37060546875 16.0 536.888671875
v 307.37060546875 47.529296875 536.888671875
v 312.888671875 47.529296875 531.37060546875
v 312.888671875 16.0 531.37060546875
v 309.85791015625 16.0 533.85791015625
v 309.85791015625 47.529296875 533.85791015625
v 316.346435546875 47.529296875 529.5224609375
v 316.346435546875 16.0 529.5224609375
v 312.888671875 16.0 531.37060546875
v 312.888671875 47.529296875 531.37060546875
v 320.09814453125 47.529296875 528.38427734375
v 320.09814453125 16.0 528.38427734375
v 316.346435546875 16.0 529.5224609375
v 316.346435546875 47.529296875 529.5224609375
v 324.0 47.529296875 528.0
v 324.0 16.0 528.0
v 320.09814453125 16.0 528.38427734375
v 320.09814453125 47.529296875 528.38427734375
v 327.90185546875 47.529296875 528.38427734375
v 327.90185546875 16.0 528.38427734375
v 324.0 16.0 528.0
v 324.0 47.529296875 528.0
v 331.653564453125 47.529296875 529.5224609375
v 331.653564453125 16.0 529.5224609375
v 327.90185546875 16.0 528.38427734375
v 327.90185546875 47.529296875 528.38427734375
v 335.111328125 47.529296875 531.37060546875
v 335.111328125 16.0 531.37060546875
v 331.653564453125 16.0 529.5224609375
v 331.653564453125 47.529296875 529.5224609375
v 338.14208984375 47.529296875 533.85791015625
v 338.14208984375 16.0 533.85791015625
v 335.111328125 16.0 531.37060546875
v 335.111328125 47.529296875 531.37060546875
v 340.62939453125 47.529296875 536.888671875
v 340.62939453125 16.0 536.888671875
v 338.14208984375 16.0 533.85791015625
v 338.14208984375 47.529296875 533.85791015625
v 342.4775390625 47.529296875 540.346435546875
v 342.4775390625 16.0 540.346435546875
v 340.62939453125 16.0 536.888671875
v 340.62939453125 47.529296875 536.888671875
v 343.61572265625 47.529296875 544.09814453125
v 343.61572265625 16.0 544.09814453125
v 342.4775390625 16.0 540.346435546875
v 342.4775390625 47.529296875 540.346435546875
v 344.0 47.529296875 548.0
v 344.0 16.0 548.0
v 343.61572265625 16.0 544.09814453125
v 343.61572265625 47.529296875 544.09814453125
v 343.61572265625 47.529296875 551.90185546875
v 343.61572265625 16.0 551.90185546875
v 344.0 16.0 548.0
v 344.0 47.529296875 548.0
v 342.4775390625 47.529296875 555.653564453125
v 342.4775390625 16.0 555.653564453125
v 343.61572265625 16.0 551.90185546875
v 343.61572265625 47.529296875 551.90185546875
v 340.62939453125 47.529296875 559.111328125
v 340.62939453125 16.0 559.111328125
v 342.4775390625 16.0 555.653564453125
v 342.4775390625 47.529296875 555.653564453125
v 338.14208984375 47.529296875 562.14208984375
v 338.14208984375 16.0 562.14208984375
v 340.62939453125 16.0 559.111328125
v 340.62939453125 47.529296875 559.111328125
v 335.111328125 47.529296875 564.62939453125
v 335.111328125 16.0 564.62939453125
v 338.14208984375 16.0 562.14208984375
v 338.14208984375 47.529296875 562.14208984375
v 331.653564453125 47.529296875 566.4775390625
v 331.653564453125 16.0 566.4775390625
v 335.111328125 16.0 564.62939453125
v 335.111328125 47.529296875 564.62939453125
v 327.90185546875 47.529296875 567.61572265625
v 327.90185546875 16.0 567.61572265625
v 331.653564453125 16.0 566.4775390625
v 331.653564453125 47.529296875 566.4775390625
v 324.0 47.529296875 568.0
v 324.0 16.0 568.0
v 327.90185546875 16.0 567.61572265625
v 327.90185546875 47.529296875 567.61572265625
v 320.09814453125 47.529296875 567.61572265625
v 320.09814453125 16.0 567.61572265625
v 324.0 16.0 568.0
v 324.0 47.529296875 568.0
v 316.346435546875 47.529296875 566.4775390625
v 316.346435546875 16.0 566.4775390625
v 320.09814453125 16.0 567.61572265625
v 320.09814453125 47.529296875 567.61572265625
v 312.888671875 47.529296875 564.62939453125
v 312.888671875 16.0 564.62939453125
v 316.346435546875 16.0 566.4775390625
v 316.346435546875 47.529296875 566.4775390625
v 309.85791015625 47.529296875 562.14208984375
v 309.85791015625 16.0 562.14208984375
v 312.888671875 16.0 564.62939453125
v 312.888671875 47.529296875 564.62939453125
v 307.37060546875 47.529296875 559.111328125
v 307.37060546875 16.0 559.111328125
v 309.85791015625 16.0 562.14208984375
v 309.85791015625 47.529296875 562.14208984375
v 305.5224609375 47.529296875 555.653564453125
v 305.5224609375 16.0 555.653564453125
v 307.37060546875 16.0 559.111328125
v 307.37060546875 47.529296875 559.111328125
v 304.38427734375 47.529296875 551.90185546875
v 304.38427734375 16.0 551.90185546875
v 305.5224609375 16.0 555.653564453125
v 305.5224609375 47.529296875 555.653564453125
v 304.0 47.529296875 548.0
v 304.0 16.0 548.0
v 304.38427734375 16.0 551.90185546875
v 304.38427734375 47.529296875 551.90185546875
v 310.696533203125 48.0 556.88916015625
v 309.218017578125 48.0 554.122802734375
v 308.307373046875 48.0 551.12158203125
v 312.686279296875 48.0 559.313720703125
v 315.11083984375 48.0 561.303466796875
v 317.877197265625 48.0 562.781982421875
v 320.87841796875 48.0 563.692626953125
v 324.0 48.0 564.0
v 327.12158203125 48.0 563.692626953125
v 330.122802734375 48.0 562.781982421875
v 332.88916015625 48.0 561.303466796875
v 335.313720703125 48.0 559.313720703125
v 337.303466796875 48.0 556.88916015625
v 338.781982421875 48.0 554.122802734375
v 339.692626953125 48.0 551.12158203125
v 340.0 48.0 548.0
v 339.692626953125 48.0 544.87841796875
v 338.781982421875 48.0 541.877197265625
v 337.303466796875 48.0 539.11083984375
v 335.313720703125 48.0 536.686279296875
v 332.88916015625 48.0 534.696533203125
v 330.122802734375 48.0 533.218017578125
v 327.12158203125 48.0 532.307373046875
v 324.0 48.0 532.0
v 320.87841796875 48.0 532.307373046875
v 317.877197265625 48.0 533.218017578125
v 315.11083984375 48.0 534.696533203125
v 312.686279296875 48.0 536.686279296875
v 310.696533203125 48.0 539.11083984375
v 309.218017578125 48.0 541.877197265625
v 308.307373046875 48.0 544.87841796875
v 308.0 48.0 548.0
v 308.307373046875 128.0 544.87841796875
v 308.307373046875 48.0 544.87841796875
v 308.0 48.0 548.0
v 308.0 128.0 548.0
v 309.218017578125 128.0 541.877197265625
v 309.218017578125 48.0 541.877197265625
v 308.307373046875 48.0 544.87841796875
v 308.307373046875 128.0 544.87841796875
v 310.696533203125 128.0 539.11083984375
v 310.696533203125 48.0 539.11083984375
v 309.218017578125 48.0 541.877197265625
v 309.218017578125 128.0 541.877197265625
v 312.686279296875 128.0 536.686279296875
v 312.686279296875 48.0 536.686279296875
v 310.696533203125 48.0 539.11083984375
v 310.696533203125 128.0 539.11083984375
v 315.11083984375 128.0 534.696533203125
v 315.11083984375 48.0 534.696533203125
v 312.686279296875 48.0 536.686279296875
v 312.686279296875 128.0 536.686279296875
v 317.877197265625 128.0 533.218017578125
v 317.877197265625 48.0 533.218017578125
v 315.11083984375 48.0 534.696533203125
v 315.11083984375 128.0 534.696533203125
v 320.87841796875 128.0 532.307373046875
v 320.87841796875 48.0 532.307373046875
v 317.877197265625 48.0 533.218017578125
v 317.877197265625 128.0 533.218017578125
v 324.0 128.0 532.0
v 324.0 48.0 532.0
v 320.87841796875 48.0 532.307373046875
v 320.87841796875 128.0 532.307373046875
v 327.12158203125 128.0 532.307373046875
v 327.12158203125 48.0 532.307373046875
v 324.0 48.0 532.0
v 324.0 128.0 532.0
v 330.122802734375 128.0 533.218017578125
v 330.122802734375 48.0 533.218017578125
v 327.12158203125 48.0 532.307373046875
v 327.12158203125 128.0 532.307373046875
v 332.88916015625 128.0 534.696533203125
v 332.88916015625 48.0 534.696533203125
v 330.122802734375 48.0 533.218017578125
v 330.122802734375 128.0 533.218017578125
v 335.313720703125 128.0 536.686279296875
v 335.313720703125 48.0 536.686279296875
v 332.88916015625 48.0 534.696533203125
v 332.88916015625 128.0 534.696533203125
v 337.303466796875 128.0 539.11083984375
v 337.303466796875 48.0 539.11083984375
v 335.313720703125 48.0 536.686279296875
v 335.313720703125 128.0 536.686279296875
v 338.781982421875 128.0 541.877197265625
v 338.781982421875 48.0 541.877197265625
v 337.303466796875 48.0 539.11083984375
v 337.303466796875 128.0 539.11083984375
v 339.692626953125 128.0 544.87841796875
v 339.692626953125 48.0 544.87841796875
v 338.781982421875 48.0 541.877197265625
v 338.781982421875 128.0 541.877197265625
v 340.0 128.0 548.0
v 340.0 48.0 548.0
v 339.692626953125 48.0 544.87841796875
v 339.692626953125 128.0 544.87841796875
v 339.692626953125 128.0 551.12158203125
v 339.692626953125 48.0 551.12158203125
v 340.0 48.0 548.0
v 340.0 128.0 548.0
v 338.781982421875 128.0 554.122802734375
v 338.781982421875 48.0 554.122802734375
v 339.692626953125 48.0 551.12158203125
v 339.692626953125 128.0 551.12158203125
v 337.303466796875 128.0 556.88916015625
v 337.303466796875 48.0 556.88916015625
v 338.781982421875 48.0 554.122802734375
v 338.781982421875 128.0 554.122802734375
v 335.313720703125 128.0 559.313720703125
v 335.313720703125 48.0 559.313720703125
v 337.303466796875 48.0 556.88916015625
v 337.303466796875 128.0 556.88916015625
v 332.88916015625 128.0 561.303466796875
v 332.88916015625 48.0 561.303466796875
v 335.313720703125 48.0 559.313720703125
v 335.313720703125 128.0 559.313720703125
v 330.122802734375 128.0 562.781982421875
v 330.122802734375 48.0 562.781982421875
v 332.88916015625 48.0 561.303466796875
v 332.88916015625 128.0 561.303466796875
v 327.12158203125 128.0 563.692626953125
v 327.12158203125 48.0 563.692626953125
v 330.122802734375 48.0 562.781982421875
v 330.122802734375 128.0 562.781982421875
v 324.0 128.0 564.0
v 324.0 48.0 564.0
v 327.12158203125 48.0 563.692626953125
v 327.12158203125 128.0 563.692626953125
v 320.87841796875 128.0 563.692626953125
v 320.87841796875 48.0 563.692626953125
v 324.0 48.0 564.0
v 324.0 128.0 564.0
v 317.877197265625 128.0 562.781982421875
v 317.877197265625 48.0 562.781982421875
v 320.87841796875 48.0 563.692626953125
v 320.87841796875 128.0 563.692626953125
v 315.11083984375 128.0 561.303466796875
v 315.11083984375 48.0 561.303466796875
v 317.877197265625 48.0 562.781982421875
v 317.877197265625 128.0 562.781982421875
v 312.686279296875 128.0 559.313720703125
v 312.686279296875 48.0 559.313720703125
v 315.11083984375 48.0 561.303466796875
v 315.11083984375 128.0 561.303466796875
v 310.696533203125 128.0 556.88916015625
v 310.696533203125 48.0 556.88916015625
v 312.686279296875 48.0 559.313720703125
v 312.686279296875 128.0 559.313720703125
v 309.218017578125 128.0 554.122802734375
v 309.218017578125 48.0 554.122802734375
v 310.696533203125 48.0 556.88916015625
v 310.696533203125 128.0 556.88916015625
v 308.307373046875 128.0 551.12158203125
v 308.307373046875 48.0 551.12158203125
v 309.218017578125 48.0 554.122802734375
v 309.218017578125 128.0 554.122802734375
v 308.0 128.0 548.0
v 308.0 48.0 548.0
v 308.307373046875 48.0 551.12158203125
v 308.307373046875 128.0 551.12158203125
v 307.37060546875 16.0 1167.111328125
v 305.5224609375 16.0 1163.6533203125
v 304.38427734375 16.0 1159.90185546875
v 309.85791015625 16.0 1170.14208984375
v 312.888671875 16.0 1172.62939453125
v 316.346435546875 16.0 1174.4775390625
v 320.09814453125 16.0 1175.61572265625
v 324.0 16.0 1176.0
v 327.90185546875 16.0 1175.61572265625
v 331.653564453125 16.0 1174.4775390625
v 335.111328125 16.0 1172.62939453125
v 338.14208984375 16.0 1170.14208984375
v 340.62939453125 16.0 1167.111328125
v 342.4775390625 16.0 1163.6533203125
v 343.61572265625 16.0 1159.90185546875
v 344.0 16.0 1156.0
v 343.61572265625 16.0 1152.09814453125
v 342.4775390625 16.0 1148.3466796875
v 340.62939453125 16.0 1144.888671875
v 338.14208984375 16.0 1141.85791015625
v 335.111328125 16.0 1139.37060546875
v 331.653564453125 16.0 1137.5224609375
v 327.90185546875 16.0 1136.38427734375
v 324.0 16.0 1136.0
v 320.09814453125 16.0 1136.38427734375
v 316.346435546875 16.0 1137.5224609375
v 312.888671875 16.0 1139.37060546875
v 309.85791015625 16.0 1141.85791015625
v 307.37060546875 16.0 1144.888671875
v 305.5224609375 16.0 1148.3466796875
v 304.38427734375 16.0 1152.09814453125
v 304.0 16.0 1156.0
v 305.5224609375 47.529296875 1148.3466796875
v 304.38427734375 47.529296875 1152.09814453125
v 304.0 47.529296875 1156.0
v 307.37060546875 47.529296875 1144.888671875
v 309.85791015625 47.529296875 1141.85791015625
v 312.888671875 47.529296875 1139.37060546875
v 316.346435546875 47.529296875 1137.5224609375
v 320.09814453125 47.529296875 1136.38427734375
v 324.0 47.529296875 1136.0
v 327.90185546875 47.529296875 1136.38427734375
v 331.653564453125 47.529296875 1137.5224609375
v 335.111328125 47.529296875 1139.37060546875
v 338.14208984375 47.529296875 1141.85791015625
v 340.62939453125 47.529296875 1144.888671875
v 342.4775390625 47.529296875 1148.3466796875
v 343.61572265625 47.529296875 1152.09814453125
v 344.0 47.529296875 1156.0
v 343.61572265625 47.529296875 1159.90185546875
v 342.4775390625 47.529296875 1163.6533203125
v 340.62939453125 47.529296875 1167.111328125
v 338.14208984375 47.529296875 1170.14208984375
v 335.111328125 47.529296875 1172.62939453125
v 331.653564453125 47.529296875 1174.4775390625
v 327.90185546875 47.529296875 1175.61572265625
v 324.0 47.529296875 1176.0
v 320.09814453125 47.529296875 1175.61572265625
v 316.346435546875 47.529296875 1174.4775390625
v 312.888671875 47.529296875 1172.62939453125
v 309.85791015625 47.529296875 1170.14208984375
v 307.37060546875 47.529296875 1167.111328125
v 305.5224609375 47.529296875 1163.6533203125
v 304.38427734375 47.529296875 1159.90185546875
v 304.38427734375 47.529296875 1152.09814453125
v 304.38427734375 16.0 1152.09814453125
v 304.0 16.0 1156.0
v 304.0 47.529296875 1156.0
v 305.5224609375 47.529296875 1148.3466796875
v 305.5224609375 16.0 1148.3466796875
v 304.38427734375 16.0 1152.09814453125
v 304.38427734375 47.529296875 1152.09814453125
v 307.37060546875 47.529296875 1144.888671875
v 307.37060546875 16.0 1144.888671875
v 305.5224609375 16.0 1148.3466796875
v 305.5224609375 47.529296875 1148.3466796875
v 309.85791015625 47.529296875 1141.85791015625
v 309.85791015625 16.0 1141.85791015625
v 307.37060546875 16.0 1144.888671875
v 307.37060546875 47.529296875 1144.888671875
v 312.888671875 47.529296875 1139.37060546875
v 312.888671875 16.0 1139.37060546875
v 309.85791015625 16.0 1141.85791015625
v 309.85791015625 47.529296875 1141.85791015625
v 316.346435546875 47.529296875 1137.5224609375
v 316.346435546875 16.0 1137.5224609375
v 312.888671875 16.0 1139.37060546875
v 312.888671875 47.529296875 1139.37060546875
v 320.09814453125 47.529296875 1136.38427734375
v 320.09814453125 16.0 1136.38427734375
v 316.346435546875 16.0 1137.5224609375
v 316.346435546875 47.529296875 1137.5224609375
v 324.0 47.529296875 1136.0
v 324.0 16.0 1136.0
v 320.09814453125 16.0 1136.38427734375
v 320.09814453125 47.529296875 1136.38427734375
v 327.90185546875 47.529296875 1136.38427734375
v 327.90185546875 16.0 1136.38427734375
v 324.0 16.0 1136.0
v 324.0 47.529296875 1136.0
v 331.653564453125 47.529296875 1137.5224609375
v 331.653564453125 16.0 1137.5224609375
v 327.90185546875 16.0 1136.38427734375
v 327.90185546875 47.529296875 1136.38427734375
v 335.111328125 47.529296875 1139.37060546875
v 335.111328125 16.0 1139.37060546875
v 331.653564453125 16.0 1137.5224609375
v 331.653564453125 47.529296875 1137.5224609375
v 338.14208984375 47.529296875 1141.85791015625
v 338.14208984375 16.0 1141.85791015625
v 335.111328125 16.0 1139.37060546875
v 335.111328125 47.529296875 1139.37060546875
v 340.62939453125 47.529296875 1144.888671875
v 340.62939453125 16.0 1144.888671875
v 338.14208984375 16.0 1141.85791015625
v 338.14208984375 47.529296875 1141.85791015625
v 342.4775390625 47.529296875 1148.3466796875
v 342.4775390625 16.0 1148.3466796875
v 340.62939453125 16.0 1144.888671875
v 340.62939453125 47.529296875 1144.888671875
v 343.61572265625 47.529296875 1152.09814453125
v 343.61572265625 16.0 1152.09814453125
v 342.4775390625 16.0 1148.3466796875
v 342.4775390625 47.529296875 1148.3466796875
v 344.0 47.529296875 1156.0
v 344.0 16.0 1156.0
v 343.61572265625 16.0 1152.09814453125
v 343.61572265625 47.529296875 1152.09814453125
v 343.61572265625 47.529296875 1159.90185546875
v 343.61572265625 16.0 1159.90185546875
v 344.0 16.0 1156.0
v 344.0 47.529296875 1156.0
v 342.4775390625 47.529296875 1163.6533203125
v 342.4775390625 16.0 1163.6533203125
v 343.61572265625 16.0 1159.90185546875
v 343.61572265625 47.529296875 1159.90185546875
v 340.62939453125 47.529296875 1167.111328125
v 340.62939453125 16.0 1167.111328125
v 342.4775390625 16.0 1163.6533203125
v 342.4775390625 47.529296875 1163.6533203125
v 338.14208984375 47.529296875 1170.14208984375
v 338.14208984375 16.0 1170.14208984375
v 340.62939453125 16.0 1167.111328125
v 340.62939453125 47.529296875 1167.111328125
v 335.111328125 47.529296875 1172.62939453125
v 335.111328125 16.0 1172.62939453125
v 338.14208984375 16.0 1170.14208984375
v 338.14208984375 47.529296875 1170.14208984375
v 331.653564453125 47.529296875 1174.4775390625
v 331.653564453125 16.0 1174.4775390625
v 335.111328125 16.0 1172.62939453125
v 335.111328125 47.529296875 1172.62939453125
v 327.90185546875 47.529296875 1175.61572265625
v 327.90185546875 16.0 1175.61572265625
v 331.653564453125 16.0 1174.4775390625
v 331.653564453125 47.529296875 1174.4775390625
v 324.0 47.529296875 1176.0
v 324.0 16.0 1176.0
v 327.90185546875 16.0 1175.61572265625
v 327.90185546875 47.529296875 1175.61572265625
v 320.09814453125 47.529296875 1175.61572265625
v 320.09814453125 16.0 1175.61572265625
v 324.0 16.0 1176.0
v 324.0 47.529296875 1176.0
v 316.346435546875 47.529296875 1174.4775390625
v 316.346435546875 16.0 1174.4775390625
v 320.09814453125 16.0 1175.61572265625
v 320.09814453125 47.529296875 1175.61572265625
v 312.888671875 47.529296875 1172.62939453125
v 312.888671875 16.0 1172.62939453125
v 316.346435546875 16.0 1174.4775390625
v 316.346435546875 47.529296875 1174.4775390625
v 309.85791015625 47.529296875 1170.14208984375
v 309.85791015625 16.0 1170.14208984375
v 312.888671875 16.0 1172.62939453125
v 312.888671875 47.529296875 1172.62939453125
v 307.37060546875 47.529296875 1167.111328125
v 307.37060546875 16.0 1167.111328125
v 309.85791015625 16.0 1170.14208984375
v 309.85791015625 47.529296875 1170.14208984375
v 305.5224609375 47.529296875 1163.6533203125
v 305.5224609375 16.0 1163.6533203125
v 307.37060546875 16.0 1167.111328125
v 307.37060546875 47.529296875 1167.111328125
v 304.38427734375 47.529296875 1159.90185546875
v 304.38427734375 16.0 1159.90185546875
v 305.5224609375 16.0 1163.6533203125
v 305.5224609375 47.529296875 1163.6533203125
v 304.0 47.529296875 1156.0
v 304.0 16.0 1156.0
v 304.38427734375 16.0 1159.90185546875
v 304.38427734375 47.529296875 1159.90185546875
v 308.307373046875 128.0 1152.87841796875
v 308.307373046875 48.0 1152.87841796875
v 308.0 48.0 1156.0
v 308.0 128.0 1156.0
v 309.218017578125 128.0 1149.876953125
v 309.218017578125 48.0 1149.876953125
v 308.307373046875 48.0 1152.87841796875
v 308.307373046875 128.0 1152.87841796875
v 310.696533203125 128.0 1147.11083984375
v 310.696533203125 48.0 1147.11083984375
v 309.218017578125 48.0 1149.876953125
v 309.218017578125 128.0 1149.876953125
v 312.686279296875 128.0 1144.6865234375
v 312.686279296875 48.0 1144.6865234375
v 310.696533203125 48.0 1147.11083984375
v 310.696533203125 128.0 1147.11083984375
v 315.11083984375 128.0 1142.6962890625
v 315.11083984375 48.0 1142.6962890625
v 312.686279296875 48.0 1144.6865234375
v 312.686279296875 128.0 1144.6865234375
v 317.877197265625 128.0 1141.2177734375
v 317.877197265625 48.0 1141.2177734375
v 315.11083984375 48.0 1142.6962890625
v 315.11083984375 128.0 1142.6962890625
v 320.87841796875 128.0 1140.3076171875
v 320.87841796875 48.0 1140.3076171875
v 317.877197265625 48.0 1141.2177734375
v 317.877197265625 128.0 1141.2177734375
v 324.0 128.0 1140.0
v 324.0 48.0 1140.0
v 320.87841796875 48.0 1140.3076171875
v 320.87841796875 128.0 1140.3076171875
v 327.12158203125 128.0 1140.3076171875
v 327.12158203125 48.0 1140.3076171875
v 324.0 48.0 1140.0
v 324.0 128.0 1140.0
v 330.122802734375 128.0 1141.2177734375
v 330.122802734375 48.0 1141.2177734375
v 327.12158203125 48.0 1140.3076171875
v 327.12158203125 128.0 1140.3076171875
v 332.88916015625 128.0 1142.6962890625
v 332.88916015625 48.0 1142.6962890625
v 330.122802734375 48.0 1141.2177734375
v 330.122802734375 128.0 1141.2177734375
v 335.313720703125 128.0 1144.6865234375
v 335.313720703125 48.0 1144.6865234375
v 332.88916015625 48.0 1142.6962890625
v 332.88916015625 128.0 1142.6962890625
v 337.303466796875 128.0 1147.11083984375
v 337.303466796875 48.0 1147.11083984375
v 335.313720703125 48.0 1144.6865234375
v 335.313720703125 128.0 1144.6865234375
v 338.781982421875 128.0 1149.876953125
v 338.781982421875 48.0 1149.876953125
v 337.303466796875 48.0 1147.11083984375
v 337.303466796875 128.0 1147.11083984375
v 339.692626953125 128.0 1152.87841796875
v 339.692626953125 48.0 1152.87841796875
v 338.781982421875 48.0 1149.876953125
v 338.781982421875 128.0 1149.876953125
v 340.0 128.0 1156.0
v 340.0 48.0 1156.0
v 339.692626953125 48.0 1152.87841796875
v 339.692626953125 128.0 1152.87841796875
v 339.692626953125 128.0 1159.12158203125
v 339.692626953125 48.0 1159.12158203125
v 340.0 48.0 1156.0
v 340.0 128.0 1156.0
v 338.781982421875 128.0 1162.123046875
v 338.781982421875 48.0 1162.123046875
v 339.692626953125 48.0 1159.12158203125
v 339.692626953125 128.0 1159.12158203125
v 337.303466796875 128.0 1164.88916015625
v 337.303466796875 48.0 1164.88916015625
v 338.781982421875 48.0 1162.123046875
v 338.781982421875 128.0 1162.123046875
v 335.313720703125 128.0 1167.3134765625
v 335.313720703125 48.0 1167.3134765625
v 337.303466796875 48.0 1164.88916015625
v 337.303466796875 128.0 1164.88916015625
v 332.88916015625 128.0 1169.3037109375
v 332.88916015625 48.0 1169.3037109375
v 335.313720703125 48.0 1167.3134765625
v 335.313720703125 128.0 1167.3134765625
v 330.122802734375 128.0 1170.7822265625
v 330.122802734375 48.0 1170.7822265625
v 332.88916015625 48.0 1169.3037109375
v 332.88916015625 128.0 1169.3037109375
v 327.12158203125 128.0 1171.6923828125
v 327.12158203125 48.0 1171.6923828125
v 330.122802734375 48.0 1170.7822265625
v 330.122802734375 128.0 1170.7822265625
v 324.0 128.0 1172.0
v 324.0 48.0 1172.0
v 327.12158203125 48.0 1171.6923828125
v 327.12158203125 128.0 1171.6923828125
v 320.87841796875 128.0 1171.6923828125
v 320.87841796875 48.0 1171.6923828125
v 324.0 48.0 1172.0
v 324.0 128.0 1172.0
v 317.877197265625 128.0 1170.7822265625
v 317.877197265625 48.0 1170.7822265625
v 320.87841796875 48.0 1171.6923828125
v 320.87841796875 128.0 1171.6923828125
v 315.11083984375 128.0 1169.3037109375
v 315.11083984375 48.0 1169.3037109375
v 317.877197265625 48.0 1170.7822265625
v 317.877197265625 128.0 1170.7822265625
v 312.686279296875 128.0 1167.3134765625
v 312.686279296875 48.0 1167.3134765625
v 315.11083984375 48.0 1169.3037109375
v 315.11083984375 128.0 1169.3037109375
v 310.696533203125 128.0 1164.88916015625
v 310.696533203125 48.0 1164.88916015625
v 312.686279296875 48.0 1167.3134765625
v 312.686279296875 128.0 1167.3134765625
v 309.218017578125 128.0 1162.123046875
v 309.218017578125 48.0 1162.123046875
v 310.696533203125 48.0 1164.88916015625
v 310.696533203125 128.0 1164.88916015625
v 308.307373046875 128.0 1159.12158203125
v 308.307373046875 48.0 1159.12158203125
v 309.218017578125 48.0 1162.123046875
v 309.218017578125 128.0 1162.123046875
v 308.0 128.0 1156.0
v 308.0 48.0 1156.0
v 308.307373046875 48.0 1159.12158203125
v 308.307373046875 128.0 1159.12158203125
v 296.5380859375 137.462646484375 1272.0
v 296.5380859375 137.462646484375 576.0
v 296.0 132.0 576.0
v 296.0 132.0 1272.0
v 298.13134765625 142.715087890625 1272.0
v 298.13134765625 142.715087890625 576.0
v 296.5380859375 137.462646484375 576.0
v 296.5380859375 137.462646484375 1272.0
v 300.718994140625 147.55615234375 1272.0
v 300.718994140625 147.55615234375 576.0
v 298.13134765625 142.715087890625 576.0
v 298.13134765625 142.715087890625 1272.0
v 304.200927734375 151.799072265625 1272.0
v 304.200927734375 151.799072265625 576.0
v 300.718994140625 147.55615234375 576.0
v 300.718994140625 147.55615234375 1272.0
v 308.44384765625 155.281005859375 1272.0
v 308.44384765625 155.281005859375 576.0
v 304.200927734375 151.799072265625 576.0
v 304.200927734375 151.799072265625 1272.0
v 313.284912109375 157.86865234375 1272.0
v 313.284912109375 157.86865234375 576.0
v 308.44384765625 155.281005859375 576.0
v 308.44384765625 155.281005859375 1272.0
v 318.537353515625 159.4619140625 1272.0
v 318.537353515625 159.4619140625 576.0
v 313.284912109375 157.86865234375 576.0
v 313.284912109375 157.86865234375 1272.0
v 324.0 160.0 1272.0
v 324.0 160.0 576.0
v 318.537353515625 159.4619140625 576.0
v 318.537353515625 159.4619140625 1272.0
v 329.462646484375 159.4619140625 1272.0
v 329.462646484375 159.4619140625 576.0
v 324.0 160.0 576.0
v 324.0 160.0 1272.0
v 334.715087890625 157.86865234375 1272.0
v 334.715087890625 157.86865234375 576.0
v 329.462646484375 159.4619140625 576.0
v 329.462646484375 159.4619140625 1272.0
v 339.55615234375 155.281005859375 1272.0
v 339.55615234375 155.281005859375 576.0
v 334.715087890625 157.86865234375 576.0
v 334.715087890625 157.86865234375 1272.0
v 343.799072265625 151.799072265625 1272.0
v 343.799072265625 151.799072265625 576.0
v 339.55615234375 155.281005859375 576.0
v 339.55615234375 155.281005859375 1272.0
v 347.281005859375 147.55615234375 1272.0
v 347.281005859375 147.55615234375 576.0
v 343.799072265625 151.799072265625 576.0
v 343.799072265625 151.799072265625 1272.0
v 349.86865234375 142.715087890625 1272.0
v 349.86865234375 142.715087890625 576.0
v 347.281005859375 147.55615234375 576.0
v 347.281005859375 147.55615234375 1272.0
v 351.4619140625 137.462646484375 1272.0
v 351.4619140625 137.462646484375 576.0
v 349.86865234375 142.715087890625 576.0
v 349.86865234375 142.715087890625 1272.0
v 352.0 132.0 1272.0
v 352.0 132.0 576.0
v 351.4619140625 137.462646484375 576.0
v 351.4619140625 137.462646484375 1272.0
v 351.4619140625 126.537353515625 1272.0
v 351.4619140625 126.537353515625 576.0
v 352.0 132.0 576.0
v 352.0 132.0 1272.0
v 349.86865234375 121.284912109375 1272.0
v 349.86865234375 121.284912109375 576.0
v 351.4619140625 126.537353515625 576.0
v 351.4619140625 126.537353515625 1272.0
v 347.281005859375 116.44384765625 1272.0
v 347.281005859375 116.44384765625 576.0
v 349.86865234375 121.284912109375 576.0
v 349.86865234375 121.284912109375 1272.0
v 343.799072265625 112.200927734375 1272.0
v 343.799072265625 112.200927734375 576.0
v 347.281005859375 116.44384765625 576.0
v 347.281005859375 116.44384765625 1272.0
v 339.55615234375 108.718994140625 1272.0
v 339.55615234375 108.718994140625 576.0
v 343.799072265625 112.200927734375 576.0
v 343.799072265625 112.200927734375 1272.0
v 334.715087890625 106.13134765625 1272.0
v 334.715087890625 106.13134765625 576.0
v 339.55615234375 108.718994140625 576.0
v 339.55615234375 108.718994140625 1272.0
v 329.462646484375 104.5380859375 1272.0
v 329.462646484375 104.5380859375 576.0
v 334.715087890625 106.13134765625 576.0
v 334.715087890625 106.13134765625 1272.0
v 324.0 104.0 1272.0
v 324.0 104.0 576.0
v 329.462646484375 104.5380859375 576.0
v 329.462646484375 104.5380859375 1272.0
v 318.537353515625 104.5380859375 1272.0
v 318.537353515625 104.5380859375 576.0
v 324.0 104.0 576.0
v 324.0 104.0 1272.0
v 313.284912109375 106.13134765625 1272.0
v 313.284912109375 106.13134765625 576.0
v 318.537353515625 104.5380859375 576.0
v 318.537353515625 104.5380859375 1272.0
v 308.44384765625 108.718994140625 1272.0
v 308.44384765625 108.718994140625 576.0
v 313.284912109375 106.13134765625 576.0
v 313.284912109375 106.13134765625 1272.0
v 304.200927734375 112.200927734375 1272.0
v 304.200927734375 112.200927734375 576.0
v 308.44384765625 108.718994140625 576.0
v 308.44384765625 108.718994140625 1272.0
v 300.718994140625 116.44384765625 1272.0
v 300.718994140625 116.44384765625 576.0
v 304.200927734375 112.200927734375 576.0
v 304.200927734375 112.200927734375 1272.0
v 298.13134765625 121.284912109375 1272.0
v 298.13134765625 121.284912109375 576.0
v 300.718994140625 116.44384765625 576.0
v 300.718994140625 116.44384765625 1272.0
v 296.5380859375 126.537353515625 1272.0
v 296.5380859375 126.537353515625 576.0
v 298.13134765625 121.284912109375 576.0
v 298.13134765625 121.284912109375 1272.0
v 296.0 132.0 1272.0
v 296.0 132.0 576.0
v 296.5380859375 126.537353515625 576.0
v 296.5380859375 126.537353515625 1272.0
v 292.0 168.0 576.0
v 292.0 96.0 576.0
v 356.0 96.0 576.0
v 356.0 168.0 576.0
v 292.0 96.0 520.0
v 292.0 168.0 520.0
v 356.0 168.0 520.0
v 356.0 96.0 520.0
v 292.0 96.0 520.0
v 356.0 96.0 520.0
v 356.0 96.0 576.0
v 292.0 96.0 576.0
v 356.0 168.0 520.0
v 292.0 168.0 520.0
v 292.0 168.0 576.0
v 356.0 168.0 576.0
v 356.0 168.0 520.0
v 356.0 168.0 576.0
v 356.0 96.0 576.0
v 356.0 96.0 520.0
v 292.0 168.0 576.0
v 292.0 168.0 520.0
v 292.0 96.0 520.0
v 292.0 96.0 576.0
v 292.0 96.0 1272.0
v 292.0 168.0 1272.0
v 356.0 168.0 1272.0
v 356.0 96.0 1272.0
v 292.0 96.0 1272.0
v 356.0 96.0 1272.0
v 356.0 96.0 1280.0
v 292.0 96.0 1280.0
v 356.0 168.0 1272.0
v 292.0 168.0 1272.0
v 292.0 168.0 1280.0
v 356.0 168.0 1280.0
v 356.0 168.0 1272.0
v 356.0 168.0 1280.0
v 356.0 96.0 1280.0
v 356.0 96.0 1272.0
v 292.0 168.0 1280.0
v 292.0 168.0 1272.0
v 292.0 96.0 1272.0
v 292.0 96.0 1280.0
v 341.5 412.0 219.86209106445312
v 341.5 410.0 219.86209106445312
v 341.5 410.0 36.137969970703125
v 341.5 412.0 36.137969970703125
v -309.5 410.0 219.86209106445312
v -309.5 412.0 219.86209106445312
v -309.5 412.0 36.137969970703125
v -309.5 410.0 36.137969970703125
v -309.5 410.0 219.86209106445312
v -309.5 410.0 36.137969970703125
v 341.5 410.0 36.137969970703125
v 341.5 410.0 219.86209106445312
v -309.5 412.0 36.137969970703125
v 341.5 412.0 36.137969970703125
v 341.5 410.0 36.137969970703125
v -309.5 410.0 36.137969970703125
v 341.5 412.0 219.86209106445312
v -309.5 412.0 219.86209106445312
v -309.5 410.0 219.86209106445312
v 341.5 410.0 219.86209106445312
v 341.5 414.0 36.137725830078125
v 341.5 406.0 36.137725830078125
v 341.5 406.0 26.207061767578125
v 341.5 414.0 26.207061767578125
v -309.5 406.0 36.137725830078125
v -309.5 414.0 36.137725830078125
v -309.5 414.0 26.207061767578125
v -309.5 406.0 26.207061767578125
v -309.5 406.0 36.137725830078125
v -309.5 406.0 26.207061767578125
v 341.5 406.0 26.207061767578125
v 341.5 406.0 36.137725830078125
v -309.5 414.0 26.207061767578125
v -309.5 414.0 36.137725830078125
v 341.5 414.0 36.137725830078125
v 341.5 414.0 26.207061767578125
v -309.5 414.0 26.207061767578125
v 341.5 414.0 26.207061767578125
v 341.5 406.0 26.207061767578125
v -309.5 406.0 26.207061767578125
v 341.5 414.0 36.137725830078125
v -309.5 414.0 36.137725830078125
v -309.5 406.0 36.137725830078125
v 341.5 406.0 36.137725830078125
v 341.5 414.0 229.79299926757812
v 341.5 406.0 229.79299926757812
v 341.5 406.0 219.86233520507812
v 341.5 414.0 219.86233520507812
v -309.5 406.0 229.79299926757812
v -309.5 414.0 229.79299926757812
v -309.5 414.0 219.86233520507812
v -309.5 406.0 219.86233520507812
v -309.5 406.0 229.79299926757812
v -309.5 406.0 219.86233520507812
v 341.5 406.0 219.86233520507812
v 341.5 406.0 229.79299926757812
v -309.5 414.0 219.86233520507812
v -309.5 414.0 229.79299926757812
v 341.5 414.0 229.79299926757812
v 341.5 414.0 219.86233520507812
v -309.5 414.0 219.86233520507812
v 341.5 414.0 219.86233520507812
v 341.5 406.0 219.86233520507812
v -309.5 406.0 219.86233520507812
v 341.5 414.0 229.79299926757812
v -309.5 414.0 229.79299926757812
v -309.5 406.0 229.79299926757812
v 341.5 406.0 229.79299926757812
v 352.0 414.0 272.0
v 352.0 406.0 272.0
v 352.0 406.0 -16.0
v 352.0 414.0 -16.0
v 341.5 406.0 272.0
v 341.5 414.0 272.0
v 341.5 414.0 -16.0
v 341.5 406.0 -16.0
v 341.5 406.0 272.0
v 341.5 406.0 -16.0
v 352.0 406.0 -16.0
v 352.0 406.0 272.0
v 341.5 414.0 -16.0
v 341.5 414.0 272.0
v 352.0 414.0 272.0
v 352.0 414.0 -16.0
v 341.5 414.0 -16.0
v 352.0 414.0 -16.0
v 352.0 406.0 -16.0
v 341.5 406.0 -16.0
v 352.0 414.0 272.0
v 341.5 414.0 272.0
v 341.5 406.0 272.0
v 352.0 406.0 272.0
v -309.5 414.0 272.0
v -309.5 406.0 272.0
v -309.5 406.0 -16.0
v -309.5 414.0 -16.0
v -320.0 406.0 272.0
v -320.0 414.0 272.0
v -320.0 414.0 -16.0
v -320.0 406.0 -16.0
v -320.0 406.0 272.0
v -320.0 406.0 -16.0
v -309.5 406.0 -16.0
v -309.5 406.0 272.0
v -320.0 414.0 -16.0
v -320.0 414.0 272.0
v -309.5 414.0 272.0
v -309.5 414.0 -16.0
v -320.0 414.0 -16.0
v -309.5 414.0 -16.0
v -309.5 406.0 -16.0
v -320.0 406.0 -16.0
v -309.5 414.0 272.0
v -320.0 414.0 272.0
v -320.0 406.0 272.0
v -309.5 406.0 272.0
v 341.5 412.0 603.862060546875
v 341.5 410.0 603.862060546875
v 341.5 410.0 420.137939453125
v 341.5 412.0 420.137939453125
v -309.5 410.0 603.862060546875
v -309.5 412.0 603.862060546875
v -309.5 412.0 420.137939453125
v -309.5 410.0 420.137939453125
v -309.5 410.0 603.862060546875
v -309.5 410.0 420.137939453125
v 341.5 410.0 420.137939453125
v 341.5 410.0 603.862060546875
v -309.5 412.0 420.137939453125
v 341.5 412.0 420.137939453125
v 341.5 410.0 420.137939453125
v -309.5 410.0 420.137939453125
v 341.5 412.0 603.862060546875
v -309.5 412.0 603.862060546875
v -309.5 410.0 603.862060546875
v 341.5 410.0 603.862060546875
v 341.5 414.0 420.1376953125
v 341.5 406.0 420.1376953125
v 341.5 406.0 410.20703125
v 341.5 414.0 410.20703125
v -309.5 406.0 420.1376953125
v -309.5 414.0 420.1376953125
v -309.5 414.0 410.20703125
v -309.5 406.0 410.20703125
v -309.5 406.0 420.1376953125
v -309.5 406.0 410.20703125
v 341.5 406.0 410.20703125
v 341.5 406.0 420.1376953125
v -309.5 414.0 410.20703125
v -309.5 414.0 420.1376953125
v 341.5 414.0 420.1376953125
v 341.5 414.0 410.20703125
v -309.5 414.0 410.20703125
v 341.5 414.0 410.20703125
v 341.5 406.0 410.20703125
v -309.5 406.0 410.20703125
v 341.5 414.0 420.1376953125
v -309.5 414.0 420.1376953125
v -309.5 406.0 420.1376953125
v 341.5 406.0 420.1376953125
v 341.5 414.0 613.79296875
v 341.5 406.0 613.79296875
v 341.5 406.0 603.8623046875
v 341.5 414.0 603.8623046875
v -309.5 406.0 613.79296875
v -309.5 414.0 613.79296875
v -309.5 414.0 603.8623046875
v -309.5 406.0 603.8623046875
v -309.5 406.0 613.79296875
v -309.5 406.0 603.8623046875
v 341.5 406.0 603.8623046875
v 341.5 406.0 613.79296875
v -309.5 414.0 603.8623046875
v -309.5 414.0 613.79296875
v 341.5 414.0 613.79296875
v 341.5 414.0 603.8623046875
v -309.5 414.0 603.8623046875
v 341.5 414.0 603.8623046875
v 341.5 406.0 603.8623046875
v -309.5 406.0 603.8623046875
v 341.5 414.0 613.79296875
v -309.5 414.0 613.79296875
v -309.5 406.0 613.79296875
v 341.5 406.0 613.79296875
v 352.0 414.0 656.0
v 352.0 406.0 656.0
v 352.0 406.0 368.0
v 352.0 414.0 368.0
v 341.5 406.0 656.0
v 341.5 414.0 656.0
v 341.5 414.0 368.0
v 341.5 406.0 368.0
v 341.5 406.0 656.0
v 341.5 406.0 368.0
v 352.0 406.0 368.0
v 352.0 406.0 656.0
v 341.5 414.0 368.0
v 341.5 414.0 656.0
v 352.0 414.0 656.0
v 352.0 414.0 368.0
v 341.5 414.0 368.0
v 352.0 414.0 368.0
v 352.0 406.0 368.0
v 341.5 406.0 368.0
v 352.0 414.0 656.0
v 341.5 414.0 656.0
v 341.5 406.0 656.0
v 352.0 406.0 656.0
v -309.5 414.0 656.0
v -309.5 406.0 656.0
v -309.5 406.0 368.0
v -309.5 414.0 368.0
v -320.0 406.0 656.0
v -320.0 414.0 656.0
v -320.0 414.0 368.0
v -320.0 406.0 368.0
v -320.0 406.0 656.0
v -320.0 406.0 368.0
v -309.5 406.0 368.0
v -309.5 406.0 656.0
v -320.0 414.0 368.0
v -320.0 414.0 656.0
v -309.5 414.0 656.0
v -309.5 414.0 368.0
v -320.0 414.0 368.0
v -309.5 414.0 368.0
v -309.5 406.0 368.0
v -320.0 406.0 368.0
v -309.5 414.0 656.0
v -320.0 414.0 656.0
v -320.0 406.0 656.0
v -309.5 406.0 656.0
v 341.5 412.0 987.8623046875
v 341.5 410.0 987.8623046875
v 341.5 410.0 804.1376953125
v 341.5 412.0 804.1376953125
v -309.5 410.0 987.8623046875
v -309.5 412.0 987.8623046875
v -309.5 412.0 804.1376953125
v -309.5 410.0 804.1376953125
v -309.5 410.0 987.8623046875
v -309.5 410.0 804.1376953125
v 341.5 410.0 804.1376953125
v 341.5 410.0 987.8623046875
v -309.5 412.0 804.1376953125
v 341.5 412.0 804.1376953125
v 341.5 410.0 804.1376953125
v -309.5 410.0 804.1376953125
v 341.5 412.0 987.8623046875
v -309.5 412.0 987.8623046875
v -309.5 410.0 987.8623046875
v 341.5 410.0 987.8623046875
v 341.5 414.0 804.1376953125
v 341.5 406.0 804.1376953125
v 341.5 406.0 794.20703125
v 341.5 414.0 794.20703125
v -309.5 406.0 804.1376953125
v -309.5 414.0 804.1376953125
v -309.5 414.0 794.20703125
v -309.5 406.0 794.20703125
v -309.5 406.0 804.1376953125
v -309.5 406.0 794.20703125
v 341.5 406.0 794.20703125
v 341.5 406.0 804.1376953125
v -309.5 414.0 794.20703125
v -309.5 414.0 804.1376953125
v 341.5 414.0 804.1376953125
v 341.5 414.0 794.20703125
v -309.5 414.0 794.20703125
v 341.5 414.0 794.20703125
v 341.5 406.0 794.20703125
v -309.5 406.0 794.20703125
v 341.5 414.0 804.1376953125
v -309.5 414.0 804.1376953125
v -309.5 406.0 804.1376953125
v 341.5 406.0 804.1376953125
v 341.5 414.0 997.79296875
v 341.5 406.0 997.79296875
v 341.5 406.0 987.8623046875
v 341.5 414.0 987.8623046875
v -309.5 406.0 997.79296875
v -309.5 414.0 997.79296875
v -309.5 414.0 987.8623046875
v -309.5 406.0 987.8623046875
v -309.5 406.0 997.79296875
v -309.5 406.0 987.8623046875
v 341.5 406.0 987.8623046875
v 341.5 406.0 997.79296875
v -309.5 414.0 987.8623046875
v -309.5 414.0 997.79296875
v 341.5 414.0 997.79296875
v 341.5 414.0 987.8623046875
v -309.5 414.0 987.8623046875
v 341.5 414.0 987.8623046875
v 341.5 406.0 987.8623046875
v -309.5 406.0 987.8623046875
v 341.5 414.0 997.79296875
v -309.5 414.0 997.79296875
v -309.5 406.0 997.79296875
v 341.5 406.0 997.79296875
v 352.0 414.0 1040.0
v 352.0 406.0 1040.0
v 352.0 406.0 752.0
v 352.0 414.0 752.0
v 341.5 406.0 1040.0
v 341.5 414.0 1040.0
v 341.5 414.0 752.0
v 341.5 406.0 752.0
v 341.5 406.0 1040.0
v 341.5 406.0 752.0
v 352.0 406.0 752.0
v 352.0 406.0 1040.0
v 341.5 414.0 752.0
v 341.5 414.0 1040.0
v 352.0 414.0 1040.0
v 352.0 414.0 752.0
v 341.5 414.0 752.0
v 352.0 414.0 752.0
v 352.0 406.0 752.0
v 341.5 406.0 752.0
v 352.0 414.0 1040.0
v 341.5 414.0 1040.0
v 341.5 406.0 1040.0
v 352.0 406.0 1040.0
v -309.5 414.0 1040.0
v -309.5 406.0 1040.0
v -309.5 406.0 752.0
v -309.5 414.0 752.0
v -320.0 406.0 1040.0
v -320.0 414.0 1040.0
v -320.0 414.0 752.0
v -320.0 406.0 752.0
v -320.0 406.0 1040.0
v -320.0 406.0 752.0
v -309.5 406.0 752.0
v -309.5 406.0 1040.0
v -320.0 414.0 752.0
v -320.0 414.0 1040.0
v -309.5 414.0 1040.0
v -309.5 414.0 752.0
v -320.0 414.0 752.0
v -309.5 414.0 752.0
v -309.5 406.0 752.0
v -320.0 406.0 752.0
v -309.5 414.0 1040.0
v -320.0 414.0 1040.0
v -320.0 406.0 1040.0
v -309.5 406.0 1040.0
v 305.5224609375 199.529296875 540.3466796875
v 304.38427734375 199.529296875 544.09814453125
v 304.0 199.529296875 548.0
v 307.37060546875 199.529296875 536.888671875
v 309.85791015625 199.529296875 533.85791015625
v 312.888671875 199.529296875 531.37060546875
v 316.346435546875 199.529296875 529.5224609375
v 320.09814453125 199.529296875 528.38427734375
v 324.0 199.529296875 528.0
v 327.90185546875 199.529296875 528.38427734375
v 331.653564453125 199.529296875 529.5224609375
v 335.111328125 199.529296875 531.37060546875
v 338.14208984375 199.529296875 533.85791015625
v 340.62939453125 199.529296875 536.888671875
v 342.4775390625 199.529296875 540.3466796875
v 343.61572265625 199.529296875 544.09814453125
v 344.0 199.529296875 548.0
v 343.61572265625 199.529296875 551.90185546875
v 342.4775390625 199.529296875 555.6533203125
v 340.62939453125 199.529296875 559.111328125
v 338.14208984375 199.529296875 562.14208984375
v 335.111328125 199.529296875 564.62939453125
v 331.653564453125 199.529296875 566.4775390625
v 327.90185546875 199.529296875 567.61572265625
v 324.0 199.529296875 568.0
v 320.09814453125 199.529296875 567.61572265625
v 316.346435546875 199.529296875 566.4775390625
v 312.888671875 199.529296875 564.62939453125
v 309.85791015625 199.529296875 562.14208984375
v 307.37060546875 199.529296875 559.111328125
v 305.5224609375 199.529296875 555.6533203125
v 304.38427734375 199.529296875 551.90185546875
v 304.38427734375 199.529296875 544.09814453125
v 304.38427734375 168.0 544.09814453125
v 304.0 168.0 548.0
v 304.0 199.529296875 548.0
v 305.5224609375 199.529296875 540.3466796875
v 305.5224609375 168.0 540.3466796875
v 304.38427734375 168.0 544.09814453125
v 304.38427734375 199.529296875 544.09814453125
v 307.37060546875 199.529296875 536.888671875
v 307.37060546875 168.0 536.888671875
v 305.5224609375 168.0 540.3466796875
v 305.5224609375 199.529296875 540.3466796875
v 309.85791015625 199.529296875 533.85791015625
v 309.85791015625 168.0 533.85791015625
v 307.37060546875 168.0 536.888671875
v 307.37060546875 199.529296875 536.888671875
v 312.888671875 199.529296875 531.37060546875
v 312.888671875 168.0 531.37060546875
v 309.85791015625 168.0 533.85791015625
v 309.85791015625 199.529296875 533.85791015625
v 316.346435546875 199.529296875 529.5224609375
v 316.346435546875 168.0 529.5224609375
v 312.888671875 168.0 531.37060546875
v 312.888671875 199.529296875 531.37060546875
v 320.09814453125 199.529296875 528.38427734375
v 320.09814453125 168.0 528.38427734375
v 316.346435546875 168.0 529.5224609375
v 316.346435546875 199.529296875 529.5224609375
v 324.0 199.529296875 528.0
v 324.0 168.0 528.0
v 320.09814453125 168.0 528.38427734375
v 320.09814453125 199.529296875 528.38427734375
v 327.90185546875 199.529296875 528.38427734375
v 327.90185546875 168.0 528.38427734375
v 324.0 168.0 528.0
v 324.0 199.529296875 528.0
v 331.653564453125 199.529296875 529.5224609375
v 331.653564453125 168.0 529.5224609375
v 327.90185546875 168.0 528.38427734375
v 327.90185546875 199.529296875 528.38427734375
v 335.111328125 199.529296875 531.37060546875
v 335.111328125 168.0 531.37060546875
v 331.653564453125 168.0 529.5224609375
v 331.653564453125 199.529296875 529.5224609375
v 338.14208984375 199.529296875 533.85791015625
v 338.14208984375 168.0 533.85791015625
v 335.111328125 168.0 531.37060546875
v 335.111328125 199.529296875 531.37060546875
v 340.62939453125 199.529296875 536.888671875
v 340.62939453125 168.0 536.888671875
v 338.14208984375 168.0 533.85791015625
v 338.14208984375 199.529296875 533.85791015625
v 342.4775390625 199.529296875 540.3466796875
v 342.4775390625 168.0 540.3466796875
v 340.62939453125 168.0 536.888671875
v 340.62939453125 199.529296875 536.888671875
v 343.61572265625 199.529296875 544.09814453125
v 343.61572265625 168.0 544.09814453125
v 342.4775390625 168.0 540.3466796875
v 342.4775390625 199.529296875 540.3466796875
v 344.0 199.529296875 548.0
v 344.0 168.0 548.0
v 343.61572265625 168.0 544.09814453125
v 343.61572265625 199.529296875 544.09814453125
v 343.61572265625 199.529296875 551.90185546875
v 343.61572265625 168.0 551.90185546875
v 344.0 168.0 548.0
v 344.0 199.529296875 548.0
v 342.4775390625 199.529296875 555.6533203125
v 342.4775390625 168.0 555.6533203125
v 343.61572265625 168.0 551.90185546875
v 343.61572265625 199.529296875 551.90185546875
v 340.62939453125 199.529296875 559.111328125
v 340.62939453125 168.0 559.111328125
v 342.4775390625 168.0 555.6533203125
v 342.4775390625 199.529296875 555.6533203125
v 338.14208984375 199.529296875 562.14208984375
v 338.14208984375 168.0 562.14208984375
v 340.62939453125 168.0 559.111328125
v 340.62939453125 199.529296875 559.111328125
v 335.111328125 199.529296875 564.62939453125
v 335.111328125 168.0 564.62939453125
v 338.14208984375 168.0 562.14208984375
v 338.14208984375 199.529296875 562.14208984375
v 331.653564453125 199.529296875 566.4775390625
v 331.653564453125 168.0 566.4775390625
v 335.111328125 168.0 564.62939453125
v 335.111328125 199.529296875 564.62939453125
v 327.90185546875 199.529296875 567.61572265625
v 327.90185546875 168.0 567.61572265625
v 331.653564453125 168.0 566.4775390625
v 331.653564453125 199.529296875 566.4775390625
v 324.0 199.529296875 568.0
v 324.0 168.0 568.0
v 327.90185546875 168.0 567.61572265625
v 327.90185546875 199.529296875 567.61572265625
v 320.09814453125 199.529296875 567.61572265625
v 320.09814453125 168.0 567.61572265625
v 324.0 168.0 568.0
v 324.0 199.529296875 568.0
v 316.346435546875 199.529296875 566.4775390625
v 316.346435546875 168.0 566.4775390625
v 320.09814453125 168.0 567.61572265625
v 320.09814453125 199.529296875 567.61572265625
v 312.888671875 199.529296875 564.62939453125
v 312.888671875 168.0 564.62939453125
v 316.346435546875 168.0 566.4775390625
v 316.346435546875 199.529296875 566.4775390625
v 309.85791015625 199.529296875 562.14208984375
v 309.85791015625 168.0 562.14208984375
v 312.888671875 168.0 564.62939453125
v 312.888671875 199.529296875 564.62939453125
v 307.37060546875 199.529296875 559.111328125
v 307.37060546875 168.0 559.111328125
v 309.85791015625 168.0 562.14208984375
v 309.85791015625 199.529296875 562.14208984375
v 305.5224609375 199.529296875 555.6533203125
v 305.5224609375 168.0 555.6533203125
v 307.37060546875 168.0 559.111328125
v 307.37060546875 199.529296875 559.111328125
v 304.38427734375 199.529296875 551.90185546875
v 304.38427734375 168.0 551.90185546875
v 305.5224609375 168.0 555.6533203125
v 305.5224609375 199.529296875 555.6533203125
v 304.0 199.529296875 548.0
v 304.0 168.0 548.0
v 304.38427734375 168.0 551.90185546875
v 304.38427734375 199.529296875 551.90185546875
v 308.307373046875 416.0 544.87841796875
v 308.307373046875 200.0 544.87841796875
v 308.0 200.0 548.0
v 308.0 416.0 548.0
v 309.218017578125 416.0 541.876953125
v 309.218017578125 200.0 541.876953125
v 308.307373046875 200.0 544.87841796875
v 308.307373046875 416.0 544.87841796875
v 310.696533203125 416.0 539.11083984375
v 310.696533203125 200.0 539.11083984375
v 309.218017578125 200.0 541.876953125
v 309.218017578125 416.0 541.876953125
v 312.686279296875 416.0 536.6865234375
v 312.686279296875 200.0 536.6865234375
v 310.696533203125 200.0 539.11083984375
v 310.696533203125 416.0 539.11083984375
v 315.11083984375 416.0 534.6962890625
v 315.11083984375 200.0 534.6962890625
v 312.686279296875 200.0 536.6865234375
v 312.686279296875 416.0 536.6865234375
v 317.877197265625 416.0 533.2177734375
v 317.877197265625 200.0 533.2177734375
v 315.11083984375 200.0 534.6962890625
v 315.11083984375 416.0 534.6962890625
v 320.87841796875 416.0 532.3076171875
v 320.87841796875 200.0 532.3076171875
v 317.877197265625 200.0 533.2177734375
v 317.877197265625 416.0 533.2177734375
v 324.0 416.0 532.0
v 324.0 200.0 532.0
v 320.87841796875 200.0 532.3076171875
v 320.87841796875 416.0 532.3076171875
v 327.12158203125 416.0 532.3076171875
v 327.12158203125 200.0 532.3076171875
v 324.0 200.0 532.0
v 324.0 416.0 532.0
v 330.122802734375 416.0 533.2177734375
v 330.122802734375 200.0 533.2177734375
v 327.12158203125 200.0 532.3076171875
v 327.12158203125 416.0 532.3076171875
v 332.88916015625 416.0 534.6962890625
v 332.88916015625 200.0 534.6962890625
v 330.122802734375 200.0 533.2177734375
v 330.122802734375 416.0 533.2177734375
v 335.313720703125 416.0 536.6865234375
v 335.313720703125 200.0 536.6865234375
v 332.88916015625 200.0 534.6962890625
v 332.88916015625 416.0 534.6962890625
v 337.303466796875 416.0 539.11083984375
v 337.303466796875 200.0 539.11083984375
v 335.313720703125 200.0 536.6865234375
v 335.313720703125 416.0 536.6865234375
v 338.781982421875 416.0 541.876953125
v 338.781982421875 200.0 541.876953125
v 337.303466796875 200.0 539.11083984375
v 337.303466796875 416.0 539.11083984375
v 339.692626953125 416.0 544.87841796875
v 339.692626953125 200.0 544.87841796875
v 338.781982421875 200.0 541.876953125
v 338.781982421875 416.0 541.876953125
v 340.0 416.0 548.0
v 340.0 200.0 548.0
v 339.692626953125 200.0 544.87841796875
v 339.692626953125 416.0 544.87841796875
v 339.692626953125 416.0 551.12158203125
v 339.692626953125 200.0 551.12158203125
v 340.0 200.0 548.0
v 340.0 416.0 548.0
v 338.781982421875 416.0 554.123046875
v 338.781982421875 200.0 554.123046875
v 339.692626953125 200.0 551.12158203125
v 339.692626953125 416.0 551.12158203125
v 337.303466796875 416.0 556.88916015625
v 337.303466796875 200.0 556.88916015625
v 338.781982421875 200.0 554.123046875
v 338.781982421875 416.0 554.123046875
v 335.313720703125 416.0 559.3134765625
v 335.313720703125 200.0 559.3134765625
v 337.303466796875 200.0 556.88916015625
v 337.303466796875 416.0 556.88916015625
v 332.88916015625 416.0 561.3037109375
v 332.88916015625 200.0 561.3037109375
v 335.313720703125 200.0 559.3134765625
v 335.313720703125 416.0 559.3134765625
v 330.122802734375 416.0 562.7822265625
v 330.122802734375 200.0 562.7822265625
v 332.88916015625 200.0 561.3037109375
v 332.88916015625 416.0 561.3037109375
v 327.12158203125 416.0 563.6923828125
v 327.12158203125 200.0 563.6923828125
v 330.122802734375 200.0 562.7822265625
v 330.122802734375 416.0 562.7822265625
v 324.0 416.0 564.0
v 324.0 200.0 564.0
v 327.12158203125 200.0 563.6923828125
v 327.12158203125 416.0 563.6923828125
v 320.87841796875 416.0 563.6923828125
v 320.87841796875 200.0 563.6923828125
v 324.0 200.0 564.0
v 324.0 416.0 564.0
v 317.877197265625 416.0 562.7822265625
v 317.877197265625 200.0 562.7822265625
v 320.87841796875 200.0 563.6923828125
v 320.87841796875 416.0 563.6923828125
v 315.11083984375 416.0 561.3037109375
v 315.11083984375 200.0 561.3037109375
v 317.877197265625 200.0 562.7822265625
v 317.877197265625 416.0 562.7822265625
v 312.686279296875 416.0 559.3134765625
v 312.686279296875 200.0 559.3134765625
v 315.11083984375 200.0 561.3037109375
v 315.11083984375 416.0 561.3037109375
v 310.696533203125 416.0 556.88916015625
v 310.696533203125 200.0 556.88916015625
v 312.686279296875 200.0 559.3134765625
v 312.686279296875 416.0 559.3134765625
v 309.218017578125 416.0 554.123046875
v 309.218017578125 200.0 554.123046875
v 310.696533203125 200.0 556.88916015625
v 310.696533203125 416.0 556.88916015625
v 308.307373046875 416.0 551.12158203125
v 308.307373046875 200.0 551.12158203125
v 309.218017578125 200.0 554.123046875
v 309.218017578125 416.0 554.123046875
v 308.0 416.0 548.0
v 308.0 200.0 548.0
v 308.307373046875 200.0 551.12158203125
v 308.307373046875 416.0 551.12158203125
v -84.0 24.0 1168.0
v -84.0 16.0 1168.0
v -76.0 16.0 1168.0
v -76.0 24.0 1168.0
v -84.0 16.0 1160.0
v -84.0 24.0 1160.0
v -76.0 24.0 1160.0
v -76.0 16.0 1160.0
v -84.0 16.0 1160.0
v -76.0 16.0 1160.0
v -76.0 16.0 1168.0
v -84.0 16.0 1168.0
v -76.0 24.0 1160.0
v -84.0 24.0 1160.0
v -84.0 24.0 1168.0
v -76.0 24.0 1168.0
v -76.0 24.0 1160.0
v -76.0 24.0 1168.0
v -76.0 16.0 1168.0
v -76.0 16.0 1160.0
v -84.0 24.0 1168.0
v -84.0 24.0 1160.0
v -84.0 16.0 1160.0
v -84.0 16.0 1168.0
v -84.0 56.0 1168.0
v -84.0 48.0 1168.0
v -76.0 48.0 1168.0
v -76.0 56.0 1168.0
v -84.0 48.0 1160.0
v -84.0 56.0 1160.0
v -76.0 56.0 1160.0
v -76.0 48.0 1160.0
v -84.0 48.0 1160.0
v -76.0 48.0 1160.0
v -76.0 48.0 1168.0
v -84.0 48.0 1168.0
v -76.0 56.0 1160.0
v -84.0 56.0 1160.0
v -84.0 56.0 1168.0
v -76.0 56.0 1168.0
v -76.0 56.0 1160.0
v -76.0 56.0 1168.0
v -76.0 48.0 1168.0
v -76.0 48.0 1160.0
v -84.0 56.0 1168.0
v -84.0 56.0 1160.0
v -84.0 48.0 1160.0
v -84.0 48.0 1168.0
v -84.0 56.0 1160.0
v -84.0 16.0 1160.0
v -76.0 16.0 1160.0
v -76.0 56.0 1160.0
v -84.0 16.0 1156.0
v -84.0 56.0 1156.0
v -76.0 56.0 1156.0
v -76.0 16.0 1156.0
v -84.0 16.0 1156.0
v -76.0 16.0 1156.0
v -76.0 16.0 1160.0
v -84.0 16.0 1160.0
v -76.0 56.0 1156.0
v -84.0 56.0 1156.0
v -84.0 56.0 1160.0
v -76.0 56.0 1160.0
v -76.0 56.0 1156.0
v -76.0 56.0 1160.0
v -76.0 16.0 1160.0
v -76.0 16.0 1156.0
v -84.0 56.0 1160.0
v -84.0 56.0 1156.0
v -84.0 16.0 1156.0
v -84.0 16.0 1160.0
v 80.0 196.0 1180.0
v 80.0 -160.0 1180.0
v 88.0 -160.0 1180.0
v 88.0 196.0 1180.0
v 80.0 -160.0 1172.0
v 80.0 196.0 1172.0
v 88.0 196.0 1172.0
v 88.0 -160.0 1172.0
v 80.0 -160.0 1172.0
v 88.0 -160.0 1172.0
v 88.0 -160.0 1180.0
v 80.0 -160.0 1180.0
v 88.0 196.0 1172.0
v 80.0 196.0 1172.0
v 80.0 196.0 1180.0
v 88.0 196.0 1180.0
v 88.0 196.0 1172.0
v 88.0 196.0 1180.0
v 88.0 -160.0 1180.0
v 88.0 -160.0 1172.0
v 80.0 196.0 1180.0
v 80.0 196.0 1172.0
v 80.0 -160.0 1172.0
v 80.0 -160.0 1180.0
v -104.0 196.0 1180.0
v -104.0 -160.0 1180.0
v -96.0 -160.0 1180.0
v -96.0 196.0 1180.0
v -104.0 -160.0 1172.0
v -104.0 196.0 1172.0
v -96.0 196.0 1172.0
v -96.0 -160.0 1172.0
v -104.0 -160.0 1172.0
v -96.0 -160.0 1172.0
v -96.0 -160.0 1180.0
v -104.0 -160.0 1180.0
v -96.0 196.0 1172.0
v -104.0 196.0 1172.0
v -104.0 196.0 1180.0
v -96.0 196.0 1180.0
v -96.0 196.0 1172.0
v -96.0 196.0 1180.0
v -96.0 -160.0 1180.0
v -96.0 -160.0 1172.0
v -104.0 196.0 1180.0
v -104.0 196.0 1172.0
v -104.0 -160.0 1172.0
v -104.0 -160.0 1180.0
v -104.0 196.0 1280.0
v -104.0 -160.0 1280.0
v -96.0 -160.0 1280.0
v -96.0 196.0 1280.0
v -104.0 -160.0 1272.0
v -104.0 196.0 1272.0
v -96.0 196.0 1272.0
v -96.0 -160.0 1272.0
v -104.0 -160.0 1272.0
v -96.0 -160.0 1272.0
v -96.0 -160.0 1280.0
v -104.0 -160.0 1280.0
v -96.0 196.0 1272.0
v -104.0 196.0 1272.0
v -104.0 196.0 1280.0
v -96.0 196.0 1280.0
v -96.0 196.0 1272.0
v -96.0 196.0 1280.0
v -96.0 -160.0 1280.0
v -96.0 -160.0 1272.0
v -104.0 196.0 1280.0
v -104.0 196.0 1272.0
v -104.0 -160.0 1272.0
v -104.0 -160.0 1280.0
v 80.0 196.0 1280.0
v 80.0 -160.0 1280.0
v 88.0 -160.0 1280.0
v 88.0 196.0 1280.0
v 80.0 -160.0 1272.0
v 80.0 196.0 1272.0
v 88.0 196.0 1272.0
v 88.0 -160.0 1272.0
v 80.0 -160.0 1272.0
v 88.0 -160.0 1272.0
v 88.0 -160.0 1280.0
v 80.0 -160.0 1280.0
v 88.0 196.0 1272.0
v 80.0 196.0 1272.0
v 80.0 196.0 1280.0
v 88.0 196.0 1280.0
v 88.0 196.0 1272.0
v 88.0 196.0 1280.0
v 88.0 -160.0 1280.0
v 88.0 -160.0 1272.0
v 80.0 196.0 1280.0
v 80.0 196.0 1272.0
v 80.0 -160.0 1272.0
v 80.0 -160.0 1280.0
v 80.0 196.0 1272.0
v 80.0 188.0 1272.0
v 88.0 188.0 1272.0
v 88.0 196.0 1272.0
v 80.0 188.0 1180.0
v 80.0 196.0 1180.0
v 88.0 196.0 1180.0
v 88.0 188.0 1180.0
v 80.0 188.0 1180.0
v 88.0 188.0 1180.0
v 88.0 188.0 1272.0
v 80.0 188.0 1272.0
v 88.0 196.0 1180.0
v 80.0 196.0 1180.0
v 80.0 196.0 1272.0
v 88.0 196.0 1272.0
v 88.0 196.0 1180.0
v 88.0 196.0 1272.0
v 88.0 188.0 1272.0
v 88.0 188.0 1180.0
v 80.0 196.0 1272.0
v 80.0 196.0 1180.0
v 80.0 188.0 1180.0
v 80.0 188.0 1272.0
v -104.0 196.0 1272.0
v -104.0 188.0 1272.0
v -96.0 188.0 1272.0
v -96.0 196.0 1272.0
v -104.0 188.0 1180.0
v -104.0 196.0 1180.0
v -96.0 196.0 1180.0
v -96.0 188.0 1180.0
v -104.0 188.0 1180.0
v -96.0 188.0 1180.0
v -96.0 188.0 1272.0
v -104.0 188.0 1272.0
v -96.0 196.0 1180.0
v -104.0 196.0 1180.0
v -104.0 196.0 1272.0
v -96.0 196.0 1272.0
v -96.0 196.0 1180.0
v -96.0 196.0 1272.0
v -96.0 188.0 1272.0
v -96.0 188.0 1180.0
v -104.0 196.0 1272.0
v -104.0 196.0 1180.0
v -104.0 188.0 1180.0
v -104.0 188.0 1272.0
v 80.0 -152.0 1272.0
v 80.0 -160.0 1272.0
v 88.0 -160.0 1272.0
v 88.0 -152.0 1272.0
v 80.0 -160.0 1180.0
v 80.0 -152.0 1180.0
v 88.0 -152.0 1180.0
v 88.0 -160.0 1180.0
v 80.0 -160.0 1180.0
v 88.0 -160.0 1180.0
v 88.0 -160.0 1272.0
v 80.0 -160.0 1272.0
v 88.0 -152.0 1180.0
v 80.0 -152.0 1180.0
v 80.0 -152.0 1272.0
v 88.0 -152.0 1272.0
v 88.0 -152.0 1180.0
v 88.0 -152.0 1272.0
v 88.0 -160.0 1272.0
v 88.0 -160.0 1180.0
v 80.0 -152.0 1272.0
v 80.0 -152.0 1180.0
v 80.0 -160.0 1180.0
v 80.0 -160.0 1272.0
v -104.0 -152.0 1272.0
v -104.0 -160.0 1272.0
v -96.0 -160.0 1272.0
v -96.0 -152.0 1272.0
v -104.0 -160.0 1180.0
v -104.0 -152.0 1180.0
v -96.0 -152.0 1180.0
v -96.0 -160.0 1180.0
v -104.0 -160.0 1180.0
v -96.0 -160.0 1180.0
v -96.0 -160.0 1272.0
v -104.0 -160.0 1272.0
v -96.0 -152.0 1180.0
v -104.0 -152.0 1180.0
v -104.0 -152.0 1272.0
v -96.0 -152.0 1272.0
v -96.0 -152.0 1180.0
v -96.0 -152.0 1272.0
v -96.0 -160.0 1272.0
v -96.0 -160.0 1180.0
v -104.0 -152.0 1272.0
v -104.0 -152.0 1180.0
v -104.0 -160.0 1180.0
v -104.0 -160.0 1272.0
v -96.0 196.0 1180.0
v -96.0 188.0 1180.0
v 80.0 188.0 1180.0
v 80.0 196.0 1180.0
v -96.0 188.0 1172.0
v -96.0 196.0 1172.0
v 80.0 196.0 1172.0
v 80.0 188.0 1172.0
v -96.0 188.0 1172.0
v 80.0 188.0 1172.0
v 80.0 188.0 1180.0
v -96.0 188.0 1180.0
v 80.0 196.0 1172.0
v -96.0 196.0 1172.0
v -96.0 196.0 1180.0
v 80.0 196.0 1180.0
v 80.0 196.0 1172.0
v 80.0 196.0 1180.0
v 80.0 188.0 1180.0
v 80.0 188.0 1172.0
v -96.0 196.0 1180.0
v -96.0 196.0 1172.0
v -96.0 188.0 1172.0
v -96.0 188.0 1180.0
v -96.0 196.0 1280.0
v -96.0 188.0 1280.0
v 80.0 188.0 1280.0
v 80.0 196.0 1280.0
v -96.0 188.0 1272.0
v -96.0 196.0 1272.0
v 80.0 196.0 1272.0
v 80.0 188.0 1272.0
v -96.0 188.0 1272.0
v 80.0 188.0 1272.0
v 80.0 188.0 1280.0
v -96.0 188.0 1280.0
v 80.0 196.0 1272.0
v -96.0 196.0 1272.0
v -96.0 196.0 1280.0
v 80.0 196.0 1280.0
v 80.0 196.0 1272.0
v 80.0 196.0 1280.0
v 80.0 188.0 1280.0
v 80.0 188.0 1272.0
v -96.0 196.0 1280.0
v -96.0 196.0 1272.0
v -96.0 188.0 1272.0
v -96.0 188.0 1280.0
v -284.0 -40.0 1168.0
v -284.0 -48.0 1168.0
v -276.0 -48.0 1168.0
v -276.0 -40.0 1168.0
v -284.0 -48.0 1160.0
v -284.0 -40.0 1160.0
v -276.0 -40.0 1160.0
v -276.0 -48.0 1160.0
v -284.0 -48.0 1160.0
v -276.0 -48.0 1160.0
v -276.0 -48.0 1168.0
v -284.0 -48.0 1168.0
v -276.0 -40.0 1160.0
v -284.0 -40.0 1160.0
v -284.0 -40.0 1168.0
v -276.0 -40.0 1168.0
v -276.0 -40.0 1160.0
v -276.0 -40.0 1168.0
v -276.0 -48.0 1168.0
v -276.0 -48.0 1160.0
v -284.0 -40.0 1168.0
v -284.0 -40.0 1160.0
v -284.0 -48.0 1160.0
v -284.0 -48.0 1168.0
v -284.0 -8.0 1168.0
v -284.0 -16.0 1168.0
v -276.0 -16.0 1168.0
v -276.0 -8.0 1168.0
v -284.0 -16.0 1160.0
v -284.0 -8.0 1160.0
v -276.0 -8.0 1160.0
v -276.0 -16.0 1160.0
v -284.0 -16.0 1160.0
v -276.0 -16.0 1160.0
v -276.0 -16.0 1168.0
v -284.0 -16.0 1168.0
v -276.0 -8.0 1160.0
v -284.0 -8.0 1160.0
v -284.0 -8.0 1168.0
v -276.0 -8.0 1168.0
v -276.0 -8.0 1160.0
v -276.0 -8.0 1168.0
v -276.0 -16.0 1168.0
v -276.0 -16.0 1160.0
v -284.0 -8.0 1168.0
v -284.0 -8.0 1160.0
v -284.0 -16.0 1160.0
v -284.0 -16.0 1168.0
v -284.0 -8.0 1160.0
v -284.0 -48.0 1160.0
v -276.0 -48.0 1160.0
v -276.0 -8.0 1160.0
v -284.0 -48.0 1156.0
v -284.0 -8.0 1156.0
v -276.0 -8.0 1156.0
v -276.0 -48.0 1156.0
v -284.0 -48.0 1156.0
v -276.0 -48.0 1156.0
v -276.0 -48.0 1160.0
v -284.0 -48.0 1160.0
v -276.0 -8.0 1156.0
v -284.0 -8.0 1156.0
v -284.0 -8.0 1160.0
v -276.0 -8.0 1160.0
v -276.0 -8.0 1156.0
v -276.0 -8.0 1160.0
v -276.0 -48.0 1160.0
v -276.0 -48.0 1156.0
v -284.0 -8.0 1160.0
v -284.0 -8.0 1156.0
v -284.0 -48.0 1156.0
v -284.0 -48.0 1160.0
v -120.0 64.0 1180.0
v -120.0 -160.0 1180.0
v -112.0 -160.0 1180.0
v -112.0 64.0 1180.0
v -120.0 -160.0 1172.0
v -120.0 64.0 1172.0
v -112.0 64.0 1172.0
v -112.0 -160.0 1172.0
v -120.0 -160.0 1172.0
v -112.0 -160.0 1172.0
v -112.0 -160.0 1180.0
v -120.0 -160.0 1180.0
v -112.0 64.0 1172.0
v -120.0 64.0 1172.0
v -120.0 64.0 1180.0
v -112.0 64.0 1180.0
v -112.0 64.0 1172.0
v -112.0 64.0 1180.0
v -112.0 -160.0 1180.0
v -112.0 -160.0 1172.0
v -120.0 64.0 1180.0
v -120.0 64.0 1172.0
v -120.0 -160.0 1172.0
v -120.0 -160.0 1180.0
v -304.0 64.0 1180.0
v -304.0 -160.0 1180.0
v -296.0 -160.0 1180.0
v -296.0 64.0 1180.0
v -304.0 -160.0 1172.0
v -304.0 64.0 1172.0
v -296.0 64.0 1172.0
v -296.0 -160.0 1172.0
v -304.0 -160.0 1172.0
v -296.0 -160.0 1172.0
v -296.0 -160.0 1180.0
v -304.0 -160.0 1180.0
v -296.0 64.0 1172.0
v -304.0 64.0 1172.0
v -304.0 64.0 1180.0
v -296.0 64.0 1180.0
v -296.0 64.0 1172.0
v -296.0 64.0 1180.0
v -296.0 -160.0 1180.0
v -296.0 -160.0 1172.0
v -304.0 64.0 1180.0
v -304.0 64.0 1172.0
v -304.0 -160.0 1172.0
v -304.0 -160.0 1180.0
v -304.0 64.0 1280.0
v -304.0 -160.0 1280.0
v -296.0 -160.0 1280.0
v -296.0 64.0 1280.0
v -304.0 -160.0 1272.0
v -304.0 64.0 1272.0
v -296.0 64.0 1272.0
v -296.0 -160.0 1272.0
v -304.0 -160.0 1272.0
v -296.0 -160.0 1272.0
v -296.0 -160.0 1280.0
v -304.0 -160.0 1280.0
v -296.0 64.0 1272.0
v -304.0 64.0 1272.0
v -304.0 64.0 1280.0
v -296.0 64.0 1280.0
v -296.0 64.0 1272.0
v -296.0 64.0 1280.0
v -296.0 -160.0 1280.0
v -296.0 -160.0 1272.0
v -304.0 64.0 1280.0
v -304.0 64.0 1272.0
v -304.0 -160.0 1272.0
v -304.0 -160.0 1280.0
v -120.0 64.0 1280.0
v -120.0 -160.0 1280.0
v -112.0 -160.0 1280.0
v -112.0 64.0 1280.0
v -120.0 -160.0 1272.0
v -120.0 64.0 1272.0
v -112.0 64.0 1272.0
v -112.0 -160.0 1272.0
v -120.0 -160.0 1272.0
v -112.0 -160.0 1272.0
v -112.0 -160.0 1280.0
v -120.0 -160.0 1280.0
v -112.0 64.0 1272.0
v -120.0 64.0 1272.0
v -120.0 64.0 1280.0
v -112.0 64.0 1280.0
v -112.0 64.0 1272.0
v -112.0 64.0 1280.0
v -112.0 -160.0 1280.0
v -112.0 -160.0 1272.0
v -120.0 64.0 1280.0
v -120.0 64.0 1272.0
v -120.0 -160.0 1272.0
v -120.0 -160.0 1280.0
v -120.0 64.0 1272.0
v -120.0 58.96630859375 1272.0
v -112.0 58.96630859375 1272.0
v -112.0 64.0 1272.0
v -120.0 58.96630859375 1180.0
v -120.0 64.0 1180.0
v -112.0 64.0 1180.0
v -112.0 58.96630859375 1180.0
v -120.0 58.96630859375 1180.0
v -112.0 58.96630859375 1180.0
v -112.0 58.96630859375 1272.0
v -120.0 58.96630859375 1272.0
v -112.0 64.0 1180.0
v -120.0 64.0 1180.0
v -120.0 64.0 1272.0
v -112.0 64.0 1272.0
v -112.0 64.0 1180.0
v -112.0 64.0 1272.0
v -112.0 58.96630859375 1272.0
v -112.0 58.96630859375 1180.0
v -120.0 64.0 1272.0
v -120.0 64.0 1180.0
v -120.0 58.96630859375 1180.0
v -120.0 58.96630859375 1272.0
v -304.0 64.0 1272.0
v -304.0 58.96630859375 1272.0
v -296.0 58.96630859375 1272.0
v -296.0 64.0 1272.0
v -304.0 58.96630859375 1180.0
v -304.0 64.0 1180.0
v -296.0 64.0 1180.0
v -296.0 58.96630859375 1180.0
v -304.0 58.96630859375 1180.0
v -296.0 58.96630859375 1180.0
v -296.0 58.96630859375 1272.0
v -304.0 58.96630859375 1272.0
v -296.0 64.0 1180.0
v -304.0 64.0 1180.0
v -304.0 64.0 1272.0
v -296.0 64.0 1272.0
v -296.0 64.0 1180.0
v -296.0 64.0 1272.0
v -296.0 58.96630859375 1272.0
v -296.0 58.96630859375 1180.0
v -304.0 64.0 1272.0
v -304.0 64.0 1180.0
v -304.0 58.96630859375 1180.0
v -304.0 58.96630859375 1272.0
v -120.0 -154.96630859375 1272.0
v -120.0 -160.0 1272.0
v -112.0 -160.0 1272.0
v -112.0 -154.96630859375 1272.0
v -120.0 -160.0 1180.0
v -120.0 -154.96630859375 1180.0
v -112.0 -154.96630859375 1180.0
v -112.0 -160.0 1180.0
v -120.0 -160.0 1180.0
v -112.0 -160.0 1180.0
v -112.0 -160.0 1272.0
v -120.0 -160.0 1272.0
v -112.0 -154.96630859375 1180.0
v -120.0 -154.96630859375 1180.0
v -120.0 -154.96630859375 1272.0
v -112.0 -154.96630859375 1272.0
v -112.0 -154.96630859375 1180.0
v -112.0 -154.96630859375 1272.0
v -112.0 -160.0 1272.0
v -112.0 -160.0 1180.0
v -120.0 -154.96630859375 1272.0
v -120.0 -154.96630859375 1180.0
v -120.0 -160.0 1180.0
v -120.0 -160.0 1272.0
v -304.0 -154.96630859375 1272.0
v -304.0 -160.0 1272.0
v -296.0 -160.0 1272.0
v -296.0 -154.96630859375 1272.0
v -304.0 -160.0 1180.0
v -304.0 -154.96630859375 1180.0
v -296.0 -154.96630859375 1180.0
v -296.0 -160.0 1180.0
v -304.0 -160.0 1180.0
v -296.0 -160.0 1180.0
v -296.0 -160.0 1272.0
v -304.0 -160.0 1272.0
v -296.0 -154.96630859375 1180.0
v -304.0 -154.96630859375 1180.0
v -304.0 -154.96630859375 1272.0
v -296.0 -154.96630859375 1272.0
v -296.0 -154.96630859375 1180.0
v -296.0 -154.96630859375 1272.0
v -296.0 -160.0 1272.0
v -296.0 -160.0 1180.0
v -304.0 -154.96630859375 1272.0
v -304.0 -154.96630859375 1180.0
v -304.0 -160.0 1180.0
v -304.0 -160.0 1272.0
v -296.0 64.0 1180.0
v -296.0 58.96630859375 1180.0
v -120.0 58.96630859375 1180.0
v -120.0 64.0 1180.0
v -296.0 58.96630859375 1172.0
v -296.0 64.0 1172.0
v -120.0 64.0 1172.0
v -120.0 58.96630859375 1172.0
v -296.0 58.96630859375 1172.0
v -120.0 58.96630859375 1172.0
v -120.0 58.96630859375 1180.0
v -296.0 58.96630859375 1180.0
v -120.0 64.0 1172.0
v -296.0 64.0 1172.0
v -296.0 64.0 1180.0
v -120.0 64.0 1180.0
v -120.0 64.0 1172.0
v -120.0 64.0 1180.0
v -120.0 58.96630859375 1180.0
v -120.0 58.96630859375 1172.0
v -296.0 64.0 1180.0
v -296.0 64.0 1172.0
v -296.0 58.96630859375 1172.0
v -296.0 58.96630859375 1180.0
v -296.0 64.0 1280.0
v -296.0 58.96630859375 1280.0
v -120.0 58.96630859375 1280.0
v -120.0 64.0 1280.0
v -296.0 58.96630859375 1272.0
v -296.0 64.0 1272.0
v -120.0 64.0 1272.0
v -120.0 58.96630859375 1272.0
v -296.0 58.96630859375 1272.0
v -120.0 58.96630859375 1272.0
v -120.0 58.96630859375 1280.0
v -296.0 58.96630859375 1280.0
v -120.0 64.0 1272.0
v -296.0 64.0 1272.0
v -296.0 64.0 1280.0
v -120.0 64.0 1280.0
v -120.0 64.0 1272.0
v -120.0 64.0 1280.0
v -120.0 58.96630859375 1280.0
v -120.0 58.96630859375 1272.0
v -296.0 64.0 1280.0
v -296.0 64.0 1272.0
v -296.0 58.96630859375 1272.0
v -296.0 58.96630859375 1280.0
v 308.0 27.0 1116.0
v 308.0 12.0 1116.0
v 332.0 12.0 1116.0
v 332.0 27.0 1116.0
v 308.0 12.0 744.0
v 308.0 27.0 744.0
v 332.0 27.0 744.0
v 332.0 12.0 744.0
v 308.0 12.0 744.0
v 332.0 12.0 744.0
v 332.0 12.0 1116.0
v 308.0 12.0 1116.0
v 332.0 27.0 744.0
v 308.0 27.0 744.0
v 308.0 27.0 1116.0
v 332.0 27.0 1116.0
v 332.0 27.0 744.0
v 332.0 27.0 1116.0
v 332.0 12.0 1116.0
v 332.0 12.0 744.0
v 308.0 27.0 1116.0
v 308.0 27.0 744.0
v 308.0 12.0 744.0
v 308.0 12.0 1116.0
v 308.0 27.0 508.0
v 308.0 12.0 508.0
v 332.0 12.0 508.0
v 332.0 27.0 508.0
v 308.0 12.0 136.0
v 308.0 27.0 136.0
v 332.0 27.0 136.0
v 332.0 12.0 136.0
v 308.0 12.0 136.0
v 332.0 12.0 136.0
v 332.0 12.0 508.0
v 308.0 12.0 508.0
v 332.0 27.0 136.0
v 308.0 27.0 136.0
v 308.0 27.0 508.0
v 332.0 27.0 508.0
v 332.0 27.0 136.0
v 332.0 27.0 508.0
v 332.0 12.0 508.0
v 332.0 12.0 136.0
v 308.0 27.0 508.0
v 308.0 27.0 136.0
v 308.0 12.0 136.0
v 308.0 12.0 508.0
v -432.0 400.0 1136.0
v -432.0 256.0 1136.0
v -400.0 256.0 1136.0
v -320.0 400.0 1136.0
v -432.0 256.0 1040.0
v -432.0 400.0 1040.0
v -320.0 400.0 1040.0
v -400.0 256.0 1040.0
v -320.0 400.0 1040.0
v -320.0 400.0 1136.0
v -400.0 256.0 1136.0
v -400.0 256.0 1040.0
v -432.0 416.0 1136.0
v -432.0 400.0 1136.0
v 464.0 400.0 1136.0
v 464.0 416.0 1136.0
v -432.0 400.0 1040.0
v -432.0 416.0 1040.0
v 464.0 416.0 1040.0
v 464.0 400.0 1040.0
v -432.0 400.0 1040.0
v 464.0 400.0 1040.0
v 464.0 400.0 1136.0
v -432.0 400.0 1136.0
v 464.0 400.0 1040.0
v 464.0 256.0 1040.0
v 432.0 256.0 1040.0
v 352.0 400.0 1040.0
v 464.0 256.0 1136.0
v 464.0 400.0 1136.0
v 352.0 400.0 1136.0
v 432.0 256.0 1136.0
v 352.0 400.0 1136.0
v 352.0 400.0 1040.0
v 432.0 256.0 1040.0
v 432.0 256.0 1136.0
v -432.0 -160.0 1136.0
v -400.0 -160.0 1136.0
v -400.0 256.0 1136.0
v -432.0 256.0 1136.0
v -400.0 256.0 1136.0
v -400.0 -160.0 1136.0
v -400.0 -160.0 1120.0
v -400.0 256.0 1120.0
v -432.0 -160.0 1120.0
v -432.0 256.0 1120.0
v -400.0 256.0 1120.0
v -400.0 -160.0 1120.0
v -400.0 256.0 1040.0
v -400.0 -160.0 1040.0
v -432.0 -160.0 1040.0
v -432.0 256.0 1040.0
v -400.0 -160.0 1056.0
v -400.0 -160.0 1040.0
v -400.0 256.0 1040.0
v -400.0 256.0 1056.0
v -400.0 -160.0 1056.0
v -400.0 256.0 1056.0
v -432.0 256.0 1056.0
v -432.0 -160.0 1056.0
v -400.0 -160.0 1120.0
v -400.0 -160.0 1056.0
v -400.0 -128.0 1056.0
v -400.0 -128.0 1120.0
v -400.0 -128.0 1120.0
v -400.0 -128.0 1056.0
v -432.0 -128.0 1056.0
v -432.0 -128.0 1120.0
v -400.0 224.0 1056.0
v -400.0 256.0 1056.0
v -400.0 256.0 1120.0
v -400.0 224.0 1120.0
v -432.0 224.0 1120.0
v -432.0 224.0 1056.0
v -400.0 224.0 1056.0
v -400.0 224.0 1120.0
v -416.0 -128.0 1056.0
v -416.0 224.0 1056.0
v -416.0 224.0 1120.0
v -416.0 -128.0 1120.0
v 464.0 -160.0 1040.0
v 432.0 -160.0 1040.0
v 432.0 256.0 1040.0
v 464.0 256.0 1040.0
v 432.0 256.0 1040.0
v 432.0 -160.0 1040.0
v 432.0 -160.0 1056.0
v 432.0 256.0 1056.0
v 464.0 -160.0 1056.0
v 464.0 256.0 1056.0
v 432.0 256.0 1056.0
v 432.0 -160.0 1056.0
v 432.0 256.0 1136.0
v 432.0 -160.0 1136.0
v 464.0 -160.0 1136.0
v 464.0 256.0 1136.0
v 432.0 -160.0 1120.0
v 432.0 -160.0 1136.0
v 432.0 256.0 1136.0
v 432.0 256.0 1120.0
v 432.0 -160.0 1120.0
v 432.0 256.0 1120.0
v 464.0 256.0 1120.0
v 464.0 -160.0 1120.0
v 432.0 -160.0 1056.0
v 432.0 -160.0 1120.0
v 432.0 -128.0 1120.0
v 432.0 -128.0 1056.0
v 432.0 -128.0 1056.0
v 432.0 -128.0 1120.0
v 464.0 -128.0 1120.0
v 464.0 -128.0 1056.0
v 432.0 224.0 1120.0
v 432.0 256.0 1120.0
v 432.0 256.0 1056.0
v 432.0 224.0 1056.0
v 464.0 224.0 1056.0
v 464.0 224.0 1120.0
v 432.0 224.0 1120.0
v 432.0 224.0 1056.0
v 448.0 -128.0 1120.0
v 448.0 224.0 1120.0
v 448.0 224.0 1056.0
v 448.0 -128.0 1056.0
v -432.0 400.0 752.0
v -432.0 256.0 752.0
v -400.0 256.0 752.0
v -320.0 400.0 752.0
v -432.0 256.0 656.0
v -432.0 400.0 656.0
v -320.0 400.0 656.0
v -400.0 256.0 656.0
v -320.0 400.0 656.0
v -320.0 400.0 752.0
v -400.0 256.0 752.0
v -400.0 256.0 656.0
v -432.0 416.0 752.0
v -432.0 400.0 752.0
v 464.0 400.0 752.0
v 464.0 416.0 752.0
v -432.0 400.0 656.0
v -432.0 416.0 656.0
v 464.0 416.0 656.0
v 464.0 400.0 656.0
v -432.0 400.0 656.0
v 464.0 400.0 656.0
v 464.0 400.0 752.0
v -432.0 400.0 752.0
v 464.0 400.0 656.0
v 464.0 256.0 656.0
v 432.0 256.0 656.0
v 352.0 400.0 656.0
v 464.0 256.0 752.0
v 464.0 400.0 752.0
v 352.0 400.0 752.0
v 432.0 256.0 752.0
v 352.0 400.0 752.0
v 352.0 400.0 656.0
v 432.0 256.0 656.0
v 432.0 256.0 752.0
v -432.0 -160.0 752.0
v -400.0 -160.0 752.0
v -400.0 256.0 752.0
v -432.0 256.0 752.0
v -400.0 256.0 752.0
v -400.0 -160.0 752.0
v -400.0 -160.0 736.0
v -400.0 256.0 736.0
v -432.0 -160.0 736.0
v -432.0 256.0 736.0
v -400.0 256.0 736.0
v -400.0 -160.0 736.0
v -400.0 256.0 656.0
v -400.0 -160.0 656.0
v -432.0 -160.0 656.0
v -432.0 256.0 656.0
v -400.0 -160.0 672.0
v -400.0 -160.0 656.0
v -400.0 256.0 656.0
v -400.0 256.0 672.0
v -400.0 -160.0 672.0
v -400.0 256.0 672.0
v -432.0 256.0 672.0
v -432.0 -160.0 672.0
v -400.0 -160.0 736.0
v -400.0 -160.0 672.0
v -400.0 -128.0 672.0
v -400.0 -128.0 736.0
v -400.0 -128.0 736.0
v -400.0 -128.0 672.0
v -432.0 -128.0 672.0
v -432.0 -128.0 736.0
v -400.0 224.0 672.0
v -400.0 256.0 672.0
v -400.0 256.0 736.0
v -400.0 224.0 736.0
v -432.0 224.0 736.0
v -432.0 224.0 672.0
v -400.0 224.0 672.0
v -400.0 224.0 736.0
v -416.0 -128.0 672.0
v -416.0 224.0 672.0
v -416.0 224.0 736.0
v -416.0 -128.0 736.0
v 464.0 -160.0 656.0
v 432.0 -160.0 656.0
v 432.0 256.0 656.0
v 464.0 256.0 656.0
v 432.0 256.0 656.0
v 432.0 -160.0 656.0
v 432.0 -160.0 672.0
v 432.0 256.0 672.0
v 464.0 -160.0 672.0
v 464.0 256.0 672.0
v 432.0 256.0 672.0
v 432.0 -160.0 672.0
v 432.0 256.0 752.0
v 432.0 -160.0 752.0
v 464.0 -160.0 752.0
v 464.0 256.0 752.0
v 432.0 -160.0 736.0
v 432.0 -160.0 752.0
v 432.0 256.0 752.0
v 432.0 256.0 736.0
v 432.0 -160.0 736.0
v 432.0 256.0 736.0
v 464.0 256.0 736.0
v 464.0 -160.0 736.0
v 432.0 -160.0 672.0
v 432.0 -160.0 736.0
v 432.0 -128.0 736.0
v 432.0 -128.0 672.0
v 432.0 -128.0 672.0
v 432.0 -128.0 736.0
v 464.0 -128.0 736.0
v 464.0 -128.0 672.0
v 432.0 224.0 736.0
v 432.0 256.0 736.0
v 432.0 256.0 672.0
v 432.0 224.0 672.0
v 464.0 224.0 672.0
v 464.0 224.0 736.0
v 432.0 224.0 736.0
v 432.0 224.0 672.0
v 448.0 -128.0 736.0
v 448.0 224.0 736.0
v 448.0 224.0 672.0
v 448.0 -128.0 672.0
v 265.682373046875 -110.76374053955078 744.0
v 253.8955078125 -94.54029846191406 744.0
v 246.513427734375 -75.89518737792969 744.0
v 281.1337890625 -123.54622650146484 744.0
v 299.278564453125 -132.08450317382812 744.0
v 318.976806640625 -135.84213256835938 744.0
v 338.990478515625 -134.58297729492188 744.0
v 358.062255859375 -128.38616943359375 744.0
v 374.993896484375 -117.64105987548828 744.0
v 388.721435546875 -103.0228271484375 744.0
v 398.382080078125 -85.44996643066406 744.0
v 403.369140625 -66.02666473388672 744.0
v 403.369140625 -45.97334289550781 744.0
v 398.382080078125 -26.550048828125 744.0
v 388.721435546875 -8.977184295654297 744.0
v 374.993896484375 5.641059875488281 744.0
v 358.062255859375 16.38616180419922 744.0
v 338.990478515625 22.582977294921875 744.0
v 318.976806640625 23.842140197753906 744.0
v 299.278564453125 20.084518432617188 744.0
v 281.1337890625 11.546234130859375 744.0
v 265.682373046875 -1.2362289428710938 744.0
v 253.8955078125 -17.459705352783203 744.0
v 246.513427734375 -36.10480880737305 744.0
v 244.0 -56.0 744.0
v 246.513427734375 -36.10480880737305 1128.0
v 246.513427734375 -36.10480880737305 744.0
v 244.0 -56.0 744.0
v 244.0 -56.0 1128.0
v 253.8955078125 -17.459705352783203 1128.0
v 253.8955078125 -17.459705352783203 744.0
v 246.513427734375 -36.10480880737305 744.0
v 246.513427734375 -36.10480880737305 1128.0
v 265.682373046875 -1.2362289428710938 1128.0
v 265.682373046875 -1.2362289428710938 744.0
v 253.8955078125 -17.459705352783203 744.0
v 253.8955078125 -17.459705352783203 1128.0
v 281.1337890625 11.546234130859375 1128.0
v 281.1337890625 11.546234130859375 744.0
v 265.682373046875 -1.2362289428710938 744.0
v 265.682373046875 -1.2362289428710938 1128.0
v 299.278564453125 20.084518432617188 1128.0
v 299.278564453125 20.084518432617188 744.0
v 281.1337890625 11.546234130859375 744.0
v 281.1337890625 11.546234130859375 1128.0
v 318.976806640625 23.842140197753906 1128.0
v 318.976806640625 23.842140197753906 744.0
v 299.278564453125 20.084518432617188 744.0
v 299.278564453125 20.084518432617188 1128.0
v 338.990478515625 22.582977294921875 1128.0
v 338.990478515625 22.582977294921875 744.0
v 318.976806640625 23.842140197753906 744.0
v 318.976806640625 23.842140197753906 1128.0
v 358.062255859375 16.38616180419922 1128.0
v 358.062255859375 16.38616180419922 744.0
v 338.990478515625 22.582977294921875 744.0
v 338.990478515625 22.582977294921875 1128.0
v 374.993896484375 5.641059875488281 1128.0
v 374.993896484375 5.641059875488281 744.0
v 358.062255859375 16.38616180419922 744.0
v 358.062255859375 16.38616180419922 1128.0
v 388.721435546875 -8.977184295654297 1128.0
v 388.721435546875 -8.977184295654297 744.0
v 374.993896484375 5.641059875488281 744.0
v 374.993896484375 5.641059875488281 1128.0
v 398.382080078125 -26.550048828125 1128.0
v 398.382080078125 -26.550048828125 744.0
v 388.721435546875 -8.977184295654297 744.0
v 388.721435546875 -8.977184295654297 1128.0
v 403.369140625 -45.97334289550781 1128.0
v 403.369140625 -45.97334289550781 744.0
v 398.382080078125 -26.550048828125 744.0
v 398.382080078125 -26.550048828125 1128.0
v 403.369140625 -66.02666473388672 1128.0
v 403.369140625 -66.02666473388672 744.0
v 403.369140625 -45.97334289550781 744.0
v 403.369140625 -45.97334289550781 1128.0
v 398.382080078125 -85.44996643066406 1128.0
v 398.382080078125 -85.44996643066406 744.0
v 403.369140625 -66.02666473388672 744.0
v 403.369140625 -66.02666473388672 1128.0
v 388.721435546875 -103.0228271484375 1128.0
v 388.721435546875 -103.0228271484375 744.0
v 398.382080078125 -85.44996643066406 744.0
v 398.382080078125 -85.44996643066406 1128.0
v 374.993896484375 -117.64105987548828 1128.0
v 374.993896484375 -117.64105987548828 744.0
v 388.721435546875 -103.0228271484375 744.0
v 388.721435546875 -103.0228271484375 1128.0
v 358.062255859375 -128.38616943359375 1128.0
v 358.062255859375 -128.38616943359375 744.0
v 374.993896484375 -117.64105987548828 744.0
v 374.993896484375 -117.64105987548828 1128.0
v 338.990478515625 -134.58297729492188 1128.0
v 338.990478515625 -134.58297729492188 744.0
v 358.062255859375 -128.38616943359375 744.0
v 358.062255859375 -128.38616943359375 1128.0
v 318.976806640625 -135.84213256835938 1128.0
v 318.976806640625 -135.84213256835938 744.0
v 338.990478515625 -134.58297729492188 744.0
v 338.990478515625 -134.58297729492188 1128.0
v 299.278564453125 -132.08450317382812 1128.0
v 299.278564453125 -132.08450317382812 744.0
v 318.976806640625 -135.84213256835938 744.0
v 318.976806640625 -135.84213256835938 1128.0
v 281.1337890625 -123.54622650146484 1128.0
v 281.1337890625 -123.54622650146484 744.0
v 299.278564453125 -132.08450317382812 744.0
v 299.278564453125 -132.08450317382812 1128.0
v 265.682373046875 -110.76374053955078 1128.0
v 265.682373046875 -110.76374053955078 744.0
v 281.1337890625 -123.54622650146484 744.0
v 281.1337890625 -123.54622650146484 1128.0
v 253.8955078125 -94.54029846191406 1128.0
v 253.8955078125 -94.54029846191406 744.0
v 265.682373046875 -110.76374053955078 744.0
v 265.682373046875 -110.76374053955078 1128.0
v 246.513427734375 -75.89518737792969 1128.0
v 246.513427734375 -75.89518737792969 744.0
v 253.8955078125 -94.54029846191406 744.0
v 253.8955078125 -94.54029846191406 1128.0
v 244.0 -56.0 1128.0
v 244.0 -56.0 744.0
v 246.513427734375 -75.89518737792969 744.0
v 246.513427734375 -75.89518737792969 1128.0
v 394.0654296875 -94.54029846191406 744.0
v 401.476806640625 -75.89518737792969 744.0
v 404.0 -56.000003814697266 744.0
v 382.231689453125 -110.76374816894531 744.0
v 366.71923828125 -123.54623413085938 744.0
v 348.502685546875 -132.0845184326172 744.0
v 328.7265625 -135.84213256835938 744.0
v 308.633544921875 -134.58297729492188 744.0
v 289.486083984375 -128.38616943359375 744.0
v 272.487548828125 -117.64106750488281 744.0
v 258.705810546875 -103.0228271484375 744.0
v 249.0068359375 -85.44996643066406 744.0
v 244.0 -66.02667236328125 744.0
v 244.0 -45.97334671020508 744.0
v 249.0068359375 -26.550052642822266 744.0
v 258.705810546875 -8.977188110351562 744.0
v 272.487548828125 5.641056060791016 744.0
v 289.486083984375 16.386154174804688 744.0
v 308.633544921875 22.582977294921875 744.0
v 328.7265625 23.842132568359375 744.0
v 348.50244140625 20.084518432617188 744.0
v 366.71923828125 11.546234130859375 744.0
v 382.231689453125 -1.236236572265625 744.0
v 394.0654296875 -17.45970916748047 744.0
v 401.476806640625 -36.10481262207031 744.0
v 401.476806640625 -36.10481262207031 744.0
v 404.0 -56.000003814697266 744.0
v 378.44482421875 -56.000003814697266 729.0
v 376.724365234375 -42.43510055541992 729.0
v 394.0654296875 -17.45970916748047 744.0
v 401.476806640625 -36.10481262207031 744.0
v 376.724365234375 -42.43510055541992 729.0
v 371.671142578125 -29.722530364990234 729.0
v 382.231689453125 -1.236236572265625 744.0
v 394.0654296875 -17.45970916748047 744.0
v 371.671142578125 -29.722530364990234 729.0
v 363.6025390625 -18.66107177734375 729.0
v 366.71923828125 11.546234130859375 744.0
v 382.231689453125 -1.236236572265625 744.0
v 363.6025390625 -18.66107177734375 729.0
v 353.02587890625 -9.945751190185547 729.0
v 348.50244140625 20.084518432617188 744.0
v 366.71923828125 11.546234130859375 744.0
v 353.02587890625 -9.945751190185547 729.0
v 340.60546875 -4.1241912841796875 729.0
v 328.7265625 23.842132568359375 744.0
v 348.50244140625 20.084518432617188 744.0
v 340.60546875 -4.1241912841796875 729.0
v 327.121826171875 -1.5621833801269531 729.0
v 308.633544921875 22.582977294921875 744.0
v 328.7265625 23.842132568359375 744.0
v 327.121826171875 -1.5621833801269531 729.0
v 313.422119140625 -2.4207000732421875 729.0
v 289.486083984375 16.386154174804688 744.0
v 308.633544921875 22.582977294921875 744.0
v 313.422119140625 -2.4207000732421875 729.0
v 300.3671875 -6.645805358886719 729.0
v 272.487548828125 5.641056060791016 744.0
v 289.486083984375 16.386154174804688 744.0
v 300.3671875 -6.645805358886719 729.0
v 288.777099609375 -13.972007751464844 729.0
v 258.705810546875 -8.977188110351562 744.0
v 272.487548828125 5.641056060791016 744.0
v 288.777099609375 -13.972007751464844 729.0
v 279.38037109375 -23.938995361328125 729.0
v 249.0068359375 -26.550052642822266 744.0
v 258.705810546875 -8.977188110351562 744.0
v 279.38037109375 -23.938995361328125 729.0
v 272.767578125 -35.92049026489258 729.0
v 244.0 -45.97334671020508 744.0
v 249.0068359375 -26.550052642822266 744.0
v 272.767578125 -35.92049026489258 729.0
v 269.353759765625 -49.16364669799805 729.0
v 244.0 -66.02667236328125 744.0
v 244.0 -45.97334671020508 744.0
v 269.353759765625 -49.16364669799805 729.0
v 269.353759765625 -62.836368560791016 729.0
v 249.0068359375 -85.44996643066406 744.0
v 244.0 -66.02667236328125 744.0
v 269.353759765625 -62.836368560791016 729.0
v 272.767578125 -76.07952117919922 729.0
v 258.705810546875 -103.0228271484375 744.0
v 249.0068359375 -85.44996643066406 744.0
v 272.767578125 -76.07952117919922 729.0
v 279.38037109375 -88.06101989746094 729.0
v 272.487548828125 -117.64106750488281 744.0
v 258.705810546875 -103.0228271484375 744.0
v 279.38037109375 -88.06101989746094 729.0
v 288.777099609375 -98.02799987792969 729.0
v 289.486083984375 -128.38616943359375 744.0
v 272.487548828125 -117.64106750488281 744.0
v 288.777099609375 -98.02799987792969 729.0
v 300.3671875 -105.35420989990234 729.0
v 308.633544921875 -134.58297729492188 744.0
v 289.486083984375 -128.38616943359375 744.0
v 300.3671875 -105.35420989990234 729.0
v 313.422119140625 -109.57930755615234 729.0
v 328.7265625 -135.84213256835938 744.0
v 308.633544921875 -134.58297729492188 744.0
v 313.422119140625 -109.57930755615234 729.0
v 327.121826171875 -110.43782043457031 729.0
v 348.502685546875 -132.0845184326172 744.0
v 328.7265625 -135.84213256835938 744.0
v 327.121826171875 -110.43782043457031 729.0
v 340.60546875 -107.87580871582031 729.0
v 366.71923828125 -123.54623413085938 744.0
v 348.502685546875 -132.0845184326172 744.0
v 340.60546875 -107.87580871582031 729.0
v 353.02587890625 -102.05425262451172 729.0
v 382.231689453125 -110.76374816894531 744.0
v 366.71923828125 -123.54623413085938 744.0
v 353.02587890625 -102.05425262451172 729.0
v 363.602783203125 -93.33892059326172 729.0
v 394.0654296875 -94.54029846191406 744.0
v 382.231689453125 -110.76374816894531 744.0
v 363.602783203125 -93.33892059326172 729.0
v 371.671142578125 -82.27748107910156 729.0
v 401.476806640625 -75.89518737792969 744.0
v 394.0654296875 -94.54029846191406 744.0
v 371.671142578125 -82.27748107910156 729.0
v 376.724365234375 -69.56490325927734 729.0
v 404.0 -56.000003814697266 744.0
v 401.476806640625 -75.89518737792969 744.0
v 376.724365234375 -69.56490325927734 729.0
v 378.44482421875 -56.000003814697266 729.0
v 363.6025390625 -18.66107177734375 729.0
v 371.671142578125 -29.722530364990234 729.0
v 376.724365234375 -42.43510055541992 729.0
v 353.02587890625 -9.945751190185547 729.0
v 340.60546875 -4.1241912841796875 729.0
v 327.121826171875 -1.5621833801269531 729.0
v 313.422119140625 -2.4207000732421875 729.0
v 300.3671875 -6.645805358886719 729.0
v 288.777099609375 -13.972007751464844 729.0
v 279.38037109375 -23.938995361328125 729.0
v 272.767578125 -35.92049026489258 729.0
v 269.353759765625 -49.16364669799805 729.0
v 269.353759765625 -62.836368560791016 729.0
v 272.767578125 -76.07952117919922 729.0
v 279.38037109375 -88.06101989746094 729.0
v 288.777099609375 -98.02799987792969 729.0
v 300.3671875 -105.35420989990234 729.0
v 313.422119140625 -109.57930755615234 729.0
v 327.121826171875 -110.43782043457031 729.0
v 340.60546875 -107.87580871582031 729.0
v 353.02587890625 -102.05425262451172 729.0
v 363.602783203125 -93.33892059326172 729.0
v 371.671142578125 -82.27748107910156 729.0
v 376.724365234375 -69.56490325927734 729.0
v 378.44482421875 -56.000003814697266 729.0
v 351.06396484375 -56.000003814697266 720.0
v 350.203857421875 -49.217552185058594 720.0
v 376.72412109375 -42.43510055541992 729.0
v 378.444580078125 -56.000003814697266 729.0
v 350.203857421875 -49.217552185058594 720.0
v 347.67724609375 -42.86126708984375 720.0
v 371.671142578125 -29.722530364990234 729.0
v 376.72412109375 -42.43510055541992 729.0
v 347.67724609375 -42.86126708984375 720.0
v 343.642822265625 -37.330535888671875 720.0
v 363.6025390625 -18.66107177734375 729.0
v 371.671142578125 -29.722530364990234 729.0
v 343.642822265625 -37.330535888671875 720.0
v 338.3544921875 -32.972877502441406 720.0
v 353.02587890625 -9.945751190185547 729.0
v 363.6025390625 -18.66107177734375 729.0
v 338.3544921875 -32.972877502441406 720.0
v 332.144287109375 -30.062097549438477 720.0
v 340.60546875 -4.1241912841796875 729.0
v 353.02587890625 -9.945751190185547 729.0
v 332.144287109375 -30.062097549438477 720.0
v 325.402587890625 -28.78109359741211 720.0
v 327.121826171875 -1.5621833801269531 729.0
v 340.60546875 -4.1241912841796875 729.0
v 325.402587890625 -28.78109359741211 720.0
v 318.552734375 -29.210350036621094 720.0
v 313.422119140625 -2.4207000732421875 729.0
v 327.121826171875 -1.5621833801269531 729.0
v 318.552734375 -29.210350036621094 720.0
v 312.025146484375 -31.322904586791992 720.0
v 300.366943359375 -6.645805358886719 729.0
v 313.422119140625 -2.4207000732421875 729.0
v 312.025146484375 -31.322904586791992 720.0
v 306.230224609375 -34.98600769042969 720.0
v 288.777099609375 -13.972007751464844 729.0
v 300.366943359375 -6.645805358886719 729.0
v 306.230224609375 -34.98600769042969 720.0
v 301.53173828125 -39.96949768066406 720.0
v 279.38037109375 -23.938995361328125 729.0
v 288.777099609375 -13.972007751464844 729.0
v 301.53173828125 -39.96949768066406 720.0
v 298.225341796875 -45.96024703979492 720.0
v 272.767333984375 -35.92049026489258 729.0
v 279.38037109375 -23.938995361328125 729.0
v 298.225341796875 -45.96024703979492 720.0
v 296.5185546875 -52.581825256347656 720.0
v 269.353759765625 -49.16364669799805 729.0
v 272.767333984375 -35.92049026489258 729.0
v 296.5185546875 -52.581825256347656 720.0
v 296.5185546875 -59.41818618774414 720.0
v 269.353759765625 -62.836368560791016 729.0
v 269.353759765625 -49.16364669799805 729.0
v 296.5185546875 -59.41818618774414 720.0
v 298.225341796875 -66.03976440429688 720.0
v 272.767333984375 -76.07952117919922 729.0
v 269.353759765625 -62.836368560791016 729.0
v 298.225341796875 -66.03976440429688 720.0
v 301.53173828125 -72.03050994873047 720.0
v 279.38037109375 -88.06101989746094 729.0
v 272.767333984375 -76.07952117919922 729.0
v 301.53173828125 -72.03050994873047 720.0
v 306.230224609375 -77.01399993896484 720.0
v 288.777099609375 -98.02799987792969 729.0
v 279.38037109375 -88.06101989746094 729.0
v 306.230224609375 -77.01399993896484 720.0
v 312.025146484375 -80.67710876464844 720.0
v 300.366943359375 -105.35420989990234 729.0
v 288.777099609375 -98.02799987792969 729.0
v 312.025146484375 -80.67710876464844 720.0
v 318.552734375 -82.78965759277344 720.0
v 313.422119140625 -109.57930755615234 729.0
v 300.366943359375 -105.35420989990234 729.0
v 318.552734375 -82.78965759277344 720.0
v 325.402587890625 -83.21891021728516 720.0
v 327.121826171875 -110.43782043457031 729.0
v 313.422119140625 -109.57930755615234 729.0
v 325.402587890625 -83.21891021728516 720.0
v 332.144287109375 -81.93790435791016 720.0
v 340.60546875 -107.87580871582031 729.0
v 327.121826171875 -110.43782043457031 729.0
v 332.144287109375 -81.93790435791016 720.0
v 338.3544921875 -79.02713012695312 720.0
v 353.02587890625 -102.05425262451172 729.0
v 340.60546875 -107.87580871582031 729.0
v 338.3544921875 -79.02713012695312 720.0
v 343.642822265625 -74.66946411132812 720.0
v 363.6025390625 -93.33892059326172 729.0
v 353.02587890625 -102.05425262451172 729.0
v 343.642822265625 -74.66946411132812 720.0
v 347.67724609375 -69.13874053955078 720.0
v 371.671142578125 -82.27748107910156 729.0
v 363.6025390625 -93.33892059326172 729.0
v 347.67724609375 -69.13874053955078 720.0
v 350.203857421875 -62.78245544433594 720.0
v 376.72412109375 -69.56490325927734 729.0
v 371.671142578125 -82.27748107910156 729.0
v 350.203857421875 -62.78245544433594 720.0
v 351.06396484375 -56.000003814697266 720.0
v 378.444580078125 -56.000003814697266 729.0
v 376.72412109375 -69.56490325927734 729.0
v 272.767333984375 -35.92049026489258 729.0
v 269.353759765625 -49.16364669799805 729.0
v 269.353759765625 -62.836368560791016 729.0
v 279.38037109375 -23.938995361328125 729.0
v 288.777099609375 -13.972007751464844 729.0
v 300.366943359375 -6.645805358886719 729.0
v 313.422119140625 -2.4207000732421875 729.0
v 327.121826171875 -1.5621833801269531 729.0
v 340.60546875 -4.1241912841796875 729.0
v 353.02587890625 -9.945751190185547 729.0
v 363.6025390625 -18.66107177734375 729.0
v 371.671142578125 -29.722530364990234 729.0
v 376.72412109375 -42.43510055541992 729.0
v 378.444580078125 -56.000003814697266 729.0
v 376.72412109375 -69.56490325927734 729.0
v 371.671142578125 -82.27748107910156 729.0
v 363.6025390625 -93.33892059326172 729.0
v 353.02587890625 -102.05425262451172 729.0
v 340.60546875 -107.87580871582031 729.0
v 327.121826171875 -110.43782043457031 729.0
v 313.422119140625 -109.57930755615234 729.0
v 300.366943359375 -105.35420989990234 729.0
v 288.777099609375 -98.02799987792969 729.0
v 279.38037109375 -88.06101989746094 729.0
v 272.767333984375 -76.07952117919922 729.0
v 343.642822265625 -37.330535888671875 720.0
v 347.67724609375 -42.86126708984375 720.0
v 350.203857421875 -49.217552185058594 720.0
v 338.3544921875 -32.972877502441406 720.0
v 332.144287109375 -30.062097549438477 720.0
v 325.402587890625 -28.78109359741211 720.0
v 318.552734375 -29.210350036621094 720.0
v 312.025146484375 -31.322904586791992 720.0
v 306.230224609375 -34.98600769042969 720.0
v 301.53173828125 -39.96949768066406 720.0
v 298.225341796875 -45.96024703979492 720.0
v 296.5185546875 -52.581825256347656 720.0
v 296.5185546875 -59.41818618774414 720.0
v 298.225341796875 -66.03976440429688 720.0
v 301.53173828125 -72.03050994873047 720.0
v 306.230224609375 -77.01399993896484 720.0
v 312.025146484375 -80.67710876464844 720.0
v 318.552734375 -82.78965759277344 720.0
v 325.402587890625 -83.21891021728516 720.0
v 332.144287109375 -81.93790435791016 720.0
v 338.3544921875 -79.02713012695312 720.0
v 343.642822265625 -74.66946411132812 720.0
v 347.67724609375 -69.13874053955078 720.0
v 350.203857421875 -62.78245544433594 720.0
v 351.06396484375 -56.000003814697266 720.0
v 303.618896484375 -75.15196990966797 716.0
v 299.47705078125 -69.46895599365234 716.0
v 296.883056640625 -62.93762969970703 716.0
v 309.04833984375 -79.62963104248047 716.0
v 315.424072265625 -82.62056732177734 716.0
v 322.345703125 -83.93683624267578 716.0
v 329.378173828125 -83.49576568603516 716.0
v 336.079833984375 -81.3250503540039 716.0
v 342.029296875 -77.56107330322266 716.0
v 346.85302734375 -72.44034576416016 716.0
v 350.24755859375 -66.2846450805664 716.0
v 352.0 -59.48072814941406 716.0
v 352.0 -52.45611572265625 716.0
v 350.24755859375 -45.65220260620117 716.0
v 346.85302734375 -39.49648666381836 716.0
v 342.029296875 -34.37576675415039 716.0
v 336.079833984375 -30.611793518066406 716.0
v 329.378173828125 -28.441070556640625 716.0
v 322.345703125 -27.999990463256836 716.0
v 315.424072265625 -29.316268920898438 716.0
v 309.04833984375 -32.30720520019531 716.0
v 303.618896484375 -36.78485870361328 716.0
v 299.47705078125 -42.4678840637207 716.0
v 296.883056640625 -48.999202728271484 716.0
v 296.0 -55.96841812133789 716.0
v 299.47705078125 -42.4678840637207 1188.0
v 296.883056640625 -48.999202728271484 1188.0
v 296.0 -55.96841812133789 1188.0
v 303.618896484375 -36.78485870361328 1188.0
v 309.04833984375 -32.30720520019531 1188.0
v 315.424072265625 -29.316268920898438 1188.0
v 322.345703125 -27.999990463256836 1188.0
v 329.378173828125 -28.441070556640625 1188.0
v 336.079833984375 -30.611793518066406 1188.0
v 342.029296875 -34.37576675415039 1188.0
v 346.85302734375 -39.49648666381836 1188.0
v 350.24755859375 -45.65220260620117 1188.0
v 352.0 -52.45611572265625 1188.0
v 352.0 -59.48072814941406 1188.0
v 350.24755859375 -66.2846450805664 1188.0
v 346.85302734375 -72.44034576416016 1188.0
v 342.029296875 -77.56107330322266 1188.0
v 336.079833984375 -81.3250503540039 1188.0
v 329.378173828125 -83.49576568603516 1188.0
v 322.345703125 -83.93683624267578 1188.0
v 315.424072265625 -82.62056732177734 1188.0
v 309.04833984375 -79.62963104248047 1188.0
v 303.618896484375 -75.15196990966797 1188.0
v 299.47705078125 -69.46895599365234 1188.0
v 296.883056640625 -62.93762969970703 1188.0
v 296.883056640625 -48.999202728271484 1188.0
v 296.883056640625 -48.999202728271484 716.0
v 296.0 -55.96841812133789 716.0
v 296.0 -55.96841812133789 1188.0
v 299.47705078125 -42.4678840637207 1188.0
v 299.47705078125 -42.4678840637207 716.0
v 296.883056640625 -48.999202728271484 716.0
v 296.883056640625 -48.999202728271484 1188.0
v 303.618896484375 -36.78485870361328 1188.0
v 303.618896484375 -36.78485870361328 716.0
v 299.47705078125 -42.4678840637207 716.0
v 299.47705078125 -42.4678840637207 1188.0
v 309.04833984375 -32.30720520019531 1188.0
v 309.04833984375 -32.30720520019531 716.0
v 303.618896484375 -36.78485870361328 716.0
v 303.618896484375 -36.78485870361328 1188.0
v 315.424072265625 -29.316268920898438 1188.0
v 315.424072265625 -29.316268920898438 716.0
v 309.04833984375 -32.30720520019531 716.0
v 309.04833984375 -32.30720520019531 1188.0
v 322.345703125 -27.999990463256836 1188.0
v 322.345703125 -27.999990463256836 716.0
v 315.424072265625 -29.316268920898438 716.0
v 315.424072265625 -29.316268920898438 1188.0
v 329.378173828125 -28.441070556640625 1188.0
v 329.378173828125 -28.441070556640625 716.0
v 322.345703125 -27.999990463256836 716.0
v 322.345703125 -27.999990463256836 1188.0
v 336.079833984375 -30.611793518066406 1188.0
v 336.079833984375 -30.611793518066406 716.0
v 329.378173828125 -28.441070556640625 716.0
v 329.378173828125 -28.441070556640625 1188.0
v 342.029296875 -34.37576675415039 1188.0
v 342.029296875 -34.37576675415039 716.0
v 336.079833984375 -30.611793518066406 716.0
v 336.079833984375 -30.611793518066406 1188.0
v 346.85302734375 -39.49648666381836 1188.0
v 346.85302734375 -39.49648666381836 716.0
v 342.029296875 -34.37576675415039 716.0
v 342.029296875 -34.37576675415039 1188.0
v 350.24755859375 -45.65220260620117 1188.0
v 350.24755859375 -45.65220260620117 716.0
v 346.85302734375 -39.49648666381836 716.0
v 346.85302734375 -39.49648666381836 1188.0
v 352.0 -52.45611572265625 1188.0
v 352.0 -52.45611572265625 716.0
v 350.24755859375 -45.65220260620117 716.0
v 350.24755859375 -45.65220260620117 1188.0
v 352.0 -59.48072814941406 1188.0
v 352.0 -59.48072814941406 716.0
v 352.0 -52.45611572265625 716.0
v 352.0 -52.45611572265625 1188.0
v 350.24755859375 -66.2846450805664 1188.0
v 350.24755859375 -66.2846450805664 716.0
v 352.0 -59.48072814941406 716.0
v 352.0 -59.48072814941406 1188.0
v 346.85302734375 -72.44034576416016 1188.0
v 346.85302734375 -72.44034576416016 716.0
v 350.24755859375 -66.2846450805664 716.0
v 350.24755859375 -66.2846450805664 1188.0
v 342.029296875 -77.56107330322266 1188.0
v 342.029296875 -77.56107330322266 716.0
v 346.85302734375 -72.44034576416016 716.0
v 346.85302734375 -72.44034576416016 1188.0
v 336.079833984375 -81.3250503540039 1188.0
v 336.079833984375 -81.3250503540039 716.0
v 342.029296875 -77.56107330322266 716.0
v 342.029296875 -77.56107330322266 1188.0
v 329.378173828125 -83.49576568603516 1188.0
v 329.378173828125 -83.49576568603516 716.0
v 336.079833984375 -81.3250503540039 716.0
v 336.079833984375 -81.3250503540039 1188.0
v 322.345703125 -83.93683624267578 1188.0
v 322.345703125 -83.93683624267578 716.0
v 329.378173828125 -83.49576568603516 716.0
v 329.378173828125 -83.49576568603516 1188.0
v 315.424072265625 -82.62056732177734 1188.0
v 315.424072265625 -82.62056732177734 716.0
v 322.345703125 -83.93683624267578 716.0
v 322.345703125 -83.93683624267578 1188.0
v 309.04833984375 -79.62963104248047 1188.0
v 309.04833984375 -79.62963104248047 716.0
v 315.424072265625 -82.62056732177734 716.0
v 315.424072265625 -82.62056732177734 1188.0
v 303.618896484375 -75.15196990966797 1188.0
v 303.618896484375 -75.15196990966797 716.0
v 309.04833984375 -79.62963104248047 716.0
v 309.04833984375 -79.62963104248047 1188.0
v 299.47705078125 -69.46895599365234 1188.0
v 299.47705078125 -69.46895599365234 716.0
v 303.618896484375 -75.15196990966797 716.0
v 303.618896484375 -75.15196990966797 1188.0
v 296.883056640625 -62.93762969970703 1188.0
v 296.883056640625 -62.93762969970703 716.0
v 299.47705078125 -69.46895599365234 716.0
v 299.47705078125 -69.46895599365234 1188.0
v 296.0 -55.96841812133789 1188.0
v 296.0 -55.96841812133789 716.0
v 296.883056640625 -62.93762969970703 716.0
v 296.883056640625 -62.93762969970703 1188.0
v 402.742431640625 -25.132570266723633 1116.0
v 408.0 -45.54671096801758 1116.0
v 408.0 -56.0 1116.0
v 392.557861328125 -6.66325569152832 1116.0
v 378.086181640625 8.700716018676758 1116.0
v 360.236328125 19.99395751953125 1116.0
v 340.13037109375 26.50689697265625 1116.0
v 319.031494140625 27.830291748046875 1116.0
v 298.265380859375 23.880985260009766 1116.0
v 279.13671875 14.907133102416992 1116.0
v 262.847412109375 1.4725894927978516 1116.0
v 250.42138671875 -15.578496932983398 1116.0
v 242.638916015625 -35.174747467041016 1116.0
v 240.0 -56.0 1116.0
v 250.42138671875 -15.578496932983398 1184.0
v 242.638916015625 -35.174747467041016 1184.0
v 240.0 -56.0 1184.0
v 262.847412109375 1.4725894927978516 1184.0
v 279.13671875 14.907133102416992 1184.0
v 298.265380859375 23.880985260009766 1184.0
v 319.031494140625 27.830291748046875 1184.0
v 340.13037109375 26.50689697265625 1184.0
v 360.236328125 19.99395751953125 1184.0
v 378.086181640625 8.700716018676758 1184.0
v 392.557861328125 -6.66325569152832 1184.0
v 402.742431640625 -25.132570266723633 1184.0
v 408.0 -45.54671096801758 1184.0
v 408.0 -56.0 1184.0
v 242.638916015625 -35.174747467041016 1184.0
v 242.638916015625 -35.174747467041016 1116.0
v 240.0 -56.0 1116.0
v 240.0 -56.0 1184.0
v 250.42138671875 -15.578496932983398 1116.0
v 242.638916015625 -35.174747467041016 1116.0
v 242.638916015625 -35.174747467041016 1184.0
v 250.42138671875 -15.578496932983398 1184.0
v 262.847412109375 1.4725894927978516 1116.0
v 250.42138671875 -15.578496932983398 1116.0
v 250.42138671875 -15.578496932983398 1184.0
v 262.847412109375 1.4725894927978516 1184.0
v 279.13671875 14.907133102416992 1116.0
v 262.847412109375 1.4725894927978516 1116.0
v 262.847412109375 1.4725894927978516 1184.0
v 279.13671875 14.907133102416992 1184.0
v 298.265380859375 23.880985260009766 1116.0
v 279.13671875 14.907133102416992 1116.0
v 279.13671875 14.907133102416992 1184.0
v 298.265380859375 23.880985260009766 1184.0
v 319.031494140625 27.830291748046875 1116.0
v 298.265380859375 23.880985260009766 1116.0
v 298.265380859375 23.880985260009766 1184.0
v 319.031494140625 27.830291748046875 1184.0
v 340.13037109375 26.50689697265625 1116.0
v 319.031494140625 27.830291748046875 1116.0
v 319.031494140625 27.830291748046875 1184.0
v 340.13037109375 26.50689697265625 1184.0
v 360.236328125 19.99395751953125 1116.0
v 340.13037109375 26.50689697265625 1116.0
v 340.13037109375 26.50689697265625 1184.0
v 360.236328125 19.99395751953125 1184.0
v 378.086181640625 8.700716018676758 1116.0
v 360.236328125 19.99395751953125 1116.0
v 360.236328125 19.99395751953125 1184.0
v 378.086181640625 8.700716018676758 1184.0
v 392.557861328125 -6.66325569152832 1116.0
v 378.086181640625 8.700716018676758 1116.0
v 378.086181640625 8.700716018676758 1184.0
v 392.557861328125 -6.66325569152832 1184.0
v 402.742431640625 -25.132570266723633 1116.0
v 392.557861328125 -6.66325569152832 1116.0
v 392.557861328125 -6.66325569152832 1184.0
v 402.742431640625 -25.132570266723633 1184.0
v 408.0 -45.54671096801758 1116.0
v 402.742431640625 -25.132570266723633 1116.0
v 402.742431640625 -25.132570266723633 1184.0
v 408.0 -45.54671096801758 1184.0
v 408.0 -56.0 1116.0
v 408.0 -45.54671096801758 1116.0
v 408.0 -45.54671096801758 1184.0
v 408.0 -56.0 1184.0
v 408.0 -56.0 1184.0
v 408.0 -140.0 1184.0
v 408.0 -140.0 1116.0
v 408.0 -56.0 1116.0
v 240.0 -140.0 1184.0
v 240.0 -56.0 1184.0
v 240.0 -56.0 1116.0
v 240.0 -140.0 1116.0
v 240.0 -56.0 1116.0
v 408.0 -56.0 1116.0
v 408.0 -140.0 1116.0
v 240.0 -140.0 1116.0
v 408.0 -56.0 1184.0
v 240.0 -56.0 1184.0
v 240.0 -140.0 1184.0
v 408.0 -140.0 1184.0
v 384.0 -104.0 1088.0
v 384.0 -144.0 1088.0
v 384.0 -144.0 1064.0
v 384.0 -104.0 1064.0
v 264.0 -144.0 1088.0
v 264.0 -104.0 1088.0
v 264.0 -104.0 1064.0
v 264.0 -144.0 1064.0
v 264.0 -104.0 1064.0
v 384.0 -104.0 1064.0
v 384.0 -144.0 1064.0
v 264.0 -144.0 1064.0
v 384.0 -104.0 1088.0
v 264.0 -104.0 1088.0
v 264.0 -144.0 1088.0
v 384.0 -144.0 1088.0
v 384.0 -104.0 808.0
v 384.0 -144.0 808.0
v 384.0 -144.0 784.0
v 384.0 -104.0 784.0
v 264.0 -144.0 808.0
v 264.0 -104.0 808.0
v 264.0 -104.0 784.0
v 264.0 -144.0 784.0
v 264.0 -104.0 784.0
v 384.0 -104.0 784.0
v 384.0 -144.0 784.0
v 264.0 -144.0 784.0
v 384.0 -104.0 808.0
v 264.0 -104.0 808.0
v 264.0 -144.0 808.0
v 384.0 -144.0 808.0
v 265.682373046875 -110.76374053955078 136.0
v 253.8955078125 -94.54029846191406 136.0
v 246.513427734375 -75.89518737792969 136.0
v 281.1337890625 -123.54622650146484 136.0
v 299.278564453125 -132.08450317382812 136.0
v 318.976806640625 -135.84213256835938 136.0
v 338.990478515625 -134.58297729492188 136.0
v 358.062255859375 -128.38616943359375 136.0
v 374.993896484375 -117.64105987548828 136.0
v 388.721435546875 -103.0228271484375 136.0
v 398.382080078125 -85.44996643066406 136.0
v 403.369140625 -66.02666473388672 136.0
v 403.369140625 -45.97334289550781 136.0
v 398.382080078125 -26.550048828125 136.0
v 388.721435546875 -8.977184295654297 136.0
v 374.993896484375 5.641059875488281 136.0
v 358.062255859375 16.38616180419922 136.0
v 338.990478515625 22.582977294921875 136.0
v 318.976806640625 23.842140197753906 136.0
v 299.278564453125 20.084518432617188 136.0
v 281.1337890625 11.546234130859375 136.0
v 265.682373046875 -1.2362289428710938 136.0
v 253.8955078125 -17.459705352783203 136.0
v 246.513427734375 -36.10480880737305 136.0
v 244.0 -56.0 136.0
v 246.513427734375 -36.10480880737305 520.0
v 246.513427734375 -36.10480880737305 136.0
v 244.0 -56.0 136.0
v 244.0 -56.0 520.0
v 253.8955078125 -17.459705352783203 520.0
v 253.8955078125 -17.459705352783203 136.0
v 246.513427734375 -36.10480880737305 136.0
v 246.513427734375 -36.10480880737305 520.0
v 265.682373046875 -1.2362289428710938 520.0
v 265.682373046875 -1.2362289428710938 136.0
v 253.8955078125 -17.459705352783203 136.0
v 253.8955078125 -17.459705352783203 520.0
v 281.1337890625 11.546234130859375 520.0
v 281.1337890625 11.546234130859375 136.0
v 265.682373046875 -1.2362289428710938 136.0
v 265.682373046875 -1.2362289428710938 520.0
v 299.278564453125 20.084518432617188 520.0
v 299.278564453125 20.084518432617188 136.0
v 281.1337890625 11.546234130859375 136.0
v 281.1337890625 11.546234130859375 520.0
v 318.976806640625 23.842140197753906 520.0
v 318.976806640625 23.842140197753906 136.0
v 299.278564453125 20.084518432617188 136.0
v 299.278564453125 20.084518432617188 520.0
v 338.990478515625 22.582977294921875 520.0
v 338.990478515625 22.582977294921875 136.0
v 318.976806640625 23.842140197753906 136.0
v 318.976806640625 23.842140197753906 520.0
v 358.062255859375 16.38616180419922 520.0
v 358.062255859375 16.38616180419922 136.0
v 338.990478515625 22.582977294921875 136.0
v 338.990478515625 22.582977294921875 520.0
v 374.993896484375 5.641059875488281 520.0
v 374.993896484375 5.641059875488281 136.0
v 358.062255859375 16.38616180419922 136.0
v 358.062255859375 16.38616180419922 520.0
v 388.721435546875 -8.977184295654297 520.0
v 388.721435546875 -8.977184295654297 136.0
v 374.993896484375 5.641059875488281 136.0
v 374.993896484375 5.641059875488281 520.0
v 398.382080078125 -26.550048828125 520.0
v 398.382080078125 -26.550048828125 136.0
v 388.721435546875 -8.977184295654297 136.0
v 388.721435546875 -8.977184295654297 520.0
v 403.369140625 -45.97334289550781 520.0
v 403.369140625 -45.97334289550781 136.0
v 398.382080078125 -26.550048828125 136.0
v 398.382080078125 -26.550048828125 520.0
v 403.369140625 -66.02666473388672 520.0
v 403.369140625 -66.02666473388672 136.0
v 403.369140625 -45.97334289550781 136.0
v 403.369140625 -45.97334289550781 520.0
v 398.382080078125 -85.44996643066406 520.0
v 398.382080078125 -85.44996643066406 136.0
v 403.369140625 -66.02666473388672 136.0
v 403.369140625 -66.02666473388672 520.0
v 388.721435546875 -103.0228271484375 520.0
v 388.721435546875 -103.0228271484375 136.0
v 398.382080078125 -85.44996643066406 136.0
v 398.382080078125 -85.44996643066406 520.0
v 374.993896484375 -117.64105987548828 520.0
v 374.993896484375 -117.64105987548828 136.0
v 388.721435546875 -103.0228271484375 136.0
v 388.721435546875 -103.0228271484375 520.0
v 358.062255859375 -128.38616943359375 520.0
v 358.062255859375 -128.38616943359375 136.0
v 374.993896484375 -117.64105987548828 136.0
v 374.993896484375 -117.64105987548828 520.0
v 338.990478515625 -134.58297729492188 520.0
v 338.990478515625 -134.58297729492188 136.0
v 358.062255859375 -128.38616943359375 136.0
v 358.062255859375 -128.38616943359375 520.0
v 318.976806640625 -135.84213256835938 520.0
v 318.976806640625 -135.84213256835938 136.0
v 338.990478515625 -134.58297729492188 136.0
v 338.990478515625 -134.58297729492188 520.0
v 299.278564453125 -132.08450317382812 520.0
v 299.278564453125 -132.08450317382812 136.0
v 318.976806640625 -135.84213256835938 136.0
v 318.976806640625 -135.84213256835938 520.0
v 281.1337890625 -123.54622650146484 520.0
v 281.1337890625 -123.54622650146484 136.0
v 299.278564453125 -132.08450317382812 136.0
v 299.278564453125 -132.08450317382812 520.0
v 265.682373046875 -110.76374053955078 520.0
v 265.682373046875 -110.76374053955078 136.0
v 281.1337890625 -123.54622650146484 136.0
v 281.1337890625 -123.54622650146484 520.0
v 253.8955078125 -94.54029846191406 520.0
v 253.8955078125 -94.54029846191406 136.0
v 265.682373046875 -110.76374053955078 136.0
v 265.682373046875 -110.76374053955078 520.0
v 246.513427734375 -75.89518737792969 520.0
v 246.513427734375 -75.89518737792969 136.0
v 253.8955078125 -94.54029846191406 136.0
v 253.8955078125 -94.54029846191406 520.0
v 244.0 -56.0 520.0
v 244.0 -56.0 136.0
v 246.513427734375 -75.89518737792969 136.0
v 246.513427734375 -75.89518737792969 520.0
v 394.0654296875 -94.54029846191406 136.0
v 401.476806640625 -75.89518737792969 136.0
v 404.0 -56.000003814697266 136.0
v 382.231689453125 -110.76374816894531 136.0
v 366.71923828125 -123.54623413085938 136.0
v 348.502685546875 -132.0845184326172 136.0
v 328.7265625 -135.84213256835938 136.0
v 308.633544921875 -134.58297729492188 136.0
v 289.486083984375 -128.38616943359375 136.0
v 272.487548828125 -117.64106750488281 136.0
v 258.705810546875 -103.0228271484375 136.0
v 249.0068359375 -85.44996643066406 136.0
v 244.0 -66.02667236328125 136.0
v 244.0 -45.97334671020508 136.0
v 249.0068359375 -26.550052642822266 136.0
v 258.705810546875 -8.977188110351562 136.0
v 272.487548828125 5.641056060791016 136.0
v 289.486083984375 16.386154174804688 136.0
v 308.633544921875 22.582977294921875 136.0
v 328.7265625 23.842132568359375 136.0
v 348.50244140625 20.084518432617188 136.0
v 366.71923828125 11.546234130859375 136.0
v 382.231689453125 -1.236236572265625 136.0
v 394.0654296875 -17.45970916748047 136.0
v 401.476806640625 -36.10481262207031 136.0
v 401.476806640625 -36.10481262207031 136.0
v 404.0 -56.000003814697266 136.0
v 378.44482421875 -56.000003814697266 121.0
v 376.724365234375 -42.43510055541992 121.0
v 394.0654296875 -17.45970916748047 136.0
v 401.476806640625 -36.10481262207031 136.0
v 376.724365234375 -42.43510055541992 121.0
v 371.671142578125 -29.722530364990234 121.0
v 382.231689453125 -1.236236572265625 136.0
v 394.0654296875 -17.45970916748047 136.0
v 371.671142578125 -29.722530364990234 121.0
v 363.6025390625 -18.66107177734375 121.0
v 366.71923828125 11.546234130859375 136.0
v 382.231689453125 -1.236236572265625 136.0
v 363.6025390625 -18.66107177734375 121.0
v 353.02587890625 -9.945751190185547 121.0
v 348.50244140625 20.084518432617188 136.0
v 366.71923828125 11.546234130859375 136.0
v 353.02587890625 -9.945751190185547 121.0
v 340.60546875 -4.1241912841796875 121.0
v 328.7265625 23.842132568359375 136.0
v 348.50244140625 20.084518432617188 136.0
v 340.60546875 -4.1241912841796875 121.0
v 327.121826171875 -1.5621833801269531 121.0
v 308.633544921875 22.582977294921875 136.0
v 328.7265625 23.842132568359375 136.0
v 327.121826171875 -1.5621833801269531 121.0
v 313.422119140625 -2.4207000732421875 121.0
v 289.486083984375 16.386154174804688 136.0
v 308.633544921875 22.582977294921875 136.0
v 313.422119140625 -2.4207000732421875 121.0
v 300.3671875 -6.645805358886719 121.0
v 272.487548828125 5.641056060791016 136.0
v 289.486083984375 16.386154174804688 136.0
v 300.3671875 -6.645805358886719 121.0
v 288.777099609375 -13.972007751464844 121.0
v 258.705810546875 -8.977188110351562 136.0
v 272.487548828125 5.641056060791016 136.0
v 288.777099609375 -13.972007751464844 121.0
v 279.38037109375 -23.938995361328125 121.0
v 249.0068359375 -26.550052642822266 136.0
v 258.705810546875 -8.977188110351562 136.0
v 279.38037109375 -23.938995361328125 121.0
v 272.767578125 -35.92049026489258 121.0
v 244.0 -45.97334671020508 136.0
v 249.0068359375 -26.550052642822266 136.0
v 272.767578125 -35.92049026489258 121.0
v 269.353759765625 -49.16364669799805 121.0
v 244.0 -66.02667236328125 136.0
v 244.0 -45.97334671020508 136.0
v 269.353759765625 -49.16364669799805 121.0
v 269.353759765625 -62.836368560791016 121.0
v 249.0068359375 -85.44996643066406 136.0
v 244.0 -66.02667236328125 136.0
v 269.353759765625 -62.836368560791016 121.0
v 272.767578125 -76.07952117919922 121.0
v 258.705810546875 -103.0228271484375 136.0
v 249.0068359375 -85.44996643066406 136.0
v 272.767578125 -76.07952117919922 121.0
v 279.38037109375 -88.06101989746094 121.0
v 272.487548828125 -117.64106750488281 136.0
v 258.705810546875 -103.0228271484375 136.0
v 279.38037109375 -88.06101989746094 121.0
v 288.777099609375 -98.02799987792969 121.0
v 289.486083984375 -128.38616943359375 136.0
v 272.487548828125 -117.64106750488281 136.0
v 288.777099609375 -98.02799987792969 121.0
v 300.3671875 -105.35420989990234 121.0
v 308.633544921875 -134.58297729492188 136.0
v 289.486083984375 -128.38616943359375 136.0
v 300.3671875 -105.35420989990234 121.0
v 313.422119140625 -109.57930755615234 121.0
v 328.7265625 -135.84213256835938 136.0
v 308.633544921875 -134.58297729492188 136.0
v 313.422119140625 -109.57930755615234 121.0
v 327.121826171875 -110.43782043457031 121.0
v 348.502685546875 -132.0845184326172 136.0
v 328.7265625 -135.84213256835938 136.0
v 327.121826171875 -110.43782043457031 121.0
v 340.60546875 -107.87580871582031 121.0
v 366.71923828125 -123.54623413085938 136.0
v 348.502685546875 -132.0845184326172 136.0
v 340.60546875 -107.87580871582031 121.0
v 353.02587890625 -102.05425262451172 121.0
v 382.231689453125 -110.76374816894531 136.0
v 366.71923828125 -123.54623413085938 136.0
v 353.02587890625 -102.05425262451172 121.0
v 363.602783203125 -93.33892059326172 121.0
v 394.0654296875 -94.54029846191406 136.0
v 382.231689453125 -110.76374816894531 136.0
v 363.602783203125 -93.33892059326172 121.0
v 371.671142578125 -82.27748107910156 121.0
v 401.476806640625 -75.89518737792969 136.0
v 394.0654296875 -94.54029846191406 136.0
v 371.671142578125 -82.27748107910156 121.0
v 376.724365234375 -69.56490325927734 121.0
v 404.0 -56.000003814697266 136.0
v 401.476806640625 -75.89518737792969 136.0
v 376.724365234375 -69.56490325927734 121.0
v 378.44482421875 -56.000003814697266 121.0
v 363.6025390625 -18.66107177734375 121.0
v 371.671142578125 -29.722530364990234 121.0
v 376.724365234375 -42.43510055541992 121.0
v 353.02587890625 -9.945751190185547 121.0
v 340.60546875 -4.1241912841796875 121.0
v 327.121826171875 -1.5621833801269531 121.0
v 313.422119140625 -2.4207000732421875 121.0
v 300.3671875 -6.645805358886719 121.0
v 288.777099609375 -13.972007751464844 121.0
v 279.38037109375 -23.938995361328125 121.0
v 272.767578125 -35.92049026489258 121.0
v 269.353759765625 -49.16364669799805 121.0
v 269.353759765625 -62.836368560791016 121.0
v 272.767578125 -76.07952117919922 121.0
v 279.38037109375 -88.06101989746094 121.0
v 288.777099609375 -98.02799987792969 121.0
v 300.3671875 -105.35420989990234 121.0
v 313.422119140625 -109.57930755615234 121.0
v 327.121826171875 -110.43782043457031 121.0
v 340.60546875 -107.87580871582031 121.0
v 353.02587890625 -102.05425262451172 121.0
v 363.602783203125 -93.33892059326172 121.0
v 371.671142578125 -82.27748107910156 121.0
v 376.724365234375 -69.56490325927734 121.0
v 378.44482421875 -56.000003814697266 121.0
v 351.06396484375 -56.000003814697266 112.0
v 350.203857421875 -49.217552185058594 112.0
v 376.72412109375 -42.43510055541992 121.0
v 378.444580078125 -56.000003814697266 121.0
v 350.203857421875 -49.217552185058594 112.0
v 347.67724609375 -42.86126708984375 112.0
v 371.671142578125 -29.722530364990234 121.0
v 376.72412109375 -42.43510055541992 121.0
v 347.67724609375 -42.86126708984375 112.0
v 343.642822265625 -37.330535888671875 112.0
v 363.6025390625 -18.66107177734375 121.0
v 371.671142578125 -29.722530364990234 121.0
v 343.642822265625 -37.330535888671875 112.0
v 338.3544921875 -32.972877502441406 112.0
v 353.02587890625 -9.945751190185547 121.0
v 363.6025390625 -18.66107177734375 121.0
v 338.3544921875 -32.972877502441406 112.0
v 332.144287109375 -30.062097549438477 112.0
v 340.60546875 -4.1241912841796875 121.0
v 353.02587890625 -9.945751190185547 121.0
v 332.144287109375 -30.062097549438477 112.0
v 325.402587890625 -28.78109359741211 112.0
v 327.121826171875 -1.5621833801269531 121.0
v 340.60546875 -4.1241912841796875 121.0
v 325.402587890625 -28.78109359741211 112.0
v 318.552734375 -29.210350036621094 112.0
v 313.422119140625 -2.4207000732421875 121.0
v 327.121826171875 -1.5621833801269531 121.0
v 318.552734375 -29.210350036621094 112.0
v 312.025146484375 -31.322904586791992 112.0
v 300.366943359375 -6.645805358886719 121.0
v 313.422119140625 -2.4207000732421875 121.0
v 312.025146484375 -31.322904586791992 112.0
v 306.230224609375 -34.98600769042969 112.0
v 288.777099609375 -13.972007751464844 121.0
v 300.366943359375 -6.645805358886719 121.0
v 306.230224609375 -34.98600769042969 112.0
v 301.53173828125 -39.96949768066406 112.0
v 279.38037109375 -23.938995361328125 121.0
v 288.777099609375 -13.972007751464844 121.0
v 301.53173828125 -39.96949768066406 112.0
v 298.225341796875 -45.96024703979492 112.0
v 272.767333984375 -35.92049026489258 121.0
v 279.38037109375 -23.938995361328125 121.0
v 298.225341796875 -45.96024703979492 112.0
v 296.5185546875 -52.581825256347656 112.0
v 269.353759765625 -49.16364669799805 121.0
v 272.767333984375 -35.92049026489258 121.0
v 296.5185546875 -52.581825256347656 112.0
v 296.5185546875 -59.41818618774414 112.0
v 269.353759765625 -62.836368560791016 121.0
v 269.353759765625 -49.16364669799805 121.0
v 296.5185546875 -59.41818618774414 112.0
v 298.225341796875 -66.03976440429688 112.0
v 272.767333984375 -76.07952117919922 121.0
v 269.353759765625 -62.836368560791016 121.0
v 298.225341796875 -66.03976440429688 112.0
v 301.53173828125 -72.03050994873047 112.0
v 279.38037109375 -88.06101989746094 121.0
v 272.767333984375 -76.07952117919922 121.0
v 301.53173828125 -72.03050994873047 112.0
v 306.230224609375 -77.01399993896484 112.0
v 288.777099609375 -98.02799987792969 121.0
v 279.38037109375 -88.06101989746094 121.0
v 306.230224609375 -77.01399993896484 112.0
v 312.025146484375 -80.67710876464844 112.0
v 300.366943359375 -105.35420989990234 121.0
v 288.777099609375 -98.02799987792969 121.0
v 312.025146484375 -80.67710876464844 112.0
v 318.552734375 -82.78965759277344 112.0
v 313.422119140625 -109.57930755615234 121.0
v 300.366943359375 -105.35420989990234 121.0
v 318.552734375 -82.78965759277344 112.0
v 325.402587890625 -83.21891021728516 112.0
v 327.121826171875 -110.43782043457031 121.0
v 313.422119140625 -109.57930755615234 121.0
v 325.402587890625 -83.21891021728516 112.0
v 332.144287109375 -81.93790435791016 112.0
v 340.60546875 -107.87580871582031 121.0
v 327.121826171875 -110.43782043457031 121.0
v 332.144287109375 -81.93790435791016 112.0
v 338.3544921875 -79.02713012695312 112.0
v 353.02587890625 -102.05425262451172 121.0
v 340.60546875 -107.87580871582031 121.0
v 338.3544921875 -79.02713012695312 112.0
v 343.642822265625 -74.66946411132812 112.0
v 363.6025390625 -93.33892059326172 121.0
v 353.02587890625 -102.05425262451172 121.0
v 343.642822265625 -74.66946411132812 112.0
v 347.67724609375 -69.13874053955078 112.0
v 371.671142578125 -82.27748107910156 121.0
v 363.6025390625 -93.33892059326172 121.0
v 347.67724609375 -69.13874053955078 112.0
v 350.203857421875 -62.78245544433594 112.0
v 376.72412109375 -69.56490325927734 121.0
v 371.671142578125 -82.27748107910156 121.0
v 350.203857421875 -62.78245544433594 112.0
v 351.06396484375 -56.000003814697266 112.0
v 378.444580078125 -56.000003814697266 121.0
v 376.72412109375 -69.56490325927734 121.0
v 272.767333984375 -35.92049026489258 121.0
v 269.353759765625 -49.16364669799805 121.0
v 269.353759765625 -62.836368560791016 121.0
v 279.38037109375 -23.938995361328125 121.0
v 288.777099609375 -13.972007751464844 121.0
v 300.366943359375 -6.645805358886719 121.0
v 313.422119140625 -2.4207000732421875 121.0
v 327.121826171875 -1.5621833801269531 121.0
v 340.60546875 -4.1241912841796875 121.0
v 353.02587890625 -9.945751190185547 121.0
v 363.6025390625 -18.66107177734375 121.0
v 371.671142578125 -29.722530364990234 121.0
v 376.72412109375 -42.43510055541992 121.0
v 378.444580078125 -56.000003814697266 121.0
v 376.72412109375 -69.56490325927734 121.0
v 371.671142578125 -82.27748107910156 121.0
v 363.6025390625 -93.33892059326172 121.0
v 353.02587890625 -102.05425262451172 121.0
v 340.60546875 -107.87580871582031 121.0
v 327.121826171875 -110.43782043457031 121.0
v 313.422119140625 -109.57930755615234 121.0
v 300.366943359375 -105.35420989990234 121.0
v 288.777099609375 -98.02799987792969 121.0
v 279.38037109375 -88.06101989746094 121.0
v 272.767333984375 -76.07952117919922 121.0
v 343.642822265625 -37.330535888671875 112.0
v 347.67724609375 -42.86126708984375 112.0
v 350.203857421875 -49.217552185058594 112.0
v 338.3544921875 -32.972877502441406 112.0
v 332.144287109375 -30.062097549438477 112.0
v 325.402587890625 -28.78109359741211 112.0
v 318.552734375 -29.210350036621094 112.0
v 312.025146484375 -31.322904586791992 112.0
v 306.230224609375 -34.98600769042969 112.0
v 301.53173828125 -39.96949768066406 112.0
v 298.225341796875 -45.96024703979492 112.0
v 296.5185546875 -52.581825256347656 112.0
v 296.5185546875 -59.41818618774414 112.0
v 298.225341796875 -66.03976440429688 112.0
v 301.53173828125 -72.03050994873047 112.0
v 306.230224609375 -77.01399993896484 112.0
v 312.025146484375 -80.67710876464844 112.0
v 318.552734375 -82.78965759277344 112.0
v 325.402587890625 -83.21891021728516 112.0
v 332.144287109375 -81.93790435791016 112.0
v 338.3544921875 -79.02713012695312 112.0
v 343.642822265625 -74.66946411132812 112.0
v 347.67724609375 -69.13874053955078 112.0
v 350.203857421875 -62.78245544433594 112.0
v 351.06396484375 -56.000003814697266 112.0
v 303.618896484375 -75.15196990966797 108.0
v 299.47705078125 -69.46895599365234 108.0
v 296.883056640625 -62.93762969970703 108.0
v 309.04833984375 -79.62963104248047 108.0
v 315.424072265625 -82.62056732177734 108.0
v 322.345703125 -83.93683624267578 108.0
v 329.378173828125 -83.49576568603516 108.0
v 336.079833984375 -81.3250503540039 108.0
v 342.029296875 -77.56107330322266 108.0
v 346.85302734375 -72.44034576416016 108.0
v 350.24755859375 -66.2846450805664 108.0
v 352.0 -59.48072814941406 108.0
v 352.0 -52.45611572265625 108.0
v 350.24755859375 -45.65220260620117 108.0
v 346.85302734375 -39.49648666381836 108.0
v 342.029296875 -34.37576675415039 108.0
v 336.079833984375 -30.611793518066406 108.0
v 329.378173828125 -28.441070556640625 108.0
v 322.345703125 -27.999990463256836 108.0
v 315.424072265625 -29.316268920898438 108.0
v 309.04833984375 -32.30720520019531 108.0
v 303.618896484375 -36.78485870361328 108.0
v 299.47705078125 -42.4678840637207 108.0
v 296.883056640625 -48.999202728271484 108.0
v 296.0 -55.96841812133789 108.0
v 299.47705078125 -42.4678840637207 580.0
v 296.883056640625 -48.999202728271484 580.0
v 296.0 -55.96841812133789 580.0
v 303.618896484375 -36.78485870361328 580.0
v 309.04833984375 -32.30720520019531 580.0
v 315.424072265625 -29.316268920898438 580.0
v 322.345703125 -27.999990463256836 580.0
v 329.378173828125 -28.441070556640625 580.0
v 336.079833984375 -30.611793518066406 580.0
v 342.029296875 -34.37576675415039 580.0
v 346.85302734375 -39.49648666381836 580.0
v 350.24755859375 -45.65220260620117 580.0
v 352.0 -52.45611572265625 580.0
v 352.0 -59.48072814941406 580.0
v 350.24755859375 -66.2846450805664 580.0
v 346.85302734375 -72.44034576416016 580.0
v 342.029296875 -77.56107330322266 580.0
v 336.079833984375 -81.3250503540039 580.0
v 329.378173828125 -83.49576568603516 580.0
v 322.345703125 -83.93683624267578 580.0
v 315.424072265625 -82.62056732177734 580.0
v 309.04833984375 -79.62963104248047 580.0
v 303.618896484375 -75.15196990966797 580.0
v 299.47705078125 -69.46895599365234 580.0
v 296.883056640625 -62.93762969970703 580.0
v 296.883056640625 -48.999202728271484 580.0
v 296.883056640625 -48.999202728271484 108.0
v 296.0 -55.96841812133789 108.0
v 296.0 -55.96841812133789 580.0
v 299.47705078125 -42.4678840637207 580.0
v 299.47705078125 -42.4678840637207 108.0
v 296.883056640625 -48.999202728271484 108.0
v 296.883056640625 -48.999202728271484 580.0
v 303.618896484375 -36.78485870361328 580.0
v 303.618896484375 -36.78485870361328 108.0
v 299.47705078125 -42.4678840637207 108.0
v 299.47705078125 -42.4678840637207 580.0
v 309.04833984375 -32.30720520019531 580.0
v 309.04833984375 -32.30720520019531 108.0
v 303.618896484375 -36.78485870361328 108.0
v 303.618896484375 -36.78485870361328 580.0
v 315.424072265625 -29.316268920898438 580.0
v 315.424072265625 -29.316268920898438 108.0
v 309.04833984375 -32.30720520019531 108.0
v 309.04833984375 -32.30720520019531 580.0
v 322.345703125 -27.999990463256836 580.0
v 322.345703125 -27.999990463256836 108.0
v 315.424072265625 -29.316268920898438 108.0
v 315.424072265625 -29.316268920898438 580.0
v 329.378173828125 -28.441070556640625 580.0
v 329.378173828125 -28.441070556640625 108.0
v 322.345703125 -27.999990463256836 108.0
v 322.345703125 -27.999990463256836 580.0
v 336.079833984375 -30.611793518066406 580.0
v 336.079833984375 -30.611793518066406 108.0
v 329.378173828125 -28.441070556640625 108.0
v 329.378173828125 -28.441070556640625 580.0
v 342.029296875 -34.37576675415039 580.0
v 342.029296875 -34.37576675415039 108.0
v 336.079833984375 -30.611793518066406 108.0
v 336.079833984375 -30.611793518066406 580.0
v 346.85302734375 -39.49648666381836 580.0
v 346.85302734375 -39.49648666381836 108.0
v 342.029296875 -34.37576675415039 108.0
v 342.029296875 -34.37576675415039 580.0
v 350.24755859375 -45.65220260620117 580.0
v 350.24755859375 -45.65220260620117 108.0
v 346.85302734375 -39.49648666381836 108.0
v 346.85302734375 -39.49648666381836 580.0
v 352.0 -52.45611572265625 580.0
v 352.0 -52.45611572265625 108.0
v 350.24755859375 -45.65220260620117 108.0
v 350.24755859375 -45.65220260620117 580.0
v 352.0 -59.48072814941406 580.0
v 352.0 -59.48072814941406 108.0
v 352.0 -52.45611572265625 108.0
v 352.0 -52.45611572265625 580.0
v 350.24755859375 -66.2846450805664 580.0
v 350.24755859375 -66.2846450805664 108.0
v 352.0 -59.48072814941406 108.0
v 352.0 -59.48072814941406 580.0
v 346.85302734375 -72.44034576416016 580.0
v 346.85302734375 -72.44034576416016 108.0
v 350.24755859375 -66.2846450805664 108.0
v 350.24755859375 -66.2846450805664 580.0
v 342.029296875 -77.56107330322266 580.0
v 342.029296875 -77.56107330322266 108.0
v 346.85302734375 -72.44034576416016 108.0
v 346.85302734375 -72.44034576416016 580.0
v 336.079833984375 -81.3250503540039 580.0
v 336.079833984375 -81.3250503540039 108.0
v 342.029296875 -77.56107330322266 108.0
v 342.029296875 -77.56107330322266 580.0
v 329.378173828125 -83.49576568603516 580.0
v 329.378173828125 -83.49576568603516 108.0
v 336.079833984375 -81.3250503540039 108.0
v 336.079833984375 -81.3250503540039 580.0
v 322.345703125 -83.93683624267578 580.0
v 322.345703125 -83.93683624267578 108.0
v 329.378173828125 -83.49576568603516 108.0
v 329.378173828125 -83.49576568603516 580.0
v 315.424072265625 -82.62056732177734 580.0
v 315.424072265625 -82.62056732177734 108.0
v 322.345703125 -83.93683624267578 108.0
v 322.345703125 -83.93683624267578 580.0
v 309.04833984375 -79.62963104248047 580.0
v 309.04833984375 -79.62963104248047 108.0
v 315.424072265625 -82.62056732177734 108.0
v 315.424072265625 -82.62056732177734 580.0
v 303.618896484375 -75.15196990966797 580.0
v 303.618896484375 -75.15196990966797 108.0
v 309.04833984375 -79.62963104248047 108.0
v 309.04833984375 -79.62963104248047 580.0
v 299.47705078125 -69.46895599365234 580.0
v 299.47705078125 -69.46895599365234 108.0
v 303.618896484375 -75.15196990966797 108.0
v 303.618896484375 -75.15196990966797 580.0
v 296.883056640625 -62.93762969970703 580.0
v 296.883056640625 -62.93762969970703 108.0
v 299.47705078125 -69.46895599365234 108.0
v 299.47705078125 -69.46895599365234 580.0
v 296.0 -55.96841812133789 580.0
v 296.0 -55.96841812133789 108.0
v 296.883056640625 -62.93762969970703 108.0
v 296.883056640625 -62.93762969970703 580.0
v 402.576904296875 -25.132570266723633 508.0
v 407.8291015625 -45.54671096801758 508.0
v 407.8291015625 -56.0 508.0
v 392.40283203125 -6.66325569152832 508.0
v 377.945556640625 8.700716018676758 508.0
v 360.1142578125 19.99395751953125 508.0
v 340.028564453125 26.50689697265625 508.0
v 318.951171875 27.830291748046875 508.0
v 298.2060546875 23.880985260009766 508.0
v 279.096923828125 14.907133102416992 508.0
v 262.82421875 1.4725894927978516 508.0
v 250.41064453125 -15.578496932983398 508.0
v 242.63623046875 -35.174747467041016 508.0
v 240.0 -56.0 508.0
v 250.41064453125 -15.578496932983398 576.0
v 242.63623046875 -35.174747467041016 576.0
v 240.0 -56.0 576.0
v 262.82421875 1.4725894927978516 576.0
v 279.096923828125 14.907133102416992 576.0
v 298.2060546875 23.880985260009766 576.0
v 318.951171875 27.830291748046875 576.0
v 340.028564453125 26.50689697265625 576.0
v 360.1142578125 19.99395751953125 576.0
v 377.945556640625 8.700716018676758 576.0
v 392.40283203125 -6.66325569152832 576.0
v 402.576904296875 -25.132570266723633 576.0
v 407.8291015625 -45.54671096801758 576.0
v 407.8291015625 -56.0 576.0
v 242.63623046875 -35.174747467041016 576.0
v 242.63623046875 -35.174747467041016 508.0
v 240.0 -56.0 508.0
v 240.0 -56.0 576.0
v 250.41064453125 -15.578496932983398 508.0
v 242.63623046875 -35.174747467041016 508.0
v 242.63623046875 -35.174747467041016 576.0
v 250.41064453125 -15.578496932983398 576.0
v 262.82421875 1.4725894927978516 508.0
v 250.41064453125 -15.578496932983398 508.0
v 250.41064453125 -15.578496932983398 576.0
v 262.82421875 1.4725894927978516 576.0
v 279.096923828125 14.907133102416992 508.0
v 262.82421875 1.4725894927978516 508.0
v 262.82421875 1.4725894927978516 576.0
v 279.096923828125 14.907133102416992 576.0
v 298.2060546875 23.880985260009766 508.0
v 279.096923828125 14.907133102416992 508.0
v 279.096923828125 14.907133102416992 576.0
v 298.2060546875 23.880985260009766 576.0
v 318.951171875 27.830291748046875 508.0
v 298.2060546875 23.880985260009766 508.0
v 298.2060546875 23.880985260009766 576.0
v 318.951171875 27.830291748046875 576.0
v 340.028564453125 26.50689697265625 508.0
v 318.951171875 27.830291748046875 508.0
v 318.951171875 27.830291748046875 576.0
v 340.028564453125 26.50689697265625 576.0
v 360.1142578125 19.99395751953125 508.0
v 340.028564453125 26.50689697265625 508.0
v 340.028564453125 26.50689697265625 576.0
v 360.1142578125 19.99395751953125 576.0
v 377.945556640625 8.700716018676758 508.0
v 360.1142578125 19.99395751953125 508.0
v 360.1142578125 19.99395751953125 576.0
v 377.945556640625 8.700716018676758 576.0
v 392.40283203125 -6.66325569152832 508.0
v 377.945556640625 8.700716018676758 508.0
v 377.945556640625 8.700716018676758 576.0
v 392.40283203125 -6.66325569152832 576.0
v 402.576904296875 -25.132570266723633 508.0
v 392.40283203125 -6.66325569152832 508.0
v 392.40283203125 -6.66325569152832 576.0
v 402.576904296875 -25.132570266723633 576.0
v 407.8291015625 -45.54671096801758 508.0
v 402.576904296875 -25.132570266723633 508.0
v 402.576904296875 -25.132570266723633 576.0
v 407.8291015625 -45.54671096801758 576.0
v 407.8291015625 -56.0 508.0
v 407.8291015625 -45.54671096801758 508.0
v 407.8291015625 -45.54671096801758 576.0
v 407.8291015625 -56.0 576.0
v 408.0 -56.0 576.0
v 408.0 -140.0 576.0
v 408.0 -140.0 508.0
v 408.0 -56.0 508.0
v 240.0 -140.0 576.0
v 240.0 -56.0 576.0
v 240.0 -56.0 508.0
v 240.0 -140.0 508.0
v 240.0 -56.0 508.0
v 408.0 -56.0 508.0
v 408.0 -140.0 508.0
v 240.0 -140.0 508.0
v 408.0 -56.0 576.0
v 240.0 -56.0 576.0
v 240.0 -140.0 576.0
v 408.0 -140.0 576.0
v 384.0 -104.0 480.0
v 384.0 -144.0 480.0
v 384.0 -144.0 456.0
v 384.0 -104.0 456.0
v 264.0 -144.0 480.0
v 264.0 -104.0 480.0
v 264.0 -104.0 456.0
v 264.0 -144.0 456.0
v 264.0 -104.0 456.0
v 384.0 -104.0 456.0
v 384.0 -144.0 456.0
v 264.0 -144.0 456.0
v 384.0 -104.0 480.0
v 264.0 -104.0 480.0
v 264.0 -144.0 480.0
v 384.0 -144.0 480.0
v 384.0 -104.0 200.0
v 384.0 -144.0 200.0
v 384.0 -144.0 176.0
v 384.0 -104.0 176.0
v 264.0 -144.0 200.0
v 264.0 -104.0 200.0
v 264.0 -104.0 176.0
v 264.0 -144.0 176.0
v 264.0 -104.0 176.0
v 384.0 -104.0 176.0
v 384.0 -144.0 176.0
v 264.0 -144.0 176.0
v 384.0 -104.0 200.0
v 264.0 -104.0 200.0
v 264.0 -144.0 200.0
v 384.0 -144.0 200.0
v -432.0 448.0 576.0
v -432.0 -192.0 576.0
v -424.0 -192.0 576.0
v -424.0 448.0 576.0
v -432.0 -192.0 448.0
v -432.0 448.0 448.0
v -424.0 448.0 448.0
v -424.0 -192.0 448.0
v -424.0 448.0 448.0
v -424.0 448.0 576.0
v -424.0 -192.0 576.0
v -424.0 -192.0 448.0
v -432.0 448.0 576.0
v -432.0 448.0 448.0
v -432.0 -192.0 448.0
v -432.0 -192.0 576.0
v 424.0 448.0 576.0
v 424.0 -192.0 576.0
v 432.0 -192.0 576.0
v 432.0 448.0 576.0
v 424.0 -192.0 448.0
v 424.0 448.0 448.0
v 432.0 448.0 448.0
v 432.0 -192.0 448.0
v 432.0 448.0 448.0
v 432.0 448.0 576.0
v 432.0 -192.0 576.0
v 432.0 -192.0 448.0
v 424.0 448.0 576.0
v 424.0 448.0 448.0
v 424.0 -192.0 448.0
v 424.0 -192.0 576.0
v -432.0 448.0 192.0
v -432.0 -192.0 192.0
v -424.0 -192.0 192.0
v -424.0 448.0 192.0
v -432.0 -192.0 64.0
v -432.0 448.0 64.0
v -424.0 448.0 64.0
v -424.0 -192.0 64.0
v -424.0 448.0 64.0
v -424.0 448.0 192.0
v -424.0 -192.0 192.0
v -424.0 -192.0 64.0
v -432.0 448.0 192.0
v -432.0 448.0 64.0
v -432.0 -192.0 64.0
v -432.0 -192.0 192.0
v 424.0 448.0 192.0
v 424.0 -192.0 192.0
v 432.0 -192.0 192.0
v 432.0 448.0 192.0
v 424.0 -192.0 64.0
v 424.0 448.0 64.0
v 432.0 448.0 64.0
v 432.0 -192.0 64.0
v 432.0 448.0 64.0
v 432.0 448.0 192.0
v 432.0 -192.0 192.0
v 432.0 -192.0 64.0
v 424.0 448.0 192.0
v 424.0 448.0 64.0
v 424.0 -192.0 64.0
v 424.0 -192.0 192.0
v 36.0 411.82421875 132.00003051757812
v 36.0 408.0 132.00003051757812
v 36.0 408.0 108.00003051757812
v 36.0 411.82421875 108.00003051757812
v -4.0 408.0 132.00003051757812
v -4.0 411.82421875 132.00003051757812
v -4.0 411.82421875 108.00003051757812
v -4.0 408.0 108.00003051757812
v -4.0 408.0 132.00003051757812
v -4.0 408.0 108.00003051757812
v 36.0 408.0 108.00003051757812
v 36.0 408.0 132.00003051757812
v -4.0 411.82421875 108.00003051757812
v 36.0 411.82421875 108.00003051757812
v 36.0 408.0 108.00003051757812
v -4.0 408.0 108.00003051757812
v 36.0 411.82421875 132.00003051757812
v -4.0 411.82421875 132.00003051757812
v -4.0 408.0 132.00003051757812
v 36.0 408.0 132.00003051757812
v 36.0 411.82421875 516.0
v 36.0 408.0 516.0
v 36.0 408.0 492.0
v 36.0 411.82421875 492.0
v -4.0 408.0 516.0
v -4.0 411.82421875 516.0
v -4.0 411.82421875 492.0
v -4.0 408.0 492.0
v -4.0 408.0 516.0
v -4.0 408.0 492.0
v 36.0 408.0 492.0
v 36.0 408.0 516.0
v -4.0 411.82421875 492.0
v 36.0 411.82421875 492.0
v 36.0 408.0 492.0
v -4.0 408.0 492.0
v 36.0 411.82421875 516.0
v -4.0 411.82421875 516.0
v -4.0 408.0 516.0
v 36.0 408.0 516.0
v 36.0 411.82421875 900.0
v 36.0 408.0 900.0
v 36.0 408.0 876.0
v 36.0 411.82421875 876.0
v -4.0 408.0 900.0
v -4.0 411.82421875 900.0
v -4.0 411.82421875 876.0
v -4.0 408.0 876.0
v -4.0 408.0 900.0
v -4.0 408.0 876.0
v 36.0 408.0 876.0
v 36.0 408.0 900.0
v -4.0 411.82421875 876.0
v 36.0 411.82421875 876.0
v 36.0 408.0 876.0
v -4.0 408.0 876.0
v 36.0 411.82421875 900.0
v -4.0 411.82421875 900.0
v -4.0 408.0 900.0
v 36.0 408.0 900.0
v -100.0 -160.0 1176.0
v -100.0 192.0 1176.0
v 84.0 192.0 1176.0
v 84.0 -160.0 1176.0
v -100.0 -160.0 1176.0
v 84.0 -160.0 1176.0
v 84.0 -160.0 1280.0
v -100.0 -160.0 1280.0
v 84.0 192.0 1176.0
v -100.0 192.0 1176.0
v -100.0 192.0 1280.0
v 84.0 192.0 1280.0
v 84.0 192.0 1176.0
v 84.0 192.0 1280.0
v 84.0 -160.0 1280.0
v 84.0 -160.0 1176.0
v -100.0 192.0 1280.0
v -100.0 192.0 1176.0
v -100.0 -160.0 1176.0
v -100.0 -160.0 1280.0
v -92.0 184.0 1176.0
v -92.0 -152.0 1176.0
v 76.0 -152.0 1176.0
v 76.0 184.0 1176.0
v -92.0 -152.0 1168.0
v -92.0 184.0 1168.0
v 76.0 184.0 1168.0
v 76.0 -152.0 1168.0
v -92.0 -152.0 1168.0
v 76.0 -152.0 1168.0
v 76.0 -152.0 1176.0
v -92.0 -152.0 1176.0
v 76.0 184.0 1168.0
v -92.0 184.0 1168.0
v -92.0 184.0 1176.0
v 76.0 184.0 1176.0
v 76.0 184.0 1168.0
v 76.0 184.0 1176.0
v 76.0 -152.0 1176.0
v 76.0 -152.0 1168.0
v -92.0 184.0 1176.0
v -92.0 184.0 1168.0
v -92.0 -152.0 1168.0
v -92.0 -152.0 1176.0
v -300.0 -160.0 1176.0
v -300.0 61.4833984375 1176.0
v -116.0 61.4833984375 1176.0
v -116.0 -160.0 1176.0
v -300.0 -160.0 1176.0
v -116.0 -160.0 1176.0
v -116.0 -160.0 1280.0
v -300.0 -160.0 1280.0
v -116.0 61.4833984375 1176.0
v -300.0 61.4833984375 1176.0
v -300.0 61.4833984375 1280.0
v -116.0 61.4833984375 1280.0
v -116.0 61.4833984375 1176.0
v -116.0 61.4833984375 1280.0
v -116.0 -160.0 1280.0
v -116.0 -160.0 1176.0
v -300.0 61.4833984375 1280.0
v -300.0 61.4833984375 1176.0
v -300.0 -160.0 1176.0
v -300.0 -160.0 1280.0
v -292.0 56.449462890625 1176.0
v -292.0 -154.966064453125 1176.0
v -124.0 -154.966064453125 1176.0
v -124.0 56.449462890625 1176.0
v -292.0 -154.966064453125 1168.0
v -292.0 56.449462890625 1168.0
v -124.0 56.449462890625 1168.0
v -124.0 -154.966064453125 1168.0
v -292.0 -154.966064453125 1168.0
v -124.0 -154.966064453125 1168.0
v -124.0 -154.966064453125 1176.0
v -292.0 -154.966064453125 1176.0
v -124.0 56.449462890625 1168.0
v -292.0 56.449462890625 1168.0
v -292.0 56.449462890625 1176.0
v -124.0 56.449462890625 1176.0
v -124.0 56.449462890625 1168.0
v -124.0 56.449462890625 1176.0
v -124.0 -154.966064453125 1176.0
v -124.0 -154.966064453125 1168.0
v -292.0 56.449462890625 1176.0
v -292.0 56.449462890625 1168.0
v -292.0 -154.966064453125 1168.0
v -292.0 -154.966064453125 1176.0
vt 9.99012279510498 -12.86494255065918
vt 14.013111114501953 -12.86494255065918
vt 14.013111114501953 -19.761493682861328
vt 9.99012279510498 -19.761493682861328
vt 12.0 -11.0625
vt 8.5 -11.0625
vt 8.5 -17.125
vt 12.0 -17.125
vt -12.0625 -7.0
vt -18.0625 -7.0
vt -18.0625 -9.5
vt -12.0625 -9.5
vt -18.0625 -7.0
vt -12.0625 -7.0
vt -12.0625 -9.5
vt -18.0625 -9.5
vt 12.125 -9.5
vt 12.125 -7.0
vt 8.375 -7.0
vt 8.375 -9.5
vt 12.0 -9.375
vt 8.5 -9.375
vt 8.5 -8.75
vt 12.0 -8.75
vt 8.5 -11.1875
vt 8.5 -11.0625
vt 12.0 -11.0625
vt 12.0 -11.1875
vt 8.5 -7.5
vt 8.5 -7.0
vt 12.0 -7.0
vt 12.0 -7.5
vt 12.0 -7.0
vt 8.5 -7.0
vt 8.5 -7.5
vt 12.0 -7.5
vt 12.0 -11.1875
vt 12.0 -11.0625
vt 8.5 -11.0625
vt 8.5 -11.1875
vt 8.5 -8.75
vt 8.5 -7.5
vt 9.9375 -7.5
vt 9.9375 -8.75
vt 8.5 -7.5
vt 8.5 -8.75
vt 9.9375 -8.75
vt 9.9375 -7.5
vt -12.1875 -8.75
vt -12.1875 -7.5
vt -12.0625 -7.5
vt -12.0625 -8.75
vt 10.6875 -7.5
vt 12.0 -7.5
vt 12.0 -8.75
vt 10.6875 -8.75
vt 12.0 -8.75
vt 12.0 -7.5
vt 10.6875 -7.5
vt 10.6875 -8.75
vt -12.0625 -8.75
vt -12.0625 -7.5
vt -12.1875 -7.5
vt -12.1875 -8.75
vt 10.8125 -9.0
vt 9.8125 -9.0
vt 9.8125 -8.875
vt 10.8125 -8.875
vt -12.25 -8.875
vt -12.25 -9.0
vt -11.875 -9.0
vt -11.875 -8.875
vt -11.875 -8.875
vt -11.875 -9.0
vt -12.25 -9.0
vt -12.25 -8.875
vt 9.8125 -11.25
vt 9.8125 -10.875
vt 10.8125 -10.875
vt 10.8125 -11.25
vt 11.125 -9.125
vt 9.75 -9.125
vt 9.75 -9.0
vt 11.125 -9.0
vt -12.4375 -9.0
vt -12.4375 -9.125
vt -11.875 -9.125
vt -11.875 -9.0
vt -11.875 -9.0
vt -11.875 -9.125
vt -12.4375 -9.125
vt -12.4375 -9.0
vt 9.75 -11.4375
vt 9.75 -10.875
vt 11.125 -10.875
vt 11.125 -11.4375
vt 11.5 -9.25
vt 9.75 -9.25
vt 9.75 -9.125
vt 11.5 -9.125
vt -12.625 -9.125
vt -12.625 -9.25
vt -11.875 -9.25
vt -11.875 -9.125
vt -11.875 -9.125
vt -11.875 -9.25
vt -12.625 -9.25
vt -12.625 -9.125
vt 9.75 -11.625
vt 9.75 -10.875
vt 11.5 -10.875
vt 11.5 -11.625
vt 11.8125 -9.375
vt 9.75 -9.375
vt 9.75 -9.25
vt 11.8125 -9.25
vt -12.625 -9.25
vt -12.625 -9.375
vt -11.6875 -9.375
vt -11.6875 -9.25
vt -11.6875 -9.25
vt -11.6875 -9.375
vt -12.625 -9.375
vt -12.625 -9.25
vt 9.75 -11.625
vt 9.75 -10.6875
vt 11.8125 -10.6875
vt 11.8125 -11.625
vt 10.6875 -9.0
vt 9.9375 -9.0
vt 9.9375 -8.875
vt 10.6875 -8.875
vt -12.0625 -8.875
vt -12.0625 -9.0
vt -11.875 -9.0
vt -11.875 -8.875
vt -11.875 -8.875
vt -11.875 -9.0
vt -12.0625 -9.0
vt -12.0625 -8.875
vt 9.9375 -11.0625
vt 9.9375 -10.875
vt 10.6875 -10.875
vt 10.6875 -11.0625
vt 8.571429252624512 -4.848214626312256
vt 8.571429252624512 -5.25
vt 8.48214340209961 -5.25
vt 8.258929252624512 -4.848214626312256
vt 8.571429252624512 -5.25
vt 8.571429252624512 -4.848214626312256
vt 8.258929252624512 -4.848214626312256
vt 8.48214340209961 -5.25
vt -11.875 -4.848214626312256
vt -12.142857551574707 -4.848214626312256
vt -12.142857551574707 -5.25
vt -11.875 -5.25
vt 6.0 -3.0625
vt 6.0 -3.09375
vt 4.25 -3.09375
vt 4.25 -3.0625
vt 6.0 -3.09375
vt 6.0 -3.0625
vt 4.25 -3.0625
vt 4.25 -3.09375
vt 6.0 -6.0625
vt 4.25 -6.0625
vt 4.25 -6.25
vt 6.0 -6.25
vt 6.0714287757873535 -4.848214626312256
vt 6.0714287757873535 -5.25
vt 6.160714626312256 -5.25
vt 6.3839287757873535 -4.848214626312256
vt 6.0714287757873535 -5.25
vt 6.0714287757873535 -4.848214626312256
vt 6.3839287757873535 -4.848214626312256
vt 6.160714626312256 -5.25
vt -12.142857551574707 -4.848214626312256
vt -11.875 -4.848214626312256
vt -11.875 -5.25
vt -12.142857551574707 -5.25
vt 8.571429252624512 -6.410714626312256
vt 8.48214340209961 -6.410714626312256
vt 8.48214340209961 -5.25
vt 8.571429252624512 -5.25
vt -12.142857551574707 -5.25
vt -12.142857551574707 -6.410714626312256
vt -12.098214149475098 -6.410714626312256
vt -12.098214149475098 -5.25
vt 8.571429252624512 -6.410714626312256
vt 8.571429252624512 -5.25
vt 8.48214340209961 -5.25
vt 8.48214340209961 -6.410714626312256
vt 8.48214340209961 -5.25
vt 8.48214340209961 -6.410714626312256
vt 8.571429252624512 -6.410714626312256
vt 8.571429252624512 -5.25
vt -11.91964340209961 -6.410714626312256
vt -11.875 -6.410714626312256
vt -11.875 -5.25
vt -11.91964340209961 -5.25
vt 8.48214340209961 -6.410714626312256
vt 8.48214340209961 -5.25
vt 8.571429252624512 -5.25
vt 8.571429252624512 -6.410714626312256
vt -12.098214149475098 -6.410714626312256
vt -11.91964340209961 -6.410714626312256
vt -11.91964340209961 -6.3214287757873535
vt -12.098214149475098 -6.3214287757873535
vt 8.48214340209961 -11.098214149475098
vt 8.48214340209961 -10.91964340209961
vt 8.571429252624512 -10.91964340209961
vt 8.571429252624512 -11.098214149475098
vt -11.91964340209961 -5.339285850524902
vt -11.91964340209961 -5.25
vt -12.098214149475098 -5.25
vt -12.098214149475098 -5.339285850524902
vt 8.571429252624512 -11.098214149475098
vt 8.571429252624512 -10.91964340209961
vt 8.48214340209961 -10.91964340209961
vt 8.48214340209961 -11.098214149475098
vt -11.91964340209961 -6.3214287757873535
vt -11.91964340209961 -5.339285850524902
vt -12.098214149475098 -5.339285850524902
vt -12.098214149475098 -6.3214287757873535
vt 8.571428298950195 -6.410714626312256
vt 8.48214340209961 -6.410714626312256
vt 8.48214340209961 -5.25
vt 8.571428298950195 -5.25
vt -12.142857551574707 -5.25
vt -12.142857551574707 -6.410714626312256
vt -12.098214149475098 -6.410714626312256
vt -12.098214149475098 -5.25
vt 8.571428298950195 -6.410714626312256
vt 8.571428298950195 -5.25
vt 8.48214340209961 -5.25
vt 8.48214340209961 -6.410714626312256
vt 8.482142448425293 -5.25
vt 8.482142448425293 -6.410714626312256
vt 8.571428298950195 -6.410714626312256
vt 8.571428298950195 -5.25
vt -11.919642448425293 -6.410714626312256
vt -11.875 -6.410714626312256
vt -11.875 -5.25
vt -11.919642448425293 -5.25
vt 8.482142448425293 -6.410714626312256
vt 8.482142448425293 -5.25
vt 8.571428298950195 -5.25
vt 8.571428298950195 -6.410714626312256
vt -12.098214149475098 -6.410714626312256
vt -11.919642448425293 -6.410714626312256
vt -11.919642448425293 -6.3214287757873535
vt -12.098214149475098 -6.3214287757873535
vt 8.48214340209961 -11.098214149475098
vt 8.482142448425293 -10.919642448425293
vt 8.571428298950195 -10.919642448425293
vt 8.571428298950195 -11.098214149475098
vt -11.919642448425293 -5.339285850524902
vt -11.919642448425293 -5.25
vt -12.098214149475098 -5.25
vt -12.098214149475098 -5.339285850524902
vt 8.571428298950195 -11.098214149475098
vt 8.571428298950195 -10.919642448425293
vt 8.482142448425293 -10.919642448425293
vt 8.48214340209961 -11.098214149475098
vt -11.919642448425293 -6.3214287757873535
vt -11.919642448425293 -5.339285850524902
vt -12.098214149475098 -5.339285850524902
vt -12.098214149475098 -6.3214287757873535
vt 8.571429252624512 -4.848214626312256
vt 8.571429252624512 -5.25
vt 8.48214340209961 -5.25
vt 8.258929252624512 -4.848214626312256
vt 8.571429252624512 -5.25
vt 8.571429252624512 -4.848214626312256
vt 8.258929252624512 -4.848214626312256
vt 8.48214340209961 -5.25
vt -11.875 -4.848214626312256
vt -12.142857551574707 -4.848214626312256
vt -12.142857551574707 -5.25
vt -11.875 -5.25
vt 6.0 -3.0625
vt 6.0 -3.09375
vt 4.25 -3.09375
vt 4.25 -3.0625
vt 6.0 -3.09375
vt 6.0 -3.0625
vt 4.25 -3.0625
vt 4.25 -3.09375
vt 6.0 -5.3125
vt 4.25 -5.3125
vt 4.25 -5.5
vt 6.0 -5.5
vt 6.0714287757873535 -4.848214626312256
vt 6.0714287757873535 -5.25
vt 6.160714626312256 -5.25
vt 6.3839287757873535 -4.848214626312256
vt 6.0714287757873535 -5.25
vt 6.0714287757873535 -4.848214626312256
vt 6.3839287757873535 -4.848214626312256
vt 6.160714626312256 -5.25
vt -12.142857551574707 -4.848214626312256
vt -11.875 -4.848214626312256
vt -11.875 -5.25
vt -12.142857551574707 -5.25
vt 8.571429252624512 -6.410714626312256
vt 8.48214340209961 -6.410714626312256
vt 8.48214340209961 -5.25
vt 8.571429252624512 -5.25
vt -12.142857551574707 -5.25
vt -12.142857551574707 -6.410714626312256
vt -12.098214149475098 -6.410714626312256
vt -12.098214149475098 -5.25
vt 8.571429252624512 -6.410714626312256
vt 8.571429252624512 -5.25
vt 8.48214340209961 -5.25
vt 8.48214340209961 -6.410714626312256
vt 8.48214340209961 -5.25
vt 8.48214340209961 -6.410714626312256
vt 8.571429252624512 -6.410714626312256
vt 8.571429252624512 -5.25
vt -11.919642448425293 -6.410714626312256
vt -11.875 -6.410714626312256
vt -11.875 -5.25
vt -11.919642448425293 -5.25
vt 8.48214340209961 -6.410714626312256
vt 8.48214340209961 -5.25
vt 8.571429252624512 -5.25
vt 8.571429252624512 -6.410714626312256
vt -12.098214149475098 -6.410714626312256
vt -11.91964340209961 -6.410714626312256
vt -11.91964340209961 -6.3214287757873535
vt -12.098214149475098 -6.3214287757873535
vt 8.48214340209961 -11.098214149475098
vt 8.48214340209961 -10.91964340209961
vt 8.571429252624512 -10.91964340209961
vt 8.571429252624512 -11.098214149475098
vt -11.91964340209961 -5.339285850524902
vt -11.91964340209961 -5.25
vt -12.098214149475098 -5.25
vt -12.098214149475098 -5.339285850524902
vt 8.571429252624512 -11.098214149475098
vt 8.571429252624512 -10.91964340209961
vt 8.48214340209961 -10.91964340209961
vt 8.48214340209961 -11.098214149475098
vt -11.919642448425293 -6.3214287757873535
vt -11.919642448425293 -5.339285850524902
vt -12.098214149475098 -5.339285850524902
vt -12.098214149475098 -6.3214287757873535
vt 8.571428298950195 -6.410714626312256
vt 8.482142448425293 -6.410714626312256
vt 8.482142448425293 -5.25
vt 8.571428298950195 -5.25
vt -12.142855644226074 -5.25
vt -12.142855644226074 -6.410714626312256
vt -12.098212242126465 -6.410714626312256
vt -12.098212242126465 -5.25
vt 8.571428298950195 -6.410714626312256
vt 8.571428298950195 -5.25
vt 8.482142448425293 -5.25
vt 8.482142448425293 -6.410714626312256
vt 8.48214340209961 -5.25
vt 8.48214340209961 -6.410714626312256
vt 8.571428298950195 -6.410714626312256
vt 8.571428298950195 -5.25
vt -11.919641494750977 -6.410714626312256
vt -11.874998092651367 -6.410714626312256
vt -11.874998092651367 -5.25
vt -11.919641494750977 -5.25
vt 8.48214340209961 -6.410714626312256
vt 8.48214340209961 -5.25
vt 8.571428298950195 -5.25
vt 8.571428298950195 -6.410714626312256
vt -12.098214149475098 -6.410714626312256
vt -11.91964340209961 -6.410714626312256
vt -11.91964340209961 -6.3214287757873535
vt -12.098214149475098 -6.3214287757873535
vt 8.482142448425293 -11.098214149475098
vt 8.482142448425293 -10.91964340209961
vt 8.571428298950195 -10.91964340209961
vt 8.571428298950195 -11.098214149475098
vt -11.91964340209961 -5.339285850524902
vt -11.91964340209961 -5.25
vt -12.098214149475098 -5.25
vt -12.098214149475098 -5.339285850524902
vt 8.571428298950195 -11.098214149475098
vt 8.571428298950195 -10.91964340209961
vt 8.482142448425293 -10.91964340209961
vt 8.482142448425293 -11.098214149475098
vt -11.919641494750977 -6.3214287757873535
vt -11.919641494750977 -5.339285850524902
vt -12.098212242126465 -5.339285850524902
vt -12.098212242126465 -6.3214287757873535
vt 4.75 -4.15625
vt 4.75 -4.1875
vt 4.3125 -4.1875
vt 4.3125 -4.15625
vt 4.75 -4.1875
vt 4.75 -4.15625
vt 4.3125 -4.15625
vt 4.3125 -4.1875
vt 4.3125 -5.6875
vt 4.75 -5.6875
vt 4.75 -7.9375
vt 4.3125 -7.9375
vt -6.6875 -4.15625
vt -8.9375 -4.15625
vt -8.9375 -4.1875
vt -6.6875 -4.1875
vt -8.9375 -4.15625
vt -6.6875 -4.15625
vt -6.6875 -4.1875
vt -8.9375 -4.1875
vt 4.884041786193848 -6.545139312744141
vt 4.887651443481445 -6.53838586807251
vt 4.889874458312988 -6.531058311462402
vt 4.879183769226074 -6.551058769226074
vt 4.873264312744141 -6.555916786193848
vt 4.86651086807251 -6.559526443481445
vt 4.859183311462402 -6.561749458312988
vt 4.8515625 -6.5625
vt 4.843941688537598 -6.561749458312988
vt 4.83661413192749 -6.559526443481445
vt 4.829860687255859 -6.555916786193848
vt 4.823941230773926 -6.551058769226074
vt 4.819083213806152 -6.545139312744141
vt 4.815473556518555 -6.53838586807251
vt 4.813250541687012 -6.531058311462402
vt 4.8125 -6.5234375
vt 4.813250541687012 -6.515816688537598
vt 4.815473556518555 -6.50848913192749
vt 4.819083213806152 -6.501735687255859
vt 4.823941230773926 -6.495816230773926
vt 4.829860687255859 -6.490958213806152
vt 4.83661413192749 -6.487348556518555
vt 4.843941688537598 -6.485125541687012
vt 4.8515625 -6.484375
vt 4.859183311462402 -6.485125541687012
vt 4.86651086807251 -6.487348556518555
vt 4.873264312744141 -6.490958213806152
vt 4.879183769226074 -6.495816230773926
vt 4.884041786193848 -6.501735687255859
vt 4.887651443481445 -6.50848913192749
vt 4.889874458312988 -6.515816688537598
vt 4.890625 -6.5234375
vt 4.887651443481445 -6.50848913192749
vt 4.889874458312988 -6.515816688537598
vt 4.890625 -6.5234375
vt 4.884041786193848 -6.501735687255859
vt 4.879183769226074 -6.495816230773926
vt 4.873264312744141 -6.490958213806152
vt 4.86651086807251 -6.487348556518555
vt 4.859183311462402 -6.485125541687012
vt 4.8515625 -6.484375
vt 4.843941688537598 -6.485125541687012
vt 4.83661413192749 -6.487348556518555
vt 4.829860687255859 -6.490958213806152
vt 4.823941230773926 -6.495816230773926
vt 4.819083213806152 -6.501735687255859
vt 4.815473556518555 -6.50848913192749
vt 4.813250541687012 -6.515816688537598
vt 4.8125 -6.5234375
vt 4.813250541687012 -6.531058311462402
vt 4.815473556518555 -6.53838586807251
vt 4.819083213806152 -6.545139312744141
vt 4.823941230773926 -6.551058769226074
vt 4.829860687255859 -6.555916786193848
vt 4.83661413192749 -6.559526443481445
vt 4.843941688537598 -6.561749458312988
vt 4.8515625 -6.5625
vt 4.859183311462402 -6.561749458312988
vt 4.86651086807251 -6.559526443481445
vt 4.873264312744141 -6.555916786193848
vt 4.879183769226074 -6.551058769226074
vt 4.884041786193848 -6.545139312744141
vt 4.887651443481445 -6.53838586807251
vt 4.889874458312988 -6.531058311462402
vt -7.515816688537598 -3.8134193420410156
vt -7.515816688537598 -3.875
vt -7.5234375 -3.875
vt -7.5234375 -3.8134193420410156
vt -7.50848913192749 -3.8134193420410156
vt -7.50848913192749 -3.875
vt -7.515816688537598 -3.875
vt -7.515816688537598 -3.8134193420410156
vt -7.501735687255859 -3.8134193420410156
vt -7.501735687255859 -3.875
vt -7.50848913192749 -3.875
vt -7.50848913192749 -3.8134193420410156
vt -7.495816230773926 -3.8134193420410156
vt -7.495816230773926 -3.875
vt -7.501735687255859 -3.875
vt -7.501735687255859 -3.8134193420410156
vt 4.873264312744141 -3.8134193420410156
vt 4.873264312744141 -3.875
vt 4.879183769226074 -3.875
vt 4.879183769226074 -3.8134193420410156
vt 4.86651086807251 -3.8134193420410156
vt 4.86651086807251 -3.875
vt 4.873264312744141 -3.875
vt 4.873264312744141 -3.8134193420410156
vt 4.859183311462402 -3.8134193420410156
vt 4.859183311462402 -3.875
vt 4.86651086807251 -3.875
vt 4.86651086807251 -3.8134193420410156
vt 4.8515625 -3.8134193420410156
vt 4.8515625 -3.875
vt 4.859183311462402 -3.875
vt 4.859183311462402 -3.8134193420410156
vt 4.843941688537598 -3.8134193420410156
vt 4.843941688537598 -3.875
vt 4.8515625 -3.875
vt 4.8515625 -3.8134193420410156
vt 4.83661413192749 -3.8134193420410156
vt 4.83661413192749 -3.875
vt 4.843941688537598 -3.875
vt 4.843941688537598 -3.8134193420410156
vt 4.829860687255859 -3.8134193420410156
vt 4.829860687255859 -3.875
vt 4.83661413192749 -3.875
vt 4.83661413192749 -3.8134193420410156
vt 4.823941230773926 -3.8134193420410156
vt 4.823941230773926 -3.875
vt 4.829860687255859 -3.875
vt 4.829860687255859 -3.8134193420410156
vt -7.501735687255859 -3.8134193420410156
vt -7.501735687255859 -3.875
vt -7.495816230773926 -3.875
vt -7.495816230773926 -3.8134193420410156
vt -7.50848913192749 -3.8134193420410156
vt -7.50848913192749 -3.875
vt -7.501735687255859 -3.875
vt -7.501735687255859 -3.8134193420410156
vt -7.515816688537598 -3.8134193420410156
vt -7.515816688537598 -3.875
vt -7.50848913192749 -3.875
vt -7.50848913192749 -3.8134193420410156
vt -7.5234375 -3.8134193420410156
vt -7.5234375 -3.875
vt -7.515816688537598 -3.875
vt -7.515816688537598 -3.8134193420410156
vt -7.531058311462402 -3.8134193420410156
vt -7.531058311462402 -3.875
vt -7.5234375 -3.875
vt -7.5234375 -3.8134193420410156
vt -7.53838586807251 -3.8134193420410156
vt -7.53838586807251 -3.875
vt -7.531058311462402 -3.875
vt -7.531058311462402 -3.8134193420410156
vt -7.545139312744141 -3.8134193420410156
vt -7.545139312744141 -3.875
vt -7.53838586807251 -3.875
vt -7.53838586807251 -3.8134193420410156
vt -7.551058769226074 -3.8134193420410156
vt -7.551058769226074 -3.875
vt -7.545139312744141 -3.875
vt -7.545139312744141 -3.8134193420410156
vt 4.829860687255859 -3.8134193420410156
vt 4.829860687255859 -3.875
vt 4.823941230773926 -3.875
vt 4.823941230773926 -3.8134193420410156
vt 4.83661413192749 -3.8134193420410156
vt 4.83661413192749 -3.875
vt 4.829860687255859 -3.875
vt 4.829860687255859 -3.8134193420410156
vt 4.843941688537598 -3.8134193420410156
vt 4.843941688537598 -3.875
vt 4.83661413192749 -3.875
vt 4.83661413192749 -3.8134193420410156
vt 4.8515625 -3.8134193420410156
vt 4.8515625 -3.875
vt 4.843941688537598 -3.875
vt 4.843941688537598 -3.8134193420410156
vt 4.859183311462402 -3.8134193420410156
vt 4.859183311462402 -3.875
vt 4.8515625 -3.875
vt 4.8515625 -3.8134193420410156
vt 4.86651086807251 -3.8134193420410156
vt 4.86651086807251 -3.875
vt 4.859183311462402 -3.875
vt 4.859183311462402 -3.8134193420410156
vt 4.873264312744141 -3.8134193420410156
vt 4.873264312744141 -3.875
vt 4.86651086807251 -3.875
vt 4.86651086807251 -3.8134193420410156
vt 4.879183769226074 -3.8134193420410156
vt 4.879183769226074 -3.875
vt 4.873264312744141 -3.875
vt 4.873264312744141 -3.8134193420410156
vt -7.545139312744141 -3.8134193420410156
vt -7.545139312744141 -3.875
vt -7.551058769226074 -3.875
vt -7.551058769226074 -3.8134193420410156
vt -7.53838586807251 -3.8134193420410156
vt -7.53838586807251 -3.875
vt -7.545139312744141 -3.875
vt -7.545139312744141 -3.8134193420410156
vt -7.531058311462402 -3.8134193420410156
vt -7.531058311462402 -3.875
vt -7.53838586807251 -3.875
vt -7.53838586807251 -3.8134193420410156
vt -7.5234375 -3.8134193420410156
vt -7.5234375 -3.875
vt -7.531058311462402 -3.875
vt -7.531058311462402 -3.8134193420410156
vt 4.8697333335876465 -6.532986640930176
vt 4.872621059417725 -6.527583599090576
vt 4.874399662017822 -6.521721839904785
vt 4.865847110748291 -6.537722110748291
vt 4.861111640930176 -6.5416083335876465
vt 4.855708599090576 -6.544496059417725
vt 4.849846839904785 -6.546274662017822
vt 4.84375 -6.546875
vt 4.837653160095215 -6.546274662017822
vt 4.831791400909424 -6.544496059417725
vt 4.826388359069824 -6.5416083335876465
vt 4.821652889251709 -6.537722110748291
vt 4.8177666664123535 -6.532986640930176
vt 4.814878940582275 -6.527583599090576
vt 4.813100337982178 -6.521721839904785
vt 4.8125 -6.515625
vt 4.813100337982178 -6.509528160095215
vt 4.814878940582275 -6.503666400909424
vt 4.8177666664123535 -6.498263359069824
vt 4.821652889251709 -6.493527889251709
vt 4.826388359069824 -6.4896416664123535
vt 4.831791400909424 -6.486753940582275
vt 4.837653160095215 -6.484975337982178
vt 4.84375 -6.484375
vt 4.849846839904785 -6.484975337982178
vt 4.855708599090576 -6.486753940582275
vt 4.861111640930176 -6.4896416664123535
vt 4.865847110748291 -6.493527889251709
vt 4.8697333335876465 -6.498263359069824
vt 4.872621059417725 -6.503666400909424
vt 4.874399662017822 -6.509528160095215
vt 4.875 -6.515625
vt -7.509528160095215 -3.71875
vt -7.509528160095215 -3.875
vt -7.515625 -3.875
vt -7.515625 -3.71875
vt -7.503666400909424 -3.71875
vt -7.503666400909424 -3.875
vt -7.509528160095215 -3.875
vt -7.509528160095215 -3.71875
vt -7.498263359069824 -3.71875
vt -7.498263359069824 -3.875
vt -7.503666400909424 -3.875
vt -7.503666400909424 -3.71875
vt -7.493527889251709 -3.71875
vt -7.493527889251709 -3.875
vt -7.498263359069824 -3.875
vt -7.498263359069824 -3.71875
vt 4.861111640930176 -3.71875
vt 4.861111640930176 -3.875
vt 4.865847110748291 -3.875
vt 4.865847110748291 -3.71875
vt 4.855708599090576 -3.71875
vt 4.855708599090576 -3.875
vt 4.861111640930176 -3.875
vt 4.861111640930176 -3.71875
vt 4.849846839904785 -3.71875
vt 4.849846839904785 -3.875
vt 4.855708599090576 -3.875
vt 4.855708599090576 -3.71875
vt 4.84375 -3.71875
vt 4.84375 -3.875
vt 4.849846839904785 -3.875
vt 4.849846839904785 -3.71875
vt 4.837653160095215 -3.71875
vt 4.837653160095215 -3.875
vt 4.84375 -3.875
vt 4.84375 -3.71875
vt 4.831791400909424 -3.71875
vt 4.831791400909424 -3.875
vt 4.837653160095215 -3.875
vt 4.837653160095215 -3.71875
vt 4.826388359069824 -3.71875
vt 4.826388359069824 -3.875
vt 4.831791400909424 -3.875
vt 4.831791400909424 -3.71875
vt 4.821652889251709 -3.71875
vt 4.821652889251709 -3.875
vt 4.826388359069824 -3.875
vt 4.826388359069824 -3.71875
vt -7.498263359069824 -3.71875
vt -7.498263359069824 -3.875
vt -7.493527889251709 -3.875
vt -7.493527889251709 -3.71875
vt -7.503666400909424 -3.71875
vt -7.503666400909424 -3.875
vt -7.498263359069824 -3.875
vt -7.498263359069824 -3.71875
vt -7.509528160095215 -3.71875
vt -7.509528160095215 -3.875
vt -7.503666400909424 -3.875
vt -7.503666400909424 -3.71875
vt -7.515625 -3.71875
vt -7.515625 -3.875
vt -7.509528160095215 -3.875
vt -7.509528160095215 -3.71875
vt -7.521721839904785 -3.71875
vt -7.521721839904785 -3.875
vt -7.515625 -3.875
vt -7.515625 -3.71875
vt -7.527583599090576 -3.71875
vt -7.527583599090576 -3.875
vt -7.521721839904785 -3.875
vt -7.521721839904785 -3.71875
vt -7.532986640930176 -3.71875
vt -7.532986640930176 -3.875
vt -7.527583599090576 -3.875
vt -7.527583599090576 -3.71875
vt -7.537722110748291 -3.71875
vt -7.537722110748291 -3.875
vt -7.532986640930176 -3.875
vt -7.532986640930176 -3.71875
vt 4.826388359069824 -3.71875
vt 4.826388359069824 -3.875
vt 4.821652889251709 -3.875
vt 4.821652889251709 -3.71875
vt 4.831791400909424 -3.71875
vt 4.831791400909424 -3.875
vt 4.826388359069824 -3.875
vt 4.826388359069824 -3.71875
vt 4.837653160095215 -3.71875
vt 4.837653160095215 -3.875
vt 4.831791400909424 -3.875
vt 4.831791400909424 -3.71875
vt 4.84375 -3.71875
vt 4.84375 -3.875
vt 4.837653160095215 -3.875
vt 4.837653160095215 -3.71875
vt 4.849846839904785 -3.71875
vt 4.849846839904785 -3.875
vt 4.84375 -3.875
vt 4.84375 -3.71875
vt 4.855708599090576 -3.71875
vt 4.855708599090576 -3.875
vt 4.849846839904785 -3.875
vt 4.849846839904785 -3.71875
vt 4.861111640930176 -3.71875
vt 4.861111640930176 -3.875
vt 4.855708599090576 -3.875
vt 4.855708599090576 -3.71875
vt 4.865847110748291 -3.71875
vt 4.865847110748291 -3.875
vt 4.861111640930176 -3.875
vt 4.861111640930176 -3.71875
vt -7.532986640930176 -3.71875
vt -7.532986640930176 -3.875
vt -7.537722110748291 -3.875
vt -7.537722110748291 -3.71875
vt -7.527583599090576 -3.71875
vt -7.527583599090576 -3.875
vt -7.532986640930176 -3.875
vt -7.532986640930176 -3.71875
vt -7.521721839904785 -3.71875
vt -7.521721839904785 -3.875
vt -7.527583599090576 -3.875
vt -7.527583599090576 -3.71875
vt -7.515625 -3.71875
vt -7.515625 -3.875
vt -7.521721839904785 -3.875
vt -7.521721839904785 -3.71875
vt 4.884041786193848 -6.545139312744141
vt 4.887651443481445 -6.538385391235352
vt 4.889874458312988 -6.531058311462402
vt 4.879183769226074 -6.551058769226074
vt 4.873264312744141 -6.555916786193848
vt 4.86651086807251 -6.559526443481445
vt 4.859183311462402 -6.561749458312988
vt 4.8515625 -6.5625
vt 4.843941688537598 -6.561749458312988
vt 4.83661413192749 -6.559526443481445
vt 4.829860687255859 -6.555916786193848
vt 4.823941230773926 -6.551058769226074
vt 4.819083213806152 -6.545139312744141
vt 4.815473556518555 -6.538385391235352
vt 4.813250541687012 -6.531058311462402
vt 4.8125 -6.5234375
vt 4.813250541687012 -6.515816688537598
vt 4.815473556518555 -6.508489608764648
vt 4.819083213806152 -6.501735687255859
vt 4.823941230773926 -6.495816230773926
vt 4.829860687255859 -6.490958213806152
vt 4.83661413192749 -6.487348556518555
vt 4.843941688537598 -6.485125541687012
vt 4.8515625 -6.484375
vt 4.859183311462402 -6.485125541687012
vt 4.86651086807251 -6.487348556518555
vt 4.873264312744141 -6.490958213806152
vt 4.879183769226074 -6.495816230773926
vt 4.884041786193848 -6.501735687255859
vt 4.887651443481445 -6.508489608764648
vt 4.889874458312988 -6.515816688537598
vt 4.890625 -6.5234375
vt 4.887651443481445 -6.508489608764648
vt 4.889874458312988 -6.515816688537598
vt 4.890625 -6.5234375
vt 4.884041786193848 -6.501735687255859
vt 4.879183769226074 -6.495816230773926
vt 4.873264312744141 -6.490958213806152
vt 4.86651086807251 -6.487348556518555
vt 4.859183311462402 -6.485125541687012
vt 4.8515625 -6.484375
vt 4.843941688537598 -6.485125541687012
vt 4.83661413192749 -6.487348556518555
vt 4.829860687255859 -6.490958213806152
vt 4.823941230773926 -6.495816230773926
vt 4.819083213806152 -6.501735687255859
vt 4.815473556518555 -6.508489608764648
vt 4.813250541687012 -6.515816688537598
vt 4.8125 -6.5234375
vt 4.813250541687012 -6.531058311462402
vt 4.815473556518555 -6.538385391235352
vt 4.819083213806152 -6.545139312744141
vt 4.823941230773926 -6.551058769226074
vt 4.829860687255859 -6.555916786193848
vt 4.83661413192749 -6.559526443481445
vt 4.843941688537598 -6.561749458312988
vt 4.8515625 -6.5625
vt 4.859183311462402 -6.561749458312988
vt 4.86651086807251 -6.559526443481445
vt 4.873264312744141 -6.555916786193848
vt 4.879183769226074 -6.551058769226074
vt 4.884041786193848 -6.545139312744141
vt 4.887651443481445 -6.538385391235352
vt 4.889874458312988 -6.531058311462402
vt -7.515816688537598 -3.8134193420410156
vt -7.515816688537598 -3.875
vt -7.5234375 -3.875
vt -7.5234375 -3.8134193420410156
vt -7.508489608764648 -3.8134193420410156
vt -7.508489608764648 -3.875
vt -7.515816688537598 -3.875
vt -7.515816688537598 -3.8134193420410156
vt -7.501735687255859 -3.8134193420410156
vt -7.501735687255859 -3.875
vt -7.508489608764648 -3.875
vt -7.508489608764648 -3.8134193420410156
vt -7.495816230773926 -3.8134193420410156
vt -7.495816230773926 -3.875
vt -7.501735687255859 -3.875
vt -7.501735687255859 -3.8134193420410156
vt 4.873264312744141 -3.8134193420410156
vt 4.873264312744141 -3.875
vt 4.879183769226074 -3.875
vt 4.879183769226074 -3.8134193420410156
vt 4.86651086807251 -3.8134193420410156
vt 4.86651086807251 -3.875
vt 4.873264312744141 -3.875
vt 4.873264312744141 -3.8134193420410156
vt 4.859183311462402 -3.8134193420410156
vt 4.859183311462402 -3.875
vt 4.86651086807251 -3.875
vt 4.86651086807251 -3.8134193420410156
vt 4.8515625 -3.8134193420410156
vt 4.8515625 -3.875
vt 4.859183311462402 -3.875
vt 4.859183311462402 -3.8134193420410156
vt 4.843941688537598 -3.8134193420410156
vt 4.843941688537598 -3.875
vt 4.8515625 -3.875
vt 4.8515625 -3.8134193420410156
vt 4.83661413192749 -3.8134193420410156
vt 4.83661413192749 -3.875
vt 4.843941688537598 -3.875
vt 4.843941688537598 -3.8134193420410156
vt 4.829860687255859 -3.8134193420410156
vt 4.829860687255859 -3.875
vt 4.83661413192749 -3.875
vt 4.83661413192749 -3.8134193420410156
vt 4.823941230773926 -3.8134193420410156
vt 4.823941230773926 -3.875
vt 4.829860687255859 -3.875
vt 4.829860687255859 -3.8134193420410156
vt -7.501735687255859 -3.8134193420410156
vt -7.501735687255859 -3.875
vt -7.495816230773926 -3.875
vt -7.495816230773926 -3.8134193420410156
vt -7.508489608764648 -3.8134193420410156
vt -7.508489608764648 -3.875
vt -7.501735687255859 -3.875
vt -7.501735687255859 -3.8134193420410156
vt -7.515816688537598 -3.8134193420410156
vt -7.515816688537598 -3.875
vt -7.508489608764648 -3.875
vt -7.508489608764648 -3.8134193420410156
vt -7.5234375 -3.8134193420410156
vt -7.5234375 -3.875
vt -7.515816688537598 -3.875
vt -7.515816688537598 -3.8134193420410156
vt -7.531058311462402 -3.8134193420410156
vt -7.531058311462402 -3.875
vt -7.5234375 -3.875
vt -7.5234375 -3.8134193420410156
vt -7.538385391235352 -3.8134193420410156
vt -7.538385391235352 -3.875
vt -7.531058311462402 -3.875
vt -7.531058311462402 -3.8134193420410156
vt -7.545139312744141 -3.8134193420410156
vt -7.545139312744141 -3.875
vt -7.538385391235352 -3.875
vt -7.538385391235352 -3.8134193420410156
vt -7.551058769226074 -3.8134193420410156
vt -7.551058769226074 -3.875
vt -7.545139312744141 -3.875
vt -7.545139312744141 -3.8134193420410156
vt 4.829860687255859 -3.8134193420410156
vt 4.829860687255859 -3.875
vt 4.823941230773926 -3.875
vt 4.823941230773926 -3.8134193420410156
vt 4.83661413192749 -3.8134193420410156
vt 4.83661413192749 -3.875
vt 4.829860687255859 -3.875
vt 4.829860687255859 -3.8134193420410156
vt 4.843941688537598 -3.8134193420410156
vt 4.843941688537598 -3.875
vt 4.83661413192749 -3.875
vt 4.83661413192749 -3.8134193420410156
vt 4.8515625 -3.8134193420410156
vt 4.8515625 -3.875
vt 4.843941688537598 -3.875
vt 4.843941688537598 -3.8134193420410156
vt 4.859183311462402 -3.8134193420410156
vt 4.859183311462402 -3.875
vt 4.8515625 -3.875
vt 4.8515625 -3.8134193420410156
vt 4.86651086807251 -3.8134193420410156
vt 4.86651086807251 -3.875
vt 4.859183311462402 -3.875
vt 4.859183311462402 -3.8134193420410156
vt 4.873264312744141 -3.8134193420410156
vt 4.873264312744141 -3.875
vt 4.86651086807251 -3.875
vt 4.86651086807251 -3.8134193420410156
vt 4.879183769226074 -3.8134193420410156
vt 4.879183769226074 -3.875
vt 4.873264312744141 -3.875
vt 4.873264312744141 -3.8134193420410156
vt -7.545139312744141 -3.8134193420410156
vt -7.545139312744141 -3.875
vt -7.551058769226074 -3.875
vt -7.551058769226074 -3.8134193420410156
vt -7.538385391235352 -3.8134193420410156
vt -7.538385391235352 -3.875
vt -7.545139312744141 -3.875
vt -7.545139312744141 -3.8134193420410156
vt -7.531058311462402 -3.8134193420410156
vt -7.531058311462402 -3.875
vt -7.538385391235352 -3.875
vt -7.538385391235352 -3.8134193420410156
vt -7.5234375 -3.8134193420410156
vt -7.5234375 -3.875
vt -7.531058311462402 -3.875
vt -7.531058311462402 -3.8134193420410156
vt -7.509528160095215 -3.71875
vt -7.509528160095215 -3.875
vt -7.515625 -3.875
vt -7.515625 -3.71875
vt -7.503665924072266 -3.71875
vt -7.503665924072266 -3.875
vt -7.509528160095215 -3.875
vt -7.509528160095215 -3.71875
vt -7.498263359069824 -3.71875
vt -7.498263359069824 -3.875
vt -7.503665924072266 -3.875
vt -7.503665924072266 -3.71875
vt -7.493528366088867 -3.71875
vt -7.493528366088867 -3.875
vt -7.498263359069824 -3.875
vt -7.498263359069824 -3.71875
vt 4.861111640930176 -3.71875
vt 4.861111640930176 -3.875
vt 4.865847110748291 -3.875
vt 4.865847110748291 -3.71875
vt 4.855708599090576 -3.71875
vt 4.855708599090576 -3.875
vt 4.861111640930176 -3.875
vt 4.861111640930176 -3.71875
vt 4.849846839904785 -3.71875
vt 4.849846839904785 -3.875
vt 4.855708599090576 -3.875
vt 4.855708599090576 -3.71875
vt 4.84375 -3.71875
vt 4.84375 -3.875
vt 4.849846839904785 -3.875
vt 4.849846839904785 -3.71875
vt 4.837653160095215 -3.71875
vt 4.837653160095215 -3.875
vt 4.84375 -3.875
vt 4.84375 -3.71875
vt 4.831791400909424 -3.71875
vt 4.831791400909424 -3.875
vt 4.837653160095215 -3.875
vt 4.837653160095215 -3.71875
vt 4.826388359069824 -3.71875
vt 4.826388359069824 -3.875
vt 4.831791400909424 -3.875
vt 4.831791400909424 -3.71875
vt 4.821652889251709 -3.71875
vt 4.821652889251709 -3.875
vt 4.826388359069824 -3.875
vt 4.826388359069824 -3.71875
vt -7.498263359069824 -3.71875
vt -7.498263359069824 -3.875
vt -7.493528366088867 -3.875
vt -7.493528366088867 -3.71875
vt -7.503665924072266 -3.71875
vt -7.503665924072266 -3.875
vt -7.498263359069824 -3.875
vt -7.498263359069824 -3.71875
vt -7.509528160095215 -3.71875
vt -7.509528160095215 -3.875
vt -7.503665924072266 -3.875
vt -7.503665924072266 -3.71875
vt -7.515625 -3.71875
vt -7.515625 -3.875
vt -7.509528160095215 -3.875
vt -7.509528160095215 -3.71875
vt -7.521721839904785 -3.71875
vt -7.521721839904785 -3.875
vt -7.515625 -3.875
vt -7.515625 -3.71875
vt -7.527584075927734 -3.71875
vt -7.527584075927734 -3.875
vt -7.521721839904785 -3.875
vt -7.521721839904785 -3.71875
vt -7.532986640930176 -3.71875
vt -7.532986640930176 -3.875
vt -7.527584075927734 -3.875
vt -7.527584075927734 -3.71875
vt -7.537721633911133 -3.71875
vt -7.537721633911133 -3.875
vt -7.532986640930176 -3.875
vt -7.532986640930176 -3.71875
vt 4.826388359069824 -3.71875
vt 4.826388359069824 -3.875
vt 4.821652889251709 -3.875
vt 4.821652889251709 -3.71875
vt 4.831791400909424 -3.71875
vt 4.831791400909424 -3.875
vt 4.826388359069824 -3.875
vt 4.826388359069824 -3.71875
vt 4.837653160095215 -3.71875
vt 4.837653160095215 -3.875
vt 4.831791400909424 -3.875
vt 4.831791400909424 -3.71875
vt 4.84375 -3.71875
vt 4.84375 -3.875
vt 4.837653160095215 -3.875
vt 4.837653160095215 -3.71875
vt 4.849846839904785 -3.71875
vt 4.849846839904785 -3.875
vt 4.84375 -3.875
vt 4.84375 -3.71875
vt 4.855708599090576 -3.71875
vt 4.855708599090576 -3.875
vt 4.849846839904785 -3.875
vt 4.849846839904785 -3.71875
vt 4.861111640930176 -3.71875
vt 4.861111640930176 -3.875
vt 4.855708599090576 -3.875
vt 4.855708599090576 -3.71875
vt 4.865847110748291 -3.71875
vt 4.865847110748291 -3.875
vt 4.861111640930176 -3.875
vt 4.861111640930176 -3.71875
vt -7.532986640930176 -3.71875
vt -7.532986640930176 -3.875
vt -7.537721633911133 -3.875
vt -7.537721633911133 -3.71875
vt -7.527584075927734 -3.71875
vt -7.527584075927734 -3.875
vt -7.532986640930176 -3.875
vt -7.532986640930176 -3.71875
vt -7.521721839904785 -3.71875
vt -7.521721839904785 -3.875
vt -7.527584075927734 -3.875
vt -7.527584075927734 -3.71875
vt -7.515625 -3.71875
vt -7.515625 -3.875
vt -7.521721839904785 -3.875
vt -7.521721839904785 -3.71875
vt -9.015625 -3.606518268585205
vt -7.65625 -3.606518268585205
vt -7.65625 -3.6171875
vt -9.015625 -3.6171875
vt -9.015625 -3.596259593963623
vt -7.65625 -3.596259593963623
vt -7.65625 -3.606518268585205
vt -9.015625 -3.606518268585205
vt -9.015625 -3.5868043899536133
vt -7.65625 -3.5868043899536133
vt -7.65625 -3.596259593963623
vt -9.015625 -3.596259593963623
vt -9.015625 -3.578517436981201
vt -7.65625 -3.578517436981201
vt -7.65625 -3.5868043899536133
vt -9.015625 -3.5868043899536133
vt 4.553820610046387 -8.015625
vt 4.553820610046387 -6.65625
vt 4.562107563018799 -6.65625
vt 4.562107563018799 -8.015625
vt 4.544365406036377 -8.015625
vt 4.544365406036377 -6.65625
vt 4.553820610046387 -6.65625
vt 4.553820610046387 -8.015625
vt 4.534106731414795 -8.015625
vt 4.534106731414795 -6.65625
vt 4.544365406036377 -6.65625
vt 4.544365406036377 -8.015625
vt 4.5234375 -8.015625
vt 4.5234375 -6.65625
vt 4.534106731414795 -6.65625
vt 4.534106731414795 -8.015625
vt 4.512768268585205 -8.015625
vt 4.512768268585205 -6.65625
vt 4.5234375 -6.65625
vt 4.5234375 -8.015625
vt 4.502509593963623 -8.015625
vt 4.502509593963623 -6.65625
vt 4.512768268585205 -6.65625
vt 4.512768268585205 -8.015625
vt 4.493054389953613 -8.015625
vt 4.493054389953613 -6.65625
vt 4.502509593963623 -6.65625
vt 4.502509593963623 -8.015625
vt 4.484767436981201 -8.015625
vt 4.484767436981201 -6.65625
vt 4.493054389953613 -6.65625
vt 4.493054389953613 -8.015625
vt -9.015625 -3.5868043899536133
vt -7.65625 -3.5868043899536133
vt -7.65625 -3.578517436981201
vt -9.015625 -3.578517436981201
vt -9.015625 -3.596259593963623
vt -7.65625 -3.596259593963623
vt -7.65625 -3.5868043899536133
vt -9.015625 -3.5868043899536133
vt -9.015625 -3.606518268585205
vt -7.65625 -3.606518268585205
vt -7.65625 -3.596259593963623
vt -9.015625 -3.596259593963623
vt -9.015625 -3.6171875
vt -7.65625 -3.6171875
vt -7.65625 -3.606518268585205
vt -9.015625 -3.606518268585205
vt -9.015625 -3.627856731414795
vt -7.65625 -3.627856731414795
vt -7.65625 -3.6171875
vt -9.015625 -3.6171875
vt -9.015625 -3.638115406036377
vt -7.65625 -3.638115406036377
vt -7.65625 -3.627856731414795
vt -9.015625 -3.627856731414795
vt -9.015625 -3.6475706100463867
vt -7.65625 -3.6475706100463867
vt -7.65625 -3.638115406036377
vt -9.015625 -3.638115406036377
vt -9.015625 -3.655857563018799
vt -7.65625 -3.655857563018799
vt -7.65625 -3.6475706100463867
vt -9.015625 -3.6475706100463867
vt 4.493054389953613 -8.015625
vt 4.493054389953613 -6.65625
vt 4.484767436981201 -6.65625
vt 4.484767436981201 -8.015625
vt 4.502509593963623 -8.015625
vt 4.502509593963623 -6.65625
vt 4.493054389953613 -6.65625
vt 4.493054389953613 -8.015625
vt 4.512768268585205 -8.015625
vt 4.512768268585205 -6.65625
vt 4.502509593963623 -6.65625
vt 4.502509593963623 -8.015625
vt 4.5234375 -8.015625
vt 4.5234375 -6.65625
vt 4.512768268585205 -6.65625
vt 4.512768268585205 -8.015625
vt 4.534106731414795 -8.015625
vt 4.534106731414795 -6.65625
vt 4.5234375 -6.65625
vt 4.5234375 -8.015625
vt 4.544365406036377 -8.015625
vt 4.544365406036377 -6.65625
vt 4.534106731414795 -6.65625
vt 4.534106731414795 -8.015625
vt 4.553820610046387 -8.015625
vt 4.553820610046387 -6.65625
vt 4.544365406036377 -6.65625
vt 4.544365406036377 -8.015625
vt 4.562107563018799 -8.015625
vt 4.562107563018799 -6.65625
vt 4.553820610046387 -6.65625
vt 4.553820610046387 -8.015625
vt -9.015625 -3.6475706100463867
vt -7.65625 -3.6475706100463867
vt -7.65625 -3.655857563018799
vt -9.015625 -3.655857563018799
vt -9.015625 -3.638115406036377
vt -7.65625 -3.638115406036377
vt -7.65625 -3.6475706100463867
vt -9.015625 -3.6475706100463867
vt -9.015625 -3.627856731414795
vt -7.65625 -3.627856731414795
vt -7.65625 -3.638115406036377
vt -9.015625 -3.638115406036377
vt -9.015625 -3.6171875
vt -7.65625 -3.6171875
vt -7.65625 -3.627856731414795
vt -9.015625 -3.627856731414795
vt 4.5859375 -3.546875
vt 4.5859375 -3.6875
vt 4.4609375 -3.6875
vt 4.4609375 -3.546875
vt 4.5859375 -3.6875
vt 4.5859375 -3.546875
vt 4.4609375 -3.546875
vt 4.4609375 -3.6875
vt 4.5859375 -6.546875
vt 4.4609375 -6.546875
vt 4.4609375 -6.65625
vt 4.5859375 -6.65625
vt 4.4609375 -6.546875
vt 4.5859375 -6.546875
vt 4.5859375 -6.65625
vt 4.4609375 -6.65625
vt -7.546875 -3.546875
vt -7.65625 -3.546875
vt -7.65625 -3.6875
vt -7.546875 -3.6875
vt -7.65625 -3.546875
vt -7.546875 -3.546875
vt -7.546875 -3.6875
vt -7.65625 -3.6875
vt 4.59375 -3.6875
vt 4.59375 -3.546875
vt 4.46875 -3.546875
vt 4.46875 -3.6875
vt 4.59375 -6.640625
vt 4.46875 -6.640625
vt 4.46875 -6.65625
vt 4.59375 -6.65625
vt 4.46875 -6.640625
vt 4.59375 -6.640625
vt 4.59375 -6.65625
vt 4.46875 -6.65625
vt -7.640625 -3.546875
vt -7.65625 -3.546875
vt -7.65625 -3.6875
vt -7.640625 -3.6875
vt -7.65625 -3.546875
vt -7.640625 -3.546875
vt -7.640625 -3.6875
vt -7.65625 -3.6875
vt -6.960668087005615 -3.0703125
vt -6.960668087005615 -3.07421875
vt -6.601831912994385 -3.07421875
vt -6.601831912994385 -3.0703125
vt -6.960668087005615 -3.07421875
vt -6.960668087005615 -3.0703125
vt -6.601831912994385 -3.0703125
vt -6.601831912994385 -3.07421875
vt 5.7607421875 -5.960668087005615
vt 5.7607421875 -5.601831912994385
vt 4.4892578125 -5.601831912994385
vt 4.4892578125 -5.960668087005615
vt 5.7607421875 -3.0703125
vt 4.4892578125 -3.0703125
vt 4.4892578125 -3.07421875
vt 5.7607421875 -3.07421875
vt 4.4892578125 -3.0703125
vt 5.7607421875 -3.0703125
vt 5.7607421875 -3.07421875
vt 4.4892578125 -3.07421875
vt -4.804956436157227 -0.10546875
vt -4.804956436157227 -0.12109375
vt -4.785560607910156 -0.12109375
vt -4.785560607910156 -0.10546875
vt -4.804956436157227 -0.12109375
vt -4.804956436157227 -0.10546875
vt -4.785560607910156 -0.10546875
vt -4.785560607910156 -0.12109375
vt 4.9794921875 -3.8049564361572266
vt 4.9794921875 -3.7855606079101562
vt 3.7080078125 -3.7855606079101562
vt 3.7080078125 -3.8049564361572266
vt 4.9794921875 -3.7855606079101562
vt 4.9794921875 -3.8049564361572266
vt 3.7080078125 -3.8049564361572266
vt 3.7080078125 -3.7855606079101562
vt 4.9794921875 -0.10546875
vt 3.7080078125 -0.10546875
vt 3.7080078125 -0.12109375
vt 4.9794921875 -0.12109375
vt 3.7080078125 -0.10546875
vt 4.9794921875 -0.10546875
vt 4.9794921875 -0.12109375
vt 3.7080078125 -0.12109375
vt -5.183189392089844 -0.10546875
vt -5.183189392089844 -0.12109375
vt -5.163793563842773 -0.12109375
vt -5.163793563842773 -0.10546875
vt -5.183189392089844 -0.12109375
vt -5.183189392089844 -0.10546875
vt -5.163793563842773 -0.10546875
vt -5.163793563842773 -0.12109375
vt 4.9794921875 -4.183189392089844
vt 4.9794921875 -4.163793563842773
vt 3.7080078125 -4.163793563842773
vt 3.7080078125 -4.183189392089844
vt 4.9794921875 -4.163793563842773
vt 4.9794921875 -4.183189392089844
vt 3.7080078125 -4.183189392089844
vt 3.7080078125 -4.163793563842773
vt 4.9794921875 -0.10546875
vt 3.7080078125 -0.10546875
vt 3.7080078125 -0.12109375
vt 4.9794921875 -0.12109375
vt 3.7080078125 -0.10546875
vt 4.9794921875 -0.10546875
vt 4.9794921875 -0.12109375
vt 3.7080078125 -0.12109375
vt -5.265625 -0.10546875
vt -5.265625 -0.12109375
vt -4.703125 -0.12109375
vt -4.703125 -0.10546875
vt -5.265625 -0.12109375
vt -5.265625 -0.10546875
vt -4.703125 -0.10546875
vt -4.703125 -0.12109375
vt 3.7080078125 -4.265625
vt 3.7080078125 -3.703125
vt 3.6875 -3.703125
vt 3.6875 -4.265625
vt 3.7080078125 -3.703125
vt 3.7080078125 -4.265625
vt 3.6875 -4.265625
vt 3.6875 -3.703125
vt 3.7080078125 -0.10546875
vt 3.6875 -0.10546875
vt 3.6875 -0.12109375
vt 3.7080078125 -0.12109375
vt 3.6875 -0.10546875
vt 3.7080078125 -0.10546875
vt 3.7080078125 -0.12109375
vt 3.6875 -0.12109375
vt -5.265625 -0.10546875
vt -5.265625 -0.12109375
vt -4.703125 -0.12109375
vt -4.703125 -0.10546875
vt -5.265625 -0.12109375
vt -5.265625 -0.10546875
vt -4.703125 -0.10546875
vt -4.703125 -0.12109375
vt 5.0 -4.265625
vt 5.0 -3.703125
vt 4.9794921875 -3.703125
vt 4.9794921875 -4.265625
vt 5.0 -3.703125
vt 5.0 -4.265625
vt 4.9794921875 -4.265625
vt 4.9794921875 -3.703125
vt 5.0 -0.10546875
vt 4.9794921875 -0.10546875
vt 4.9794921875 -0.12109375
vt 5.0 -0.12109375
vt 4.9794921875 -0.10546875
vt 5.0 -0.10546875
vt 5.0 -0.12109375
vt 4.9794921875 -0.12109375
vt -7.710668087005615 -3.0703125
vt -7.710668087005615 -3.07421875
vt -7.351831912994385 -3.07421875
vt -7.351831912994385 -3.0703125
vt -7.710668087005615 -3.07421875
vt -7.710668087005615 -3.0703125
vt -7.351831912994385 -3.0703125
vt -7.351831912994385 -3.07421875
vt 5.7607421875 -6.710668087005615
vt 5.7607421875 -6.351831912994385
vt 4.4892578125 -6.351831912994385
vt 4.4892578125 -6.710668087005615
vt 5.7607421875 -3.0703125
vt 4.4892578125 -3.0703125
vt 4.4892578125 -3.07421875
vt 5.7607421875 -3.07421875
vt 4.4892578125 -3.0703125
vt 5.7607421875 -3.0703125
vt 5.7607421875 -3.07421875
vt 4.4892578125 -3.07421875
vt -4.804956436157227 -0.10546875
vt -4.804956436157227 -0.12109375
vt -4.785560607910156 -0.12109375
vt -4.785560607910156 -0.10546875
vt -4.804956436157227 -0.12109375
vt -4.804956436157227 -0.10546875
vt -4.785560607910156 -0.10546875
vt -4.785560607910156 -0.12109375
vt 4.9794921875 -3.8049564361572266
vt 4.9794921875 -3.7855606079101562
vt 3.7080078125 -3.7855606079101562
vt 3.7080078125 -3.8049564361572266
vt 4.9794921875 -3.7855606079101562
vt 4.9794921875 -3.8049564361572266
vt 3.7080078125 -3.8049564361572266
vt 3.7080078125 -3.7855606079101562
vt 4.9794921875 -0.10546875
vt 3.7080078125 -0.10546875
vt 3.7080078125 -0.12109375
vt 4.9794921875 -0.12109375
vt 3.7080078125 -0.10546875
vt 4.9794921875 -0.10546875
vt 4.9794921875 -0.12109375
vt 3.7080078125 -0.12109375
vt -5.183189392089844 -0.10546875
vt -5.183189392089844 -0.12109375
vt -5.163793563842773 -0.12109375
vt -5.163793563842773 -0.10546875
vt -5.183189392089844 -0.12109375
vt -5.183189392089844 -0.10546875
vt -5.163793563842773 -0.10546875
vt -5.163793563842773 -0.12109375
vt 4.9794921875 -4.183189392089844
vt 4.9794921875 -4.163793563842773
vt 3.7080078125 -4.163793563842773
vt 3.7080078125 -4.183189392089844
vt 4.9794921875 -4.163793563842773
vt 4.9794921875 -4.183189392089844
vt 3.7080078125 -4.183189392089844
vt 3.7080078125 -4.163793563842773
vt 4.9794921875 -0.10546875
vt 3.7080078125 -0.10546875
vt 3.7080078125 -0.12109375
vt 4.9794921875 -0.12109375
vt 3.7080078125 -0.10546875
vt 4.9794921875 -0.10546875
vt 4.9794921875 -0.12109375
vt 3.7080078125 -0.12109375
vt -5.265625 -0.10546875
vt -5.265625 -0.12109375
vt -4.703125 -0.12109375
vt -4.703125 -0.10546875
vt -5.265625 -0.12109375
vt -5.265625 -0.10546875
vt -4.703125 -0.10546875
vt -4.703125 -0.12109375
vt 3.7080078125 -4.265625
vt 3.7080078125 -3.703125
vt 3.6875 -3.703125
vt 3.6875 -4.265625
vt 3.7080078125 -3.703125
vt 3.7080078125 -4.265625
vt 3.6875 -4.265625
vt 3.6875 -3.703125
vt 3.7080078125 -0.10546875
vt 3.6875 -0.10546875
vt 3.6875 -0.12109375
vt 3.7080078125 -0.12109375
vt 3.6875 -0.10546875
vt 3.7080078125 -0.10546875
vt 3.7080078125 -0.12109375
vt 3.6875 -0.12109375
vt -5.265625 -0.10546875
vt -5.265625 -0.12109375
vt -4.703125 -0.12109375
vt -4.703125 -0.10546875
vt -5.265625 -0.12109375
vt -5.265625 -0.10546875
vt -4.703125 -0.10546875
vt -4.703125 -0.12109375
vt 5.0 -4.265625
vt 5.0 -3.703125
vt 4.9794921875 -3.703125
vt 4.9794921875 -4.265625
vt 5.0 -3.703125
vt 5.0 -4.265625
vt 4.9794921875 -4.265625
vt 4.9794921875 -3.703125
vt 5.0 -0.10546875
vt 4.9794921875 -0.10546875
vt 4.9794921875 -0.12109375
vt 5.0 -0.12109375
vt 4.9794921875 -0.10546875
vt 5.0 -0.10546875
vt 5.0 -0.12109375
vt 4.9794921875 -0.12109375
vt -8.460668563842773 -3.0703125
vt -8.460668563842773 -3.07421875
vt -8.101831436157227 -3.07421875
vt -8.101831436157227 -3.0703125
vt -8.460668563842773 -3.07421875
vt -8.460668563842773 -3.0703125
vt -8.101831436157227 -3.0703125
vt -8.101831436157227 -3.07421875
vt 5.7607421875 -7.460668563842773
vt 5.7607421875 -7.101831436157227
vt 4.4892578125 -7.101831436157227
vt 4.4892578125 -7.460668563842773
vt 5.7607421875 -3.0703125
vt 4.4892578125 -3.0703125
vt 4.4892578125 -3.07421875
vt 5.7607421875 -3.07421875
vt 4.4892578125 -3.0703125
vt 5.7607421875 -3.0703125
vt 5.7607421875 -3.07421875
vt 4.4892578125 -3.07421875
vt -4.804956436157227 -0.10546875
vt -4.804956436157227 -0.12109375
vt -4.785560607910156 -0.12109375
vt -4.785560607910156 -0.10546875
vt -4.804955959320068 -0.12109375
vt -4.804955959320068 -0.10546875
vt -4.785560131072998 -0.10546875
vt -4.785560131072998 -0.12109375
vt 4.9794921875 -3.8049559593200684
vt 4.9794921875 -3.785560131072998
vt 3.7080078125 -3.7855606079101562
vt 3.7080078125 -3.8049564361572266
vt 4.9794921875 -3.785560131072998
vt 4.9794921875 -3.8049559593200684
vt 3.7080078125 -3.8049564361572266
vt 3.7080078125 -3.7855606079101562
vt 4.9794921875 -0.10546875
vt 3.7080078125 -0.10546875
vt 3.7080078125 -0.12109375
vt 4.9794921875 -0.12109375
vt 3.7080078125 -0.10546875
vt 4.9794921875 -0.10546875
vt 4.9794921875 -0.12109375
vt 3.7080078125 -0.12109375
vt -5.183189392089844 -0.10546875
vt -5.183189392089844 -0.12109375
vt -5.163793563842773 -0.12109375
vt -5.163793563842773 -0.10546875
vt -5.183189392089844 -0.12109375
vt -5.183189392089844 -0.10546875
vt -5.163793563842773 -0.10546875
vt -5.163793563842773 -0.12109375
vt 4.9794921875 -4.183189392089844
vt 4.9794921875 -4.163793563842773
vt 3.7080078125 -4.163793563842773
vt 3.7080078125 -4.183189392089844
vt 4.9794921875 -4.163793563842773
vt 4.9794921875 -4.183189392089844
vt 3.7080078125 -4.183189392089844
vt 3.7080078125 -4.163793563842773
vt 4.9794921875 -0.10546875
vt 3.7080078125 -0.10546875
vt 3.7080078125 -0.12109375
vt 4.9794921875 -0.12109375
vt 3.7080078125 -0.10546875
vt 4.9794921875 -0.10546875
vt 4.9794921875 -0.12109375
vt 3.7080078125 -0.12109375
vt -5.265625 -0.10546875
vt -5.265625 -0.12109375
vt -4.703125 -0.12109375
vt -4.703125 -0.10546875
vt -5.265625 -0.12109375
vt -5.265625 -0.10546875
vt -4.703125 -0.10546875
vt -4.703125 -0.12109375
vt 3.7080078125 -4.265625
vt 3.7080078125 -3.703125
vt 3.6875 -3.703125
vt 3.6875 -4.265625
vt 3.7080078125 -3.703125
vt 3.7080078125 -4.265625
vt 3.6875 -4.265625
vt 3.6875 -3.703125
vt 3.7080078125 -0.10546875
vt 3.6875 -0.10546875
vt 3.6875 -0.12109375
vt 3.7080078125 -0.12109375
vt 3.6875 -0.10546875
vt 3.7080078125 -0.10546875
vt 3.7080078125 -0.12109375
vt 3.6875 -0.12109375
vt -5.265624523162842 -0.10546875
vt -5.265624523162842 -0.12109375
vt -4.703124523162842 -0.12109375
vt -4.703124523162842 -0.10546875
vt -5.265624523162842 -0.12109375
vt -5.265624523162842 -0.10546875
vt -4.703124523162842 -0.10546875
vt -4.703124523162842 -0.12109375
vt 5.0 -4.265624523162842
vt 5.0 -3.703124523162842
vt 4.9794921875 -3.703124523162842
vt 4.9794921875 -4.265624523162842
vt 5.0 -3.703124523162842
vt 5.0 -4.265624523162842
vt 4.9794921875 -4.265624523162842
vt 4.9794921875 -3.703124523162842
vt 5.0 -0.10546875
vt 4.9794921875 -0.10546875
vt 4.9794921875 -0.12109375
vt 5.0 -0.12109375
vt 4.9794921875 -0.10546875
vt 5.0 -0.10546875
vt 5.0 -0.12109375
vt 4.9794921875 -0.12109375
vt 4.887651443481445 -6.508489608764648
vt 4.889874458312988 -6.515816688537598
vt 4.890625 -6.5234375
vt 4.884041786193848 -6.501735687255859
vt 4.879183769226074 -6.495816230773926
vt 4.873264312744141 -6.490958213806152
vt 4.86651086807251 -6.487348556518555
vt 4.859183311462402 -6.485125541687012
vt 4.8515625 -6.484375
vt 4.843941688537598 -6.485125541687012
vt 4.83661413192749 -6.487348556518555
vt 4.829860687255859 -6.490958213806152
vt 4.823941230773926 -6.495816230773926
vt 4.819083213806152 -6.501735687255859
vt 4.815473556518555 -6.508489608764648
vt 4.813250541687012 -6.515816688537598
vt 4.8125 -6.5234375
vt 4.813250541687012 -6.531058311462402
vt 4.815473556518555 -6.538385391235352
vt 4.819083213806152 -6.545139312744141
vt 4.823941230773926 -6.551058769226074
vt 4.829860687255859 -6.555916786193848
vt 4.83661413192749 -6.559526443481445
vt 4.843941688537598 -6.561749458312988
vt 4.8515625 -6.5625
vt 4.859183311462402 -6.561749458312988
vt 4.86651086807251 -6.559526443481445
vt 4.873264312744141 -6.555916786193848
vt 4.879183769226074 -6.551058769226074
vt 4.884041786193848 -6.545139312744141
vt 4.887651443481445 -6.538385391235352
vt 4.889874458312988 -6.531058311462402
vt -7.515816688537598 -3.8134193420410156
vt -7.515816688537598 -3.875
vt -7.5234375 -3.875
vt -7.5234375 -3.8134193420410156
vt -7.508489608764648 -3.8134193420410156
vt -7.508489608764648 -3.875
vt -7.515816688537598 -3.875
vt -7.515816688537598 -3.8134193420410156
vt -7.501735687255859 -3.8134193420410156
vt -7.501735687255859 -3.875
vt -7.508489608764648 -3.875
vt -7.508489608764648 -3.8134193420410156
vt -7.495816230773926 -3.8134193420410156
vt -7.495816230773926 -3.875
vt -7.501735687255859 -3.875
vt -7.501735687255859 -3.8134193420410156
vt 4.873264312744141 -3.8134193420410156
vt 4.873264312744141 -3.875
vt 4.879183769226074 -3.875
vt 4.879183769226074 -3.8134193420410156
vt 4.86651086807251 -3.8134193420410156
vt 4.86651086807251 -3.875
vt 4.873264312744141 -3.875
vt 4.873264312744141 -3.8134193420410156
vt 4.859183311462402 -3.8134193420410156
vt 4.859183311462402 -3.875
vt 4.86651086807251 -3.875
vt 4.86651086807251 -3.8134193420410156
vt 4.8515625 -3.8134193420410156
vt 4.8515625 -3.875
vt 4.859183311462402 -3.875
vt 4.859183311462402 -3.8134193420410156
vt 4.843941688537598 -3.8134193420410156
vt 4.843941688537598 -3.875
vt 4.8515625 -3.875
vt 4.8515625 -3.8134193420410156
vt 4.83661413192749 -3.8134193420410156
vt 4.83661413192749 -3.875
vt 4.843941688537598 -3.875
vt 4.843941688537598 -3.8134193420410156
vt 4.829860687255859 -3.8134193420410156
vt 4.829860687255859 -3.875
vt 4.83661413192749 -3.875
vt 4.83661413192749 -3.8134193420410156
vt 4.823941230773926 -3.8134193420410156
vt 4.823941230773926 -3.875
vt 4.829860687255859 -3.875
vt 4.829860687255859 -3.8134193420410156
vt -7.501735687255859 -3.8134193420410156
vt -7.501735687255859 -3.875
vt -7.495816230773926 -3.875
vt -7.495816230773926 -3.8134193420410156
vt -7.508489608764648 -3.8134193420410156
vt -7.508489608764648 -3.875
vt -7.501735687255859 -3.875
vt -7.501735687255859 -3.8134193420410156
vt -7.515816688537598 -3.8134193420410156
vt -7.515816688537598 -3.875
vt -7.508489608764648 -3.875
vt -7.508489608764648 -3.8134193420410156
vt -7.5234375 -3.8134193420410156
vt -7.5234375 -3.875
vt -7.515816688537598 -3.875
vt -7.515816688537598 -3.8134193420410156
vt -7.531058311462402 -3.8134193420410156
vt -7.531058311462402 -3.875
vt -7.5234375 -3.875
vt -7.5234375 -3.8134193420410156
vt -7.538385391235352 -3.8134193420410156
vt -7.538385391235352 -3.875
vt -7.531058311462402 -3.875
vt -7.531058311462402 -3.8134193420410156
vt -7.545139312744141 -3.8134193420410156
vt -7.545139312744141 -3.875
vt -7.538385391235352 -3.875
vt -7.538385391235352 -3.8134193420410156
vt -7.551058769226074 -3.8134193420410156
vt -7.551058769226074 -3.875
vt -7.545139312744141 -3.875
vt -7.545139312744141 -3.8134193420410156
vt 4.829860687255859 -3.8134193420410156
vt 4.829860687255859 -3.875
vt 4.823941230773926 -3.875
vt 4.823941230773926 -3.8134193420410156
vt 4.83661413192749 -3.8134193420410156
vt 4.83661413192749 -3.875
vt 4.829860687255859 -3.875
vt 4.829860687255859 -3.8134193420410156
vt 4.843941688537598 -3.8134193420410156
vt 4.843941688537598 -3.875
vt 4.83661413192749 -3.875
vt 4.83661413192749 -3.8134193420410156
vt 4.8515625 -3.8134193420410156
vt 4.8515625 -3.875
vt 4.843941688537598 -3.875
vt 4.843941688537598 -3.8134193420410156
vt 4.859183311462402 -3.8134193420410156
vt 4.859183311462402 -3.875
vt 4.8515625 -3.875
vt 4.8515625 -3.8134193420410156
vt 4.86651086807251 -3.8134193420410156
vt 4.86651086807251 -3.875
vt 4.859183311462402 -3.875
vt 4.859183311462402 -3.8134193420410156
vt 4.873264312744141 -3.8134193420410156
vt 4.873264312744141 -3.875
vt 4.86651086807251 -3.875
vt 4.86651086807251 -3.8134193420410156
vt 4.879183769226074 -3.8134193420410156
vt 4.879183769226074 -3.875
vt 4.873264312744141 -3.875
vt 4.873264312744141 -3.8134193420410156
vt -7.545139312744141 -3.8134193420410156
vt -7.545139312744141 -3.875
vt -7.551058769226074 -3.875
vt -7.551058769226074 -3.8134193420410156
vt -7.538385391235352 -3.8134193420410156
vt -7.538385391235352 -3.875
vt -7.545139312744141 -3.875
vt -7.545139312744141 -3.8134193420410156
vt -7.531058311462402 -3.8134193420410156
vt -7.531058311462402 -3.875
vt -7.538385391235352 -3.875
vt -7.538385391235352 -3.8134193420410156
vt -7.5234375 -3.8134193420410156
vt -7.5234375 -3.875
vt -7.531058311462402 -3.875
vt -7.531058311462402 -3.8134193420410156
vt -7.509528160095215 -3.453125
vt -7.509528160095215 -3.875
vt -7.515625 -3.875
vt -7.515625 -3.453125
vt -7.503665924072266 -3.453125
vt -7.503665924072266 -3.875
vt -7.509528160095215 -3.875
vt -7.509528160095215 -3.453125
vt -7.498263359069824 -3.453125
vt -7.498263359069824 -3.875
vt -7.503665924072266 -3.875
vt -7.503665924072266 -3.453125
vt -7.493528366088867 -3.453125
vt -7.493528366088867 -3.875
vt -7.498263359069824 -3.875
vt -7.498263359069824 -3.453125
vt 4.861111640930176 -3.453125
vt 4.861111640930176 -3.875
vt 4.865847110748291 -3.875
vt 4.865847110748291 -3.453125
vt 4.855708599090576 -3.453125
vt 4.855708599090576 -3.875
vt 4.861111640930176 -3.875
vt 4.861111640930176 -3.453125
vt 4.849846839904785 -3.453125
vt 4.849846839904785 -3.875
vt 4.855708599090576 -3.875
vt 4.855708599090576 -3.453125
vt 4.84375 -3.453125
vt 4.84375 -3.875
vt 4.849846839904785 -3.875
vt 4.849846839904785 -3.453125
vt 4.837653160095215 -3.453125
vt 4.837653160095215 -3.875
vt 4.84375 -3.875
vt 4.84375 -3.453125
vt 4.831791400909424 -3.453125
vt 4.831791400909424 -3.875
vt 4.837653160095215 -3.875
vt 4.837653160095215 -3.453125
vt 4.826388359069824 -3.453125
vt 4.826388359069824 -3.875
vt 4.831791400909424 -3.875
vt 4.831791400909424 -3.453125
vt 4.821652889251709 -3.453125
vt 4.821652889251709 -3.875
vt 4.826388359069824 -3.875
vt 4.826388359069824 -3.453125
vt -7.498263359069824 -3.453125
vt -7.498263359069824 -3.875
vt -7.493528366088867 -3.875
vt -7.493528366088867 -3.453125
vt -7.503665924072266 -3.453125
vt -7.503665924072266 -3.875
vt -7.498263359069824 -3.875
vt -7.498263359069824 -3.453125
vt -7.509528160095215 -3.453125
vt -7.509528160095215 -3.875
vt -7.503665924072266 -3.875
vt -7.503665924072266 -3.453125
vt -7.515625 -3.453125
vt -7.515625 -3.875
vt -7.509528160095215 -3.875
vt -7.509528160095215 -3.453125
vt -7.521721839904785 -3.453125
vt -7.521721839904785 -3.875
vt -7.515625 -3.875
vt -7.515625 -3.453125
vt -7.527584075927734 -3.453125
vt -7.527584075927734 -3.875
vt -7.521721839904785 -3.875
vt -7.521721839904785 -3.453125
vt -7.532986640930176 -3.453125
vt -7.532986640930176 -3.875
vt -7.527584075927734 -3.875
vt -7.527584075927734 -3.453125
vt -7.537721633911133 -3.453125
vt -7.537721633911133 -3.875
vt -7.532986640930176 -3.875
vt -7.532986640930176 -3.453125
vt 4.826388359069824 -3.453125
vt 4.826388359069824 -3.875
vt 4.821652889251709 -3.875
vt 4.821652889251709 -3.453125
vt 4.831791400909424 -3.453125
vt 4.831791400909424 -3.875
vt 4.826388359069824 -3.875
vt 4.826388359069824 -3.453125
vt 4.837653160095215 -3.453125
vt 4.837653160095215 -3.875
vt 4.831791400909424 -3.875
vt 4.831791400909424 -3.453125
vt 4.84375 -3.453125
vt 4.84375 -3.875
vt 4.837653160095215 -3.875
vt 4.837653160095215 -3.453125
vt 4.849846839904785 -3.453125
vt 4.849846839904785 -3.875
vt 4.84375 -3.875
vt 4.84375 -3.453125
vt 4.855708599090576 -3.453125
vt 4.855708599090576 -3.875
vt 4.849846839904785 -3.875
vt 4.849846839904785 -3.453125
vt 4.861111640930176 -3.453125
vt 4.861111640930176 -3.875
vt 4.855708599090576 -3.875
vt 4.855708599090576 -3.453125
vt 4.865847110748291 -3.453125
vt 4.865847110748291 -3.875
vt 4.861111640930176 -3.875
vt 4.861111640930176 -3.453125
vt -7.532986640930176 -3.453125
vt -7.532986640930176 -3.875
vt -7.537721633911133 -3.875
vt -7.537721633911133 -3.453125
vt -7.527584075927734 -3.453125
vt -7.527584075927734 -3.875
vt -7.532986640930176 -3.875
vt -7.532986640930176 -3.453125
vt -7.521721839904785 -3.453125
vt -7.521721839904785 -3.875
vt -7.527584075927734 -3.875
vt -7.527584075927734 -3.453125
vt -7.515625 -3.453125
vt -7.515625 -3.875
vt -7.521721839904785 -3.875
vt -7.521721839904785 -3.453125
vt 5.015625 -3.890625
vt 5.015625 -3.90625
vt 5.0 -3.90625
vt 5.0 -3.890625
vt 5.015625 -3.90625
vt 5.015625 -3.890625
vt 5.0 -3.890625
vt 5.0 -3.90625
vt 5.015625 -7.8125
vt 5.0 -7.8125
vt 5.0 -7.828125
vt 5.015625 -7.828125
vt 5.0 -7.8125
vt 5.015625 -7.8125
vt 5.015625 -7.828125
vt 5.0 -7.828125
vt -8.8125 -3.890625
vt -8.828125 -3.890625
vt -8.828125 -3.90625
vt -8.8125 -3.90625
vt -8.828125 -3.890625
vt -8.8125 -3.890625
vt -8.8125 -3.90625
vt -8.828125 -3.90625
vt 5.015625 -3.890625
vt 5.015625 -3.90625
vt 5.0 -3.90625
vt 5.0 -3.890625
vt 5.015625 -3.90625
vt 5.015625 -3.890625
vt 5.0 -3.890625
vt 5.0 -3.90625
vt 5.015625 -7.8125
vt 5.0 -7.8125
vt 5.0 -7.828125
vt 5.015625 -7.828125
vt 5.0 -7.8125
vt 5.015625 -7.8125
vt 5.015625 -7.828125
vt 5.0 -7.828125
vt -8.8125 -3.890625
vt -8.828125 -3.890625
vt -8.828125 -3.90625
vt -8.8125 -3.90625
vt -8.828125 -3.890625
vt -8.8125 -3.890625
vt -8.8125 -3.90625
vt -8.828125 -3.90625
vt 5.015625 -3.890625
vt 5.015625 -3.96875
vt 5.0 -3.96875
vt 5.0 -3.890625
vt 5.015625 -3.96875
vt 5.015625 -3.890625
vt 5.0 -3.890625
vt 5.0 -3.96875
vt 5.015625 -7.8203125
vt 5.0 -7.8203125
vt 5.0 -7.828125
vt 5.015625 -7.828125
vt 5.0 -7.8203125
vt 5.015625 -7.8203125
vt 5.015625 -7.828125
vt 5.0 -7.828125
vt -8.8203125 -3.890625
vt -8.828125 -3.890625
vt -8.828125 -3.96875
vt -8.8203125 -3.96875
vt -8.828125 -3.890625
vt -8.8203125 -3.890625
vt -8.8203125 -3.96875
vt -8.828125 -3.96875
vt 9.765625 -7.984375
vt 9.765625 -9.375
vt 9.734375 -9.375
vt 9.734375 -7.984375
vt 9.765625 -9.375
vt 9.765625 -7.984375
vt 9.734375 -7.984375
vt 9.734375 -9.375
vt 9.765625 -16.640625
vt 9.734375 -16.640625
vt 9.734375 -16.671875
vt 9.765625 -16.671875
vt 9.734375 -16.640625
vt 9.765625 -16.640625
vt 9.765625 -16.671875
vt 9.734375 -16.671875
vt -17.640625 -7.984375
vt -17.671875 -7.984375
vt -17.671875 -9.375
vt -17.640625 -9.375
vt -17.671875 -7.984375
vt -17.640625 -7.984375
vt -17.640625 -9.375
vt -17.671875 -9.375
vt 10.484375 -7.984375
vt 10.484375 -9.375
vt 10.453125 -9.375
vt 10.453125 -7.984375
vt 10.484375 -9.375
vt 10.484375 -7.984375
vt 10.453125 -7.984375
vt 10.453125 -9.375
vt 10.484375 -16.640625
vt 10.453125 -16.640625
vt 10.453125 -16.671875
vt 10.484375 -16.671875
vt 10.453125 -16.640625
vt 10.484375 -16.640625
vt 10.484375 -16.671875
vt 10.453125 -16.671875
vt -17.640625 -7.984375
vt -17.671875 -7.984375
vt -17.671875 -9.375
vt -17.640625 -9.375
vt -17.671875 -7.984375
vt -17.640625 -7.984375
vt -17.640625 -9.375
vt -17.671875 -9.375
vt 10.484375 -7.984375
vt 10.484375 -9.375
vt 10.453125 -9.375
vt 10.453125 -7.984375
vt 10.484375 -9.375
vt 10.484375 -7.984375
vt 10.453125 -7.984375
vt 10.453125 -9.375
vt 10.484375 -17.03125
vt 10.453125 -17.03125
vt 10.453125 -17.0625
vt 10.484375 -17.0625
vt 10.453125 -17.03125
vt 10.484375 -17.03125
vt 10.484375 -17.0625
vt 10.453125 -17.0625
vt -18.03125 -7.984375
vt -18.0625 -7.984375
vt -18.0625 -9.375
vt -18.03125 -9.375
vt -18.0625 -7.984375
vt -18.03125 -7.984375
vt -18.03125 -9.375
vt -18.0625 -9.375
vt 9.765625 -7.984375
vt 9.765625 -9.375
vt 9.734375 -9.375
vt 9.734375 -7.984375
vt 9.765625 -9.375
vt 9.765625 -7.984375
vt 9.734375 -7.984375
vt 9.734375 -9.375
vt 9.765625 -17.03125
vt 9.734375 -17.03125
vt 9.734375 -17.0625
vt 9.765625 -17.0625
vt 9.734375 -17.03125
vt 9.765625 -17.03125
vt 9.765625 -17.0625
vt 9.734375 -17.0625
vt -18.03125 -7.984375
vt -18.0625 -7.984375
vt -18.0625 -9.375
vt -18.03125 -9.375
vt -18.0625 -7.984375
vt -18.03125 -7.984375
vt -18.03125 -9.375
vt -18.0625 -9.375
vt 9.765625 -7.984375
vt 9.765625 -8.015625
vt 9.734375 -8.015625
vt 9.734375 -7.984375
vt 9.765625 -8.015625
vt 9.765625 -7.984375
vt 9.734375 -7.984375
vt 9.734375 -8.015625
vt 9.765625 -16.671875
vt 9.734375 -16.671875
vt 9.734375 -17.03125
vt 9.765625 -17.03125
vt 9.734375 -16.671875
vt 9.765625 -16.671875
vt 9.765625 -17.03125
vt 9.734375 -17.03125
vt -17.671875 -7.984375
vt -18.03125 -7.984375
vt -18.03125 -8.015625
vt -17.671875 -8.015625
vt -18.03125 -7.984375
vt -17.671875 -7.984375
vt -17.671875 -8.015625
vt -18.03125 -8.015625
vt 10.484375 -7.984375
vt 10.484375 -8.015625
vt 10.453125 -8.015625
vt 10.453125 -7.984375
vt 10.484375 -8.015625
vt 10.484375 -7.984375
vt 10.453125 -7.984375
vt 10.453125 -8.015625
vt 10.484375 -16.671875
vt 10.453125 -16.671875
vt 10.453125 -17.03125
vt 10.484375 -17.03125
vt 10.453125 -16.671875
vt 10.484375 -16.671875
vt 10.484375 -17.03125
vt 10.453125 -17.03125
vt -17.671875 -7.984375
vt -18.03125 -7.984375
vt -18.03125 -8.015625
vt -17.671875 -8.015625
vt -18.03125 -7.984375
vt -17.671875 -7.984375
vt -17.671875 -8.015625
vt -18.03125 -8.015625
vt 9.765625 -9.34375
vt 9.765625 -9.375
vt 9.734375 -9.375
vt 9.734375 -9.34375
vt 9.765625 -9.375
vt 9.765625 -9.34375
vt 9.734375 -9.34375
vt 9.734375 -9.375
vt 9.765625 -16.671875
vt 9.734375 -16.671875
vt 9.734375 -17.03125
vt 9.765625 -17.03125
vt 9.734375 -16.671875
vt 9.765625 -16.671875
vt 9.765625 -17.03125
vt 9.734375 -17.03125
vt -17.671875 -9.34375
vt -18.03125 -9.34375
vt -18.03125 -9.375
vt -17.671875 -9.375
vt -18.03125 -9.34375
vt -17.671875 -9.34375
vt -17.671875 -9.375
vt -18.03125 -9.375
vt 10.484375 -9.34375
vt 10.484375 -9.375
vt 10.453125 -9.375
vt 10.453125 -9.34375
vt 10.484375 -9.375
vt 10.484375 -9.34375
vt 10.453125 -9.34375
vt 10.453125 -9.375
vt 10.484375 -16.671875
vt 10.453125 -16.671875
vt 10.453125 -17.03125
vt 10.484375 -17.03125
vt 10.453125 -16.671875
vt 10.484375 -16.671875
vt 10.484375 -17.03125
vt 10.453125 -17.03125
vt -17.671875 -9.34375
vt -18.03125 -9.34375
vt -18.03125 -9.375
vt -17.671875 -9.375
vt -18.03125 -9.34375
vt -17.671875 -9.34375
vt -17.671875 -9.375
vt -18.03125 -9.375
vt 10.453125 -7.984375
vt 10.453125 -8.015625
vt 9.765625 -8.015625
vt 9.765625 -7.984375
vt 10.453125 -8.015625
vt 10.453125 -7.984375
vt 9.765625 -7.984375
vt 9.765625 -8.015625
vt 10.453125 -16.640625
vt 9.765625 -16.640625
vt 9.765625 -16.671875
vt 10.453125 -16.671875
vt 9.765625 -16.640625
vt 10.453125 -16.640625
vt 10.453125 -16.671875
vt 9.765625 -16.671875
vt -17.640625 -7.984375
vt -17.671875 -7.984375
vt -17.671875 -8.015625
vt -17.640625 -8.015625
vt -17.671875 -7.984375
vt -17.640625 -7.984375
vt -17.640625 -8.015625
vt -17.671875 -8.015625
vt 10.453125 -7.984375
vt 10.453125 -8.015625
vt 9.765625 -8.015625
vt 9.765625 -7.984375
vt 10.453125 -8.015625
vt 10.453125 -7.984375
vt 9.765625 -7.984375
vt 9.765625 -8.015625
vt 10.453125 -17.03125
vt 9.765625 -17.03125
vt 9.765625 -17.0625
vt 10.453125 -17.0625
vt 9.765625 -17.03125
vt 10.453125 -17.03125
vt 10.453125 -17.0625
vt 9.765625 -17.0625
vt -18.03125 -7.984375
vt -18.0625 -7.984375
vt -18.0625 -8.015625
vt -18.03125 -8.015625
vt -18.0625 -7.984375
vt -18.03125 -7.984375
vt -18.03125 -8.015625
vt -18.0625 -8.015625
vt 4.953125 -4.015625
vt 4.953125 -4.03125
vt 4.9375 -4.03125
vt 4.9375 -4.015625
vt 4.953125 -4.03125
vt 4.953125 -4.015625
vt 4.9375 -4.015625
vt 4.9375 -4.03125
vt 4.953125 -7.8125
vt 4.9375 -7.8125
vt 4.9375 -7.828125
vt 4.953125 -7.828125
vt 4.9375 -7.8125
vt 4.953125 -7.8125
vt 4.953125 -7.828125
vt 4.9375 -7.828125
vt -8.8125 -4.015625
vt -8.828125 -4.015625
vt -8.828125 -4.03125
vt -8.8125 -4.03125
vt -8.828125 -4.015625
vt -8.8125 -4.015625
vt -8.8125 -4.03125
vt -8.828125 -4.03125
vt 4.953125 -4.015625
vt 4.953125 -4.03125
vt 4.9375 -4.03125
vt 4.9375 -4.015625
vt 4.953125 -4.03125
vt 4.953125 -4.015625
vt 4.9375 -4.015625
vt 4.9375 -4.03125
vt 4.953125 -7.8125
vt 4.9375 -7.8125
vt 4.9375 -7.828125
vt 4.953125 -7.828125
vt 4.9375 -7.8125
vt 4.953125 -7.8125
vt 4.953125 -7.828125
vt 4.9375 -7.828125
vt -8.8125 -4.015625
vt -8.828125 -4.015625
vt -8.828125 -4.03125
vt -8.8125 -4.03125
vt -8.828125 -4.015625
vt -8.8125 -4.015625
vt -8.8125 -4.03125
vt -8.828125 -4.03125
vt 4.953125 -4.015625
vt 4.953125 -4.09375
vt 4.9375 -4.09375
vt 4.9375 -4.015625
vt 4.953125 -4.09375
vt 4.953125 -4.015625
vt 4.9375 -4.015625
vt 4.9375 -4.09375
vt 4.953125 -7.8203125
vt 4.9375 -7.8203125
vt 4.9375 -7.828125
vt 4.953125 -7.828125
vt 4.9375 -7.8203125
vt 4.953125 -7.8203125
vt 4.953125 -7.828125
vt 4.9375 -7.828125
vt -8.8203125 -4.015625
vt -8.828125 -4.015625
vt -8.828125 -4.09375
vt -8.8203125 -4.09375
vt -8.828125 -4.015625
vt -8.8203125 -4.015625
vt -8.8203125 -4.09375
vt -8.828125 -4.09375
vt 9.640625 -8.5
vt 9.640625 -9.375
vt 9.609375 -9.375
vt 9.609375 -8.5
vt 9.640625 -9.375
vt 9.640625 -8.5
vt 9.609375 -8.5
vt 9.609375 -9.375
vt 9.640625 -16.640625
vt 9.609375 -16.640625
vt 9.609375 -16.671875
vt 9.640625 -16.671875
vt 9.609375 -16.640625
vt 9.640625 -16.640625
vt 9.640625 -16.671875
vt 9.609375 -16.671875
vt -17.640625 -8.5
vt -17.671875 -8.5
vt -17.671875 -9.375
vt -17.640625 -9.375
vt -17.671875 -8.5
vt -17.640625 -8.5
vt -17.640625 -9.375
vt -17.671875 -9.375
vt 10.359375 -8.5
vt 10.359375 -9.375
vt 10.328125 -9.375
vt 10.328125 -8.5
vt 10.359375 -9.375
vt 10.359375 -8.5
vt 10.328125 -8.5
vt 10.328125 -9.375
vt 10.359375 -16.640625
vt 10.328125 -16.640625
vt 10.328125 -16.671875
vt 10.359375 -16.671875
vt 10.328125 -16.640625
vt 10.359375 -16.640625
vt 10.359375 -16.671875
vt 10.328125 -16.671875
vt -17.640625 -8.5
vt -17.671875 -8.5
vt -17.671875 -9.375
vt -17.640625 -9.375
vt -17.671875 -8.5
vt -17.640625 -8.5
vt -17.640625 -9.375
vt -17.671875 -9.375
vt 10.359375 -8.5
vt 10.359375 -9.375
vt 10.328125 -9.375
vt 10.328125 -8.5
vt 10.359375 -9.375
vt 10.359375 -8.5
vt 10.328125 -8.5
vt 10.328125 -9.375
vt 10.359375 -17.03125
vt 10.328125 -17.03125
vt 10.328125 -17.0625
vt 10.359375 -17.0625
vt 10.328125 -17.03125
vt 10.359375 -17.03125
vt 10.359375 -17.0625
vt 10.328125 -17.0625
vt -18.03125 -8.5
vt -18.0625 -8.5
vt -18.0625 -9.375
vt -18.03125 -9.375
vt -18.0625 -8.5
vt -18.03125 -8.5
vt -18.03125 -9.375
vt -18.0625 -9.375
vt 9.640625 -8.5
vt 9.640625 -9.375
vt 9.609375 -9.375
vt 9.609375 -8.5
vt 9.640625 -9.375
vt 9.640625 -8.5
vt 9.609375 -8.5
vt 9.609375 -9.375
vt 9.640625 -17.03125
vt 9.609375 -17.03125
vt 9.609375 -17.0625
vt 9.640625 -17.0625
vt 9.609375 -17.03125
vt 9.640625 -17.03125
vt 9.640625 -17.0625
vt 9.609375 -17.0625
vt -18.03125 -8.5
vt -18.0625 -8.5
vt -18.0625 -9.375
vt -18.03125 -9.375
vt -18.0625 -8.5
vt -18.03125 -8.5
vt -18.03125 -9.375
vt -18.0625 -9.375
vt 9.640625 -8.5
vt 9.640625 -8.519662857055664
vt 9.609375 -8.519662857055664
vt 9.609375 -8.5
vt 9.640625 -8.519662857055664
vt 9.640625 -8.5
vt 9.609375 -8.5
vt 9.609375 -8.519662857055664
vt 9.640625 -16.671875
vt 9.609375 -16.671875
vt 9.609375 -17.03125
vt 9.640625 -17.03125
vt 9.609375 -16.671875
vt 9.640625 -16.671875
vt 9.640625 -17.03125
vt 9.609375 -17.03125
vt -17.671875 -8.5
vt -18.03125 -8.5
vt -18.03125 -8.519662857055664
vt -17.671875 -8.519662857055664
vt -18.03125 -8.5
vt -17.671875 -8.5
vt -17.671875 -8.519662857055664
vt -18.03125 -8.519662857055664
vt 10.359375 -8.5
vt 10.359375 -8.519662857055664
vt 10.328125 -8.519662857055664
vt 10.328125 -8.5
vt 10.359375 -8.519662857055664
vt 10.359375 -8.5
vt 10.328125 -8.5
vt 10.328125 -8.519662857055664
vt 10.359375 -16.671875
vt 10.328125 -16.671875
vt 10.328125 -17.03125
vt 10.359375 -17.03125
vt 10.328125 -16.671875
vt 10.359375 -16.671875
vt 10.359375 -17.03125
vt 10.328125 -17.03125
vt -17.671875 -8.5
vt -18.03125 -8.5
vt -18.03125 -8.519662857055664
vt -17.671875 -8.519662857055664
vt -18.03125 -8.5
vt -17.671875 -8.5
vt -17.671875 -8.519662857055664
vt -18.03125 -8.519662857055664
vt 9.640625 -9.355337142944336
vt 9.640625 -9.375
vt 9.609375 -9.375
vt 9.609375 -9.355337142944336
vt 9.640625 -9.375
vt 9.640625 -9.355337142944336
vt 9.609375 -9.355337142944336
vt 9.609375 -9.375
vt 9.640625 -16.671875
vt 9.609375 -16.671875
vt 9.609375 -17.03125
vt 9.640625 -17.03125
vt 9.609375 -16.671875
vt 9.640625 -16.671875
vt 9.640625 -17.03125
vt 9.609375 -17.03125
vt -17.671875 -9.355337142944336
vt -18.03125 -9.355337142944336
vt -18.03125 -9.375
vt -17.671875 -9.375
vt -18.03125 -9.355337142944336
vt -17.671875 -9.355337142944336
vt -17.671875 -9.375
vt -18.03125 -9.375
vt 10.359375 -9.355337142944336
vt 10.359375 -9.375
vt 10.328125 -9.375
vt 10.328125 -9.355337142944336
vt 10.359375 -9.375
vt 10.359375 -9.355337142944336
vt 10.328125 -9.355337142944336
vt 10.328125 -9.375
vt 10.359375 -16.671875
vt 10.328125 -16.671875
vt 10.328125 -17.03125
vt 10.359375 -17.03125
vt 10.328125 -16.671875
vt 10.359375 -16.671875
vt 10.359375 -17.03125
vt 10.328125 -17.03125
vt -17.671875 -9.355337142944336
vt -18.03125 -9.355337142944336
vt -18.03125 -9.375
vt -17.671875 -9.375
vt -18.03125 -9.355337142944336
vt -17.671875 -9.355337142944336
vt -17.671875 -9.375
vt -18.03125 -9.375
vt 10.328125 -8.5
vt 10.328125 -8.519662857055664
vt 9.640625 -8.519662857055664
vt 9.640625 -8.5
vt 10.328125 -8.519662857055664
vt 10.328125 -8.5
vt 9.640625 -8.5
vt 9.640625 -8.519662857055664
vt 10.328125 -16.640625
vt 9.640625 -16.640625
vt 9.640625 -16.671875
vt 10.328125 -16.671875
vt 9.640625 -16.640625
vt 10.328125 -16.640625
vt 10.328125 -16.671875
vt 9.640625 -16.671875
vt -17.640625 -8.5
vt -17.671875 -8.5
vt -17.671875 -8.519662857055664
vt -17.640625 -8.519662857055664
vt -17.671875 -8.5
vt -17.640625 -8.5
vt -17.640625 -8.519662857055664
vt -17.671875 -8.519662857055664
vt 10.328125 -8.5
vt 10.328125 -8.519662857055664
vt 9.640625 -8.519662857055664
vt 9.640625 -8.5
vt 10.328125 -8.519662857055664
vt 10.328125 -8.5
vt 9.640625 -8.5
vt 9.640625 -8.519662857055664
vt 10.328125 -17.03125
vt 9.640625 -17.03125
vt 9.640625 -17.0625
vt 10.328125 -17.0625
vt 9.640625 -17.03125
vt 10.328125 -17.03125
vt 10.328125 -17.0625
vt 9.640625 -17.0625
vt -18.03125 -8.5
vt -18.0625 -8.5
vt -18.0625 -8.519662857055664
vt -18.03125 -8.519662857055664
vt -18.0625 -8.5
vt -18.03125 -8.5
vt -18.03125 -8.519662857055664
vt -18.0625 -8.519662857055664
vt 4.5546875 -3.822265625
vt 4.5546875 -3.8515625
vt 4.5078125 -3.8515625
vt 4.5078125 -3.822265625
vt 4.5546875 -3.8515625
vt 4.5546875 -3.822265625
vt 4.5078125 -3.822265625
vt 4.5078125 -3.8515625
vt 4.5546875 -6.984375
vt 4.5078125 -6.984375
vt 4.5078125 -7.7109375
vt 4.5546875 -7.7109375
vt 4.5078125 -6.984375
vt 4.5546875 -6.984375
vt 4.5546875 -7.7109375
vt 4.5078125 -7.7109375
vt -7.984375 -3.822265625
vt -8.7109375 -3.822265625
vt -8.7109375 -3.8515625
vt -7.984375 -3.8515625
vt -8.7109375 -3.822265625
vt -7.984375 -3.822265625
vt -7.984375 -3.8515625
vt -8.7109375 -3.8515625
vt 4.5546875 -3.822265625
vt 4.5546875 -3.8515625
vt 4.5078125 -3.8515625
vt 4.5078125 -3.822265625
vt 4.5546875 -3.8515625
vt 4.5546875 -3.822265625
vt 4.5078125 -3.822265625
vt 4.5078125 -3.8515625
vt 4.5546875 -5.796875
vt 4.5078125 -5.796875
vt 4.5078125 -6.5234375
vt 4.5546875 -6.5234375
vt 4.5078125 -5.796875
vt 4.5546875 -5.796875
vt 4.5546875 -6.5234375
vt 4.5078125 -6.5234375
vt -6.796875 -3.822265625
vt -7.5234375 -3.822265625
vt -7.5234375 -3.8515625
vt -6.796875 -3.8515625
vt -7.5234375 -3.822265625
vt -6.796875 -3.822265625
vt -6.796875 -3.8515625
vt -7.5234375 -3.8515625
vt 8.571429252624512 -4.848214626312256
vt 8.571429252624512 -5.25
vt 8.48214340209961 -5.25
vt 8.258929252624512 -4.848214626312256
vt 8.571429252624512 -5.25
vt 8.571429252624512 -4.848214626312256
vt 8.258929252624512 -4.848214626312256
vt 8.48214340209961 -5.25
vt -11.875 -4.848214626312256
vt -12.14285659790039 -4.848214626312256
vt -12.14285659790039 -5.25
vt -11.875 -5.25
vt 6.0 -3.0625
vt 6.0 -3.09375
vt 4.25 -3.09375
vt 4.25 -3.0625
vt 6.0 -3.09375
vt 6.0 -3.0625
vt 4.25 -3.0625
vt 4.25 -3.09375
vt 6.0 -6.0625
vt 4.25 -6.0625
vt 4.25 -6.25
vt 6.0 -6.25
vt 6.0714287757873535 -4.848214626312256
vt 6.0714287757873535 -5.25
vt 6.160714626312256 -5.25
vt 6.3839287757873535 -4.848214626312256
vt 6.0714287757873535 -5.25
vt 6.0714287757873535 -4.848214626312256
vt 6.3839287757873535 -4.848214626312256
vt 6.160714626312256 -5.25
vt -12.142857551574707 -4.848214626312256
vt -11.875 -4.848214626312256
vt -11.875 -5.25
vt -12.142857551574707 -5.25
vt 8.571429252624512 -6.410714626312256
vt 8.48214340209961 -6.410714626312256
vt 8.48214340209961 -5.25
vt 8.571429252624512 -5.25
vt -12.14285659790039 -5.25
vt -12.14285659790039 -6.410714626312256
vt -12.098214149475098 -6.410714626312256
vt -12.098214149475098 -5.25
vt 8.571429252624512 -6.410714626312256
vt 8.571429252624512 -5.25
vt 8.48214340209961 -5.25
vt 8.48214340209961 -6.410714626312256
vt 8.48214340209961 -5.25
vt 8.48214340209961 -6.410714626312256
vt 8.571429252624512 -6.410714626312256
vt 8.571429252624512 -5.25
vt -11.919642448425293 -6.410714626312256
vt -11.875 -6.410714626312256
vt -11.875 -5.25
vt -11.919642448425293 -5.25
vt 8.48214340209961 -6.410714626312256
vt 8.48214340209961 -5.25
vt 8.571429252624512 -5.25
vt 8.571429252624512 -6.410714626312256
vt -12.098214149475098 -6.410714626312256
vt -11.919642448425293 -6.410714626312256
vt -11.919642448425293 -6.3214287757873535
vt -12.098214149475098 -6.3214287757873535
vt 8.48214340209961 -11.098214149475098
vt 8.48214340209961 -10.919642448425293
vt 8.571429252624512 -10.919642448425293
vt 8.571429252624512 -11.098214149475098
vt -11.919642448425293 -5.339285850524902
vt -11.919642448425293 -5.25
vt -12.098214149475098 -5.25
vt -12.098214149475098 -5.339285850524902
vt 8.571429252624512 -11.098214149475098
vt 8.571429252624512 -10.919642448425293
vt 8.48214340209961 -10.919642448425293
vt 8.48214340209961 -11.098214149475098
vt -11.919642448425293 -6.3214287757873535
vt -11.919642448425293 -5.339285850524902
vt -12.098214149475098 -5.339285850524902
vt -12.098214149475098 -6.3214287757873535
vt 8.571429252624512 -6.410714626312256
vt 8.48214340209961 -6.410714626312256
vt 8.48214340209961 -5.25
vt 8.571429252624512 -5.25
vt -12.142857551574707 -5.25
vt -12.142857551574707 -6.410714626312256
vt -12.098214149475098 -6.410714626312256
vt -12.098214149475098 -5.25
vt 8.571429252624512 -6.410714626312256
vt 8.571429252624512 -5.25
vt 8.48214340209961 -5.25
vt 8.48214340209961 -6.410714626312256
vt 8.48214340209961 -5.25
vt 8.48214340209961 -6.410714626312256
vt 8.571429252624512 -6.410714626312256
vt 8.571429252624512 -5.25
vt -11.91964340209961 -6.410714626312256
vt -11.875 -6.410714626312256
vt -11.875 -5.25
vt -11.91964340209961 -5.25
vt 8.48214340209961 -6.410714626312256
vt 8.48214340209961 -5.25
vt 8.571429252624512 -5.25
vt 8.571429252624512 -6.410714626312256
vt -12.098214149475098 -6.410714626312256
vt -11.91964340209961 -6.410714626312256
vt -11.91964340209961 -6.3214287757873535
vt -12.098214149475098 -6.3214287757873535
vt 8.48214340209961 -11.098214149475098
vt 8.48214340209961 -10.91964340209961
vt 8.571429252624512 -10.91964340209961
vt 8.571429252624512 -11.098214149475098
vt -11.91964340209961 -5.339285850524902
vt -11.91964340209961 -5.25
vt -12.098214149475098 -5.25
vt -12.098214149475098 -5.339285850524902
vt 8.571429252624512 -11.098214149475098
vt 8.571429252624512 -10.91964340209961
vt 8.48214340209961 -10.91964340209961
vt 8.48214340209961 -11.098214149475098
vt -11.91964340209961 -6.3214287757873535
vt -11.91964340209961 -5.339285850524902
vt -12.098214149475098 -5.339285850524902
vt -12.098214149475098 -6.3214287757873535
vt 8.571429252624512 -4.848214626312256
vt 8.571429252624512 -5.25
vt 8.48214340209961 -5.25
vt 8.258929252624512 -4.848214626312256
vt 8.571429252624512 -5.25
vt 8.571429252624512 -4.848214626312256
vt 8.258929252624512 -4.848214626312256
vt 8.48214340209961 -5.25
vt -11.875000953674316 -4.848214626312256
vt -12.142857551574707 -4.848214626312256
vt -12.142857551574707 -5.25
vt -11.875000953674316 -5.25
vt 6.0 -3.0625
vt 6.0 -3.09375
vt 4.25 -3.09375
vt 4.25 -3.0625
vt 6.0 -3.09375
vt 6.0 -3.0625
vt 4.25 -3.0625
vt 4.25 -3.09375
vt 6.0 -5.3125
vt 4.25 -5.3125
vt 4.25 -5.5
vt 6.0 -5.5
vt 6.0714287757873535 -4.848214626312256
vt 6.0714287757873535 -5.25
vt 6.160714626312256 -5.25
vt 6.3839287757873535 -4.848214626312256
vt 6.0714287757873535 -5.25
vt 6.0714287757873535 -4.848214626312256
vt 6.3839287757873535 -4.848214626312256
vt 6.160714626312256 -5.25
vt -12.142857551574707 -4.848214626312256
vt -11.875000953674316 -4.848214626312256
vt -11.875000953674316 -5.25
vt -12.142857551574707 -5.25
vt 8.571429252624512 -6.410714626312256
vt 8.48214340209961 -6.410714626312256
vt 8.48214340209961 -5.25
vt 8.571429252624512 -5.25
vt -12.142857551574707 -5.25
vt -12.142857551574707 -6.410714626312256
vt -12.098215103149414 -6.410714626312256
vt -12.098215103149414 -5.25
vt 8.571429252624512 -6.410714626312256
vt 8.571429252624512 -5.25
vt 8.48214340209961 -5.25
vt 8.48214340209961 -6.410714626312256
vt 8.48214340209961 -5.25
vt 8.48214340209961 -6.410714626312256
vt 8.571429252624512 -6.410714626312256
vt 8.571429252624512 -5.25
vt -11.91964340209961 -6.410714626312256
vt -11.875000953674316 -6.410714626312256
vt -11.875000953674316 -5.25
vt -11.91964340209961 -5.25
vt 8.48214340209961 -6.410714626312256
vt 8.48214340209961 -5.25
vt 8.571429252624512 -5.25
vt 8.571429252624512 -6.410714626312256
vt -12.098215103149414 -6.410714626312256
vt -11.91964340209961 -6.410714626312256
vt -11.91964340209961 -6.3214287757873535
vt -12.098215103149414 -6.3214287757873535
vt 8.48214340209961 -11.098215103149414
vt 8.48214340209961 -10.91964340209961
vt 8.571429252624512 -10.91964340209961
vt 8.571429252624512 -11.098215103149414
vt -11.91964340209961 -5.339285850524902
vt -11.91964340209961 -5.25
vt -12.098215103149414 -5.25
vt -12.098215103149414 -5.339285850524902
vt 8.571429252624512 -11.098215103149414
vt 8.571429252624512 -10.91964340209961
vt 8.48214340209961 -10.91964340209961
vt 8.48214340209961 -11.098215103149414
vt -11.91964340209961 -6.3214287757873535
vt -11.91964340209961 -5.339285850524902
vt -12.098215103149414 -5.339285850524902
vt -12.098215103149414 -6.3214287757873535
vt 8.571428298950195 -6.410714626312256
vt 8.482142448425293 -6.410714626312256
vt 8.482142448425293 -5.25
vt 8.571428298950195 -5.25
vt -12.14285659790039 -5.25
vt -12.14285659790039 -6.410714626312256
vt -12.098214149475098 -6.410714626312256
vt -12.098214149475098 -5.25
vt 8.571428298950195 -6.410714626312256
vt 8.571428298950195 -5.25
vt 8.482142448425293 -5.25
vt 8.482142448425293 -6.410714626312256
vt 8.482142448425293 -5.25
vt 8.482142448425293 -6.410714626312256
vt 8.571428298950195 -6.410714626312256
vt 8.571428298950195 -5.25
vt -11.919642448425293 -6.410714626312256
vt -11.875 -6.410714626312256
vt -11.875 -5.25
vt -11.919642448425293 -5.25
vt 8.482142448425293 -6.410714626312256
vt 8.482142448425293 -5.25
vt 8.571428298950195 -5.25
vt 8.571428298950195 -6.410714626312256
vt -12.098214149475098 -6.410714626312256
vt -11.919642448425293 -6.410714626312256
vt -11.919642448425293 -6.3214287757873535
vt -12.098214149475098 -6.3214287757873535
vt 8.482142448425293 -11.098214149475098
vt 8.482142448425293 -10.919642448425293
vt 8.571428298950195 -10.919642448425293
vt 8.571428298950195 -11.098214149475098
vt -11.919642448425293 -5.339285850524902
vt -11.919642448425293 -5.25
vt -12.098214149475098 -5.25
vt -12.098214149475098 -5.339285850524902
vt 8.571428298950195 -11.098214149475098
vt 8.571428298950195 -10.919642448425293
vt 8.482142448425293 -10.919642448425293
vt 8.482142448425293 -11.098214149475098
vt -11.919642448425293 -6.3214287757873535
vt -11.919642448425293 -5.339285850524902
vt -12.098214149475098 -5.339285850524902
vt -12.098214149475098 -6.3214287757873535
vt 0.5201516151428223 0.7992895692586899
vt 0.5431728363037109 0.8309759795665741
vt 0.5575909614562988 0.8673922121524811
vt 0.4899730980396271 0.7743237763643265
vt 0.4545340836048126 0.7576474547386169
vt 0.4160609543323517 0.7503083348274231
vt 0.3769717514514923 0.7527676224708557
vt 0.3397221863269806 0.7648707628250122
vt 0.30665257573127747 0.785857304930687
vt 0.27984097599983215 0.814408540725708
vt 0.2609725296497345 0.8487305343151093
vt 0.25123217701911926 0.8866666704416275
vt 0.25123217701911926 0.9258333146572113
vt 0.2609725296497345 0.9637694358825684
vt 0.27984097599983215 0.9980914369225502
vt 0.30665257573127747 1.026642695069313
vt 0.3397221863269806 1.0476292222738266
vt 0.3769717514514923 1.0597323775291443
vt 0.4160609543323517 1.062191680073738
vt 0.4545340836048126 1.0548525750637054
vt 0.4899730980396271 1.0381762385368347
vt 0.5201516151428223 1.013210490345955
vt 0.5431728363037109 0.9815240129828453
vt 0.5575909614562988 0.9451077952980995
vt 0.5625 0.90625
vt 6.203125 0.9451077952980995
vt 5.453125 0.9451077952980995
vt 5.453125 0.90625
vt 6.203125 0.90625
vt 6.203125 0.9815240129828453
vt 5.453125 0.9815240129828453
vt 5.453125 0.9451077952980995
vt 6.203125 0.9451077952980995
vt 6.203125 1.013210490345955
vt 5.453125 1.013210490345955
vt 5.453125 0.9815240129828453
vt 6.203125 0.9815240129828453
vt 6.203125 1.489973098039627
vt 5.453125 1.489973098039627
vt 5.453125 1.5201516151428223
vt 6.203125 1.5201516151428223
vt 6.203125 1.4545340836048126
vt 5.453125 1.4545340836048126
vt 5.453125 1.489973098039627
vt 6.203125 1.489973098039627
vt 6.203125 1.4160609543323517
vt 5.453125 1.4160609543323517
vt 5.453125 1.4545340836048126
vt 6.203125 1.4545340836048126
vt 6.203125 1.3769717514514923
vt 5.453125 1.3769717514514923
vt 5.453125 1.4160609543323517
vt 6.203125 1.4160609543323517
vt 6.203125 1.3397221863269806
vt 5.453125 1.3397221863269806
vt 5.453125 1.3769717514514923
vt 6.203125 1.3769717514514923
vt 6.203125 1.3066525757312775
vt 5.453125 1.3066525757312775
vt 5.453125 1.3397221863269806
vt 6.203125 1.3397221863269806
vt 6.203125 0.9980914369225502
vt 5.453125 0.9980914369225502
vt 5.453125 1.026642695069313
vt 6.203125 1.026642695069313
vt 6.203125 0.9637694358825684
vt 5.453125 0.9637694358825684
vt 5.453125 0.9980914369225502
vt 6.203125 0.9980914369225502
vt 6.203125 0.9258333146572113
vt 5.453125 0.9258333146572113
vt 5.453125 0.9637694358825684
vt 6.203125 0.9637694358825684
vt 6.203125 0.8866666704416275
vt 5.453125 0.8866666704416275
vt 5.453125 0.9258333146572113
vt 6.203125 0.9258333146572113
vt 6.203125 0.8487305343151093
vt 5.453125 0.8487305343151093
vt 5.453125 0.8866666704416275
vt 6.203125 0.8866666704416275
vt 6.203125 0.814408540725708
vt 5.453125 0.814408540725708
vt 5.453125 0.8487305343151093
vt 6.203125 0.8487305343151093
vt 6.203125 0.785857304930687
vt 5.453125 0.785857304930687
vt 5.453125 0.814408540725708
vt 6.203125 0.814408540725708
vt 6.203125 1.3397221863269806
vt 5.453125 1.3397221863269806
vt 5.453125 1.3066525757312775
vt 6.203125 1.3066525757312775
vt 6.203125 1.3769717514514923
vt 5.453125 1.3769717514514923
vt 5.453125 1.3397221863269806
vt 6.203125 1.3397221863269806
vt 6.203125 1.4160609543323517
vt 5.453125 1.4160609543323517
vt 5.453125 1.3769717514514923
vt 6.203125 1.3769717514514923
vt 6.203125 1.4545340836048126
vt 5.453125 1.4545340836048126
vt 5.453125 1.4160609543323517
vt 6.203125 1.4160609543323517
vt 6.203125 1.489973098039627
vt 5.453125 1.489973098039627
vt 5.453125 1.4545340836048126
vt 6.203125 1.4545340836048126
vt 6.203125 1.5201516151428223
vt 5.453125 1.5201516151428223
vt 5.453125 1.489973098039627
vt 6.203125 1.489973098039627
vt 6.203125 0.8309759795665741
vt 5.453125 0.8309759795665741
vt 5.453125 0.7992895692586899
vt 6.203125 0.7992895692586899
vt 6.203125 0.8673922121524811
vt 5.453125 0.8673922121524811
vt 5.453125 0.8309759795665741
vt 6.203125 0.8309759795665741
vt 6.203125 0.90625
vt 5.453125 0.90625
vt 5.453125 0.8673922121524811
vt 6.203125 0.8673922121524811
vt 0.26159098744392395 0.8153509795665741
vt 0.2471156269311905 0.8517672121524811
vt 0.2421875149011612 0.8906249925494194
vt 0.2847037613391876 0.7836645543575287
vt 0.315001517534256 0.7586987614631653
vt 0.35058072209358215 0.7420224249362946
vt 0.3892059624195099 0.7346833348274231
vt 0.4284501373767853 0.7371426224708557
vt 0.46584752202033997 0.7492457628250122
vt 0.49904778599739075 0.7702322900295258
vt 0.5259652137756348 0.798783540725708
vt 0.5449085235595703 0.8331055343151093
vt 0.5546875 0.8710416555404663
vt 0.5546875 0.9102083072066307
vt 0.5449085235595703 0.9481444284319878
vt 0.5259652137756348 0.9824664294719696
vt 0.49904778599739075 1.0110176876187325
vt 0.46584752202033997 1.0320042073726654
vt 0.4284501373767853 1.0441073775291443
vt 0.3892059624195099 1.046566665172577
vt 0.35058119893074036 1.0392275750637054
vt 0.315001517534256 1.0225512385368347
vt 0.2847037613391876 0.9975854754447937
vt 0.26159098744392395 0.9658990055322647
vt 0.2471156269311905 0.9294827878475189
vt 5.453125 0.9294827878475189
vt 5.453125 0.8906249925494194
vt 5.423828125 0.8906249925494194
vt 5.423828125 0.9171189442276955
vt 5.453125 0.9658990055322647
vt 5.453125 0.9294827878475189
vt 5.423828125 0.9171189442276955
vt 5.423828125 0.9419481828808784
vt 0.2847037613391876 0.9975854754447937
vt 0.26159098744392395 0.9658990055322647
vt 0.305329829454422 0.9419481828808784
vt 0.3210888206958771 0.9635525941848755
vt 0.315001517534256 1.0225512385368347
vt 0.2847037613391876 0.9975854754447937
vt 0.3210888206958771 0.9635525941848755
vt 0.34174636006355286 0.9805747047066689
vt 5.453125 1.3505811989307404
vt 5.453125 1.315001517534256
vt 5.423828125 1.3417463600635529
vt 5.423828125 1.3660049736499786
vt 5.453125 1.3892059624195099
vt 5.453125 1.3505811989307404
vt 5.423828125 1.3660049736499786
vt 5.423828125 1.392340213060379
vt 5.453125 1.4284501373767853
vt 5.453125 1.3892059624195099
vt 5.423828125 1.392340213060379
vt 5.423828125 1.4190974533557892
vt 5.453125 1.46584752202034
vt 5.453125 1.4284501373767853
vt 5.423828125 1.4190974533557892
vt 5.423828125 1.4445953667163849
vt 0.49904778599739075 1.0110176876187325
vt 0.46584752202033997 1.0320042073726654
vt 0.4445953667163849 0.9870199114084244
vt 0.46723225712776184 0.9727109223604202
vt 0.5259652137756348 0.9824664294719696
vt 0.49904778599739075 1.0110176876187325
vt 0.46723225712776184 0.9727109223604202
vt 0.4855852425098419 0.953244149684906
vt 0.5449085235595703 0.9481444284319878
vt 0.5259652137756348 0.9824664294719696
vt 0.4855852425098419 0.953244149684906
vt 0.49850085377693176 0.9298427924513817
vt 5.453125 0.9102083072066307
vt 5.453125 0.9481444284319878
vt 5.423828125 0.9298427924513817
vt 5.423828125 0.9039772525429726
vt 5.453125 0.8710416555404663
vt 5.453125 0.9102083072066307
vt 5.423828125 0.9039772525429726
vt 5.423828125 0.877272717654705
vt 5.453125 0.8331055343151093
vt 5.453125 0.8710416555404663
vt 5.423828125 0.877272717654705
vt 5.423828125 0.8514071851968765
vt 0.5259652137756348 0.798783540725708
vt 0.5449085235595703 0.8331055343151093
vt 0.49850085377693176 0.8514071851968765
vt 0.4855852425098419 0.8280058205127716
vt 0.49904778599739075 0.7702322900295258
vt 0.5259652137756348 0.798783540725708
vt 0.4855852425098419 0.8280058205127716
vt 0.46723225712776184 0.8085390627384186
vt 0.46584752202033997 0.7492457628250122
vt 0.49904778599739075 0.7702322900295258
vt 0.46723225712776184 0.8085390627384186
vt 0.4445953667163849 0.7942300587892532
vt 5.453125 1.4284501373767853
vt 5.453125 1.46584752202034
vt 5.423828125 1.4445953667163849
vt 5.423828125 1.4190974533557892
vt 5.453125 1.3892059624195099
vt 5.453125 1.4284501373767853
vt 5.423828125 1.4190974533557892
vt 5.423828125 1.392340213060379
vt 5.453125 1.3505807220935822
vt 5.453125 1.3892059624195099
vt 5.423828125 1.392340213060379
vt 5.423828125 1.3660049736499786
vt 5.453125 1.315001517534256
vt 5.453125 1.3505807220935822
vt 5.423828125 1.3660049736499786
vt 5.423828125 1.3417463600635529
vt 0.2847037613391876 0.7836645543575287
vt 0.315001517534256 0.7586987614631653
vt 0.34174636006355286 0.8006752878427505
vt 0.32108834385871887 0.8176974207162857
vt 0.26159098744392395 0.8153509795665741
vt 0.2847037613391876 0.7836645543575287
vt 0.32108834385871887 0.8176974207162857
vt 0.305329829454422 0.8393017947673798
vt 5.453125 0.8517672121524811
vt 5.453125 0.8153509795665741
vt 5.423828125 0.8393017947673798
vt 5.423828125 0.8641310483217239
vt 5.453125 0.8906249925494194
vt 5.453125 0.8517672121524811
vt 5.423828125 0.8641310483217239
vt 5.423828125 0.8906249925494194
vt 0.3210888206958771 0.9635525941848755
vt 0.305329829454422 0.9419481828808784
vt 0.2954602539539337 0.9171189442276955
vt 0.34174636006355286 0.9805747047066689
vt 0.36600497364997864 0.9919449388980865
vt 0.39234021306037903 0.9969488605856895
vt 0.4190974533557892 0.9952720701694489
vt 0.4445953667163849 0.9870199114084244
vt 0.46723225712776184 0.9727109223604202
vt 0.4855852425098419 0.953244149684906
vt 0.49850085377693176 0.9298427924513817
vt 0.5051684379577637 0.9039772525429726
vt 0.5051684379577637 0.877272717654705
vt 0.49850085377693176 0.8514071851968765
vt 0.4855852425098419 0.8280058205127716
vt 0.46723225712776184 0.8085390627384186
vt 0.4445953667163849 0.7942300587892532
vt 0.4190974533557892 0.78597791492939
vt 0.39234021306037903 0.7843011319637299
vt 0.36600497364997864 0.7893050611019135
vt 0.34174636006355286 0.8006752878427505
vt 0.32108834385871887 0.8176974207162857
vt 0.305329829454422 0.8393017947673798
vt 0.2954602539539337 0.8641310483217239
vt 0.2920999825000763 0.8906249925494194
vt 0.34557822346687317 0.8906249925494194
vt 0.3472581207752228 0.9038719683885574
vt 0.2954607307910919 0.9171189442276955
vt 0.2921004593372345 0.8906249925494194
vt 0.3472581207752228 0.9038719683885574
vt 0.3521929085254669 0.9162865877151489
vt 0.305329829454422 0.9419481828808784
vt 0.2954607307910919 0.9171189442276955
vt 0.3521929085254669 0.9162865877151489
vt 0.36007264256477356 0.9270887970924377
vt 0.3210888206958771 0.9635525941848755
vt 0.305329829454422 0.9419481828808784
vt 0.36007264256477356 0.9270887970924377
vt 0.37040141224861145 0.9355998486280441
vt 0.34174636006355286 0.9805747047066689
vt 0.3210888206958771 0.9635525941848755
vt 0.37040141224861145 0.9355998486280441
vt 0.38253071904182434 0.941284965723753
vt 0.36600497364997864 0.9919449388980865
vt 0.34174636006355286 0.9805747047066689
vt 0.38253071904182434 0.941284965723753
vt 0.39569810032844543 0.9437869265675545
vt 0.39234021306037903 0.9969488605856895
vt 0.36600497364997864 0.9919449388980865
vt 0.39569810032844543 0.9437869265675545
vt 0.4090767204761505 0.9429485350847244
vt 0.4190974533557892 0.9952720701694489
vt 0.39234021306037903 0.9969488605856895
vt 0.4090767204761505 0.9429485350847244
vt 0.42182591557502747 0.9388224519789219
vt 0.4445958435535431 0.9870199114084244
vt 0.4190974533557892 0.9952720701694489
vt 0.42182591557502747 0.9388224519789219
vt 0.43314412236213684 0.9316679537296295
vt 0.46723225712776184 0.9727109223604202
vt 0.4445958435535431 0.9870199114084244
vt 0.43314412236213684 0.9316679537296295
vt 0.442320853471756 0.921934574842453
vt 0.4855852425098419 0.953244149684906
vt 0.46723225712776184 0.9727109223604202
vt 0.442320853471756 0.921934574842453
vt 0.4487786591053009 0.9102338925004005
vt 0.49850133061408997 0.9298427924513817
vt 0.4855852425098419 0.953244149684906
vt 0.4487786591053009 0.9102338925004005
vt 0.45211222767829895 0.897301122546196
vt 0.5051684379577637 0.9039772525429726
vt 0.49850133061408997 0.9298427924513817
vt 0.45211222767829895 0.897301122546196
vt 0.45211222767829895 0.8839488551020622
vt 0.5051684379577637 0.877272717654705
vt 0.5051684379577637 0.9039772525429726
vt 0.45211222767829895 0.8839488551020622
vt 0.4487786591053009 0.8710160851478577
vt 0.49850133061408997 0.8514071851968765
vt 0.5051684379577637 0.877272717654705
vt 0.4487786591053009 0.8710160851478577
vt 0.442320853471756 0.8593154102563858
vt 0.4855852425098419 0.8280058205127716
vt 0.49850133061408997 0.8514071851968765
vt 0.442320853471756 0.8593154102563858
vt 0.43314412236213684 0.8495820313692093
vt 0.46723225712776184 0.8085390627384186
vt 0.4855852425098419 0.8280058205127716
vt 0.43314412236213684 0.8495820313692093
vt 0.42182591557502747 0.842427521944046
vt 0.4445958435535431 0.7942300587892532
vt 0.46723225712776184 0.8085390627384186
vt 0.42182591557502747 0.842427521944046
vt 0.4090767204761505 0.8383014500141144
vt 0.4190974533557892 0.78597791492939
vt 0.4445958435535431 0.7942300587892532
vt 0.4090767204761505 0.8383014500141144
vt 0.39569810032844543 0.8374630659818649
vt 0.39234021306037903 0.7843011319637299
vt 0.4190974533557892 0.78597791492939
vt 0.39569810032844543 0.8374630659818649
vt 0.38253071904182434 0.8399650305509567
vt 0.36600497364997864 0.7893050611019135
vt 0.39234021306037903 0.7843011319637299
vt 0.38253071904182434 0.8399650305509567
vt 0.37040141224861145 0.8456501364707947
vt 0.34174636006355286 0.8006752878427505
vt 0.36600497364997864 0.7893050611019135
vt 0.37040141224861145 0.8456501364707947
vt 0.36007264256477356 0.8541612029075623
vt 0.3210888206958771 0.8176974207162857
vt 0.34174636006355286 0.8006752878427505
vt 0.36007264256477356 0.8541612029075623
vt 0.3521929085254669 0.8649633973836899
vt 0.305329829454422 0.8393017947673798
vt 0.3210888206958771 0.8176974207162857
vt 0.3521929085254669 0.8649633973836899
vt 0.3472581207752228 0.8773780167102814
vt 0.2954607307910919 0.8641310483217239
vt 0.305329829454422 0.8393017947673798
vt 0.3472581207752228 0.8773780167102814
vt 0.34557822346687317 0.8906249925494194
vt 0.2921004593372345 0.8906249925494194
vt 0.2954607307910919 0.8641310483217239
vt 0.49850133061408997 0.9298427924513817
vt 0.5051684379577637 0.9039772525429726
vt 0.5051684379577637 0.877272717654705
vt 0.4855852425098419 0.953244149684906
vt 0.46723225712776184 0.9727109223604202
vt 0.4445958435535431 0.9870199114084244
vt 0.4190974533557892 0.9952720701694489
vt 0.39234021306037903 0.9969488605856895
vt 0.36600497364997864 0.9919449388980865
vt 0.34174636006355286 0.9805747047066689
vt 0.3210888206958771 0.9635525941848755
vt 0.305329829454422 0.9419481828808784
vt 0.2954607307910919 0.9171189442276955
vt 0.2921004593372345 0.8906249925494194
vt 0.2954607307910919 0.8641310483217239
vt 0.305329829454422 0.8393017947673798
vt 0.3210888206958771 0.8176974207162857
vt 0.34174636006355286 0.8006752878427505
vt 0.36600497364997864 0.7893050611019135
vt 0.39234021306037903 0.7843011319637299
vt 0.4190974533557892 0.78597791492939
vt 0.4445958435535431 0.7942300587892532
vt 0.46723225712776184 0.8085390627384186
vt 0.4855852425098419 0.8280058205127716
vt 0.49850133061408997 0.8514071851968765
vt 0.36007264256477356 0.9270887970924377
vt 0.3521929085254669 0.9162865877151489
vt 0.3472581207752228 0.9038719683885574
vt 0.37040141224861145 0.9355998486280441
vt 0.38253071904182434 0.941284965723753
vt 0.39569810032844543 0.9437869265675545
vt 0.4090767204761505 0.9429485350847244
vt 0.42182591557502747 0.9388224519789219
vt 0.43314412236213684 0.9316679537296295
vt 0.442320853471756 0.921934574842453
vt 0.4487786591053009 0.9102338925004005
vt 0.45211222767829895 0.897301122546196
vt 0.45211222767829895 0.8839488551020622
vt 0.4487786591053009 0.8710160851478577
vt 0.442320853471756 0.8593154102563858
vt 0.43314412236213684 0.8495820313692093
vt 0.42182591557502747 0.842427521944046
vt 0.4090767204761505 0.8383014500141144
vt 0.39569810032844543 0.8374630659818649
vt 0.38253071904182434 0.8399650305509567
vt 0.37040141224861145 0.8456501364707947
vt 0.36007264256477356 0.8541612029075623
vt 0.3521929085254669 0.8649633973836899
vt 0.3472581207752228 0.8773780167102814
vt 0.34557822346687317 0.8906249925494194
vt 0.43824437260627747 0.8454062938690186
vt 0.4463339149951935 0.8565059304237366
vt 0.4514003098011017 0.8692624270915985
vt 0.42763999104499817 0.8366608619689941
vt 0.41518738865852356 0.8308191895484924
vt 0.40166857838630676 0.8282483518123627
vt 0.38793328404426575 0.8291098177433014
vt 0.37484410405158997 0.8333494961261749
vt 0.363224059343338 0.8407010138034821
vt 0.35380271077156067 0.8507024347782135
vt 0.3471727669239044 0.8627252876758575
vt 0.3437500298023224 0.8760141879320145
vt 0.3437500298023224 0.8897341340780258
vt 0.3471727669239044 0.9030230268836021
vt 0.35380271077156067 0.9150459095835686
vt 0.363224059343338 0.9250473156571388
vt 0.37484410405158997 0.9323988258838654
vt 0.38793328404426575 0.9366385191679001
vt 0.40166857838630676 0.9375000037252903
vt 0.41518738865852356 0.934929147362709
vt 0.42763999104499817 0.9290874749422073
vt 0.43824437260627747 0.9203420579433441
vt 0.4463339149951935 0.9092423990368843
vt 0.4514003098011017 0.8964859172701836
vt 0.4531250298023224 0.8828741684556007
vt 0.4463339149951935 0.9092423990368843
vt 0.4514003098011017 0.8964859172701836
vt 0.4531250298023224 0.8828741684556007
vt 0.43824437260627747 0.9203420579433441
vt 0.42763999104499817 0.9290874749422073
vt 0.41518738865852356 0.934929147362709
vt 0.40166857838630676 0.9375000037252903
vt 0.38793328404426575 0.9366385191679001
vt 0.37484410405158997 0.9323988258838654
vt 0.363224059343338 0.9250473156571388
vt 0.35380271077156067 0.9150459095835686
vt 0.3471727669239044 0.9030230268836021
vt 0.3437500298023224 0.8897341340780258
vt 0.3437500298023224 0.8760141879320145
vt 0.3471727669239044 0.8627252876758575
vt 0.35380271077156067 0.8507024347782135
vt 0.363224059343338 0.8407010138034821
vt 0.37484410405158997 0.8333494961261749
vt 0.38793328404426575 0.8291098177433014
vt 0.40166857838630676 0.8282483518123627
vt 0.41518738865852356 0.8308191895484924
vt 0.42763999104499817 0.8366608619689941
vt 0.43824437260627747 0.8454062938690186
vt 0.4463339149951935 0.8565059304237366
vt 0.4514003098011017 0.8692624270915985
vt 6.3203125 0.8964859172701836
vt 5.3984375 0.8964859172701836
vt 5.3984375 0.8828741684556007
vt 6.3203125 0.8828741684556007
vt 6.3203125 0.9092423990368843
vt 5.3984375 0.9092423990368843
vt 5.3984375 0.8964859172701836
vt 6.3203125 0.8964859172701836
vt 6.3203125 0.9203420579433441
vt 5.3984375 0.9203420579433441
vt 5.3984375 0.9092423990368843
vt 6.3203125 0.9092423990368843
vt 6.3203125 0.9290874749422073
vt 5.3984375 0.9290874749422073
vt 5.3984375 0.9203420579433441
vt 6.3203125 0.9203420579433441
vt 6.3203125 1.4151873886585236
vt 5.3984375 1.4151873886585236
vt 5.3984375 1.4276399910449982
vt 6.3203125 1.4276399910449982
vt 6.3203125 1.4016685783863068
vt 5.3984375 1.4016685783863068
vt 5.3984375 1.4151873886585236
vt 6.3203125 1.4151873886585236
vt 6.3203125 1.3879332840442657
vt 5.3984375 1.3879332840442657
vt 5.3984375 1.4016685783863068
vt 6.3203125 1.4016685783863068
vt 6.3203125 1.37484410405159
vt 5.3984375 1.37484410405159
vt 5.3984375 1.3879332840442657
vt 6.3203125 1.3879332840442657
vt 6.3203125 1.363224059343338
vt 5.3984375 1.363224059343338
vt 5.3984375 1.37484410405159
vt 6.3203125 1.37484410405159
vt 6.3203125 0.9150459095835686
vt 5.3984375 0.9150459095835686
vt 5.3984375 0.9250473156571388
vt 6.3203125 0.9250473156571388
vt 6.3203125 0.9030230268836021
vt 5.3984375 0.9030230268836021
vt 5.3984375 0.9150459095835686
vt 6.3203125 0.9150459095835686
vt 6.3203125 0.8897341340780258
vt 5.3984375 0.8897341340780258
vt 5.3984375 0.9030230268836021
vt 6.3203125 0.9030230268836021
vt 6.3203125 0.8760141879320145
vt 5.3984375 0.8760141879320145
vt 5.3984375 0.8897341340780258
vt 6.3203125 0.8897341340780258
vt 6.3203125 0.8627252876758575
vt 5.3984375 0.8627252876758575
vt 5.3984375 0.8760141879320145
vt 6.3203125 0.8760141879320145
vt 6.3203125 0.8507024347782135
vt 5.3984375 0.8507024347782135
vt 5.3984375 0.8627252876758575
vt 6.3203125 0.8627252876758575
vt 6.3203125 0.8407010138034821
vt 5.3984375 0.8407010138034821
vt 5.3984375 0.8507024347782135
vt 6.3203125 0.8507024347782135
vt 6.3203125 1.37484410405159
vt 5.3984375 1.37484410405159
vt 5.3984375 1.363224059343338
vt 6.3203125 1.363224059343338
vt 6.3203125 1.3879332840442657
vt 5.3984375 1.3879332840442657
vt 5.3984375 1.37484410405159
vt 6.3203125 1.37484410405159
vt 6.3203125 1.4016685783863068
vt 5.3984375 1.4016685783863068
vt 5.3984375 1.3879332840442657
vt 6.3203125 1.3879332840442657
vt 6.3203125 1.4151873886585236
vt 5.3984375 1.4151873886585236
vt 5.3984375 1.4016685783863068
vt 6.3203125 1.4016685783863068
vt 6.3203125 1.4276399910449982
vt 5.3984375 1.4276399910449982
vt 5.3984375 1.4151873886585236
vt 6.3203125 1.4151873886585236
vt 6.3203125 0.8454062938690186
vt 5.3984375 0.8454062938690186
vt 5.3984375 0.8366608619689941
vt 6.3203125 0.8366608619689941
vt 6.3203125 0.8565059304237366
vt 5.3984375 0.8565059304237366
vt 5.3984375 0.8454062938690186
vt 6.3203125 0.8454062938690186
vt 6.3203125 0.8692624270915985
vt 5.3984375 0.8692624270915985
vt 5.3984375 0.8565059304237366
vt 6.3203125 0.8565059304237366
vt 6.3203125 0.8828741684556007
vt 5.3984375 0.8828741684556007
vt 5.3984375 0.8692624270915985
vt 6.3203125 0.8692624270915985
vt 0.24529030919075012 0.950912956148386
vt 0.23502162098884583 0.9110415875911713
vt 0.23502162098884583 0.8906250074505806
vt 0.2651820480823517 0.9869858361780643
vt 0.2934470474720001 1.0169935934245586
vt 0.3283100426197052 1.039050705730915
vt 0.36757948994636536 1.0517712906002998
vt 0.4087882339954376 1.0543560460209846
vt 0.44934704899787903 1.0466425567865372
vt 0.4867077171802521 1.0291155017912388
vt 0.5185227394104004 1.0028761588037014
vt 0.5427923202514648 0.9695732556283474
vt 0.5579924583435059 0.9312993288040161
vt 0.5631465911865234 0.8906250074505806
vt 0.5427923202514648 0.9695732556283474
vt 0.5579924583435059 0.9312993288040161
vt 0.5631465911865234 0.8906250074505806
vt 0.5185227394104004 1.0028761588037014
vt 0.4867077171802521 1.0291155017912388
vt 0.44934704899787903 1.0466425567865372
vt 0.4087882339954376 1.0543560460209846
vt 0.36757948994636536 1.0517712906002998
vt 0.3283100426197052 1.039050705730915
vt 0.2934470474720001 1.0169935934245586
vt 0.2651820480823517 0.9869858361780643
vt 0.24529030919075012 0.950912956148386
vt 0.23502162098884583 0.9110415875911713
vt 0.23502162098884583 0.8906250074505806
vt 6.3125 0.9312993288040161
vt 6.1796875 0.9312993288040161
vt 6.1796875 0.8906250074505806
vt 6.3125 0.8906250074505806
vt 6.1796875 0.9695732556283474
vt 6.1796875 0.9312993288040161
vt 6.3125 0.9312993288040161
vt 6.3125 0.9695732556283474
vt 6.1796875 1.0028761588037014
vt 6.1796875 0.9695732556283474
vt 6.3125 0.9695732556283474
vt 6.3125 1.0028761588037014
vt 6.1796875 1.486707717180252
vt 6.1796875 1.5185227394104004
vt 6.3125 1.5185227394104004
vt 6.3125 1.486707717180252
vt 6.1796875 1.449347048997879
vt 6.1796875 1.486707717180252
vt 6.3125 1.486707717180252
vt 6.3125 1.449347048997879
vt 6.1796875 1.4087882339954376
vt 6.1796875 1.449347048997879
vt 6.3125 1.449347048997879
vt 6.3125 1.4087882339954376
vt 6.1796875 1.3675794899463654
vt 6.1796875 1.4087882339954376
vt 6.3125 1.4087882339954376
vt 6.3125 1.3675794899463654
vt 6.1796875 1.3283100426197052
vt 6.1796875 1.3675794899463654
vt 6.3125 1.3675794899463654
vt 6.3125 1.3283100426197052
vt 6.1796875 1.2934470474720001
vt 6.1796875 1.3283100426197052
vt 6.3125 1.3283100426197052
vt 6.3125 1.2934470474720001
vt 6.1796875 0.9869858361780643
vt 6.1796875 1.0169935934245586
vt 6.3125 1.0169935934245586
vt 6.3125 0.9869858361780643
vt 6.1796875 0.950912956148386
vt 6.1796875 0.9869858361780643
vt 6.3125 0.9869858361780643
vt 6.3125 0.950912956148386
vt 6.1796875 0.9110415875911713
vt 6.1796875 0.950912956148386
vt 6.3125 0.950912956148386
vt 6.3125 0.9110415875911713
vt 6.1796875 0.8906250074505806
vt 6.1796875 0.9110415875911713
vt 6.3125 0.9110415875911713
vt 6.3125 0.8906250074505806
vt 6.3125 0.890625
vt 6.3125 0.7265625
vt 6.1796875 0.7265625
vt 6.1796875 0.890625
vt 6.3125 0.7265625
vt 6.3125 0.890625
vt 6.1796875 0.890625
vt 6.1796875 0.7265625
vt 0.5625 0.890625
vt 0.2343750298023224 0.890625
vt 0.2343750298023224 0.7265625
vt 0.5625 0.7265625
vt 0.2343750298023224 0.890625
vt 0.5625 0.890625
vt 0.5625 0.7265625
vt 0.2343750298023224 0.7265625
vt 6.15625 0.96875
vt 6.15625 0.890625
vt 6.109375 0.890625
vt 6.109375 0.96875
vt 6.15625 0.890625
vt 6.15625 0.96875
vt 6.109375 0.96875
vt 6.109375 0.890625
vt 0.515625 0.96875
vt 0.2812500298023224 0.96875
vt 0.2812500298023224 0.890625
vt 0.515625 0.890625
vt 0.2812500298023224 0.96875
vt 0.515625 0.96875
vt 0.515625 0.890625
vt 0.2812500298023224 0.890625
vt 6.15625 0.96875
vt 6.15625 0.890625
vt 6.109375 0.890625
vt 6.109375 0.96875
vt 6.15625 0.890625
vt 6.15625 0.96875
vt 6.109375 0.96875
vt 6.109375 0.890625
vt 0.515625 0.96875
vt 0.2812500298023224 0.96875
vt 0.2812500298023224 0.890625
vt 0.515625 0.890625
vt 0.2812500298023224 0.96875
vt 0.515625 0.96875
vt 0.515625 0.890625
vt 0.2812500298023224 0.890625
vt 0.5201516151428223 0.7992895692586899
vt 0.5431728363037109 0.8309759795665741
vt 0.5575909614562988 0.8673922121524811
vt 0.4899730682373047 0.7743237763643265
vt 0.45453405380249023 0.7576474547386169
vt 0.4160609245300293 0.7503083348274231
vt 0.3769717216491699 0.7527676224708557
vt 0.3397221565246582 0.7648707628250122
vt 0.3066525459289551 0.785857304930687
vt 0.27984094619750977 0.814408540725708
vt 0.2609724998474121 0.8487305343151093
vt 0.2512321472167969 0.8866666704416275
vt 0.2512321472167969 0.9258333146572113
vt 0.2609724998474121 0.9637694358825684
vt 0.27984094619750977 0.9980914369225502
vt 0.3066525459289551 1.026642695069313
vt 0.3397221565246582 1.0476292222738266
vt 0.3769717216491699 1.0597323775291443
vt 0.4160609245300293 1.062191680073738
vt 0.45453405380249023 1.0548525750637054
vt 0.4899730682373047 1.0381762385368347
vt 0.5201516151428223 1.013210490345955
vt 0.5431728363037109 0.9815240129828453
vt 0.5575909614562988 0.9451077952980995
vt 0.5625 0.90625
vt 6.203125 0.9451077952980995
vt 5.453125 0.9451077952980995
vt 5.453125 0.90625
vt 6.203125 0.90625
vt 6.203125 0.9815240129828453
vt 5.453125 0.9815240129828453
vt 5.453125 0.9451077952980995
vt 6.203125 0.9451077952980995
vt 6.203125 1.013210490345955
vt 5.453125 1.013210490345955
vt 5.453125 0.9815240129828453
vt 6.203125 0.9815240129828453
vt 6.203125 1.4899730682373047
vt 5.453125 1.4899730682373047
vt 5.453125 1.5201516151428223
vt 6.203125 1.5201516151428223
vt 6.203125 1.4545340538024902
vt 5.453125 1.4545340538024902
vt 5.453125 1.4899730682373047
vt 6.203125 1.4899730682373047
vt 6.203125 1.4160609245300293
vt 5.453125 1.4160609245300293
vt 5.453125 1.4545340538024902
vt 6.203125 1.4545340538024902
vt 6.203125 1.37697172164917
vt 5.453125 1.37697172164917
vt 5.453125 1.4160609245300293
vt 6.203125 1.4160609245300293
vt 6.203125 1.3397221565246582
vt 5.453125 1.3397221565246582
vt 5.453125 1.37697172164917
vt 6.203125 1.37697172164917
vt 6.203125 1.306652545928955
vt 5.453125 1.306652545928955
vt 5.453125 1.3397221565246582
vt 6.203125 1.3397221565246582
vt 6.203125 0.9980914369225502
vt 5.453125 0.9980914369225502
vt 5.453125 1.026642695069313
vt 6.203125 1.026642695069313
vt 6.203125 0.9637694358825684
vt 5.453125 0.9637694358825684
vt 5.453125 0.9980914369225502
vt 6.203125 0.9980914369225502
vt 6.203125 0.9258333146572113
vt 5.453125 0.9258333146572113
vt 5.453125 0.9637694358825684
vt 6.203125 0.9637694358825684
vt 6.203125 0.8866666704416275
vt 5.453125 0.8866666704416275
vt 5.453125 0.9258333146572113
vt 6.203125 0.9258333146572113
vt 6.203125 0.8487305343151093
vt 5.453125 0.8487305343151093
vt 5.453125 0.8866666704416275
vt 6.203125 0.8866666704416275
vt 6.203125 0.814408540725708
vt 5.453125 0.814408540725708
vt 5.453125 0.8487305343151093
vt 6.203125 0.8487305343151093
vt 6.203125 0.785857304930687
vt 5.453125 0.785857304930687
vt 5.453125 0.814408540725708
vt 6.203125 0.814408540725708
vt 6.203125 1.3397221565246582
vt 5.453125 1.3397221565246582
vt 5.453125 1.306652545928955
vt 6.203125 1.306652545928955
vt 6.203125 1.37697172164917
vt 5.453125 1.37697172164917
vt 5.453125 1.3397221565246582
vt 6.203125 1.3397221565246582
vt 6.203125 1.4160609245300293
vt 5.453125 1.4160609245300293
vt 5.453125 1.37697172164917
vt 6.203125 1.37697172164917
vt 6.203125 1.4545340538024902
vt 5.453125 1.4545340538024902
vt 5.453125 1.4160609245300293
vt 6.203125 1.4160609245300293
vt 6.203125 1.4899730682373047
vt 5.453125 1.4899730682373047
vt 5.453125 1.4545340538024902
vt 6.203125 1.4545340538024902
vt 6.203125 1.5201516151428223
vt 5.453125 1.5201516151428223
vt 5.453125 1.4899730682373047
vt 6.203125 1.4899730682373047
vt 6.203125 0.8309759795665741
vt 5.453125 0.8309759795665741
vt 5.453125 0.7992895692586899
vt 6.203125 0.7992895692586899
vt 6.203125 0.8673922121524811
vt 5.453125 0.8673922121524811
vt 5.453125 0.8309759795665741
vt 6.203125 0.8309759795665741
vt 6.203125 0.90625
vt 5.453125 0.90625
vt 5.453125 0.8673922121524811
vt 6.203125 0.8673922121524811
vt 0.26159095764160156 0.8153509795665741
vt 0.2471156120300293 0.8517672121524811
vt 0.2421875 0.8906249925494194
vt 0.28470373153686523 0.7836645543575287
vt 0.3150014877319336 0.7586987614631653
vt 0.35058069229125977 0.7420224249362946
vt 0.3892059326171875 0.7346833348274231
vt 0.4284501075744629 0.7371426224708557
vt 0.4658474922180176 0.7492457628250122
vt 0.49904775619506836 0.7702322900295258
vt 0.5259652137756348 0.798783540725708
vt 0.5449085235595703 0.8331055343151093
vt 0.5546875 0.8710416555404663
vt 0.5546875 0.9102083072066307
vt 0.5449085235595703 0.9481444284319878
vt 0.5259652137756348 0.9824664294719696
vt 0.49904775619506836 1.0110176876187325
vt 0.4658474922180176 1.0320042073726654
vt 0.4284501075744629 1.0441073775291443
vt 0.3892059326171875 1.046566665172577
vt 0.35058116912841797 1.0392275750637054
vt 0.3150014877319336 1.0225512385368347
vt 0.28470373153686523 0.9975854754447937
vt 0.26159095764160156 0.9658990055322647
vt 0.2471156120300293 0.9294827878475189
vt 5.453125 0.9294827878475189
vt 5.453125 0.8906249925494194
vt 5.423828125 0.8906249925494194
vt 5.423828125 0.9171189442276955
vt 5.453125 0.9658990055322647
vt 5.453125 0.9294827878475189
vt 5.423828125 0.9171189442276955
vt 5.423828125 0.9419481828808784
vt 0.28470373153686523 0.9975854754447937
vt 0.26159095764160156 0.9658990055322647
vt 0.3053297996520996 0.9419481828808784
vt 0.3210887908935547 0.9635525941848755
vt 0.3150014877319336 1.0225512385368347
vt 0.28470373153686523 0.9975854754447937
vt 0.3210887908935547 0.9635525941848755
vt 0.34174633026123047 0.9805747047066689
vt 5.453125 1.350581169128418
vt 5.453125 1.3150014877319336
vt 5.423828125 1.3417463302612305
vt 5.423828125 1.3660049438476562
vt 5.453125 1.3892059326171875
vt 5.453125 1.350581169128418
vt 5.423828125 1.3660049438476562
vt 5.423828125 1.3923401832580566
vt 5.453125 1.428450107574463
vt 5.453125 1.3892059326171875
vt 5.423828125 1.3923401832580566
vt 5.423828125 1.4190974235534668
vt 5.453125 1.4658474922180176
vt 5.453125 1.428450107574463
vt 5.423828125 1.4190974235534668
vt 5.423828125 1.4445953369140625
vt 0.49904775619506836 1.0110176876187325
vt 0.4658474922180176 1.0320042073726654
vt 0.4445953369140625 0.9870199114084244
vt 0.46723222732543945 0.9727109223604202
vt 0.5259652137756348 0.9824664294719696
vt 0.49904775619506836 1.0110176876187325
vt 0.46723222732543945 0.9727109223604202
vt 0.48558521270751953 0.953244149684906
vt 0.5449085235595703 0.9481444284319878
vt 0.5259652137756348 0.9824664294719696
vt 0.48558521270751953 0.953244149684906
vt 0.4985008239746094 0.9298427924513817
vt 5.453125 0.9102083072066307
vt 5.453125 0.9481444284319878
vt 5.423828125 0.9298427924513817
vt 5.423828125 0.9039772525429726
vt 5.453125 0.8710416555404663
vt 5.453125 0.9102083072066307
vt 5.423828125 0.9039772525429726
vt 5.423828125 0.877272717654705
vt 5.453125 0.8331055343151093
vt 5.453125 0.8710416555404663
vt 5.423828125 0.877272717654705
vt 5.423828125 0.8514071851968765
vt 0.5259652137756348 0.798783540725708
vt 0.5449085235595703 0.8331055343151093
vt 0.4985008239746094 0.8514071851968765
vt 0.48558521270751953 0.8280058205127716
vt 0.49904775619506836 0.7702322900295258
vt 0.5259652137756348 0.798783540725708
vt 0.48558521270751953 0.8280058205127716
vt 0.46723222732543945 0.8085390627384186
vt 0.4658474922180176 0.7492457628250122
vt 0.49904775619506836 0.7702322900295258
vt 0.46723222732543945 0.8085390627384186
vt 0.4445953369140625 0.7942300587892532
vt 5.453125 1.428450107574463
vt 5.453125 1.4658474922180176
vt 5.423828125 1.4445953369140625
vt 5.423828125 1.4190974235534668
vt 5.453125 1.3892059326171875
vt 5.453125 1.428450107574463
vt 5.423828125 1.4190974235534668
vt 5.423828125 1.3923401832580566
vt 5.453125 1.3505806922912598
vt 5.453125 1.3892059326171875
vt 5.423828125 1.3923401832580566
vt 5.423828125 1.3660049438476562
vt 5.453125 1.3150014877319336
vt 5.453125 1.3505806922912598
vt 5.423828125 1.3660049438476562
vt 5.423828125 1.3417463302612305
vt 0.28470373153686523 0.7836645543575287
vt 0.3150014877319336 0.7586987614631653
vt 0.34174633026123047 0.8006752878427505
vt 0.3210883140563965 0.8176974207162857
vt 0.26159095764160156 0.8153509795665741
vt 0.28470373153686523 0.7836645543575287
vt 0.3210883140563965 0.8176974207162857
vt 0.3053297996520996 0.8393017947673798
vt 5.453125 0.8517672121524811
vt 5.453125 0.8153509795665741
vt 5.423828125 0.8393017947673798
vt 5.423828125 0.8641310483217239
vt 5.453125 0.8906249925494194
vt 5.453125 0.8517672121524811
vt 5.423828125 0.8641310483217239
vt 5.423828125 0.8906249925494194
vt 0.3210887908935547 0.9635525941848755
vt 0.3053297996520996 0.9419481828808784
vt 0.29546022415161133 0.9171189442276955
vt 0.34174633026123047 0.9805747047066689
vt 0.36600494384765625 0.9919449388980865
vt 0.39234018325805664 0.9969488605856895
vt 0.4190974235534668 0.9952720701694489
vt 0.4445953369140625 0.9870199114084244
vt 0.46723222732543945 0.9727109223604202
vt 0.48558521270751953 0.953244149684906
vt 0.4985008239746094 0.9298427924513817
vt 0.5051684379577637 0.9039772525429726
vt 0.5051684379577637 0.877272717654705
vt 0.4985008239746094 0.8514071851968765
vt 0.48558521270751953 0.8280058205127716
vt 0.46723222732543945 0.8085390627384186
vt 0.4445953369140625 0.7942300587892532
vt 0.4190974235534668 0.78597791492939
vt 0.39234018325805664 0.7843011319637299
vt 0.36600494384765625 0.7893050611019135
vt 0.34174633026123047 0.8006752878427505
vt 0.3210883140563965 0.8176974207162857
vt 0.3053297996520996 0.8393017947673798
vt 0.29546022415161133 0.8641310483217239
vt 0.2920999526977539 0.8906249925494194
vt 0.3455781936645508 0.8906249925494194
vt 0.3472580909729004 0.9038719683885574
vt 0.29546070098876953 0.9171189442276955
vt 0.2921004295349121 0.8906249925494194
vt 0.3472580909729004 0.9038719683885574
vt 0.35219287872314453 0.9162865877151489
vt 0.3053297996520996 0.9419481828808784
vt 0.29546070098876953 0.9171189442276955
vt 0.35219287872314453 0.9162865877151489
vt 0.36007261276245117 0.9270887970924377
vt 0.3210887908935547 0.9635525941848755
vt 0.3053297996520996 0.9419481828808784
vt 0.36007261276245117 0.9270887970924377
vt 0.37040138244628906 0.9355998486280441
vt 0.34174633026123047 0.9805747047066689
vt 0.3210887908935547 0.9635525941848755
vt 0.37040138244628906 0.9355998486280441
vt 0.38253068923950195 0.941284965723753
vt 0.36600494384765625 0.9919449388980865
vt 0.34174633026123047 0.9805747047066689
vt 0.38253068923950195 0.941284965723753
vt 0.39569807052612305 0.9437869265675545
vt 0.39234018325805664 0.9969488605856895
vt 0.36600494384765625 0.9919449388980865
vt 0.39569807052612305 0.9437869265675545
vt 0.4090766906738281 0.9429485350847244
vt 0.4190974235534668 0.9952720701694489
vt 0.39234018325805664 0.9969488605856895
vt 0.4090766906738281 0.9429485350847244
vt 0.4218258857727051 0.9388224519789219
vt 0.4445958137512207 0.9870199114084244
vt 0.4190974235534668 0.9952720701694489
vt 0.4218258857727051 0.9388224519789219
vt 0.43314409255981445 0.9316679537296295
vt 0.46723222732543945 0.9727109223604202
vt 0.4445958137512207 0.9870199114084244
vt 0.43314409255981445 0.9316679537296295
vt 0.4423208236694336 0.921934574842453
vt 0.48558521270751953 0.953244149684906
vt 0.46723222732543945 0.9727109223604202
vt 0.4423208236694336 0.921934574842453
vt 0.4487786293029785 0.9102338925004005
vt 0.4985013008117676 0.9298427924513817
vt 0.48558521270751953 0.953244149684906
vt 0.4487786293029785 0.9102338925004005
vt 0.45211219787597656 0.897301122546196
vt 0.5051684379577637 0.9039772525429726
vt 0.4985013008117676 0.9298427924513817
vt 0.45211219787597656 0.897301122546196
vt 0.45211219787597656 0.8839488551020622
vt 0.5051684379577637 0.877272717654705
vt 0.5051684379577637 0.9039772525429726
vt 0.45211219787597656 0.8839488551020622
vt 0.4487786293029785 0.8710160851478577
vt 0.4985013008117676 0.8514071851968765
vt 0.5051684379577637 0.877272717654705
vt 0.4487786293029785 0.8710160851478577
vt 0.4423208236694336 0.8593154102563858
vt 0.48558521270751953 0.8280058205127716
vt 0.4985013008117676 0.8514071851968765
vt 0.4423208236694336 0.8593154102563858
vt 0.43314409255981445 0.8495820313692093
vt 0.46723222732543945 0.8085390627384186
vt 0.48558521270751953 0.8280058205127716
vt 0.43314409255981445 0.8495820313692093
vt 0.4218258857727051 0.842427521944046
vt 0.4445958137512207 0.7942300587892532
vt 0.46723222732543945 0.8085390627384186
vt 0.4218258857727051 0.842427521944046
vt 0.4090766906738281 0.8383014500141144
vt 0.4190974235534668 0.78597791492939
vt 0.4445958137512207 0.7942300587892532
vt 0.4090766906738281 0.8383014500141144
vt 0.39569807052612305 0.8374630659818649
vt 0.39234018325805664 0.7843011319637299
vt 0.4190974235534668 0.78597791492939
vt 0.39569807052612305 0.8374630659818649
vt 0.38253068923950195 0.8399650305509567
vt 0.36600494384765625 0.7893050611019135
vt 0.39234018325805664 0.7843011319637299
vt 0.38253068923950195 0.8399650305509567
vt 0.37040138244628906 0.8456501364707947
vt 0.34174633026123047 0.8006752878427505
vt 0.36600494384765625 0.7893050611019135
vt 0.37040138244628906 0.8456501364707947
vt 0.36007261276245117 0.8541612029075623
vt 0.3210887908935547 0.8176974207162857
vt 0.34174633026123047 0.8006752878427505
vt 0.36007261276245117 0.8541612029075623
vt 0.35219287872314453 0.8649633973836899
vt 0.3053297996520996 0.8393017947673798
vt 0.3210887908935547 0.8176974207162857
vt 0.35219287872314453 0.8649633973836899
vt 0.3472580909729004 0.8773780167102814
vt 0.29546070098876953 0.8641310483217239
vt 0.3053297996520996 0.8393017947673798
vt 0.3472580909729004 0.8773780167102814
vt 0.3455781936645508 0.8906249925494194
vt 0.2921004295349121 0.8906249925494194
vt 0.29546070098876953 0.8641310483217239
vt 0.4985013008117676 0.9298427924513817
vt 0.5051684379577637 0.9039772525429726
vt 0.5051684379577637 0.877272717654705
vt 0.48558521270751953 0.953244149684906
vt 0.46723222732543945 0.9727109223604202
vt 0.4445958137512207 0.9870199114084244
vt 0.4190974235534668 0.9952720701694489
vt 0.39234018325805664 0.9969488605856895
vt 0.36600494384765625 0.9919449388980865
vt 0.34174633026123047 0.9805747047066689
vt 0.3210887908935547 0.9635525941848755
vt 0.3053297996520996 0.9419481828808784
vt 0.29546070098876953 0.9171189442276955
vt 0.2921004295349121 0.8906249925494194
vt 0.29546070098876953 0.8641310483217239
vt 0.3053297996520996 0.8393017947673798
vt 0.3210887908935547 0.8176974207162857
vt 0.34174633026123047 0.8006752878427505
vt 0.36600494384765625 0.7893050611019135
vt 0.39234018325805664 0.7843011319637299
vt 0.4190974235534668 0.78597791492939
vt 0.4445958137512207 0.7942300587892532
vt 0.46723222732543945 0.8085390627384186
vt 0.48558521270751953 0.8280058205127716
vt 0.4985013008117676 0.8514071851968765
vt 0.36007261276245117 0.9270887970924377
vt 0.35219287872314453 0.9162865877151489
vt 0.3472580909729004 0.9038719683885574
vt 0.37040138244628906 0.9355998486280441
vt 0.38253068923950195 0.941284965723753
vt 0.39569807052612305 0.9437869265675545
vt 0.4090766906738281 0.9429485350847244
vt 0.4218258857727051 0.9388224519789219
vt 0.43314409255981445 0.9316679537296295
vt 0.4423208236694336 0.921934574842453
vt 0.4487786293029785 0.9102338925004005
vt 0.45211219787597656 0.897301122546196
vt 0.45211219787597656 0.8839488551020622
vt 0.4487786293029785 0.8710160851478577
vt 0.4423208236694336 0.8593154102563858
vt 0.43314409255981445 0.8495820313692093
vt 0.4218258857727051 0.842427521944046
vt 0.4090766906738281 0.8383014500141144
vt 0.39569807052612305 0.8374630659818649
vt 0.38253068923950195 0.8399650305509567
vt 0.37040138244628906 0.8456501364707947
vt 0.36007261276245117 0.8541612029075623
vt 0.35219287872314453 0.8649633973836899
vt 0.3472580909729004 0.8773780167102814
vt 0.3455781936645508 0.8906249925494194
vt 0.4382443428039551 0.8454062938690186
vt 0.4463338851928711 0.8565059304237366
vt 0.4514002799987793 0.8692624270915985
vt 0.4276399612426758 0.8366608619689941
vt 0.41518735885620117 0.8308191895484924
vt 0.4016685485839844 0.8282483518123627
vt 0.38793325424194336 0.8291098177433014
vt 0.3748440742492676 0.8333494961261749
vt 0.3632240295410156 0.8407010138034821
vt 0.3538026809692383 0.8507024347782135
vt 0.34717273712158203 0.8627252876758575
vt 0.34375 0.8760141879320145
vt 0.34375 0.8897341340780258
vt 0.34717273712158203 0.9030230268836021
vt 0.3538026809692383 0.9150459095835686
vt 0.3632240295410156 0.9250473156571388
vt 0.3748440742492676 0.9323988258838654
vt 0.38793325424194336 0.9366385191679001
vt 0.4016685485839844 0.9375000037252903
vt 0.41518735885620117 0.934929147362709
vt 0.4276399612426758 0.9290874749422073
vt 0.4382443428039551 0.9203420579433441
vt 0.4463338851928711 0.9092423990368843
vt 0.4514002799987793 0.8964859172701836
vt 0.453125 0.8828741684556007
vt 0.4463338851928711 0.9092423990368843
vt 0.4514002799987793 0.8964859172701836
vt 0.453125 0.8828741684556007
vt 0.4382443428039551 0.9203420579433441
vt 0.4276399612426758 0.9290874749422073
vt 0.41518735885620117 0.934929147362709
vt 0.4016685485839844 0.9375000037252903
vt 0.38793325424194336 0.9366385191679001
vt 0.3748440742492676 0.9323988258838654
vt 0.3632240295410156 0.9250473156571388
vt 0.3538026809692383 0.9150459095835686
vt 0.34717273712158203 0.9030230268836021
vt 0.34375 0.8897341340780258
vt 0.34375 0.8760141879320145
vt 0.34717273712158203 0.8627252876758575
vt 0.3538026809692383 0.8507024347782135
vt 0.3632240295410156 0.8407010138034821
vt 0.3748440742492676 0.8333494961261749
vt 0.38793325424194336 0.8291098177433014
vt 0.4016685485839844 0.8282483518123627
vt 0.41518735885620117 0.8308191895484924
vt 0.4276399612426758 0.8366608619689941
vt 0.4382443428039551 0.8454062938690186
vt 0.4463338851928711 0.8565059304237366
vt 0.4514002799987793 0.8692624270915985
vt 6.3203125 0.8964859172701836
vt 5.3984375 0.8964859172701836
vt 5.3984375 0.8828741684556007
vt 6.3203125 0.8828741684556007
vt 6.3203125 0.9092423990368843
vt 5.3984375 0.9092423990368843
vt 5.3984375 0.8964859172701836
vt 6.3203125 0.8964859172701836
vt 6.3203125 0.9203420579433441
vt 5.3984375 0.9203420579433441
vt 5.3984375 0.9092423990368843
vt 6.3203125 0.9092423990368843
vt 6.3203125 0.9290874749422073
vt 5.3984375 0.9290874749422073
vt 5.3984375 0.9203420579433441
vt 6.3203125 0.9203420579433441
vt 6.3203125 1.4151873588562012
vt 5.3984375 1.4151873588562012
vt 5.3984375 1.4276399612426758
vt 6.3203125 1.4276399612426758
vt 6.3203125 1.4016685485839844
vt 5.3984375 1.4016685485839844
vt 5.3984375 1.4151873588562012
vt 6.3203125 1.4151873588562012
vt 6.3203125 1.3879332542419434
vt 5.3984375 1.3879332542419434
vt 5.3984375 1.4016685485839844
vt 6.3203125 1.4016685485839844
vt 6.3203125 1.3748440742492676
vt 5.3984375 1.3748440742492676
vt 5.3984375 1.3879332542419434
vt 6.3203125 1.3879332542419434
vt 6.3203125 1.3632240295410156
vt 5.3984375 1.3632240295410156
vt 5.3984375 1.3748440742492676
vt 6.3203125 1.3748440742492676
vt 6.3203125 0.9150459095835686
vt 5.3984375 0.9150459095835686
vt 5.3984375 0.9250473156571388
vt 6.3203125 0.9250473156571388
vt 6.3203125 0.9030230268836021
vt 5.3984375 0.9030230268836021
vt 5.3984375 0.9150459095835686
vt 6.3203125 0.9150459095835686
vt 6.3203125 0.8897341340780258
vt 5.3984375 0.8897341340780258
vt 5.3984375 0.9030230268836021
vt 6.3203125 0.9030230268836021
vt 6.3203125 0.8760141879320145
vt 5.3984375 0.8760141879320145
vt 5.3984375 0.8897341340780258
vt 6.3203125 0.8897341340780258
vt 6.3203125 0.8627252876758575
vt 5.3984375 0.8627252876758575
vt 5.3984375 0.8760141879320145
vt 6.3203125 0.8760141879320145
vt 6.3203125 0.8507024347782135
vt 5.3984375 0.8507024347782135
vt 5.3984375 0.8627252876758575
vt 6.3203125 0.8627252876758575
vt 6.3203125 0.8407010138034821
vt 5.3984375 0.8407010138034821
vt 5.3984375 0.8507024347782135
vt 6.3203125 0.8507024347782135
vt 6.3203125 1.3748440742492676
vt 5.3984375 1.3748440742492676
vt 5.3984375 1.3632240295410156
vt 6.3203125 1.3632240295410156
vt 6.3203125 1.3879332542419434
vt 5.3984375 1.3879332542419434
vt 5.3984375 1.3748440742492676
vt 6.3203125 1.3748440742492676
vt 6.3203125 1.4016685485839844
vt 5.3984375 1.4016685485839844
vt 5.3984375 1.3879332542419434
vt 6.3203125 1.3879332542419434
vt 6.3203125 1.4151873588562012
vt 5.3984375 1.4151873588562012
vt 5.3984375 1.4016685485839844
vt 6.3203125 1.4016685485839844
vt 6.3203125 1.4276399612426758
vt 5.3984375 1.4276399612426758
vt 5.3984375 1.4151873588562012
vt 6.3203125 1.4151873588562012
vt 6.3203125 0.8454062938690186
vt 5.3984375 0.8454062938690186
vt 5.3984375 0.8366608619689941
vt 6.3203125 0.8366608619689941
vt 6.3203125 0.8565059304237366
vt 5.3984375 0.8565059304237366
vt 5.3984375 0.8454062938690186
vt 6.3203125 0.8454062938690186
vt 6.3203125 0.8692624270915985
vt 5.3984375 0.8692624270915985
vt 5.3984375 0.8565059304237366
vt 6.3203125 0.8565059304237366
vt 6.3203125 0.8828741684556007
vt 5.3984375 0.8828741684556007
vt 5.3984375 0.8692624270915985
vt 6.3203125 0.8692624270915985
vt 0.24527980387210846 0.950912956148386
vt 0.23502160608768463 0.9110415875911713
vt 0.23502160608768463 0.8906250074505806
vt 0.2651510238647461 0.9869858361780643
vt 0.29338788986206055 1.0169935934245586
vt 0.3282146453857422 1.039050705730915
vt 0.3674445152282715 1.0517712906002998
vt 0.4086112976074219 1.0543560460209846
vt 0.4491291046142578 1.0466425567865372
vt 0.4864516258239746 1.0291155017912388
vt 0.5182342529296875 1.0028761588037014
vt 0.5424795150756836 0.9695732556283474
vt 0.5576639175415039 0.9312993288040161
vt 0.5628128051757812 0.8906250074505806
vt 0.5424795150756836 0.9695732556283474
vt 0.5576639175415039 0.9312993288040161
vt 0.5628128051757812 0.8906250074505806
vt 0.5182342529296875 1.0028761588037014
vt 0.4864516258239746 1.0291155017912388
vt 0.4491291046142578 1.0466425567865372
vt 0.4086112976074219 1.0543560460209846
vt 0.3674445152282715 1.0517712906002998
vt 0.3282146453857422 1.039050705730915
vt 0.29338788986206055 1.0169935934245586
vt 0.2651510238647461 0.9869858361780643
vt 0.24527980387210846 0.950912956148386
vt 0.23502160608768463 0.9110415875911713
vt 0.23502160608768463 0.8906250074505806
vt 6.3125 0.9312993288040161
vt 6.1796875 0.9312993288040161
vt 6.1796875 0.8906250074505806
vt 6.3125 0.8906250074505806
vt 6.1796875 0.9695732556283474
vt 6.1796875 0.9312993288040161
vt 6.3125 0.9312993288040161
vt 6.3125 0.9695732556283474
vt 6.1796875 1.0028761588037014
vt 6.1796875 0.9695732556283474
vt 6.3125 0.9695732556283474
vt 6.3125 1.0028761588037014
vt 6.1796875 1.4864516258239746
vt 6.1796875 1.5182342529296875
vt 6.3125 1.5182342529296875
vt 6.3125 1.4864516258239746
vt 6.1796875 1.4491291046142578
vt 6.1796875 1.4864516258239746
vt 6.3125 1.4864516258239746
vt 6.3125 1.4491291046142578
vt 6.1796875 1.4086112976074219
vt 6.1796875 1.4491291046142578
vt 6.3125 1.4491291046142578
vt 6.3125 1.4086112976074219
vt 6.1796875 1.3674445152282715
vt 6.1796875 1.4086112976074219
vt 6.3125 1.4086112976074219
vt 6.3125 1.3674445152282715
vt 6.1796875 1.3282146453857422
vt 6.1796875 1.3674445152282715
vt 6.3125 1.3674445152282715
vt 6.3125 1.3282146453857422
vt 6.1796875 1.2933878898620605
vt 6.1796875 1.3282146453857422
vt 6.3125 1.3282146453857422
vt 6.3125 1.2933878898620605
vt 6.1796875 0.9869858361780643
vt 6.1796875 1.0169935934245586
vt 6.3125 1.0169935934245586
vt 6.3125 0.9869858361780643
vt 6.1796875 0.950912956148386
vt 6.1796875 0.9869858361780643
vt 6.3125 0.9869858361780643
vt 6.3125 0.950912956148386
vt 6.1796875 0.9110415875911713
vt 6.1796875 0.950912956148386
vt 6.3125 0.950912956148386
vt 6.3125 0.9110415875911713
vt 6.1796875 0.8906250074505806
vt 6.1796875 0.9110415875911713
vt 6.3125 0.9110415875911713
vt 6.3125 0.8906250074505806
vt 6.3125 0.890625
vt 6.3125 0.7265625
vt 6.1796875 0.7265625
vt 6.1796875 0.890625
vt 6.3125 0.7265625
vt 6.3125 0.890625
vt 6.1796875 0.890625
vt 6.1796875 0.7265625
vt 0.5625 0.890625
vt 0.2343750149011612 0.890625
vt 0.2343750149011612 0.7265625
vt 0.5625 0.7265625
vt 0.2343750149011612 0.890625
vt 0.5625 0.890625
vt 0.5625 0.7265625
vt 0.2343750149011612 0.7265625
vt 6.15625 0.96875
vt 6.15625 0.890625
vt 6.109375 0.890625
vt 6.109375 0.96875
vt 6.15625 0.890625
vt 6.15625 0.96875
vt 6.109375 0.96875
vt 6.109375 0.890625
vt 0.515625 0.96875
vt 0.28125 0.96875
vt 0.28125 0.890625
vt 0.515625 0.890625
vt 0.28125 0.96875
vt 0.515625 0.96875
vt 0.515625 0.890625
vt 0.28125 0.890625
vt 6.15625 0.96875
vt 6.15625 0.890625
vt 6.109375 0.890625
vt 6.109375 0.96875
vt 6.15625 0.890625
vt 6.15625 0.96875
vt 6.109375 0.96875
vt 6.109375 0.890625
vt 0.515625 0.96875
vt 0.28125 0.96875
vt 0.28125 0.890625
vt 0.515625 0.890625
vt 0.28125 0.96875
vt 0.515625 0.96875
vt 0.515625 0.890625
vt 0.28125 0.890625
vt 11.75390625 -8.353299140930176
vt 11.75390625 -11.13107681274414
vt 11.72265625 -11.13107681274414
vt 11.72265625 -8.353299140930176
vt 11.75390625 -11.13107681274414
vt 11.75390625 -8.353299140930176
vt 11.72265625 -8.353299140930176
vt 11.72265625 -11.13107681274414
vt -14.99609375 -8.353299140930176
vt -15.49609375 -8.353299140930176
vt -15.49609375 -11.13107681274414
vt -14.99609375 -11.13107681274414
vt -15.49609375 -8.353299140930176
vt -14.99609375 -8.353299140930176
vt -14.99609375 -11.13107681274414
vt -15.49609375 -11.13107681274414
vt 11.75390625 -8.353299140930176
vt 11.75390625 -11.13107681274414
vt 11.72265625 -11.13107681274414
vt 11.72265625 -8.353299140930176
vt 11.75390625 -11.13107681274414
vt 11.75390625 -8.353299140930176
vt 11.72265625 -8.353299140930176
vt 11.72265625 -11.13107681274414
vt -14.99609375 -8.353299140930176
vt -15.49609375 -8.353299140930176
vt -15.49609375 -11.13107681274414
vt -14.99609375 -11.13107681274414
vt -15.49609375 -8.353299140930176
vt -14.99609375 -8.353299140930176
vt -14.99609375 -11.13107681274414
vt -15.49609375 -11.13107681274414
vt 11.75390625 -8.353299140930176
vt 11.75390625 -11.13107681274414
vt 11.72265625 -11.13107681274414
vt 11.72265625 -8.353299140930176
vt 11.75390625 -11.13107681274414
vt 11.75390625 -8.353299140930176
vt 11.72265625 -8.353299140930176
vt 11.72265625 -11.13107681274414
vt -14.99609375 -8.353299140930176
vt -15.49609375 -8.353299140930176
vt -15.49609375 -11.13107681274414
vt -14.99609375 -11.13107681274414
vt -15.49609375 -8.353299140930176
vt -14.99609375 -8.353299140930176
vt -14.99609375 -11.13107681274414
vt -15.49609375 -11.13107681274414
vt 11.75390625 -8.353299140930176
vt 11.75390625 -11.13107681274414
vt 11.72265625 -11.13107681274414
vt 11.72265625 -8.353299140930176
vt 11.75390625 -11.13107681274414
vt 11.75390625 -8.353299140930176
vt 11.72265625 -8.353299140930176
vt 11.72265625 -11.13107681274414
vt -14.99609375 -8.353299140930176
vt -15.49609375 -8.353299140930176
vt -15.49609375 -11.13107681274414
vt -14.99609375 -11.13107681274414
vt -15.49609375 -8.353299140930176
vt -14.99609375 -8.353299140930176
vt -14.99609375 -11.13107681274414
vt -15.49609375 -11.13107681274414
vt 0.17625771462917328 2.899886727333069
vt 0.17625771462917328 2.881669282913208
vt 0.2905869781970978 2.881669282913208
vt 0.2905869781970978 2.899886727333069
vt 0.3334605097770691 2.8864330053329468
vt 0.3334605097770691 2.9046504497528076
vt 0.4477897584438324 2.9046504497528076
vt 0.4477897584438324 2.8864330053329468
vt -1.1480563879013062 0.7475229501724243
vt -1.1480563879013062 0.8618522137403488
vt -1.3386051654815674 0.8618521988391876
vt -1.3386051654815674 0.7475229203701019
vt 22.803924560546875 2.5950087308883667
vt 22.61337661743164 2.5950087308883667
vt 22.61337661743164 2.5767911672592163
vt 22.803924560546875 2.5767911672592163
vt 22.61337661743164 2.5950087308883667
vt 22.803924560546875 2.5950087308883667
vt 22.803924560546875 2.5767911672592163
vt 22.61337661743164 2.5767911672592163
vt 0.17625761032104492 2.899886727333069
vt 0.17625761032104492 2.881669282913208
vt 0.2905868887901306 2.881669282913208
vt 0.2905868887901306 2.899886727333069
vt 0.33346033096313477 2.8864330053329468
vt 0.33346033096313477 2.9046504497528076
vt 0.44778960943222046 2.9046504497528076
vt 0.44778960943222046 2.8864330053329468
vt -1.1480563879013062 0.7475228309631348
vt -1.1480563879013062 0.8618521094322205
vt -1.3386051654815674 0.8618521094322205
vt -1.3386051654815674 0.7475228309631348
vt 22.803924560546875 2.5950087308883667
vt 22.61337661743164 2.5950087308883667
vt 22.61337661743164 2.5767911672592163
vt 22.803924560546875 2.5767911672592163
vt 22.61337661743164 2.5950087308883667
vt 22.803924560546875 2.5950087308883667
vt 22.803924560546875 2.5767911672592163
vt 22.61337661743164 2.5767911672592163
vt 0.17625772953033447 2.899886727333069
vt 0.17625772953033447 2.881669282913208
vt 0.29058700799942017 2.881669282913208
vt 0.29058700799942017 2.899886727333069
vt 0.3334604501724243 2.8864330053329468
vt 0.3334604501724243 2.9046504497528076
vt 0.44778972864151 2.9046504497528076
vt 0.44778972864151 2.8864330053329468
vt -1.1480562686920166 0.7475229501724243
vt -1.1480562686920166 0.86185222864151
vt -1.3386050462722778 0.86185222864151
vt -1.3386050462722778 0.7475229501724243
vt 22.803924560546875 2.5950087308883667
vt 22.61337661743164 2.5950087308883667
vt 22.61337661743164 2.5767911672592163
vt 22.803924560546875 2.5767911672592163
vt 22.61337661743164 2.5950087308883667
vt 22.803924560546875 2.5950087308883667
vt 22.803924560546875 2.5767911672592163
vt 22.61337661743164 2.5767911672592163
vt 5.234375 -4.1875
vt 5.234375 -3.5
vt 4.875 -3.5
vt 4.875 -4.1875
vt 5.234375 -7.828125
vt 4.875 -7.828125
vt 4.875 -8.03125
vt 5.234375 -8.03125
vt 4.875 -7.828125
vt 5.234375 -7.828125
vt 5.234375 -8.03125
vt 4.875 -8.03125
vt -8.828125 -3.5
vt -9.03125 -3.5
vt -9.03125 -4.1875
vt -8.828125 -4.1875
vt -9.03125 -3.5
vt -8.828125 -3.5
vt -8.828125 -4.1875
vt -9.03125 -4.1875
vt 5.203125 -3.515625
vt 5.203125 -4.171875
vt 4.875 -4.171875
vt 4.875 -3.515625
vt 5.203125 -4.171875
vt 5.203125 -3.515625
vt 4.875 -3.515625
vt 4.875 -4.171875
vt 5.203125 -7.828125
vt 4.875 -7.828125
vt 4.875 -7.84375
vt 5.203125 -7.84375
vt 4.875 -7.828125
vt 5.203125 -7.828125
vt 5.203125 -7.84375
vt 4.875 -7.84375
vt -8.828125 -3.515625
vt -8.84375 -3.515625
vt -8.84375 -4.171875
vt -8.828125 -4.171875
vt -8.84375 -3.515625
vt -8.828125 -3.515625
vt -8.828125 -4.171875
vt -8.84375 -4.171875
vt 5.171875 -4.1875
vt 5.171875 -3.754915237426758
vt 4.8125 -3.754915237426758
vt 4.8125 -4.1875
vt 5.171875 -7.828125
vt 4.8125 -7.828125
vt 4.8125 -8.03125
vt 5.171875 -8.03125
vt 4.8125 -7.828125
vt 5.171875 -7.828125
vt 5.171875 -8.03125
vt 4.8125 -8.03125
vt -8.828125 -3.754915237426758
vt -9.03125 -3.754915237426758
vt -9.03125 -4.1875
vt -8.828125 -4.1875
vt -9.03125 -3.754915237426758
vt -8.828125 -3.754915237426758
vt -8.828125 -4.1875
vt -9.03125 -4.1875
vt 5.140625 -3.764747142791748
vt 5.140625 -4.17766809463501
vt 4.8125 -4.17766809463501
vt 4.8125 -3.764747142791748
vt 5.140625 -4.17766809463501
vt 5.140625 -3.764747142791748
vt 4.8125 -3.764747142791748
vt 4.8125 -4.17766809463501
vt 5.140625 -7.828125
vt 4.8125 -7.828125
vt 4.8125 -7.84375
vt 5.140625 -7.84375
vt 4.8125 -7.828125
vt 5.140625 -7.828125
vt 5.140625 -7.84375
vt 4.8125 -7.84375
vt -8.828125 -3.764747142791748
vt -8.84375 -3.764747142791748
vt -8.84375 -4.17766809463501
vt -8.828125 -4.17766809463501
vt -8.84375 -3.764747142791748
vt -8.828125 -3.764747142791748
vt -8.828125 -4.17766809463501
vt -8.84375 -4.17766809463501

g RoomMesh_Geometry
f 1/1 2/2 3/3
f 4/4 1/1 3/3
f 5/5 6/6 7/7
f 8/8 5/5 7/7
f 9/9 10/10 11/11
f 12/12 9/9 11/11
f 13/13 14/14 15/15
f 16/16 13/13 15/15
f 17/17 18/18 19/19
f 20/20 17/17 19/19
f 21/21 22/22 23/23
f 24/24 21/21 23/23
f 25/25 26/26 27/27
f 28/28 25/25 27/27
f 29/29 30/30 31/31
f 32/32 29/29 31/31
f 33/33 34/34 35/35
f 36/36 33/33 35/35
f 37/37 38/38 39/39
f 40/40 37/37 39/39
f 41/41 42/42 43/43
f 44/44 41/41 43/43
f 45/45 46/46 47/47
f 48/48 45/45 47/47
f 49/49 50/50 51/51
f 52/52 49/49 51/51
f 53/53 54/54 55/55
f 56/56 53/53 55/55
f 57/57 58/58 59/59
f 60/60 57/57 59/59
f 61/61 62/62 63/63
f 64/64 61/61 63/63
f 65/65 66/66 67/67
f 68/68 65/65 67/67
f 69/69 70/70 71/71
f 72/72 69/69 71/71
f 73/73 74/74 75/75
f 76/76 73/73 75/75
f 77/77 78/78 79/79
f 80/80 77/77 79/79
f 81/81 82/82 83/83
f 84/84 81/81 83/83
f 85/85 86/86 87/87
f 88/88 85/85 87/87
f 89/89 90/90 91/91
f 92/92 89/89 91/91
f 93/93 94/94 95/95
f 96/96 93/93 95/95
f 97/97 98/98 99/99
f 100/100 97/97 99/99
f 101/101 102/102 103/103
f 104/104 101/101 103/103
f 105/105 106/106 107/107
f 108/108 105/105 107/107
f 109/109 110/110 111/111
f 112/112 109/109 111/111
f 113/113 114/114 115/115
f 116/116 113/113 115/115
f 117/117 118/118 119/119
f 120/120 117/117 119/119
f 121/121 122/122 123/123
f 124/124 121/121 123/123
f 125/125 126/126 127/127
f 128/128 125/125 127/127
f 129/129 130/130 131/131
f 132/132 129/129 131/131
f 133/133 134/134 135/135
f 136/136 133/133 135/135
f 137/137 138/138 139/139
f 140/140 137/137 139/139
f 141/141 142/142 143/143
f 144/144 141/141 143/143
f 145/145 146/146 147/147
f 148/148 145/145 147/147
f 149/149 150/150 151/151
f 152/152 149/149 151/151
f 153/153 154/154 155/155
f 156/156 153/153 155/155
f 157/157 158/158 159/159
f 160/160 157/157 159/159
f 161/161 162/162 163/163
f 164/164 161/161 163/163
f 165/165 166/166 167/167
f 168/168 165/165 167/167
f 169/169 170/170 171/171
f 172/172 169/169 171/171
f 173/173 174/174 175/175
f 176/176 173/173 175/175
f 177/177 178/178 179/179
f 180/180 177/177 179/179
f 181/181 182/182 183/183
f 184/184 181/181 183/183
f 185/185 186/186 187/187
f 188/188 185/185 187/187
f 189/189 190/190 191/191
f 192/192 189/189 191/191
f 193/193 194/194 195/195
f 196/196 193/193 195/195
f 197/197 198/198 199/199
f 200/200 197/197 199/199
f 201/201 202/202 203/203
f 204/204 201/201 203/203
f 205/205 206/206 207/207
f 208/208 205/205 207/207
f 209/209 210/210 211/211
f 212/212 209/209 211/211
f 213/213 214/214 215/215
f 216/216 213/213 215/215
f 217/217 218/218 219/219
f 220/220 217/217 219/219
f 221/221 222/222 223/223
f 224/224 221/221 223/223
f 225/225 226/226 227/227
f 228/228 225/225 227/227
f 229/229 230/230 231/231
f 232/232 229/229 231/231
f 233/233 234/234 235/235
f 236/236 233/233 235/235
f 237/237 238/238 239/239
f 240/240 237/237 239/239
f 241/241 242/242 243/243
f 244/244 241/241 243/243
f 245/245 246/246 247/247
f 248/248 245/245 247/247
f 249/249 250/250 251/251
f 252/252 249/249 251/251
f 253/253 254/254 255/255
f 256/256 253/253 255/255
f 257/257 258/258 259/259
f 260/260 257/257 259/259
f 261/261 262/262 263/263
f 264/264 261/261 263/263
f 265/265 266/266 267/267
f 268/268 265/265 267/267
f 269/269 270/270 271/271
f 272/272 269/269 271/271
f 273/273 274/274 275/275
f 276/276 273/273 275/275
f 277/277 278/278 279/279
f 280/280 277/277 279/279
f 281/281 282/282 283/283
f 284/284 281/281 283/283
f 285/285 286/286 287/287
f 288/288 285/285 287/287
f 289/289 290/290 291/291
f 292/292 289/289 291/291
f 293/293 294/294 295/295
f 296/296 293/293 295/295
f 297/297 298/298 299/299
f 300/300 297/297 299/299
f 301/301 302/302 303/303
f 304/304 301/301 303/303
f 305/305 306/306 307/307
f 308/308 305/305 307/307
f 309/309 310/310 311/311
f 312/312 309/309 311/311
f 313/313 314/314 315/315
f 316/316 313/313 315/315
f 317/317 318/318 319/319
f 320/320 317/317 319/319
f 321/321 322/322 323/323
f 324/324 321/321 323/323
f 325/325 326/326 327/327
f 328/328 325/325 327/327
f 329/329 330/330 331/331
f 332/332 329/329 331/331
f 333/333 334/334 335/335
f 336/336 333/333 335/335
f 337/337 338/338 339/339
f 340/340 337/337 339/339
f 341/341 342/342 343/343
f 344/344 341/341 343/343
f 345/345 346/346 347/347
f 348/348 345/345 347/347
f 349/349 350/350 351/351
f 352/352 349/349 351/351
f 353/353 354/354 355/355
f 356/356 353/353 355/355
f 357/357 358/358 359/359
f 360/360 357/357 359/359
f 361/361 362/362 363/363
f 364/364 361/361 363/363
f 365/365 366/366 367/367
f 368/368 365/365 367/367
f 369/369 370/370 371/371
f 372/372 369/369 371/371
f 373/373 374/374 375/375
f 376/376 373/373 375/375
f 377/377 378/378 379/379
f 380/380 377/377 379/379
f 381/381 382/382 383/383
f 384/384 381/381 383/383
f 385/385 386/386 387/387
f 388/388 385/385 387/387
f 389/389 390/390 391/391
f 392/392 389/389 391/391
f 393/393 394/394 395/395
f 396/396 393/393 395/395
f 397/397 398/398 399/399
f 400/400 397/397 399/399
f 401/401 402/402 403/403
f 404/404 401/401 403/403
f 405/405 406/406 407/407
f 408/408 405/405 407/407
f 409/409 410/410 411/411
f 412/412 409/409 411/411
f 413/413 414/414 415/415
f 416/416 413/413 415/415
f 417/417 416/416 415/415
f 418/418 417/417 415/415
f 419/419 418/418 415/415
f 420/420 419/419 415/415
f 421/421 420/420 415/415
f 422/422 421/421 415/415
f 423/423 422/422 415/415
f 424/424 423/423 415/415
f 425/425 424/424 415/415
f 426/426 425/425 415/415
f 427/427 426/426 415/415
f 428/428 427/427 415/415
f 429/429 428/428 415/415
f 430/430 429/429 415/415
f 431/431 430/430 415/415
f 432/432 431/431 415/415
f 433/433 432/432 415/415
f 434/434 433/433 415/415
f 435/435 434/434 415/415
f 436/436 435/435 415/415
f 437/437 436/436 415/415
f 438/438 437/437 415/415
f 439/439 438/438 415/415
f 440/440 439/439 415/415
f 441/441 440/440 415/415
f 442/442 441/441 415/415
f 443/443 442/442 415/415
f 444/444 443/443 415/415
f 445/445 446/446 447/447
f 448/448 445/445 447/447
f 449/449 448/448 447/447
f 450/450 449/449 447/447
f 451/451 450/450 447/447
f 452/452 451/451 447/447
f 453/453 452/452 447/447
f 454/454 453/453 447/447
f 455/455 454/454 447/447
f 456/456 455/455 447/447
f 457/457 456/456 447/447
f 458/458 457/457 447/447
f 459/459 458/458 447/447
f 460/460 459/459 447/447
f 461/461 460/460 447/447
f 462/462 461/461 447/447
f 463/463 462/462 447/447
f 464/464 463/463 447/447
f 465/465 464/464 447/447
f 466/466 465/465 447/447
f 467/467 466/466 447/447
f 468/468 467/467 447/447
f 469/469 468/468 447/447
f 470/470 469/469 447/447
f 471/471 470/470 447/447
f 472/472 471/471 447/447
f 473/473 472/472 447/447
f 474/474 473/473 447/447
f 475/475 474/474 447/447
f 476/476 475/475 447/447
f 477/477 478/478 479/479
f 480/480 477/477 479/479
f 481/481 482/482 483/483
f 484/484 481/481 483/483
f 485/485 486/486 487/487
f 488/488 485/485 487/487
f 489/489 490/490 491/491
f 492/492 489/489 491/491
f 493/493 494/494 495/495
f 496/496 493/493 495/495
f 497/497 498/498 499/499
f 500/500 497/497 499/499
f 501/501 502/502 503/503
f 504/504 501/501 503/503
f 505/505 506/506 507/507
f 508/508 505/505 507/507
f 509/509 510/510 511/511
f 512/512 509/509 511/511
f 513/513 514/514 515/515
f 516/516 513/513 515/515
f 517/517 518/518 519/519
f 520/520 517/517 519/519
f 521/521 522/522 523/523
f 524/524 521/521 523/523
f 525/525 526/526 527/527
f 528/528 525/525 527/527
f 529/529 530/530 531/531
f 532/532 529/529 531/531
f 533/533 534/534 535/535
f 536/536 533/533 535/535
f 537/537 538/538 539/539
f 540/540 537/537 539/539
f 541/541 542/542 543/543
f 544/544 541/541 543/543
f 545/545 546/546 547/547
f 548/548 545/545 547/547
f 549/549 550/550 551/551
f 552/552 549/549 551/551
f 553/553 554/554 555/555
f 556/556 553/553 555/555
f 557/557 558/558 559/559
f 560/560 557/557 559/559
f 561/561 562/562 563/563
f 564/564 561/561 563/563
f 565/565 566/566 567/567
f 568/568 565/565 567/567
f 569/569 570/570 571/571
f 572/572 569/569 571/571
f 573/573 574/574 575/575
f 576/576 573/573 575/575
f 577/577 578/578 579/579
f 580/580 577/577 579/579
f 581/581 582/582 583/583
f 584/584 581/581 583/583
f 585/585 586/586 587/587
f 588/588 585/585 587/587
f 589/589 590/590 591/591
f 592/592 589/589 591/591
f 593/593 594/594 595/595
f 596/596 593/593 595/595
f 597/597 598/598 599/599
f 600/600 597/597 599/599
f 601/601 602/602 603/603
f 604/604 601/601 603/603
f 605/605 606/606 607/607
f 608/608 605/605 607/607
f 609/609 608/608 607/607
f 610/610 609/609 607/607
f 611/611 610/610 607/607
f 612/612 611/611 607/607
f 613/613 612/612 607/607
f 614/614 613/613 607/607
f 615/615 614/614 607/607
f 616/616 615/615 607/607
f 617/617 616/616 607/607
f 618/618 617/617 607/607
f 619/619 618/618 607/607
f 620/620 619/619 607/607
f 621/621 620/620 607/607
f 622/622 621/621 607/607
f 623/623 622/622 607/607
f 624/624 623/623 607/607
f 625/625 624/624 607/607
f 626/626 625/625 607/607
f 627/627 626/626 607/607
f 628/628 627/627 607/607
f 629/629 628/628 607/607
f 630/630 629/629 607/607
f 631/631 630/630 607/607
f 632/632 631/631 607/607
f 633/633 632/632 607/607
f 634/634 633/633 607/607
f 635/635 634/634 607/607
f 636/636 635/635 607/607
f 637/637 638/638 639/639
f 640/640 637/637 639/639
f 641/641 642/642 643/643
f 644/644 641/641 643/643
f 645/645 646/646 647/647
f 648/648 645/645 647/647
f 649/649 650/650 651/651
f 652/652 649/649 651/651
f 653/653 654/654 655/655
f 656/656 653/653 655/655
f 657/657 658/658 659/659
f 660/660 657/657 659/659
f 661/661 662/662 663/663
f 664/664 661/661 663/663
f 665/665 666/666 667/667
f 668/668 665/665 667/667
f 669/669 670/670 671/671
f 672/672 669/669 671/671
f 673/673 674/674 675/675
f 676/676 673/673 675/675
f 677/677 678/678 679/679
f 680/680 677/677 679/679
f 681/681 682/682 683/683
f 684/684 681/681 683/683
f 685/685 686/686 687/687
f 688/688 685/685 687/687
f 689/689 690/690 691/691
f 692/692 689/689 691/691
f 693/693 694/694 695/695
f 696/696 693/693 695/695
f 697/697 698/698 699/699
f 700/700 697/697 699/699
f 701/701 702/702 703/703
f 704/704 701/701 703/703
f 705/705 706/706 707/707
f 708/708 705/705 707/707
f 709/709 710/710 711/711
f 712/712 709/709 711/711
f 713/713 714/714 715/715
f 716/716 713/713 715/715
f 717/717 718/718 719/719
f 720/720 717/717 719/719
f 721/721 722/722 723/723
f 724/724 721/721 723/723
f 725/725 726/726 727/727
f 728/728 725/725 727/727
f 729/729 730/730 731/731
f 732/732 729/729 731/731
f 733/733 734/734 735/735
f 736/736 733/733 735/735
f 737/737 738/738 739/739
f 740/740 737/737 739/739
f 741/741 742/742 743/743
f 744/744 741/741 743/743
f 745/745 746/746 747/747
f 748/748 745/745 747/747
f 749/749 750/750 751/751
f 752/752 749/749 751/751
f 753/753 754/754 755/755
f 756/756 753/753 755/755
f 757/757 758/758 759/759
f 760/760 757/757 759/759
f 761/761 762/762 763/763
f 764/764 761/761 763/763
f 765/765 766/766 767/767
f 768/768 765/765 767/767
f 769/769 768/768 767/767
f 770/770 769/769 767/767
f 771/771 770/770 767/767
f 772/772 771/771 767/767
f 773/773 772/772 767/767
f 774/774 773/773 767/767
f 775/775 774/774 767/767
f 776/776 775/775 767/767
f 777/777 776/776 767/767
f 778/778 777/777 767/767
f 779/779 778/778 767/767
f 780/780 779/779 767/767
f 781/781 780/780 767/767
f 782/782 781/781 767/767
f 783/783 782/782 767/767
f 784/784 783/783 767/767
f 785/785 784/784 767/767
f 786/786 785/785 767/767
f 787/787 786/786 767/767
f 788/788 787/787 767/767
f 789/789 788/788 767/767
f 790/790 789/789 767/767
f 791/791 790/790 767/767
f 792/792 791/791 767/767
f 793/793 792/792 767/767
f 794/794 793/793 767/767
f 795/795 794/794 767/767
f 796/796 795/795 767/767
f 797/797 798/798 799/799
f 800/800 797/797 799/799
f 801/801 800/800 799/799
f 802/802 801/801 799/799
f 803/803 802/802 799/799
f 804/804 803/803 799/799
f 805/805 804/804 799/799
f 806/806 805/805 799/799
f 807/807 806/806 799/799
f 808/808 807/807 799/799
f 809/809 808/808 799/799
f 810/810 809/809 799/799
f 811/811 810/810 799/799
f 812/812 811/811 799/799
f 813/813 812/812 799/799
f 814/814 813/813 799/799
f 815/815 814/814 799/799
f 816/816 815/815 799/799
f 817/817 816/816 799/799
f 818/818 817/817 799/799
f 819/819 818/818 799/799
f 820/820 819/819 799/799
f 821/821 820/820 799/799
f 822/822 821/821 799/799
f 823/823 822/822 799/799
f 824/824 823/823 799/799
f 825/825 824/824 799/799
f 826/826 825/825 799/799
f 827/827 826/826 799/799
f 828/828 827/827 799/799
f 829/829 830/830 831/831
f 832/832 829/829 831/831
f 833/833 834/834 835/835
f 836/836 833/833 835/835
f 837/837 838/838 839/839
f 840/840 837/837 839/839
f 841/841 842/842 843/843
f 844/844 841/841 843/843
f 845/845 846/846 847/847
f 848/848 845/845 847/847
f 849/849 850/850 851/851
f 852/852 849/849 851/851
f 853/853 854/854 855/855
f 856/856 853/853 855/855
f 857/857 858/858 859/859
f 860/860 857/857 859/859
f 861/861 862/862 863/863
f 864/864 861/861 863/863
f 865/865 866/866 867/867
f 868/868 865/865 867/867
f 869/869 870/870 871/871
f 872/872 869/869 871/871
f 873/873 874/874 875/875
f 876/876 873/873 875/875
f 877/877 878/878 879/879
f 880/880 877/877 879/879
f 881/881 882/882 883/883
f 884/884 881/881 883/883
f 885/885 886/886 887/887
f 888/888 885/885 887/887
f 889/889 890/890 891/891
f 892/892 889/889 891/891
f 893/893 894/894 895/895
f 896/896 893/893 895/895
f 897/897 898/898 899/899
f 900/900 897/897 899/899
f 901/901 902/902 903/903
f 904/904 901/901 903/903
f 905/905 906/906 907/907
f 908/908 905/905 907/907
f 909/909 910/910 911/911
f 912/912 909/909 911/911
f 913/913 914/914 915/915
f 916/916 913/913 915/915
f 917/917 918/918 919/919
f 920/920 917/917 919/919
f 921/921 922/922 923/923
f 924/924 921/921 923/923
f 925/925 926/926 927/927
f 928/928 925/925 927/927
f 929/929 930/930 931/931
f 932/932 929/929 931/931
f 933/933 934/934 935/935
f 936/936 933/933 935/935
f 937/937 938/938 939/939
f 940/940 937/937 939/939
f 941/941 942/942 943/943
f 944/944 941/941 943/943
f 945/945 946/946 947/947
f 948/948 945/945 947/947
f 949/949 950/950 951/951
f 952/952 949/949 951/951
f 953/953 954/954 955/955
f 956/956 953/953 955/955
f 957/957 958/958 959/959
f 960/960 957/957 959/959
f 961/961 962/962 963/963
f 964/964 961/961 963/963
f 965/965 966/966 967/967
f 968/968 965/965 967/967
f 969/969 970/970 971/971
f 972/972 969/969 971/971
f 973/973 974/974 975/975
f 976/976 973/973 975/975
f 977/977 978/978 979/979
f 980/980 977/977 979/979
f 981/981 982/982 983/983
f 984/984 981/981 983/983
f 985/985 986/986 987/987
f 988/988 985/985 987/987
f 989/989 990/990 991/991
f 992/992 989/989 991/991
f 993/993 994/994 995/995
f 996/996 993/993 995/995
f 997/997 998/998 999/999
f 1000/1000 997/997 999/999
f 1001/1001 1002/1002 1003/1003
f 1004/1004 1001/1001 1003/1003
f 1005/1005 1006/1006 1007/1007
f 1008/1008 1005/1005 1007/1007
f 1009/1009 1010/1010 1011/1011
f 1012/1012 1009/1009 1011/1011
f 1013/1013 1014/1014 1015/1015
f 1016/1016 1013/1013 1015/1015
f 1017/1017 1018/1018 1019/1019
f 1020/1020 1017/1017 1019/1019
f 1021/1021 1022/1022 1023/1023
f 1024/1024 1021/1021 1023/1023
f 1025/1025 1026/1026 1027/1027
f 1028/1028 1025/1025 1027/1027
f 1029/1029 1030/1030 1031/1031
f 1032/1032 1029/1029 1031/1031
f 1033/1033 1034/1034 1035/1035
f 1036/1036 1033/1033 1035/1035
f 1037/1037 1038/1038 1039/1039
f 1040/1040 1037/1037 1039/1039
f 1041/1041 1042/1042 1043/1043
f 1044/1044 1041/1041 1043/1043
f 1045/1045 1046/1046 1047/1047
f 1048/1048 1045/1045 1047/1047
f 1049/1049 1050/1050 1051/1051
f 1052/1052 1049/1049 1051/1051
f 1053/1053 1054/1054 1055/1055
f 1056/1056 1053/1053 1055/1055
f 1057/1057 1058/1058 1059/1059
f 1060/1060 1057/1057 1059/1059
f 1061/1061 1062/1062 1063/1063
f 1064/1064 1061/1061 1063/1063
f 1065/1065 1066/1066 1067/1067
f 1068/1068 1065/1065 1067/1067
f 1069/1069 1070/1070 1071/1071
f 1072/1072 1069/1069 1071/1071
f 1073/1073 1074/1074 1075/1075
f 1076/1076 1073/1073 1075/1075
f 1077/1077 1078/1078 1079/1079
f 1080/1080 1077/1077 1079/1079
f 1081/1081 1082/1082 1083/1083
f 1084/1084 1081/1081 1083/1083
f 1085/1085 1086/1086 1087/1087
f 1088/1088 1085/1085 1087/1087
f 1089/1089 1090/1090 1091/1091
f 1092/1092 1089/1089 1091/1091
f 1093/1093 1094/1094 1095/1095
f 1096/1096 1093/1093 1095/1095
f 1097/1097 1098/1098 1099/1099
f 1100/1100 1097/1097 1099/1099
f 1101/1101 1102/1102 1103/1103
f 1104/1104 1101/1101 1103/1103
f 1105/1105 1106/1106 1107/1107
f 1108/1108 1105/1105 1107/1107
f 1109/1109 1110/1110 1111/1111
f 1112/1112 1109/1109 1111/1111
f 1113/1113 1114/1114 1115/1115
f 1116/1116 1113/1113 1115/1115
f 1117/1117 1118/1118 1119/1119
f 1120/1120 1117/1117 1119/1119
f 1121/1121 1122/1122 1123/1123
f 1124/1124 1121/1121 1123/1123
f 1125/1125 1126/1126 1127/1127
f 1128/1128 1125/1125 1127/1127
f 1129/1129 1130/1130 1131/1131
f 1132/1132 1129/1129 1131/1131
f 1133/1133 1134/1134 1135/1135
f 1136/1136 1133/1133 1135/1135
f 1137/1137 1138/1138 1139/1139
f 1140/1140 1137/1137 1139/1139
f 1141/1141 1142/1142 1143/1143
f 1144/1144 1141/1141 1143/1143
f 1145/1145 1146/1146 1147/1147
f 1148/1148 1145/1145 1147/1147
f 1149/1149 1150/1150 1151/1151
f 1152/1152 1149/1149 1151/1151
f 1153/1153 1154/1154 1155/1155
f 1156/1156 1153/1153 1155/1155
f 1157/1157 1158/1158 1159/1159
f 1160/1160 1157/1157 1159/1159
f 1161/1161 1162/1162 1163/1163
f 1164/1164 1161/1161 1163/1163
f 1165/1165 1166/1166 1167/1167
f 1168/1168 1165/1165 1167/1167
f 1169/1169 1170/1170 1171/1171
f 1172/1172 1169/1169 1171/1171
f 1173/1173 1174/1174 1175/1175
f 1176/1176 1173/1173 1175/1175
f 1177/1177 1178/1178 1179/1179
f 1180/1180 1177/1177 1179/1179
f 1181/1181 1182/1182 1183/1183
f 1184/1184 1181/1181 1183/1183
f 1185/1185 1186/1186 1187/1187
f 1188/1188 1185/1185 1187/1187
f 1189/1189 1190/1190 1191/1191
f 1192/1192 1189/1189 1191/1191
f 1193/1193 1194/1194 1195/1195
f 1196/1196 1193/1193 1195/1195
f 1197/1197 1198/1198 1199/1199
f 1200/1200 1197/1197 1199/1199
f 1201/1201 1202/1202 1203/1203
f 1204/1204 1201/1201 1203/1203
f 1205/1205 1206/1206 1207/1207
f 1208/1208 1205/1205 1207/1207
f 1209/1209 1210/1210 1211/1211
f 1212/1212 1209/1209 1211/1211
f 1213/1213 1214/1214 1215/1215
f 1216/1216 1213/1213 1215/1215
f 1217/1217 1218/1218 1219/1219
f 1220/1220 1217/1217 1219/1219
f 1221/1221 1222/1222 1223/1223
f 1224/1224 1221/1221 1223/1223
f 1225/1225 1226/1226 1227/1227
f 1228/1228 1225/1225 1227/1227
f 1229/1229 1230/1230 1231/1231
f 1232/1232 1229/1229 1231/1231
f 1233/1233 1234/1234 1235/1235
f 1236/1236 1233/1233 1235/1235
f 1237/1237 1238/1238 1239/1239
f 1240/1240 1237/1237 1239/1239
f 1241/1241 1242/1242 1243/1243
f 1244/1244 1241/1241 1243/1243
f 1245/1245 1246/1246 1247/1247
f 1248/1248 1245/1245 1247/1247
f 1249/1249 1250/1250 1251/1251
f 1252/1252 1249/1249 1251/1251
f 1253/1253 1254/1254 1255/1255
f 1256/1256 1253/1253 1255/1255
f 1257/1257 1258/1258 1259/1259
f 1260/1260 1257/1257 1259/1259
f 1261/1261 1262/1262 1263/1263
f 1264/1264 1261/1261 1263/1263
f 1265/1265 1266/1266 1267/1267
f 1268/1268 1265/1265 1267/1267
f 1269/1269 1270/1270 1271/1271
f 1272/1272 1269/1269 1271/1271
f 1273/1273 1274/1274 1275/1275
f 1276/1276 1273/1273 1275/1275
f 1277/1277 1278/1278 1279/1279
f 1280/1280 1277/1277 1279/1279
f 1281/1281 1282/1282 1283/1283
f 1284/1284 1281/1281 1283/1283
f 1285/1285 1286/1286 1287/1287
f 1288/1288 1285/1285 1287/1287
f 1289/1289 1290/1290 1291/1291
f 1292/1292 1289/1289 1291/1291
f 1293/1293 1294/1294 1295/1295
f 1296/1296 1293/1293 1295/1295
f 1297/1297 1298/1298 1299/1299
f 1300/1300 1297/1297 1299/1299
f 1301/1301 1302/1302 1303/1303
f 1304/1304 1301/1301 1303/1303
f 1305/1305 1306/1306 1307/1307
f 1308/1308 1305/1305 1307/1307
f 1309/1309 1310/1310 1311/1311
f 1312/1312 1309/1309 1311/1311
f 1313/1313 1314/1314 1315/1315
f 1316/1316 1313/1313 1315/1315
f 1317/1317 1318/1318 1319/1319
f 1320/1320 1317/1317 1319/1319
f 1321/1321 1322/1322 1323/1323
f 1324/1324 1321/1321 1323/1323
f 1325/1325 1326/1326 1327/1327
f 1328/1328 1325/1325 1327/1327
f 1329/1329 1330/1330 1331/1331
f 1332/1332 1329/1329 1331/1331
f 1333/1333 1334/1334 1335/1335
f 1336/1336 1333/1333 1335/1335
f 1337/1337 1338/1338 1339/1339
f 1340/1340 1337/1337 1339/1339
f 1341/1341 1342/1342 1343/1343
f 1344/1344 1341/1341 1343/1343
f 1345/1345 1346/1346 1347/1347
f 1348/1348 1345/1345 1347/1347
f 1349/1349 1350/1350 1351/1351
f 1352/1352 1349/1349 1351/1351
f 1353/1353 1354/1354 1355/1355
f 1356/1356 1353/1353 1355/1355
f 1357/1357 1358/1358 1359/1359
f 1360/1360 1357/1357 1359/1359
f 1361/1361 1362/1362 1363/1363
f 1364/1364 1361/1361 1363/1363
f 1365/1365 1366/1366 1367/1367
f 1368/1368 1365/1365 1367/1367
f 1369/1369 1370/1370 1371/1371
f 1372/1372 1369/1369 1371/1371
f 1373/1373 1374/1374 1375/1375
f 1376/1376 1373/1373 1375/1375
f 1377/1377 1378/1378 1379/1379
f 1380/1380 1377/1377 1379/1379
f 1381/1381 1382/1382 1383/1383
f 1384/1384 1381/1381 1383/1383
f 1385/1385 1386/1386 1387/1387
f 1388/1388 1385/1385 1387/1387
f 1389/1389 1390/1390 1391/1391
f 1392/1392 1389/1389 1391/1391
f 1393/1393 1394/1394 1395/1395
f 1396/1396 1393/1393 1395/1395
f 1397/1397 1398/1398 1399/1399
f 1400/1400 1397/1397 1399/1399
f 1401/1401 1402/1402 1403/1403
f 1404/1404 1401/1401 1403/1403
f 1405/1405 1406/1406 1407/1407
f 1408/1408 1405/1405 1407/1407
f 1409/1409 1410/1410 1411/1411
f 1412/1412 1409/1409 1411/1411
f 1413/1413 1414/1414 1415/1415
f 1416/1416 1413/1413 1415/1415
f 1417/1417 1418/1418 1419/1419
f 1420/1420 1417/1417 1419/1419
f 1421/1421 1422/1422 1423/1423
f 1424/1424 1421/1421 1423/1423
f 1425/1425 1426/1426 1427/1427
f 1428/1428 1425/1425 1427/1427
f 1429/1429 1430/1430 1431/1431
f 1432/1432 1429/1429 1431/1431
f 1433/1433 1434/1434 1435/1435
f 1436/1436 1433/1433 1435/1435
f 1437/1437 1438/1438 1439/1439
f 1440/1440 1437/1437 1439/1439
f 1441/1441 1442/1442 1443/1443
f 1444/1444 1441/1441 1443/1443
f 1445/1445 1446/1446 1447/1447
f 1448/1448 1445/1445 1447/1447
f 1449/1449 1450/1450 1451/1451
f 1452/1452 1449/1449 1451/1451
f 1453/1453 1454/1454 1455/1455
f 1456/1456 1453/1453 1455/1455
f 1457/1457 1458/1458 1459/1459
f 1460/1460 1457/1457 1459/1459
f 1461/1461 1462/1462 1463/1463
f 1464/1464 1461/1461 1463/1463
f 1465/1465 1466/1466 1467/1467
f 1468/1468 1465/1465 1467/1467
f 1469/1469 1470/1470 1471/1471
f 1472/1472 1469/1469 1471/1471
f 1473/1473 1474/1474 1475/1475
f 1476/1476 1473/1473 1475/1475
f 1477/1477 1478/1478 1479/1479
f 1480/1480 1477/1477 1479/1479
f 1481/1481 1482/1482 1483/1483
f 1484/1484 1481/1481 1483/1483
f 1485/1485 1486/1486 1487/1487
f 1488/1488 1485/1485 1487/1487
f 1489/1489 1490/1490 1491/1491
f 1492/1492 1489/1489 1491/1491
f 1493/1493 1494/1494 1495/1495
f 1496/1496 1493/1493 1495/1495
f 1497/1497 1498/1498 1499/1499
f 1500/1500 1497/1497 1499/1499
f 1501/1501 1502/1502 1503/1503
f 1504/1504 1501/1501 1503/1503
f 1505/1505 1506/1506 1507/1507
f 1508/1508 1505/1505 1507/1507
f 1509/1509 1510/1510 1511/1511
f 1512/1512 1509/1509 1511/1511
f 1513/1513 1514/1514 1515/1515
f 1516/1516 1513/1513 1515/1515
f 1517/1517 1518/1518 1519/1519
f 1520/1520 1517/1517 1519/1519
f 1521/1521 1522/1522 1523/1523
f 1524/1524 1521/1521 1523/1523
f 1525/1525 1526/1526 1527/1527
f 1528/1528 1525/1525 1527/1527
f 1529/1529 1530/1530 1531/1531
f 1532/1532 1529/1529 1531/1531
f 1533/1533 1534/1534 1535/1535
f 1536/1536 1533/1533 1535/1535
f 1537/1537 1538/1538 1539/1539
f 1540/1540 1537/1537 1539/1539
f 1541/1541 1542/1542 1543/1543
f 1544/1544 1541/1541 1543/1543
f 1545/1545 1546/1546 1547/1547
f 1548/1548 1545/1545 1547/1547
f 1549/1549 1550/1550 1551/1551
f 1552/1552 1549/1549 1551/1551
f 1553/1553 1554/1554 1555/1555
f 1556/1556 1553/1553 1555/1555
f 1557/1557 1558/1558 1559/1559
f 1560/1560 1557/1557 1559/1559
f 1561/1561 1562/1562 1563/1563
f 1564/1564 1561/1561 1563/1563
f 1565/1565 1566/1566 1567/1567
f 1568/1568 1565/1565 1567/1567
f 1569/1569 1570/1570 1571/1571
f 1572/1572 1569/1569 1571/1571
f 1573/1573 1574/1574 1575/1575
f 1576/1576 1573/1573 1575/1575
f 1577/1577 1578/1578 1579/1579
f 1580/1580 1577/1577 1579/1579
f 1581/1581 1582/1582 1583/1583
f 1584/1584 1581/1581 1583/1583
f 1585/1585 1586/1586 1587/1587
f 1588/1588 1585/1585 1587/1587
f 1589/1589 1590/1590 1591/1591
f 1592/1592 1589/1589 1591/1591
f 1593/1593 1594/1594 1595/1595
f 1596/1596 1593/1593 1595/1595
f 1597/1597 1598/1598 1599/1599
f 1600/1600 1597/1597 1599/1599
f 1601/1601 1602/1602 1603/1603
f 1604/1604 1601/1601 1603/1603
f 1605/1605 1606/1606 1607/1607
f 1608/1608 1605/1605 1607/1607
f 1609/1609 1608/1608 1607/1607
f 1610/1610 1609/1609 1607/1607
f 1611/1611 1610/1610 1607/1607
f 1612/1612 1611/1611 1607/1607
f 1613/1613 1612/1612 1607/1607
f 1614/1614 1613/1613 1607/1607
f 1615/1615 1614/1614 1607/1607
f 1616/1616 1615/1615 1607/1607
f 1617/1617 1616/1616 1607/1607
f 1618/1618 1617/1617 1607/1607
f 1619/1619 1618/1618 1607/1607
f 1620/1620 1619/1619 1607/1607
f 1621/1621 1620/1620 1607/1607
f 1622/1622 1621/1621 1607/1607
f 1623/1623 1622/1622 1607/1607
f 1624/1624 1623/1623 1607/1607
f 1625/1625 1624/1624 1607/1607
f 1626/1626 1625/1625 1607/1607
f 1627/1627 1626/1626 1607/1607
f 1628/1628 1627/1627 1607/1607
f 1629/1629 1628/1628 1607/1607
f 1630/1630 1629/1629 1607/1607
f 1631/1631 1630/1630 1607/1607
f 1632/1632 1631/1631 1607/1607
f 1633/1633 1632/1632 1607/1607
f 1634/1634 1633/1633 1607/1607
f 1635/1635 1634/1634 1607/1607
f 1636/1636 1635/1635 1607/1607
f 1637/1637 1638/1638 1639/1639
f 1640/1640 1637/1637 1639/1639
f 1641/1641 1642/1642 1643/1643
f 1644/1644 1641/1641 1643/1643
f 1645/1645 1646/1646 1647/1647
f 1648/1648 1645/1645 1647/1647
f 1649/1649 1650/1650 1651/1651
f 1652/1652 1649/1649 1651/1651
f 1653/1653 1654/1654 1655/1655
f 1656/1656 1653/1653 1655/1655
f 1657/1657 1658/1658 1659/1659
f 1660/1660 1657/1657 1659/1659
f 1661/1661 1662/1662 1663/1663
f 1664/1664 1661/1661 1663/1663
f 1665/1665 1666/1666 1667/1667
f 1668/1668 1665/1665 1667/1667
f 1669/1669 1670/1670 1671/1671
f 1672/1672 1669/1669 1671/1671
f 1673/1673 1674/1674 1675/1675
f 1676/1676 1673/1673 1675/1675
f 1677/1677 1678/1678 1679/1679
f 1680/1680 1677/1677 1679/1679
f 1681/1681 1682/1682 1683/1683
f 1684/1684 1681/1681 1683/1683
f 1685/1685 1686/1686 1687/1687
f 1688/1688 1685/1685 1687/1687
f 1689/1689 1690/1690 1691/1691
f 1692/1692 1689/1689 1691/1691
f 1693/1693 1694/1694 1695/1695
f 1696/1696 1693/1693 1695/1695
f 1697/1697 1698/1698 1699/1699
f 1700/1700 1697/1697 1699/1699
f 1701/1701 1702/1702 1703/1703
f 1704/1704 1701/1701 1703/1703
f 1705/1705 1706/1706 1707/1707
f 1708/1708 1705/1705 1707/1707
f 1709/1709 1710/1710 1711/1711
f 1712/1712 1709/1709 1711/1711
f 1713/1713 1714/1714 1715/1715
f 1716/1716 1713/1713 1715/1715
f 1717/1717 1718/1718 1719/1719
f 1720/1720 1717/1717 1719/1719
f 1721/1721 1722/1722 1723/1723
f 1724/1724 1721/1721 1723/1723
f 1725/1725 1726/1726 1727/1727
f 1728/1728 1725/1725 1727/1727
f 1729/1729 1730/1730 1731/1731
f 1732/1732 1729/1729 1731/1731
f 1733/1733 1734/1734 1735/1735
f 1736/1736 1733/1733 1735/1735
f 1737/1737 1738/1738 1739/1739
f 1740/1740 1737/1737 1739/1739
f 1741/1741 1742/1742 1743/1743
f 1744/1744 1741/1741 1743/1743
f 1745/1745 1746/1746 1747/1747
f 1748/1748 1745/1745 1747/1747
f 1749/1749 1750/1750 1751/1751
f 1752/1752 1749/1749 1751/1751
f 1753/1753 1754/1754 1755/1755
f 1756/1756 1753/1753 1755/1755
f 1757/1757 1758/1758 1759/1759
f 1760/1760 1757/1757 1759/1759
f 1761/1761 1762/1762 1763/1763
f 1764/1764 1761/1761 1763/1763
f 1765/1765 1766/1766 1767/1767
f 1768/1768 1765/1765 1767/1767
f 1769/1769 1770/1770 1771/1771
f 1772/1772 1769/1769 1771/1771
f 1773/1773 1774/1774 1775/1775
f 1776/1776 1773/1773 1775/1775
f 1777/1777 1778/1778 1779/1779
f 1780/1780 1777/1777 1779/1779
f 1781/1781 1782/1782 1783/1783
f 1784/1784 1781/1781 1783/1783
f 1785/1785 1786/1786 1787/1787
f 1788/1788 1785/1785 1787/1787
f 1789/1789 1790/1790 1791/1791
f 1792/1792 1789/1789 1791/1791
f 1793/1793 1794/1794 1795/1795
f 1796/1796 1793/1793 1795/1795
f 1797/1797 1798/1798 1799/1799
f 1800/1800 1797/1797 1799/1799
f 1801/1801 1802/1802 1803/1803
f 1804/1804 1801/1801 1803/1803
f 1805/1805 1806/1806 1807/1807
f 1808/1808 1805/1805 1807/1807
f 1809/1809 1810/1810 1811/1811
f 1812/1812 1809/1809 1811/1811
f 1813/1813 1814/1814 1815/1815
f 1816/1816 1813/1813 1815/1815
f 1817/1817 1818/1818 1819/1819
f 1820/1820 1817/1817 1819/1819
f 1821/1821 1822/1822 1823/1823
f 1824/1824 1821/1821 1823/1823
f 1825/1825 1826/1826 1827/1827
f 1828/1828 1825/1825 1827/1827
f 1829/1829 1830/1830 1831/1831
f 1832/1832 1829/1829 1831/1831
f 1833/1833 1834/1834 1835/1835
f 1836/1836 1833/1833 1835/1835
f 1837/1837 1838/1838 1839/1839
f 1840/1840 1837/1837 1839/1839
f 1841/1841 1842/1842 1843/1843
f 1844/1844 1841/1841 1843/1843
f 1845/1845 1846/1846 1847/1847
f 1848/1848 1845/1845 1847/1847
f 1849/1849 1850/1850 1851/1851
f 1852/1852 1849/1849 1851/1851
f 1853/1853 1854/1854 1855/1855
f 1856/1856 1853/1853 1855/1855
f 1857/1857 1858/1858 1859/1859
f 1860/1860 1857/1857 1859/1859
f 1861/1861 1862/1862 1863/1863
f 1864/1864 1861/1861 1863/1863
f 1865/1865 1866/1866 1867/1867
f 1868/1868 1865/1865 1867/1867
f 1869/1869 1870/1870 1871/1871
f 1872/1872 1869/1869 1871/1871
f 1873/1873 1874/1874 1875/1875
f 1876/1876 1873/1873 1875/1875
f 1877/1877 1878/1878 1879/1879
f 1880/1880 1877/1877 1879/1879
f 1881/1881 1882/1882 1883/1883
f 1884/1884 1881/1881 1883/1883
f 1885/1885 1886/1886 1887/1887
f 1888/1888 1885/1885 1887/1887
f 1889/1889 1890/1890 1891/1891
f 1892/1892 1889/1889 1891/1891
f 1893/1893 1894/1894 1895/1895
f 1896/1896 1893/1893 1895/1895
f 1897/1897 1898/1898 1899/1899
f 1900/1900 1897/1897 1899/1899
f 1901/1901 1902/1902 1903/1903
f 1904/1904 1901/1901 1903/1903
f 1905/1905 1906/1906 1907/1907
f 1908/1908 1905/1905 1907/1907
f 1909/1909 1910/1910 1911/1911
f 1912/1912 1909/1909 1911/1911
f 1913/1913 1914/1914 1915/1915
f 1916/1916 1913/1913 1915/1915
f 1917/1917 1918/1918 1919/1919
f 1920/1920 1917/1917 1919/1919
f 1921/1921 1922/1922 1923/1923
f 1924/1924 1921/1921 1923/1923
f 1925/1925 1926/1926 1927/1927
f 1928/1928 1925/1925 1927/1927
f 1929/1929 1930/1930 1931/1931
f 1932/1932 1929/1929 1931/1931
f 1933/1933 1934/1934 1935/1935
f 1936/1936 1933/1933 1935/1935
f 1937/1937 1938/1938 1939/1939
f 1940/1940 1937/1937 1939/1939
f 1941/1941 1942/1942 1943/1943
f 1944/1944 1941/1941 1943/1943
f 1945/1945 1946/1946 1947/1947
f 1948/1948 1945/1945 1947/1947
f 1949/1949 1950/1950 1951/1951
f 1952/1952 1949/1949 1951/1951
f 1953/1953 1954/1954 1955/1955
f 1956/1956 1953/1953 1955/1955
f 1957/1957 1958/1958 1959/1959
f 1960/1960 1957/1957 1959/1959
f 1961/1961 1962/1962 1963/1963
f 1964/1964 1961/1961 1963/1963
f 1965/1965 1966/1966 1967/1967
f 1968/1968 1965/1965 1967/1967
f 1969/1969 1970/1970 1971/1971
f 1972/1972 1969/1969 1971/1971
f 1973/1973 1974/1974 1975/1975
f 1976/1976 1973/1973 1975/1975
f 1977/1977 1978/1978 1979/1979
f 1980/1980 1977/1977 1979/1979
f 1981/1981 1982/1982 1983/1983
f 1984/1984 1981/1981 1983/1983
f 1985/1985 1986/1986 1987/1987
f 1988/1988 1985/1985 1987/1987
f 1989/1989 1990/1990 1991/1991
f 1992/1992 1989/1989 1991/1991
f 1993/1993 1994/1994 1995/1995
f 1996/1996 1993/1993 1995/1995
f 1997/1997 1998/1998 1999/1999
f 2000/2000 1997/1997 1999/1999
f 2001/2001 2002/2002 2003/2003
f 2004/2004 2001/2001 2003/2003
f 2005/2005 2006/2006 2007/2007
f 2008/2008 2005/2005 2007/2007
f 2009/2009 2010/2010 2011/2011
f 2012/2012 2009/2009 2011/2011
f 2013/2013 2014/2014 2015/2015
f 2016/2016 2013/2013 2015/2015
f 2017/2017 2018/2018 2019/2019
f 2020/2020 2017/2017 2019/2019
f 2021/2021 2022/2022 2023/2023
f 2024/2024 2021/2021 2023/2023
f 2025/2025 2026/2026 2027/2027
f 2028/2028 2025/2025 2027/2027
f 2029/2029 2030/2030 2031/2031
f 2032/2032 2029/2029 2031/2031
f 2033/2033 2034/2034 2035/2035
f 2036/2036 2033/2033 2035/2035
f 2037/2037 2038/2038 2039/2039
f 2040/2040 2037/2037 2039/2039
f 2041/2041 2042/2042 2043/2043
f 2044/2044 2041/2041 2043/2043
f 2045/2045 2046/2046 2047/2047
f 2048/2048 2045/2045 2047/2047
f 2049/2049 2050/2050 2051/2051
f 2052/2052 2049/2049 2051/2051
f 2053/2053 2054/2054 2055/2055
f 2056/2056 2053/2053 2055/2055
f 2057/2057 2058/2058 2059/2059
f 2060/2060 2057/2057 2059/2059
f 2061/2061 2062/2062 2063/2063
f 2064/2064 2061/2061 2063/2063
f 2065/2065 2066/2066 2067/2067
f 2068/2068 2065/2065 2067/2067
f 2069/2069 2070/2070 2071/2071
f 2072/2072 2069/2069 2071/2071
f 2073/2073 2074/2074 2075/2075
f 2076/2076 2073/2073 2075/2075
f 2077/2077 2078/2078 2079/2079
f 2080/2080 2077/2077 2079/2079
f 2081/2081 2082/2082 2083/2083
f 2084/2084 2081/2081 2083/2083
f 2085/2085 2086/2086 2087/2087
f 2088/2088 2085/2085 2087/2087
f 2089/2089 2090/2090 2091/2091
f 2092/2092 2089/2089 2091/2091
f 2093/2093 2094/2094 2095/2095
f 2096/2096 2093/2093 2095/2095
f 2097/2097 2098/2098 2099/2099
f 2100/2100 2097/2097 2099/2099
f 2101/2101 2102/2102 2103/2103
f 2104/2104 2101/2101 2103/2103
f 2105/2105 2106/2106 2107/2107
f 2108/2108 2105/2105 2107/2107
f 2109/2109 2110/2110 2111/2111
f 2112/2112 2109/2109 2111/2111
f 2113/2113 2114/2114 2115/2115
f 2116/2116 2113/2113 2115/2115
f 2117/2117 2118/2118 2119/2119
f 2120/2120 2117/2117 2119/2119
f 2121/2121 2122/2122 2123/2123
f 2124/2124 2121/2121 2123/2123
f 2125/2125 2126/2126 2127/2127
f 2128/2128 2125/2125 2127/2127
f 2129/2129 2130/2130 2131/2131
f 2132/2132 2129/2129 2131/2131
f 2133/2133 2134/2134 2135/2135
f 2136/2136 2133/2133 2135/2135
f 2137/2137 2138/2138 2139/2139
f 2140/2140 2137/2137 2139/2139
f 2141/2141 2142/2142 2143/2143
f 2144/2144 2141/2141 2143/2143
f 2145/2145 2146/2146 2147/2147
f 2148/2148 2145/2145 2147/2147
f 2149/2149 2150/2150 2151/2151
f 2152/2152 2149/2149 2151/2151
f 2153/2153 2154/2154 2155/2155
f 2156/2156 2153/2153 2155/2155
f 2157/2157 2158/2158 2159/2159
f 2160/2160 2157/2157 2159/2159
f 2161/2161 2162/2162 2163/2163
f 2164/2164 2161/2161 2163/2163
f 2165/2165 2166/2166 2167/2167
f 2168/2168 2165/2165 2167/2167
f 2169/2169 2170/2170 2171/2171
f 2172/2172 2169/2169 2171/2171
f 2173/2173 2174/2174 2175/2175
f 2176/2176 2173/2173 2175/2175
f 2177/2177 2178/2178 2179/2179
f 2180/2180 2177/2177 2179/2179
f 2181/2181 2182/2182 2183/2183
f 2184/2184 2181/2181 2183/2183
f 2185/2185 2186/2186 2187/2187
f 2188/2188 2185/2185 2187/2187
f 2189/2189 2190/2190 2191/2191
f 2192/2192 2189/2189 2191/2191
f 2193/2193 2194/2194 2195/2195
f 2196/2196 2193/2193 2195/2195
f 2197/2197 2198/2198 2199/2199
f 2200/2200 2197/2197 2199/2199
f 2201/2201 2202/2202 2203/2203
f 2204/2204 2201/2201 2203/2203
f 2205/2205 2206/2206 2207/2207
f 2208/2208 2205/2205 2207/2207
f 2209/2209 2210/2210 2211/2211
f 2212/2212 2209/2209 2211/2211
f 2213/2213 2214/2214 2215/2215
f 2216/2216 2213/2213 2215/2215
f 2217/2217 2218/2218 2219/2219
f 2220/2220 2217/2217 2219/2219
f 2221/2221 2222/2222 2223/2223
f 2224/2224 2221/2221 2223/2223
f 2225/2225 2226/2226 2227/2227
f 2228/2228 2225/2225 2227/2227
f 2229/2229 2230/2230 2231/2231
f 2232/2232 2229/2229 2231/2231
f 2233/2233 2234/2234 2235/2235
f 2236/2236 2233/2233 2235/2235
f 2237/2237 2238/2238 2239/2239
f 2240/2240 2237/2237 2239/2239
f 2241/2241 2242/2242 2243/2243
f 2244/2244 2241/2241 2243/2243
f 2245/2245 2246/2246 2247/2247
f 2248/2248 2245/2245 2247/2247
f 2249/2249 2250/2250 2251/2251
f 2252/2252 2249/2249 2251/2251
f 2253/2253 2254/2254 2255/2255
f 2256/2256 2253/2253 2255/2255
f 2257/2257 2258/2258 2259/2259
f 2260/2260 2257/2257 2259/2259
f 2261/2261 2262/2262 2263/2263
f 2264/2264 2261/2261 2263/2263
f 2265/2265 2266/2266 2267/2267
f 2268/2268 2265/2265 2267/2267
f 2269/2269 2270/2270 2271/2271
f 2272/2272 2269/2269 2271/2271
f 2273/2273 2274/2274 2275/2275
f 2276/2276 2273/2273 2275/2275
f 2277/2277 2278/2278 2279/2279
f 2280/2280 2277/2277 2279/2279
f 2281/2281 2282/2282 2283/2283
f 2284/2284 2281/2281 2283/2283
f 2285/2285 2286/2286 2287/2287
f 2288/2288 2285/2285 2287/2287
f 2289/2289 2290/2290 2291/2291
f 2292/2292 2289/2289 2291/2291
f 2293/2293 2294/2294 2295/2295
f 2296/2296 2293/2293 2295/2295
f 2297/2297 2298/2298 2299/2299
f 2300/2300 2297/2297 2299/2299
f 2301/2301 2302/2302 2303/2303
f 2304/2304 2301/2301 2303/2303
f 2305/2305 2306/2306 2307/2307
f 2308/2308 2305/2305 2307/2307
f 2309/2309 2310/2310 2311/2311
f 2312/2312 2309/2309 2311/2311
f 2313/2313 2314/2314 2315/2315
f 2316/2316 2313/2313 2315/2315
f 2317/2317 2318/2318 2319/2319
f 2320/2320 2317/2317 2319/2319
f 2321/2321 2322/2322 2323/2323
f 2324/2324 2321/2321 2323/2323
f 2325/2325 2326/2326 2327/2327
f 2328/2328 2325/2325 2327/2327
f 2329/2329 2330/2330 2331/2331
f 2332/2332 2329/2329 2331/2331
f 2333/2333 2334/2334 2335/2335
f 2336/2336 2333/2333 2335/2335
f 2337/2337 2338/2338 2339/2339
f 2340/2340 2337/2337 2339/2339
f 2341/2341 2342/2342 2343/2343
f 2344/2344 2341/2341 2343/2343
f 2345/2345 2346/2346 2347/2347
f 2348/2348 2345/2345 2347/2347
f 2349/2349 2350/2350 2351/2351
f 2352/2352 2349/2349 2351/2351
f 2353/2353 2354/2354 2355/2355
f 2356/2356 2353/2353 2355/2355
f 2357/2357 2358/2358 2359/2359
f 2360/2360 2357/2357 2359/2359
f 2361/2361 2362/2362 2363/2363
f 2364/2364 2361/2361 2363/2363
f 2365/2365 2366/2366 2367/2367
f 2368/2368 2365/2365 2367/2367
f 2369/2369 2370/2370 2371/2371
f 2372/2372 2369/2369 2371/2371
f 2373/2373 2374/2374 2375/2375
f 2376/2376 2373/2373 2375/2375
f 2377/2377 2378/2378 2379/2379
f 2380/2380 2377/2377 2379/2379
f 2381/2381 2382/2382 2383/2383
f 2384/2384 2381/2381 2383/2383
f 2385/2385 2386/2386 2387/2387
f 2388/2388 2385/2385 2387/2387
f 2389/2389 2390/2390 2391/2391
f 2392/2392 2389/2389 2391/2391
f 2393/2393 2394/2394 2395/2395
f 2396/2396 2393/2393 2395/2395
f 2397/2397 2398/2398 2399/2399
f 2400/2400 2397/2397 2399/2399
f 2401/2401 2402/2402 2403/2403
f 2404/2404 2401/2401 2403/2403
f 2405/2405 2406/2406 2407/2407
f 2408/2408 2405/2405 2407/2407
f 2409/2409 2410/2410 2411/2411
f 2412/2412 2409/2409 2411/2411
f 2413/2413 2414/2414 2415/2415
f 2416/2416 2413/2413 2415/2415
f 2417/2417 2418/2418 2419/2419
f 2420/2420 2417/2417 2419/2419
f 2421/2421 2422/2422 2423/2423
f 2424/2424 2421/2421 2423/2423
f 2425/2425 2426/2426 2427/2427
f 2428/2428 2425/2425 2427/2427
f 2429/2429 2430/2430 2431/2431
f 2432/2432 2429/2429 2431/2431
f 2433/2433 2434/2434 2435/2435
f 2436/2436 2433/2433 2435/2435
f 2437/2437 2438/2438 2439/2439
f 2440/2440 2437/2437 2439/2439
f 2441/2441 2442/2442 2443/2443
f 2444/2444 2441/2441 2443/2443
f 2445/2445 2446/2446 2447/2447
f 2448/2448 2445/2445 2447/2447
f 2449/2449 2450/2450 2451/2451
f 2452/2452 2449/2449 2451/2451
f 2453/2453 2454/2454 2455/2455
f 2456/2456 2453/2453 2455/2455
f 2457/2457 2458/2458 2459/2459
f 2460/2460 2457/2457 2459/2459
f 2461/2461 2462/2462 2463/2463
f 2464/2464 2461/2461 2463/2463
f 2465/2465 2466/2466 2467/2467
f 2468/2468 2465/2465 2467/2467
f 2469/2469 2470/2470 2471/2471
f 2472/2472 2469/2469 2471/2471
f 2473/2473 2474/2474 2475/2475
f 2476/2476 2473/2473 2475/2475
f 2477/2477 2478/2478 2479/2479
f 2480/2480 2477/2477 2479/2479
f 2481/2481 2482/2482 2483/2483
f 2484/2484 2481/2481 2483/2483
f 2485/2485 2486/2486 2487/2487
f 2488/2488 2485/2485 2487/2487
f 2489/2489 2490/2490 2491/2491
f 2492/2492 2489/2489 2491/2491
f 2493/2493 2494/2494 2495/2495
f 2496/2496 2493/2493 2495/2495
f 2497/2497 2498/2498 2499/2499
f 2500/2500 2497/2497 2499/2499
f 2501/2501 2502/2502 2503/2503
f 2504/2504 2501/2501 2503/2503
f 2505/2505 2506/2506 2507/2507
f 2508/2508 2505/2505 2507/2507
f 2509/2509 2510/2510 2511/2511
f 2512/2512 2509/2509 2511/2511
f 2513/2513 2514/2514 2515/2515
f 2516/2516 2513/2513 2515/2515
f 2517/2517 2518/2518 2519/2519
f 2520/2520 2517/2517 2519/2519
f 2521/2521 2522/2522 2523/2523
f 2524/2524 2521/2521 2523/2523
f 2525/2525 2526/2526 2527/2527
f 2528/2528 2525/2525 2527/2527
f 2529/2529 2530/2530 2531/2531
f 2532/2532 2529/2529 2531/2531
f 2533/2533 2534/2534 2535/2535
f 2536/2536 2533/2533 2535/2535
f 2537/2537 2538/2538 2539/2539
f 2540/2540 2537/2537 2539/2539
f 2541/2541 2542/2542 2543/2543
f 2544/2544 2541/2541 2543/2543
f 2545/2545 2546/2546 2547/2547
f 2548/2548 2545/2545 2547/2547
f 2549/2549 2550/2550 2551/2551
f 2552/2552 2549/2549 2551/2551
f 2553/2553 2554/2554 2555/2555
f 2556/2556 2553/2553 2555/2555
f 2557/2557 2558/2558 2559/2559
f 2560/2560 2557/2557 2559/2559
f 2561/2561 2562/2562 2563/2563
f 2564/2564 2561/2561 2563/2563
f 2565/2565 2566/2566 2567/2567
f 2568/2568 2565/2565 2567/2567
f 2569/2569 2570/2570 2571/2571
f 2572/2572 2569/2569 2571/2571
f 2573/2573 2574/2574 2575/2575
f 2576/2576 2573/2573 2575/2575
f 2577/2577 2578/2578 2579/2579
f 2580/2580 2577/2577 2579/2579
f 2581/2581 2582/2582 2583/2583
f 2584/2584 2581/2581 2583/2583
f 2585/2585 2586/2586 2587/2587
f 2588/2588 2585/2585 2587/2587
f 2589/2589 2590/2590 2591/2591
f 2592/2592 2589/2589 2591/2591
f 2593/2593 2594/2594 2595/2595
f 2596/2596 2593/2593 2595/2595
f 2597/2597 2598/2598 2599/2599
f 2600/2600 2597/2597 2599/2599
f 2601/2601 2602/2602 2603/2603
f 2604/2604 2601/2601 2603/2603
f 2605/2605 2606/2606 2607/2607
f 2608/2608 2605/2605 2607/2607
f 2609/2609 2610/2610 2611/2611
f 2612/2612 2609/2609 2611/2611
f 2613/2613 2614/2614 2615/2615
f 2616/2616 2613/2613 2615/2615
f 2617/2617 2618/2618 2619/2619
f 2620/2620 2617/2617 2619/2619
f 2621/2621 2622/2622 2623/2623
f 2624/2624 2621/2621 2623/2623
f 2625/2625 2626/2626 2627/2627
f 2628/2628 2625/2625 2627/2627
f 2629/2629 2630/2630 2631/2631
f 2632/2632 2629/2629 2631/2631
f 2633/2633 2634/2634 2635/2635
f 2636/2636 2633/2633 2635/2635
f 2637/2637 2638/2638 2639/2639
f 2640/2640 2637/2637 2639/2639
f 2641/2641 2642/2642 2643/2643
f 2644/2644 2641/2641 2643/2643
f 2645/2645 2646/2646 2647/2647
f 2648/2648 2645/2645 2647/2647
f 2649/2649 2650/2650 2651/2651
f 2652/2652 2649/2649 2651/2651
f 2653/2653 2654/2654 2655/2655
f 2656/2656 2653/2653 2655/2655
f 2657/2657 2658/2658 2659/2659
f 2660/2660 2657/2657 2659/2659
f 2661/2661 2662/2662 2663/2663
f 2664/2664 2661/2661 2663/2663
f 2665/2665 2666/2666 2667/2667
f 2668/2668 2665/2665 2667/2667
f 2669/2669 2670/2670 2671/2671
f 2672/2672 2669/2669 2671/2671
f 2673/2673 2674/2674 2675/2675
f 2676/2676 2673/2673 2675/2675
f 2677/2677 2678/2678 2679/2679
f 2680/2680 2677/2677 2679/2679
f 2681/2681 2682/2682 2683/2683
f 2684/2684 2681/2681 2683/2683
f 2685/2685 2686/2686 2687/2687
f 2688/2688 2685/2685 2687/2687
f 2689/2689 2690/2690 2691/2691
f 2692/2692 2689/2689 2691/2691
f 2693/2693 2694/2694 2695/2695
f 2696/2696 2693/2693 2695/2695
f 2697/2697 2698/2698 2699/2699
f 2700/2700 2697/2697 2699/2699
f 2701/2701 2702/2702 2703/2703
f 2704/2704 2701/2701 2703/2703
f 2705/2705 2706/2706 2707/2707
f 2708/2708 2705/2705 2707/2707
f 2709/2709 2710/2710 2711/2711
f 2712/2712 2709/2709 2711/2711
f 2713/2713 2714/2714 2715/2715
f 2716/2716 2713/2713 2715/2715
f 2717/2717 2718/2718 2719/2719
f 2720/2720 2717/2717 2719/2719
f 2721/2721 2722/2722 2723/2723
f 2724/2724 2721/2721 2723/2723
f 2725/2725 2726/2726 2727/2727
f 2728/2728 2725/2725 2727/2727
f 2729/2729 2730/2730 2731/2731
f 2732/2732 2729/2729 2731/2731
f 2733/2733 2734/2734 2735/2735
f 2736/2736 2733/2733 2735/2735
f 2737/2737 2738/2738 2739/2739
f 2740/2740 2737/2737 2739/2739
f 2741/2741 2742/2742 2743/2743
f 2744/2744 2741/2741 2743/2743
f 2745/2745 2746/2746 2747/2747
f 2748/2748 2745/2745 2747/2747
f 2749/2749 2750/2750 2751/2751
f 2752/2752 2749/2749 2751/2751
f 2753/2753 2754/2754 2755/2755
f 2756/2756 2753/2753 2755/2755
f 2757/2757 2758/2758 2759/2759
f 2760/2760 2757/2757 2759/2759
f 2761/2761 2762/2762 2763/2763
f 2764/2764 2761/2761 2763/2763
f 2765/2765 2766/2766 2767/2767
f 2768/2768 2765/2765 2767/2767
f 2769/2769 2770/2770 2771/2771
f 2772/2772 2769/2769 2771/2771
f 2773/2773 2774/2774 2775/2775
f 2776/2776 2773/2773 2775/2775
f 2777/2777 2778/2778 2779/2779
f 2780/2780 2777/2777 2779/2779
f 2781/2781 2782/2782 2783/2783
f 2784/2784 2781/2781 2783/2783
f 2785/2785 2786/2786 2787/2787
f 2788/2788 2785/2785 2787/2787
f 2789/2789 2790/2790 2791/2791
f 2792/2792 2789/2789 2791/2791
f 2793/2793 2794/2794 2795/2795
f 2796/2796 2793/2793 2795/2795
f 2797/2797 2798/2798 2799/2799
f 2800/2800 2797/2797 2799/2799
f 2801/2801 2802/2802 2803/2803
f 2804/2804 2801/2801 2803/2803
f 2805/2805 2806/2806 2807/2807
f 2808/2808 2805/2805 2807/2807
f 2809/2809 2810/2810 2811/2811
f 2812/2812 2809/2809 2811/2811
f 2813/2813 2814/2814 2815/2815
f 2816/2816 2813/2813 2815/2815
f 2817/2817 2816/2816 2815/2815
f 2818/2818 2817/2817 2815/2815
f 2819/2819 2818/2818 2815/2815
f 2820/2820 2819/2819 2815/2815
f 2821/2821 2820/2820 2815/2815
f 2822/2822 2821/2821 2815/2815
f 2823/2823 2822/2822 2815/2815
f 2824/2824 2823/2823 2815/2815
f 2825/2825 2824/2824 2815/2815
f 2826/2826 2825/2825 2815/2815
f 2827/2827 2826/2826 2815/2815
f 2828/2828 2827/2827 2815/2815
f 2829/2829 2828/2828 2815/2815
f 2830/2830 2829/2829 2815/2815
f 2831/2831 2830/2830 2815/2815
f 2832/2832 2831/2831 2815/2815
f 2833/2833 2832/2832 2815/2815
f 2834/2834 2833/2833 2815/2815
f 2835/2835 2834/2834 2815/2815
f 2836/2836 2835/2835 2815/2815
f 2837/2837 2836/2836 2815/2815
f 2838/2838 2839/2839 2840/2840
f 2841/2841 2838/2838 2840/2840
f 2842/2842 2843/2843 2844/2844
f 2845/2845 2842/2842 2844/2844
f 2846/2846 2847/2847 2848/2848
f 2849/2849 2846/2846 2848/2848
f 2850/2850 2851/2851 2852/2852
f 2853/2853 2850/2850 2852/2852
f 2854/2854 2855/2855 2856/2856
f 2857/2857 2854/2854 2856/2856
f 2858/2858 2859/2859 2860/2860
f 2861/2861 2858/2858 2860/2860
f 2862/2862 2863/2863 2864/2864
f 2865/2865 2862/2862 2864/2864
f 2866/2866 2867/2867 2868/2868
f 2869/2869 2866/2866 2868/2868
f 2870/2870 2871/2871 2872/2872
f 2873/2873 2870/2870 2872/2872
f 2874/2874 2875/2875 2876/2876
f 2877/2877 2874/2874 2876/2876
f 2878/2878 2879/2879 2880/2880
f 2881/2881 2878/2878 2880/2880
f 2882/2882 2883/2883 2884/2884
f 2885/2885 2882/2882 2884/2884
f 2886/2886 2887/2887 2888/2888
f 2889/2889 2886/2886 2888/2888
f 2890/2890 2891/2891 2892/2892
f 2893/2893 2890/2890 2892/2892
f 2894/2894 2895/2895 2896/2896
f 2897/2897 2894/2894 2896/2896
f 2898/2898 2899/2899 2900/2900
f 2901/2901 2898/2898 2900/2900
f 2902/2902 2903/2903 2904/2904
f 2905/2905 2902/2902 2904/2904
f 2906/2906 2907/2907 2908/2908
f 2909/2909 2906/2906 2908/2908
f 2910/2910 2911/2911 2912/2912
f 2913/2913 2910/2910 2912/2912
f 2914/2914 2915/2915 2916/2916
f 2917/2917 2914/2914 2916/2916
f 2918/2918 2919/2919 2920/2920
f 2921/2921 2918/2918 2920/2920
f 2922/2922 2923/2923 2924/2924
f 2925/2925 2922/2922 2924/2924
f 2926/2926 2927/2927 2928/2928
f 2929/2929 2926/2926 2928/2928
f 2930/2930 2931/2931 2932/2932
f 2933/2933 2930/2930 2932/2932
f 2934/2934 2935/2935 2936/2936
f 2937/2937 2934/2934 2936/2936
f 2938/2938 2939/2939 2940/2940
f 2941/2941 2938/2938 2940/2940
f 2942/2942 2941/2941 2940/2940
f 2943/2943 2942/2942 2940/2940
f 2944/2944 2943/2943 2940/2940
f 2945/2945 2944/2944 2940/2940
f 2946/2946 2945/2945 2940/2940
f 2947/2947 2946/2946 2940/2940
f 2948/2948 2947/2947 2940/2940
f 2949/2949 2948/2948 2940/2940
f 2950/2950 2949/2949 2940/2940
f 2951/2951 2950/2950 2940/2940
f 2952/2952 2951/2951 2940/2940
f 2953/2953 2952/2952 2940/2940
f 2954/2954 2953/2953 2940/2940
f 2955/2955 2954/2954 2940/2940
f 2956/2956 2955/2955 2940/2940
f 2957/2957 2956/2956 2940/2940
f 2958/2958 2957/2957 2940/2940
f 2959/2959 2958/2958 2940/2940
f 2960/2960 2959/2959 2940/2940
f 2961/2961 2960/2960 2940/2940
f 2962/2962 2961/2961 2940/2940
f 2963/2963 2964/2964 2965/2965
f 2966/2966 2963/2963 2965/2965
f 2967/2967 2968/2968 2969/2969
f 2970/2970 2967/2967 2969/2969
f 2971/2971 2972/2972 2973/2973
f 2974/2974 2971/2971 2973/2973
f 2975/2975 2976/2976 2977/2977
f 2978/2978 2975/2975 2977/2977
f 2979/2979 2980/2980 2981/2981
f 2982/2982 2979/2979 2981/2981
f 2983/2983 2984/2984 2985/2985
f 2986/2986 2983/2983 2985/2985
f 2987/2987 2988/2988 2989/2989
f 2990/2990 2987/2987 2989/2989
f 2991/2991 2992/2992 2993/2993
f 2994/2994 2991/2991 2993/2993
f 2995/2995 2996/2996 2997/2997
f 2998/2998 2995/2995 2997/2997
f 2999/2999 3000/3000 3001/3001
f 3002/3002 2999/2999 3001/3001
f 3003/3003 3004/3004 3005/3005
f 3006/3006 3003/3003 3005/3005
f 3007/3007 3008/3008 3009/3009
f 3010/3010 3007/3007 3009/3009
f 3011/3011 3012/3012 3013/3013
f 3014/3014 3011/3011 3013/3013
f 3015/3015 3016/3016 3017/3017
f 3018/3018 3015/3015 3017/3017
f 3019/3019 3020/3020 3021/3021
f 3022/3022 3019/3019 3021/3021
f 3023/3023 3024/3024 3025/3025
f 3026/3026 3023/3023 3025/3025
f 3027/3027 3028/3028 3029/3029
f 3030/3030 3027/3027 3029/3029
f 3031/3031 3032/3032 3033/3033
f 3034/3034 3031/3031 3033/3033
f 3035/3035 3036/3036 3037/3037
f 3038/3038 3035/3035 3037/3037
f 3039/3039 3040/3040 3041/3041
f 3042/3042 3039/3039 3041/3041
f 3043/3043 3044/3044 3045/3045
f 3046/3046 3043/3043 3045/3045
f 3047/3047 3048/3048 3049/3049
f 3050/3050 3047/3047 3049/3049
f 3051/3051 3052/3052 3053/3053
f 3054/3054 3051/3051 3053/3053
f 3055/3055 3056/3056 3057/3057
f 3058/3058 3055/3055 3057/3057
f 3059/3059 3060/3060 3061/3061
f 3062/3062 3059/3059 3061/3061
f 3063/3063 3064/3064 3065/3065
f 3066/3066 3063/3063 3065/3065
f 3067/3067 3066/3066 3065/3065
f 3068/3068 3067/3067 3065/3065
f 3069/3069 3068/3068 3065/3065
f 3070/3070 3069/3069 3065/3065
f 3071/3071 3070/3070 3065/3065
f 3072/3072 3071/3071 3065/3065
f 3073/3073 3072/3072 3065/3065
f 3074/3074 3073/3073 3065/3065
f 3075/3075 3074/3074 3065/3065
f 3076/3076 3075/3075 3065/3065
f 3077/3077 3076/3076 3065/3065
f 3078/3078 3077/3077 3065/3065
f 3079/3079 3078/3078 3065/3065
f 3080/3080 3079/3079 3065/3065
f 3081/3081 3080/3080 3065/3065
f 3082/3082 3081/3081 3065/3065
f 3083/3083 3082/3082 3065/3065
f 3084/3084 3083/3083 3065/3065
f 3085/3085 3084/3084 3065/3065
f 3086/3086 3085/3085 3065/3065
f 3087/3087 3086/3086 3065/3065
f 3088/3088 3089/3089 3090/3090
f 3091/3091 3088/3088 3090/3090
f 3092/3092 3093/3093 3094/3094
f 3095/3095 3092/3092 3094/3094
f 3096/3096 3097/3097 3098/3098
f 3099/3099 3096/3096 3098/3098
f 3100/3100 3101/3101 3102/3102
f 3103/3103 3100/3100 3102/3102
f 3104/3104 3105/3105 3106/3106
f 3107/3107 3104/3104 3106/3106
f 3108/3108 3109/3109 3110/3110
f 3111/3111 3108/3108 3110/3110
f 3112/3112 3113/3113 3114/3114
f 3115/3115 3112/3112 3114/3114
f 3116/3116 3117/3117 3118/3118
f 3119/3119 3116/3116 3118/3118
f 3120/3120 3121/3121 3122/3122
f 3123/3123 3120/3120 3122/3122
f 3124/3124 3125/3125 3126/3126
f 3127/3127 3124/3124 3126/3126
f 3128/3128 3129/3129 3130/3130
f 3131/3131 3128/3128 3130/3130
f 3132/3132 3133/3133 3134/3134
f 3135/3135 3132/3132 3134/3134
f 3136/3136 3137/3137 3138/3138
f 3139/3139 3136/3136 3138/3138
f 3140/3140 3141/3141 3142/3142
f 3143/3143 3140/3140 3142/3142
f 3144/3144 3145/3145 3146/3146
f 3147/3147 3144/3144 3146/3146
f 3148/3148 3149/3149 3150/3150
f 3151/3151 3148/3148 3150/3150
f 3152/3152 3153/3153 3154/3154
f 3155/3155 3152/3152 3154/3154
f 3156/3156 3157/3157 3158/3158
f 3159/3159 3156/3156 3158/3158
f 3160/3160 3161/3161 3162/3162
f 3163/3163 3160/3160 3162/3162
f 3164/3164 3165/3165 3166/3166
f 3167/3167 3164/3164 3166/3166
f 3168/3168 3169/3169 3170/3170
f 3171/3171 3168/3168 3170/3170
f 3172/3172 3173/3173 3174/3174
f 3175/3175 3172/3172 3174/3174
f 3176/3176 3177/3177 3178/3178
f 3179/3179 3176/3176 3178/3178
f 3180/3180 3181/3181 3182/3182
f 3183/3183 3180/3180 3182/3182
f 3184/3184 3185/3185 3186/3186
f 3187/3187 3184/3184 3186/3186
f 3188/3188 3189/3189 3190/3190
f 3191/3191 3188/3188 3190/3190
f 3192/3192 3191/3191 3190/3190
f 3193/3193 3192/3192 3190/3190
f 3194/3194 3193/3193 3190/3190
f 3195/3195 3194/3194 3190/3190
f 3196/3196 3195/3195 3190/3190
f 3197/3197 3196/3196 3190/3190
f 3198/3198 3197/3197 3190/3190
f 3199/3199 3198/3198 3190/3190
f 3200/3200 3199/3199 3190/3190
f 3201/3201 3200/3200 3190/3190
f 3202/3202 3201/3201 3190/3190
f 3203/3203 3202/3202 3190/3190
f 3204/3204 3203/3203 3190/3190
f 3205/3205 3204/3204 3190/3190
f 3206/3206 3205/3205 3190/3190
f 3207/3207 3206/3206 3190/3190
f 3208/3208 3207/3207 3190/3190
f 3209/3209 3208/3208 3190/3190
f 3210/3210 3209/3209 3190/3190
f 3211/3211 3210/3210 3190/3190
f 3212/3212 3211/3211 3190/3190
f 3213/3213 3214/3214 3215/3215
f 3216/3216 3213/3213 3215/3215
f 3217/3217 3216/3216 3215/3215
f 3218/3218 3217/3217 3215/3215
f 3219/3219 3218/3218 3215/3215
f 3220/3220 3219/3219 3215/3215
f 3221/3221 3220/3220 3215/3215
f 3222/3222 3221/3221 3215/3215
f 3223/3223 3222/3222 3215/3215
f 3224/3224 3223/3223 3215/3215
f 3225/3225 3224/3224 3215/3215
f 3226/3226 3225/3225 3215/3215
f 3227/3227 3226/3226 3215/3215
f 3228/3228 3227/3227 3215/3215
f 3229/3229 3228/3228 3215/3215
f 3230/3230 3229/3229 3215/3215
f 3231/3231 3230/3230 3215/3215
f 3232/3232 3231/3231 3215/3215
f 3233/3233 3232/3232 3215/3215
f 3234/3234 3233/3233 3215/3215
f 3235/3235 3234/3234 3215/3215
f 3236/3236 3235/3235 3215/3215
f 3237/3237 3236/3236 3215/3215
f 3238/3238 3239/3239 3240/3240
f 3241/3241 3238/3238 3240/3240
f 3242/3242 3241/3241 3240/3240
f 3243/3243 3242/3242 3240/3240
f 3244/3244 3243/3243 3240/3240
f 3245/3245 3244/3244 3240/3240
f 3246/3246 3245/3245 3240/3240
f 3247/3247 3246/3246 3240/3240
f 3248/3248 3247/3247 3240/3240
f 3249/3249 3248/3248 3240/3240
f 3250/3250 3249/3249 3240/3240
f 3251/3251 3250/3250 3240/3240
f 3252/3252 3251/3251 3240/3240
f 3253/3253 3252/3252 3240/3240
f 3254/3254 3253/3253 3240/3240
f 3255/3255 3254/3254 3240/3240
f 3256/3256 3255/3255 3240/3240
f 3257/3257 3256/3256 3240/3240
f 3258/3258 3257/3257 3240/3240
f 3259/3259 3258/3258 3240/3240
f 3260/3260 3259/3259 3240/3240
f 3261/3261 3260/3260 3240/3240
f 3262/3262 3261/3261 3240/3240
f 3263/3263 3264/3264 3265/3265
f 3266/3266 3263/3263 3265/3265
f 3267/3267 3266/3266 3265/3265
f 3268/3268 3267/3267 3265/3265
f 3269/3269 3268/3268 3265/3265
f 3270/3270 3269/3269 3265/3265
f 3271/3271 3270/3270 3265/3265
f 3272/3272 3271/3271 3265/3265
f 3273/3273 3272/3272 3265/3265
f 3274/3274 3273/3273 3265/3265
f 3275/3275 3274/3274 3265/3265
f 3276/3276 3275/3275 3265/3265
f 3277/3277 3276/3276 3265/3265
f 3278/3278 3277/3277 3265/3265
f 3279/3279 3278/3278 3265/3265
f 3280/3280 3279/3279 3265/3265
f 3281/3281 3280/3280 3265/3265
f 3282/3282 3281/3281 3265/3265
f 3283/3283 3282/3282 3265/3265
f 3284/3284 3283/3283 3265/3265
f 3285/3285 3284/3284 3265/3265
f 3286/3286 3285/3285 3265/3265
f 3287/3287 3286/3286 3265/3265
f 3288/3288 3289/3289 3290/3290
f 3291/3291 3288/3288 3290/3290
f 3292/3292 3293/3293 3294/3294
f 3295/3295 3292/3292 3294/3294
f 3296/3296 3297/3297 3298/3298
f 3299/3299 3296/3296 3298/3298
f 3300/3300 3301/3301 3302/3302
f 3303/3303 3300/3300 3302/3302
f 3304/3304 3305/3305 3306/3306
f 3307/3307 3304/3304 3306/3306
f 3308/3308 3309/3309 3310/3310
f 3311/3311 3308/3308 3310/3310
f 3312/3312 3313/3313 3314/3314
f 3315/3315 3312/3312 3314/3314
f 3316/3316 3317/3317 3318/3318
f 3319/3319 3316/3316 3318/3318
f 3320/3320 3321/3321 3322/3322
f 3323/3323 3320/3320 3322/3322
f 3324/3324 3325/3325 3326/3326
f 3327/3327 3324/3324 3326/3326
f 3328/3328 3329/3329 3330/3330
f 3331/3331 3328/3328 3330/3330
f 3332/3332 3333/3333 3334/3334
f 3335/3335 3332/3332 3334/3334
f 3336/3336 3337/3337 3338/3338
f 3339/3339 3336/3336 3338/3338
f 3340/3340 3341/3341 3342/3342
f 3343/3343 3340/3340 3342/3342
f 3344/3344 3345/3345 3346/3346
f 3347/3347 3344/3344 3346/3346
f 3348/3348 3349/3349 3350/3350
f 3351/3351 3348/3348 3350/3350
f 3352/3352 3353/3353 3354/3354
f 3355/3355 3352/3352 3354/3354
f 3356/3356 3357/3357 3358/3358
f 3359/3359 3356/3356 3358/3358
f 3360/3360 3361/3361 3362/3362
f 3363/3363 3360/3360 3362/3362
f 3364/3364 3365/3365 3366/3366
f 3367/3367 3364/3364 3366/3366
f 3368/3368 3369/3369 3370/3370
f 3371/3371 3368/3368 3370/3370
f 3372/3372 3373/3373 3374/3374
f 3375/3375 3372/3372 3374/3374
f 3376/3376 3377/3377 3378/3378
f 3379/3379 3376/3376 3378/3378
f 3380/3380 3381/3381 3382/3382
f 3383/3383 3380/3380 3382/3382
f 3384/3384 3385/3385 3386/3386
f 3387/3387 3384/3384 3386/3386
f 3388/3388 3389/3389 3390/3390
f 3391/3391 3388/3388 3390/3390
f 3392/3392 3391/3391 3390/3390
f 3393/3393 3392/3392 3390/3390
f 3394/3394 3393/3393 3390/3390
f 3395/3395 3394/3394 3390/3390
f 3396/3396 3395/3395 3390/3390
f 3397/3397 3396/3396 3390/3390
f 3398/3398 3397/3397 3390/3390
f 3399/3399 3398/3398 3390/3390
f 3400/3400 3399/3399 3390/3390
f 3401/3401 3400/3400 3390/3390
f 3402/3402 3403/3403 3404/3404
f 3405/3405 3402/3402 3404/3404
f 3406/3406 3405/3405 3404/3404
f 3407/3407 3406/3406 3404/3404
f 3408/3408 3407/3407 3404/3404
f 3409/3409 3408/3408 3404/3404
f 3410/3410 3409/3409 3404/3404
f 3411/3411 3410/3410 3404/3404
f 3412/3412 3411/3411 3404/3404
f 3413/3413 3412/3412 3404/3404
f 3414/3414 3413/3413 3404/3404
f 3415/3415 3414/3414 3404/3404
f 3416/3416 3417/3417 3418/3418
f 3419/3419 3416/3416 3418/3418
f 3420/3420 3421/3421 3422/3422
f 3423/3423 3420/3420 3422/3422
f 3424/3424 3425/3425 3426/3426
f 3427/3427 3424/3424 3426/3426
f 3428/3428 3429/3429 3430/3430
f 3431/3431 3428/3428 3430/3430
f 3432/3432 3433/3433 3434/3434
f 3435/3435 3432/3432 3434/3434
f 3436/3436 3437/3437 3438/3438
f 3439/3439 3436/3436 3438/3438
f 3440/3440 3441/3441 3442/3442
f 3443/3443 3440/3440 3442/3442
f 3444/3444 3445/3445 3446/3446
f 3447/3447 3444/3444 3446/3446
f 3448/3448 3449/3449 3450/3450
f 3451/3451 3448/3448 3450/3450
f 3452/3452 3453/3453 3454/3454
f 3455/3455 3452/3452 3454/3454
f 3456/3456 3457/3457 3458/3458
f 3459/3459 3456/3456 3458/3458
f 3460/3460 3461/3461 3462/3462
f 3463/3463 3460/3460 3462/3462
f 3464/3464 3465/3465 3466/3466
f 3467/3467 3464/3464 3466/3466
f 3468/3468 3469/3469 3470/3470
f 3471/3471 3468/3468 3470/3470
f 3472/3472 3473/3473 3474/3474
f 3475/3475 3472/3472 3474/3474
f 3476/3476 3477/3477 3478/3478
f 3479/3479 3476/3476 3478/3478
f 3480/3480 3481/3481 3482/3482
f 3483/3483 3480/3480 3482/3482
f 3484/3484 3485/3485 3486/3486
f 3487/3487 3484/3484 3486/3486
f 3488/3488 3489/3489 3490/3490
f 3491/3491 3488/3488 3490/3490
f 3492/3492 3493/3493 3494/3494
f 3495/3495 3492/3492 3494/3494
f 3496/3496 3497/3497 3498/3498
f 3499/3499 3496/3496 3498/3498
f 3500/3500 3501/3501 3502/3502
f 3503/3503 3500/3500 3502/3502
f 3504/3504 3505/3505 3506/3506
f 3507/3507 3504/3504 3506/3506
f 3508/3508 3509/3509 3510/3510
f 3511/3511 3508/3508 3510/3510
f 3512/3512 3513/3513 3514/3514
f 3515/3515 3512/3512 3514/3514
f 3516/3516 3517/3517 3518/3518
f 3519/3519 3516/3516 3518/3518
f 3520/3520 3519/3519 3518/3518
f 3521/3521 3520/3520 3518/3518
f 3522/3522 3521/3521 3518/3518
f 3523/3523 3522/3522 3518/3518
f 3524/3524 3523/3523 3518/3518
f 3525/3525 3524/3524 3518/3518
f 3526/3526 3525/3525 3518/3518
f 3527/3527 3526/3526 3518/3518
f 3528/3528 3527/3527 3518/3518
f 3529/3529 3528/3528 3518/3518
f 3530/3530 3529/3529 3518/3518
f 3531/3531 3530/3530 3518/3518
f 3532/3532 3531/3531 3518/3518
f 3533/3533 3532/3532 3518/3518
f 3534/3534 3533/3533 3518/3518
f 3535/3535 3534/3534 3518/3518
f 3536/3536 3535/3535 3518/3518
f 3537/3537 3536/3536 3518/3518
f 3538/3538 3537/3537 3518/3518
f 3539/3539 3538/3538 3518/3518
f 3540/3540 3539/3539 3518/3518
f 3541/3541 3542/3542 3543/3543
f 3544/3544 3541/3541 3543/3543
f 3545/3545 3546/3546 3547/3547
f 3548/3548 3545/3545 3547/3547
f 3549/3549 3550/3550 3551/3551
f 3552/3552 3549/3549 3551/3551
f 3553/3553 3554/3554 3555/3555
f 3556/3556 3553/3553 3555/3555
f 3557/3557 3558/3558 3559/3559
f 3560/3560 3557/3557 3559/3559
f 3561/3561 3562/3562 3563/3563
f 3564/3564 3561/3561 3563/3563
f 3565/3565 3566/3566 3567/3567
f 3568/3568 3565/3565 3567/3567
f 3569/3569 3570/3570 3571/3571
f 3572/3572 3569/3569 3571/3571
f 3573/3573 3574/3574 3575/3575
f 3576/3576 3573/3573 3575/3575
f 3577/3577 3578/3578 3579/3579
f 3580/3580 3577/3577 3579/3579
f 3581/3581 3582/3582 3583/3583
f 3584/3584 3581/3581 3583/3583
f 3585/3585 3586/3586 3587/3587
f 3588/3588 3585/3585 3587/3587
f 3589/3589 3590/3590 3591/3591
f 3592/3592 3589/3589 3591/3591
f 3593/3593 3594/3594 3595/3595
f 3596/3596 3593/3593 3595/3595
f 3597/3597 3598/3598 3599/3599
f 3600/3600 3597/3597 3599/3599
f 3601/3601 3602/3602 3603/3603
f 3604/3604 3601/3601 3603/3603
f 3605/3605 3606/3606 3607/3607
f 3608/3608 3605/3605 3607/3607
f 3609/3609 3610/3610 3611/3611
f 3612/3612 3609/3609 3611/3611
f 3613/3613 3614/3614 3615/3615
f 3616/3616 3613/3613 3615/3615
f 3617/3617 3618/3618 3619/3619
f 3620/3620 3617/3617 3619/3619
f 3621/3621 3622/3622 3623/3623
f 3624/3624 3621/3621 3623/3623
f 3625/3625 3626/3626 3627/3627
f 3628/3628 3625/3625 3627/3627
f 3629/3629 3630/3630 3631/3631
f 3632/3632 3629/3629 3631/3631
f 3633/3633 3634/3634 3635/3635
f 3636/3636 3633/3633 3635/3635
f 3637/3637 3638/3638 3639/3639
f 3640/3640 3637/3637 3639/3639
f 3641/3641 3642/3642 3643/3643
f 3644/3644 3641/3641 3643/3643
f 3645/3645 3644/3644 3643/3643
f 3646/3646 3645/3645 3643/3643
f 3647/3647 3646/3646 3643/3643
f 3648/3648 3647/3647 3643/3643
f 3649/3649 3648/3648 3643/3643
f 3650/3650 3649/3649 3643/3643
f 3651/3651 3650/3650 3643/3643
f 3652/3652 3651/3651 3643/3643
f 3653/3653 3652/3652 3643/3643
f 3654/3654 3653/3653 3643/3643
f 3655/3655 3654/3654 3643/3643
f 3656/3656 3655/3655 3643/3643
f 3657/3657 3656/3656 3643/3643
f 3658/3658 3657/3657 3643/3643
f 3659/3659 3658/3658 3643/3643
f 3660/3660 3659/3659 3643/3643
f 3661/3661 3660/3660 3643/3643
f 3662/3662 3661/3661 3643/3643
f 3663/3663 3662/3662 3643/3643
f 3664/3664 3663/3663 3643/3643
f 3665/3665 3664/3664 3643/3643
f 3666/3666 3667/3667 3668/3668
f 3669/3669 3666/3666 3668/3668
f 3670/3670 3671/3671 3672/3672
f 3673/3673 3670/3670 3672/3672
f 3674/3674 3675/3675 3676/3676
f 3677/3677 3674/3674 3676/3676
f 3678/3678 3679/3679 3680/3680
f 3681/3681 3678/3678 3680/3680
f 3682/3682 3683/3683 3684/3684
f 3685/3685 3682/3682 3684/3684
f 3686/3686 3687/3687 3688/3688
f 3689/3689 3686/3686 3688/3688
f 3690/3690 3691/3691 3692/3692
f 3693/3693 3690/3690 3692/3692
f 3694/3694 3695/3695 3696/3696
f 3697/3697 3694/3694 3696/3696
f 3698/3698 3699/3699 3700/3700
f 3701/3701 3698/3698 3700/3700
f 3702/3702 3703/3703 3704/3704
f 3705/3705 3702/3702 3704/3704
f 3706/3706 3707/3707 3708/3708
f 3709/3709 3706/3706 3708/3708
f 3710/3710 3711/3711 3712/3712
f 3713/3713 3710/3710 3712/3712
f 3714/3714 3715/3715 3716/3716
f 3717/3717 3714/3714 3716/3716
f 3718/3718 3719/3719 3720/3720
f 3721/3721 3718/3718 3720/3720
f 3722/3722 3723/3723 3724/3724
f 3725/3725 3722/3722 3724/3724
f 3726/3726 3727/3727 3728/3728
f 3729/3729 3726/3726 3728/3728
f 3730/3730 3731/3731 3732/3732
f 3733/3733 3730/3730 3732/3732
f 3734/3734 3735/3735 3736/3736
f 3737/3737 3734/3734 3736/3736
f 3738/3738 3739/3739 3740/3740
f 3741/3741 3738/3738 3740/3740
f 3742/3742 3743/3743 3744/3744
f 3745/3745 3742/3742 3744/3744
f 3746/3746 3747/3747 3748/3748
f 3749/3749 3746/3746 3748/3748
f 3750/3750 3751/3751 3752/3752
f 3753/3753 3750/3750 3752/3752
f 3754/3754 3755/3755 3756/3756
f 3757/3757 3754/3754 3756/3756
f 3758/3758 3759/3759 3760/3760
f 3761/3761 3758/3758 3760/3760
f 3762/3762 3763/3763 3764/3764
f 3765/3765 3762/3762 3764/3764
f 3766/3766 3767/3767 3768/3768
f 3769/3769 3766/3766 3768/3768
f 3770/3770 3769/3769 3768/3768
f 3771/3771 3770/3770 3768/3768
f 3772/3772 3771/3771 3768/3768
f 3773/3773 3772/3772 3768/3768
f 3774/3774 3773/3773 3768/3768
f 3775/3775 3774/3774 3768/3768
f 3776/3776 3775/3775 3768/3768
f 3777/3777 3776/3776 3768/3768
f 3778/3778 3777/3777 3768/3768
f 3779/3779 3778/3778 3768/3768
f 3780/3780 3779/3779 3768/3768
f 3781/3781 3780/3780 3768/3768
f 3782/3782 3781/3781 3768/3768
f 3783/3783 3782/3782 3768/3768
f 3784/3784 3783/3783 3768/3768
f 3785/3785 3784/3784 3768/3768
f 3786/3786 3785/3785 3768/3768
f 3787/3787 3786/3786 3768/3768
f 3788/3788 3787/3787 3768/3768
f 3789/3789 3788/3788 3768/3768
f 3790/3790 3789/3789 3768/3768
f 3791/3791 3792/3792 3793/3793
f 3794/3794 3791/3791 3793/3793
f 3795/3795 3796/3796 3797/3797
f 3798/3798 3795/3795 3797/3797
f 3799/3799 3800/3800 3801/3801
f 3802/3802 3799/3799 3801/3801
f 3803/3803 3804/3804 3805/3805
f 3806/3806 3803/3803 3805/3805
f 3807/3807 3808/3808 3809/3809
f 3810/3810 3807/3807 3809/3809
f 3811/3811 3812/3812 3813/3813
f 3814/3814 3811/3811 3813/3813
f 3815/3815 3816/3816 3817/3817
f 3818/3818 3815/3815 3817/3817
f 3819/3819 3820/3820 3821/3821
f 3822/3822 3819/3819 3821/3821
f 3823/3823 3824/3824 3825/3825
f 3826/3826 3823/3823 3825/3825
f 3827/3827 3828/3828 3829/3829
f 3830/3830 3827/3827 3829/3829
f 3831/3831 3832/3832 3833/3833
f 3834/3834 3831/3831 3833/3833
f 3835/3835 3836/3836 3837/3837
f 3838/3838 3835/3835 3837/3837
f 3839/3839 3840/3840 3841/3841
f 3842/3842 3839/3839 3841/3841
f 3843/3843 3844/3844 3845/3845
f 3846/3846 3843/3843 3845/3845
f 3847/3847 3848/3848 3849/3849
f 3850/3850 3847/3847 3849/3849
f 3851/3851 3852/3852 3853/3853
f 3854/3854 3851/3851 3853/3853
f 3855/3855 3856/3856 3857/3857
f 3858/3858 3855/3855 3857/3857
f 3859/3859 3860/3860 3861/3861
f 3862/3862 3859/3859 3861/3861
f 3863/3863 3864/3864 3865/3865
f 3866/3866 3863/3863 3865/3865
f 3867/3867 3868/3868 3869/3869
f 3870/3870 3867/3867 3869/3869
f 3871/3871 3872/3872 3873/3873
f 3874/3874 3871/3871 3873/3873
f 3875/3875 3876/3876 3877/3877
f 3878/3878 3875/3875 3877/3877
f 3879/3879 3880/3880 3881/3881
f 3882/3882 3879/3879 3881/3881
f 3883/3883 3884/3884 3885/3885
f 3886/3886 3883/3883 3885/3885
f 3887/3887 3888/3888 3889/3889
f 3890/3890 3887/3887 3889/3889
f 3891/3891 3892/3892 3893/3893
f 3894/3894 3891/3891 3893/3893
f 3895/3895 3894/3894 3893/3893
f 3896/3896 3895/3895 3893/3893
f 3897/3897 3896/3896 3893/3893
f 3898/3898 3897/3897 3893/3893
f 3899/3899 3898/3898 3893/3893
f 3900/3900 3899/3899 3893/3893
f 3901/3901 3900/3900 3893/3893
f 3902/3902 3901/3901 3893/3893
f 3903/3903 3902/3902 3893/3893
f 3904/3904 3903/3903 3893/3893
f 3905/3905 3904/3904 3893/3893
f 3906/3906 3905/3905 3893/3893
f 3907/3907 3906/3906 3893/3893
f 3908/3908 3907/3907 3893/3893
f 3909/3909 3908/3908 3893/3893
f 3910/3910 3909/3909 3893/3893
f 3911/3911 3910/3910 3893/3893
f 3912/3912 3911/3911 3893/3893
f 3913/3913 3912/3912 3893/3893
f 3914/3914 3913/3913 3893/3893
f 3915/3915 3914/3914 3893/3893
f 3916/3916 3917/3917 3918/3918
f 3919/3919 3916/3916 3918/3918
f 3920/3920 3919/3919 3918/3918
f 3921/3921 3920/3920 3918/3918
f 3922/3922 3921/3921 3918/3918
f 3923/3923 3922/3922 3918/3918
f 3924/3924 3923/3923 3918/3918
f 3925/3925 3924/3924 3918/3918
f 3926/3926 3925/3925 3918/3918
f 3927/3927 3926/3926 3918/3918
f 3928/3928 3927/3927 3918/3918
f 3929/3929 3928/3928 3918/3918
f 3930/3930 3929/3929 3918/3918
f 3931/3931 3930/3930 3918/3918
f 3932/3932 3931/3931 3918/3918
f 3933/3933 3932/3932 3918/3918
f 3934/3934 3933/3933 3918/3918
f 3935/3935 3934/3934 3918/3918
f 3936/3936 3935/3935 3918/3918
f 3937/3937 3936/3936 3918/3918
f 3938/3938 3937/3937 3918/3918
f 3939/3939 3938/3938 3918/3918
f 3940/3940 3939/3939 3918/3918
f 3941/3941 3942/3942 3943/3943
f 3944/3944 3941/3941 3943/3943
f 3945/3945 3944/3944 3943/3943
f 3946/3946 3945/3945 3943/3943
f 3947/3947 3946/3946 3943/3943
f 3948/3948 3947/3947 3943/3943
f 3949/3949 3948/3948 3943/3943
f 3950/3950 3949/3949 3943/3943
f 3951/3951 3950/3950 3943/3943
f 3952/3952 3951/3951 3943/3943
f 3953/3953 3952/3952 3943/3943
f 3954/3954 3953/3953 3943/3943
f 3955/3955 3954/3954 3943/3943
f 3956/3956 3955/3955 3943/3943
f 3957/3957 3956/3956 3943/3943
f 3958/3958 3957/3957 3943/3943
f 3959/3959 3958/3958 3943/3943
f 3960/3960 3959/3959 3943/3943
f 3961/3961 3960/3960 3943/3943
f 3962/3962 3961/3961 3943/3943
f 3963/3963 3962/3962 3943/3943
f 3964/3964 3963/3963 3943/3943
f 3965/3965 3964/3964 3943/3943
f 3966/3966 3967/3967 3968/3968
f 3969/3969 3966/3966 3968/3968
f 3970/3970 3969/3969 3968/3968
f 3971/3971 3970/3970 3968/3968
f 3972/3972 3971/3971 3968/3968
f 3973/3973 3972/3972 3968/3968
f 3974/3974 3973/3973 3968/3968
f 3975/3975 3974/3974 3968/3968
f 3976/3976 3975/3975 3968/3968
f 3977/3977 3976/3976 3968/3968
f 3978/3978 3977/3977 3968/3968
f 3979/3979 3978/3978 3968/3968
f 3980/3980 3979/3979 3968/3968
f 3981/3981 3980/3980 3968/3968
f 3982/3982 3981/3981 3968/3968
f 3983/3983 3982/3982 3968/3968
f 3984/3984 3983/3983 3968/3968
f 3985/3985 3984/3984 3968/3968
f 3986/3986 3985/3985 3968/3968
f 3987/3987 3986/3986 3968/3968
f 3988/3988 3987/3987 3968/3968
f 3989/3989 3988/3988 3968/3968
f 3990/3990 3989/3989 3968/3968
f 3991/3991 3992/3992 3993/3993
f 3994/3994 3991/3991 3993/3993
f 3995/3995 3996/3996 3997/3997
f 3998/3998 3995/3995 3997/3997
f 3999/3999 4000/4000 4001/4001
f 4002/4002 3999/3999 4001/4001
f 4003/4003 4004/4004 4005/4005
f 4006/4006 4003/4003 4005/4005
f 4007/4007 4008/4008 4009/4009
f 4010/4010 4007/4007 4009/4009
f 4011/4011 4012/4012 4013/4013
f 4014/4014 4011/4011 4013/4013
f 4015/4015 4016/4016 4017/4017
f 4018/4018 4015/4015 4017/4017
f 4019/4019 4020/4020 4021/4021
f 4022/4022 4019/4019 4021/4021
f 4023/4023 4024/4024 4025/4025
f 4026/4026 4023/4023 4025/4025
f 4027/4027 4028/4028 4029/4029
f 4030/4030 4027/4027 4029/4029
f 4031/4031 4032/4032 4033/4033
f 4034/4034 4031/4031 4033/4033
f 4035/4035 4036/4036 4037/4037
f 4038/4038 4035/4035 4037/4037
f 4039/4039 4040/4040 4041/4041
f 4042/4042 4039/4039 4041/4041
f 4043/4043 4044/4044 4045/4045
f 4046/4046 4043/4043 4045/4045
f 4047/4047 4048/4048 4049/4049
f 4050/4050 4047/4047 4049/4049
f 4051/4051 4052/4052 4053/4053
f 4054/4054 4051/4051 4053/4053
f 4055/4055 4056/4056 4057/4057
f 4058/4058 4055/4055 4057/4057
f 4059/4059 4060/4060 4061/4061
f 4062/4062 4059/4059 4061/4061
f 4063/4063 4064/4064 4065/4065
f 4066/4066 4063/4063 4065/4065
f 4067/4067 4068/4068 4069/4069
f 4070/4070 4067/4067 4069/4069
f 4071/4071 4072/4072 4073/4073
f 4074/4074 4071/4071 4073/4073
f 4075/4075 4076/4076 4077/4077
f 4078/4078 4075/4075 4077/4077
f 4079/4079 4080/4080 4081/4081
f 4082/4082 4079/4079 4081/4081
f 4083/4083 4084/4084 4085/4085
f 4086/4086 4083/4083 4085/4085
f 4087/4087 4088/4088 4089/4089
f 4090/4090 4087/4087 4089/4089
f 4091/4091 4092/4092 4093/4093
f 4094/4094 4091/4091 4093/4093
f 4095/4095 4094/4094 4093/4093
f 4096/4096 4095/4095 4093/4093
f 4097/4097 4096/4096 4093/4093
f 4098/4098 4097/4097 4093/4093
f 4099/4099 4098/4098 4093/4093
f 4100/4100 4099/4099 4093/4093
f 4101/4101 4100/4100 4093/4093
f 4102/4102 4101/4101 4093/4093
f 4103/4103 4102/4102 4093/4093
f 4104/4104 4103/4103 4093/4093
f 4105/4105 4106/4106 4107/4107
f 4108/4108 4105/4105 4107/4107
f 4109/4109 4108/4108 4107/4107
f 4110/4110 4109/4109 4107/4107
f 4111/4111 4110/4110 4107/4107
f 4112/4112 4111/4111 4107/4107
f 4113/4113 4112/4112 4107/4107
f 4114/4114 4113/4113 4107/4107
f 4115/4115 4114/4114 4107/4107
f 4116/4116 4115/4115 4107/4107
f 4117/4117 4116/4116 4107/4107
f 4118/4118 4117/4117 4107/4107
f 4119/4119 4120/4120 4121/4121
f 4122/4122 4119/4119 4121/4121
f 4123/4123 4124/4124 4125/4125
f 4126/4126 4123/4123 4125/4125
f 4127/4127 4128/4128 4129/4129
f 4130/4130 4127/4127 4129/4129
f 4131/4131 4132/4132 4133/4133
f 4134/4134 4131/4131 4133/4133
f 4135/4135 4136/4136 4137/4137
f 4138/4138 4135/4135 4137/4137
f 4139/4139 4140/4140 4141/4141
f 4142/4142 4139/4139 4141/4141
f 4143/4143 4144/4144 4145/4145
f 4146/4146 4143/4143 4145/4145
f 4147/4147 4148/4148 4149/4149
f 4150/4150 4147/4147 4149/4149
f 4151/4151 4152/4152 4153/4153
f 4154/4154 4151/4151 4153/4153
f 4155/4155 4156/4156 4157/4157
f 4158/4158 4155/4155 4157/4157
f 4159/4159 4160/4160 4161/4161
f 4162/4162 4159/4159 4161/4161
f 4163/4163 4164/4164 4165/4165
f 4166/4166 4163/4163 4165/4165
f 4167/4167 4168/4168 4169/4169
f 4170/4170 4167/4167 4169/4169
f 4171/4171 4172/4172 4173/4173
f 4174/4174 4171/4171 4173/4173
f 4175/4175 4176/4176 4177/4177
f 4178/4178 4175/4175 4177/4177
f 4179/4179 4180/4180 4181/4181
f 4182/4182 4179/4179 4181/4181
f 4183/4183 4184/4184 4185/4185
f 4186/4186 4183/4183 4185/4185
f 4187/4187 4188/4188 4189/4189
f 4190/4190 4187/4187 4189/4189
f 4191/4191 4192/4192 4193/4193
f 4194/4194 4191/4191 4193/4193
f 4195/4195 4196/4196 4197/4197
f 4198/4198 4195/4195 4197/4197
f 4199/4199 4200/4200 4201/4201
f 4202/4202 4199/4199 4201/4201
f 4203/4203 4204/4204 4205/4205
f 4206/4206 4203/4203 4205/4205
f 4207/4207 4208/4208 4209/4209
f 4210/4210 4207/4207 4209/4209
f 4211/4211 4212/4212 4213/4213
f 4214/4214 4211/4211 4213/4213
f 4215/4215 4216/4216 4217/4217
f 4218/4218 4215/4215 4217/4217
f 4219/4219 4220/4220 4221/4221
f 4222/4222 4219/4219 4221/4221
f 4223/4223 4224/4224 4225/4225
f 4226/4226 4223/4223 4225/4225
f 4227/4227 4228/4228 4229/4229
f 4230/4230 4227/4227 4229/4229
f 4231/4231 4232/4232 4233/4233
f 4234/4234 4231/4231 4233/4233
f 4235/4235 4236/4236 4237/4237
f 4238/4238 4235/4235 4237/4237
f 4239/4239 4240/4240 4241/4241
f 4242/4242 4239/4239 4241/4241
f 4243/4243 4244/4244 4245/4245
f 4246/4246 4243/4243 4245/4245
f 4247/4247 4248/4248 4249/4249
f 4250/4250 4247/4247 4249/4249
f 4251/4251 4252/4252 4253/4253
f 4254/4254 4251/4251 4253/4253
f 4255/4255 4256/4256 4257/4257
f 4258/4258 4255/4255 4257/4257
f 4259/4259 4260/4260 4261/4261
f 4262/4262 4259/4259 4261/4261
f 4263/4263 4264/4264 4265/4265
f 4266/4266 4263/4263 4265/4265
f 4267/4267 4268/4268 4269/4269
f 4270/4270 4267/4267 4269/4269
f 4271/4271 4272/4272 4273/4273
f 4274/4274 4271/4271 4273/4273
f 4275/4275 4276/4276 4277/4277
f 4278/4278 4275/4275 4277/4277
f 4279/4279 4280/4280 4281/4281
f 4282/4282 4279/4279 4281/4281
f 4283/4283 4284/4284 4285/4285
f 4286/4286 4283/4283 4285/4285
f 4287/4287 4288/4288 4289/4289
f 4290/4290 4287/4287 4289/4289
f 4291/4291 4292/4292 4293/4293
f 4294/4294 4291/4291 4293/4293
f 4295/4295 4296/4296 4297/4297
f 4298/4298 4295/4295 4297/4297
f 4299/4299 4300/4300 4301/4301
f 4302/4302 4299/4299 4301/4301
f 4303/4303 4304/4304 4305/4305
f 4306/4306 4303/4303 4305/4305
f 4307/4307 4308/4308 4309/4309
f 4310/4310 4307/4307 4309/4309
f 4311/4311 4312/4312 4313/4313
f 4314/4314 4311/4311 4313/4313
f 4315/4315 4316/4316 4317/4317
f 4318/4318 4315/4315 4317/4317
f 4319/4319 4320/4320 4321/4321
f 4322/4322 4319/4319 4321/4321
f 4323/4323 4324/4324 4325/4325
f 4326/4326 4323/4323 4325/4325
f 4327/4327 4328/4328 4329/4329
f 4330/4330 4327/4327 4329/4329
f 4331/4331 4332/4332 4333/4333
f 4334/4334 4331/4331 4333/4333
f 4335/4335 4336/4336 4337/4337
f 4338/4338 4335/4335 4337/4337
f 4339/4339 4340/4340 4341/4341
f 4342/4342 4339/4339 4341/4341
f 4343/4343 4344/4344 4345/4345
f 4346/4346 4343/4343 4345/4345
f 4347/4347 4348/4348 4349/4349
f 4350/4350 4347/4347 4349/4349
f 4351/4351 4352/4352 4353/4353
f 4354/4354 4351/4351 4353/4353
f 4355/4355 4356/4356 4357/4357
f 4358/4358 4355/4355 4357/4357
f 4359/4359 4360/4360 4361/4361
f 4362/4362 4359/4359 4361/4361
f 4363/4363 4364/4364 4365/4365
f 4366/4366 4363/4363 4365/4365
f 4367/4367 4368/4368 4369/4369
f 4370/4370 4367/4367 4369/4369
f 4371/4371 4372/4372 4373/4373
f 4374/4374 4371/4371 4373/4373
f 4375/4375 4376/4376 4377/4377
f 4378/4378 4375/4375 4377/4377
f 4379/4379 4380/4380 4381/4381
f 4382/4382 4379/4379 4381/4381
f 4383/4383 4384/4384 4385/4385
f 4386/4386 4383/4383 4385/4385
f 4387/4387 4388/4388 4389/4389
f 4390/4390 4387/4387 4389/4389
f 4391/4391 4392/4392 4393/4393
f 4394/4394 4391/4391 4393/4393
f 4395/4395 4396/4396 4397/4397
f 4398/4398 4395/4395 4397/4397
f 4399/4399 4400/4400 4401/4401
f 4402/4402 4399/4399 4401/4401
f 4403/4403 4404/4404 4405/4405
f 4406/4406 4403/4403 4405/4405
f 4407/4407 4408/4408 4409/4409
f 4410/4410 4407/4407 4409/4409
f 4411/4411 4412/4412 4413/4413
f 4414/4414 4411/4411 4413/4413
f 4415/4415 4416/4416 4417/4417
f 4418/4418 4415/4415 4417/4417
f 4419/4419 4420/4420 4421/4421
f 4422/4422 4419/4419 4421/4421
f 4423/4423 4424/4424 4425/4425
f 4426/4426 4423/4423 4425/4425
f 4427/4427 4428/4428 4429/4429
f 4430/4430 4427/4427 4429/4429
