# SCP CB Converted Room Mesh

v 15.832103729248047 619.9430541992188 -544.8970947265625
v -0.06293699890375137 639.93505859375 -511.8907470703125
v -0.06293699890375137 619.9430541992188 -548.525146484375
v 28.579111099243164 619.9430541992188 -534.7318115234375
v 35.65290451049805 619.9430541992188 -520.0425415039062
v 35.65290451049805 619.9430541992188 -503.7386779785156
v 28.579111099243164 619.9430541992188 -489.0494079589844
v 15.832103729248047 619.9430541992188 -478.8841552734375
v -0.06293699890375137 619.9430541992188 -475.2563781738281
v -15.957979202270508 619.9430541992188 -544.8970947265625
v -28.704986572265625 619.9430541992188 -534.7318115234375
v -35.778778076171875 619.9430541992188 -520.0425415039062
v -35.778778076171875 619.9430541992188 -503.7386779785156
v -28.704986572265625 619.9430541992188 -489.0494079589844
v -15.957979202270508 619.9430541992188 -478.8841552734375
v -12.244185447692871 649.1827392578125 -515.8485107421875
v -0.06293699890375137 649.1827392578125 -524.6986694335938
v -7.5913848876953125 649.1827392578125 -522.2526245117188
v -12.244185447692871 649.1827392578125 -507.9327392578125
v -12.244185447692871 649.1827392578125 -515.8485107421875
v -8.842967987060547 634.0397338867188 -523.9754638671875
v -14.269401550292969 634.0397338867188 -516.5067138671875
v -7.5913848876953125 649.1827392578125 -522.2526245117188
v -12.244185447692871 649.1827392578125 -507.9327392578125
v -14.269401550292969 634.0397338867188 -507.2748107910156
v -7.5913848876953125 649.1827392578125 -501.5289001464844
v -8.842967987060547 634.0397338867188 -499.8060302734375
v -0.06293699890375137 649.1827392578125 -499.08282470703125
v -0.06293699890375137 634.0397338867188 -496.95318603515625
v 8.717095375061035 634.0397338867188 -523.9754638671875
v 12.118310928344727 649.1827392578125 -515.8485107421875
v 14.143527030944824 634.0397338867188 -516.5067138671875
v 7.465510845184326 649.1827392578125 -522.2526245117188
v 12.118310928344727 649.1827392578125 -507.9327392578125
v 14.143527030944824 634.0397338867188 -507.2748107910156
v 7.465510845184326 649.1827392578125 -501.5289001464844
v 8.717095375061035 634.0397338867188 -499.8060302734375
v -0.06293699890375137 634.0397338867188 -526.828369140625
v -0.06293699890375137 649.1827392578125 -524.6986694335938
v -0.06293699890375137 634.0397338867188 -526.828369140625
v -0.06293699890375137 649.1827392578125 -524.6986694335938
v 23.608104705810547 627.1041870117188 -530.7677001953125
v 14.143527030944824 634.0397338867188 -516.5067138671875
v 29.454376220703125 627.1041870117188 -518.6279296875
v 8.717095375061035 634.0397338867188 -523.9754638671875
v 15.832103729248047 619.9430541992188 -544.8970947265625
v -0.06293699890375137 627.1041870117188 -542.1671142578125
v 13.073448181152344 627.1041870117188 -539.1688232421875
v -0.06293699890375137 619.9430541992188 -548.525146484375
v 28.579111099243164 619.9430541992188 -534.7318115234375
v 35.65290451049805 619.9430541992188 -520.0425415039062
v 14.143527030944824 634.0397338867188 -507.2748107910156
v 29.454376220703125 627.1041870117188 -505.1535949707031
v 35.65290451049805 619.9430541992188 -503.7386779785156
v 28.579111099243164 619.9430541992188 -489.0494079589844
v 23.608104705810547 627.1041870117188 -493.0138244628906
v 15.832103729248047 619.9430541992188 -478.8841552734375
v 13.073448181152344 627.1041870117188 -484.6126708984375
v -0.06293699890375137 634.0397338867188 -496.95318603515625
v -0.06293699890375137 627.1041870117188 -481.6143798828125
v 8.717095375061035 634.0397338867188 -499.8060302734375
v -28.704986572265625 619.9430541992188 -489.0494079589844
v -13.199321746826172 627.1041870117188 -484.6126708984375
v -23.733976364135742 627.1041870117188 -493.0138244628906
v -15.957979202270508 619.9430541992188 -478.8841552734375
v -0.06293699890375137 619.9430541992188 -475.2563781738281
v -0.06293699890375137 627.1041870117188 -542.1671142578125
v -8.842967987060547 634.0397338867188 -523.9754638671875
v -0.06293699890375137 634.0397338867188 -526.828369140625
v -13.199321746826172 627.1041870117188 -539.1688232421875
v -0.06293699890375137 619.9430541992188 -548.525146484375
v -15.957979202270508 619.9430541992188 -544.8970947265625
v -23.733976364135742 627.1041870117188 -530.7677001953125
v -28.704986572265625 619.9430541992188 -534.7318115234375
v -29.580249786376953 627.1041870117188 -518.6279296875
v -35.778778076171875 619.9430541992188 -520.0425415039062
v -14.269401550292969 634.0397338867188 -507.2748107910156
v -8.842967987060547 634.0397338867188 -499.8060302734375
v -29.580249786376953 627.1041870117188 -505.1535949707031
v -35.778778076171875 619.9430541992188 -503.7386779785156
v -0.06293699890375137 726.83056640625 -512.2211303710938
v -0.06293699890375137 726.83056640625 -511.5602111816406
v 0.2675749957561493 726.83056640625 -511.8907165527344
v -0.39344799518585205 726.83056640625 -511.8907165527344
v -0.06293699890375137 726.83056640625 -511.5602111816406
v 0.2675749957561493 647.048583984375 -511.8907165527344
v 0.2675749957561493 726.83056640625 -511.8907165527344
v -0.06293699890375137 647.048583984375 -511.5602111816406
v -0.06293699890375137 647.048583984375 -512.2211303710938
v -0.06293699890375137 726.83056640625 -512.2211303710938
v -0.39344799518585205 726.83056640625 -511.8907165527344
v -0.06293699890375137 647.048583984375 -511.5602111816406
v -0.06293699890375137 726.83056640625 -511.5602111816406
v -0.39344799518585205 647.048583984375 -511.8907165527344
v -0.06293699890375137 637.4387817382812 -506.21063232421875
v -5.3918328285217285 631.0314331054688 -502.6606750488281
v -0.06293699890375137 631.0314331054688 -501.2326965332031
v -4.9819769859313965 637.4387817382812 -509.0506896972656
v -9.293017387390137 631.0314331054688 -506.5618591308594
v -10.720985412597656 631.0314331054688 -511.8907470703125
v -4.9819769859313965 637.4387817382812 -514.7308349609375
v -9.293017387390137 631.0314331054688 -517.2196655273438
v -5.3918328285217285 631.0314331054688 -521.120849609375
v -0.06293699890375137 637.4387817382812 -517.5708618164062
v -0.06293699890375137 631.0314331054688 -522.548828125
v -4.677848815917969 628.9497680664062 -503.89715576171875
v -0.06293699890375137 628.9497680664062 -502.6606750488281
v -8.056281089782715 628.9497680664062 -507.27557373046875
v -9.293017387390137 628.9497680664062 -511.8907470703125
v -8.056281089782715 628.9497680664062 -516.5056762695312
v -4.677848815917969 628.9497680664062 -519.8840942382812
v -0.06293699890375137 628.9497680664062 -521.120849609375
v -0.06293699890375137 637.4387817382812 -517.5708618164062
v 5.265960216522217 631.0314331054688 -521.120849609375
v -0.06293699890375137 631.0314331054688 -522.548828125
v 4.85610294342041 637.4387817382812 -514.7308349609375
v 9.167143821716309 631.0314331054688 -517.2196655273438
v 10.595110893249512 631.0314331054688 -511.8907470703125
v 4.85610294342041 637.4387817382812 -509.0506896972656
v 9.167143821716309 631.0314331054688 -506.5618591308594
v 5.265960216522217 631.0314331054688 -502.6606750488281
v -0.06293699890375137 637.4387817382812 -506.21063232421875
v -0.06293699890375137 631.0314331054688 -501.2326965332031
v 4.551976203918457 628.9497680664062 -519.8840942382812
v -0.06293699890375137 628.9497680664062 -521.120849609375
v 7.930408000946045 628.9497680664062 -516.5056762695312
v 9.167143821716309 628.9497680664062 -511.8907470703125
v 7.930408000946045 628.9497680664062 -507.27557373046875
v 4.551976203918457 628.9497680664062 -503.89715576171875
v -0.06293699890375137 628.9497680664062 -502.6606750488281
v -2.7273850440979004 627.4259643554688 -507.27557373046875
v -0.06293699890375137 628.9497680664062 -502.6606750488281
v -4.677848815917969 628.9497680664062 -503.89715576171875
v -0.06293699890375137 627.4259643554688 -506.5618591308594
v -4.677848815917969 627.4259643554688 -509.2262878417969
v -8.056281089782715 628.9497680664062 -507.27557373046875
v -5.3918328285217285 627.4259643554688 -511.8907470703125
v -9.293017387390137 628.9497680664062 -511.8907470703125
v -4.677848815917969 627.4259643554688 -514.55517578125
v -8.056281089782715 628.9497680664062 -516.5056762695312
v -2.7273850440979004 627.4259643554688 -516.5056762695312
v -4.677848815917969 628.9497680664062 -519.8840942382812
v -0.06293699890375137 627.4259643554688 -517.2196655273438
v 2.601511001586914 627.4259643554688 -516.5056762695312
v 4.551976203918457 627.4259643554688 -514.55517578125
v 5.265960216522217 627.4259643554688 -511.8907470703125
v 4.551976203918457 627.4259643554688 -509.2262878417969
v 2.601511001586914 627.4259643554688 -507.27557373046875
v -0.06293699890375137 626.8681640625 -511.8907470703125
v -0.06293699890375137 634.0397338867188 -526.828369140625
v 23.608104705810547 627.1041870117188 -493.0138244628906
v -13.199321746826172 627.1041870117188 -484.6126708984375
v -14.269401550292969 634.0397338867188 -516.5067138671875
v 12.118310928344727 649.1827392578125 -507.9327392578125
v -0.06293699890375137 649.1827392578125 -499.08282470703125
v 7.465510845184326 649.1827392578125 -501.5289001464844
v 12.118310928344727 649.1827392578125 -515.8485107421875
v -7.5913848876953125 649.1827392578125 -501.5289001464844
v 7.465510845184326 649.1827392578125 -522.2526245117188
v 15.832103729248047 619.9430541992188 -32.89715576171875
v -0.06293699890375137 639.93505859375 0.10918399691581726
v -0.06293699890375137 619.9430541992188 -36.525184631347656
v 28.579111099243164 619.9430541992188 -22.731903076171875
v 35.65290451049805 619.9430541992188 -8.042625427246094
v 35.65290451049805 619.9430541992188 8.261260986328125
v 28.579111099243164 619.9430541992188 22.950523376464844
v 15.832103729248047 619.9430541992188 33.11577606201172
v -0.06293699890375137 619.9430541992188 36.743560791015625
v -15.957979202270508 619.9430541992188 -32.89715576171875
v -28.704986572265625 619.9430541992188 -22.731903076171875
v -35.778778076171875 619.9430541992188 -8.042625427246094
v -35.778778076171875 619.9430541992188 8.261260986328125
v -28.704986572265625 619.9430541992188 22.950523376464844
v -15.957979202270508 619.9430541992188 33.11577606201172
v -12.244185447692871 649.1827392578125 -3.848572015762329
v -0.06293699890375137 649.1827392578125 -12.698749542236328
v -7.5913848876953125 649.1827392578125 -10.252674102783203
v -12.244185447692871 649.1827392578125 4.067200183868408
v -12.244185447692871 649.1827392578125 -3.848572015762329
v -8.842967987060547 634.0397338867188 -11.975555419921875
v -14.269401550292969 634.0397338867188 -4.506755828857422
v -7.5913848876953125 649.1827392578125 -10.252674102783203
v -12.244185447692871 649.1827392578125 4.067200183868408
v -14.269401550292969 634.0397338867188 4.725128173828125
v -7.5913848876953125 649.1827392578125 10.471031188964844
v -8.842967987060547 634.0397338867188 12.193916320800781
v -0.06293699890375137 649.1827392578125 12.917121887207031
v -0.06293699890375137 634.0397338867188 15.046768188476562
v 8.717095375061035 634.0397338867188 -11.975555419921875
v 12.118310928344727 649.1827392578125 -3.848572015762329
v 14.143527030944824 634.0397338867188 -4.506755828857422
v 7.465510845184326 649.1827392578125 -10.252674102783203
v 12.118310928344727 649.1827392578125 4.067200183868408
v 14.143527030944824 634.0397338867188 4.725128173828125
v 7.465510845184326 649.1827392578125 10.471031188964844
v 8.717095375061035 634.0397338867188 12.193916320800781
v -0.06293699890375137 634.0397338867188 -14.828414916992188
v -0.06293699890375137 649.1827392578125 -12.698749542236328
v -0.06293699890375137 634.0397338867188 -14.828414916992188
v -0.06293699890375137 649.1827392578125 -12.698749542236328
v 23.608104705810547 627.1041870117188 -18.767745971679688
v 14.143527030944824 634.0397338867188 -4.506755828857422
v 29.454376220703125 627.1041870117188 -6.627967834472656
v 8.717095375061035 634.0397338867188 -11.975555419921875
v 15.832103729248047 619.9430541992188 -32.89715576171875
v -0.06293699890375137 627.1041870117188 -30.16716766357422
v 13.073448181152344 627.1041870117188 -27.168899536132812
v -0.06293699890375137 619.9430541992188 -36.525184631347656
v 28.579111099243164 619.9430541992188 -22.731903076171875
v 35.65290451049805 619.9430541992188 -8.042625427246094
v 14.143527030944824 634.0397338867188 4.725128173828125
v 29.454376220703125 627.1041870117188 6.846343994140625
v 35.65290451049805 619.9430541992188 8.261260986328125
v 28.579111099243164 619.9430541992188 22.950523376464844
v 23.608104705810547 627.1041870117188 18.986106872558594
v 15.832103729248047 619.9430541992188 33.11577606201172
v 13.073448181152344 627.1041870117188 27.38727569580078
v -0.06293699890375137 634.0397338867188 15.046768188476562
v -0.06293699890375137 627.1041870117188 30.385543823242188
v 8.717095375061035 634.0397338867188 12.193916320800781
v -28.704986572265625 619.9430541992188 22.950523376464844
v -13.199321746826172 627.1041870117188 27.38727569580078
v -23.733976364135742 627.1041870117188 18.986106872558594
v -15.957979202270508 619.9430541992188 33.11577606201172
v -0.06293699890375137 619.9430541992188 36.743560791015625
v -0.06293699890375137 627.1041870117188 -30.16716766357422
v -8.842967987060547 634.0397338867188 -11.975555419921875
v -0.06293699890375137 634.0397338867188 -14.828414916992188
v -13.199321746826172 627.1041870117188 -27.168899536132812
v -0.06293699890375137 619.9430541992188 -36.525184631347656
v -15.957979202270508 619.9430541992188 -32.89715576171875
v -23.733976364135742 627.1041870117188 -18.767745971679688
v -28.704986572265625 619.9430541992188 -22.731903076171875
v -29.580249786376953 627.1041870117188 -6.627967834472656
v -35.778778076171875 619.9430541992188 -8.042625427246094
v -14.269401550292969 634.0397338867188 4.725128173828125
v -8.842967987060547 634.0397338867188 12.193916320800781
v -29.580249786376953 627.1041870117188 6.846343994140625
v -35.778778076171875 619.9430541992188 8.261260986328125
v -0.06293699890375137 726.83056640625 -0.22121299803256989
v -0.06293699890375137 726.83056640625 0.439738005399704
v 0.2675749957561493 726.83056640625 0.10922999680042267
v -0.39344799518585205 726.83056640625 0.10922999680042267
v -0.06293699890375137 726.83056640625 0.439738005399704
v 0.2675749957561493 647.048583984375 0.10922999680042267
v 0.2675749957561493 726.83056640625 0.10922999680042267
v -0.06293699890375137 647.048583984375 0.439738005399704
v -0.06293699890375137 647.048583984375 -0.22121299803256989
v -0.06293699890375137 726.83056640625 -0.22121299803256989
v -0.39344799518585205 726.83056640625 0.10922999680042267
v -0.06293699890375137 647.048583984375 0.439738005399704
v -0.06293699890375137 726.83056640625 0.439738005399704
v -0.39344799518585205 647.048583984375 0.10922999680042267
v -0.06293699890375137 637.4387817382812 5.789307117462158
v -5.3918328285217285 631.0314331054688 9.339263916015625
v -0.06293699890375137 631.0314331054688 10.767242431640625
v -4.9819769859313965 637.4387817382812 2.949249029159546
v -9.293017387390137 631.0314331054688 5.438079833984375
v -10.720985412597656 631.0314331054688 0.10918399691581726
v -4.9819769859313965 637.4387817382812 -2.730876922607422
v -9.293017387390137 631.0314331054688 -5.219715118408203
v -5.3918328285217285 631.0314331054688 -9.120895385742188
v -0.06293699890375137 637.4387817382812 -5.570946216583252
v -0.06293699890375137 631.0314331054688 -10.548866271972656
v -4.677848815917969 628.9497680664062 8.102783203125
v -0.06293699890375137 628.9497680664062 9.339263916015625
v -8.056281089782715 628.9497680664062 4.7243499755859375
v -9.293017387390137 628.9497680664062 0.10918399691581726
v -8.056281089782715 628.9497680664062 -4.505730152130127
v -4.677848815917969 628.9497680664062 -7.884159088134766
v -0.06293699890375137 628.9497680664062 -9.120895385742188
v -0.06293699890375137 637.4387817382812 -5.570946216583252
v 5.265960216522217 631.0314331054688 -9.120895385742188
v -0.06293699890375137 631.0314331054688 -10.548866271972656
v 4.85610294342041 637.4387817382812 -2.730876922607422
v 9.167143821716309 631.0314331054688 -5.219715118408203
v 10.595110893249512 631.0314331054688 0.10918399691581726
v 4.85610294342041 637.4387817382812 2.949249029159546
v 9.167143821716309 631.0314331054688 5.438079833984375
v 5.265960216522217 631.0314331054688 9.339263916015625
v -0.06293699890375137 637.4387817382812 5.789307117462158
v -0.06293699890375137 631.0314331054688 10.767242431640625
v 4.551976203918457 628.9497680664062 -7.884159088134766
v -0.06293699890375137 628.9497680664062 -9.120895385742188
v 7.930408000946045 628.9497680664062 -4.505730152130127
v 9.167143821716309 628.9497680664062 0.10918399691581726
v 7.930408000946045 628.9497680664062 4.7243499755859375
v 4.551976203918457 628.9497680664062 8.102783203125
v -0.06293699890375137 628.9497680664062 9.339263916015625
v -2.7273850440979004 627.4259643554688 4.7243499755859375
v -0.06293699890375137 628.9497680664062 9.339263916015625
v -4.677848815917969 628.9497680664062 8.102783203125
v -0.06293699890375137 627.4259643554688 5.438079833984375
v -4.677848815917969 627.4259643554688 2.7736430168151855
v -8.056281089782715 628.9497680664062 4.7243499755859375
v -5.3918328285217285 627.4259643554688 0.10918399691581726
v -9.293017387390137 628.9497680664062 0.10918399691581726
v -4.677848815917969 627.4259643554688 -2.555259943008423
v -8.056281089782715 628.9497680664062 -4.505730152130127
v -2.7273850440979004 627.4259643554688 -4.505730152130127
v -4.677848815917969 628.9497680664062 -7.884159088134766
v -0.06293699890375137 627.4259643554688 -5.219715118408203
v 2.601511001586914 627.4259643554688 -4.505730152130127
v 4.551976203918457 627.4259643554688 -2.555259943008423
v 5.265960216522217 627.4259643554688 0.10918399691581726
v 4.551976203918457 627.4259643554688 2.7736430168151855
v 2.601511001586914 627.4259643554688 4.7243499755859375
v -0.06293699890375137 626.8681640625 0.10918399691581726
v -0.06293699890375137 634.0397338867188 -14.828414916992188
v 23.608104705810547 627.1041870117188 18.986106872558594
v -13.199321746826172 627.1041870117188 27.38727569580078
v -14.269401550292969 634.0397338867188 -4.506755828857422
v 12.118310928344727 649.1827392578125 4.067200183868408
v -0.06293699890375137 649.1827392578125 12.917121887207031
v 7.465510845184326 649.1827392578125 10.471031188964844
v 12.118310928344727 649.1827392578125 -3.848572015762329
v -7.5913848876953125 649.1827392578125 10.471031188964844
v 7.465510845184326 649.1827392578125 -10.252674102783203
v -32.89714431762695 619.9430541992188 -15.832086563110352
v 0.10918395966291428 639.93505859375 0.06296755373477936
v -36.52518081665039 619.9430541992188 0.06295169144868851
v -22.731889724731445 619.9430541992188 -28.57908821105957
v -8.042609214782715 619.9430541992188 -35.65287399291992
v 8.261275291442871 619.9430541992188 -35.65286636352539
v 22.950532913208008 619.9430541992188 -28.579069137573242
v 33.115779876708984 619.9430541992188 -15.83205795288086
v 36.74355697631836 619.9430541992188 0.0629834234714508
v -32.897159576416016 619.9430541992188 15.95799446105957
v -22.731914520263672 619.9430541992188 28.705005645751953
v -8.04263973236084 619.9430541992188 35.77880096435547
v 8.261244773864746 619.9430541992188 35.77880859375
v 22.95050811767578 619.9430541992188 28.70502471923828
v 33.11576461791992 619.9430541992188 15.958023071289062
v -3.8485770225524902 649.1827392578125 12.244213104248047
v -12.698748588562012 649.1827392578125 0.06296201050281525
v -10.252676010131836 649.1827392578125 7.5914106369018555
v 4.06719446182251 649.1827392578125 12.244216918945312
v -3.8485770225524902 649.1827392578125 12.244213104248047
v -11.975558280944824 634.0397338867188 8.842992782592773
v -4.50676155090332 634.0397338867188 14.269429206848145
v -10.252676010131836 649.1827392578125 7.5914106369018555
v 4.06719446182251 649.1827392578125 12.244216918945312
v 4.72512149810791 634.0397338867188 14.26943302154541
v 10.471027374267578 649.1827392578125 7.591419696807861
v 12.1939115524292 634.0397338867188 8.843003273010254
v 12.917120933532715 649.1827392578125 0.06297310441732407
v 15.046767234802246 634.0397338867188 0.06297402828931808
v -11.975550651550293 634.0397338867188 -8.717068672180176
v -3.8485665321350098 649.1827392578125 -12.118281364440918
v -4.506749153137207 634.0397338867188 -14.143497467041016
v -10.252670288085938 649.1827392578125 -7.465484142303467
v 4.06720495223999 649.1827392578125 -12.118277549743652
v 4.725133895874023 634.0397338867188 -14.14349365234375
v 10.471033096313477 649.1827392578125 -7.465475082397461
v 12.19391918182373 634.0397338867188 -8.717058181762695
v -14.828413963317871 634.0397338867188 0.06296108663082123
v -12.698748588562012 649.1827392578125 0.06296201050281525
v -14.828413963317871 634.0397338867188 0.06296108663082123
v -12.698748588562012 649.1827392578125 0.06296201050281525
v -18.76773452758789 627.1041870117188 -23.60807991027832
v -4.506749153137207 634.0397338867188 -14.143497467041016
v -6.627954483032227 627.1041870117188 -29.454347610473633
v -11.975550651550293 634.0397338867188 -8.717068672180176
v -32.89714431762695 619.9430541992188 -15.832086563110352
v -30.167165756225586 627.1041870117188 0.06295444071292877
v -27.16889190673828 627.1041870117188 -13.0734281539917
v -36.52518081665039 619.9430541992188 0.06295169144868851
v -22.731889724731445 619.9430541992188 -28.57908821105957
v -8.042609214782715 619.9430541992188 -35.65287399291992
v 4.725133895874023 634.0397338867188 -14.14349365234375
v 6.846356391906738 627.1041870117188 -29.4543399810791
v 8.261275291442871 619.9430541992188 -35.65286636352539
v 22.950532913208008 619.9430541992188 -28.579069137573242
v 18.986114501953125 627.1041870117188 -23.608064651489258
v 33.115779876708984 619.9430541992188 -15.83205795288086
v 27.387279510498047 627.1041870117188 -13.073405265808105
v 15.046767234802246 634.0397338867188 0.06297402828931808
v 30.385541915893555 627.1041870117188 0.06298066675662994
v 12.19391918182373 634.0397338867188 -8.717058181762695
v 22.95050811767578 619.9430541992188 28.70502471923828
v 27.38726806640625 627.1041870117188 13.199362754821777
v 18.986095428466797 627.1041870117188 23.734012603759766
v 33.11576461791992 619.9430541992188 15.958023071289062
v 36.74355697631836 619.9430541992188 0.0629834234714508
v -30.167165756225586 627.1041870117188 0.06295444071292877
v -11.975558280944824 634.0397338867188 8.842992782592773
v -14.828413963317871 634.0397338867188 0.06296108663082123
v -27.168903350830078 627.1041870117188 13.199339866638184
v -36.52518081665039 619.9430541992188 0.06295169144868851
v -32.897159576416016 619.9430541992188 15.95799446105957
v -18.76775360107422 627.1041870117188 23.733997344970703
v -22.731914520263672 619.9430541992188 28.705005645751953
v -6.6279802322387695 627.1041870117188 29.58027458190918
v -8.04263973236084 619.9430541992188 35.77880096435547
v 4.72512149810791 634.0397338867188 14.26943302154541
v 12.1939115524292 634.0397338867188 8.843003273010254
v 6.846330642700195 627.1041870117188 29.58028221130371
v 8.261244773864746 619.9430541992188 35.77880859375
v -0.22121301293373108 726.83056640625 0.06296741217374802
v 0.4397379457950592 726.83056640625 0.0629677027463913
v 0.10923010855913162 726.83056640625 -0.26754438877105713
v 0.10922981798648834 726.83056640625 0.39347854256629944
v 0.4397379457950592 726.83056640625 0.0629677027463913
v 0.10923010855913162 647.048583984375 -0.26754438877105713
v 0.10923010855913162 726.83056640625 -0.26754438877105713
v 0.4397379457950592 647.048583984375 0.0629677027463913
v -0.22121301293373108 647.048583984375 0.06296741217374802
v -0.22121301293373108 726.83056640625 0.06296741217374802
v 0.10922981798648834 726.83056640625 0.39347854256629944
v 0.4397379457950592 647.048583984375 0.0629677027463913
v 0.4397379457950592 726.83056640625 0.0629677027463913
v 0.10922981798648834 647.048583984375 0.39347854256629944
v 5.789306640625 637.4387817382812 0.06297001987695694
v 9.339261054992676 631.0314331054688 5.391866683959961
v 10.767241477966309 631.0314331054688 0.06297217309474945
v 2.949246644973755 637.4387817382812 4.982008457183838
v 5.438075542449951 631.0314331054688 9.293048858642578
v 0.10917934775352478 631.0314331054688 10.721014976501465
v -2.7308788299560547 637.4387817382812 4.982006072998047
v -5.2197184562683105 631.0314331054688 9.293045043945312
v -9.120896339416504 631.0314331054688 5.39185905456543
v -5.570945739746094 637.4387817382812 0.06296509504318237
v -10.54886531829834 631.0314331054688 0.06296294182538986
v 8.10278034210205 628.9497680664062 4.677882194519043
v 9.339262962341309 628.9497680664062 0.0629715546965599
v 4.724346160888672 628.9497680664062 8.056312561035156
v 0.10917996615171432 628.9497680664062 9.293046951293945
v -4.505733013153076 628.9497680664062 8.05630874633789
v -7.88416051864624 628.9497680664062 4.677875518798828
v -9.120894432067871 628.9497680664062 0.0629635602235794
v -5.570945739746094 637.4387817382812 0.06296509504318237
v -9.120892524719238 631.0314331054688 -5.265933036804199
v -10.54886531829834 631.0314331054688 0.06296294182538986
v -2.730874538421631 637.4387817382812 -4.856072902679443
v -5.219710826873779 631.0314331054688 -9.1671142578125
v 0.10918857902288437 631.0314331054688 -10.59507942199707
v 2.9492509365081787 637.4387817382812 -4.856070518493652
v 5.438083171844482 631.0314331054688 -9.167110443115234
v 9.339264869689941 631.0314331054688 -5.265925407409668
v 5.789306640625 637.4387817382812 0.06297001987695694
v 10.767241477966309 631.0314331054688 0.06297217309474945
v -7.884156703948975 628.9497680664062 -4.551948547363281
v -9.120894432067871 628.9497680664062 0.0629635602235794
v -4.505726337432861 628.9497680664062 -7.9303789138793945
v 0.10918796062469482 628.9497680664062 -9.167112350463867
v 4.724352836608887 628.9497680664062 -7.930375099182129
v 8.102784156799316 628.9497680664062 -4.551941871643066
v 9.339262962341309 628.9497680664062 0.0629715546965599
v 4.724348545074463 627.4259643554688 2.727417469024658
v 9.339262962341309 628.9497680664062 0.0629715546965599
v 8.10278034210205 628.9497680664062 4.677882194519043
v 5.438079357147217 627.4259643554688 0.0629698634147644
v 2.7736408710479736 627.4259643554688 4.67788028717041
v 4.724346160888672 628.9497680664062 8.056312561035156
v 0.10918165743350983 627.4259643554688 5.391862869262695
v 0.10917996615171432 628.9497680664062 9.293046951293945
v -2.5552616119384766 627.4259643554688 4.677877902984619
v -4.505733013153076 628.9497680664062 8.05630874633789
v -4.505730628967285 627.4259643554688 2.7274134159088135
v -7.88416051864624 628.9497680664062 4.677875518798828
v -5.219714641571045 627.4259643554688 0.06296525150537491
v -4.505728721618652 627.4259643554688 -2.6014821529388428
v -2.555257797241211 627.4259643554688 -4.55194616317749
v 0.10918626934289932 627.4259643554688 -5.265929222106934
v 2.7736446857452393 627.4259643554688 -4.551943778991699
v 4.724350452423096 627.4259643554688 -2.601478099822998
v 0.10918395966291428 626.8681640625 0.06296755373477936
v -14.828413963317871 634.0397338867188 0.06296108663082123
v 18.986114501953125 627.1041870117188 -23.608064651489258
v 27.38726806640625 627.1041870117188 13.199362754821777
v -4.50676155090332 634.0397338867188 14.269429206848145
v 4.06720495223999 649.1827392578125 -12.118277549743652
v 12.917120933532715 649.1827392578125 0.06297310441732407
v 10.471033096313477 649.1827392578125 -7.465475082397461
v -3.8485665321350098 649.1827392578125 -12.118281364440918
v 10.471027374267578 649.1827392578125 7.591419696807861
v -10.252670288085938 649.1827392578125 -7.465484142303467
v 479.10284423828125 619.9430541992188 -15.832056045532227
v 512.1091918945312 639.93505859375 0.06299807131290436
v 475.4748229980469 619.9430541992188 0.06298220902681351
v 489.2680969238281 619.9430541992188 -28.579057693481445
v 503.9573974609375 619.9430541992188 -35.6528434753418
v 520.2612915039062 619.9430541992188 -35.652835845947266
v 534.9505615234375 619.9430541992188 -28.579038619995117
v 545.1157836914062 619.9430541992188 -15.832027435302734
v 548.7435302734375 619.9430541992188 0.0630139410495758
v 479.10284423828125 619.9430541992188 15.958024978637695
v 489.2680969238281 619.9430541992188 28.705036163330078
v 503.9573669433594 619.9430541992188 35.778831481933594
v 520.26123046875 619.9430541992188 35.778839111328125
v 534.9505004882812 619.9430541992188 28.705055236816406
v 545.1157836914062 619.9430541992188 15.958053588867188
v 508.15142822265625 649.1827392578125 12.244243621826172
v 499.3012390136719 649.1827392578125 0.06299252808094025
v 501.747314453125 649.1827392578125 7.5914411544799805
v 516.0671997070312 649.1827392578125 12.244247436523438
v 508.15142822265625 649.1827392578125 12.244243621826172
v 500.0244445800781 634.0397338867188 8.843023300170898
v 507.49322509765625 634.0397338867188 14.26945972442627
v 501.747314453125 649.1827392578125 7.5914411544799805
v 516.0671997070312 649.1827392578125 12.244247436523438
v 516.72509765625 634.0397338867188 14.269463539123535
v 522.4710083007812 649.1827392578125 7.591450214385986
v 524.1939086914062 634.0397338867188 8.843033790588379
v 524.9171142578125 649.1827392578125 0.06300362199544907
v 527.0467529296875 634.0397338867188 0.06300454586744308
v 500.0244445800781 634.0397338867188 -8.71703815460205
v 508.15142822265625 649.1827392578125 -12.118250846862793
v 507.4932556152344 634.0397338867188 -14.14346694946289
v 501.747314453125 649.1827392578125 -7.465453624725342
v 516.0671997070312 649.1827392578125 -12.118247032165527
v 516.7251586914062 634.0397338867188 -14.143463134765625
v 522.4710083007812 649.1827392578125 -7.465444564819336
v 524.1939086914062 634.0397338867188 -8.71702766418457
v 497.1716003417969 634.0397338867188 0.06299160420894623
v 499.3012390136719 649.1827392578125 0.06299252808094025
v 497.1716003417969 634.0397338867188 0.06299160420894623
v 499.3012390136719 649.1827392578125 0.06299252808094025
v 493.2322692871094 627.1041870117188 -23.608049392700195
v 507.4932556152344 634.0397338867188 -14.14346694946289
v 505.3720397949219 627.1041870117188 -29.454317092895508
v 500.0244445800781 634.0397338867188 -8.71703815460205
v 479.10284423828125 619.9430541992188 -15.832056045532227
v 481.83282470703125 627.1041870117188 0.06298495829105377
v 484.83111572265625 627.1041870117188 -13.073397636413574
v 475.4748229980469 619.9430541992188 0.06298220902681351
v 489.2680969238281 619.9430541992188 -28.579057693481445
v 503.9573974609375 619.9430541992188 -35.6528434753418
v 516.7251586914062 634.0397338867188 -14.143463134765625
v 518.8463745117188 627.1041870117188 -29.454309463500977
v 520.2612915039062 619.9430541992188 -35.652835845947266
v 534.9505615234375 619.9430541992188 -28.579038619995117
v 530.986083984375 627.1041870117188 -23.608034133911133
v 545.1157836914062 619.9430541992188 -15.832027435302734
v 539.3872680664062 627.1041870117188 -13.07337474822998
v 527.0467529296875 634.0397338867188 0.06300454586744308
v 542.3855590820312 627.1041870117188 0.06301118433475494
v 524.1939086914062 634.0397338867188 -8.71702766418457
v 534.9505004882812 619.9430541992188 28.705055236816406
v 539.3872680664062 627.1041870117188 13.199393272399902
v 530.986083984375 627.1041870117188 23.73404312133789
v 545.1157836914062 619.9430541992188 15.958053588867188
v 548.7435302734375 619.9430541992188 0.0630139410495758
v 481.83282470703125 627.1041870117188 0.06298495829105377
v 500.0244445800781 634.0397338867188 8.843023300170898
v 497.1716003417969 634.0397338867188 0.06299160420894623
v 484.8310852050781 627.1041870117188 13.199370384216309
v 475.4748229980469 619.9430541992188 0.06298220902681351
v 479.10284423828125 619.9430541992188 15.958024978637695
v 493.23223876953125 627.1041870117188 23.734027862548828
v 489.2680969238281 619.9430541992188 28.705036163330078
v 505.37200927734375 627.1041870117188 29.580305099487305
v 503.9573669433594 619.9430541992188 35.778831481933594
v 516.72509765625 634.0397338867188 14.269463539123535
v 524.1939086914062 634.0397338867188 8.843033790588379
v 518.8463134765625 627.1041870117188 29.580312728881836
v 520.26123046875 619.9430541992188 35.778839111328125
v 511.7787780761719 726.83056640625 0.06299792975187302
v 512.4397583007812 726.83056640625 0.0629982203245163
v 512.1092529296875 726.83056640625 -0.26751387119293213
v 512.1092529296875 726.83056640625 0.39350906014442444
v 512.4397583007812 726.83056640625 0.0629982203245163
v 512.1092529296875 647.048583984375 -0.26751387119293213
v 512.1092529296875 726.83056640625 -0.26751387119293213
v 512.4397583007812 647.048583984375 0.0629982203245163
v 511.7787780761719 647.048583984375 0.06299792975187302
v 511.7787780761719 726.83056640625 0.06299792975187302
v 512.1092529296875 726.83056640625 0.39350906014442444
v 512.4397583007812 647.048583984375 0.0629982203245163
v 512.4397583007812 726.83056640625 0.0629982203245163
v 512.1092529296875 647.048583984375 0.39350906014442444
v 517.789306640625 637.4387817382812 0.06300053745508194
v 521.3392333984375 631.0314331054688 5.391897201538086
v 522.7672119140625 631.0314331054688 0.06300269067287445
v 514.94921875 637.4387817382812 4.982038974761963
v 517.4380493164062 631.0314331054688 9.293079376220703
v 512.1091918945312 631.0314331054688 10.72104549407959
v 509.2691345214844 637.4387817382812 4.982036590576172
v 506.7802734375 631.0314331054688 9.293075561523438
v 502.87908935546875 631.0314331054688 5.391889572143555
v 506.4290466308594 637.4387817382812 0.06299561262130737
v 501.4511413574219 631.0314331054688 0.06299345940351486
v 520.102783203125 628.9497680664062 4.677912712097168
v 521.3392333984375 628.9497680664062 0.0630020722746849
v 516.724365234375 628.9497680664062 8.056343078613281
v 512.1091918945312 628.9497680664062 9.29307746887207
v 507.4942626953125 628.9497680664062 8.056339263916016
v 504.1158447265625 628.9497680664062 4.677906036376953
v 502.8791198730469 628.9497680664062 0.0629940778017044
v 506.4290466308594 637.4387817382812 0.06299561262130737
v 502.8791198730469 631.0314331054688 -5.265902519226074
v 501.4511413574219 631.0314331054688 0.06299345940351486
v 509.2691345214844 637.4387817382812 -4.856042385101318
v 506.7803039550781 631.0314331054688 -9.167083740234375
v 512.1091918945312 631.0314331054688 -10.595048904418945
v 514.9492797851562 637.4387817382812 -4.856040000915527
v 517.4381103515625 631.0314331054688 -9.16707992553711
v 521.3392944335938 631.0314331054688 -5.265894889831543
v 517.789306640625 637.4387817382812 0.06300053745508194
v 522.7672119140625 631.0314331054688 0.06300269067287445
v 504.1158447265625 628.9497680664062 -4.551918029785156
v 502.8791198730469 628.9497680664062 0.0629940778017044
v 507.4942626953125 628.9497680664062 -7.9303483963012695
v 512.1091918945312 628.9497680664062 -9.167081832885742
v 516.724365234375 628.9497680664062 -7.930344581604004
v 520.102783203125 628.9497680664062 -4.551911354064941
v 521.3392333984375 628.9497680664062 0.0630020722746849
v 516.724365234375 627.4259643554688 2.727447986602783
v 521.3392333984375 628.9497680664062 0.0630020722746849
v 520.102783203125 628.9497680664062 4.677912712097168
v 517.4380493164062 627.4259643554688 0.0630003809928894
v 514.7736206054688 627.4259643554688 4.677910804748535
v 516.724365234375 628.9497680664062 8.056343078613281
v 512.1091918945312 627.4259643554688 5.39189338684082
v 512.1091918945312 628.9497680664062 9.29307746887207
v 509.4447326660156 627.4259643554688 4.677908420562744
v 507.4942626953125 628.9497680664062 8.056339263916016
v 507.4942626953125 627.4259643554688 2.7274439334869385
v 504.1158447265625 628.9497680664062 4.677906036376953
v 506.7802734375 627.4259643554688 0.06299576908349991
v 507.4942626953125 627.4259643554688 -2.6014516353607178
v 509.4447326660156 627.4259643554688 -4.551915645599365
v 512.1091918945312 627.4259643554688 -5.265898704528809
v 514.7736206054688 627.4259643554688 -4.551913261413574
v 516.724365234375 627.4259643554688 -2.601447582244873
v 512.1091918945312 626.8681640625 0.06299807131290436
v 497.1716003417969 634.0397338867188 0.06299160420894623
v 530.986083984375 627.1041870117188 -23.608034133911133
v 539.3872680664062 627.1041870117188 13.199393272399902
v 507.49322509765625 634.0397338867188 14.26945972442627
v 516.0671997070312 649.1827392578125 -12.118247032165527
v 524.9171142578125 649.1827392578125 0.06300362199544907
v 522.4710083007812 649.1827392578125 -7.465444564819336
v 508.15142822265625 649.1827392578125 -12.118250846862793
v 522.4710083007812 649.1827392578125 7.591450214385986
v 501.747314453125 649.1827392578125 -7.465453624725342
v -280.1537170410156 622.4392700195312 -831.9998779296875
v -280.6089782714844 620.9385375976562 -831.9998779296875
v -281.3482360839844 619.555419921875 -831.9998779296875
v -280.0 624.0 -831.9998779296875
v -280.1537170410156 625.5607299804688 -831.9998779296875
v -280.6089782714844 627.0614624023438 -831.9998779296875
v -281.3482360839844 628.444580078125 -831.9998779296875
v -282.3431396484375 629.6568603515625 -831.9998779296875
v -283.5554504394531 630.6517333984375 -831.9998779296875
v -284.93853759765625 631.3909912109375 -831.9998779296875
v -286.43927001953125 631.8463134765625 -831.9998779296875
v -288.0 632.0 -831.9998779296875
v -289.56072998046875 631.8463134765625 -831.9998779296875
v -291.06146240234375 631.3909912109375 -831.9998779296875
v -292.4445495605469 630.6517333984375 -831.9998779296875
v -293.6568603515625 629.6568603515625 -831.9998779296875
v -294.6517639160156 628.444580078125 -831.9998779296875
v -295.39105224609375 627.0614624023438 -831.9998779296875
v -295.8462829589844 625.5607299804688 -831.9998779296875
v -296.0 624.0 -831.9998779296875
v -295.8462829589844 622.4392700195312 -831.9998779296875
v -295.3910217285156 620.9385375976562 -831.9998779296875
v -294.6517639160156 619.555419921875 -831.9998779296875
v -293.6568603515625 618.3431396484375 -831.9998779296875
v -292.4445495605469 617.3482666015625 -831.9998779296875
v -291.06146240234375 616.6089477539062 -831.9998779296875
v -289.56072998046875 616.1536865234375 -831.9998779296875
v -288.0 616.0 -831.9998779296875
v -286.43927001953125 616.1536865234375 -831.9998779296875
v -284.93853759765625 616.6090087890625 -831.9998779296875
v -283.5554504394531 617.3482666015625 -831.9998779296875
v -282.3431396484375 618.3431396484375 -831.9998779296875
v -280.0 624.0 -831.9998779296875
v -280.1537170410156 625.5607299804688 -831.9998779296875
v -280.1537170410156 625.5607299804688 64.0
v -280.0 624.0 64.0
v -280.1537170410156 625.5607299804688 -831.9998779296875
v -280.6089782714844 627.0614624023438 -831.9998779296875
v -280.6089782714844 627.0614624023438 64.0
v -280.1537170410156 625.5607299804688 64.0
v -280.6089782714844 627.0614624023438 -831.9998779296875
v -281.3482360839844 628.444580078125 -831.9998779296875
v -281.3482360839844 628.444580078125 64.0
v -280.6089782714844 627.0614624023438 64.0
v -281.3482360839844 628.444580078125 -831.9998779296875
v -282.3431396484375 629.6568603515625 -831.9998779296875
v -282.3431396484375 629.6568603515625 64.0
v -281.3482360839844 628.444580078125 64.0
v -282.3431396484375 629.6568603515625 -831.9998779296875
v -283.5554504394531 630.6517333984375 -831.9998779296875
v -283.5554504394531 630.6517333984375 64.0
v -282.3431396484375 629.6568603515625 64.0
v -283.5554504394531 630.6517333984375 -831.9998779296875
v -284.93853759765625 631.3909912109375 -831.9998779296875
v -284.93853759765625 631.3909912109375 64.0
v -283.5554504394531 630.6517333984375 64.0
v -284.93853759765625 631.3909912109375 -831.9998779296875
v -286.43927001953125 631.8463134765625 -831.9998779296875
v -286.43927001953125 631.8463134765625 64.0
v -284.93853759765625 631.3909912109375 64.0
v -286.43927001953125 631.8463134765625 -831.9998779296875
v -288.0 632.0 -831.9998779296875
v -288.0 632.0 64.0
v -286.43927001953125 631.8463134765625 64.0
v -288.0 632.0 -831.9998779296875
v -289.56072998046875 631.8463134765625 -831.9998779296875
v -289.56072998046875 631.8463134765625 64.0
v -288.0 632.0 64.0
v -289.56072998046875 631.8463134765625 -831.9998779296875
v -291.06146240234375 631.3909912109375 -831.9998779296875
v -291.06146240234375 631.3909912109375 64.0
v -289.56072998046875 631.8463134765625 64.0
v -291.06146240234375 631.3909912109375 -831.9998779296875
v -292.4445495605469 630.6517333984375 -831.9998779296875
v -292.4445495605469 630.6517333984375 64.0
v -291.06146240234375 631.3909912109375 64.0
v -292.4445495605469 630.6517333984375 -831.9998779296875
v -293.6568603515625 629.6568603515625 -831.9998779296875
v -293.6568603515625 629.6568603515625 64.0
v -292.4445495605469 630.6517333984375 64.0
v -293.6568603515625 629.6568603515625 -831.9998779296875
v -294.6517639160156 628.444580078125 -831.9998779296875
v -294.6517639160156 628.444580078125 64.0
v -293.6568603515625 629.6568603515625 64.0
v -294.6517639160156 628.444580078125 -831.9998779296875
v -295.39105224609375 627.0614624023438 -831.9998779296875
v -295.39105224609375 627.0614624023438 64.0
v -294.6517639160156 628.444580078125 64.0
v -295.39105224609375 627.0614624023438 -831.9998779296875
v -295.8462829589844 625.5607299804688 -831.9998779296875
v -295.8462829589844 625.5607299804688 64.0
v -295.39105224609375 627.0614624023438 64.0
v -295.8462829589844 625.5607299804688 -831.9998779296875
v -296.0 624.0 -831.9998779296875
v -296.0 624.0 64.0
v -295.8462829589844 625.5607299804688 64.0
v -296.0 624.0 -831.9998779296875
v -295.8462829589844 622.4392700195312 -831.9998779296875
v -295.8462829589844 622.4392700195312 64.0
v -296.0 624.0 64.0
v -295.8462829589844 622.4392700195312 -831.9998779296875
v -295.3910217285156 620.9385375976562 -831.9998779296875
v -295.3910217285156 620.9385375976562 64.0
v -295.8462829589844 622.4392700195312 64.0
v -295.3910217285156 620.9385375976562 -831.9998779296875
v -294.6517639160156 619.555419921875 -831.9998779296875
v -294.6517639160156 619.555419921875 64.0
v -295.3910217285156 620.9385375976562 64.0
v -294.6517639160156 619.555419921875 -831.9998779296875
v -293.6568603515625 618.3431396484375 -831.9998779296875
v -293.6568603515625 618.3431396484375 64.0
v -294.6517639160156 619.555419921875 64.0
v -293.6568603515625 618.3431396484375 -831.9998779296875
v -292.4445495605469 617.3482666015625 -831.9998779296875
v -292.4445495605469 617.3482666015625 64.0
v -293.6568603515625 618.3431396484375 64.0
v -292.4445495605469 617.3482666015625 -831.9998779296875
v -291.06146240234375 616.6089477539062 -831.9998779296875
v -291.06146240234375 616.6089477539062 64.0
v -292.4445495605469 617.3482666015625 64.0
v -291.06146240234375 616.6089477539062 -831.9998779296875
v -289.56072998046875 616.1536865234375 -831.9998779296875
v -289.56072998046875 616.1536865234375 64.0
v -291.06146240234375 616.6089477539062 64.0
v -289.56072998046875 616.1536865234375 -831.9998779296875
v -288.0 616.0 -831.9998779296875
v -288.0 616.0 64.0
v -289.56072998046875 616.1536865234375 64.0
v -288.0 616.0 -831.9998779296875
v -286.43927001953125 616.1536865234375 -831.9998779296875
v -286.43927001953125 616.1536865234375 64.0
v -288.0 616.0 64.0
v -286.43927001953125 616.1536865234375 -831.9998779296875
v -284.93853759765625 616.6090087890625 -831.9998779296875
v -284.93853759765625 616.6090087890625 64.0
v -286.43927001953125 616.1536865234375 64.0
v -284.93853759765625 616.6090087890625 -831.9998779296875
v -283.5554504394531 617.3482666015625 -831.9998779296875
v -283.5554504394531 617.3482666015625 64.0
v -284.93853759765625 616.6090087890625 64.0
v -283.5554504394531 617.3482666015625 -831.9998779296875
v -282.3431396484375 618.3431396484375 -831.9998779296875
v -282.3431396484375 618.3431396484375 64.0
v -283.5554504394531 617.3482666015625 64.0
v -282.3431396484375 618.3431396484375 -831.9998779296875
v -281.3482360839844 619.555419921875 -831.9998779296875
v -281.3482360839844 619.555419921875 64.0
v -282.3431396484375 618.3431396484375 64.0
v -281.3482360839844 619.555419921875 -831.9998779296875
v -280.6089782714844 620.9385375976562 -831.9998779296875
v -280.6089782714844 620.9385375976562 64.0
v -281.3482360839844 619.555419921875 64.0
v -280.6089782714844 620.9385375976562 -831.9998779296875
v -280.1537170410156 622.4392700195312 -831.9998779296875
v -280.1537170410156 622.4392700195312 64.0
v -280.6089782714844 620.9385375976562 64.0
v -280.1537170410156 622.4392700195312 -831.9998779296875
v -280.0 624.0 -831.9998779296875
v -280.0 624.0 64.0
v -280.1537170410156 622.4392700195312 64.0
v -295.39105224609375 627.0614624023438 64.0
v -295.8462829589844 625.5607299804688 64.0
v -296.0 624.0 64.0
v -294.6517639160156 628.444580078125 64.0
v -293.6568603515625 629.6568603515625 64.0
v -292.4445495605469 630.6517333984375 64.0
v -291.06146240234375 631.3909912109375 64.0
v -289.56072998046875 631.8463134765625 64.0
v -288.0 632.0 64.0
v -286.43927001953125 631.8463134765625 64.0
v -284.93853759765625 631.3909912109375 64.0
v -283.5554504394531 630.6517333984375 64.0
v -282.3431396484375 629.6568603515625 64.0
v -281.3482360839844 628.444580078125 64.0
v -280.6089782714844 627.0614624023438 64.0
v -280.1537170410156 625.5607299804688 64.0
v -280.0 624.0 64.0
v -280.1537170410156 622.4392700195312 64.0
v -280.6089782714844 620.9385375976562 64.0
v -281.3482360839844 619.555419921875 64.0
v -282.3431396484375 618.3431396484375 64.0
v -283.5554504394531 617.3482666015625 64.0
v -284.93853759765625 616.6090087890625 64.0
v -286.43927001953125 616.1536865234375 64.0
v -288.0 616.0 64.0
v -289.56072998046875 616.1536865234375 64.0
v -291.06146240234375 616.6089477539062 64.0
v -292.4445495605469 617.3482666015625 64.0
v -293.6568603515625 618.3431396484375 64.0
v -294.6517639160156 619.555419921875 64.0
v -295.3910217285156 620.9385375976562 64.0
v -295.8462829589844 622.4392700195312 64.0
v -280.1537170410156 598.4392700195312 -831.9998779296875
v -280.6089782714844 596.9385375976562 -831.9998779296875
v -281.3482360839844 595.555419921875 -831.9998779296875
v -280.0 600.0 -831.9998779296875
v -280.1537170410156 601.5607299804688 -831.9998779296875
v -280.6089782714844 603.0614624023438 -831.9998779296875
v -281.3482360839844 604.444580078125 -831.9998779296875
v -282.3431396484375 605.6568603515625 -831.9998779296875
v -283.5554504394531 606.6517333984375 -831.9998779296875
v -284.93853759765625 607.3909912109375 -831.9998779296875
v -286.43927001953125 607.8463134765625 -831.9998779296875
v -288.0 608.0 -831.9998779296875
v -289.56072998046875 607.8463134765625 -831.9998779296875
v -291.06146240234375 607.3909912109375 -831.9998779296875
v -292.4445495605469 606.6517333984375 -831.9998779296875
v -293.6568603515625 605.6568603515625 -831.9998779296875
v -294.6517639160156 604.444580078125 -831.9998779296875
v -295.39105224609375 603.0614624023438 -831.9998779296875
v -295.8462829589844 601.5607299804688 -831.9998779296875
v -296.0 600.0 -831.9998779296875
v -295.8462829589844 598.4392700195312 -831.9998779296875
v -295.3910217285156 596.9385375976562 -831.9998779296875
v -294.6517639160156 595.555419921875 -831.9998779296875
v -293.6568603515625 594.3431396484375 -831.9998779296875
v -292.4445495605469 593.3482666015625 -831.9998779296875
v -291.06146240234375 592.6089477539062 -831.9998779296875
v -289.56072998046875 592.1536865234375 -831.9998779296875
v -288.0 592.0 -831.9998779296875
v -286.43927001953125 592.1536865234375 -831.9998779296875
v -284.93853759765625 592.6090087890625 -831.9998779296875
v -283.5554504394531 593.3482666015625 -831.9998779296875
v -282.3431396484375 594.3431396484375 -831.9998779296875
v -280.0 600.0 -831.9998779296875
v -280.1537170410156 601.5607299804688 -831.9998779296875
v -280.1537170410156 601.5607299804688 64.0
v -280.0 600.0 64.0
v -280.1537170410156 601.5607299804688 -831.9998779296875
v -280.6089782714844 603.0614624023438 -831.9998779296875
v -280.6089782714844 603.0614624023438 64.0
v -280.1537170410156 601.5607299804688 64.0
v -280.6089782714844 603.0614624023438 -831.9998779296875
v -281.3482360839844 604.444580078125 -831.9998779296875
v -281.3482360839844 604.444580078125 64.0
v -280.6089782714844 603.0614624023438 64.0
v -281.3482360839844 604.444580078125 -831.9998779296875
v -282.3431396484375 605.6568603515625 -831.9998779296875
v -282.3431396484375 605.6568603515625 64.0
v -281.3482360839844 604.444580078125 64.0
v -282.3431396484375 605.6568603515625 -831.9998779296875
v -283.5554504394531 606.6517333984375 -831.9998779296875
v -283.5554504394531 606.6517333984375 64.0
v -282.3431396484375 605.6568603515625 64.0
v -283.5554504394531 606.6517333984375 -831.9998779296875
v -284.93853759765625 607.3909912109375 -831.9998779296875
v -284.93853759765625 607.3909912109375 64.0
v -283.5554504394531 606.6517333984375 64.0
v -284.93853759765625 607.3909912109375 -831.9998779296875
v -286.43927001953125 607.8463134765625 -831.9998779296875
v -286.43927001953125 607.8463134765625 64.0
v -284.93853759765625 607.3909912109375 64.0
v -286.43927001953125 607.8463134765625 -831.9998779296875
v -288.0 608.0 -831.9998779296875
v -288.0 608.0 64.0
v -286.43927001953125 607.8463134765625 64.0
v -288.0 608.0 -831.9998779296875
v -289.56072998046875 607.8463134765625 -831.9998779296875
v -289.56072998046875 607.8463134765625 64.0
v -288.0 608.0 64.0
v -289.56072998046875 607.8463134765625 -831.9998779296875
v -291.06146240234375 607.3909912109375 -831.9998779296875
v -291.06146240234375 607.3909912109375 64.0
v -289.56072998046875 607.8463134765625 64.0
v -291.06146240234375 607.3909912109375 -831.9998779296875
v -292.4445495605469 606.6517333984375 -831.9998779296875
v -292.4445495605469 606.6517333984375 64.0
v -291.06146240234375 607.3909912109375 64.0
v -292.4445495605469 606.6517333984375 -831.9998779296875
v -293.6568603515625 605.6568603515625 -831.9998779296875
v -293.6568603515625 605.6568603515625 64.0
v -292.4445495605469 606.6517333984375 64.0
v -293.6568603515625 605.6568603515625 -831.9998779296875
v -294.6517639160156 604.444580078125 -831.9998779296875
v -294.6517639160156 604.444580078125 64.0
v -293.6568603515625 605.6568603515625 64.0
v -294.6517639160156 604.444580078125 -831.9998779296875
v -295.39105224609375 603.0614624023438 -831.9998779296875
v -295.39105224609375 603.0614624023438 64.0
v -294.6517639160156 604.444580078125 64.0
v -295.39105224609375 603.0614624023438 -831.9998779296875
v -295.8462829589844 601.5607299804688 -831.9998779296875
v -295.8462829589844 601.5607299804688 64.0
v -295.39105224609375 603.0614624023438 64.0
v -295.8462829589844 601.5607299804688 -831.9998779296875
v -296.0 600.0 -831.9998779296875
v -296.0 600.0 64.0
v -295.8462829589844 601.5607299804688 64.0
v -296.0 600.0 -831.9998779296875
v -295.8462829589844 598.4392700195312 -831.9998779296875
v -295.8462829589844 598.4392700195312 64.0
v -296.0 600.0 64.0
v -295.8462829589844 598.4392700195312 -831.9998779296875
v -295.3910217285156 596.9385375976562 -831.9998779296875
v -295.3910217285156 596.9385375976562 64.0
v -295.8462829589844 598.4392700195312 64.0
v -295.3910217285156 596.9385375976562 -831.9998779296875
v -294.6517639160156 595.555419921875 -831.9998779296875
v -294.6517639160156 595.555419921875 64.0
v -295.3910217285156 596.9385375976562 64.0
v -294.6517639160156 595.555419921875 -831.9998779296875
v -293.6568603515625 594.3431396484375 -831.9998779296875
v -293.6568603515625 594.3431396484375 64.0
v -294.6517639160156 595.555419921875 64.0
v -293.6568603515625 594.3431396484375 -831.9998779296875
v -292.4445495605469 593.3482666015625 -831.9998779296875
v -292.4445495605469 593.3482666015625 64.0
v -293.6568603515625 594.3431396484375 64.0
v -292.4445495605469 593.3482666015625 -831.9998779296875
v -291.06146240234375 592.6089477539062 -831.9998779296875
v -291.06146240234375 592.6089477539062 64.0
v -292.4445495605469 593.3482666015625 64.0
v -291.06146240234375 592.6089477539062 -831.9998779296875
v -289.56072998046875 592.1536865234375 -831.9998779296875
v -289.56072998046875 592.1536865234375 64.0
v -291.06146240234375 592.6089477539062 64.0
v -289.56072998046875 592.1536865234375 -831.9998779296875
v -288.0 592.0 -831.9998779296875
v -288.0 592.0 64.0
v -289.56072998046875 592.1536865234375 64.0
v -288.0 592.0 -831.9998779296875
v -286.43927001953125 592.1536865234375 -831.9998779296875
v -286.43927001953125 592.1536865234375 64.0
v -288.0 592.0 64.0
v -286.43927001953125 592.1536865234375 -831.9998779296875
v -284.93853759765625 592.6090087890625 -831.9998779296875
v -284.93853759765625 592.6090087890625 64.0
v -286.43927001953125 592.1536865234375 64.0
v -284.93853759765625 592.6090087890625 -831.9998779296875
v -283.5554504394531 593.3482666015625 -831.9998779296875
v -283.5554504394531 593.3482666015625 64.0
v -284.93853759765625 592.6090087890625 64.0
v -283.5554504394531 593.3482666015625 -831.9998779296875
v -282.3431396484375 594.3431396484375 -831.9998779296875
v -282.3431396484375 594.3431396484375 64.0
v -283.5554504394531 593.3482666015625 64.0
v -282.3431396484375 594.3431396484375 -831.9998779296875
v -281.3482360839844 595.555419921875 -831.9998779296875
v -281.3482360839844 595.555419921875 64.0
v -282.3431396484375 594.3431396484375 64.0
v -281.3482360839844 595.555419921875 -831.9998779296875
v -280.6089782714844 596.9385375976562 -831.9998779296875
v -280.6089782714844 596.9385375976562 64.0
v -281.3482360839844 595.555419921875 64.0
v -280.6089782714844 596.9385375976562 -831.9998779296875
v -280.1537170410156 598.4392700195312 -831.9998779296875
v -280.1537170410156 598.4392700195312 64.0
v -280.6089782714844 596.9385375976562 64.0
v -280.1537170410156 598.4392700195312 -831.9998779296875
v -280.0 600.0 -831.9998779296875
v -280.0 600.0 64.0
v -280.1537170410156 598.4392700195312 64.0
v -295.39105224609375 603.0614624023438 64.0
v -295.8462829589844 601.5607299804688 64.0
v -296.0 600.0 64.0
v -294.6517639160156 604.444580078125 64.0
v -293.6568603515625 605.6568603515625 64.0
v -292.4445495605469 606.6517333984375 64.0
v -291.06146240234375 607.3909912109375 64.0
v -289.56072998046875 607.8463134765625 64.0
v -288.0 608.0 64.0
v -286.43927001953125 607.8463134765625 64.0
v -284.93853759765625 607.3909912109375 64.0
v -283.5554504394531 606.6517333984375 64.0
v -282.3431396484375 605.6568603515625 64.0
v -281.3482360839844 604.444580078125 64.0
v -280.6089782714844 603.0614624023438 64.0
v -280.1537170410156 601.5607299804688 64.0
v -280.0 600.0 64.0
v -280.1537170410156 598.4392700195312 64.0
v -280.6089782714844 596.9385375976562 64.0
v -281.3482360839844 595.555419921875 64.0
v -282.3431396484375 594.3431396484375 64.0
v -283.5554504394531 593.3482666015625 64.0
v -284.93853759765625 592.6090087890625 64.0
v -286.43927001953125 592.1536865234375 64.0
v -288.0 592.0 64.0
v -289.56072998046875 592.1536865234375 64.0
v -291.06146240234375 592.6089477539062 64.0
v -292.4445495605469 593.3482666015625 64.0
v -293.6568603515625 594.3431396484375 64.0
v -294.6517639160156 595.555419921875 64.0
v -295.3910217285156 596.9385375976562 64.0
v -295.8462829589844 598.4392700195312 64.0
v -280.1537170410156 574.4392700195312 -831.9998779296875
v -280.6089782714844 572.9385375976562 -831.9998779296875
v -281.3482360839844 571.555419921875 -831.9998779296875
v -280.0 576.0 -831.9998779296875
v -280.1537170410156 577.5607299804688 -831.9998779296875
v -280.6089782714844 579.0614624023438 -831.9998779296875
v -281.3482360839844 580.444580078125 -831.9998779296875
v -282.3431396484375 581.6568603515625 -831.9998779296875
v -283.5554504394531 582.6517333984375 -831.9998779296875
v -284.93853759765625 583.3909912109375 -831.9998779296875
v -286.43927001953125 583.8463134765625 -831.9998779296875
v -288.0 584.0 -831.9998779296875
v -289.56072998046875 583.8463134765625 -831.9998779296875
v -291.06146240234375 583.3909912109375 -831.9998779296875
v -292.4445495605469 582.6517333984375 -831.9998779296875
v -293.6568603515625 581.6568603515625 -831.9998779296875
v -294.6517639160156 580.444580078125 -831.9998779296875
v -295.39105224609375 579.0614624023438 -831.9998779296875
v -295.8462829589844 577.5607299804688 -831.9998779296875
v -296.0 576.0 -831.9998779296875
v -295.8462829589844 574.4392700195312 -831.9998779296875
v -295.3910217285156 572.9385375976562 -831.9998779296875
v -294.6517639160156 571.555419921875 -831.9998779296875
v -293.6568603515625 570.3431396484375 -831.9998779296875
v -292.4445495605469 569.3482666015625 -831.9998779296875
v -291.06146240234375 568.6089477539062 -831.9998779296875
v -289.56072998046875 568.1536865234375 -831.9998779296875
v -288.0 568.0 -831.9998779296875
v -286.43927001953125 568.1536865234375 -831.9998779296875
v -284.93853759765625 568.6090087890625 -831.9998779296875
v -283.5554504394531 569.3482666015625 -831.9998779296875
v -282.3431396484375 570.3431396484375 -831.9998779296875
v -280.0 576.0 -831.9998779296875
v -280.1537170410156 577.5607299804688 -831.9998779296875
v -280.1537170410156 577.5607299804688 64.0
v -280.0 576.0 64.0
v -280.1537170410156 577.5607299804688 -831.9998779296875
v -280.6089782714844 579.0614624023438 -831.9998779296875
v -280.6089782714844 579.0614624023438 64.0
v -280.1537170410156 577.5607299804688 64.0
v -280.6089782714844 579.0614624023438 -831.9998779296875
v -281.3482360839844 580.444580078125 -831.9998779296875
v -281.3482360839844 580.444580078125 64.0
v -280.6089782714844 579.0614624023438 64.0
v -281.3482360839844 580.444580078125 -831.9998779296875
v -282.3431396484375 581.6568603515625 -831.9998779296875
v -282.3431396484375 581.6568603515625 64.0
v -281.3482360839844 580.444580078125 64.0
v -282.3431396484375 581.6568603515625 -831.9998779296875
v -283.5554504394531 582.6517333984375 -831.9998779296875
v -283.5554504394531 582.6517333984375 64.0
v -282.3431396484375 581.6568603515625 64.0
v -283.5554504394531 582.6517333984375 -831.9998779296875
v -284.93853759765625 583.3909912109375 -831.9998779296875
v -284.93853759765625 583.3909912109375 64.0
v -283.5554504394531 582.6517333984375 64.0
v -284.93853759765625 583.3909912109375 -831.9998779296875
v -286.43927001953125 583.8463134765625 -831.9998779296875
v -286.43927001953125 583.8463134765625 64.0
v -284.93853759765625 583.3909912109375 64.0
v -286.43927001953125 583.8463134765625 -831.9998779296875
v -288.0 584.0 -831.9998779296875
v -288.0 584.0 64.0
v -286.43927001953125 583.8463134765625 64.0
v -288.0 584.0 -831.9998779296875
v -289.56072998046875 583.8463134765625 -831.9998779296875
v -289.56072998046875 583.8463134765625 64.0
v -288.0 584.0 64.0
v -289.56072998046875 583.8463134765625 -831.9998779296875
v -291.06146240234375 583.3909912109375 -831.9998779296875
v -291.06146240234375 583.3909912109375 64.0
v -289.56072998046875 583.8463134765625 64.0
v -291.06146240234375 583.3909912109375 -831.9998779296875
v -292.4445495605469 582.6517333984375 -831.9998779296875
v -292.4445495605469 582.6517333984375 64.0
v -291.06146240234375 583.3909912109375 64.0
v -292.4445495605469 582.6517333984375 -831.9998779296875
v -293.6568603515625 581.6568603515625 -831.9998779296875
v -293.6568603515625 581.6568603515625 64.0
v -292.4445495605469 582.6517333984375 64.0
v -293.6568603515625 581.6568603515625 -831.9998779296875
v -294.6517639160156 580.444580078125 -831.9998779296875
v -294.6517639160156 580.444580078125 64.0
v -293.6568603515625 581.6568603515625 64.0
v -294.6517639160156 580.444580078125 -831.9998779296875
v -295.39105224609375 579.0614624023438 -831.9998779296875
v -295.39105224609375 579.0614624023438 64.0
v -294.6517639160156 580.444580078125 64.0
v -295.39105224609375 579.0614624023438 -831.9998779296875
v -295.8462829589844 577.5607299804688 -831.9998779296875
v -295.8462829589844 577.5607299804688 64.0
v -295.39105224609375 579.0614624023438 64.0
v -295.8462829589844 577.5607299804688 -831.9998779296875
v -296.0 576.0 -831.9998779296875
v -296.0 576.0 64.0
v -295.8462829589844 577.5607299804688 64.0
v -296.0 576.0 -831.9998779296875
v -295.8462829589844 574.4392700195312 -831.9998779296875
v -295.8462829589844 574.4392700195312 64.0
v -296.0 576.0 64.0
v -295.8462829589844 574.4392700195312 -831.9998779296875
v -295.3910217285156 572.9385375976562 -831.9998779296875
v -295.3910217285156 572.9385375976562 64.0
v -295.8462829589844 574.4392700195312 64.0
v -295.3910217285156 572.9385375976562 -831.9998779296875
v -294.6517639160156 571.555419921875 -831.9998779296875
v -294.6517639160156 571.555419921875 64.0
v -295.3910217285156 572.9385375976562 64.0
v -294.6517639160156 571.555419921875 -831.9998779296875
v -293.6568603515625 570.3431396484375 -831.9998779296875
v -293.6568603515625 570.3431396484375 64.0
v -294.6517639160156 571.555419921875 64.0
v -293.6568603515625 570.3431396484375 -831.9998779296875
v -292.4445495605469 569.3482666015625 -831.9998779296875
v -292.4445495605469 569.3482666015625 64.0
v -293.6568603515625 570.3431396484375 64.0
v -292.4445495605469 569.3482666015625 -831.9998779296875
v -291.06146240234375 568.6089477539062 -831.9998779296875
v -291.06146240234375 568.6089477539062 64.0
v -292.4445495605469 569.3482666015625 64.0
v -291.06146240234375 568.6089477539062 -831.9998779296875
v -289.56072998046875 568.1536865234375 -831.9998779296875
v -289.56072998046875 568.1536865234375 64.0
v -291.06146240234375 568.6089477539062 64.0
v -289.56072998046875 568.1536865234375 -831.9998779296875
v -288.0 568.0 -831.9998779296875
v -288.0 568.0 64.0
v -289.56072998046875 568.1536865234375 64.0
v -288.0 568.0 -831.9998779296875
v -286.43927001953125 568.1536865234375 -831.9998779296875
v -286.43927001953125 568.1536865234375 64.0
v -288.0 568.0 64.0
v -286.43927001953125 568.1536865234375 -831.9998779296875
v -284.93853759765625 568.6090087890625 -831.9998779296875
v -284.93853759765625 568.6090087890625 64.0
v -286.43927001953125 568.1536865234375 64.0
v -284.93853759765625 568.6090087890625 -831.9998779296875
v -283.5554504394531 569.3482666015625 -831.9998779296875
v -283.5554504394531 569.3482666015625 64.0
v -284.93853759765625 568.6090087890625 64.0
v -283.5554504394531 569.3482666015625 -831.9998779296875
v -282.3431396484375 570.3431396484375 -831.9998779296875
v -282.3431396484375 570.3431396484375 64.0
v -283.5554504394531 569.3482666015625 64.0
v -282.3431396484375 570.3431396484375 -831.9998779296875
v -281.3482360839844 571.555419921875 -831.9998779296875
v -281.3482360839844 571.555419921875 64.0
v -282.3431396484375 570.3431396484375 64.0
v -281.3482360839844 571.555419921875 -831.9998779296875
v -280.6089782714844 572.9385375976562 -831.9998779296875
v -280.6089782714844 572.9385375976562 64.0
v -281.3482360839844 571.555419921875 64.0
v -280.6089782714844 572.9385375976562 -831.9998779296875
v -280.1537170410156 574.4392700195312 -831.9998779296875
v -280.1537170410156 574.4392700195312 64.0
v -280.6089782714844 572.9385375976562 64.0
v -280.1537170410156 574.4392700195312 -831.9998779296875
v -280.0 576.0 -831.9998779296875
v -280.0 576.0 64.0
v -280.1537170410156 574.4392700195312 64.0
v -295.39105224609375 579.0614624023438 64.0
v -295.8462829589844 577.5607299804688 64.0
v -296.0 576.0 64.0
v -294.6517639160156 580.444580078125 64.0
v -293.6568603515625 581.6568603515625 64.0
v -292.4445495605469 582.6517333984375 64.0
v -291.06146240234375 583.3909912109375 64.0
v -289.56072998046875 583.8463134765625 64.0
v -288.0 584.0 64.0
v -286.43927001953125 583.8463134765625 64.0
v -284.93853759765625 583.3909912109375 64.0
v -283.5554504394531 582.6517333984375 64.0
v -282.3431396484375 581.6568603515625 64.0
v -281.3482360839844 580.444580078125 64.0
v -280.6089782714844 579.0614624023438 64.0
v -280.1537170410156 577.5607299804688 64.0
v -280.0 576.0 64.0
v -280.1537170410156 574.4392700195312 64.0
v -280.6089782714844 572.9385375976562 64.0
v -281.3482360839844 571.555419921875 64.0
v -282.3431396484375 570.3431396484375 64.0
v -283.5554504394531 569.3482666015625 64.0
v -284.93853759765625 568.6090087890625 64.0
v -286.43927001953125 568.1536865234375 64.0
v -288.0 568.0 64.0
v -289.56072998046875 568.1536865234375 64.0
v -291.06146240234375 568.6089477539062 64.0
v -292.4445495605469 569.3482666015625 64.0
v -293.6568603515625 570.3431396484375 64.0
v -294.6517639160156 571.555419921875 64.0
v -295.3910217285156 572.9385375976562 64.0
v -295.8462829589844 574.4392700195312 64.0
v 254.8629150390625 624.0 -461.8233947753906
v 469.8233642578125 624.0 -246.8629150390625
v 469.93206787109375 625.5607299804688 -246.9716033935547
v 254.97161865234375 625.5607299804688 -461.93206787109375
v 254.97161865234375 625.5607299804688 -461.93206787109375
v 469.93206787109375 625.5607299804688 -246.9716033935547
v 470.2539978027344 627.0614624023438 -247.29351806640625
v 255.2935333251953 627.0614624023438 -462.2539978027344
v 255.2935333251953 627.0614624023438 -462.2539978027344
v 470.2539978027344 627.0614624023438 -247.29351806640625
v 470.7767333984375 628.444580078125 -247.81625366210938
v 255.81626892089844 628.444580078125 -462.7767028808594
v 255.81626892089844 628.444580078125 -462.7767028808594
v 470.7767333984375 628.444580078125 -247.81625366210938
v 471.480224609375 629.6568603515625 -248.519775390625
v 256.5197448730469 629.6568603515625 -463.480224609375
v 256.5197448730469 629.6568603515625 -463.480224609375
v 471.480224609375 629.6568603515625 -248.519775390625
v 472.33746337890625 630.6517333984375 -249.37698364257812
v 257.37701416015625 630.6517333984375 -464.33746337890625
v 257.37701416015625 630.6517333984375 -464.33746337890625
v 472.33746337890625 630.6517333984375 -249.37698364257812
v 473.3154602050781 631.3909912109375 -250.35498046875
v 258.35498046875 631.3909912109375 -465.3154602050781
v 258.35498046875 631.3909912109375 -465.3154602050781
v 473.3154602050781 631.3909912109375 -250.35498046875
v 474.37664794921875 631.8463134765625 -251.41616821289062
v 259.4161682128906 631.8463134765625 -466.3766174316406
v 259.4161682128906 631.8463134765625 -466.3766174316406
v 474.37664794921875 631.8463134765625 -251.41616821289062
v 475.480224609375 632.0 -252.51976013183594
v 260.519775390625 632.0 -467.4802551269531
v 260.519775390625 632.0 -467.4802551269531
v 475.480224609375 632.0 -252.51976013183594
v 476.58380126953125 631.8463134765625 -253.6233673095703
v 261.62335205078125 631.8463134765625 -468.58380126953125
v 261.62335205078125 631.8463134765625 -468.58380126953125
v 476.58380126953125 631.8463134765625 -253.6233673095703
v 477.64501953125 631.3909912109375 -254.68453979492188
v 262.6845397949219 631.3909912109375 -469.64501953125
v 262.6845397949219 631.3909912109375 -469.64501953125
v 477.64501953125 631.3909912109375 -254.68453979492188
v 478.62298583984375 630.6517333984375 -255.66253662109375
v 263.66253662109375 630.6517333984375 -470.6230163574219
v 263.66253662109375 630.6517333984375 -470.6230163574219
v 478.62298583984375 630.6517333984375 -255.66253662109375
v 479.4802551269531 629.6568603515625 -256.519775390625
v 264.519775390625 629.6568603515625 -471.480224609375
v 264.519775390625 629.6568603515625 -471.480224609375
v 479.4802551269531 629.6568603515625 -256.519775390625
v 480.1837158203125 628.444580078125 -257.2232666015625
v 265.2232666015625 628.444580078125 -472.1837158203125
v 265.2232666015625 628.444580078125 -472.1837158203125
v 480.1837158203125 628.444580078125 -257.2232666015625
v 480.7065124511719 627.0614624023438 -257.74603271484375
v 265.74603271484375 627.0614624023438 -472.7065124511719
v 265.74603271484375 627.0614624023438 -472.7065124511719
v 480.7065124511719 627.0614624023438 -257.74603271484375
v 481.02838134765625 625.5607299804688 -258.06793212890625
v 266.06793212890625 625.5607299804688 -473.02838134765625
v 266.06793212890625 625.5607299804688 -473.02838134765625
v 481.02838134765625 625.5607299804688 -258.06793212890625
v 481.1370849609375 624.0 -258.1766357421875
v 266.1766357421875 624.0 -473.1371154785156
v 266.1766357421875 624.0 -473.1371154785156
v 481.1370849609375 624.0 -258.1766357421875
v 481.02838134765625 622.4392700195312 -258.06793212890625
v 266.06793212890625 622.4392700195312 -473.02838134765625
v 266.06793212890625 622.4392700195312 -473.02838134765625
v 481.02838134765625 622.4392700195312 -258.06793212890625
v 480.70648193359375 620.9385375976562 -257.7460021972656
v 265.7460021972656 620.9385375976562 -472.70648193359375
v 265.7460021972656 620.9385375976562 -472.70648193359375
v 480.70648193359375 620.9385375976562 -257.7460021972656
v 480.1837158203125 619.555419921875 -257.2232666015625
v 265.2232666015625 619.555419921875 -472.1837158203125
v 265.2232666015625 619.555419921875 -472.1837158203125
v 480.1837158203125 619.555419921875 -257.2232666015625
v 479.4802551269531 618.3431396484375 -256.519775390625
v 264.519775390625 618.3431396484375 -471.480224609375
v 264.519775390625 618.3431396484375 -471.480224609375
v 479.4802551269531 618.3431396484375 -256.519775390625
v 478.62298583984375 617.3482666015625 -255.66253662109375
v 263.66253662109375 617.3482666015625 -470.6230163574219
v 263.66253662109375 617.3482666015625 -470.6230163574219
v 478.62298583984375 617.3482666015625 -255.66253662109375
v 477.64501953125 616.6089477539062 -254.68453979492188
v 262.6845397949219 616.6089477539062 -469.64501953125
v 262.6845397949219 616.6089477539062 -469.64501953125
v 477.64501953125 616.6089477539062 -254.68453979492188
v 476.58380126953125 616.1536865234375 -253.6233673095703
v 261.62335205078125 616.1536865234375 -468.58380126953125
v 261.62335205078125 616.1536865234375 -468.58380126953125
v 476.58380126953125 616.1536865234375 -253.6233673095703
v 475.480224609375 616.0 -252.51976013183594
v 260.519775390625 616.0 -467.4802551269531
v 260.519775390625 616.0 -467.4802551269531
v 475.480224609375 616.0 -252.51976013183594
v 474.37664794921875 616.1536865234375 -251.41616821289062
v 259.4161682128906 616.1536865234375 -466.3766174316406
v 259.4161682128906 616.1536865234375 -466.3766174316406
v 474.37664794921875 616.1536865234375 -251.41616821289062
v 473.3154602050781 616.6090087890625 -250.35498046875
v 258.35498046875 616.6090087890625 -465.3154602050781
v 258.35498046875 616.6090087890625 -465.3154602050781
v 473.3154602050781 616.6090087890625 -250.35498046875
v 472.33746337890625 617.3482666015625 -249.37698364257812
v 257.37701416015625 617.3482666015625 -464.33746337890625
v 257.37701416015625 617.3482666015625 -464.33746337890625
v 472.33746337890625 617.3482666015625 -249.37698364257812
v 471.480224609375 618.3431396484375 -248.519775390625
v 256.5197448730469 618.3431396484375 -463.480224609375
v 256.5197448730469 618.3431396484375 -463.480224609375
v 471.480224609375 618.3431396484375 -248.519775390625
v 470.7767333984375 619.555419921875 -247.81625366210938
v 255.81626892089844 619.555419921875 -462.7767028808594
v 255.81626892089844 619.555419921875 -462.7767028808594
v 470.7767333984375 619.555419921875 -247.81625366210938
v 470.2539978027344 620.9385375976562 -247.29351806640625
v 255.2935333251953 620.9385375976562 -462.2539978027344
v 255.2935333251953 620.9385375976562 -462.2539978027344
v 470.2539978027344 620.9385375976562 -247.29351806640625
v 469.93206787109375 622.4392700195312 -246.9716033935547
v 254.97161865234375 622.4392700195312 -461.93206787109375
v 254.97161865234375 622.4392700195312 -461.93206787109375
v 469.93206787109375 622.4392700195312 -246.9716033935547
v 469.8233642578125 624.0 -246.8629150390625
v 254.8629150390625 624.0 -461.8233947753906
v 469.93206787109375 625.5607299804688 -246.9716033935547
v 469.8233642578125 624.0 -246.8629150390625
v 469.93206787109375 622.4392700195312 -246.9716033935547
v 470.2539978027344 627.0614624023438 -247.29351806640625
v 470.7767333984375 628.444580078125 -247.81625366210938
v 471.480224609375 629.6568603515625 -248.519775390625
v 472.33746337890625 630.6517333984375 -249.37698364257812
v 473.3154602050781 631.3909912109375 -250.35498046875
v 474.37664794921875 631.8463134765625 -251.41616821289062
v 475.480224609375 632.0 -252.51976013183594
v 476.58380126953125 631.8463134765625 -253.6233673095703
v 477.64501953125 631.3909912109375 -254.68453979492188
v 478.62298583984375 630.6517333984375 -255.66253662109375
v 479.4802551269531 629.6568603515625 -256.519775390625
v 480.1837158203125 628.444580078125 -257.2232666015625
v 480.7065124511719 627.0614624023438 -257.74603271484375
v 481.02838134765625 625.5607299804688 -258.06793212890625
v 481.1370849609375 624.0 -258.1766357421875
v 481.02838134765625 622.4392700195312 -258.06793212890625
v 480.70648193359375 620.9385375976562 -257.7460021972656
v 480.1837158203125 619.555419921875 -257.2232666015625
v 479.4802551269531 618.3431396484375 -256.519775390625
v 478.62298583984375 617.3482666015625 -255.66253662109375
v 477.64501953125 616.6089477539062 -254.68453979492188
v 476.58380126953125 616.1536865234375 -253.6233673095703
v 475.480224609375 616.0 -252.51976013183594
v 474.37664794921875 616.1536865234375 -251.41616821289062
v 473.3154602050781 616.6090087890625 -250.35498046875
v 472.33746337890625 617.3482666015625 -249.37698364257812
v 471.480224609375 618.3431396484375 -248.519775390625
v 470.7767333984375 619.555419921875 -247.81625366210938
v 470.2539978027344 620.9385375976562 -247.29351806640625
v 265.74603271484375 627.0614624023438 -472.7065124511719
v 266.06793212890625 625.5607299804688 -473.02838134765625
v 266.1766357421875 624.0 -473.1371154785156
v 265.2232666015625 628.444580078125 -472.1837158203125
v 264.519775390625 629.6568603515625 -471.480224609375
v 263.66253662109375 630.6517333984375 -470.6230163574219
v 262.6845397949219 631.3909912109375 -469.64501953125
v 261.62335205078125 631.8463134765625 -468.58380126953125
v 260.519775390625 632.0 -467.4802551269531
v 259.4161682128906 631.8463134765625 -466.3766174316406
v 258.35498046875 631.3909912109375 -465.3154602050781
v 257.37701416015625 630.6517333984375 -464.33746337890625
v 256.5197448730469 629.6568603515625 -463.480224609375
v 255.81626892089844 628.444580078125 -462.7767028808594
v 255.2935333251953 627.0614624023438 -462.2539978027344
v 254.97161865234375 625.5607299804688 -461.93206787109375
v 254.8629150390625 624.0 -461.8233947753906
v 254.97161865234375 622.4392700195312 -461.93206787109375
v 255.2935333251953 620.9385375976562 -462.2539978027344
v 255.81626892089844 619.555419921875 -462.7767028808594
v 256.5197448730469 618.3431396484375 -463.480224609375
v 257.37701416015625 617.3482666015625 -464.33746337890625
v 258.35498046875 616.6090087890625 -465.3154602050781
v 259.4161682128906 616.1536865234375 -466.3766174316406
v 260.519775390625 616.0 -467.4802551269531
v 261.62335205078125 616.1536865234375 -468.58380126953125
v 262.6845397949219 616.6089477539062 -469.64501953125
v 263.66253662109375 617.3482666015625 -470.6230163574219
v 264.519775390625 618.3431396484375 -471.480224609375
v 265.2232666015625 619.555419921875 -472.1837158203125
v 265.7460021972656 620.9385375976562 -472.70648193359375
v 266.06793212890625 622.4392700195312 -473.02838134765625
v 248.15365600585938 625.5607299804688 -832.0001831054688
v 248.60891723632812 627.0614624023438 -832.0001831054688
v 249.34817504882812 628.444580078125 -832.0001831054688
v 247.99993896484375 624.0 -832.0001831054688
v 248.15365600585938 622.4392700195312 -832.0001831054688
v 248.60891723632812 620.9385375976562 -832.0001831054688
v 249.34817504882812 619.555419921875 -832.0001831054688
v 250.34307861328125 618.3431396484375 -832.0001831054688
v 251.55538940429688 617.3482666015625 -832.0001831054688
v 252.9384765625 616.6090087890625 -832.0001831054688
v 254.439208984375 616.1536865234375 -832.0001831054688
v 255.99993896484375 616.0 -832.0001831054688
v 257.5606689453125 616.1536865234375 -832.0001831054688
v 259.0614013671875 616.6089477539062 -832.0001831054688
v 260.4444885253906 617.3482666015625 -832.0001831054688
v 261.65679931640625 618.3431396484375 -832.0001831054688
v 262.6517028808594 619.555419921875 -832.0001831054688
v 263.3909606933594 620.9385375976562 -832.0001831054688
v 263.8462219238281 622.4392700195312 -832.0001831054688
v 263.99993896484375 624.0 -832.0001831054688
v 263.8462219238281 625.5607299804688 -832.0001831054688
v 263.3909912109375 627.0614624023438 -832.0001831054688
v 262.6517028808594 628.444580078125 -832.0001831054688
v 261.65679931640625 629.6568603515625 -832.0001831054688
v 260.4444885253906 630.6517333984375 -832.0001831054688
v 259.0614013671875 631.3909912109375 -832.0001831054688
v 257.5606689453125 631.8463134765625 -832.0001831054688
v 255.99993896484375 632.0 -832.0001831054688
v 254.439208984375 631.8463134765625 -832.0001831054688
v 252.9384765625 631.3909912109375 -832.0001831054688
v 251.55538940429688 630.6517333984375 -832.0001831054688
v 250.34307861328125 629.6568603515625 -832.0001831054688
v 248.15365600585938 625.5607299804688 -832.0001831054688
v 247.99993896484375 624.0 -832.0001831054688
v 247.99993896484375 624.0 -704.0000610351562
v 248.15365600585938 625.5607299804688 -704.0000610351562
v 248.60891723632812 627.0614624023438 -832.0001831054688
v 248.15365600585938 625.5607299804688 -832.0001831054688
v 248.15365600585938 625.5607299804688 -704.0000610351562
v 248.60891723632812 627.0614624023438 -704.0000610351562
v 249.34817504882812 628.444580078125 -832.0001831054688
v 248.60891723632812 627.0614624023438 -832.0001831054688
v 248.60891723632812 627.0614624023438 -704.0000610351562
v 249.34817504882812 628.444580078125 -704.0000610351562
v 250.34307861328125 629.6568603515625 -832.0001831054688
v 249.34817504882812 628.444580078125 -832.0001831054688
v 249.34817504882812 628.444580078125 -704.0000610351562
v 250.34307861328125 629.6568603515625 -704.0000610351562
v 251.55538940429688 630.6517333984375 -832.0001831054688
v 250.34307861328125 629.6568603515625 -832.0001831054688
v 250.34307861328125 629.6568603515625 -704.0000610351562
v 251.55538940429688 630.6517333984375 -704.0000610351562
v 252.9384765625 631.3909912109375 -832.0001831054688
v 251.55538940429688 630.6517333984375 -832.0001831054688
v 251.55538940429688 630.6517333984375 -704.0000610351562
v 252.9384765625 631.3909912109375 -704.0000610351562
v 254.439208984375 631.8463134765625 -832.0001831054688
v 252.9384765625 631.3909912109375 -832.0001831054688
v 252.9384765625 631.3909912109375 -704.0000610351562
v 254.439208984375 631.8463134765625 -704.0000610351562
v 255.99993896484375 632.0 -832.0001831054688
v 254.439208984375 631.8463134765625 -832.0001831054688
v 254.439208984375 631.8463134765625 -704.0000610351562
v 255.99993896484375 632.0 -704.0000610351562
v 257.5606689453125 631.8463134765625 -832.0001831054688
v 255.99993896484375 632.0 -832.0001831054688
v 255.99993896484375 632.0 -704.0000610351562
v 257.5606689453125 631.8463134765625 -704.0000610351562
v 259.0614013671875 631.3909912109375 -832.0001831054688
v 257.5606689453125 631.8463134765625 -832.0001831054688
v 257.5606689453125 631.8463134765625 -704.0000610351562
v 259.0614013671875 631.3909912109375 -704.0000610351562
v 260.4444885253906 630.6517333984375 -832.0001831054688
v 259.0614013671875 631.3909912109375 -832.0001831054688
v 259.0614013671875 631.3909912109375 -704.0000610351562
v 260.4444885253906 630.6517333984375 -704.0000610351562
v 261.65679931640625 629.6568603515625 -832.0001831054688
v 260.4444885253906 630.6517333984375 -832.0001831054688
v 260.4444885253906 630.6517333984375 -704.0000610351562
v 261.65679931640625 629.6568603515625 -704.0000610351562
v 262.6517028808594 628.444580078125 -832.0001831054688
v 261.65679931640625 629.6568603515625 -832.0001831054688
v 261.65679931640625 629.6568603515625 -704.0000610351562
v 262.6517028808594 628.444580078125 -704.0000610351562
v 263.3909912109375 627.0614624023438 -832.0001831054688
v 262.6517028808594 628.444580078125 -832.0001831054688
v 262.6517028808594 628.444580078125 -704.0000610351562
v 263.3909912109375 627.0614624023438 -704.0000610351562
v 263.8462219238281 625.5607299804688 -832.0001831054688
v 263.3909912109375 627.0614624023438 -832.0001831054688
v 263.3909912109375 627.0614624023438 -704.0000610351562
v 263.8462219238281 625.5607299804688 -704.0000610351562
v 263.99993896484375 624.0 -832.0001831054688
v 263.8462219238281 625.5607299804688 -832.0001831054688
v 263.8462219238281 625.5607299804688 -704.0000610351562
v 263.99993896484375 624.0 -704.0000610351562
v 263.8462219238281 622.4392700195312 -832.0001831054688
v 263.99993896484375 624.0 -832.0001831054688
v 263.99993896484375 624.0 -704.0000610351562
v 263.8462219238281 622.4392700195312 -704.0000610351562
v 263.3909606933594 620.9385375976562 -832.0001831054688
v 263.8462219238281 622.4392700195312 -832.0001831054688
v 263.8462219238281 622.4392700195312 -704.0000610351562
v 263.3909606933594 620.9385375976562 -704.0000610351562
v 262.6517028808594 619.555419921875 -832.0001831054688
v 263.3909606933594 620.9385375976562 -832.0001831054688
v 263.3909606933594 620.9385375976562 -704.0000610351562
v 262.6517028808594 619.555419921875 -704.0000610351562
v 261.65679931640625 618.3431396484375 -832.0001831054688
v 262.6517028808594 619.555419921875 -832.0001831054688
v 262.6517028808594 619.555419921875 -704.0000610351562
v 261.65679931640625 618.3431396484375 -704.0000610351562
v 260.4444885253906 617.3482666015625 -832.0001831054688
v 261.65679931640625 618.3431396484375 -832.0001831054688
v 261.65679931640625 618.3431396484375 -704.0000610351562
v 260.4444885253906 617.3482666015625 -704.0000610351562
v 259.0614013671875 616.6089477539062 -832.0001831054688
v 260.4444885253906 617.3482666015625 -832.0001831054688
v 260.4444885253906 617.3482666015625 -704.0000610351562
v 259.0614013671875 616.6089477539062 -704.0000610351562
v 257.5606689453125 616.1536865234375 -832.0001831054688
v 259.0614013671875 616.6089477539062 -832.0001831054688
v 259.0614013671875 616.6089477539062 -704.0000610351562
v 257.5606689453125 616.1536865234375 -704.0000610351562
v 255.99993896484375 616.0 -832.0001831054688
v 257.5606689453125 616.1536865234375 -832.0001831054688
v 257.5606689453125 616.1536865234375 -704.0000610351562
v 255.99993896484375 616.0 -704.0000610351562
v 254.439208984375 616.1536865234375 -832.0001831054688
v 255.99993896484375 616.0 -832.0001831054688
v 255.99993896484375 616.0 -704.0000610351562
v 254.439208984375 616.1536865234375 -704.0000610351562
v 252.9384765625 616.6090087890625 -832.0001831054688
v 254.439208984375 616.1536865234375 -832.0001831054688
v 254.439208984375 616.1536865234375 -704.0000610351562
v 252.9384765625 616.6090087890625 -704.0000610351562
v 251.55538940429688 617.3482666015625 -832.0001831054688
v 252.9384765625 616.6090087890625 -832.0001831054688
v 252.9384765625 616.6090087890625 -704.0000610351562
v 251.55538940429688 617.3482666015625 -704.0000610351562
v 250.34307861328125 618.3431396484375 -832.0001831054688
v 251.55538940429688 617.3482666015625 -832.0001831054688
v 251.55538940429688 617.3482666015625 -704.0000610351562
v 250.34307861328125 618.3431396484375 -704.0000610351562
v 249.34817504882812 619.555419921875 -832.0001831054688
v 250.34307861328125 618.3431396484375 -832.0001831054688
v 250.34307861328125 618.3431396484375 -704.0000610351562
v 249.34817504882812 619.555419921875 -704.0000610351562
v 248.60891723632812 620.9385375976562 -832.0001831054688
v 249.34817504882812 619.555419921875 -832.0001831054688
v 249.34817504882812 619.555419921875 -704.0000610351562
v 248.60891723632812 620.9385375976562 -704.0000610351562
v 248.15365600585938 622.4392700195312 -832.0001831054688
v 248.60891723632812 620.9385375976562 -832.0001831054688
v 248.60891723632812 620.9385375976562 -704.0000610351562
v 248.15365600585938 622.4392700195312 -704.0000610351562
v 247.99993896484375 624.0 -832.0001831054688
v 248.15365600585938 622.4392700195312 -832.0001831054688
v 248.15365600585938 622.4392700195312 -704.0000610351562
v 247.99993896484375 624.0 -704.0000610351562
v 248.60891723632812 627.0614624023438 -704.0000610351562
v 248.15365600585938 625.5607299804688 -704.0000610351562
v 247.99993896484375 624.0 -704.0000610351562
v 249.34817504882812 628.444580078125 -704.0000610351562
v 250.34307861328125 629.6568603515625 -704.0000610351562
v 251.55538940429688 630.6517333984375 -704.0000610351562
v 252.9384765625 631.3909912109375 -704.0000610351562
v 254.439208984375 631.8463134765625 -704.0000610351562
v 255.99993896484375 632.0 -704.0000610351562
v 257.5606689453125 631.8463134765625 -704.0000610351562
v 259.0614013671875 631.3909912109375 -704.0000610351562
v 260.4444885253906 630.6517333984375 -704.0000610351562
v 261.65679931640625 629.6568603515625 -704.0000610351562
v 262.6517028808594 628.444580078125 -704.0000610351562
v 263.3909912109375 627.0614624023438 -704.0000610351562
v 263.8462219238281 625.5607299804688 -704.0000610351562
v 263.99993896484375 624.0 -704.0000610351562
v 263.8462219238281 622.4392700195312 -704.0000610351562
v 263.3909606933594 620.9385375976562 -704.0000610351562
v 262.6517028808594 619.555419921875 -704.0000610351562
v 261.65679931640625 618.3431396484375 -704.0000610351562
v 260.4444885253906 617.3482666015625 -704.0000610351562
v 259.0614013671875 616.6089477539062 -704.0000610351562
v 257.5606689453125 616.1536865234375 -704.0000610351562
v 255.99993896484375 616.0 -704.0000610351562
v 254.439208984375 616.1536865234375 -704.0000610351562
v 252.9384765625 616.6090087890625 -704.0000610351562
v 251.55538940429688 617.3482666015625 -704.0000610351562
v 250.34307861328125 618.3431396484375 -704.0000610351562
v 249.34817504882812 619.555419921875 -704.0000610351562
v 248.60891723632812 620.9385375976562 -704.0000610351562
v 248.15365600585938 622.4392700195312 -704.0000610351562
v 254.8629150390625 600.0 -461.8233947753906
v 469.8233642578125 600.0 -246.8629150390625
v 469.93206787109375 601.5607299804688 -246.9716033935547
v 254.97161865234375 601.5607299804688 -461.93206787109375
v 254.97161865234375 601.5607299804688 -461.93206787109375
v 469.93206787109375 601.5607299804688 -246.9716033935547
v 470.2539978027344 603.0614624023438 -247.29351806640625
v 255.2935333251953 603.0614624023438 -462.2539978027344
v 255.2935333251953 603.0614624023438 -462.2539978027344
v 470.2539978027344 603.0614624023438 -247.29351806640625
v 470.7767333984375 604.444580078125 -247.81625366210938
v 255.81626892089844 604.444580078125 -462.7767028808594
v 255.81626892089844 604.444580078125 -462.7767028808594
v 470.7767333984375 604.444580078125 -247.81625366210938
v 471.480224609375 605.6568603515625 -248.519775390625
v 256.5197448730469 605.6568603515625 -463.480224609375
v 256.5197448730469 605.6568603515625 -463.480224609375
v 471.480224609375 605.6568603515625 -248.519775390625
v 472.33746337890625 606.6517333984375 -249.37698364257812
v 257.37701416015625 606.6517333984375 -464.33746337890625
v 257.37701416015625 606.6517333984375 -464.33746337890625
v 472.33746337890625 606.6517333984375 -249.37698364257812
v 473.3154602050781 607.3909912109375 -250.35498046875
v 258.35498046875 607.3909912109375 -465.3154602050781
v 258.35498046875 607.3909912109375 -465.3154602050781
v 473.3154602050781 607.3909912109375 -250.35498046875
v 474.37664794921875 607.8463134765625 -251.41616821289062
v 259.4161682128906 607.8463134765625 -466.3766174316406
v 259.4161682128906 607.8463134765625 -466.3766174316406
v 474.37664794921875 607.8463134765625 -251.41616821289062
v 475.480224609375 608.0 -252.51976013183594
v 260.519775390625 608.0 -467.4802551269531
v 260.519775390625 608.0 -467.4802551269531
v 475.480224609375 608.0 -252.51976013183594
v 476.58380126953125 607.8463134765625 -253.6233673095703
v 261.62335205078125 607.8463134765625 -468.58380126953125
v 261.62335205078125 607.8463134765625 -468.58380126953125
v 476.58380126953125 607.8463134765625 -253.6233673095703
v 477.64501953125 607.3909912109375 -254.68453979492188
v 262.6845397949219 607.3909912109375 -469.64501953125
v 262.6845397949219 607.3909912109375 -469.64501953125
v 477.64501953125 607.3909912109375 -254.68453979492188
v 478.62298583984375 606.6517333984375 -255.66253662109375
v 263.66253662109375 606.6517333984375 -470.6230163574219
v 263.66253662109375 606.6517333984375 -470.6230163574219
v 478.62298583984375 606.6517333984375 -255.66253662109375
v 479.4802551269531 605.6568603515625 -256.519775390625
v 264.519775390625 605.6568603515625 -471.480224609375
v 264.519775390625 605.6568603515625 -471.480224609375
v 479.4802551269531 605.6568603515625 -256.519775390625
v 480.1837158203125 604.444580078125 -257.2232666015625
v 265.2232666015625 604.444580078125 -472.1837158203125
v 265.2232666015625 604.444580078125 -472.1837158203125
v 480.1837158203125 604.444580078125 -257.2232666015625
v 480.7065124511719 603.0614624023438 -257.74603271484375
v 265.74603271484375 603.0614624023438 -472.7065124511719
v 265.74603271484375 603.0614624023438 -472.7065124511719
v 480.7065124511719 603.0614624023438 -257.74603271484375
v 481.02838134765625 601.5607299804688 -258.06793212890625
v 266.06793212890625 601.5607299804688 -473.02838134765625
v 266.06793212890625 601.5607299804688 -473.02838134765625
v 481.02838134765625 601.5607299804688 -258.06793212890625
v 481.1370849609375 600.0 -258.1766357421875
v 266.1766357421875 600.0 -473.1371154785156
v 266.1766357421875 600.0 -473.1371154785156
v 481.1370849609375 600.0 -258.1766357421875
v 481.02838134765625 598.4392700195312 -258.06793212890625
v 266.06793212890625 598.4392700195312 -473.02838134765625
v 266.06793212890625 598.4392700195312 -473.02838134765625
v 481.02838134765625 598.4392700195312 -258.06793212890625
v 480.70648193359375 596.9385375976562 -257.7460021972656
v 265.7460021972656 596.9385375976562 -472.70648193359375
v 265.7460021972656 596.9385375976562 -472.70648193359375
v 480.70648193359375 596.9385375976562 -257.7460021972656
v 480.1837158203125 595.555419921875 -257.2232666015625
v 265.2232666015625 595.555419921875 -472.1837158203125
v 265.2232666015625 595.555419921875 -472.1837158203125
v 480.1837158203125 595.555419921875 -257.2232666015625
v 479.4802551269531 594.3431396484375 -256.519775390625
v 264.519775390625 594.3431396484375 -471.480224609375
v 264.519775390625 594.3431396484375 -471.480224609375
v 479.4802551269531 594.3431396484375 -256.519775390625
v 478.62298583984375 593.3482666015625 -255.66253662109375
v 263.66253662109375 593.3482666015625 -470.6230163574219
v 263.66253662109375 593.3482666015625 -470.6230163574219
v 478.62298583984375 593.3482666015625 -255.66253662109375
v 477.64501953125 592.6089477539062 -254.68453979492188
v 262.6845397949219 592.6089477539062 -469.64501953125
v 262.6845397949219 592.6089477539062 -469.64501953125
v 477.64501953125 592.6089477539062 -254.68453979492188
v 476.58380126953125 592.1536865234375 -253.6233673095703
v 261.62335205078125 592.1536865234375 -468.58380126953125
v 261.62335205078125 592.1536865234375 -468.58380126953125
v 476.58380126953125 592.1536865234375 -253.6233673095703
v 475.480224609375 592.0 -252.51976013183594
v 260.519775390625 592.0 -467.4802551269531
v 260.519775390625 592.0 -467.4802551269531
v 475.480224609375 592.0 -252.51976013183594
v 474.37664794921875 592.1536865234375 -251.41616821289062
v 259.4161682128906 592.1536865234375 -466.3766174316406
v 259.4161682128906 592.1536865234375 -466.3766174316406
v 474.37664794921875 592.1536865234375 -251.41616821289062
v 473.3154602050781 592.6090087890625 -250.35498046875
v 258.35498046875 592.6090087890625 -465.3154602050781
v 258.35498046875 592.6090087890625 -465.3154602050781
v 473.3154602050781 592.6090087890625 -250.35498046875
v 472.33746337890625 593.3482666015625 -249.37698364257812
v 257.37701416015625 593.3482666015625 -464.33746337890625
v 257.37701416015625 593.3482666015625 -464.33746337890625
v 472.33746337890625 593.3482666015625 -249.37698364257812
v 471.480224609375 594.3431396484375 -248.519775390625
v 256.5197448730469 594.3431396484375 -463.480224609375
v 256.5197448730469 594.3431396484375 -463.480224609375
v 471.480224609375 594.3431396484375 -248.519775390625
v 470.7767333984375 595.555419921875 -247.81625366210938
v 255.81626892089844 595.555419921875 -462.7767028808594
v 255.81626892089844 595.555419921875 -462.7767028808594
v 470.7767333984375 595.555419921875 -247.81625366210938
v 470.2539978027344 596.9385375976562 -247.29351806640625
v 255.2935333251953 596.9385375976562 -462.2539978027344
v 255.2935333251953 596.9385375976562 -462.2539978027344
v 470.2539978027344 596.9385375976562 -247.29351806640625
v 469.93206787109375 598.4392700195312 -246.9716033935547
v 254.97161865234375 598.4392700195312 -461.93206787109375
v 254.97161865234375 598.4392700195312 -461.93206787109375
v 469.93206787109375 598.4392700195312 -246.9716033935547
v 469.8233642578125 600.0 -246.8629150390625
v 254.8629150390625 600.0 -461.8233947753906
v 469.93206787109375 601.5607299804688 -246.9716033935547
v 469.8233642578125 600.0 -246.8629150390625
v 469.93206787109375 598.4392700195312 -246.9716033935547
v 470.2539978027344 603.0614624023438 -247.29351806640625
v 470.7767333984375 604.444580078125 -247.81625366210938
v 471.480224609375 605.6568603515625 -248.519775390625
v 472.33746337890625 606.6517333984375 -249.37698364257812
v 473.3154602050781 607.3909912109375 -250.35498046875
v 474.37664794921875 607.8463134765625 -251.41616821289062
v 475.480224609375 608.0 -252.51976013183594
v 476.58380126953125 607.8463134765625 -253.6233673095703
v 477.64501953125 607.3909912109375 -254.68453979492188
v 478.62298583984375 606.6517333984375 -255.66253662109375
v 479.4802551269531 605.6568603515625 -256.519775390625
v 480.1837158203125 604.444580078125 -257.2232666015625
v 480.7065124511719 603.0614624023438 -257.74603271484375
v 481.02838134765625 601.5607299804688 -258.06793212890625
v 481.1370849609375 600.0 -258.1766357421875
v 481.02838134765625 598.4392700195312 -258.06793212890625
v 480.70648193359375 596.9385375976562 -257.7460021972656
v 480.1837158203125 595.555419921875 -257.2232666015625
v 479.4802551269531 594.3431396484375 -256.519775390625
v 478.62298583984375 593.3482666015625 -255.66253662109375
v 477.64501953125 592.6089477539062 -254.68453979492188
v 476.58380126953125 592.1536865234375 -253.6233673095703
v 475.480224609375 592.0 -252.51976013183594
v 474.37664794921875 592.1536865234375 -251.41616821289062
v 473.3154602050781 592.6090087890625 -250.35498046875
v 472.33746337890625 593.3482666015625 -249.37698364257812
v 471.480224609375 594.3431396484375 -248.519775390625
v 470.7767333984375 595.555419921875 -247.81625366210938
v 470.2539978027344 596.9385375976562 -247.29351806640625
v 265.74603271484375 603.0614624023438 -472.7065124511719
v 266.06793212890625 601.5607299804688 -473.02838134765625
v 266.1766357421875 600.0 -473.1371154785156
v 265.2232666015625 604.444580078125 -472.1837158203125
v 264.519775390625 605.6568603515625 -471.480224609375
v 263.66253662109375 606.6517333984375 -470.6230163574219
v 262.6845397949219 607.3909912109375 -469.64501953125
v 261.62335205078125 607.8463134765625 -468.58380126953125
v 260.519775390625 608.0 -467.4802551269531
v 259.4161682128906 607.8463134765625 -466.3766174316406
v 258.35498046875 607.3909912109375 -465.3154602050781
v 257.37701416015625 606.6517333984375 -464.33746337890625
v 256.5197448730469 605.6568603515625 -463.480224609375
v 255.81626892089844 604.444580078125 -462.7767028808594
v 255.2935333251953 603.0614624023438 -462.2539978027344
v 254.97161865234375 601.5607299804688 -461.93206787109375
v 254.8629150390625 600.0 -461.8233947753906
v 254.97161865234375 598.4392700195312 -461.93206787109375
v 255.2935333251953 596.9385375976562 -462.2539978027344
v 255.81626892089844 595.555419921875 -462.7767028808594
v 256.5197448730469 594.3431396484375 -463.480224609375
v 257.37701416015625 593.3482666015625 -464.33746337890625
v 258.35498046875 592.6090087890625 -465.3154602050781
v 259.4161682128906 592.1536865234375 -466.3766174316406
v 260.519775390625 592.0 -467.4802551269531
v 261.62335205078125 592.1536865234375 -468.58380126953125
v 262.6845397949219 592.6089477539062 -469.64501953125
v 263.66253662109375 593.3482666015625 -470.6230163574219
v 264.519775390625 594.3431396484375 -471.480224609375
v 265.2232666015625 595.555419921875 -472.1837158203125
v 265.7460021972656 596.9385375976562 -472.70648193359375
v 266.06793212890625 598.4392700195312 -473.02838134765625
v 248.15365600585938 601.5607299804688 -832.0001831054688
v 248.60891723632812 603.0614624023438 -832.0001831054688
v 249.34817504882812 604.444580078125 -832.0001831054688
v 247.99993896484375 600.0 -832.0001831054688
v 248.15365600585938 598.4392700195312 -832.0001831054688
v 248.60891723632812 596.9385375976562 -832.0001831054688
v 249.34817504882812 595.555419921875 -832.0001831054688
v 250.34307861328125 594.3431396484375 -832.0001831054688
v 251.55538940429688 593.3482666015625 -832.0001831054688
v 252.9384765625 592.6090087890625 -832.0001831054688
v 254.439208984375 592.1536865234375 -832.0001831054688
v 255.99993896484375 592.0 -832.0001831054688
v 257.5606689453125 592.1536865234375 -832.0001831054688
v 259.0614013671875 592.6089477539062 -832.0001831054688
v 260.4444885253906 593.3482666015625 -832.0001831054688
v 261.65679931640625 594.3431396484375 -832.0001831054688
v 262.6517028808594 595.555419921875 -832.0001831054688
v 263.3909606933594 596.9385375976562 -832.0001831054688
v 263.8462219238281 598.4392700195312 -832.0001831054688
v 263.99993896484375 600.0 -832.0001831054688
v 263.8462219238281 601.5607299804688 -832.0001831054688
v 263.3909912109375 603.0614624023438 -832.0001831054688
v 262.6517028808594 604.444580078125 -832.0001831054688
v 261.65679931640625 605.6568603515625 -832.0001831054688
v 260.4444885253906 606.6517333984375 -832.0001831054688
v 259.0614013671875 607.3909912109375 -832.0001831054688
v 257.5606689453125 607.8463134765625 -832.0001831054688
v 255.99993896484375 608.0 -832.0001831054688
v 254.439208984375 607.8463134765625 -832.0001831054688
v 252.9384765625 607.3909912109375 -832.0001831054688
v 251.55538940429688 606.6517333984375 -832.0001831054688
v 250.34307861328125 605.6568603515625 -832.0001831054688
v 248.15365600585938 601.5607299804688 -832.0001831054688
v 247.99993896484375 600.0 -832.0001831054688
v 247.99993896484375 600.0 -704.0000610351562
v 248.15365600585938 601.5607299804688 -704.0000610351562
v 248.60891723632812 603.0614624023438 -832.0001831054688
v 248.15365600585938 601.5607299804688 -832.0001831054688
v 248.15365600585938 601.5607299804688 -704.0000610351562
v 248.60891723632812 603.0614624023438 -704.0000610351562
v 249.34817504882812 604.444580078125 -832.0001831054688
v 248.60891723632812 603.0614624023438 -832.0001831054688
v 248.60891723632812 603.0614624023438 -704.0000610351562
v 249.34817504882812 604.444580078125 -704.0000610351562
v 250.34307861328125 605.6568603515625 -832.0001831054688
v 249.34817504882812 604.444580078125 -832.0001831054688
v 249.34817504882812 604.444580078125 -704.0000610351562
v 250.34307861328125 605.6568603515625 -704.0000610351562
v 251.55538940429688 606.6517333984375 -832.0001831054688
v 250.34307861328125 605.6568603515625 -832.0001831054688
v 250.34307861328125 605.6568603515625 -704.0000610351562
v 251.55538940429688 606.6517333984375 -704.0000610351562
v 252.9384765625 607.3909912109375 -832.0001831054688
v 251.55538940429688 606.6517333984375 -832.0001831054688
v 251.55538940429688 606.6517333984375 -704.0000610351562
v 252.9384765625 607.3909912109375 -704.0000610351562
v 254.439208984375 607.8463134765625 -832.0001831054688
v 252.9384765625 607.3909912109375 -832.0001831054688
v 252.9384765625 607.3909912109375 -704.0000610351562
v 254.439208984375 607.8463134765625 -704.0000610351562
v 255.99993896484375 608.0 -832.0001831054688
v 254.439208984375 607.8463134765625 -832.0001831054688
v 254.439208984375 607.8463134765625 -704.0000610351562
v 255.99993896484375 608.0 -704.0000610351562
v 257.5606689453125 607.8463134765625 -832.0001831054688
v 255.99993896484375 608.0 -832.0001831054688
v 255.99993896484375 608.0 -704.0000610351562
v 257.5606689453125 607.8463134765625 -704.0000610351562
v 259.0614013671875 607.3909912109375 -832.0001831054688
v 257.5606689453125 607.8463134765625 -832.0001831054688
v 257.5606689453125 607.8463134765625 -704.0000610351562
v 259.0614013671875 607.3909912109375 -704.0000610351562
v 260.4444885253906 606.6517333984375 -832.0001831054688
v 259.0614013671875 607.3909912109375 -832.0001831054688
v 259.0614013671875 607.3909912109375 -704.0000610351562
v 260.4444885253906 606.6517333984375 -704.0000610351562
v 261.65679931640625 605.6568603515625 -832.0001831054688
v 260.4444885253906 606.6517333984375 -832.0001831054688
v 260.4444885253906 606.6517333984375 -704.0000610351562
v 261.65679931640625 605.6568603515625 -704.0000610351562
v 262.6517028808594 604.444580078125 -832.0001831054688
v 261.65679931640625 605.6568603515625 -832.0001831054688
v 261.65679931640625 605.6568603515625 -704.0000610351562
v 262.6517028808594 604.444580078125 -704.0000610351562
v 263.3909912109375 603.0614624023438 -832.0001831054688
v 262.6517028808594 604.444580078125 -832.0001831054688
v 262.6517028808594 604.444580078125 -704.0000610351562
v 263.3909912109375 603.0614624023438 -704.0000610351562
v 263.8462219238281 601.5607299804688 -832.0001831054688
v 263.3909912109375 603.0614624023438 -832.0001831054688
v 263.3909912109375 603.0614624023438 -704.0000610351562
v 263.8462219238281 601.5607299804688 -704.0000610351562
v 263.99993896484375 600.0 -832.0001831054688
v 263.8462219238281 601.5607299804688 -832.0001831054688
v 263.8462219238281 601.5607299804688 -704.0000610351562
v 263.99993896484375 600.0 -704.0000610351562
v 263.8462219238281 598.4392700195312 -832.0001831054688
v 263.99993896484375 600.0 -832.0001831054688
v 263.99993896484375 600.0 -704.0000610351562
v 263.8462219238281 598.4392700195312 -704.0000610351562
v 263.3909606933594 596.9385375976562 -832.0001831054688
v 263.8462219238281 598.4392700195312 -832.0001831054688
v 263.8462219238281 598.4392700195312 -704.0000610351562
v 263.3909606933594 596.9385375976562 -704.0000610351562
v 262.6517028808594 595.555419921875 -832.0001831054688
v 263.3909606933594 596.9385375976562 -832.0001831054688
v 263.3909606933594 596.9385375976562 -704.0000610351562
v 262.6517028808594 595.555419921875 -704.0000610351562
v 261.65679931640625 594.3431396484375 -832.0001831054688
v 262.6517028808594 595.555419921875 -832.0001831054688
v 262.6517028808594 595.555419921875 -704.0000610351562
v 261.65679931640625 594.3431396484375 -704.0000610351562
v 260.4444885253906 593.3482666015625 -832.0001831054688
v 261.65679931640625 594.3431396484375 -832.0001831054688
v 261.65679931640625 594.3431396484375 -704.0000610351562
v 260.4444885253906 593.3482666015625 -704.0000610351562
v 259.0614013671875 592.6089477539062 -832.0001831054688
v 260.4444885253906 593.3482666015625 -832.0001831054688
v 260.4444885253906 593.3482666015625 -704.0000610351562
v 259.0614013671875 592.6089477539062 -704.0000610351562
v 257.5606689453125 592.1536865234375 -832.0001831054688
v 259.0614013671875 592.6089477539062 -832.0001831054688
v 259.0614013671875 592.6089477539062 -704.0000610351562
v 257.5606689453125 592.1536865234375 -704.0000610351562
v 255.99993896484375 592.0 -832.0001831054688
v 257.5606689453125 592.1536865234375 -832.0001831054688
v 257.5606689453125 592.1536865234375 -704.0000610351562
v 255.99993896484375 592.0 -704.0000610351562
v 254.439208984375 592.1536865234375 -832.0001831054688
v 255.99993896484375 592.0 -832.0001831054688
v 255.99993896484375 592.0 -704.0000610351562
v 254.439208984375 592.1536865234375 -704.0000610351562
v 252.9384765625 592.6090087890625 -832.0001831054688
v 254.439208984375 592.1536865234375 -832.0001831054688
v 254.439208984375 592.1536865234375 -704.0000610351562
v 252.9384765625 592.6090087890625 -704.0000610351562
v 251.55538940429688 593.3482666015625 -832.0001831054688
v 252.9384765625 592.6090087890625 -832.0001831054688
v 252.9384765625 592.6090087890625 -704.0000610351562
v 251.55538940429688 593.3482666015625 -704.0000610351562
v 250.34307861328125 594.3431396484375 -832.0001831054688
v 251.55538940429688 593.3482666015625 -832.0001831054688
v 251.55538940429688 593.3482666015625 -704.0000610351562
v 250.34307861328125 594.3431396484375 -704.0000610351562
v 249.34817504882812 595.555419921875 -832.0001831054688
v 250.34307861328125 594.3431396484375 -832.0001831054688
v 250.34307861328125 594.3431396484375 -704.0000610351562
v 249.34817504882812 595.555419921875 -704.0000610351562
v 248.60891723632812 596.9385375976562 -832.0001831054688
v 249.34817504882812 595.555419921875 -832.0001831054688
v 249.34817504882812 595.555419921875 -704.0000610351562
v 248.60891723632812 596.9385375976562 -704.0000610351562
v 248.15365600585938 598.4392700195312 -832.0001831054688
v 248.60891723632812 596.9385375976562 -832.0001831054688
v 248.60891723632812 596.9385375976562 -704.0000610351562
v 248.15365600585938 598.4392700195312 -704.0000610351562
v 247.99993896484375 600.0 -832.0001831054688
v 248.15365600585938 598.4392700195312 -832.0001831054688
v 248.15365600585938 598.4392700195312 -704.0000610351562
v 247.99993896484375 600.0 -704.0000610351562
v 248.60891723632812 603.0614624023438 -704.0000610351562
v 248.15365600585938 601.5607299804688 -704.0000610351562
v 247.99993896484375 600.0 -704.0000610351562
v 249.34817504882812 604.444580078125 -704.0000610351562
v 250.34307861328125 605.6568603515625 -704.0000610351562
v 251.55538940429688 606.6517333984375 -704.0000610351562
v 252.9384765625 607.3909912109375 -704.0000610351562
v 254.439208984375 607.8463134765625 -704.0000610351562
v 255.99993896484375 608.0 -704.0000610351562
v 257.5606689453125 607.8463134765625 -704.0000610351562
v 259.0614013671875 607.3909912109375 -704.0000610351562
v 260.4444885253906 606.6517333984375 -704.0000610351562
v 261.65679931640625 605.6568603515625 -704.0000610351562
v 262.6517028808594 604.444580078125 -704.0000610351562
v 263.3909912109375 603.0614624023438 -704.0000610351562
v 263.8462219238281 601.5607299804688 -704.0000610351562
v 263.99993896484375 600.0 -704.0000610351562
v 263.8462219238281 598.4392700195312 -704.0000610351562
v 263.3909606933594 596.9385375976562 -704.0000610351562
v 262.6517028808594 595.555419921875 -704.0000610351562
v 261.65679931640625 594.3431396484375 -704.0000610351562
v 260.4444885253906 593.3482666015625 -704.0000610351562
v 259.0614013671875 592.6089477539062 -704.0000610351562
v 257.5606689453125 592.1536865234375 -704.0000610351562
v 255.99993896484375 592.0 -704.0000610351562
v 254.439208984375 592.1536865234375 -704.0000610351562
v 252.9384765625 592.6090087890625 -704.0000610351562
v 251.55538940429688 593.3482666015625 -704.0000610351562
v 250.34307861328125 594.3431396484375 -704.0000610351562
v 249.34817504882812 595.555419921875 -704.0000610351562
v 248.60891723632812 596.9385375976562 -704.0000610351562
v 248.15365600585938 598.4392700195312 -704.0000610351562
v 254.8629150390625 576.0 -461.8233947753906
v 469.8233642578125 576.0 -246.8629150390625
v 469.93206787109375 577.5607299804688 -246.9716033935547
v 254.97161865234375 577.5607299804688 -461.93206787109375
v 254.97161865234375 577.5607299804688 -461.93206787109375
v 469.93206787109375 577.5607299804688 -246.9716033935547
v 470.2539978027344 579.0614624023438 -247.29351806640625
v 255.2935333251953 579.0614624023438 -462.2539978027344
v 255.2935333251953 579.0614624023438 -462.2539978027344
v 470.2539978027344 579.0614624023438 -247.29351806640625
v 470.7767333984375 580.444580078125 -247.81625366210938
v 255.81626892089844 580.444580078125 -462.7767028808594
v 255.81626892089844 580.444580078125 -462.7767028808594
v 470.7767333984375 580.444580078125 -247.81625366210938
v 471.480224609375 581.6568603515625 -248.519775390625
v 256.5197448730469 581.6568603515625 -463.480224609375
v 256.5197448730469 581.6568603515625 -463.480224609375
v 471.480224609375 581.6568603515625 -248.519775390625
v 472.33746337890625 582.6517333984375 -249.37698364257812
v 257.37701416015625 582.6517333984375 -464.33746337890625
v 257.37701416015625 582.6517333984375 -464.33746337890625
v 472.33746337890625 582.6517333984375 -249.37698364257812
v 473.3154602050781 583.3909912109375 -250.35498046875
v 258.35498046875 583.3909912109375 -465.3154602050781
v 258.35498046875 583.3909912109375 -465.3154602050781
v 473.3154602050781 583.3909912109375 -250.35498046875
v 474.37664794921875 583.8463134765625 -251.41616821289062
v 259.4161682128906 583.8463134765625 -466.3766174316406
v 259.4161682128906 583.8463134765625 -466.3766174316406
v 474.37664794921875 583.8463134765625 -251.41616821289062
v 475.480224609375 584.0 -252.51976013183594
v 260.519775390625 584.0 -467.4802551269531
v 260.519775390625 584.0 -467.4802551269531
v 475.480224609375 584.0 -252.51976013183594
v 476.58380126953125 583.8463134765625 -253.6233673095703
v 261.62335205078125 583.8463134765625 -468.58380126953125
v 261.62335205078125 583.8463134765625 -468.58380126953125
v 476.58380126953125 583.8463134765625 -253.6233673095703
v 477.64501953125 583.3909912109375 -254.68453979492188
v 262.6845397949219 583.3909912109375 -469.64501953125
v 262.6845397949219 583.3909912109375 -469.64501953125
v 477.64501953125 583.3909912109375 -254.68453979492188
v 478.62298583984375 582.6517333984375 -255.66253662109375
v 263.66253662109375 582.6517333984375 -470.6230163574219
v 263.66253662109375 582.6517333984375 -470.6230163574219
v 478.62298583984375 582.6517333984375 -255.66253662109375
v 479.4802551269531 581.6568603515625 -256.519775390625
v 264.519775390625 581.6568603515625 -471.480224609375
v 264.519775390625 581.6568603515625 -471.480224609375
v 479.4802551269531 581.6568603515625 -256.519775390625
v 480.1837158203125 580.444580078125 -257.2232666015625
v 265.2232666015625 580.444580078125 -472.1837158203125
v 265.2232666015625 580.444580078125 -472.1837158203125
v 480.1837158203125 580.444580078125 -257.2232666015625
v 480.7065124511719 579.0614624023438 -257.74603271484375
v 265.74603271484375 579.0614624023438 -472.7065124511719
v 265.74603271484375 579.0614624023438 -472.7065124511719
v 480.7065124511719 579.0614624023438 -257.74603271484375
v 481.02838134765625 577.5607299804688 -258.06793212890625
v 266.06793212890625 577.5607299804688 -473.02838134765625
v 266.06793212890625 577.5607299804688 -473.02838134765625
v 481.02838134765625 577.5607299804688 -258.06793212890625
v 481.1370849609375 576.0 -258.1766357421875
v 266.1766357421875 576.0 -473.1371154785156
v 266.1766357421875 576.0 -473.1371154785156
v 481.1370849609375 576.0 -258.1766357421875
v 481.02838134765625 574.4392700195312 -258.06793212890625
v 266.06793212890625 574.4392700195312 -473.02838134765625
v 266.06793212890625 574.4392700195312 -473.02838134765625
v 481.02838134765625 574.4392700195312 -258.06793212890625
v 480.70648193359375 572.9385375976562 -257.7460021972656
v 265.7460021972656 572.9385375976562 -472.70648193359375
v 265.7460021972656 572.9385375976562 -472.70648193359375
v 480.70648193359375 572.9385375976562 -257.7460021972656
v 480.1837158203125 571.555419921875 -257.2232666015625
v 265.2232666015625 571.555419921875 -472.1837158203125
v 265.2232666015625 571.555419921875 -472.1837158203125
v 480.1837158203125 571.555419921875 -257.2232666015625
v 479.4802551269531 570.3431396484375 -256.519775390625
v 264.519775390625 570.3431396484375 -471.480224609375
v 264.519775390625 570.3431396484375 -471.480224609375
v 479.4802551269531 570.3431396484375 -256.519775390625
v 478.62298583984375 569.3482666015625 -255.66253662109375
v 263.66253662109375 569.3482666015625 -470.6230163574219
v 263.66253662109375 569.3482666015625 -470.6230163574219
v 478.62298583984375 569.3482666015625 -255.66253662109375
v 477.64501953125 568.6089477539062 -254.68453979492188
v 262.6845397949219 568.6089477539062 -469.64501953125
v 262.6845397949219 568.6089477539062 -469.64501953125
v 477.64501953125 568.6089477539062 -254.68453979492188
v 476.58380126953125 568.1536865234375 -253.6233673095703
v 261.62335205078125 568.1536865234375 -468.58380126953125
v 261.62335205078125 568.1536865234375 -468.58380126953125
v 476.58380126953125 568.1536865234375 -253.6233673095703
v 475.480224609375 568.0 -252.51976013183594
v 260.519775390625 568.0 -467.4802551269531
v 260.519775390625 568.0 -467.4802551269531
v 475.480224609375 568.0 -252.51976013183594
v 474.37664794921875 568.1536865234375 -251.41616821289062
v 259.4161682128906 568.1536865234375 -466.3766174316406
v 259.4161682128906 568.1536865234375 -466.3766174316406
v 474.37664794921875 568.1536865234375 -251.41616821289062
v 473.3154602050781 568.6090087890625 -250.35498046875
v 258.35498046875 568.6090087890625 -465.3154602050781
v 258.35498046875 568.6090087890625 -465.3154602050781
v 473.3154602050781 568.6090087890625 -250.35498046875
v 472.33746337890625 569.3482666015625 -249.37698364257812
v 257.37701416015625 569.3482666015625 -464.33746337890625
v 257.37701416015625 569.3482666015625 -464.33746337890625
v 472.33746337890625 569.3482666015625 -249.37698364257812
v 471.480224609375 570.3431396484375 -248.519775390625
v 256.5197448730469 570.3431396484375 -463.480224609375
v 256.5197448730469 570.3431396484375 -463.480224609375
v 471.480224609375 570.3431396484375 -248.519775390625
v 470.7767333984375 571.555419921875 -247.81625366210938
v 255.81626892089844 571.555419921875 -462.7767028808594
v 255.81626892089844 571.555419921875 -462.7767028808594
v 470.7767333984375 571.555419921875 -247.81625366210938
v 470.2539978027344 572.9385375976562 -247.29351806640625
v 255.2935333251953 572.9385375976562 -462.2539978027344
v 255.2935333251953 572.9385375976562 -462.2539978027344
v 470.2539978027344 572.9385375976562 -247.29351806640625
v 469.93206787109375 574.4392700195312 -246.9716033935547
v 254.97161865234375 574.4392700195312 -461.93206787109375
v 254.97161865234375 574.4392700195312 -461.93206787109375
v 469.93206787109375 574.4392700195312 -246.9716033935547
v 469.8233642578125 576.0 -246.8629150390625
v 254.8629150390625 576.0 -461.8233947753906
v 469.93206787109375 577.5607299804688 -246.9716033935547
v 469.8233642578125 576.0 -246.8629150390625
v 469.93206787109375 574.4392700195312 -246.9716033935547
v 470.2539978027344 579.0614624023438 -247.29351806640625
v 470.7767333984375 580.444580078125 -247.81625366210938
v 471.480224609375 581.6568603515625 -248.519775390625
v 472.33746337890625 582.6517333984375 -249.37698364257812
v 473.3154602050781 583.3909912109375 -250.35498046875
v 474.37664794921875 583.8463134765625 -251.41616821289062
v 475.480224609375 584.0 -252.51976013183594
v 476.58380126953125 583.8463134765625 -253.6233673095703
v 477.64501953125 583.3909912109375 -254.68453979492188
v 478.62298583984375 582.6517333984375 -255.66253662109375
v 479.4802551269531 581.6568603515625 -256.519775390625
v 480.1837158203125 580.444580078125 -257.2232666015625
v 480.7065124511719 579.0614624023438 -257.74603271484375
v 481.02838134765625 577.5607299804688 -258.06793212890625
v 481.1370849609375 576.0 -258.1766357421875
v 481.02838134765625 574.4392700195312 -258.06793212890625
v 480.70648193359375 572.9385375976562 -257.7460021972656
v 480.1837158203125 571.555419921875 -257.2232666015625
v 479.4802551269531 570.3431396484375 -256.519775390625
v 478.62298583984375 569.3482666015625 -255.66253662109375
v 477.64501953125 568.6089477539062 -254.68453979492188
v 476.58380126953125 568.1536865234375 -253.6233673095703
v 475.480224609375 568.0 -252.51976013183594
v 474.37664794921875 568.1536865234375 -251.41616821289062
v 473.3154602050781 568.6090087890625 -250.35498046875
v 472.33746337890625 569.3482666015625 -249.37698364257812
v 471.480224609375 570.3431396484375 -248.519775390625
v 470.7767333984375 571.555419921875 -247.81625366210938
v 470.2539978027344 572.9385375976562 -247.29351806640625
v 265.74603271484375 579.0614624023438 -472.7065124511719
v 266.06793212890625 577.5607299804688 -473.02838134765625
v 266.1766357421875 576.0 -473.1371154785156
v 265.2232666015625 580.444580078125 -472.1837158203125
v 264.519775390625 581.6568603515625 -471.480224609375
v 263.66253662109375 582.6517333984375 -470.6230163574219
v 262.6845397949219 583.3909912109375 -469.64501953125
v 261.62335205078125 583.8463134765625 -468.58380126953125
v 260.519775390625 584.0 -467.4802551269531
v 259.4161682128906 583.8463134765625 -466.3766174316406
v 258.35498046875 583.3909912109375 -465.3154602050781
v 257.37701416015625 582.6517333984375 -464.33746337890625
v 256.5197448730469 581.6568603515625 -463.480224609375
v 255.81626892089844 580.444580078125 -462.7767028808594
v 255.2935333251953 579.0614624023438 -462.2539978027344
v 254.97161865234375 577.5607299804688 -461.93206787109375
v 254.8629150390625 576.0 -461.8233947753906
v 254.97161865234375 574.4392700195312 -461.93206787109375
v 255.2935333251953 572.9385375976562 -462.2539978027344
v 255.81626892089844 571.555419921875 -462.7767028808594
v 256.5197448730469 570.3431396484375 -463.480224609375
v 257.37701416015625 569.3482666015625 -464.33746337890625
v 258.35498046875 568.6090087890625 -465.3154602050781
v 259.4161682128906 568.1536865234375 -466.3766174316406
v 260.519775390625 568.0 -467.4802551269531
v 261.62335205078125 568.1536865234375 -468.58380126953125
v 262.6845397949219 568.6089477539062 -469.64501953125
v 263.66253662109375 569.3482666015625 -470.6230163574219
v 264.519775390625 570.3431396484375 -471.480224609375
v 265.2232666015625 571.555419921875 -472.1837158203125
v 265.7460021972656 572.9385375976562 -472.70648193359375
v 266.06793212890625 574.4392700195312 -473.02838134765625
v 248.15365600585938 577.5607299804688 -832.0001831054688
v 248.60891723632812 579.0614624023438 -832.0001831054688
v 249.34817504882812 580.444580078125 -832.0001831054688
v 247.99993896484375 576.0 -832.0001831054688
v 248.15365600585938 574.4392700195312 -832.0001831054688
v 248.60891723632812 572.9385375976562 -832.0001831054688
v 249.34817504882812 571.555419921875 -832.0001831054688
v 250.34307861328125 570.3431396484375 -832.0001831054688
v 251.55538940429688 569.3482666015625 -832.0001831054688
v 252.9384765625 568.6090087890625 -832.0001831054688
v 254.439208984375 568.1536865234375 -832.0001831054688
v 255.99993896484375 568.0 -832.0001831054688
v 257.5606689453125 568.1536865234375 -832.0001831054688
v 259.0614013671875 568.6089477539062 -832.0001831054688
v 260.4444885253906 569.3482666015625 -832.0001831054688
v 261.65679931640625 570.3431396484375 -832.0001831054688
v 262.6517028808594 571.555419921875 -832.0001831054688
v 263.3909606933594 572.9385375976562 -832.0001831054688
v 263.8462219238281 574.4392700195312 -832.0001831054688
v 263.99993896484375 576.0 -832.0001831054688
v 263.8462219238281 577.5607299804688 -832.0001831054688
v 263.3909912109375 579.0614624023438 -832.0001831054688
v 262.6517028808594 580.444580078125 -832.0001831054688
v 261.65679931640625 581.6568603515625 -832.0001831054688
v 260.4444885253906 582.6517333984375 -832.0001831054688
v 259.0614013671875 583.3909912109375 -832.0001831054688
v 257.5606689453125 583.8463134765625 -832.0001831054688
v 255.99993896484375 584.0 -832.0001831054688
v 254.439208984375 583.8463134765625 -832.0001831054688
v 252.9384765625 583.3909912109375 -832.0001831054688
v 251.55538940429688 582.6517333984375 -832.0001831054688
v 250.34307861328125 581.6568603515625 -832.0001831054688
v 248.15365600585938 577.5607299804688 -832.0001831054688
v 247.99993896484375 576.0 -832.0001831054688
v 247.99993896484375 576.0 -704.0000610351562
v 248.15365600585938 577.5607299804688 -704.0000610351562
v 248.60891723632812 579.0614624023438 -832.0001831054688
v 248.15365600585938 577.5607299804688 -832.0001831054688
v 248.15365600585938 577.5607299804688 -704.0000610351562
v 248.60891723632812 579.0614624023438 -704.0000610351562
v 249.34817504882812 580.444580078125 -832.0001831054688
v 248.60891723632812 579.0614624023438 -832.0001831054688
v 248.60891723632812 579.0614624023438 -704.0000610351562
v 249.34817504882812 580.444580078125 -704.0000610351562
v 250.34307861328125 581.6568603515625 -832.0001831054688
v 249.34817504882812 580.444580078125 -832.0001831054688
v 249.34817504882812 580.444580078125 -704.0000610351562
v 250.34307861328125 581.6568603515625 -704.0000610351562
v 251.55538940429688 582.6517333984375 -832.0001831054688
v 250.34307861328125 581.6568603515625 -832.0001831054688
v 250.34307861328125 581.6568603515625 -704.0000610351562
v 251.55538940429688 582.6517333984375 -704.0000610351562
v 252.9384765625 583.3909912109375 -832.0001831054688
v 251.55538940429688 582.6517333984375 -832.0001831054688
v 251.55538940429688 582.6517333984375 -704.0000610351562
v 252.9384765625 583.3909912109375 -704.0000610351562
v 254.439208984375 583.8463134765625 -832.0001831054688
v 252.9384765625 583.3909912109375 -832.0001831054688
v 252.9384765625 583.3909912109375 -704.0000610351562
v 254.439208984375 583.8463134765625 -704.0000610351562
v 255.99993896484375 584.0 -832.0001831054688
v 254.439208984375 583.8463134765625 -832.0001831054688
v 254.439208984375 583.8463134765625 -704.0000610351562
v 255.99993896484375 584.0 -704.0000610351562
v 257.5606689453125 583.8463134765625 -832.0001831054688
v 255.99993896484375 584.0 -832.0001831054688
v 255.99993896484375 584.0 -704.0000610351562
v 257.5606689453125 583.8463134765625 -704.0000610351562
v 259.0614013671875 583.3909912109375 -832.0001831054688
v 257.5606689453125 583.8463134765625 -832.0001831054688
v 257.5606689453125 583.8463134765625 -704.0000610351562
v 259.0614013671875 583.3909912109375 -704.0000610351562
v 260.4444885253906 582.6517333984375 -832.0001831054688
v 259.0614013671875 583.3909912109375 -832.0001831054688
v 259.0614013671875 583.3909912109375 -704.0000610351562
v 260.4444885253906 582.6517333984375 -704.0000610351562
v 261.65679931640625 581.6568603515625 -832.0001831054688
v 260.4444885253906 582.6517333984375 -832.0001831054688
v 260.4444885253906 582.6517333984375 -704.0000610351562
v 261.65679931640625 581.6568603515625 -704.0000610351562
v 262.6517028808594 580.444580078125 -832.0001831054688
v 261.65679931640625 581.6568603515625 -832.0001831054688
v 261.65679931640625 581.6568603515625 -704.0000610351562
v 262.6517028808594 580.444580078125 -704.0000610351562
v 263.3909912109375 579.0614624023438 -832.0001831054688
v 262.6517028808594 580.444580078125 -832.0001831054688
v 262.6517028808594 580.444580078125 -704.0000610351562
v 263.3909912109375 579.0614624023438 -704.0000610351562
v 263.8462219238281 577.5607299804688 -832.0001831054688
v 263.3909912109375 579.0614624023438 -832.0001831054688
v 263.3909912109375 579.0614624023438 -704.0000610351562
v 263.8462219238281 577.5607299804688 -704.0000610351562
v 263.99993896484375 576.0 -832.0001831054688
v 263.8462219238281 577.5607299804688 -832.0001831054688
v 263.8462219238281 577.5607299804688 -704.0000610351562
v 263.99993896484375 576.0 -704.0000610351562
v 263.8462219238281 574.4392700195312 -832.0001831054688
v 263.99993896484375 576.0 -832.0001831054688
v 263.99993896484375 576.0 -704.0000610351562
v 263.8462219238281 574.4392700195312 -704.0000610351562
v 263.3909606933594 572.9385375976562 -832.0001831054688
v 263.8462219238281 574.4392700195312 -832.0001831054688
v 263.8462219238281 574.4392700195312 -704.0000610351562
v 263.3909606933594 572.9385375976562 -704.0000610351562
v 262.6517028808594 571.555419921875 -832.0001831054688
v 263.3909606933594 572.9385375976562 -832.0001831054688
v 263.3909606933594 572.9385375976562 -704.0000610351562
v 262.6517028808594 571.555419921875 -704.0000610351562
v 261.65679931640625 570.3431396484375 -832.0001831054688
v 262.6517028808594 571.555419921875 -832.0001831054688
v 262.6517028808594 571.555419921875 -704.0000610351562
v 261.65679931640625 570.3431396484375 -704.0000610351562
v 260.4444885253906 569.3482666015625 -832.0001831054688
v 261.65679931640625 570.3431396484375 -832.0001831054688
v 261.65679931640625 570.3431396484375 -704.0000610351562
v 260.4444885253906 569.3482666015625 -704.0000610351562
v 259.0614013671875 568.6089477539062 -832.0001831054688
v 260.4444885253906 569.3482666015625 -832.0001831054688
v 260.4444885253906 569.3482666015625 -704.0000610351562
v 259.0614013671875 568.6089477539062 -704.0000610351562
v 257.5606689453125 568.1536865234375 -832.0001831054688
v 259.0614013671875 568.6089477539062 -832.0001831054688
v 259.0614013671875 568.6089477539062 -704.0000610351562
v 257.5606689453125 568.1536865234375 -704.0000610351562
v 255.99993896484375 568.0 -832.0001831054688
v 257.5606689453125 568.1536865234375 -832.0001831054688
v 257.5606689453125 568.1536865234375 -704.0000610351562
v 255.99993896484375 568.0 -704.0000610351562
v 254.439208984375 568.1536865234375 -832.0001831054688
v 255.99993896484375 568.0 -832.0001831054688
v 255.99993896484375 568.0 -704.0000610351562
v 254.439208984375 568.1536865234375 -704.0000610351562
v 252.9384765625 568.6090087890625 -832.0001831054688
v 254.439208984375 568.1536865234375 -832.0001831054688
v 254.439208984375 568.1536865234375 -704.0000610351562
v 252.9384765625 568.6090087890625 -704.0000610351562
v 251.55538940429688 569.3482666015625 -832.0001831054688
v 252.9384765625 568.6090087890625 -832.0001831054688
v 252.9384765625 568.6090087890625 -704.0000610351562
v 251.55538940429688 569.3482666015625 -704.0000610351562
v 250.34307861328125 570.3431396484375 -832.0001831054688
v 251.55538940429688 569.3482666015625 -832.0001831054688
v 251.55538940429688 569.3482666015625 -704.0000610351562
v 250.34307861328125 570.3431396484375 -704.0000610351562
v 249.34817504882812 571.555419921875 -832.0001831054688
v 250.34307861328125 570.3431396484375 -832.0001831054688
v 250.34307861328125 570.3431396484375 -704.0000610351562
v 249.34817504882812 571.555419921875 -704.0000610351562
v 248.60891723632812 572.9385375976562 -832.0001831054688
v 249.34817504882812 571.555419921875 -832.0001831054688
v 249.34817504882812 571.555419921875 -704.0000610351562
v 248.60891723632812 572.9385375976562 -704.0000610351562
v 248.15365600585938 574.4392700195312 -832.0001831054688
v 248.60891723632812 572.9385375976562 -832.0001831054688
v 248.60891723632812 572.9385375976562 -704.0000610351562
v 248.15365600585938 574.4392700195312 -704.0000610351562
v 247.99993896484375 576.0 -832.0001831054688
v 248.15365600585938 574.4392700195312 -832.0001831054688
v 248.15365600585938 574.4392700195312 -704.0000610351562
v 247.99993896484375 576.0 -704.0000610351562
v 248.60891723632812 579.0614624023438 -704.0000610351562
v 248.15365600585938 577.5607299804688 -704.0000610351562
v 247.99993896484375 576.0 -704.0000610351562
v 249.34817504882812 580.444580078125 -704.0000610351562
v 250.34307861328125 581.6568603515625 -704.0000610351562
v 251.55538940429688 582.6517333984375 -704.0000610351562
v 252.9384765625 583.3909912109375 -704.0000610351562
v 254.439208984375 583.8463134765625 -704.0000610351562
v 255.99993896484375 584.0 -704.0000610351562
v 257.5606689453125 583.8463134765625 -704.0000610351562
v 259.0614013671875 583.3909912109375 -704.0000610351562
v 260.4444885253906 582.6517333984375 -704.0000610351562
v 261.65679931640625 581.6568603515625 -704.0000610351562
v 262.6517028808594 580.444580078125 -704.0000610351562
v 263.3909912109375 579.0614624023438 -704.0000610351562
v 263.8462219238281 577.5607299804688 -704.0000610351562
v 263.99993896484375 576.0 -704.0000610351562
v 263.8462219238281 574.4392700195312 -704.0000610351562
v 263.3909606933594 572.9385375976562 -704.0000610351562
v 262.6517028808594 571.555419921875 -704.0000610351562
v 261.65679931640625 570.3431396484375 -704.0000610351562
v 260.4444885253906 569.3482666015625 -704.0000610351562
v 259.0614013671875 568.6089477539062 -704.0000610351562
v 257.5606689453125 568.1536865234375 -704.0000610351562
v 255.99993896484375 568.0 -704.0000610351562
v 254.439208984375 568.1536865234375 -704.0000610351562
v 252.9384765625 568.6090087890625 -704.0000610351562
v 251.55538940429688 569.3482666015625 -704.0000610351562
v 250.34307861328125 570.3431396484375 -704.0000610351562
v 249.34817504882812 571.555419921875 -704.0000610351562
v 248.60891723632812 572.9385375976562 -704.0000610351562
v 248.15365600585938 574.4392700195312 -704.0000610351562
v 832.000732421875 625.5607299804688 280.1537780761719
v 832.000732421875 627.0614624023438 280.6090393066406
v 832.000732421875 628.444580078125 281.3482971191406
v 832.000732421875 624.0 280.00006103515625
v 832.000732421875 622.4392700195312 280.1537780761719
v 832.000732421875 620.9385375976562 280.6090393066406
v 832.000732421875 619.555419921875 281.3482971191406
v 832.000732421875 618.3431396484375 282.34320068359375
v 832.000732421875 617.3482666015625 283.5555114746094
v 832.000732421875 616.6090087890625 284.9385986328125
v 832.000732421875 616.1536865234375 286.4393310546875
v 832.000732421875 616.0 288.00006103515625
v 832.000732421875 616.1536865234375 289.560791015625
v 832.000732421875 616.6089477539062 291.0615234375
v 832.000732421875 617.3482666015625 292.4446105957031
v 832.000732421875 618.3431396484375 293.65692138671875
v 832.000732421875 619.555419921875 294.6518249511719
v 832.000732421875 620.9385375976562 295.3910827636719
v 832.000732421875 622.4392700195312 295.8463439941406
v 832.000732421875 624.0 296.00006103515625
v 832.000732421875 625.5607299804688 295.8463439941406
v 832.000732421875 627.0614624023438 295.39111328125
v 832.000732421875 628.444580078125 294.6518249511719
v 832.000732421875 629.6568603515625 293.65692138671875
v 832.000732421875 630.6517333984375 292.4446105957031
v 832.000732421875 631.3909912109375 291.0615234375
v 832.000732421875 631.8463134765625 289.560791015625
v 832.000732421875 632.0 288.00006103515625
v 832.000732421875 631.8463134765625 286.4393310546875
v 832.000732421875 631.3909912109375 284.9385986328125
v 832.000732421875 630.6517333984375 283.5555114746094
v 832.000732421875 629.6568603515625 282.34320068359375
v 832.000732421875 625.5607299804688 280.1537780761719
v 832.000732421875 624.0 280.00006103515625
v -63.99957275390625 624.0 280.00006103515625
v -63.99957275390625 625.5607299804688 280.1537780761719
v 832.000732421875 627.0614624023438 280.6090393066406
v 832.000732421875 625.5607299804688 280.1537780761719
v -63.99957275390625 625.5607299804688 280.1537780761719
v -63.99957275390625 627.0614624023438 280.6090393066406
v 832.000732421875 628.444580078125 281.3482971191406
v 832.000732421875 627.0614624023438 280.6090393066406
v -63.99957275390625 627.0614624023438 280.6090393066406
v -63.99957275390625 628.444580078125 281.3482971191406
v 832.000732421875 629.6568603515625 282.34320068359375
v 832.000732421875 628.444580078125 281.3482971191406
v -63.99957275390625 628.444580078125 281.3482971191406
v -63.99957275390625 629.6568603515625 282.34320068359375
v 832.000732421875 630.6517333984375 283.5555114746094
v 832.000732421875 629.6568603515625 282.34320068359375
v -63.99957275390625 629.6568603515625 282.34320068359375
v -63.99957275390625 630.6517333984375 283.5555114746094
v 832.000732421875 631.3909912109375 284.9385986328125
v 832.000732421875 630.6517333984375 283.5555114746094
v -63.99957275390625 630.6517333984375 283.5555114746094
v -63.99957275390625 631.3909912109375 284.9385986328125
v 832.000732421875 631.8463134765625 286.4393310546875
v 832.000732421875 631.3909912109375 284.9385986328125
v -63.99957275390625 631.3909912109375 284.9385986328125
v -63.99957275390625 631.8463134765625 286.4393310546875
v 832.000732421875 632.0 288.00006103515625
v 832.000732421875 631.8463134765625 286.4393310546875
v -63.99957275390625 631.8463134765625 286.4393310546875
v -63.99957275390625 632.0 288.00006103515625
v 832.000732421875 631.8463134765625 289.560791015625
v 832.000732421875 632.0 288.00006103515625
v -63.99957275390625 632.0 288.00006103515625
v -63.99957275390625 631.8463134765625 289.560791015625
v 832.000732421875 631.3909912109375 291.0615234375
v 832.000732421875 631.8463134765625 289.560791015625
v -63.99957275390625 631.8463134765625 289.560791015625
v -63.99957275390625 631.3909912109375 291.0615234375
v 832.000732421875 630.6517333984375 292.4446105957031
v 832.000732421875 631.3909912109375 291.0615234375
v -63.99957275390625 631.3909912109375 291.0615234375
v -63.99957275390625 630.6517333984375 292.4446105957031
v 832.000732421875 629.6568603515625 293.65692138671875
v 832.000732421875 630.6517333984375 292.4446105957031
v -63.99957275390625 630.6517333984375 292.4446105957031
v -63.99957275390625 629.6568603515625 293.65692138671875
v 832.000732421875 628.444580078125 294.6518249511719
v 832.000732421875 629.6568603515625 293.65692138671875
v -63.99957275390625 629.6568603515625 293.65692138671875
v -63.99957275390625 628.444580078125 294.6518249511719
v 832.000732421875 627.0614624023438 295.39111328125
v 832.000732421875 628.444580078125 294.6518249511719
v -63.99957275390625 628.444580078125 294.6518249511719
v -63.99957275390625 627.0614624023438 295.39111328125
v 832.000732421875 625.5607299804688 295.8463439941406
v 832.000732421875 627.0614624023438 295.39111328125
v -63.99957275390625 627.0614624023438 295.39111328125
v -63.99957275390625 625.5607299804688 295.8463439941406
v 832.000732421875 624.0 296.00006103515625
v 832.000732421875 625.5607299804688 295.8463439941406
v -63.99957275390625 625.5607299804688 295.8463439941406
v -63.99957275390625 624.0 296.00006103515625
v 832.000732421875 622.4392700195312 295.8463439941406
v 832.000732421875 624.0 296.00006103515625
v -63.99957275390625 624.0 296.00006103515625
v -63.99957275390625 622.4392700195312 295.8463439941406
v 832.000732421875 620.9385375976562 295.3910827636719
v 832.000732421875 622.4392700195312 295.8463439941406
v -63.99957275390625 622.4392700195312 295.8463439941406
v -63.99957275390625 620.9385375976562 295.3910827636719
v 832.000732421875 619.555419921875 294.6518249511719
v 832.000732421875 620.9385375976562 295.3910827636719
v -63.99957275390625 620.9385375976562 295.3910827636719
v -63.99957275390625 619.555419921875 294.6518249511719
v 832.000732421875 618.3431396484375 293.65692138671875
v 832.000732421875 619.555419921875 294.6518249511719
v -63.99957275390625 619.555419921875 294.6518249511719
v -63.99957275390625 618.3431396484375 293.65692138671875
v 832.000732421875 617.3482666015625 292.4446105957031
v 832.000732421875 618.3431396484375 293.65692138671875
v -63.99957275390625 618.3431396484375 293.65692138671875
v -63.99957275390625 617.3482666015625 292.4446105957031
v 832.000732421875 616.6089477539062 291.0615234375
v 832.000732421875 617.3482666015625 292.4446105957031
v -63.99957275390625 617.3482666015625 292.4446105957031
v -63.99957275390625 616.6089477539062 291.0615234375
v 832.000732421875 616.1536865234375 289.560791015625
v 832.000732421875 616.6089477539062 291.0615234375
v -63.99957275390625 616.6089477539062 291.0615234375
v -63.99957275390625 616.1536865234375 289.560791015625
v 832.000732421875 616.0 288.00006103515625
v 832.000732421875 616.1536865234375 289.560791015625
v -63.99957275390625 616.1536865234375 289.560791015625
v -63.99957275390625 616.0 288.00006103515625
v 832.000732421875 616.1536865234375 286.4393310546875
v 832.000732421875 616.0 288.00006103515625
v -63.99957275390625 616.0 288.00006103515625
v -63.99957275390625 616.1536865234375 286.4393310546875
v 832.000732421875 616.6090087890625 284.9385986328125
v 832.000732421875 616.1536865234375 286.4393310546875
v -63.99957275390625 616.1536865234375 286.4393310546875
v -63.99957275390625 616.6090087890625 284.9385986328125
v 832.000732421875 617.3482666015625 283.5555114746094
v 832.000732421875 616.6090087890625 284.9385986328125
v -63.99957275390625 616.6090087890625 284.9385986328125
v -63.99957275390625 617.3482666015625 283.5555114746094
v 832.000732421875 618.3431396484375 282.34320068359375
v 832.000732421875 617.3482666015625 283.5555114746094
v -63.99957275390625 617.3482666015625 283.5555114746094
v -63.99957275390625 618.3431396484375 282.34320068359375
v 832.000732421875 619.555419921875 281.3482971191406
v 832.000732421875 618.3431396484375 282.34320068359375
v -63.99957275390625 618.3431396484375 282.34320068359375
v -63.99957275390625 619.555419921875 281.3482971191406
v 832.000732421875 620.9385375976562 280.6090393066406
v 832.000732421875 619.555419921875 281.3482971191406
v -63.99957275390625 619.555419921875 281.3482971191406
v -63.99957275390625 620.9385375976562 280.6090393066406
v 832.000732421875 622.4392700195312 280.1537780761719
v 832.000732421875 620.9385375976562 280.6090393066406
v -63.99957275390625 620.9385375976562 280.6090393066406
v -63.99957275390625 622.4392700195312 280.1537780761719
v 832.000732421875 624.0 280.00006103515625
v 832.000732421875 622.4392700195312 280.1537780761719
v -63.99957275390625 622.4392700195312 280.1537780761719
v -63.99957275390625 624.0 280.00006103515625
v -63.99957275390625 627.0614624023438 280.6090393066406
v -63.99957275390625 625.5607299804688 280.1537780761719
v -63.99957275390625 624.0 280.00006103515625
v -63.99957275390625 628.444580078125 281.3482971191406
v -63.99957275390625 629.6568603515625 282.34320068359375
v -63.99957275390625 630.6517333984375 283.5555114746094
v -63.99957275390625 631.3909912109375 284.9385986328125
v -63.99957275390625 631.8463134765625 286.4393310546875
v -63.99957275390625 632.0 288.00006103515625
v -63.99957275390625 631.8463134765625 289.560791015625
v -63.99957275390625 631.3909912109375 291.0615234375
v -63.99957275390625 630.6517333984375 292.4446105957031
v -63.99957275390625 629.6568603515625 293.65692138671875
v -63.99957275390625 628.444580078125 294.6518249511719
v -63.99957275390625 627.0614624023438 295.39111328125
v -63.99957275390625 625.5607299804688 295.8463439941406
v -63.99957275390625 624.0 296.00006103515625
v -63.99957275390625 622.4392700195312 295.8463439941406
v -63.99957275390625 620.9385375976562 295.3910827636719
v -63.99957275390625 619.555419921875 294.6518249511719
v -63.99957275390625 618.3431396484375 293.65692138671875
v -63.99957275390625 617.3482666015625 292.4446105957031
v -63.99957275390625 616.6089477539062 291.0615234375
v -63.99957275390625 616.1536865234375 289.560791015625
v -63.99957275390625 616.0 288.00006103515625
v -63.99957275390625 616.1536865234375 286.4393310546875
v -63.99957275390625 616.6090087890625 284.9385986328125
v -63.99957275390625 617.3482666015625 283.5555114746094
v -63.99957275390625 618.3431396484375 282.34320068359375
v -63.99957275390625 619.555419921875 281.3482971191406
v -63.99957275390625 620.9385375976562 280.6090393066406
v -63.99957275390625 622.4392700195312 280.1537780761719
v 832.000732421875 601.5607299804688 280.1537780761719
v 832.000732421875 603.0614624023438 280.6090393066406
v 832.000732421875 604.444580078125 281.3482971191406
v 832.000732421875 600.0 280.00006103515625
v 832.000732421875 598.4392700195312 280.1537780761719
v 832.000732421875 596.9385375976562 280.6090393066406
v 832.000732421875 595.555419921875 281.3482971191406
v 832.000732421875 594.3431396484375 282.34320068359375
v 832.000732421875 593.3482666015625 283.5555114746094
v 832.000732421875 592.6090087890625 284.9385986328125
v 832.000732421875 592.1536865234375 286.4393310546875
v 832.000732421875 592.0 288.00006103515625
v 832.000732421875 592.1536865234375 289.560791015625
v 832.000732421875 592.6089477539062 291.0615234375
v 832.000732421875 593.3482666015625 292.4446105957031
v 832.000732421875 594.3431396484375 293.65692138671875
v 832.000732421875 595.555419921875 294.6518249511719
v 832.000732421875 596.9385375976562 295.3910827636719
v 832.000732421875 598.4392700195312 295.8463439941406
v 832.000732421875 600.0 296.00006103515625
v 832.000732421875 601.5607299804688 295.8463439941406
v 832.000732421875 603.0614624023438 295.39111328125
v 832.000732421875 604.444580078125 294.6518249511719
v 832.000732421875 605.6568603515625 293.65692138671875
v 832.000732421875 606.6517333984375 292.4446105957031
v 832.000732421875 607.3909912109375 291.0615234375
v 832.000732421875 607.8463134765625 289.560791015625
v 832.000732421875 608.0 288.00006103515625
v 832.000732421875 607.8463134765625 286.4393310546875
v 832.000732421875 607.3909912109375 284.9385986328125
v 832.000732421875 606.6517333984375 283.5555114746094
v 832.000732421875 605.6568603515625 282.34320068359375
v 832.000732421875 601.5607299804688 280.1537780761719
v 832.000732421875 600.0 280.00006103515625
v -63.99957275390625 600.0 280.00006103515625
v -63.99957275390625 601.5607299804688 280.1537780761719
v 832.000732421875 603.0614624023438 280.6090393066406
v 832.000732421875 601.5607299804688 280.1537780761719
v -63.99957275390625 601.5607299804688 280.1537780761719
v -63.99957275390625 603.0614624023438 280.6090393066406
v 832.000732421875 604.444580078125 281.3482971191406
v 832.000732421875 603.0614624023438 280.6090393066406
v -63.99957275390625 603.0614624023438 280.6090393066406
v -63.99957275390625 604.444580078125 281.3482971191406
v 832.000732421875 605.6568603515625 282.34320068359375
v 832.000732421875 604.444580078125 281.3482971191406
v -63.99957275390625 604.444580078125 281.3482971191406
v -63.99957275390625 605.6568603515625 282.34320068359375
v 832.000732421875 606.6517333984375 283.5555114746094
v 832.000732421875 605.6568603515625 282.34320068359375
v -63.99957275390625 605.6568603515625 282.34320068359375
v -63.99957275390625 606.6517333984375 283.5555114746094
v 832.000732421875 607.3909912109375 284.9385986328125
v 832.000732421875 606.6517333984375 283.5555114746094
v -63.99957275390625 606.6517333984375 283.5555114746094
v -63.99957275390625 607.3909912109375 284.9385986328125
v 832.000732421875 607.8463134765625 286.4393310546875
v 832.000732421875 607.3909912109375 284.9385986328125
v -63.99957275390625 607.3909912109375 284.9385986328125
v -63.99957275390625 607.8463134765625 286.4393310546875
v 832.000732421875 608.0 288.00006103515625
v 832.000732421875 607.8463134765625 286.4393310546875
v -63.99957275390625 607.8463134765625 286.4393310546875
v -63.99957275390625 608.0 288.00006103515625
v 832.000732421875 607.8463134765625 289.560791015625
v 832.000732421875 608.0 288.00006103515625
v -63.99957275390625 608.0 288.00006103515625
v -63.99957275390625 607.8463134765625 289.560791015625
v 832.000732421875 607.3909912109375 291.0615234375
v 832.000732421875 607.8463134765625 289.560791015625
v -63.99957275390625 607.8463134765625 289.560791015625
v -63.99957275390625 607.3909912109375 291.0615234375
v 832.000732421875 606.6517333984375 292.4446105957031
v 832.000732421875 607.3909912109375 291.0615234375
v -63.99957275390625 607.3909912109375 291.0615234375
v -63.99957275390625 606.6517333984375 292.4446105957031
v 832.000732421875 605.6568603515625 293.65692138671875
v 832.000732421875 606.6517333984375 292.4446105957031
v -63.99957275390625 606.6517333984375 292.4446105957031
v -63.99957275390625 605.6568603515625 293.65692138671875
v 832.000732421875 604.444580078125 294.6518249511719
v 832.000732421875 605.6568603515625 293.65692138671875
v -63.99957275390625 605.6568603515625 293.65692138671875
v -63.99957275390625 604.444580078125 294.6518249511719
v 832.000732421875 603.0614624023438 295.39111328125
v 832.000732421875 604.444580078125 294.6518249511719
v -63.99957275390625 604.444580078125 294.6518249511719
v -63.99957275390625 603.0614624023438 295.39111328125
v 832.000732421875 601.5607299804688 295.8463439941406
v 832.000732421875 603.0614624023438 295.39111328125
v -63.99957275390625 603.0614624023438 295.39111328125
v -63.99957275390625 601.5607299804688 295.8463439941406
v 832.000732421875 600.0 296.00006103515625
v 832.000732421875 601.5607299804688 295.8463439941406
v -63.99957275390625 601.5607299804688 295.8463439941406
v -63.99957275390625 600.0 296.00006103515625
v 832.000732421875 598.4392700195312 295.8463439941406
v 832.000732421875 600.0 296.00006103515625
v -63.99957275390625 600.0 296.00006103515625
v -63.99957275390625 598.4392700195312 295.8463439941406
v 832.000732421875 596.9385375976562 295.3910827636719
v 832.000732421875 598.4392700195312 295.8463439941406
v -63.99957275390625 598.4392700195312 295.8463439941406
v -63.99957275390625 596.9385375976562 295.3910827636719
v 832.000732421875 595.555419921875 294.6518249511719
v 832.000732421875 596.9385375976562 295.3910827636719
v -63.99957275390625 596.9385375976562 295.3910827636719
v -63.99957275390625 595.555419921875 294.6518249511719
v 832.000732421875 594.3431396484375 293.65692138671875
v 832.000732421875 595.555419921875 294.6518249511719
v -63.99957275390625 595.555419921875 294.6518249511719
v -63.99957275390625 594.3431396484375 293.65692138671875
v 832.000732421875 593.3482666015625 292.4446105957031
v 832.000732421875 594.3431396484375 293.65692138671875
v -63.99957275390625 594.3431396484375 293.65692138671875
v -63.99957275390625 593.3482666015625 292.4446105957031
v 832.000732421875 592.6089477539062 291.0615234375
v 832.000732421875 593.3482666015625 292.4446105957031
v -63.99957275390625 593.3482666015625 292.4446105957031
v -63.99957275390625 592.6089477539062 291.0615234375
v 832.000732421875 592.1536865234375 289.560791015625
v 832.000732421875 592.6089477539062 291.0615234375
v -63.99957275390625 592.6089477539062 291.0615234375
v -63.99957275390625 592.1536865234375 289.560791015625
v 832.000732421875 592.0 288.00006103515625
v 832.000732421875 592.1536865234375 289.560791015625
v -63.99957275390625 592.1536865234375 289.560791015625
v -63.99957275390625 592.0 288.00006103515625
v 832.000732421875 592.1536865234375 286.4393310546875
v 832.000732421875 592.0 288.00006103515625
v -63.99957275390625 592.0 288.00006103515625
v -63.99957275390625 592.1536865234375 286.4393310546875
v 832.000732421875 592.6090087890625 284.9385986328125
v 832.000732421875 592.1536865234375 286.4393310546875
v -63.99957275390625 592.1536865234375 286.4393310546875
v -63.99957275390625 592.6090087890625 284.9385986328125
v 832.000732421875 593.3482666015625 283.5555114746094
v 832.000732421875 592.6090087890625 284.9385986328125
v -63.99957275390625 592.6090087890625 284.9385986328125
v -63.99957275390625 593.3482666015625 283.5555114746094
v 832.000732421875 594.3431396484375 282.34320068359375
v 832.000732421875 593.3482666015625 283.5555114746094
v -63.99957275390625 593.3482666015625 283.5555114746094
v -63.99957275390625 594.3431396484375 282.34320068359375
v 832.000732421875 595.555419921875 281.3482971191406
v 832.000732421875 594.3431396484375 282.34320068359375
v -63.99957275390625 594.3431396484375 282.34320068359375
v -63.99957275390625 595.555419921875 281.3482971191406
v 832.000732421875 596.9385375976562 280.6090393066406
v 832.000732421875 595.555419921875 281.3482971191406
v -63.99957275390625 595.555419921875 281.3482971191406
v -63.99957275390625 596.9385375976562 280.6090393066406
v 832.000732421875 598.4392700195312 280.1537780761719
v 832.000732421875 596.9385375976562 280.6090393066406
v -63.99957275390625 596.9385375976562 280.6090393066406
v -63.99957275390625 598.4392700195312 280.1537780761719
v 832.000732421875 600.0 280.00006103515625
v 832.000732421875 598.4392700195312 280.1537780761719
v -63.99957275390625 598.4392700195312 280.1537780761719
v -63.99957275390625 600.0 280.00006103515625
v -63.99957275390625 603.0614624023438 280.6090393066406
v -63.99957275390625 601.5607299804688 280.1537780761719
v -63.99957275390625 600.0 280.00006103515625
v -63.99957275390625 604.444580078125 281.3482971191406
v -63.99957275390625 605.6568603515625 282.34320068359375
v -63.99957275390625 606.6517333984375 283.5555114746094
v -63.99957275390625 607.3909912109375 284.9385986328125
v -63.99957275390625 607.8463134765625 286.4393310546875
v -63.99957275390625 608.0 288.00006103515625
v -63.99957275390625 607.8463134765625 289.560791015625
v -63.99957275390625 607.3909912109375 291.0615234375
v -63.99957275390625 606.6517333984375 292.4446105957031
v -63.99957275390625 605.6568603515625 293.65692138671875
v -63.99957275390625 604.444580078125 294.6518249511719
v -63.99957275390625 603.0614624023438 295.39111328125
v -63.99957275390625 601.5607299804688 295.8463439941406
v -63.99957275390625 600.0 296.00006103515625
v -63.99957275390625 598.4392700195312 295.8463439941406
v -63.99957275390625 596.9385375976562 295.3910827636719
v -63.99957275390625 595.555419921875 294.6518249511719
v -63.99957275390625 594.3431396484375 293.65692138671875
v -63.99957275390625 593.3482666015625 292.4446105957031
v -63.99957275390625 592.6089477539062 291.0615234375
v -63.99957275390625 592.1536865234375 289.560791015625
v -63.99957275390625 592.0 288.00006103515625
v -63.99957275390625 592.1536865234375 286.4393310546875
v -63.99957275390625 592.6090087890625 284.9385986328125
v -63.99957275390625 593.3482666015625 283.5555114746094
v -63.99957275390625 594.3431396484375 282.34320068359375
v -63.99957275390625 595.555419921875 281.3482971191406
v -63.99957275390625 596.9385375976562 280.6090393066406
v -63.99957275390625 598.4392700195312 280.1537780761719
v 832.000732421875 577.5607299804688 280.1537780761719
v 832.000732421875 579.0614624023438 280.6090393066406
v 832.000732421875 580.444580078125 281.3482971191406
v 832.000732421875 576.0 280.00006103515625
v 832.000732421875 574.4392700195312 280.1537780761719
v 832.000732421875 572.9385375976562 280.6090393066406
v 832.000732421875 571.555419921875 281.3482971191406
v 832.000732421875 570.3431396484375 282.34320068359375
v 832.000732421875 569.3482666015625 283.5555114746094
v 832.000732421875 568.6090087890625 284.9385986328125
v 832.000732421875 568.1536865234375 286.4393310546875
v 832.000732421875 568.0 288.00006103515625
v 832.000732421875 568.1536865234375 289.560791015625
v 832.000732421875 568.6089477539062 291.0615234375
v 832.000732421875 569.3482666015625 292.4446105957031
v 832.000732421875 570.3431396484375 293.65692138671875
v 832.000732421875 571.555419921875 294.6518249511719
v 832.000732421875 572.9385375976562 295.3910827636719
v 832.000732421875 574.4392700195312 295.8463439941406
v 832.000732421875 576.0 296.00006103515625
v 832.000732421875 577.5607299804688 295.8463439941406
v 832.000732421875 579.0614624023438 295.39111328125
v 832.000732421875 580.444580078125 294.6518249511719
v 832.000732421875 581.6568603515625 293.65692138671875
v 832.000732421875 582.6517333984375 292.4446105957031
v 832.000732421875 583.3909912109375 291.0615234375
v 832.000732421875 583.8463134765625 289.560791015625
v 832.000732421875 584.0 288.00006103515625
v 832.000732421875 583.8463134765625 286.4393310546875
v 832.000732421875 583.3909912109375 284.9385986328125
v 832.000732421875 582.6517333984375 283.5555114746094
v 832.000732421875 581.6568603515625 282.34320068359375
v 832.000732421875 577.5607299804688 280.1537780761719
v 832.000732421875 576.0 280.00006103515625
v -63.99957275390625 576.0 280.00006103515625
v -63.99957275390625 577.5607299804688 280.1537780761719
v 832.000732421875 579.0614624023438 280.6090393066406
v 832.000732421875 577.5607299804688 280.1537780761719
v -63.99957275390625 577.5607299804688 280.1537780761719
v -63.99957275390625 579.0614624023438 280.6090393066406
v 832.000732421875 580.444580078125 281.3482971191406
v 832.000732421875 579.0614624023438 280.6090393066406
v -63.99957275390625 579.0614624023438 280.6090393066406
v -63.99957275390625 580.444580078125 281.3482971191406
v 832.000732421875 581.6568603515625 282.34320068359375
v 832.000732421875 580.444580078125 281.3482971191406
v -63.99957275390625 580.444580078125 281.3482971191406
v -63.99957275390625 581.6568603515625 282.34320068359375
v 832.000732421875 582.6517333984375 283.5555114746094
v 832.000732421875 581.6568603515625 282.34320068359375
v -63.99957275390625 581.6568603515625 282.34320068359375
v -63.99957275390625 582.6517333984375 283.5555114746094
v 832.000732421875 583.3909912109375 284.9385986328125
v 832.000732421875 582.6517333984375 283.5555114746094
v -63.99957275390625 582.6517333984375 283.5555114746094
v -63.99957275390625 583.3909912109375 284.9385986328125
v 832.000732421875 583.8463134765625 286.4393310546875
v 832.000732421875 583.3909912109375 284.9385986328125
v -63.99957275390625 583.3909912109375 284.9385986328125
v -63.99957275390625 583.8463134765625 286.4393310546875
v 832.000732421875 584.0 288.00006103515625
v 832.000732421875 583.8463134765625 286.4393310546875
v -63.99957275390625 583.8463134765625 286.4393310546875
v -63.99957275390625 584.0 288.00006103515625
v 832.000732421875 583.8463134765625 289.560791015625
v 832.000732421875 584.0 288.00006103515625
v -63.99957275390625 584.0 288.00006103515625
v -63.99957275390625 583.8463134765625 289.560791015625
v 832.000732421875 583.3909912109375 291.0615234375
v 832.000732421875 583.8463134765625 289.560791015625
v -63.99957275390625 583.8463134765625 289.560791015625
v -63.99957275390625 583.3909912109375 291.0615234375
v 832.000732421875 582.6517333984375 292.4446105957031
v 832.000732421875 583.3909912109375 291.0615234375
v -63.99957275390625 583.3909912109375 291.0615234375
v -63.99957275390625 582.6517333984375 292.4446105957031
v 832.000732421875 581.6568603515625 293.65692138671875
v 832.000732421875 582.6517333984375 292.4446105957031
v -63.99957275390625 582.6517333984375 292.4446105957031
v -63.99957275390625 581.6568603515625 293.65692138671875
v 832.000732421875 580.444580078125 294.6518249511719
v 832.000732421875 581.6568603515625 293.65692138671875
v -63.99957275390625 581.6568603515625 293.65692138671875
v -63.99957275390625 580.444580078125 294.6518249511719
v 832.000732421875 579.0614624023438 295.39111328125
v 832.000732421875 580.444580078125 294.6518249511719
v -63.99957275390625 580.444580078125 294.6518249511719
v -63.99957275390625 579.0614624023438 295.39111328125
v 832.000732421875 577.5607299804688 295.8463439941406
v 832.000732421875 579.0614624023438 295.39111328125
v -63.99957275390625 579.0614624023438 295.39111328125
v -63.99957275390625 577.5607299804688 295.8463439941406
v 832.000732421875 576.0 296.00006103515625
v 832.000732421875 577.5607299804688 295.8463439941406
v -63.99957275390625 577.5607299804688 295.8463439941406
v -63.99957275390625 576.0 296.00006103515625
v 832.000732421875 574.4392700195312 295.8463439941406
v 832.000732421875 576.0 296.00006103515625
v -63.99957275390625 576.0 296.00006103515625
v -63.99957275390625 574.4392700195312 295.8463439941406
v 832.000732421875 572.9385375976562 295.3910827636719
v 832.000732421875 574.4392700195312 295.8463439941406
v -63.99957275390625 574.4392700195312 295.8463439941406
v -63.99957275390625 572.9385375976562 295.3910827636719
v 832.000732421875 571.555419921875 294.6518249511719
v 832.000732421875 572.9385375976562 295.3910827636719
v -63.99957275390625 572.9385375976562 295.3910827636719
v -63.99957275390625 571.555419921875 294.6518249511719
v 832.000732421875 570.3431396484375 293.65692138671875
v 832.000732421875 571.555419921875 294.6518249511719
v -63.99957275390625 571.555419921875 294.6518249511719
v -63.99957275390625 570.3431396484375 293.65692138671875
v 832.000732421875 569.3482666015625 292.4446105957031
v 832.000732421875 570.3431396484375 293.65692138671875
v -63.99957275390625 570.3431396484375 293.65692138671875
v -63.99957275390625 569.3482666015625 292.4446105957031
v 832.000732421875 568.6089477539062 291.0615234375
v 832.000732421875 569.3482666015625 292.4446105957031
v -63.99957275390625 569.3482666015625 292.4446105957031
v -63.99957275390625 568.6089477539062 291.0615234375
v 832.000732421875 568.1536865234375 289.560791015625
v 832.000732421875 568.6089477539062 291.0615234375
v -63.99957275390625 568.6089477539062 291.0615234375
v -63.99957275390625 568.1536865234375 289.560791015625
v 832.000732421875 568.0 288.00006103515625
v 832.000732421875 568.1536865234375 289.560791015625
v -63.99957275390625 568.1536865234375 289.560791015625
v -63.99957275390625 568.0 288.00006103515625
v 832.000732421875 568.1536865234375 286.4393310546875
v 832.000732421875 568.0 288.00006103515625
v -63.99957275390625 568.0 288.00006103515625
v -63.99957275390625 568.1536865234375 286.4393310546875
v 832.000732421875 568.6090087890625 284.9385986328125
v 832.000732421875 568.1536865234375 286.4393310546875
v -63.99957275390625 568.1536865234375 286.4393310546875
v -63.99957275390625 568.6090087890625 284.9385986328125
v 832.000732421875 569.3482666015625 283.5555114746094
v 832.000732421875 568.6090087890625 284.9385986328125
v -63.99957275390625 568.6090087890625 284.9385986328125
v -63.99957275390625 569.3482666015625 283.5555114746094
v 832.000732421875 570.3431396484375 282.34320068359375
v 832.000732421875 569.3482666015625 283.5555114746094
v -63.99957275390625 569.3482666015625 283.5555114746094
v -63.99957275390625 570.3431396484375 282.34320068359375
v 832.000732421875 571.555419921875 281.3482971191406
v 832.000732421875 570.3431396484375 282.34320068359375
v -63.99957275390625 570.3431396484375 282.34320068359375
v -63.99957275390625 571.555419921875 281.3482971191406
v 832.000732421875 572.9385375976562 280.6090393066406
v 832.000732421875 571.555419921875 281.3482971191406
v -63.99957275390625 571.555419921875 281.3482971191406
v -63.99957275390625 572.9385375976562 280.6090393066406
v 832.000732421875 574.4392700195312 280.1537780761719
v 832.000732421875 572.9385375976562 280.6090393066406
v -63.99957275390625 572.9385375976562 280.6090393066406
v -63.99957275390625 574.4392700195312 280.1537780761719
v 832.000732421875 576.0 280.00006103515625
v 832.000732421875 574.4392700195312 280.1537780761719
v -63.99957275390625 574.4392700195312 280.1537780761719
v -63.99957275390625 576.0 280.00006103515625
v -63.99957275390625 579.0614624023438 280.6090393066406
v -63.99957275390625 577.5607299804688 280.1537780761719
v -63.99957275390625 576.0 280.00006103515625
v -63.99957275390625 580.444580078125 281.3482971191406
v -63.99957275390625 581.6568603515625 282.34320068359375
v -63.99957275390625 582.6517333984375 283.5555114746094
v -63.99957275390625 583.3909912109375 284.9385986328125
v -63.99957275390625 583.8463134765625 286.4393310546875
v -63.99957275390625 584.0 288.00006103515625
v -63.99957275390625 583.8463134765625 289.560791015625
v -63.99957275390625 583.3909912109375 291.0615234375
v -63.99957275390625 582.6517333984375 292.4446105957031
v -63.99957275390625 581.6568603515625 293.65692138671875
v -63.99957275390625 580.444580078125 294.6518249511719
v -63.99957275390625 579.0614624023438 295.39111328125
v -63.99957275390625 577.5607299804688 295.8463439941406
v -63.99957275390625 576.0 296.00006103515625
v -63.99957275390625 574.4392700195312 295.8463439941406
v -63.99957275390625 572.9385375976562 295.3910827636719
v -63.99957275390625 571.555419921875 294.6518249511719
v -63.99957275390625 570.3431396484375 293.65692138671875
v -63.99957275390625 569.3482666015625 292.4446105957031
v -63.99957275390625 568.6089477539062 291.0615234375
v -63.99957275390625 568.1536865234375 289.560791015625
v -63.99957275390625 568.0 288.00006103515625
v -63.99957275390625 568.1536865234375 286.4393310546875
v -63.99957275390625 568.6090087890625 284.9385986328125
v -63.99957275390625 569.3482666015625 283.5555114746094
v -63.99957275390625 570.3431396484375 282.34320068359375
v -63.99957275390625 571.555419921875 281.3482971191406
v -63.99957275390625 572.9385375976562 280.6090393066406
v -63.99957275390625 574.4392700195312 280.1537780761719
v 832.0 622.4392700195312 -248.1536865234375
v 832.0 620.9385375976562 -248.6090087890625
v 832.0 619.555419921875 -249.3482666015625
v 832.0 624.0 -248.0
v 832.0 625.5607299804688 -248.1536865234375
v 832.0 627.0614624023438 -248.6090087890625
v 832.0 628.444580078125 -249.3482666015625
v 832.0 629.6568603515625 -250.3431396484375
v 832.0 630.6517333984375 -251.555419921875
v 832.0 631.3909912109375 -252.93853759765625
v 832.0 631.8463134765625 -254.43927001953125
v 832.0 632.0 -256.0
v 832.0 631.8463134765625 -257.56072998046875
v 832.0 631.3909912109375 -259.06146240234375
v 832.0 630.6517333984375 -260.44451904296875
v 832.0 629.6568603515625 -261.6568603515625
v 832.0 628.444580078125 -262.65179443359375
v 832.0 627.0614624023438 -263.39105224609375
v 832.0 625.5607299804688 -263.84625244140625
v 832.0 624.0 -264.0
v 832.0 622.4392700195312 -263.84625244140625
v 832.0 620.9385375976562 -263.39105224609375
v 832.0 619.555419921875 -262.65179443359375
v 832.0 618.3431396484375 -261.6568603515625
v 832.0 617.3482666015625 -260.44451904296875
v 832.0 616.6089477539062 -259.06146240234375
v 832.0 616.1536865234375 -257.56072998046875
v 832.0 616.0 -256.0
v 832.0 616.1536865234375 -254.43927001953125
v 832.0 616.6090087890625 -252.93853759765625
v 832.0 617.3482666015625 -251.555419921875
v 832.0 618.3431396484375 -250.3431396484375
v 832.0 624.0 -248.0
v 832.0 625.5607299804688 -248.1536865234375
v 704.0000610351562 625.5607299804688 -248.1536865234375
v 704.0000610351562 624.0 -248.0
v 832.0 625.5607299804688 -248.1536865234375
v 832.0 627.0614624023438 -248.6090087890625
v 704.0000610351562 627.0614624023438 -248.6090087890625
v 704.0000610351562 625.5607299804688 -248.1536865234375
v 832.0 627.0614624023438 -248.6090087890625
v 832.0 628.444580078125 -249.3482666015625
v 704.0000610351562 628.444580078125 -249.3482666015625
v 704.0000610351562 627.0614624023438 -248.6090087890625
v 832.0 628.444580078125 -249.3482666015625
v 832.0 629.6568603515625 -250.3431396484375
v 704.0000610351562 629.6568603515625 -250.3431396484375
v 704.0000610351562 628.444580078125 -249.3482666015625
v 832.0 629.6568603515625 -250.3431396484375
v 832.0 630.6517333984375 -251.555419921875
v 704.0000610351562 630.6517333984375 -251.555419921875
v 704.0000610351562 629.6568603515625 -250.3431396484375
v 832.0 630.6517333984375 -251.555419921875
v 832.0 631.3909912109375 -252.93853759765625
v 704.0000610351562 631.3909912109375 -252.93853759765625
v 704.0000610351562 630.6517333984375 -251.555419921875
v 832.0 631.3909912109375 -252.93853759765625
v 832.0 631.8463134765625 -254.43927001953125
v 704.0000610351562 631.8463134765625 -254.43927001953125
v 704.0000610351562 631.3909912109375 -252.93853759765625
v 832.0 631.8463134765625 -254.43927001953125
v 832.0 632.0 -256.0
v 704.0000610351562 632.0 -256.0
v 704.0000610351562 631.8463134765625 -254.43927001953125
v 832.0 632.0 -256.0
v 832.0 631.8463134765625 -257.56072998046875
v 704.0000610351562 631.8463134765625 -257.56072998046875
v 704.0000610351562 632.0 -256.0
v 832.0 631.8463134765625 -257.56072998046875
v 832.0 631.3909912109375 -259.06146240234375
v 704.0000610351562 631.3909912109375 -259.06146240234375
v 704.0000610351562 631.8463134765625 -257.56072998046875
v 832.0 631.3909912109375 -259.06146240234375
v 832.0 630.6517333984375 -260.44451904296875
v 704.0000610351562 630.6517333984375 -260.44451904296875
v 704.0000610351562 631.3909912109375 -259.06146240234375
v 832.0 630.6517333984375 -260.44451904296875
v 832.0 629.6568603515625 -261.6568603515625
v 704.0000610351562 629.6568603515625 -261.6568603515625
v 704.0000610351562 630.6517333984375 -260.44451904296875
v 832.0 629.6568603515625 -261.6568603515625
v 832.0 628.444580078125 -262.65179443359375
v 704.0000610351562 628.444580078125 -262.65179443359375
v 704.0000610351562 629.6568603515625 -261.6568603515625
v 832.0 628.444580078125 -262.65179443359375
v 832.0 627.0614624023438 -263.39105224609375
v 704.0000610351562 627.0614624023438 -263.39105224609375
v 704.0000610351562 628.444580078125 -262.65179443359375
v 832.0 627.0614624023438 -263.39105224609375
v 832.0 625.5607299804688 -263.84625244140625
v 704.0000610351562 625.5607299804688 -263.84625244140625
v 704.0000610351562 627.0614624023438 -263.39105224609375
v 832.0 625.5607299804688 -263.84625244140625
v 832.0 624.0 -264.0
v 704.0000610351562 624.0 -264.0
v 704.0000610351562 625.5607299804688 -263.84625244140625
v 832.0 624.0 -264.0
v 832.0 622.4392700195312 -263.84625244140625
v 704.0000610351562 622.4392700195312 -263.84625244140625
v 704.0000610351562 624.0 -264.0
v 832.0 622.4392700195312 -263.84625244140625
v 832.0 620.9385375976562 -263.39105224609375
v 704.0000610351562 620.9385375976562 -263.39105224609375
v 704.0000610351562 622.4392700195312 -263.84625244140625
v 832.0 620.9385375976562 -263.39105224609375
v 832.0 619.555419921875 -262.65179443359375
v 704.0000610351562 619.555419921875 -262.65179443359375
v 704.0000610351562 620.9385375976562 -263.39105224609375
v 832.0 619.555419921875 -262.65179443359375
v 832.0 618.3431396484375 -261.6568603515625
v 704.0000610351562 618.3431396484375 -261.6568603515625
v 704.0000610351562 619.555419921875 -262.65179443359375
v 832.0 618.3431396484375 -261.6568603515625
v 832.0 617.3482666015625 -260.44451904296875
v 704.0000610351562 617.3482666015625 -260.44451904296875
v 704.0000610351562 618.3431396484375 -261.6568603515625
v 832.0 617.3482666015625 -260.44451904296875
v 832.0 616.6089477539062 -259.06146240234375
v 704.0000610351562 616.6089477539062 -259.06146240234375
v 704.0000610351562 617.3482666015625 -260.44451904296875
v 832.0 616.6089477539062 -259.06146240234375
v 832.0 616.1536865234375 -257.56072998046875
v 704.0000610351562 616.1536865234375 -257.56072998046875
v 704.0000610351562 616.6089477539062 -259.06146240234375
v 832.0 616.1536865234375 -257.56072998046875
v 832.0 616.0 -256.0
v 704.0000610351562 616.0 -256.0
v 704.0000610351562 616.1536865234375 -257.56072998046875
v 832.0 616.0 -256.0
v 832.0 616.1536865234375 -254.43927001953125
v 704.0000610351562 616.1536865234375 -254.43927001953125
v 704.0000610351562 616.0 -256.0
v 832.0 616.1536865234375 -254.43927001953125
v 832.0 616.6090087890625 -252.93853759765625
v 704.0000610351562 616.6090087890625 -252.93853759765625
v 704.0000610351562 616.1536865234375 -254.43927001953125
v 832.0 616.6090087890625 -252.93853759765625
v 832.0 617.3482666015625 -251.555419921875
v 704.0000610351562 617.3482666015625 -251.555419921875
v 704.0000610351562 616.6090087890625 -252.93853759765625
v 832.0 617.3482666015625 -251.555419921875
v 832.0 618.3431396484375 -250.3431396484375
v 704.0000610351562 618.3431396484375 -250.3431396484375
v 704.0000610351562 617.3482666015625 -251.555419921875
v 832.0 618.3431396484375 -250.3431396484375
v 832.0 619.555419921875 -249.3482666015625
v 704.0000610351562 619.555419921875 -249.3482666015625
v 704.0000610351562 618.3431396484375 -250.3431396484375
v 832.0 619.555419921875 -249.3482666015625
v 832.0 620.9385375976562 -248.6090087890625
v 704.0000610351562 620.9385375976562 -248.6090087890625
v 704.0000610351562 619.555419921875 -249.3482666015625
v 832.0 620.9385375976562 -248.6090087890625
v 832.0 622.4392700195312 -248.1536865234375
v 704.0000610351562 622.4392700195312 -248.1536865234375
v 704.0000610351562 620.9385375976562 -248.6090087890625
v 832.0 622.4392700195312 -248.1536865234375
v 832.0 624.0 -248.0
v 704.0000610351562 624.0 -248.0
v 704.0000610351562 622.4392700195312 -248.1536865234375
v 704.0000610351562 627.0614624023438 -263.39105224609375
v 704.0000610351562 625.5607299804688 -263.84625244140625
v 704.0000610351562 624.0 -264.0
v 704.0000610351562 628.444580078125 -262.65179443359375
v 704.0000610351562 629.6568603515625 -261.6568603515625
v 704.0000610351562 630.6517333984375 -260.44451904296875
v 704.0000610351562 631.3909912109375 -259.06146240234375
v 704.0000610351562 631.8463134765625 -257.56072998046875
v 704.0000610351562 632.0 -256.0
v 704.0000610351562 631.8463134765625 -254.43927001953125
v 704.0000610351562 631.3909912109375 -252.93853759765625
v 704.0000610351562 630.6517333984375 -251.555419921875
v 704.0000610351562 629.6568603515625 -250.3431396484375
v 704.0000610351562 628.444580078125 -249.3482666015625
v 704.0000610351562 627.0614624023438 -248.6090087890625
v 704.0000610351562 625.5607299804688 -248.1536865234375
v 704.0000610351562 624.0 -248.0
v 704.0000610351562 622.4392700195312 -248.1536865234375
v 704.0000610351562 620.9385375976562 -248.6090087890625
v 704.0000610351562 619.555419921875 -249.3482666015625
v 704.0000610351562 618.3431396484375 -250.3431396484375
v 704.0000610351562 617.3482666015625 -251.555419921875
v 704.0000610351562 616.6090087890625 -252.93853759765625
v 704.0000610351562 616.1536865234375 -254.43927001953125
v 704.0000610351562 616.0 -256.0
v 704.0000610351562 616.1536865234375 -257.56072998046875
v 704.0000610351562 616.6089477539062 -259.06146240234375
v 704.0000610351562 617.3482666015625 -260.44451904296875
v 704.0000610351562 618.3431396484375 -261.6568603515625
v 704.0000610351562 619.555419921875 -262.65179443359375
v 704.0000610351562 620.9385375976562 -263.39105224609375
v 704.0000610351562 622.4392700195312 -263.84625244140625
v 832.0 598.4392700195312 -248.1536865234375
v 832.0 596.9385375976562 -248.6090087890625
v 832.0 595.555419921875 -249.3482666015625
v 832.0 600.0 -248.0
v 832.0 601.5607299804688 -248.1536865234375
v 832.0 603.0614624023438 -248.6090087890625
v 832.0 604.444580078125 -249.3482666015625
v 832.0 605.6568603515625 -250.3431396484375
v 832.0 606.6517333984375 -251.555419921875
v 832.0 607.3909912109375 -252.93853759765625
v 832.0 607.8463134765625 -254.43927001953125
v 832.0 608.0 -256.0
v 832.0 607.8463134765625 -257.56072998046875
v 832.0 607.3909912109375 -259.06146240234375
v 832.0 606.6517333984375 -260.44451904296875
v 832.0 605.6568603515625 -261.6568603515625
v 832.0 604.444580078125 -262.65179443359375
v 832.0 603.0614624023438 -263.39105224609375
v 832.0 601.5607299804688 -263.84625244140625
v 832.0 600.0 -264.0
v 832.0 598.4392700195312 -263.84625244140625
v 832.0 596.9385375976562 -263.39105224609375
v 832.0 595.555419921875 -262.65179443359375
v 832.0 594.3431396484375 -261.6568603515625
v 832.0 593.3482666015625 -260.44451904296875
v 832.0 592.6089477539062 -259.06146240234375
v 832.0 592.1536865234375 -257.56072998046875
v 832.0 592.0 -256.0
v 832.0 592.1536865234375 -254.43927001953125
v 832.0 592.6090087890625 -252.93853759765625
v 832.0 593.3482666015625 -251.555419921875
v 832.0 594.3431396484375 -250.3431396484375
v 832.0 600.0 -248.0
v 832.0 601.5607299804688 -248.1536865234375
v 704.0000610351562 601.5607299804688 -248.1536865234375
v 704.0000610351562 600.0 -248.0
v 832.0 601.5607299804688 -248.1536865234375
v 832.0 603.0614624023438 -248.6090087890625
v 704.0000610351562 603.0614624023438 -248.6090087890625
v 704.0000610351562 601.5607299804688 -248.1536865234375
v 832.0 603.0614624023438 -248.6090087890625
v 832.0 604.444580078125 -249.3482666015625
v 704.0000610351562 604.444580078125 -249.3482666015625
v 704.0000610351562 603.0614624023438 -248.6090087890625
v 832.0 604.444580078125 -249.3482666015625
v 832.0 605.6568603515625 -250.3431396484375
v 704.0000610351562 605.6568603515625 -250.3431396484375
v 704.0000610351562 604.444580078125 -249.3482666015625
v 832.0 605.6568603515625 -250.3431396484375
v 832.0 606.6517333984375 -251.555419921875
v 704.0000610351562 606.6517333984375 -251.555419921875
v 704.0000610351562 605.6568603515625 -250.3431396484375
v 832.0 606.6517333984375 -251.555419921875
v 832.0 607.3909912109375 -252.93853759765625
v 704.0000610351562 607.3909912109375 -252.93853759765625
v 704.0000610351562 606.6517333984375 -251.555419921875
v 832.0 607.3909912109375 -252.93853759765625
v 832.0 607.8463134765625 -254.43927001953125
v 704.0000610351562 607.8463134765625 -254.43927001953125
v 704.0000610351562 607.3909912109375 -252.93853759765625
v 832.0 607.8463134765625 -254.43927001953125
v 832.0 608.0 -256.0
v 704.0000610351562 608.0 -256.0
v 704.0000610351562 607.8463134765625 -254.43927001953125
v 832.0 608.0 -256.0
v 832.0 607.8463134765625 -257.56072998046875
v 704.0000610351562 607.8463134765625 -257.56072998046875
v 704.0000610351562 608.0 -256.0
v 832.0 607.8463134765625 -257.56072998046875
v 832.0 607.3909912109375 -259.06146240234375
v 704.0000610351562 607.3909912109375 -259.06146240234375
v 704.0000610351562 607.8463134765625 -257.56072998046875
v 832.0 607.3909912109375 -259.06146240234375
v 832.0 606.6517333984375 -260.44451904296875
v 704.0000610351562 606.6517333984375 -260.44451904296875
v 704.0000610351562 607.3909912109375 -259.06146240234375
v 832.0 606.6517333984375 -260.44451904296875
v 832.0 605.6568603515625 -261.6568603515625
v 704.0000610351562 605.6568603515625 -261.6568603515625
v 704.0000610351562 606.6517333984375 -260.44451904296875
v 832.0 605.6568603515625 -261.6568603515625
v 832.0 604.444580078125 -262.65179443359375
v 704.0000610351562 604.444580078125 -262.65179443359375
v 704.0000610351562 605.6568603515625 -261.6568603515625
v 832.0 604.444580078125 -262.65179443359375
v 832.0 603.0614624023438 -263.39105224609375
v 704.0000610351562 603.0614624023438 -263.39105224609375
v 704.0000610351562 604.444580078125 -262.65179443359375
v 832.0 603.0614624023438 -263.39105224609375
v 832.0 601.5607299804688 -263.84625244140625
v 704.0000610351562 601.5607299804688 -263.84625244140625
v 704.0000610351562 603.0614624023438 -263.39105224609375
v 832.0 601.5607299804688 -263.84625244140625
v 832.0 600.0 -264.0
v 704.0000610351562 600.0 -264.0
v 704.0000610351562 601.5607299804688 -263.84625244140625
v 832.0 600.0 -264.0
v 832.0 598.4392700195312 -263.84625244140625
v 704.0000610351562 598.4392700195312 -263.84625244140625
v 704.0000610351562 600.0 -264.0
v 832.0 598.4392700195312 -263.84625244140625
v 832.0 596.9385375976562 -263.39105224609375
v 704.0000610351562 596.9385375976562 -263.39105224609375
v 704.0000610351562 598.4392700195312 -263.84625244140625
v 832.0 596.9385375976562 -263.39105224609375
v 832.0 595.555419921875 -262.65179443359375
v 704.0000610351562 595.555419921875 -262.65179443359375
v 704.0000610351562 596.9385375976562 -263.39105224609375
v 832.0 595.555419921875 -262.65179443359375
v 832.0 594.3431396484375 -261.6568603515625
v 704.0000610351562 594.3431396484375 -261.6568603515625
v 704.0000610351562 595.555419921875 -262.65179443359375
v 832.0 594.3431396484375 -261.6568603515625
v 832.0 593.3482666015625 -260.44451904296875
v 704.0000610351562 593.3482666015625 -260.44451904296875
v 704.0000610351562 594.3431396484375 -261.6568603515625
v 832.0 593.3482666015625 -260.44451904296875
v 832.0 592.6089477539062 -259.06146240234375
v 704.0000610351562 592.6089477539062 -259.06146240234375
v 704.0000610351562 593.3482666015625 -260.44451904296875
v 832.0 592.6089477539062 -259.06146240234375
v 832.0 592.1536865234375 -257.56072998046875
v 704.0000610351562 592.1536865234375 -257.56072998046875
v 704.0000610351562 592.6089477539062 -259.06146240234375
v 832.0 592.1536865234375 -257.56072998046875
v 832.0 592.0 -256.0
v 704.0000610351562 592.0 -256.0
v 704.0000610351562 592.1536865234375 -257.56072998046875
v 832.0 592.0 -256.0
v 832.0 592.1536865234375 -254.43927001953125
v 704.0000610351562 592.1536865234375 -254.43927001953125
v 704.0000610351562 592.0 -256.0
v 832.0 592.1536865234375 -254.43927001953125
v 832.0 592.6090087890625 -252.93853759765625
v 704.0000610351562 592.6090087890625 -252.93853759765625
v 704.0000610351562 592.1536865234375 -254.43927001953125
v 832.0 592.6090087890625 -252.93853759765625
v 832.0 593.3482666015625 -251.555419921875
v 704.0000610351562 593.3482666015625 -251.555419921875
v 704.0000610351562 592.6090087890625 -252.93853759765625
v 832.0 593.3482666015625 -251.555419921875
v 832.0 594.3431396484375 -250.3431396484375
v 704.0000610351562 594.3431396484375 -250.3431396484375
v 704.0000610351562 593.3482666015625 -251.555419921875
v 832.0 594.3431396484375 -250.3431396484375
v 832.0 595.555419921875 -249.3482666015625
v 704.0000610351562 595.555419921875 -249.3482666015625
v 704.0000610351562 594.3431396484375 -250.3431396484375
v 832.0 595.555419921875 -249.3482666015625
v 832.0 596.9385375976562 -248.6090087890625
v 704.0000610351562 596.9385375976562 -248.6090087890625
v 704.0000610351562 595.555419921875 -249.3482666015625
v 832.0 596.9385375976562 -248.6090087890625
v 832.0 598.4392700195312 -248.1536865234375
v 704.0000610351562 598.4392700195312 -248.1536865234375
v 704.0000610351562 596.9385375976562 -248.6090087890625
v 832.0 598.4392700195312 -248.1536865234375
v 832.0 600.0 -248.0
v 704.0000610351562 600.0 -248.0
v 704.0000610351562 598.4392700195312 -248.1536865234375
v 704.0000610351562 603.0614624023438 -263.39105224609375
v 704.0000610351562 601.5607299804688 -263.84625244140625
v 704.0000610351562 600.0 -264.0
v 704.0000610351562 604.444580078125 -262.65179443359375
v 704.0000610351562 605.6568603515625 -261.6568603515625
v 704.0000610351562 606.6517333984375 -260.44451904296875
v 704.0000610351562 607.3909912109375 -259.06146240234375
v 704.0000610351562 607.8463134765625 -257.56072998046875
v 704.0000610351562 608.0 -256.0
v 704.0000610351562 607.8463134765625 -254.43927001953125
v 704.0000610351562 607.3909912109375 -252.93853759765625
v 704.0000610351562 606.6517333984375 -251.555419921875
v 704.0000610351562 605.6568603515625 -250.3431396484375
v 704.0000610351562 604.444580078125 -249.3482666015625
v 704.0000610351562 603.0614624023438 -248.6090087890625
v 704.0000610351562 601.5607299804688 -248.1536865234375
v 704.0000610351562 600.0 -248.0
v 704.0000610351562 598.4392700195312 -248.1536865234375
v 704.0000610351562 596.9385375976562 -248.6090087890625
v 704.0000610351562 595.555419921875 -249.3482666015625
v 704.0000610351562 594.3431396484375 -250.3431396484375
v 704.0000610351562 593.3482666015625 -251.555419921875
v 704.0000610351562 592.6090087890625 -252.93853759765625
v 704.0000610351562 592.1536865234375 -254.43927001953125
v 704.0000610351562 592.0 -256.0
v 704.0000610351562 592.1536865234375 -257.56072998046875
v 704.0000610351562 592.6089477539062 -259.06146240234375
v 704.0000610351562 593.3482666015625 -260.44451904296875
v 704.0000610351562 594.3431396484375 -261.6568603515625
v 704.0000610351562 595.555419921875 -262.65179443359375
v 704.0000610351562 596.9385375976562 -263.39105224609375
v 704.0000610351562 598.4392700195312 -263.84625244140625
v 832.0 574.4392700195312 -248.1536865234375
v 832.0 572.9385375976562 -248.6090087890625
v 832.0 571.555419921875 -249.3482666015625
v 832.0 576.0 -248.0
v 832.0 577.5607299804688 -248.1536865234375
v 832.0 579.0614624023438 -248.6090087890625
v 832.0 580.444580078125 -249.3482666015625
v 832.0 581.6568603515625 -250.3431396484375
v 832.0 582.6517333984375 -251.555419921875
v 832.0 583.3909912109375 -252.93853759765625
v 832.0 583.8463134765625 -254.43927001953125
v 832.0 584.0 -256.0
v 832.0 583.8463134765625 -257.56072998046875
v 832.0 583.3909912109375 -259.06146240234375
v 832.0 582.6517333984375 -260.44451904296875
v 832.0 581.6568603515625 -261.6568603515625
v 832.0 580.444580078125 -262.65179443359375
v 832.0 579.0614624023438 -263.39105224609375
v 832.0 577.5607299804688 -263.84625244140625
v 832.0 576.0 -264.0
v 832.0 574.4392700195312 -263.84625244140625
v 832.0 572.9385375976562 -263.39105224609375
v 832.0 571.555419921875 -262.65179443359375
v 832.0 570.3431396484375 -261.6568603515625
v 832.0 569.3482666015625 -260.44451904296875
v 832.0 568.6089477539062 -259.06146240234375
v 832.0 568.1536865234375 -257.56072998046875
v 832.0 568.0 -256.0
v 832.0 568.1536865234375 -254.43927001953125
v 832.0 568.6090087890625 -252.93853759765625
v 832.0 569.3482666015625 -251.555419921875
v 832.0 570.3431396484375 -250.3431396484375
v 832.0 576.0 -248.0
v 832.0 577.5607299804688 -248.1536865234375
v 704.0000610351562 577.5607299804688 -248.1536865234375
v 704.0000610351562 576.0 -248.0
v 832.0 577.5607299804688 -248.1536865234375
v 832.0 579.0614624023438 -248.6090087890625
v 704.0000610351562 579.0614624023438 -248.6090087890625
v 704.0000610351562 577.5607299804688 -248.1536865234375
v 832.0 579.0614624023438 -248.6090087890625
v 832.0 580.444580078125 -249.3482666015625
v 704.0000610351562 580.444580078125 -249.3482666015625
v 704.0000610351562 579.0614624023438 -248.6090087890625
v 832.0 580.444580078125 -249.3482666015625
v 832.0 581.6568603515625 -250.3431396484375
v 704.0000610351562 581.6568603515625 -250.3431396484375
v 704.0000610351562 580.444580078125 -249.3482666015625
v 832.0 581.6568603515625 -250.3431396484375
v 832.0 582.6517333984375 -251.555419921875
v 704.0000610351562 582.6517333984375 -251.555419921875
v 704.0000610351562 581.6568603515625 -250.3431396484375
v 832.0 582.6517333984375 -251.555419921875
v 832.0 583.3909912109375 -252.93853759765625
v 704.0000610351562 583.3909912109375 -252.93853759765625
v 704.0000610351562 582.6517333984375 -251.555419921875
v 832.0 583.3909912109375 -252.93853759765625
v 832.0 583.8463134765625 -254.43927001953125
v 704.0000610351562 583.8463134765625 -254.43927001953125
v 704.0000610351562 583.3909912109375 -252.93853759765625
v 832.0 583.8463134765625 -254.43927001953125
v 832.0 584.0 -256.0
v 704.0000610351562 584.0 -256.0
v 704.0000610351562 583.8463134765625 -254.43927001953125
v 832.0 584.0 -256.0
v 832.0 583.8463134765625 -257.56072998046875
v 704.0000610351562 583.8463134765625 -257.56072998046875
v 704.0000610351562 584.0 -256.0
v 832.0 583.8463134765625 -257.56072998046875
v 832.0 583.3909912109375 -259.06146240234375
v 704.0000610351562 583.3909912109375 -259.06146240234375
v 704.0000610351562 583.8463134765625 -257.56072998046875
v 832.0 583.3909912109375 -259.06146240234375
v 832.0 582.6517333984375 -260.44451904296875
v 704.0000610351562 582.6517333984375 -260.44451904296875
v 704.0000610351562 583.3909912109375 -259.06146240234375
v 832.0 582.6517333984375 -260.44451904296875
v 832.0 581.6568603515625 -261.6568603515625
v 704.0000610351562 581.6568603515625 -261.6568603515625
v 704.0000610351562 582.6517333984375 -260.44451904296875
v 832.0 581.6568603515625 -261.6568603515625
v 832.0 580.444580078125 -262.65179443359375
v 704.0000610351562 580.444580078125 -262.65179443359375
v 704.0000610351562 581.6568603515625 -261.6568603515625
v 832.0 580.444580078125 -262.65179443359375
v 832.0 579.0614624023438 -263.39105224609375
v 704.0000610351562 579.0614624023438 -263.39105224609375
v 704.0000610351562 580.444580078125 -262.65179443359375
v 832.0 579.0614624023438 -263.39105224609375
v 832.0 577.5607299804688 -263.84625244140625
v 704.0000610351562 577.5607299804688 -263.84625244140625
v 704.0000610351562 579.0614624023438 -263.39105224609375
v 832.0 577.5607299804688 -263.84625244140625
v 832.0 576.0 -264.0
v 704.0000610351562 576.0 -264.0
v 704.0000610351562 577.5607299804688 -263.84625244140625
v 832.0 576.0 -264.0
v 832.0 574.4392700195312 -263.84625244140625
v 704.0000610351562 574.4392700195312 -263.84625244140625
v 704.0000610351562 576.0 -264.0
v 832.0 574.4392700195312 -263.84625244140625
v 832.0 572.9385375976562 -263.39105224609375
v 704.0000610351562 572.9385375976562 -263.39105224609375
v 704.0000610351562 574.4392700195312 -263.84625244140625
v 832.0 572.9385375976562 -263.39105224609375
v 832.0 571.555419921875 -262.65179443359375
v 704.0000610351562 571.555419921875 -262.65179443359375
v 704.0000610351562 572.9385375976562 -263.39105224609375
v 832.0 571.555419921875 -262.65179443359375
v 832.0 570.3431396484375 -261.6568603515625
v 704.0000610351562 570.3431396484375 -261.6568603515625
v 704.0000610351562 571.555419921875 -262.65179443359375
v 832.0 570.3431396484375 -261.6568603515625
v 832.0 569.3482666015625 -260.44451904296875
v 704.0000610351562 569.3482666015625 -260.44451904296875
v 704.0000610351562 570.3431396484375 -261.6568603515625
v 832.0 569.3482666015625 -260.44451904296875
v 832.0 568.6089477539062 -259.06146240234375
v 704.0000610351562 568.6089477539062 -259.06146240234375
v 704.0000610351562 569.3482666015625 -260.44451904296875
v 832.0 568.6089477539062 -259.06146240234375
v 832.0 568.1536865234375 -257.56072998046875
v 704.0000610351562 568.1536865234375 -257.56072998046875
v 704.0000610351562 568.6089477539062 -259.06146240234375
v 832.0 568.1536865234375 -257.56072998046875
v 832.0 568.0 -256.0
v 704.0000610351562 568.0 -256.0
v 704.0000610351562 568.1536865234375 -257.56072998046875
v 832.0 568.0 -256.0
v 832.0 568.1536865234375 -254.43927001953125
v 704.0000610351562 568.1536865234375 -254.43927001953125
v 704.0000610351562 568.0 -256.0
v 832.0 568.1536865234375 -254.43927001953125
v 832.0 568.6090087890625 -252.93853759765625
v 704.0000610351562 568.6090087890625 -252.93853759765625
v 704.0000610351562 568.1536865234375 -254.43927001953125
v 832.0 568.6090087890625 -252.93853759765625
v 832.0 569.3482666015625 -251.555419921875
v 704.0000610351562 569.3482666015625 -251.555419921875
v 704.0000610351562 568.6090087890625 -252.93853759765625
v 832.0 569.3482666015625 -251.555419921875
v 832.0 570.3431396484375 -250.3431396484375
v 704.0000610351562 570.3431396484375 -250.3431396484375
v 704.0000610351562 569.3482666015625 -251.555419921875
v 832.0 570.3431396484375 -250.3431396484375
v 832.0 571.555419921875 -249.3482666015625
v 704.0000610351562 571.555419921875 -249.3482666015625
v 704.0000610351562 570.3431396484375 -250.3431396484375
v 832.0 571.555419921875 -249.3482666015625
v 832.0 572.9385375976562 -248.6090087890625
v 704.0000610351562 572.9385375976562 -248.6090087890625
v 704.0000610351562 571.555419921875 -249.3482666015625
v 832.0 572.9385375976562 -248.6090087890625
v 832.0 574.4392700195312 -248.1536865234375
v 704.0000610351562 574.4392700195312 -248.1536865234375
v 704.0000610351562 572.9385375976562 -248.6090087890625
v 832.0 574.4392700195312 -248.1536865234375
v 832.0 576.0 -248.0
v 704.0000610351562 576.0 -248.0
v 704.0000610351562 574.4392700195312 -248.1536865234375
v 704.0000610351562 579.0614624023438 -263.39105224609375
v 704.0000610351562 577.5607299804688 -263.84625244140625
v 704.0000610351562 576.0 -264.0
v 704.0000610351562 580.444580078125 -262.65179443359375
v 704.0000610351562 581.6568603515625 -261.6568603515625
v 704.0000610351562 582.6517333984375 -260.44451904296875
v 704.0000610351562 583.3909912109375 -259.06146240234375
v 704.0000610351562 583.8463134765625 -257.56072998046875
v 704.0000610351562 584.0 -256.0
v 704.0000610351562 583.8463134765625 -254.43927001953125
v 704.0000610351562 583.3909912109375 -252.93853759765625
v 704.0000610351562 582.6517333984375 -251.555419921875
v 704.0000610351562 581.6568603515625 -250.3431396484375
v 704.0000610351562 580.444580078125 -249.3482666015625
v 704.0000610351562 579.0614624023438 -248.6090087890625
v 704.0000610351562 577.5607299804688 -248.1536865234375
v 704.0000610351562 576.0 -248.0
v 704.0000610351562 574.4392700195312 -248.1536865234375
v 704.0000610351562 572.9385375976562 -248.6090087890625
v 704.0000610351562 571.555419921875 -249.3482666015625
v 704.0000610351562 570.3431396484375 -250.3431396484375
v 704.0000610351562 569.3482666015625 -251.555419921875
v 704.0000610351562 568.6090087890625 -252.93853759765625
v 704.0000610351562 568.1536865234375 -254.43927001953125
v 704.0000610351562 568.0 -256.0
v 704.0000610351562 568.1536865234375 -257.56072998046875
v 704.0000610351562 568.6089477539062 -259.06146240234375
v 704.0000610351562 569.3482666015625 -260.44451904296875
v 704.0000610351562 570.3431396484375 -261.6568603515625
v 704.0000610351562 571.555419921875 -262.65179443359375
v 704.0000610351562 572.9385375976562 -263.39105224609375
v 704.0000610351562 574.4392700195312 -263.84625244140625
v -224.0008544921875 352.0 -320.0
v -224.0008544921875 0.0 -320.0
v -304.0 0.0 -320.0
v -304.0 352.0 -320.0
v -224.0008544921875 0.0 -320.0
v -223.9998779296875 0.0 -64.0
v -304.0 0.0 -64.0
v -304.0 0.0 -320.0
v -304.0 352.0 -320.0
v -304.0 352.0 -64.0
v -223.9998779296875 352.0 -64.0
v -224.0008544921875 352.0 -320.0
v -224.0008544921875 0.0 -320.0
v -224.0008544921875 352.0 -320.0
v -223.9998779296875 352.0 -64.0
v -223.9998779296875 0.0 -64.0
v -223.9998779296875 0.0 -64.0
v -223.9998779296875 352.0 -64.0
v -304.0 352.0 -64.0
v -304.0 0.0 -64.0
v -240.0005340576172 128.0 -63.99993896484375
v -240.0005340576172 0.0 -63.99993896484375
v -304.0 0.0 -63.99993896484375
v -304.0 128.0 -63.99993896484375
v -240.0005340576172 0.0 -63.99993896484375
v -240.0 0.0 63.99993896484375
v -304.0 0.0 63.99993896484375
v -304.0 0.0 -63.99993896484375
v -304.0 128.0 -63.99993896484375
v -304.0 128.0 63.99993896484375
v -240.0 128.0 63.99993896484375
v -240.0005340576172 128.0 -63.99993896484375
v -240.0005340576172 0.0 -63.99993896484375
v -240.0005340576172 128.0 -63.99993896484375
v -240.0 128.0 63.99993896484375
v -240.0 0.0 63.99993896484375
v -240.0 0.0 63.99993896484375
v -240.0 128.0 63.99993896484375
v -304.0 128.0 63.99993896484375
v -304.0 0.0 63.99993896484375
v -296.8893737792969 704.0 -63.99993896484375
v -296.8893737792969 192.0 -63.99993896484375
v -304.0 192.0 -63.99993896484375
v -304.0 704.0 -63.99993896484375
v -296.8893737792969 192.0 -63.99993896484375
v -296.88885498046875 192.0 63.99993896484375
v -304.0 192.0 63.99993896484375
v -304.0 192.0 -63.99993896484375
v -304.0 704.0 -63.99993896484375
v -304.0 704.0 63.99993896484375
v -296.88885498046875 704.0 63.99993896484375
v -296.8893737792969 704.0 -63.99993896484375
v -296.8893737792969 192.0 -63.99993896484375
v -296.8893737792969 704.0 -63.99993896484375
v -296.88885498046875 704.0 63.99993896484375
v -296.88885498046875 192.0 63.99993896484375
v -296.88885498046875 192.0 63.99993896484375
v -296.88885498046875 704.0 63.99993896484375
v -304.0 704.0 63.99993896484375
v -304.0 192.0 63.99993896484375
v -296.8889465332031 192.0 -63.99993896484375
v -240.0005340576172 128.0 -63.99993896484375
v -304.0 128.0 -63.99993896484375
v -304.0 192.0 -63.99993896484375
v -240.0005340576172 128.0 -63.99993896484375
v -240.0 128.0 63.99993896484375
v -304.0 128.0 63.99993896484375
v -304.0 128.0 -63.99993896484375
v -304.0 192.0 -63.99993896484375
v -304.0 192.0 63.99993896484375
v -296.8889465332031 192.0 63.99993896484375
v -296.8889465332031 192.0 -63.99993896484375
v -240.0005340576172 128.0 -63.99993896484375
v -296.8889465332031 192.0 -63.99993896484375
v -296.8889465332031 192.0 63.99993896484375
v -240.0 128.0 63.99993896484375
v -240.0 128.0 63.99993896484375
v -296.8889465332031 192.0 63.99993896484375
v -304.0 192.0 63.99993896484375
v -304.0 128.0 63.99993896484375
v -224.0008544921875 352.0 -704.0
v -224.0008544921875 0.0 -704.0
v -304.0 0.0 -704.0
v -304.0 352.0 -704.0
v -224.0008544921875 0.0 -704.0
v -223.9998779296875 0.0 -448.0
v -304.0 0.0 -448.0
v -304.0 0.0 -704.0
v -304.0 352.0 -704.0
v -304.0 352.0 -448.0
v -223.9998779296875 352.0 -448.0
v -224.0008544921875 352.0 -704.0
v -224.0008544921875 0.0 -704.0
v -224.0008544921875 352.0 -704.0
v -223.9998779296875 352.0 -448.0
v -223.9998779296875 0.0 -448.0
v -223.9998779296875 0.0 -448.0
v -223.9998779296875 352.0 -448.0
v -304.0 352.0 -448.0
v -304.0 0.0 -448.0
v -240.0005340576172 128.0 -447.9998779296875
v -240.0005340576172 0.0 -447.9998779296875
v -304.0 0.0 -447.9998779296875
v -304.0 128.0 -447.9998779296875
v -240.0005340576172 0.0 -447.9998779296875
v -240.0 0.0 -320.0
v -304.0 0.0 -320.0
v -304.0 0.0 -447.9998779296875
v -304.0 128.0 -447.9998779296875
v -304.0 128.0 -320.0
v -240.0 128.0 -320.0
v -240.0005340576172 128.0 -447.9998779296875
v -240.0005340576172 0.0 -447.9998779296875
v -240.0005340576172 128.0 -447.9998779296875
v -240.0 128.0 -320.0
v -240.0 0.0 -320.0
v -240.0 0.0 -320.0
v -240.0 128.0 -320.0
v -304.0 128.0 -320.0
v -304.0 0.0 -320.0
v -296.8893737792969 704.0 -447.9998779296875
v -296.8893737792969 192.0 -447.9998779296875
v -304.0 192.0 -447.9998779296875
v -304.0 704.0 -447.9998779296875
v -296.8893737792969 192.0 -447.9998779296875
v -296.88885498046875 192.0 -320.0
v -304.0 192.0 -320.0
v -304.0 192.0 -447.9998779296875
v -304.0 704.0 -447.9998779296875
v -304.0 704.0 -320.0
v -296.88885498046875 704.0 -320.0
v -296.8893737792969 704.0 -447.9998779296875
v -296.8893737792969 192.0 -447.9998779296875
v -296.8893737792969 704.0 -447.9998779296875
v -296.88885498046875 704.0 -320.0
v -296.88885498046875 192.0 -320.0
v -296.88885498046875 192.0 -320.0
v -296.88885498046875 704.0 -320.0
v -304.0 704.0 -320.0
v -304.0 192.0 -320.0
v -296.8889465332031 192.0 -447.9998779296875
v -240.0005340576172 128.0 -447.9998779296875
v -304.0 128.0 -447.9998779296875
v -304.0 192.0 -447.9998779296875
v -240.0005340576172 128.0 -447.9998779296875
v -240.0 128.0 -320.0
v -304.0 128.0 -320.0
v -304.0 128.0 -447.9998779296875
v -304.0 192.0 -447.9998779296875
v -304.0 192.0 -320.0
v -296.8889465332031 192.0 -320.0
v -296.8889465332031 192.0 -447.9998779296875
v -240.0005340576172 128.0 -447.9998779296875
v -296.8889465332031 192.0 -447.9998779296875
v -296.8889465332031 192.0 -320.0
v -240.0 128.0 -320.0
v -240.0 128.0 -320.0
v -296.8889465332031 192.0 -320.0
v -304.0 192.0 -320.0
v -304.0 128.0 -320.0
v -224.0008544921875 352.0 -1024.0
v -224.0008544921875 0.0 -1024.0
v -304.0 0.0 -1024.0
v -304.0 352.0 -1024.0
v -224.0008544921875 0.0 -1024.0
v -223.9998779296875 0.0 -832.0
v -304.0 0.0 -832.0
v -304.0 0.0 -1024.0
v -304.0 352.0 -1024.0
v -304.0 352.0 -832.0
v -223.9998779296875 352.0 -832.0
v -224.0008544921875 352.0 -1024.0
v -224.0008544921875 0.0 -1024.0
v -224.0008544921875 352.0 -1024.0
v -223.9998779296875 352.0 -832.0
v -223.9998779296875 0.0 -832.0
v -223.9998779296875 0.0 -832.0
v -223.9998779296875 352.0 -832.0
v -304.0 352.0 -832.0
v -304.0 0.0 -832.0
v -240.0005340576172 128.0 -831.9998779296875
v -240.0005340576172 0.0 -831.9998779296875
v -304.0 0.0 -831.9998779296875
v -304.0 128.0 -831.9998779296875
v -240.0005340576172 0.0 -831.9998779296875
v -240.0 0.0 -704.0
v -304.0 0.0 -704.0
v -304.0 0.0 -831.9998779296875
v -304.0 128.0 -831.9998779296875
v -304.0 128.0 -704.0
v -240.0 128.0 -704.0
v -240.0005340576172 128.0 -831.9998779296875
v -240.0005340576172 0.0 -831.9998779296875
v -240.0005340576172 128.0 -831.9998779296875
v -240.0 128.0 -704.0
v -240.0 0.0 -704.0
v -240.0 0.0 -704.0
v -240.0 128.0 -704.0
v -304.0 128.0 -704.0
v -304.0 0.0 -704.0
v -296.8893737792969 704.0 -831.9998779296875
v -296.8893737792969 192.0 -831.9998779296875
v -304.0 192.0 -831.9998779296875
v -304.0 704.0 -831.9998779296875
v -296.8893737792969 192.0 -831.9998779296875
v -296.88885498046875 192.0 -704.0
v -304.0 192.0 -704.0
v -304.0 192.0 -831.9998779296875
v -304.0 704.0 -831.9998779296875
v -304.0 704.0 -704.0
v -296.88885498046875 704.0 -704.0
v -296.8893737792969 704.0 -831.9998779296875
v -296.8893737792969 192.0 -831.9998779296875
v -296.8893737792969 704.0 -831.9998779296875
v -296.88885498046875 704.0 -704.0
v -296.88885498046875 192.0 -704.0
v -296.88885498046875 192.0 -704.0
v -296.88885498046875 704.0 -704.0
v -304.0 704.0 -704.0
v -304.0 192.0 -704.0
v -296.8889465332031 192.0 -831.9998779296875
v -240.0005340576172 128.0 -831.9998779296875
v -304.0 128.0 -831.9998779296875
v -304.0 192.0 -831.9998779296875
v -240.0005340576172 128.0 -831.9998779296875
v -240.0 128.0 -704.0
v -304.0 128.0 -704.0
v -304.0 128.0 -831.9998779296875
v -304.0 192.0 -831.9998779296875
v -304.0 192.0 -704.0
v -296.8889465332031 192.0 -704.0
v -296.8889465332031 192.0 -831.9998779296875
v -240.0005340576172 128.0 -831.9998779296875
v -296.8889465332031 192.0 -831.9998779296875
v -296.8889465332031 192.0 -704.0
v -240.0 128.0 -704.0
v -240.0 128.0 -704.0
v -296.8889465332031 192.0 -704.0
v -304.0 192.0 -704.0
v -304.0 128.0 -704.0
v -224.0008544921875 704.0 -320.0
v -224.0008544921875 352.0 -320.0
v -304.0 352.0 -320.0
v -304.0 704.0 -320.0
v -224.0008544921875 352.0 -320.0
v -223.9998779296875 352.0 -64.0
v -304.0 352.0 -64.0
v -304.0 352.0 -320.0
v -304.0 704.0 -320.0
v -304.0 704.0 -64.0
v -223.9998779296875 704.0 -64.0
v -224.0008544921875 704.0 -320.0
v -224.0008544921875 352.0 -320.0
v -224.0008544921875 704.0 -320.0
v -223.9998779296875 704.0 -64.0
v -223.9998779296875 352.0 -64.0
v -223.9998779296875 352.0 -64.0
v -223.9998779296875 704.0 -64.0
v -304.0 704.0 -64.0
v -304.0 352.0 -64.0
v -224.0008544921875 704.0 -704.0
v -224.0008544921875 352.0 -704.0
v -304.0 352.0 -704.0
v -304.0 704.0 -704.0
v -224.0008544921875 352.0 -704.0
v -223.9998779296875 352.0 -448.0
v -304.0 352.0 -448.0
v -304.0 352.0 -704.0
v -304.0 704.0 -704.0
v -304.0 704.0 -448.0
v -223.9998779296875 704.0 -448.0
v -224.0008544921875 704.0 -704.0
v -224.0008544921875 352.0 -704.0
v -224.0008544921875 704.0 -704.0
v -223.9998779296875 704.0 -448.0
v -223.9998779296875 352.0 -448.0
v -223.9998779296875 352.0 -448.0
v -223.9998779296875 704.0 -448.0
v -304.0 704.0 -448.0
v -304.0 352.0 -448.0
v -224.0008544921875 704.0 -1024.0
v -224.0008544921875 352.0 -1024.0
v -304.0 352.0 -1024.0
v -304.0 704.0 -1024.0
v -224.0008544921875 352.0 -1024.0
v -223.9998779296875 352.0 -832.0
v -304.0 352.0 -832.0
v -304.0 352.0 -1024.0
v -304.0 704.0 -1024.0
v -304.0 704.0 -832.0
v -223.9998779296875 704.0 -832.0
v -224.0008544921875 704.0 -1024.0
v -224.0008544921875 352.0 -1024.0
v -224.0008544921875 704.0 -1024.0
v -223.9998779296875 704.0 -832.0
v -223.9998779296875 352.0 -832.0
v -223.9998779296875 352.0 -832.0
v -223.9998779296875 704.0 -832.0
v -304.0 704.0 -832.0
v -304.0 352.0 -832.0
v 224.0 704.0 -992.0003662109375
v 224.0 352.0 -992.0003662109375
v 224.0 352.0 -1024.0
v 224.0 704.0 -1024.0
v 224.0 352.0 -992.0003662109375
v -228.0 352.0 -992.0
v -228.0 352.0 -1024.0
v 224.0 352.0 -1024.0
v 224.0 704.0 -1024.0
v -228.0 704.0 -1024.0
v -228.0 704.0 -992.0
v 224.0 704.0 -992.0003662109375
v 224.0 352.0 -992.0003662109375
v 224.0 704.0 -992.0003662109375
v -228.0 704.0 -992.0
v -228.0 352.0 -992.0
v -228.0 352.0 -992.0
v -228.0 704.0 -992.0
v -228.0 704.0 -1024.0
v -228.0 352.0 -1024.0
v -228.0 352.0 -1024.0
v -228.0 704.0 -1024.0
v 224.0 704.0 -1024.0
v 224.0 352.0 -1024.0
v 240.00048828125 128.0 -704.0001831054688
v 240.00048828125 0.0 -704.0001831054688
v 303.99993896484375 0.0 -704.0001831054688
v 303.99993896484375 128.0 -704.0001831054688
v 240.00048828125 0.0 -704.0001831054688
v 239.99993896484375 0.0 -832.0000610351562
v 303.99993896484375 0.0 -832.0000610351562
v 303.99993896484375 0.0 -704.0001831054688
v 303.99993896484375 128.0 -704.0001831054688
v 303.99993896484375 128.0 -832.0000610351562
v 239.99993896484375 128.0 -832.0000610351562
v 240.00048828125 128.0 -704.0001831054688
v 240.00048828125 0.0 -704.0001831054688
v 240.00048828125 128.0 -704.0001831054688
v 239.99993896484375 128.0 -832.0000610351562
v 239.99993896484375 0.0 -832.0000610351562
v 239.99993896484375 0.0 -832.0000610351562
v 239.99993896484375 128.0 -832.0000610351562
v 303.99993896484375 128.0 -832.0000610351562
v 303.99993896484375 0.0 -832.0000610351562
v 296.8892822265625 704.0 -704.0001831054688
v 296.8892822265625 192.0 -704.0001831054688
v 303.9999084472656 192.0 -704.0001831054688
v 303.9999084472656 704.0 -704.0001831054688
v 296.8892822265625 192.0 -704.0001831054688
v 296.8887634277344 192.0 -832.0000610351562
v 303.9999084472656 192.0 -832.0000610351562
v 303.9999084472656 192.0 -704.0001831054688
v 303.9999084472656 704.0 -704.0001831054688
v 303.9999084472656 704.0 -832.0000610351562
v 296.8887634277344 704.0 -832.0000610351562
v 296.8892822265625 704.0 -704.0001831054688
v 296.8892822265625 192.0 -704.0001831054688
v 296.8892822265625 704.0 -704.0001831054688
v 296.8887634277344 704.0 -832.0000610351562
v 296.8887634277344 192.0 -832.0000610351562
v 296.8887634277344 192.0 -832.0000610351562
v 296.8887634277344 704.0 -832.0000610351562
v 303.9999084472656 704.0 -832.0000610351562
v 303.9999084472656 192.0 -832.0000610351562
v 296.8888854980469 192.0 -704.0001831054688
v 240.00048828125 128.0 -704.0001831054688
v 303.99993896484375 128.0 -704.0001831054688
v 303.99993896484375 192.0 -704.0001831054688
v 240.00048828125 128.0 -704.0001831054688
v 239.99993896484375 128.0 -832.0000610351562
v 303.99993896484375 128.0 -832.0000610351562
v 303.99993896484375 128.0 -704.0001831054688
v 303.99993896484375 192.0 -704.0001831054688
v 303.99993896484375 192.0 -832.0000610351562
v 296.8888854980469 192.0 -832.0000610351562
v 296.8888854980469 192.0 -704.0001831054688
v 240.00048828125 128.0 -704.0001831054688
v 296.8888854980469 192.0 -704.0001831054688
v 296.8888854980469 192.0 -832.0000610351562
v 239.99993896484375 128.0 -832.0000610351562
v 239.99993896484375 128.0 -832.0000610351562
v 296.8888854980469 192.0 -832.0000610351562
v 303.99993896484375 192.0 -832.0000610351562
v 303.99993896484375 128.0 -832.0000610351562
v 224.00079345703125 352.0 -832.0
v 224.00079345703125 0.0 -832.0
v 303.99993896484375 0.0 -832.0
v 303.99993896484375 352.0 -832.0
v 224.00079345703125 0.0 -832.0
v 223.99981689453125 0.0 -992.0
v 303.99993896484375 0.0 -992.0
v 303.99993896484375 0.0 -832.0
v 303.99993896484375 352.0 -832.0
v 303.99993896484375 352.0 -992.0
v 223.99981689453125 352.0 -992.0
v 224.00079345703125 352.0 -832.0
v 224.00079345703125 0.0 -832.0
v 224.00079345703125 352.0 -832.0
v 223.99981689453125 352.0 -992.0
v 223.99981689453125 0.0 -992.0
v 223.99981689453125 0.0 -992.0
v 223.99981689453125 352.0 -992.0
v 303.99993896484375 352.0 -992.0
v 303.99993896484375 0.0 -992.0
v 224.0008087158203 704.0 -448.0
v 224.0008087158203 352.0 -448.0
v 303.99993896484375 352.0 -448.0
v 303.99993896484375 704.0 -448.0
v 224.0008087158203 352.0 -448.0
v 223.9998016357422 352.0 -704.0
v 303.99993896484375 352.0 -704.0
v 303.99993896484375 352.0 -448.0
v 303.99993896484375 704.0 -448.0
v 303.99993896484375 704.0 -704.0
v 223.9998016357422 704.0 -704.0
v 224.0008087158203 704.0 -448.0
v 224.0008087158203 352.0 -448.0
v 224.0008087158203 704.0 -448.0
v 223.9998016357422 704.0 -704.0
v 223.9998016357422 352.0 -704.0
v 223.9998016357422 352.0 -704.0
v 223.9998016357422 704.0 -704.0
v 303.99993896484375 704.0 -704.0
v 303.99993896484375 352.0 -704.0
v 224.00079345703125 704.0 -832.0
v 224.00079345703125 352.0 -832.0
v 303.99993896484375 352.0 -832.0
v 303.99993896484375 704.0 -832.0
v 224.00079345703125 352.0 -832.0
v 223.99981689453125 352.0 -992.0
v 303.99993896484375 352.0 -992.0
v 303.99993896484375 352.0 -832.0
v 303.99993896484375 704.0 -832.0
v 303.99993896484375 704.0 -992.0
v 223.99981689453125 704.0 -992.0
v 224.00079345703125 704.0 -832.0
v 224.00079345703125 352.0 -832.0
v 224.00079345703125 704.0 -832.0
v 223.99981689453125 704.0 -992.0
v 223.99981689453125 352.0 -992.0
v 223.99981689453125 352.0 -992.0
v 223.99981689453125 704.0 -992.0
v 303.99993896484375 704.0 -992.0
v 303.99993896484375 352.0 -992.0
v 223.9998016357422 0.0 -704.0
v 303.99993896484375 0.0 -704.0
v 303.99993896484375 0.0 -672.0
v 223.9999237060547 0.0 -672.0
v 303.99993896484375 352.0 -704.0
v 223.9998016357422 352.0 -704.0
v 223.9999237060547 352.0 -672.0
v 303.99993896484375 352.0 -672.0
v 223.9999237060547 352.0 -672.0
v 223.9998016357422 352.0 -704.0
v 223.9998016357422 0.0 -704.0
v 223.9999237060547 0.0 -672.0
v 223.9998016357422 352.0 -704.0
v 303.99993896484375 352.0 -704.0
v 303.99993896484375 0.0 -704.0
v 223.9998016357422 0.0 -704.0
v 303.99993896484375 0.0 -704.0
v 303.99993896484375 352.0 -704.0
v 303.99993896484375 352.0 -672.0
v 303.99993896484375 0.0 -672.0
v 303.99993896484375 0.0 -672.0
v 303.99993896484375 352.0 -672.0
v 223.9999237060547 352.0 -672.0
v 223.9999237060547 0.0 -672.0
v 303.99993896484375 0.0 -448.0
v 303.99993896484375 352.0 -448.0
v 224.0008087158203 352.0 -448.0
v 224.0008087158203 0.0 -448.0
v 303.99993896484375 0.0 -480.0
v 303.99993896484375 0.0 -448.0
v 224.0008087158203 0.0 -448.0
v 224.0006866455078 0.0 -480.0
v 224.0006866455078 352.0 -480.0
v 224.0008087158203 352.0 -448.0
v 303.99993896484375 352.0 -448.0
v 303.99993896484375 352.0 -480.0
v 224.0008087158203 0.0 -448.0
v 224.0008087158203 352.0 -448.0
v 224.0006866455078 352.0 -480.0
v 224.0006866455078 0.0 -480.0
v 303.99993896484375 352.0 -448.0
v 303.99993896484375 0.0 -448.0
v 303.99993896484375 0.0 -480.0
v 303.99993896484375 352.0 -480.0
v 224.0006866455078 0.0 -480.0
v 224.0006866455078 352.0 -480.0
v 303.99993896484375 352.0 -480.0
v 303.99993896484375 0.0 -480.0
v 223.9999237060547 352.0 -672.0
v 224.0006866455078 352.0 -480.0
v 303.99993896484375 352.0 -480.0
v 303.99993896484375 352.0 -672.0
v 224.0006866455078 352.0 -480.0
v 223.9999237060547 352.0 -672.0
v 223.9999237060547 320.0 -672.0
v 224.0006866455078 320.0 -480.0
v 303.99993896484375 320.0 -480.0
v 303.99993896484375 320.0 -672.0
v 303.99993896484375 352.0 -672.0
v 303.99993896484375 352.0 -480.0
v 223.9999237060547 352.0 -672.0
v 303.99993896484375 352.0 -672.0
v 303.99993896484375 320.0 -672.0
v 223.9999237060547 320.0 -672.0
v 303.99993896484375 352.0 -480.0
v 224.0006866455078 352.0 -480.0
v 224.0006866455078 320.0 -480.0
v 303.99993896484375 320.0 -480.0
v 303.99993896484375 320.0 -672.0
v 303.99993896484375 320.0 -480.0
v 224.0006866455078 320.0 -480.0
v 223.9999237060547 320.0 -672.0
v -226.0 352.0 -1024.0
v -226.0 352.0 -992.0
v 256.0 352.0 -992.0
v 256.0 352.0 -1024.0
v -226.0 320.0 -1024.0
v -226.0 320.0 -992.0
v -226.0 352.0 -992.0
v -226.0 352.0 -1024.0
v 256.0 352.0 -992.0
v -226.0 352.0 -992.0
v -226.0 320.0 -992.0
v 256.0 320.0 -992.0
v -226.0 320.0 -992.0
v -226.0 320.0 -1024.0
v 256.0 320.0 -1024.0
v 256.0 320.0 -992.0
v 256.0 0.0 -1024.0
v 256.0 0.0 -992.0
v 96.0 0.0 -992.0
v 96.0 0.0 -1024.0
v 96.0 320.0 -992.0
v 96.0 0.0 -992.0
v 256.0 0.0 -992.0
v 256.0 320.0 -992.0
v 256.0 320.0 -992.0
v 256.0 320.0 -1024.0
v 96.0 320.0 -1024.0
v 96.0 320.0 -992.0
v 96.0 0.0 -992.0
v 96.0 320.0 -992.0
v 96.0 320.0 -1024.0
v 96.0 0.0 -1024.0
v -256.0 0.0 -992.0
v -256.0 0.0 -1024.0
v -96.0 0.0 -1024.0
v -96.0 0.0 -992.0
v -256.0 320.0 -992.0
v -256.0 0.0 -992.0
v -96.0 0.0 -992.0
v -96.0 320.0 -992.0
v -256.0 320.0 -1024.0
v -256.0 320.0 -992.0
v -96.0 320.0 -992.0
v -96.0 320.0 -1024.0
v -96.0 0.0 -1024.0
v -96.0 320.0 -1024.0
v -96.0 320.0 -992.0
v -96.0 0.0 -992.0
v 1024.0 352.0 -225.9998779296875
v 992.0 352.0 -225.9998779296875
v 992.0 352.0 256.0001220703125
v 1024.0 352.0 256.0001220703125
v 1024.0 320.0 -225.9998779296875
v 992.0 320.0 -225.9998779296875
v 992.0 352.0 -225.9998779296875
v 1024.0 352.0 -225.9998779296875
v 992.0 352.0 256.0001220703125
v 992.0 352.0 -225.9998779296875
v 992.0 320.0 -225.9998779296875
v 992.0 320.0 256.0001220703125
v 992.0 320.0 -225.9998779296875
v 1024.0 320.0 -225.9998779296875
v 1024.0 320.0 256.0001220703125
v 992.0 320.0 256.0001220703125
v 1024.0 0.0 256.00006103515625
v 992.0 0.0 256.00006103515625
v 992.0 0.0 96.00006103515625
v 1024.0 0.0 96.00006103515625
v 992.0 320.0 96.00006103515625
v 992.0 0.0 96.00006103515625
v 992.0 0.0 256.00006103515625
v 992.0 320.0 256.00006103515625
v 992.0 320.0 256.00006103515625
v 1024.0 320.0 256.00006103515625
v 1024.0 320.0 96.00006103515625
v 992.0 320.0 96.00006103515625
v 992.0 0.0 96.00006103515625
v 992.0 320.0 96.00006103515625
v 1024.0 320.0 96.00006103515625
v 1024.0 0.0 96.00006103515625
v 992.0 0.0 -255.9998779296875
v 1024.0 0.0 -255.9998779296875
v 1024.0 0.0 -95.9998779296875
v 992.0 0.0 -95.9998779296875
v 992.0 320.0 -255.9998779296875
v 992.0 0.0 -255.9998779296875
v 992.0 0.0 -95.9998779296875
v 992.0 320.0 -95.9998779296875
v 1024.0 320.0 -255.9998779296875
v 992.0 320.0 -255.9998779296875
v 992.0 320.0 -95.9998779296875
v 1024.0 320.0 -95.9998779296875
v 1024.0 0.0 -95.9998779296875
v 1024.0 320.0 -95.9998779296875
v 992.0 320.0 -95.9998779296875
v 992.0 0.0 -95.9998779296875
v 64.0 352.0 224.0008544921875
v 64.0 0.0 224.0008544921875
v 64.0 0.0 304.0
v 64.0 352.0 304.0
v 64.0 0.0 224.0008544921875
v 320.0 0.0 223.9998779296875
v 320.0 0.0 304.0
v 64.0 0.0 304.0
v 64.0 352.0 304.0
v 320.0 352.0 304.0
v 320.0 352.0 223.9998779296875
v 64.0 352.0 224.0008544921875
v 64.0 0.0 224.0008544921875
v 64.0 352.0 224.0008544921875
v 320.0 352.0 223.9998779296875
v 320.0 0.0 223.9998779296875
v 320.0 0.0 223.9998779296875
v 320.0 352.0 223.9998779296875
v 320.0 352.0 304.0
v 320.0 0.0 304.0
v 320.00018310546875 128.0 240.00054931640625
v 320.00018310546875 0.0 240.00054931640625
v 320.00018310546875 0.0 304.0
v 320.00018310546875 128.0 304.0
v 320.00018310546875 0.0 240.00054931640625
v 448.00006103515625 0.0 240.0
v 448.00006103515625 0.0 304.0
v 320.00018310546875 0.0 304.0
v 320.00018310546875 128.0 304.0
v 448.00006103515625 128.0 304.0
v 448.00006103515625 128.0 240.0
v 320.00018310546875 128.0 240.00054931640625
v 320.00018310546875 0.0 240.00054931640625
v 320.00018310546875 128.0 240.00054931640625
v 448.00006103515625 128.0 240.0
v 448.00006103515625 0.0 240.0
v 448.00006103515625 0.0 240.0
v 448.00006103515625 128.0 240.0
v 448.00006103515625 128.0 304.0
v 448.00006103515625 0.0 304.0
v 320.00030517578125 704.0 296.889404296875
v 320.00030517578125 192.0 296.889404296875
v 320.00030517578125 192.0 304.0000305175781
v 320.00030517578125 704.0 304.0000305175781
v 320.00030517578125 192.0 296.889404296875
v 448.00018310546875 192.0 296.8888854980469
v 448.00018310546875 192.0 304.0000305175781
v 320.00030517578125 192.0 304.0000305175781
v 320.00030517578125 704.0 304.0000305175781
v 448.00018310546875 704.0 304.0000305175781
v 448.00018310546875 704.0 296.8888854980469
v 320.00030517578125 704.0 296.889404296875
v 320.00030517578125 192.0 296.889404296875
v 320.00030517578125 704.0 296.889404296875
v 448.00018310546875 704.0 296.8888854980469
v 448.00018310546875 192.0 296.8888854980469
v 448.00018310546875 192.0 296.8888854980469
v 448.00018310546875 704.0 296.8888854980469
v 448.00018310546875 704.0 304.0000305175781
v 448.00018310546875 192.0 304.0000305175781
v 320.00018310546875 192.0 296.8889465332031
v 320.00018310546875 128.0 240.00054931640625
v 320.00018310546875 128.0 304.0
v 320.00018310546875 192.0 304.0
v 320.00018310546875 128.0 240.00054931640625
v 448.00006103515625 128.0 240.0
v 448.00006103515625 128.0 304.0
v 320.00018310546875 128.0 304.0
v 320.00018310546875 192.0 304.0
v 448.00006103515625 192.0 304.0
v 448.00006103515625 192.0 296.8889465332031
v 320.00018310546875 192.0 296.8889465332031
v 320.00018310546875 128.0 240.00054931640625
v 320.00018310546875 192.0 296.8889465332031
v 448.00006103515625 192.0 296.8889465332031
v 448.00006103515625 128.0 240.0
v 448.00006103515625 128.0 240.0
v 448.00006103515625 192.0 296.8889465332031
v 448.00006103515625 192.0 304.0
v 448.00006103515625 128.0 304.0
v -63.99993896484375 128.0 240.00054931640625
v -63.99993896484375 0.0 240.00054931640625
v -63.99993896484375 0.0 304.0
v -63.99993896484375 128.0 304.0
v -63.99993896484375 0.0 240.00054931640625
v 63.99993896484375 0.0 240.0
v 63.99993896484375 0.0 304.0
v -63.99993896484375 0.0 304.0
v -63.99993896484375 128.0 304.0
v 63.99993896484375 128.0 304.0
v 63.99993896484375 128.0 240.0
v -63.99993896484375 128.0 240.00054931640625
v -63.99993896484375 0.0 240.00054931640625
v -63.99993896484375 128.0 240.00054931640625
v 63.99993896484375 128.0 240.0
v 63.99993896484375 0.0 240.0
v 63.99993896484375 0.0 240.0
v 63.99993896484375 128.0 240.0
v 63.99993896484375 128.0 304.0
v 63.99993896484375 0.0 304.0
v -63.99993896484375 704.0 296.889404296875
v -63.99993896484375 192.0 296.889404296875
v -63.99993896484375 192.0 304.0000305175781
v -63.99993896484375 704.0 304.0000305175781
v -63.99993896484375 192.0 296.889404296875
v 63.99993896484375 192.0 296.8888854980469
v 63.99993896484375 192.0 304.0000305175781
v -63.99993896484375 192.0 304.0000305175781
v -63.99993896484375 704.0 304.0000305175781
v 63.99993896484375 704.0 304.0000305175781
v 63.99993896484375 704.0 296.8888854980469
v -63.99993896484375 704.0 296.889404296875
v -63.99993896484375 192.0 296.889404296875
v -63.99993896484375 704.0 296.889404296875
v 63.99993896484375 704.0 296.8888854980469
v 63.99993896484375 192.0 296.8888854980469
v 63.99993896484375 192.0 296.8888854980469
v 63.99993896484375 704.0 296.8888854980469
v 63.99993896484375 704.0 304.0000305175781
v 63.99993896484375 192.0 304.0000305175781
v -63.99993896484375 192.0 296.8889465332031
v -63.99993896484375 128.0 240.00054931640625
v -63.99993896484375 128.0 304.0
v -63.99993896484375 192.0 304.0
v -63.99993896484375 128.0 240.00054931640625
v 63.99993896484375 128.0 240.0
v 63.99993896484375 128.0 304.0
v -63.99993896484375 128.0 304.0
v -63.99993896484375 192.0 304.0
v 63.99993896484375 192.0 304.0
v 63.99993896484375 192.0 296.8889465332031
v -63.99993896484375 192.0 296.8889465332031
v -63.99993896484375 128.0 240.00054931640625
v -63.99993896484375 192.0 296.8889465332031
v 63.99993896484375 192.0 296.8889465332031
v 63.99993896484375 128.0 240.0
v 63.99993896484375 128.0 240.0
v 63.99993896484375 192.0 296.8889465332031
v 63.99993896484375 192.0 304.0
v 63.99993896484375 128.0 304.0
v 448.0 352.0 224.00091552734375
v 448.0 0.0 224.00091552734375
v 448.0 0.0 304.00006103515625
v 448.0 352.0 304.00006103515625
v 448.0 0.0 224.00091552734375
v 704.0 0.0 223.99993896484375
v 704.0 0.0 304.00006103515625
v 448.0 0.0 304.00006103515625
v 448.0 352.0 304.00006103515625
v 704.0 352.0 304.00006103515625
v 704.0 352.0 223.99993896484375
v 448.0 352.0 224.00091552734375
v 448.0 0.0 224.00091552734375
v 448.0 352.0 224.00091552734375
v 704.0 352.0 223.99993896484375
v 704.0 0.0 223.99993896484375
v 704.0 0.0 223.99993896484375
v 704.0 352.0 223.99993896484375
v 704.0 352.0 304.00006103515625
v 704.0 0.0 304.00006103515625
v 704.0001831054688 128.0 240.0006103515625
v 704.0001831054688 0.0 240.0006103515625
v 704.0001831054688 0.0 304.00006103515625
v 704.0001831054688 128.0 304.00006103515625
v 704.0001831054688 0.0 240.0006103515625
v 832.0 0.0 240.00006103515625
v 832.0 0.0 304.00006103515625
v 704.0001831054688 0.0 304.00006103515625
v 704.0001831054688 128.0 304.00006103515625
v 832.0 128.0 304.00006103515625
v 832.0 128.0 240.00006103515625
v 704.0001831054688 128.0 240.0006103515625
v 704.0001831054688 0.0 240.0006103515625
v 704.0001831054688 128.0 240.0006103515625
v 832.0 128.0 240.00006103515625
v 832.0 0.0 240.00006103515625
v 832.0 0.0 240.00006103515625
v 832.0 128.0 240.00006103515625
v 832.0 128.0 304.00006103515625
v 832.0 0.0 304.00006103515625
v 704.0003051757812 704.0 296.889404296875
v 704.0003051757812 192.0 296.889404296875
v 704.0003051757812 192.0 304.0000305175781
v 704.0003051757812 704.0 304.0000305175781
v 704.0003051757812 192.0 296.889404296875
v 832.0001831054688 192.0 296.8888854980469
v 832.0001831054688 192.0 304.0000305175781
v 704.0003051757812 192.0 304.0000305175781
v 704.0003051757812 704.0 304.0000305175781
v 832.0001831054688 704.0 304.0000305175781
v 832.0001831054688 704.0 296.8888854980469
v 704.0003051757812 704.0 296.889404296875
v 704.0003051757812 192.0 296.889404296875
v 704.0003051757812 704.0 296.889404296875
v 832.0001831054688 704.0 296.8888854980469
v 832.0001831054688 192.0 296.8888854980469
v 832.0001831054688 192.0 296.8888854980469
v 832.0001831054688 704.0 296.8888854980469
v 832.0001831054688 704.0 304.0000305175781
v 832.0001831054688 192.0 304.0000305175781
v 704.0001831054688 192.0 296.8890075683594
v 704.0001831054688 128.0 240.0006103515625
v 704.0001831054688 128.0 304.00006103515625
v 704.0001831054688 192.0 304.00006103515625
v 704.0001831054688 128.0 240.0006103515625
v 832.0 128.0 240.00006103515625
v 832.0 128.0 304.00006103515625
v 704.0001831054688 128.0 304.00006103515625
v 704.0001831054688 192.0 304.00006103515625
v 832.0 192.0 304.00006103515625
v 832.0 192.0 296.8890075683594
v 704.0001831054688 192.0 296.8890075683594
v 704.0001831054688 128.0 240.0006103515625
v 704.0001831054688 192.0 296.8890075683594
v 832.0 192.0 296.8890075683594
v 832.0 128.0 240.00006103515625
v 832.0 128.0 240.00006103515625
v 832.0 192.0 296.8890075683594
v 832.0 192.0 304.00006103515625
v 832.0 128.0 304.00006103515625
v 832.0 352.0 224.00091552734375
v 832.0 0.0 224.00091552734375
v 832.0 0.0 304.00006103515625
v 832.0 352.0 304.00006103515625
v 832.0 0.0 224.00091552734375
v 992.0 0.0 223.99993896484375
v 992.0 0.0 304.00006103515625
v 832.0 0.0 304.00006103515625
v 832.0 352.0 304.00006103515625
v 992.0 352.0 304.00006103515625
v 992.0 352.0 223.99993896484375
v 832.0 352.0 224.00091552734375
v 832.0 0.0 224.00091552734375
v 832.0 352.0 224.00091552734375
v 992.0 352.0 223.99993896484375
v 992.0 0.0 223.99993896484375
v 992.0 0.0 223.99993896484375
v 992.0 352.0 223.99993896484375
v 992.0 352.0 304.00006103515625
v 992.0 0.0 304.00006103515625
v 64.0 704.0 224.0008544921875
v 64.0 352.0 224.0008544921875
v 64.0 352.0 304.0
v 64.0 704.0 304.0
v 64.0 352.0 224.0008544921875
v 320.0 352.0 223.9998779296875
v 320.0 352.0 304.0
v 64.0 352.0 304.0
v 64.0 704.0 304.0
v 320.0 704.0 304.0
v 320.0 704.0 223.9998779296875
v 64.0 704.0 224.0008544921875
v 64.0 352.0 224.0008544921875
v 64.0 704.0 224.0008544921875
v 320.0 704.0 223.9998779296875
v 320.0 352.0 223.9998779296875
v 320.0 352.0 223.9998779296875
v 320.0 704.0 223.9998779296875
v 320.0 704.0 304.0
v 320.0 352.0 304.0
v 448.0 704.0 224.00091552734375
v 448.0 352.0 224.00091552734375
v 448.0 352.0 304.00006103515625
v 448.0 704.0 304.00006103515625
v 448.0 352.0 224.00091552734375
v 704.0 352.0 223.99993896484375
v 704.0 352.0 304.00006103515625
v 448.0 352.0 304.00006103515625
v 448.0 704.0 304.00006103515625
v 704.0 704.0 304.00006103515625
v 704.0 704.0 223.99993896484375
v 448.0 704.0 224.00091552734375
v 448.0 352.0 224.00091552734375
v 448.0 704.0 224.00091552734375
v 704.0 704.0 223.99993896484375
v 704.0 352.0 223.99993896484375
v 704.0 352.0 223.99993896484375
v 704.0 704.0 223.99993896484375
v 704.0 704.0 304.00006103515625
v 704.0 352.0 304.00006103515625
v 832.0 704.0 224.00091552734375
v 832.0 352.0 224.00091552734375
v 832.0 352.0 304.00006103515625
v 832.0 704.0 304.00006103515625
v 832.0 352.0 224.00091552734375
v 992.0 352.0 223.99993896484375
v 992.0 352.0 304.00006103515625
v 832.0 352.0 304.00006103515625
v 832.0 704.0 304.00006103515625
v 992.0 704.0 304.00006103515625
v 992.0 704.0 223.99993896484375
v 832.0 704.0 224.00091552734375
v 832.0 352.0 224.00091552734375
v 832.0 704.0 224.00091552734375
v 992.0 704.0 223.99993896484375
v 992.0 352.0 223.99993896484375
v 992.0 352.0 223.99993896484375
v 992.0 704.0 223.99993896484375
v 992.0 704.0 304.00006103515625
v 992.0 352.0 304.00006103515625
v 992.0004272460938 704.0 224.0
v 992.0004272460938 352.0 224.0
v 1024.0 352.0 224.0
v 1024.0 704.0 224.0
v 992.0004272460938 352.0 224.0
v 991.9999389648438 352.0 -228.0
v 1024.0 352.0 -228.0
v 1024.0 352.0 224.0
v 1024.0 704.0 224.0
v 1024.0 704.0 -228.0
v 991.9999389648438 704.0 -228.0
v 992.0004272460938 704.0 224.0
v 992.0004272460938 352.0 224.0
v 992.0004272460938 704.0 224.0
v 991.9999389648438 704.0 -228.0
v 991.9999389648438 352.0 -228.0
v 991.9999389648438 352.0 -228.0
v 991.9999389648438 704.0 -228.0
v 1024.0 704.0 -228.0
v 1024.0 352.0 -228.0
v 1024.0 352.0 -228.0
v 1024.0 704.0 -228.0
v 1024.0 704.0 224.0
v 1024.0 352.0 224.0
v 1024.0 352.0 -224.00079345703125
v 1024.0 0.0 -224.00079345703125
v 1024.0 0.0 -303.99993896484375
v 1024.0 352.0 -303.99993896484375
v 1024.0 0.0 -224.00079345703125
v 832.0 0.0 -223.99981689453125
v 832.0 0.0 -303.99993896484375
v 1024.0 0.0 -303.99993896484375
v 1024.0 352.0 -303.99993896484375
v 832.0 352.0 -303.99993896484375
v 832.0 352.0 -223.99981689453125
v 1024.0 352.0 -224.00079345703125
v 1024.0 0.0 -224.00079345703125
v 1024.0 352.0 -224.00079345703125
v 832.0 352.0 -223.99981689453125
v 832.0 0.0 -223.99981689453125
v 832.0 0.0 -223.99981689453125
v 832.0 352.0 -223.99981689453125
v 832.0 352.0 -303.99993896484375
v 832.0 0.0 -303.99993896484375
v 832.0 128.0 -240.00054931640625
v 832.0 0.0 -240.00054931640625
v 832.0 0.0 -304.0
v 832.0 128.0 -304.0
v 832.0 0.0 -240.00054931640625
v 704.0000610351562 0.0 -240.0
v 704.0000610351562 0.0 -304.0
v 832.0 0.0 -304.0
v 832.0 128.0 -304.0
v 704.0000610351562 128.0 -304.0
v 704.0000610351562 128.0 -240.0
v 832.0 128.0 -240.00054931640625
v 832.0 0.0 -240.00054931640625
v 832.0 128.0 -240.00054931640625
v 704.0000610351562 128.0 -240.0
v 704.0000610351562 0.0 -240.0
v 704.0000610351562 0.0 -240.0
v 704.0000610351562 128.0 -240.0
v 704.0000610351562 128.0 -304.0
v 704.0000610351562 0.0 -304.0
v 832.0 704.0 -296.8892822265625
v 832.0 192.0 -296.8892822265625
v 832.0 192.0 -303.9998779296875
v 832.0 704.0 -303.9998779296875
v 832.0 192.0 -296.8892822265625
v 704.0000610351562 192.0 -296.8887939453125
v 704.0000610351562 192.0 -303.9998779296875
v 832.0 192.0 -303.9998779296875
v 832.0 704.0 -303.9998779296875
v 704.0000610351562 704.0 -303.9998779296875
v 704.0000610351562 704.0 -296.8887939453125
v 832.0 704.0 -296.8892822265625
v 832.0 192.0 -296.8892822265625
v 832.0 704.0 -296.8892822265625
v 704.0000610351562 704.0 -296.8887939453125
v 704.0000610351562 192.0 -296.8887939453125
v 704.0000610351562 192.0 -296.8887939453125
v 704.0000610351562 704.0 -296.8887939453125
v 704.0000610351562 704.0 -303.9998779296875
v 704.0000610351562 192.0 -303.9998779296875
v 832.0 192.0 -296.88897705078125
v 832.0 128.0 -240.00054931640625
v 832.0 128.0 -304.0
v 832.0 192.0 -304.0
v 832.0 128.0 -240.00054931640625
v 704.0000610351562 128.0 -240.0
v 704.0000610351562 128.0 -304.0
v 832.0 128.0 -304.0
v 832.0 192.0 -304.0
v 704.0000610351562 192.0 -304.0
v 704.0000610351562 192.0 -296.88897705078125
v 832.0 192.0 -296.88897705078125
v 832.0 128.0 -240.00054931640625
v 832.0 192.0 -296.88897705078125
v 704.0000610351562 192.0 -296.88897705078125
v 704.0000610351562 128.0 -240.0
v 704.0000610351562 128.0 -240.0
v 704.0000610351562 192.0 -296.88897705078125
v 704.0000610351562 192.0 -304.0
v 704.0000610351562 128.0 -304.0
v 704.0 704.0 -224.00079345703125
v 704.0 352.0 -224.00079345703125
v 704.0 352.0 -303.99993896484375
v 704.0 704.0 -303.99993896484375
v 704.0 352.0 -224.00079345703125
v 448.0 352.0 -223.99981689453125
v 448.0 352.0 -303.99993896484375
v 704.0 352.0 -303.99993896484375
v 704.0 704.0 -303.99993896484375
v 448.0 704.0 -303.99993896484375
v 448.0 704.0 -223.99981689453125
v 704.0 704.0 -224.00079345703125
v 704.0 352.0 -224.00079345703125
v 704.0 704.0 -224.00079345703125
v 448.0 704.0 -223.99981689453125
v 448.0 352.0 -223.99981689453125
v 448.0 352.0 -223.99981689453125
v 448.0 704.0 -223.99981689453125
v 448.0 704.0 -303.99993896484375
v 448.0 352.0 -303.99993896484375
v 1024.0 704.0 -224.00079345703125
v 1024.0 352.0 -224.00079345703125
v 1024.0 352.0 -303.99993896484375
v 1024.0 704.0 -303.99993896484375
v 1024.0 352.0 -224.00079345703125
v 832.0 352.0 -223.99981689453125
v 832.0 352.0 -303.99993896484375
v 1024.0 352.0 -303.99993896484375
v 1024.0 704.0 -303.99993896484375
v 832.0 704.0 -303.99993896484375
v 832.0 704.0 -223.99981689453125
v 1024.0 704.0 -224.00079345703125
v 1024.0 352.0 -224.00079345703125
v 1024.0 704.0 -224.00079345703125
v 832.0 704.0 -223.99981689453125
v 832.0 352.0 -223.99981689453125
v 832.0 352.0 -223.99981689453125
v 832.0 704.0 -223.99981689453125
v 832.0 704.0 -303.99993896484375
v 832.0 352.0 -303.99993896484375
v 704.0 0.0 -304.0
v 704.0 352.0 -304.0
v 704.0 352.0 -224.0008544921875
v 704.0 0.0 -224.0008544921875
v 448.0 0.0 -304.0
v 704.0 0.0 -304.0
v 704.0 0.0 -224.0008544921875
v 448.0 0.0 -224.000732421875
v 448.0 352.0 -224.000732421875
v 704.0 352.0 -224.0008544921875
v 704.0 352.0 -304.0
v 448.0 352.0 -304.0
v 704.0 0.0 -224.0008544921875
v 704.0 352.0 -224.0008544921875
v 448.0 352.0 -224.000732421875
v 448.0 0.0 -224.000732421875
v 704.0 352.0 -304.0
v 704.0 0.0 -304.0
v 448.0 0.0 -304.0
v 448.0 352.0 -304.0
v 448.0 0.0 -224.000732421875
v 448.0 352.0 -224.000732421875
v 448.0 352.0 -304.0
v 448.0 0.0 -304.0
v -64.0 0.0 223.9998779296875
v -64.0 0.0 304.0
v -304.0 0.0 304.0
v -304.0 0.0 224.00079345703125
v -64.0 352.0 304.0
v -64.0 352.0 223.9998779296875
v -304.0 352.0 224.00079345703125
v -304.0 352.0 304.0
v -304.0 352.0 224.00079345703125
v -64.0 352.0 223.9998779296875
v -64.0 0.0 223.9998779296875
v -304.0 0.0 224.00079345703125
v -64.0 352.0 223.9998779296875
v -64.0 352.0 304.0
v -64.0 0.0 304.0
v -64.0 0.0 223.9998779296875
v -64.0 352.0 223.9998779296875
v -64.0 352.0 304.0
v -304.0 352.0 304.0
v -304.0 352.0 224.00079345703125
v -64.0 704.0 304.0
v -64.0 704.0 223.9998779296875
v -304.0 704.0 224.00079345703125
v -304.0 704.0 304.0
v -304.0 704.0 224.00079345703125
v -64.0 704.0 223.9998779296875
v -64.0 352.0 223.9998779296875
v -304.0 352.0 224.00079345703125
v -64.0 704.0 223.9998779296875
v -64.0 704.0 304.0
v -64.0 352.0 304.0
v -64.0 352.0 223.9998779296875
v -224.9998779296875 0.0 224.0
v -305.0 0.0 224.0
v -305.0 0.0 63.0
v -225.00079345703125 0.0 63.0
v -305.0 352.0 224.0
v -224.9998779296875 352.0 224.0
v -225.00079345703125 352.0 63.0
v -305.0 352.0 63.0
v -225.00079345703125 352.0 63.0
v -224.9998779296875 352.0 224.0
v -224.9998779296875 0.0 224.0
v -225.00079345703125 0.0 63.0
v -224.9998779296875 352.0 224.0
v -305.0 352.0 224.0
v -305.0 0.0 224.0
v -224.9998779296875 0.0 224.0
v -305.0 0.0 63.0
v -305.0 352.0 63.0
v -225.00079345703125 352.0 63.0
v -225.00079345703125 0.0 63.0
v -224.9998779296875 352.0 224.0
v -305.0 352.0 224.0
v -305.0 352.0 63.0
v -225.00079345703125 352.0 63.0
v -305.0 704.0 224.0
v -224.9998779296875 704.0 224.0
v -225.00079345703125 704.0 63.0
v -305.0 704.0 63.0
v -225.00079345703125 704.0 63.0
v -224.9998779296875 704.0 224.0
v -224.9998779296875 352.0 224.0
v -225.00079345703125 352.0 63.0
v -224.9998779296875 704.0 224.0
v -305.0 704.0 224.0
v -305.0 352.0 224.0
v -224.9998779296875 352.0 224.0
v -305.0 352.0 63.0
v -305.0 704.0 63.0
v -225.00079345703125 704.0 63.0
v -225.00079345703125 352.0 63.0
v 480.0 0.0 -480.0
v 480.0 0.0 -256.0
v 256.0 0.0 -480.0
v 256.0 352.0 -480.0
v 480.0 352.0 -256.0
v 480.0 352.0 -480.0
v 480.0 352.0 -256.0
v 480.0 0.0 -256.0
v 480.0 0.0 -480.0
v 480.0 352.0 -480.0
v 256.0 352.0 -480.0
v 256.0 0.0 -480.0
v 480.0 0.0 -256.0
v 480.0 352.0 -256.0
v 480.0 352.0 -480.0
v 480.0 0.0 -480.0
v 256.0 0.0 -480.0
v 256.0 352.0 -480.0
v 480.0 352.0 -480.0
v 480.0 352.0 -256.0
v 256.0 352.0 -480.0
v 256.0 704.0 -480.0
v 480.0 704.0 -256.0
v 480.0 704.0 -480.0
v 480.0 704.0 -256.0
v 480.0 352.0 -256.0
v 480.0 352.0 -480.0
v 480.0 704.0 -480.0
v 256.0 704.0 -480.0
v 256.0 352.0 -480.0
v 480.0 352.0 -256.0
v 480.0 704.0 -256.0
v 480.0 704.0 -480.0
v 480.0 352.0 -480.0
v 256.0 352.0 -480.0
v 256.0 704.0 -480.0
v -296.0 544.0 -64.00006103515625
v -296.0 480.0 -64.00006103515625
v -297.0 480.0 -64.00006103515625
v -297.0 544.0 -64.00006103515625
v -296.0 480.0 64.00006103515625
v -296.0 544.0 64.00006103515625
v -297.0 544.0 64.00006103515625
v -297.0 480.0 64.00006103515625
v -296.0 480.0 64.00006103515625
v -297.0 480.0 64.00006103515625
v -297.0 480.0 -64.00006103515625
v -296.0 480.0 -64.00006103515625
v -297.0 544.0 64.00006103515625
v -296.0 544.0 64.00006103515625
v -296.0 544.0 -64.00006103515625
v -297.0 544.0 -64.00006103515625
v -297.0 544.0 64.00006103515625
v -297.0 544.0 -64.00006103515625
v -297.0 480.0 -64.00006103515625
v -297.0 480.0 64.00006103515625
v -296.0 544.0 -64.00006103515625
v -296.0 544.0 64.00006103515625
v -296.0 480.0 64.00006103515625
v -296.0 480.0 -64.00006103515625
v -296.0 544.0 -448.00006103515625
v -296.0 480.0 -448.00006103515625
v -297.0 480.0 -448.00006103515625
v -297.0 544.0 -448.00006103515625
v -296.0 480.0 -319.99993896484375
v -296.0 544.0 -319.99993896484375
v -297.0 544.0 -319.99993896484375
v -297.0 480.0 -319.99993896484375
v -296.0 480.0 -319.99993896484375
v -297.0 480.0 -319.99993896484375
v -297.0 480.0 -448.00006103515625
v -296.0 480.0 -448.00006103515625
v -297.0 544.0 -319.99993896484375
v -296.0 544.0 -319.99993896484375
v -296.0 544.0 -448.00006103515625
v -297.0 544.0 -448.00006103515625
v -297.0 544.0 -319.99993896484375
v -297.0 544.0 -448.00006103515625
v -297.0 480.0 -448.00006103515625
v -297.0 480.0 -319.99993896484375
v -296.0 544.0 -448.00006103515625
v -296.0 544.0 -319.99993896484375
v -296.0 480.0 -319.99993896484375
v -296.0 480.0 -448.00006103515625
v -296.0 544.0 -832.0
v -296.0 480.0 -832.0
v -297.0 480.0 -832.0
v -297.0 544.0 -832.0
v -296.0 480.0 -703.9998779296875
v -296.0 544.0 -703.9998779296875
v -297.0 544.0 -703.9998779296875
v -297.0 480.0 -703.9998779296875
v -296.0 480.0 -703.9998779296875
v -297.0 480.0 -703.9998779296875
v -297.0 480.0 -832.0
v -296.0 480.0 -832.0
v -297.0 544.0 -703.9998779296875
v -296.0 544.0 -703.9998779296875
v -296.0 544.0 -832.0
v -297.0 544.0 -832.0
v -297.0 544.0 -703.9998779296875
v -297.0 544.0 -832.0
v -297.0 480.0 -832.0
v -297.0 480.0 -703.9998779296875
v -296.0 544.0 -832.0
v -296.0 544.0 -703.9998779296875
v -296.0 480.0 -703.9998779296875
v -296.0 480.0 -832.0
v -222.0 354.0 -320.0
v -222.0 350.0 -320.0
v -224.0 350.0 -320.0
v -224.0 354.0 -320.0
v -222.0 350.0 -64.0
v -222.0 354.0 -64.0
v -224.0 354.0 -64.0
v -224.0 350.0 -64.0
v -222.0 350.0 -64.0
v -224.0 350.0 -64.0
v -224.0 350.0 -320.0
v -222.0 350.0 -320.0
v -224.0 354.0 -64.0
v -222.0 354.0 -64.0
v -222.0 354.0 -320.0
v -224.0 354.0 -320.0
v -224.0 354.0 -64.0
v -224.0 354.0 -320.0
v -224.0 350.0 -320.0
v -224.0 350.0 -64.0
v -222.0 354.0 -320.0
v -222.0 354.0 -64.0
v -222.0 350.0 -64.0
v -222.0 350.0 -320.0
v -222.0 354.0 -62.0
v -222.0 350.0 -62.0
v -222.0 350.0 -64.0
v -222.0 354.0 -64.0
v -304.0 350.0 -62.0
v -304.0 354.0 -62.0
v -304.0 354.0 -64.0
v -304.0 350.0 -64.0
v -304.0 350.0 -62.0
v -304.0 350.0 -64.0
v -222.0 350.0 -64.0
v -222.0 350.0 -62.0
v -304.0 354.0 -64.0
v -304.0 354.0 -62.0
v -222.0 354.0 -62.0
v -222.0 354.0 -64.0
v -304.0 354.0 -64.0
v -222.0 354.0 -64.0
v -222.0 350.0 -64.0
v -304.0 350.0 -64.0
v -222.0 354.0 -62.0
v -304.0 354.0 -62.0
v -304.0 350.0 -62.0
v -222.0 350.0 -62.0
v -295.0 354.0 -62.0
v -295.0 350.0 -62.0
v -297.0 350.0 -62.0
v -297.0 354.0 -62.0
v -295.0 350.0 64.0
v -295.0 354.0 64.0
v -297.0 354.0 64.0
v -297.0 350.0 64.0
v -295.0 350.0 64.0
v -297.0 350.0 64.0
v -297.0 350.0 -62.0
v -295.0 350.0 -62.0
v -297.0 354.0 64.0
v -295.0 354.0 64.0
v -295.0 354.0 -62.0
v -297.0 354.0 -62.0
v -297.0 354.0 64.0
v -297.0 354.0 -62.0
v -297.0 350.0 -62.0
v -297.0 350.0 64.0
v -295.0 354.0 -62.0
v -295.0 354.0 64.0
v -295.0 350.0 64.0
v -295.0 350.0 -62.0
v -304.0 354.0 -322.0
v -304.0 350.0 -322.0
v -304.0 350.0 -320.0
v -304.0 354.0 -320.0
v -222.0 350.0 -322.0
v -222.0 354.0 -322.0
v -222.0 354.0 -320.0
v -222.0 350.0 -320.0
v -222.0 350.0 -322.0
v -222.0 350.0 -320.0
v -304.0 350.0 -320.0
v -304.0 350.0 -322.0
v -222.0 354.0 -320.0
v -222.0 354.0 -322.0
v -304.0 354.0 -322.0
v -304.0 354.0 -320.0
v -222.0 354.0 -320.0
v -304.0 354.0 -320.0
v -304.0 350.0 -320.0
v -222.0 350.0 -320.0
v -304.0 354.0 -322.0
v -222.0 354.0 -322.0
v -222.0 350.0 -322.0
v -304.0 350.0 -322.0
v -222.0 354.0 -704.0
v -222.0 350.0 -704.0
v -224.0 350.0 -704.0
v -224.0 354.0 -704.0
v -222.0 350.0 -448.0
v -222.0 354.0 -448.0
v -224.0 354.0 -448.0
v -224.0 350.0 -448.0
v -222.0 350.0 -448.0
v -224.0 350.0 -448.0
v -224.0 350.0 -704.0
v -222.0 350.0 -704.0
v -224.0 354.0 -448.0
v -222.0 354.0 -448.0
v -222.0 354.0 -704.0
v -224.0 354.0 -704.0
v -224.0 354.0 -448.0
v -224.0 354.0 -704.0
v -224.0 350.0 -704.0
v -224.0 350.0 -448.0
v -222.0 354.0 -704.0
v -222.0 354.0 -448.0
v -222.0 350.0 -448.0
v -222.0 350.0 -704.0
v -222.0 354.0 -446.0
v -222.0 350.0 -446.0
v -222.0 350.0 -448.0
v -222.0 354.0 -448.0
v -304.0 350.0 -446.0
v -304.0 354.0 -446.0
v -304.0 354.0 -448.0
v -304.0 350.0 -448.0
v -304.0 350.0 -446.0
v -304.0 350.0 -448.0
v -222.0 350.0 -448.0
v -222.0 350.0 -446.0
v -304.0 354.0 -448.0
v -304.0 354.0 -446.0
v -222.0 354.0 -446.0
v -222.0 354.0 -448.0
v -304.0 354.0 -448.0
v -222.0 354.0 -448.0
v -222.0 350.0 -448.0
v -304.0 350.0 -448.0
v -222.0 354.0 -446.0
v -304.0 354.0 -446.0
v -304.0 350.0 -446.0
v -222.0 350.0 -446.0
v -295.0 354.0 -446.0
v -295.0 350.0 -446.0
v -297.0 350.0 -446.0
v -297.0 354.0 -446.0
v -295.0 350.0 -320.0
v -295.0 354.0 -320.0
v -297.0 354.0 -320.0
v -297.0 350.0 -320.0
v -295.0 350.0 -320.0
v -297.0 350.0 -320.0
v -297.0 350.0 -446.0
v -295.0 350.0 -446.0
v -297.0 354.0 -320.0
v -295.0 354.0 -320.0
v -295.0 354.0 -446.0
v -297.0 354.0 -446.0
v -297.0 354.0 -320.0
v -297.0 354.0 -446.0
v -297.0 350.0 -446.0
v -297.0 350.0 -320.0
v -295.0 354.0 -446.0
v -295.0 354.0 -320.0
v -295.0 350.0 -320.0
v -295.0 350.0 -446.0
v -304.0 354.0 -706.0
v -304.0 350.0 -706.0
v -304.0 350.0 -704.0
v -304.0 354.0 -704.0
v -222.0 350.0 -706.0
v -222.0 354.0 -706.0
v -222.0 354.0 -704.0
v -222.0 350.0 -704.0
v -222.0 350.0 -706.0
v -222.0 350.0 -704.0
v -304.0 350.0 -704.0
v -304.0 350.0 -706.0
v -222.0 354.0 -704.0
v -222.0 354.0 -706.0
v -304.0 354.0 -706.0
v -304.0 354.0 -704.0
v -222.0 354.0 -704.0
v -304.0 354.0 -704.0
v -304.0 350.0 -704.0
v -222.0 350.0 -704.0
v -304.0 354.0 -706.0
v -222.0 354.0 -706.0
v -222.0 350.0 -706.0
v -304.0 350.0 -706.0
v -222.0 354.0 -1000.0
v -222.0 350.0 -1000.0
v -224.0 350.0 -1000.0
v -224.0 354.0 -1000.0
v -222.0 350.0 -832.0
v -222.0 354.0 -832.0
v -224.0 354.0 -832.0
v -224.0 350.0 -832.0
v -222.0 350.0 -832.0
v -224.0 350.0 -832.0
v -224.0 350.0 -1000.0
v -222.0 350.0 -1000.0
v -224.0 354.0 -832.0
v -222.0 354.0 -832.0
v -222.0 354.0 -1000.0
v -224.0 354.0 -1000.0
v -224.0 354.0 -832.0
v -224.0 354.0 -1000.0
v -224.0 350.0 -1000.0
v -224.0 350.0 -832.0
v -222.0 354.0 -1000.0
v -222.0 354.0 -832.0
v -222.0 350.0 -832.0
v -222.0 350.0 -1000.0
v -222.0 354.0 -830.0
v -222.0 350.0 -830.0
v -222.0 350.0 -832.0
v -222.0 354.0 -832.0
v -304.0 350.0 -830.0
v -304.0 354.0 -830.0
v -304.0 354.0 -832.0
v -304.0 350.0 -832.0
v -304.0 350.0 -830.0
v -304.0 350.0 -832.0
v -222.0 350.0 -832.0
v -222.0 350.0 -830.0
v -304.0 354.0 -832.0
v -304.0 354.0 -830.0
v -222.0 354.0 -830.0
v -222.0 354.0 -832.0
v -304.0 354.0 -832.0
v -222.0 354.0 -832.0
v -222.0 350.0 -832.0
v -304.0 350.0 -832.0
v -222.0 354.0 -830.0
v -304.0 354.0 -830.0
v -304.0 350.0 -830.0
v -222.0 350.0 -830.0
v -295.0 354.0 -830.0
v -295.0 350.0 -830.0
v -297.0 350.0 -830.0
v -297.0 354.0 -830.0
v -295.0 350.0 -704.0
v -295.0 354.0 -704.0
v -297.0 354.0 -704.0
v -297.0 350.0 -704.0
v -295.0 350.0 -704.0
v -297.0 350.0 -704.0
v -297.0 350.0 -830.0
v -295.0 350.0 -830.0
v -297.0 354.0 -704.0
v -295.0 354.0 -704.0
v -295.0 354.0 -830.0
v -297.0 354.0 -830.0
v -297.0 354.0 -704.0
v -297.0 354.0 -830.0
v -297.0 350.0 -830.0
v -297.0 350.0 -704.0
v -295.0 354.0 -830.0
v -295.0 354.0 -704.0
v -295.0 350.0 -704.0
v -295.0 350.0 -830.0
v 224.00001525878906 354.0 -990.0
v 224.00001525878906 350.0 -990.0
v 224.00001525878906 350.0 -992.0
v 224.00001525878906 354.0 -992.0
v -228.00001525878906 350.0 -990.0
v -228.00001525878906 354.0 -990.0
v -228.00001525878906 354.0 -992.0
v -228.00001525878906 350.0 -992.0
v -228.00001525878906 350.0 -990.0
v -228.00001525878906 350.0 -992.0
v 224.00001525878906 350.0 -992.0
v 224.00001525878906 350.0 -990.0
v -228.00001525878906 354.0 -992.0
v -228.00001525878906 354.0 -990.0
v 224.00001525878906 354.0 -990.0
v 224.00001525878906 354.0 -992.0
v -228.00001525878906 354.0 -992.0
v 224.00001525878906 354.0 -992.0
v 224.00001525878906 350.0 -992.0
v -228.00001525878906 350.0 -992.0
v 224.00001525878906 354.0 -990.0
v -228.00001525878906 354.0 -990.0
v -228.00001525878906 350.0 -990.0
v 224.00001525878906 350.0 -990.0
v 295.99993896484375 544.0 -703.9999389648438
v 295.99993896484375 480.0 -703.9999389648438
v 296.99993896484375 480.0 -703.9999389648438
v 296.99993896484375 544.0 -703.9999389648438
v 295.99993896484375 480.0 -832.0000610351562
v 295.99993896484375 544.0 -832.0000610351562
v 296.99993896484375 544.0 -832.0000610351562
v 296.99993896484375 480.0 -832.0000610351562
v 295.99993896484375 480.0 -832.0000610351562
v 296.99993896484375 480.0 -832.0000610351562
v 296.99993896484375 480.0 -703.9999389648438
v 295.99993896484375 480.0 -703.9999389648438
v 296.99993896484375 544.0 -832.0000610351562
v 295.99993896484375 544.0 -832.0000610351562
v 295.99993896484375 544.0 -703.9999389648438
v 296.99993896484375 544.0 -703.9999389648438
v 296.99993896484375 544.0 -832.0000610351562
v 296.99993896484375 544.0 -703.9999389648438
v 296.99993896484375 480.0 -703.9999389648438
v 296.99993896484375 480.0 -832.0000610351562
v 295.99993896484375 544.0 -703.9999389648438
v 295.99993896484375 544.0 -832.0000610351562
v 295.99993896484375 480.0 -832.0000610351562
v 295.99993896484375 480.0 -703.9999389648438
v 221.99993896484375 354.0 -448.0
v 221.99993896484375 350.0 -448.0
v 223.99993896484375 350.0 -448.0
v 223.99993896484375 354.0 -448.0
v 221.99993896484375 350.0 -704.0
v 221.99993896484375 354.0 -704.0
v 223.99993896484375 354.0 -704.0
v 223.99993896484375 350.0 -704.0
v 221.99993896484375 350.0 -704.0
v 223.99993896484375 350.0 -704.0
v 223.99993896484375 350.0 -448.0
v 221.99993896484375 350.0 -448.0
v 223.99993896484375 354.0 -704.0
v 221.99993896484375 354.0 -704.0
v 221.99993896484375 354.0 -448.0
v 223.99993896484375 354.0 -448.0
v 223.99993896484375 354.0 -704.0
v 223.99993896484375 354.0 -448.0
v 223.99993896484375 350.0 -448.0
v 223.99993896484375 350.0 -704.0
v 221.99993896484375 354.0 -448.0
v 221.99993896484375 354.0 -704.0
v 221.99993896484375 350.0 -704.0
v 221.99993896484375 350.0 -448.0
v 221.99993896484375 354.0 -706.0
v 221.99993896484375 350.0 -706.0
v 221.99993896484375 350.0 -704.0
v 221.99993896484375 354.0 -704.0
v 303.99993896484375 350.0 -706.0
v 303.99993896484375 354.0 -706.0
v 303.99993896484375 354.0 -704.0
v 303.99993896484375 350.0 -704.0
v 303.99993896484375 350.0 -706.0
v 303.99993896484375 350.0 -704.0
v 221.99993896484375 350.0 -704.0
v 221.99993896484375 350.0 -706.0
v 303.99993896484375 354.0 -704.0
v 303.99993896484375 354.0 -706.0
v 221.99993896484375 354.0 -706.0
v 221.99993896484375 354.0 -704.0
v 303.99993896484375 354.0 -704.0
v 221.99993896484375 354.0 -704.0
v 221.99993896484375 350.0 -704.0
v 303.99993896484375 350.0 -704.0
v 221.99993896484375 354.0 -706.0
v 303.99993896484375 354.0 -706.0
v 303.99993896484375 350.0 -706.0
v 221.99993896484375 350.0 -706.0
v 294.99993896484375 354.0 -706.0
v 294.99993896484375 350.0 -706.0
v 296.99993896484375 350.0 -706.0
v 296.99993896484375 354.0 -706.0
v 294.99993896484375 350.0 -832.0
v 294.99993896484375 354.0 -832.0
v 296.99993896484375 354.0 -832.0
v 296.99993896484375 350.0 -832.0
v 294.99993896484375 350.0 -832.0
v 296.99993896484375 350.0 -832.0
v 296.99993896484375 350.0 -706.0
v 294.99993896484375 350.0 -706.0
v 296.99993896484375 354.0 -832.0
v 294.99993896484375 354.0 -832.0
v 294.99993896484375 354.0 -706.0
v 296.99993896484375 354.0 -706.0
v 296.99993896484375 354.0 -832.0
v 296.99993896484375 354.0 -706.0
v 296.99993896484375 350.0 -706.0
v 296.99993896484375 350.0 -832.0
v 294.99993896484375 354.0 -706.0
v 294.99993896484375 354.0 -832.0
v 294.99993896484375 350.0 -832.0
v 294.99993896484375 350.0 -706.0
v 304.0 354.0 -446.0
v 304.0 350.0 -446.0
v 304.0 350.0 -448.0
v 304.0 354.0 -448.0
v 222.0 350.0 -446.0
v 222.0 354.0 -446.0
v 222.0 354.0 -448.0
v 222.0 350.0 -448.0
v 222.0 350.0 -446.0
v 222.0 350.0 -448.0
v 304.0 350.0 -448.0
v 304.0 350.0 -446.0
v 222.0 354.0 -448.0
v 222.0 354.0 -446.0
v 304.0 354.0 -446.0
v 304.0 354.0 -448.0
v 222.0 354.0 -448.0
v 304.0 354.0 -448.0
v 304.0 350.0 -448.0
v 222.0 350.0 -448.0
v 304.0 354.0 -446.0
v 222.0 354.0 -446.0
v 222.0 350.0 -446.0
v 304.0 350.0 -446.0
v 221.99993896484375 354.0 -832.0
v 221.99993896484375 350.0 -832.0
v 223.99993896484375 350.0 -832.0
v 223.99993896484375 354.0 -832.0
v 221.99993896484375 350.0 -992.0
v 221.99993896484375 354.0 -992.0
v 223.99993896484375 354.0 -992.0
v 223.99993896484375 350.0 -992.0
v 221.99993896484375 350.0 -992.0
v 223.99993896484375 350.0 -992.0
v 223.99993896484375 350.0 -832.0
v 221.99993896484375 350.0 -832.0
v 223.99993896484375 354.0 -992.0
v 221.99993896484375 354.0 -992.0
v 221.99993896484375 354.0 -832.0
v 223.99993896484375 354.0 -832.0
v 223.99993896484375 354.0 -992.0
v 223.99993896484375 354.0 -832.0
v 223.99993896484375 350.0 -832.0
v 223.99993896484375 350.0 -992.0
v 221.99993896484375 354.0 -832.0
v 221.99993896484375 354.0 -992.0
v 221.99993896484375 350.0 -992.0
v 221.99993896484375 350.0 -832.0
v 303.99993896484375 354.0 -830.0
v 303.99993896484375 350.0 -830.0
v 303.99993896484375 350.0 -832.0
v 303.99993896484375 354.0 -832.0
v 221.99993896484375 350.0 -830.0
v 221.99993896484375 354.0 -830.0
v 221.99993896484375 354.0 -832.0
v 221.99993896484375 350.0 -832.0
v 221.99993896484375 350.0 -830.0
v 221.99993896484375 350.0 -832.0
v 303.99993896484375 350.0 -832.0
v 303.99993896484375 350.0 -830.0
v 221.99993896484375 354.0 -832.0
v 221.99993896484375 354.0 -830.0
v 303.99993896484375 354.0 -830.0
v 303.99993896484375 354.0 -832.0
v 221.99993896484375 354.0 -832.0
v 303.99993896484375 354.0 -832.0
v 303.99993896484375 350.0 -832.0
v 221.99993896484375 350.0 -832.0
v 303.99993896484375 354.0 -830.0
v 221.99993896484375 354.0 -830.0
v 221.99993896484375 350.0 -830.0
v 303.99993896484375 350.0 -830.0
v 703.9999389648438 544.0 296.00006103515625
v 703.9999389648438 480.0 296.00006103515625
v 703.9999389648438 480.0 297.00006103515625
v 703.9999389648438 544.0 297.00006103515625
v 832.0 480.0 296.00006103515625
v 832.0 544.0 296.00006103515625
v 832.0 544.0 297.00006103515625
v 832.0 480.0 297.00006103515625
v 832.0 480.0 296.00006103515625
v 832.0 480.0 297.00006103515625
v 703.9999389648438 480.0 297.00006103515625
v 703.9999389648438 480.0 296.00006103515625
v 832.0 544.0 297.00006103515625
v 832.0 544.0 296.00006103515625
v 703.9999389648438 544.0 296.00006103515625
v 703.9999389648438 544.0 297.00006103515625
v 832.0 544.0 297.00006103515625
v 703.9999389648438 544.0 297.00006103515625
v 703.9999389648438 480.0 297.00006103515625
v 832.0 480.0 297.00006103515625
v 703.9999389648438 544.0 296.00006103515625
v 832.0 544.0 296.00006103515625
v 832.0 480.0 296.00006103515625
v 703.9999389648438 480.0 296.00006103515625
v 319.99993896484375 544.0 296.0
v 319.99993896484375 480.0 296.0
v 319.99993896484375 480.0 297.0
v 319.99993896484375 544.0 297.0
v 448.00006103515625 480.0 296.0
v 448.00006103515625 544.0 296.0
v 448.00006103515625 544.0 297.0
v 448.00006103515625 480.0 297.0
v 448.00006103515625 480.0 296.0
v 448.00006103515625 480.0 297.0
v 319.99993896484375 480.0 297.0
v 319.99993896484375 480.0 296.0
v 448.00006103515625 544.0 297.0
v 448.00006103515625 544.0 296.0
v 319.99993896484375 544.0 296.0
v 319.99993896484375 544.0 297.0
v 448.00006103515625 544.0 297.0
v 319.99993896484375 544.0 297.0
v 319.99993896484375 480.0 297.0
v 448.00006103515625 480.0 297.0
v 319.99993896484375 544.0 296.0
v 448.00006103515625 544.0 296.0
v 448.00006103515625 480.0 296.0
v 319.99993896484375 480.0 296.0
v -64.00006103515625 544.0 296.0
v -64.00006103515625 480.0 296.0
v -64.00006103515625 480.0 297.0
v -64.00006103515625 544.0 297.0
v 64.00006103515625 480.0 296.0
v 64.00006103515625 544.0 296.0
v 64.00006103515625 544.0 297.0
v 64.00006103515625 480.0 297.0
v 64.00006103515625 480.0 296.0
v 64.00006103515625 480.0 297.0
v -64.00006103515625 480.0 297.0
v -64.00006103515625 480.0 296.0
v 64.00006103515625 544.0 297.0
v 64.00006103515625 544.0 296.0
v -64.00006103515625 544.0 296.0
v -64.00006103515625 544.0 297.0
v 64.00006103515625 544.0 297.0
v -64.00006103515625 544.0 297.0
v -64.00006103515625 480.0 297.0
v 64.00006103515625 480.0 297.0
v -64.00006103515625 544.0 296.0
v 64.00006103515625 544.0 296.0
v 64.00006103515625 480.0 296.0
v -64.00006103515625 480.0 296.0
v 448.0 354.0 222.00006103515625
v 448.0 350.0 222.00006103515625
v 448.0 350.0 224.00006103515625
v 448.0 354.0 224.00006103515625
v 704.0 350.0 222.00006103515625
v 704.0 354.0 222.00006103515625
v 704.0 354.0 224.00006103515625
v 704.0 350.0 224.00006103515625
v 704.0 350.0 222.00006103515625
v 704.0 350.0 224.00006103515625
v 448.0 350.0 224.00006103515625
v 448.0 350.0 222.00006103515625
v 704.0 354.0 224.00006103515625
v 704.0 354.0 222.00006103515625
v 448.0 354.0 222.00006103515625
v 448.0 354.0 224.00006103515625
v 704.0 354.0 224.00006103515625
v 448.0 354.0 224.00006103515625
v 448.0 350.0 224.00006103515625
v 704.0 350.0 224.00006103515625
v 448.0 354.0 222.00006103515625
v 704.0 354.0 222.00006103515625
v 704.0 350.0 222.00006103515625
v 448.0 350.0 222.00006103515625
v 706.0 354.0 222.0
v 706.0 350.0 222.0
v 704.0 350.0 222.0
v 704.0 354.0 222.0
v 706.0 350.0 304.0
v 706.0 354.0 304.0
v 704.0 354.0 304.0
v 704.0 350.0 304.0
v 706.0 350.0 304.0
v 704.0 350.0 304.0
v 704.0 350.0 222.0
v 706.0 350.0 222.0
v 704.0 354.0 304.0
v 706.0 354.0 304.0
v 706.0 354.0 222.0
v 704.0 354.0 222.0
v 704.0 354.0 304.0
v 704.0 354.0 222.0
v 704.0 350.0 222.0
v 704.0 350.0 304.0
v 706.0 354.0 222.0
v 706.0 354.0 304.0
v 706.0 350.0 304.0
v 706.0 350.0 222.0
v 706.0 354.0 295.00006103515625
v 706.0 350.0 295.00006103515625
v 706.0 350.0 297.00006103515625
v 706.0 354.0 297.00006103515625
v 832.0 350.0 295.00006103515625
v 832.0 354.0 295.00006103515625
v 832.0 354.0 297.00006103515625
v 832.0 350.0 297.00006103515625
v 832.0 350.0 295.00006103515625
v 832.0 350.0 297.00006103515625
v 706.0 350.0 297.00006103515625
v 706.0 350.0 295.00006103515625
v 832.0 354.0 297.00006103515625
v 832.0 354.0 295.00006103515625
v 706.0 354.0 295.00006103515625
v 706.0 354.0 297.00006103515625
v 832.0 354.0 297.00006103515625
v 706.0 354.0 297.00006103515625
v 706.0 350.0 297.00006103515625
v 832.0 350.0 297.00006103515625
v 706.0 354.0 295.00006103515625
v 832.0 354.0 295.00006103515625
v 832.0 350.0 295.00006103515625
v 706.0 350.0 295.00006103515625
v 446.0 354.0 304.0
v 446.0 350.0 304.0
v 448.0 350.0 304.0
v 448.0 354.0 304.0
v 446.0 350.0 222.0
v 446.0 354.0 222.0
v 448.0 354.0 222.0
v 448.0 350.0 222.0
v 446.0 350.0 222.0
v 448.0 350.0 222.0
v 448.0 350.0 304.0
v 446.0 350.0 304.0
v 448.0 354.0 222.0
v 446.0 354.0 222.0
v 446.0 354.0 304.0
v 448.0 354.0 304.0
v 448.0 354.0 222.0
v 448.0 354.0 304.0
v 448.0 350.0 304.0
v 448.0 350.0 222.0
v 446.0 354.0 304.0
v 446.0 354.0 222.0
v 446.0 350.0 222.0
v 446.0 350.0 304.0
v 64.0 354.0 222.0
v 64.0 350.0 222.0
v 64.0 350.0 224.0
v 64.0 354.0 224.0
v 320.0 350.0 222.0
v 320.0 354.0 222.0
v 320.0 354.0 224.0
v 320.0 350.0 224.0
v 320.0 350.0 222.0
v 320.0 350.0 224.0
v 64.0 350.0 224.0
v 64.0 350.0 222.0
v 320.0 354.0 224.0
v 320.0 354.0 222.0
v 64.0 354.0 222.0
v 64.0 354.0 224.0
v 320.0 354.0 224.0
v 64.0 354.0 224.0
v 64.0 350.0 224.0
v 320.0 350.0 224.0
v 64.0 354.0 222.0
v 320.0 354.0 222.0
v 320.0 350.0 222.0
v 64.0 350.0 222.0
v 322.0 354.0 222.0
v 322.0 350.0 222.0
v 320.0 350.0 222.0
v 320.0 354.0 222.0
v 322.0 350.0 304.0
v 322.0 354.0 304.0
v 320.0 354.0 304.0
v 320.0 350.0 304.0
v 322.0 350.0 304.0
v 320.0 350.0 304.0
v 320.0 350.0 222.0
v 322.0 350.0 222.0
v 320.0 354.0 304.0
v 322.0 354.0 304.0
v 322.0 354.0 222.0
v 320.0 354.0 222.0
v 320.0 354.0 304.0
v 320.0 354.0 222.0
v 320.0 350.0 222.0
v 320.0 350.0 304.0
v 322.0 354.0 222.0
v 322.0 354.0 304.0
v 322.0 350.0 304.0
v 322.0 350.0 222.0
v 322.0 354.0 295.0
v 322.0 350.0 295.0
v 322.0 350.0 297.0
v 322.0 354.0 297.0
v 448.0 350.0 295.0
v 448.0 354.0 295.0
v 448.0 354.0 297.0
v 448.0 350.0 297.0
v 448.0 350.0 295.0
v 448.0 350.0 297.0
v 322.0 350.0 297.0
v 322.0 350.0 295.0
v 448.0 354.0 297.0
v 448.0 354.0 295.0
v 322.0 354.0 295.0
v 322.0 354.0 297.0
v 448.0 354.0 297.0
v 322.0 354.0 297.0
v 322.0 350.0 297.0
v 448.0 350.0 297.0
v 322.0 354.0 295.0
v 448.0 354.0 295.0
v 448.0 350.0 295.0
v 322.0 350.0 295.0
v 62.0 354.0 304.0
v 62.0 350.0 304.0
v 64.0 350.0 304.0
v 64.0 354.0 304.0
v 62.0 350.0 222.0
v 62.0 354.0 222.0
v 64.0 354.0 222.0
v 64.0 350.0 222.0
v 62.0 350.0 222.0
v 64.0 350.0 222.0
v 64.0 350.0 304.0
v 62.0 350.0 304.0
v 64.0 354.0 222.0
v 62.0 354.0 222.0
v 62.0 354.0 304.0
v 64.0 354.0 304.0
v 64.0 354.0 222.0
v 64.0 354.0 304.0
v 64.0 350.0 304.0
v 64.0 350.0 222.0
v 62.0 354.0 304.0
v 62.0 354.0 222.0
v 62.0 350.0 222.0
v 62.0 350.0 304.0
v -62.0 354.0 222.0
v -62.0 350.0 222.0
v -64.0 350.0 222.0
v -64.0 354.0 222.0
v -62.0 350.0 304.0
v -62.0 354.0 304.0
v -64.0 354.0 304.0
v -64.0 350.0 304.0
v -62.0 350.0 304.0
v -64.0 350.0 304.0
v -64.0 350.0 222.0
v -62.0 350.0 222.0
v -64.0 354.0 304.0
v -62.0 354.0 304.0
v -62.0 354.0 222.0
v -64.0 354.0 222.0
v -64.0 354.0 304.0
v -64.0 354.0 222.0
v -64.0 350.0 222.0
v -64.0 350.0 304.0
v -62.0 354.0 222.0
v -62.0 354.0 304.0
v -62.0 350.0 304.0
v -62.0 350.0 222.0
v -62.0 354.0 295.0
v -62.0 350.0 295.0
v -62.0 350.0 297.0
v -62.0 354.0 297.0
v 64.0 350.0 295.0
v 64.0 354.0 295.0
v 64.0 354.0 297.0
v 64.0 350.0 297.0
v 64.0 350.0 295.0
v 64.0 350.0 297.0
v -62.0 350.0 297.0
v -62.0 350.0 295.0
v 64.0 354.0 297.0
v 64.0 354.0 295.0
v -62.0 354.0 295.0
v -62.0 354.0 297.0
v 64.0 354.0 297.0
v -62.0 354.0 297.0
v -62.0 350.0 297.0
v 64.0 350.0 297.0
v -62.0 354.0 295.0
v 64.0 354.0 295.0
v 64.0 350.0 295.0
v -62.0 350.0 295.0
v 832.0 354.0 222.00006103515625
v 832.0 350.0 222.00006103515625
v 832.0 350.0 224.00006103515625
v 832.0 354.0 224.00006103515625
v 992.0 350.0 222.00006103515625
v 992.0 354.0 222.00006103515625
v 992.0 354.0 224.00006103515625
v 992.0 350.0 224.00006103515625
v 992.0 350.0 222.00006103515625
v 992.0 350.0 224.00006103515625
v 832.0 350.0 224.00006103515625
v 832.0 350.0 222.00006103515625
v 992.0 354.0 224.00006103515625
v 992.0 354.0 222.00006103515625
v 832.0 354.0 222.00006103515625
v 832.0 354.0 224.00006103515625
v 992.0 354.0 224.00006103515625
v 832.0 354.0 224.00006103515625
v 832.0 350.0 224.00006103515625
v 992.0 350.0 224.00006103515625
v 832.0 354.0 222.00006103515625
v 992.0 354.0 222.00006103515625
v 992.0 350.0 222.00006103515625
v 832.0 350.0 222.00006103515625
v 830.0 354.0 304.00006103515625
v 830.0 350.0 304.00006103515625
v 832.0 350.0 304.00006103515625
v 832.0 354.0 304.00006103515625
v 830.0 350.0 222.00006103515625
v 830.0 354.0 222.00006103515625
v 832.0 354.0 222.00006103515625
v 832.0 350.0 222.00006103515625
v 830.0 350.0 222.00006103515625
v 832.0 350.0 222.00006103515625
v 832.0 350.0 304.00006103515625
v 830.0 350.0 304.00006103515625
v 832.0 354.0 222.00006103515625
v 830.0 354.0 222.00006103515625
v 830.0 354.0 304.00006103515625
v 832.0 354.0 304.00006103515625
v 832.0 354.0 222.00006103515625
v 832.0 354.0 304.00006103515625
v 832.0 350.0 304.00006103515625
v 832.0 350.0 222.00006103515625
v 830.0 354.0 304.00006103515625
v 830.0 354.0 222.00006103515625
v 830.0 350.0 222.00006103515625
v 830.0 350.0 304.00006103515625
v 990.0 354.0 224.0
v 990.0 350.0 224.0
v 992.0 350.0 224.0
v 992.0 354.0 224.0
v 990.0 350.0 -228.0
v 990.0 354.0 -228.0
v 992.0 354.0 -228.0
v 992.0 350.0 -228.0
v 990.0 350.0 -228.0
v 992.0 350.0 -228.0
v 992.0 350.0 224.0
v 990.0 350.0 224.0
v 992.0 354.0 -228.0
v 990.0 354.0 -228.0
v 990.0 354.0 224.0
v 992.0 354.0 224.0
v 992.0 354.0 -228.0
v 992.0 354.0 224.0
v 992.0 350.0 224.0
v 992.0 350.0 -228.0
v 990.0 354.0 224.0
v 990.0 354.0 -228.0
v 990.0 350.0 -228.0
v 990.0 350.0 224.0
v 832.0 544.0 -296.0
v 832.0 480.0 -296.0
v 832.0 480.0 -297.0
v 832.0 544.0 -297.0
v 703.9999389648438 480.0 -296.0
v 703.9999389648438 544.0 -296.0
v 703.9999389648438 544.0 -297.0
v 703.9999389648438 480.0 -297.0
v 703.9999389648438 480.0 -296.0
v 703.9999389648438 480.0 -297.0
v 832.0 480.0 -297.0
v 832.0 480.0 -296.0
v 703.9999389648438 544.0 -297.0
v 703.9999389648438 544.0 -296.0
v 832.0 544.0 -296.0
v 832.0 544.0 -297.0
v 703.9999389648438 544.0 -297.0
v 832.0 544.0 -297.0
v 832.0 480.0 -297.0
v 703.9999389648438 480.0 -297.0
v 832.0 544.0 -296.0
v 703.9999389648438 544.0 -296.0
v 703.9999389648438 480.0 -296.0
v 832.0 480.0 -296.0
v 704.0 354.0 -222.0
v 704.0 350.0 -222.0
v 704.0 350.0 -224.0
v 704.0 354.0 -224.0
v 448.0 350.0 -222.0
v 448.0 354.0 -222.0
v 448.0 354.0 -224.0
v 448.0 350.0 -224.0
v 448.0 350.0 -222.0
v 448.0 350.0 -224.0
v 704.0 350.0 -224.0
v 704.0 350.0 -222.0
v 448.0 354.0 -224.0
v 448.0 354.0 -222.0
v 704.0 354.0 -222.0
v 704.0 354.0 -224.0
v 448.0 354.0 -224.0
v 704.0 354.0 -224.0
v 704.0 350.0 -224.0
v 448.0 350.0 -224.0
v 704.0 354.0 -222.0
v 448.0 354.0 -222.0
v 448.0 350.0 -222.0
v 704.0 350.0 -222.0
v 446.0 354.0 -221.9998779296875
v 446.0 350.0 -221.9998779296875
v 448.0 350.0 -221.9998779296875
v 448.0 354.0 -221.9998779296875
v 446.0 350.0 -303.9998779296875
v 446.0 354.0 -303.9998779296875
v 448.0 354.0 -303.9998779296875
v 448.0 350.0 -303.9998779296875
v 446.0 350.0 -303.9998779296875
v 448.0 350.0 -303.9998779296875
v 448.0 350.0 -221.9998779296875
v 446.0 350.0 -221.9998779296875
v 448.0 354.0 -303.9998779296875
v 446.0 354.0 -303.9998779296875
v 446.0 354.0 -221.9998779296875
v 448.0 354.0 -221.9998779296875
v 448.0 354.0 -303.9998779296875
v 448.0 354.0 -221.9998779296875
v 448.0 350.0 -221.9998779296875
v 448.0 350.0 -303.9998779296875
v 446.0 354.0 -221.9998779296875
v 446.0 354.0 -303.9998779296875
v 446.0 350.0 -303.9998779296875
v 446.0 350.0 -221.9998779296875
v 706.0 354.0 -304.0
v 706.0 350.0 -304.0
v 704.0 350.0 -304.0
v 704.0 354.0 -304.0
v 706.0 350.0 -222.0
v 706.0 354.0 -222.0
v 704.0 354.0 -222.0
v 704.0 350.0 -222.0
v 706.0 350.0 -222.0
v 704.0 350.0 -222.0
v 704.0 350.0 -304.0
v 706.0 350.0 -304.0
v 704.0 354.0 -222.0
v 706.0 354.0 -222.0
v 706.0 354.0 -304.0
v 704.0 354.0 -304.0
v 704.0 354.0 -222.0
v 704.0 354.0 -304.0
v 704.0 350.0 -304.0
v 704.0 350.0 -222.0
v 706.0 354.0 -304.0
v 706.0 354.0 -222.0
v 706.0 350.0 -222.0
v 706.0 350.0 -304.0
v 1000.0 354.0 -222.0
v 1000.0 350.0 -222.0
v 1000.0 350.0 -224.0
v 1000.0 354.0 -224.0
v 832.0 350.0 -222.0
v 832.0 354.0 -222.0
v 832.0 354.0 -224.0
v 832.0 350.0 -224.0
v 832.0 350.0 -222.0
v 832.0 350.0 -224.0
v 1000.0 350.0 -224.0
v 1000.0 350.0 -222.0
v 832.0 354.0 -224.0
v 832.0 354.0 -222.0
v 1000.0 354.0 -222.0
v 1000.0 354.0 -224.0
v 832.0 354.0 -224.0
v 1000.0 354.0 -224.0
v 1000.0 350.0 -224.0
v 832.0 350.0 -224.0
v 1000.0 354.0 -222.0
v 832.0 354.0 -222.0
v 832.0 350.0 -222.0
v 1000.0 350.0 -222.0
v 830.0 354.0 -222.0
v 830.0 350.0 -222.0
v 832.0 350.0 -222.0
v 832.0 354.0 -222.0
v 830.0 350.0 -304.0
v 830.0 354.0 -304.0
v 832.0 354.0 -304.0
v 832.0 350.0 -304.0
v 830.0 350.0 -304.0
v 832.0 350.0 -304.0
v 832.0 350.0 -222.0
v 830.0 350.0 -222.0
v 832.0 354.0 -304.0
v 830.0 354.0 -304.0
v 830.0 354.0 -222.0
v 832.0 354.0 -222.0
v 832.0 354.0 -304.0
v 832.0 354.0 -222.0
v 832.0 350.0 -222.0
v 832.0 350.0 -304.0
v 830.0 354.0 -222.0
v 830.0 354.0 -304.0
v 830.0 350.0 -304.0
v 830.0 350.0 -222.0
v -64.0 354.0 222.0
v -64.0 354.0 224.0
v -64.0 350.0 224.0
v -64.0 350.0 222.0
v -64.0 350.0 222.0
v -64.0 350.0 224.0
v -304.0 350.0 224.0
v -304.0 350.0 222.0
v -64.0 354.0 224.0
v -64.0 354.0 222.0
v -304.0 354.0 222.0
v -304.0 354.0 224.0
v -304.0 354.0 224.0
v -304.0 350.0 224.0
v -64.0 350.0 224.0
v -64.0 354.0 224.0
v -64.0 354.0 222.0
v -64.0 350.0 222.0
v -304.0 350.0 222.0
v -304.0 354.0 222.0
v -304.0 350.0 224.0
v -304.0 354.0 224.0
v -304.0 354.0 222.0
v -304.0 350.0 222.0
v -223.0 354.0 224.0
v -225.0 354.0 224.0
v -225.0 350.0 224.0
v -223.0 350.0 224.0
v -223.0 350.0 224.0
v -225.0 350.0 224.0
v -225.0 350.0 63.0
v -223.0 350.0 63.0
v -225.0 354.0 224.0
v -223.0 354.0 224.0
v -223.0 354.0 63.0
v -225.0 354.0 63.0
v -225.0 354.0 63.0
v -225.0 350.0 63.0
v -225.0 350.0 224.0
v -225.0 354.0 224.0
v -223.0 354.0 224.0
v -223.0 350.0 224.0
v -223.0 350.0 63.0
v -223.0 354.0 63.0
v -225.0 350.0 63.0
v -225.0 354.0 63.0
v -223.0 354.0 63.0
v -223.0 350.0 63.0
v -304.0 354.0 62.0
v -304.0 350.0 62.0
v -304.0 350.0 64.0
v -304.0 354.0 64.0
v -224.0 350.0 62.0
v -224.0 354.0 62.0
v -224.0 354.0 64.0
v -224.0 350.0 64.0
v -224.0 350.0 62.0
v -224.0 350.0 64.0
v -304.0 350.0 64.0
v -304.0 350.0 62.0
v -224.0 354.0 64.0
v -224.0 354.0 62.0
v -304.0 354.0 62.0
v -304.0 354.0 64.0
v -224.0 354.0 64.0
v -304.0 354.0 64.0
v -304.0 350.0 64.0
v -224.0 350.0 64.0
v -304.0 354.0 62.0
v -224.0 354.0 62.0
v -224.0 350.0 62.0
v -304.0 350.0 62.0
v 480.1371154785156 354.0 -252.4486083984375
v 480.1371154785156 350.0 -252.4486083984375
v 481.55133056640625 350.0 -253.86282348632812
v 481.55133056640625 354.0 -253.86282348632812
v 252.44866943359375 350.0 -480.1370849609375
v 252.44866943359375 354.0 -480.1370849609375
v 253.86288452148438 354.0 -481.55126953125
v 253.86288452148438 350.0 -481.55126953125
v 252.44866943359375 350.0 -480.1370849609375
v 253.86288452148438 350.0 -481.55126953125
v 481.55133056640625 350.0 -253.86282348632812
v 480.1371154785156 350.0 -252.4486083984375
v 253.86288452148438 354.0 -481.55126953125
v 252.44866943359375 354.0 -480.1370849609375
v 480.1371154785156 354.0 -252.4486083984375
v 481.55133056640625 354.0 -253.86282348632812
v 253.86288452148438 354.0 -481.55126953125
v 481.55133056640625 354.0 -253.86282348632812
v 481.55133056640625 350.0 -253.86282348632812
v 253.86288452148438 350.0 -481.55126953125
v 480.1371154785156 354.0 -252.4486083984375
v 252.44866943359375 354.0 -480.1370849609375
v 252.44866943359375 350.0 -480.1370849609375
v 480.1371154785156 350.0 -252.4486083984375
v 705.5000610351562 354.0 -297.0
v 705.5000610351562 350.0 -297.0
v 705.5000610351562 350.0 -295.0
v 705.5000610351562 354.0 -295.0
v 830.4999389648438 350.0 -297.0
v 830.4999389648438 354.0 -297.0
v 830.4999389648438 354.0 -295.0
v 830.4999389648438 350.0 -295.0
v 830.4999389648438 350.0 -297.0
v 830.4999389648438 350.0 -295.0
v 705.5000610351562 350.0 -295.0
v 705.5000610351562 350.0 -297.0
v 830.4999389648438 354.0 -295.0
v 830.4999389648438 354.0 -297.0
v 705.5000610351562 354.0 -297.0
v 705.5000610351562 354.0 -295.0
v 830.4999389648438 354.0 -295.0
v 705.5000610351562 354.0 -295.0
v 705.5000610351562 350.0 -295.0
v 830.4999389648438 350.0 -295.0
v 705.5000610351562 354.0 -297.0
v 830.4999389648438 354.0 -297.0
v 830.4999389648438 350.0 -297.0
v 705.5000610351562 350.0 -297.0
v 247.0 320.0 -671.5
v 247.0 0.0 -671.5
v 247.0 0.0 -479.5
v 247.0 320.0 -479.5
v 296.0 0.0 -671.5
v 296.0 0.0 -479.5
v 247.0 0.0 -479.5
v 247.0 0.0 -671.5
v 296.0 320.0 -479.5
v 296.0 320.0 -671.5
v 247.0 320.0 -671.5
v 247.0 320.0 -479.5
v 296.0 320.0 -479.5
v 247.0 320.0 -479.5
v 247.0 0.0 -479.5
v 296.0 0.0 -479.5
v 247.0 320.0 -671.5
v 296.0 320.0 -671.5
v 296.0 0.0 -671.5
v 247.0 0.0 -671.5
v 1024.0 705.0 -1024.0
v 1024.0 705.0 304.0
v 1024.0 704.0 304.0
v 1024.0 704.0 -1024.0
v 1024.0 704.0 -1024.0
v 1024.0 704.0 304.0
v -304.0 704.0 304.00006103515625
v -304.0 704.0 -1024.0
v -304.0 705.0 304.00006103515625
v -304.0 704.0 304.00006103515625
v 1024.0 704.0 304.0
v 1024.0 705.0 304.0
v 1024.0 705.0 -1024.0
v 1024.0 704.0 -1024.0
v -304.0 704.0 -1024.0
v -304.0 705.0 -1024.0
v -304.0 704.0 304.00006103515625
v -304.0 705.0 304.00006103515625
v -304.0 705.0 -1024.0
v -304.0 704.0 -1024.0
v -320.0 0.0 320.0
v 1024.0 0.0 320.0
v 1024.0 0.0 -1024.0
v -320.0 0.0 -1024.0
vt 0.4287000000476837 0.3658999800682068
vt 0.7006000280380249 0.5255999863147736
vt 0.3950999975204468 0.4388999938964844
vt 0.47530001401901245 0.301800012588501
vt 0.5430999994277954 0.25349998474121094
vt 0.6159999966621399 0.22049999237060547
vt 0.6991999745368958 0.20999997854232788
vt 0.7786999940872192 0.21929997205734253
vt 0.8539999723434448 0.24839997291564941
vt 0.4287000000476837 0.3658999800682068
vt 0.47530001401901245 0.301800012588501
vt 0.5430999994277954 0.25349998474121094
vt 0.6159999966621399 0.22049999237060547
vt 0.6991999745368958 0.20999997854232788
vt 0.7786999940872192 0.21929997205734253
vt 0.6516000032424927 0.9126999974250793
vt 0.6983000040054321 0.8484999984502792
vt 0.6854000091552734 0.8881999999284744
vt 0.6100000143051147 0.9126999974250793
vt 0.517799973487854 0.2085999846458435
vt 0.45190000534057617 0.013300001621246338
vt 0.49619999527931213 0.007899999618530273
vt 0.4781999886035919 0.21450001001358032
vt 0.5555999875068665 0.20560002326965332
vt 0.542900025844574 0.003899991512298584
vt 0.5954999923706055 0.2031000256538391
vt 0.5889999866485596 0.003300011157989502
vt 0.6353999972343445 0.2031000256538391
vt 0.6351000070571899 0.002499997615814209
vt 0.8197000026702881 0.013100028038024902
vt 0.7522000074386597 0.20910000801086426
vt 0.7728000283241272 0.0070999860763549805
vt 0.7921000123023987 0.21450001001358032
vt 0.7128000259399414 0.205299973487854
vt 0.7282000184059143 0.003300011157989502
vt 0.6740000247955322 0.20340001583099365
vt 0.6807000041007996 0.0023000240325927734
vt 0.40709999203681946 0.019299983978271484
vt 0.43959999084472656 0.21960002183914185
vt 0.8575000166893005 0.019800007343292236
vt 0.8305000066757202 0.21960002183914185
vt 0.3052999973297119 0.7796999961137772
vt 0.4327000081539154 0.8008999973535538
vt 0.3407000005245209 0.7245000004768372
vt 0.40799999237060547 0.8509999960660934
vt 0.19349999725818634 0.8263999968767166
vt 0.28459998965263367 0.9121999964118004
vt 0.2851000130176544 0.8464999943971634
vt 0.19189999997615814 0.9059000015258789
vt 0.22020000219345093 0.7455999851226807
vt 0.26600000262260437 0.6712999939918518
vt 0.4668999910354614 0.7597000002861023
vt 0.3790000081062317 0.6760999858379364
vt 0.3181999921798706 0.6024999916553497
vt 0.3882000148296356 0.553600013256073
vt 0.4361000061035156 0.6365000009536743
vt 0.47540000081062317 0.5228999853134155
vt 0.49639999866485596 0.6168999969959259
vt 0.5698000192642212 0.7278999984264374
vt 0.5595999956130981 0.607699990272522
vt 0.51910001039505 0.7362000048160553
vt 0.7346000075340271 0.5437000095844269
vt 0.6294999718666077 0.6123999953269958
vt 0.6898000240325928 0.6331999897956848
vt 0.6442000269889832 0.5148000121116638
vt 0.5595999956130981 0.5090999901294708
vt 0.8270000219345093 0.9143999963998795
vt 0.7070000171661377 0.8463000059127808
vt 0.7096999883651733 0.8902999982237816
vt 0.826200008392334 0.8522000014781952
vt 0.9257000088691711 0.9130000025033951
vt 0.9236999750137329 0.8364000022411346
vt 0.8129000067710876 0.7886999994516373
vt 0.9061999917030334 0.7549999952316284
vt 0.7871999740600586 0.727400004863739
vt 0.8686000108718872 0.6764000058174133
vt 0.6557000279426575 0.7569999992847443
vt 0.6171000003814697 0.7330999970436096
vt 0.7445999979972839 0.674699991941452
vt 0.8133999705314636 0.6040999889373779
vt 0.8579000234603882 0.31540000438690186
vt 0.847599983215332 0.3051999807357788
vt 0.847599983215332 0.31540000438690186
vt 0.8579000234603882 0.3051999807357788
vt 0.8267999887466431 0.31540000438690186
vt 0.8371999859809875 0.3554999828338623
vt 0.8371999859809875 0.31540000438690186
vt 0.8267999887466431 0.3554999828338623
vt 0.847599983215332 0.3554999828338623
vt 0.847599983215332 0.31540000438690186
vt 0.8579000234603882 0.31540000438690186
vt 0.8683000206947327 0.3554999828338623
vt 0.8683000206947327 0.31540000438690186
vt 0.8579000234603882 0.3554999828338623
vt 0.33329999446868896 0.3352000117301941
vt 0.3260999917984009 0.25550001859664917
vt 0.3003000020980835 0.24790000915527344
vt 0.3659000098705292 0.34530001878738403
vt 0.35370001196861267 0.26099997758865356
vt 0.3815000057220459 0.2621999979019165
vt 0.39649999141693115 0.3440999984741211
vt 0.4083999991416931 0.26010000705718994
vt 0.4366999864578247 0.2541999816894531
vt 0.42829999327659607 0.3335000276565552
vt 0.46299999952316284 0.24409997463226318
vt 0.33869999647140503 0.20920002460479736
vt 0.33219999074935913 0.18459999561309814
vt 0.35670000314712524 0.2271999716758728
vt 0.3813000023365021 0.23430001735687256
vt 0.40630000829696655 0.22670000791549683
vt 0.423799991607666 0.20920002460479736
vt 0.44179999828338623 0.22829997539520264
vt 0.33329999446868896 0.3352000117301941
vt 0.3260999917984009 0.25550001859664917
vt 0.3003000020980835 0.24790000915527344
vt 0.3659000098705292 0.34530001878738403
vt 0.35370001196861267 0.26099997758865356
vt 0.3815000057220459 0.2621999979019165
vt 0.39649999141693115 0.3440999984741211
vt 0.4083999991416931 0.26010000705718994
vt 0.4366999864578247 0.2541999816894531
vt 0.42829999327659607 0.3335000276565552
vt 0.46299999952316284 0.24409997463226318
vt 0.33869999647140503 0.20920002460479736
vt 0.33219999074935913 0.18459999561309814
vt 0.35670000314712524 0.2271999716758728
vt 0.3813000023365021 0.23430001735687256
vt 0.40630000829696655 0.22670000791549683
vt 0.423799991607666 0.20920002460479736
vt 0.44179999828338623 0.22829997539520264
vt 0.4058000147342682 0.17079997062683105
vt 0.430400013923645 0.18459999561309814
vt 0.423799991607666 0.16009998321533203
vt 0.40959998965263367 0.1850000023841858
vt 0.3955000042915344 0.16039997339248657
vt 0.4058000147342682 0.14209997653961182
vt 0.3813000023365021 0.1565999984741211
vt 0.3813000023365021 0.1355000138282776
vt 0.3671000003814697 0.16039997339248657
vt 0.35670000314712524 0.14209997653961182
vt 0.35670000314712524 0.17079997062683105
vt 0.33869999647140503 0.16009998321533203
vt 0.3528999984264374 0.1850000023841858
vt 0.35670000314712524 0.19919997453689575
vt 0.3671000003814697 0.20959997177124023
vt 0.3813000023365021 0.2134000062942505
vt 0.3955000042915344 0.20959997177124023
vt 0.4058000147342682 0.19919997453689575
vt 0.3813000023365021 0.1851000189781189
vt 0.4049000144004822 0.8968999981880188
vt 0.4361000061035156 0.6365000009536743
vt 0.6294999718666077 0.6123999953269958
vt 0.6894000172615051 0.7960000038146973
vt 0.6100000143051147 0.784400001168251
vt 0.5633000135421753 0.8484999984502792
vt 0.576200008392334 0.808899998664856
vt 0.6516000032424927 0.784400001168251
vt 0.576200008392334 0.8881999999284744
vt 0.6854000091552734 0.808899998664856
vt 0.4287000000476837 0.3658999800682068
vt 0.7006000280380249 0.5255999863147736
vt 0.3950999975204468 0.4388999938964844
vt 0.47530001401901245 0.301800012588501
vt 0.5430999994277954 0.25349998474121094
vt 0.6159999966621399 0.22049999237060547
vt 0.6991999745368958 0.20999997854232788
vt 0.7786999940872192 0.21929997205734253
vt 0.8539999723434448 0.24839997291564941
vt 0.4287000000476837 0.3658999800682068
vt 0.47530001401901245 0.301800012588501
vt 0.5430999994277954 0.25349998474121094
vt 0.6159999966621399 0.22049999237060547
vt 0.6991999745368958 0.20999997854232788
vt 0.7786999940872192 0.21929997205734253
vt 0.6516000032424927 0.9126999974250793
vt 0.6983000040054321 0.8484999984502792
vt 0.6854000091552734 0.8881999999284744
vt 0.6100000143051147 0.9126999974250793
vt 0.517799973487854 0.2085999846458435
vt 0.45190000534057617 0.013300001621246338
vt 0.49619999527931213 0.007899999618530273
vt 0.4781999886035919 0.21450001001358032
vt 0.5555999875068665 0.20560002326965332
vt 0.542900025844574 0.003899991512298584
vt 0.5954999923706055 0.2031000256538391
vt 0.5889999866485596 0.003300011157989502
vt 0.6353999972343445 0.2031000256538391
vt 0.6351000070571899 0.002499997615814209
vt 0.8197000026702881 0.013100028038024902
vt 0.7522000074386597 0.20910000801086426
vt 0.7728000283241272 0.0070999860763549805
vt 0.7921000123023987 0.21450001001358032
vt 0.7128000259399414 0.205299973487854
vt 0.7282000184059143 0.003300011157989502
vt 0.6740000247955322 0.20340001583099365
vt 0.6807000041007996 0.0023000240325927734
vt 0.40709999203681946 0.019299983978271484
vt 0.43959999084472656 0.21960002183914185
vt 0.8575000166893005 0.019800007343292236
vt 0.8305000066757202 0.21960002183914185
vt 0.3052999973297119 0.7796999961137772
vt 0.4327000081539154 0.8008999973535538
vt 0.3407000005245209 0.7245000004768372
vt 0.40799999237060547 0.8509999960660934
vt 0.19349999725818634 0.8263999968767166
vt 0.28459998965263367 0.9121999964118004
vt 0.2851000130176544 0.8464999943971634
vt 0.19189999997615814 0.9059000015258789
vt 0.22020000219345093 0.7455999851226807
vt 0.26600000262260437 0.6712999939918518
vt 0.4668999910354614 0.7597000002861023
vt 0.3790000081062317 0.6760999858379364
vt 0.3181999921798706 0.6024999916553497
vt 0.3882000148296356 0.553600013256073
vt 0.4361000061035156 0.6365000009536743
vt 0.47540000081062317 0.5228999853134155
vt 0.49639999866485596 0.6168999969959259
vt 0.5698000192642212 0.7278999984264374
vt 0.5595999956130981 0.607699990272522
vt 0.51910001039505 0.7362000048160553
vt 0.7346000075340271 0.5437000095844269
vt 0.6294999718666077 0.6123999953269958
vt 0.6898000240325928 0.6331999897956848
vt 0.6442000269889832 0.5148000121116638
vt 0.5595999956130981 0.5090999901294708
vt 0.8270000219345093 0.9143999963998795
vt 0.7070000171661377 0.8463000059127808
vt 0.7096999883651733 0.8902999982237816
vt 0.826200008392334 0.8522000014781952
vt 0.9257000088691711 0.9130000025033951
vt 0.9236999750137329 0.8364000022411346
vt 0.8129000067710876 0.7886999994516373
vt 0.9061999917030334 0.7549999952316284
vt 0.7871999740600586 0.727400004863739
vt 0.8686000108718872 0.6764000058174133
vt 0.6557000279426575 0.7569999992847443
vt 0.6171000003814697 0.7330999970436096
vt 0.7445999979972839 0.674699991941452
vt 0.8133999705314636 0.6040999889373779
vt 0.8579000234603882 0.31540000438690186
vt 0.847599983215332 0.3051999807357788
vt 0.847599983215332 0.31540000438690186
vt 0.8579000234603882 0.3051999807357788
vt 0.8267999887466431 0.31540000438690186
vt 0.8371999859809875 0.3554999828338623
vt 0.8371999859809875 0.31540000438690186
vt 0.8267999887466431 0.3554999828338623
vt 0.847599983215332 0.3554999828338623
vt 0.847599983215332 0.31540000438690186
vt 0.8579000234603882 0.31540000438690186
vt 0.8683000206947327 0.3554999828338623
vt 0.8683000206947327 0.31540000438690186
vt 0.8579000234603882 0.3554999828338623
vt 0.33329999446868896 0.3352000117301941
vt 0.3260999917984009 0.25550001859664917
vt 0.3003000020980835 0.24790000915527344
vt 0.3659000098705292 0.34530001878738403
vt 0.35370001196861267 0.26099997758865356
vt 0.3815000057220459 0.2621999979019165
vt 0.39649999141693115 0.3440999984741211
vt 0.4083999991416931 0.26010000705718994
vt 0.4366999864578247 0.2541999816894531
vt 0.42829999327659607 0.3335000276565552
vt 0.46299999952316284 0.24409997463226318
vt 0.33869999647140503 0.20920002460479736
vt 0.33219999074935913 0.18459999561309814
vt 0.35670000314712524 0.2271999716758728
vt 0.3813000023365021 0.23430001735687256
vt 0.40630000829696655 0.22670000791549683
vt 0.423799991607666 0.20920002460479736
vt 0.44179999828338623 0.22829997539520264
vt 0.33329999446868896 0.3352000117301941
vt 0.3260999917984009 0.25550001859664917
vt 0.3003000020980835 0.24790000915527344
vt 0.3659000098705292 0.34530001878738403
vt 0.35370001196861267 0.26099997758865356
vt 0.3815000057220459 0.2621999979019165
vt 0.39649999141693115 0.3440999984741211
vt 0.4083999991416931 0.26010000705718994
vt 0.4366999864578247 0.2541999816894531
vt 0.42829999327659607 0.3335000276565552
vt 0.46299999952316284 0.24409997463226318
vt 0.33869999647140503 0.20920002460479736
vt 0.33219999074935913 0.18459999561309814
vt 0.35670000314712524 0.2271999716758728
vt 0.3813000023365021 0.23430001735687256
vt 0.40630000829696655 0.22670000791549683
vt 0.423799991607666 0.20920002460479736
vt 0.44179999828338623 0.22829997539520264
vt 0.4058000147342682 0.17079997062683105
vt 0.430400013923645 0.18459999561309814
vt 0.423799991607666 0.16009998321533203
vt 0.40959998965263367 0.1850000023841858
vt 0.3955000042915344 0.16039997339248657
vt 0.4058000147342682 0.14209997653961182
vt 0.3813000023365021 0.1565999984741211
vt 0.3813000023365021 0.1355000138282776
vt 0.3671000003814697 0.16039997339248657
vt 0.35670000314712524 0.14209997653961182
vt 0.35670000314712524 0.17079997062683105
vt 0.33869999647140503 0.16009998321533203
vt 0.3528999984264374 0.1850000023841858
vt 0.35670000314712524 0.19919997453689575
vt 0.3671000003814697 0.20959997177124023
vt 0.3813000023365021 0.2134000062942505
vt 0.3955000042915344 0.20959997177124023
vt 0.4058000147342682 0.19919997453689575
vt 0.3813000023365021 0.1851000189781189
vt 0.4049000144004822 0.8968999981880188
vt 0.4361000061035156 0.6365000009536743
vt 0.6294999718666077 0.6123999953269958
vt 0.6894000172615051 0.7960000038146973
vt 0.6100000143051147 0.784400001168251
vt 0.5633000135421753 0.8484999984502792
vt 0.576200008392334 0.808899998664856
vt 0.6516000032424927 0.784400001168251
vt 0.576200008392334 0.8881999999284744
vt 0.6854000091552734 0.808899998664856
vt 0.4287000000476837 0.3658999800682068
vt 0.7006000280380249 0.5255999863147736
vt 0.3950999975204468 0.4388999938964844
vt 0.47530001401901245 0.301800012588501
vt 0.5430999994277954 0.25349998474121094
vt 0.6159999966621399 0.22049999237060547
vt 0.6991999745368958 0.20999997854232788
vt 0.7786999940872192 0.21929997205734253
vt 0.8539999723434448 0.24839997291564941
vt 0.4287000000476837 0.3658999800682068
vt 0.47530001401901245 0.301800012588501
vt 0.5430999994277954 0.25349998474121094
vt 0.6159999966621399 0.22049999237060547
vt 0.6991999745368958 0.20999997854232788
vt 0.7786999940872192 0.21929997205734253
vt 0.6516000032424927 0.9126999974250793
vt 0.6983000040054321 0.8484999984502792
vt 0.6854000091552734 0.8881999999284744
vt 0.6100000143051147 0.9126999974250793
vt 0.517799973487854 0.2085999846458435
vt 0.45190000534057617 0.013300001621246338
vt 0.49619999527931213 0.007899999618530273
vt 0.4781999886035919 0.21450001001358032
vt 0.5555999875068665 0.20560002326965332
vt 0.542900025844574 0.003899991512298584
vt 0.5954999923706055 0.2031000256538391
vt 0.5889999866485596 0.003300011157989502
vt 0.6353999972343445 0.2031000256538391
vt 0.6351000070571899 0.002499997615814209
vt 0.8197000026702881 0.013100028038024902
vt 0.7522000074386597 0.20910000801086426
vt 0.7728000283241272 0.0070999860763549805
vt 0.7921000123023987 0.21450001001358032
vt 0.7128000259399414 0.205299973487854
vt 0.7282000184059143 0.003300011157989502
vt 0.6740000247955322 0.20340001583099365
vt 0.6807000041007996 0.0023000240325927734
vt 0.40709999203681946 0.019299983978271484
vt 0.43959999084472656 0.21960002183914185
vt 0.8575000166893005 0.019800007343292236
vt 0.8305000066757202 0.21960002183914185
vt 0.3052999973297119 0.7796999961137772
vt 0.4327000081539154 0.8008999973535538
vt 0.3407000005245209 0.7245000004768372
vt 0.40799999237060547 0.8509999960660934
vt 0.19349999725818634 0.8263999968767166
vt 0.28459998965263367 0.9121999964118004
vt 0.2851000130176544 0.8464999943971634
vt 0.19189999997615814 0.9059000015258789
vt 0.22020000219345093 0.7455999851226807
vt 0.26600000262260437 0.6712999939918518
vt 0.4668999910354614 0.7597000002861023
vt 0.3790000081062317 0.6760999858379364
vt 0.3181999921798706 0.6024999916553497
vt 0.3882000148296356 0.553600013256073
vt 0.4361000061035156 0.6365000009536743
vt 0.47540000081062317 0.5228999853134155
vt 0.49639999866485596 0.6168999969959259
vt 0.5698000192642212 0.7278999984264374
vt 0.5595999956130981 0.607699990272522
vt 0.51910001039505 0.7362000048160553
vt 0.7346000075340271 0.5437000095844269
vt 0.6294999718666077 0.6123999953269958
vt 0.6898000240325928 0.6331999897956848
vt 0.6442000269889832 0.5148000121116638
vt 0.5595999956130981 0.5090999901294708
vt 0.8270000219345093 0.9143999963998795
vt 0.7070000171661377 0.8463000059127808
vt 0.7096999883651733 0.8902999982237816
vt 0.826200008392334 0.8522000014781952
vt 0.9257000088691711 0.9130000025033951
vt 0.9236999750137329 0.8364000022411346
vt 0.8129000067710876 0.7886999994516373
vt 0.9061999917030334 0.7549999952316284
vt 0.7871999740600586 0.727400004863739
vt 0.8686000108718872 0.6764000058174133
vt 0.6557000279426575 0.7569999992847443
vt 0.6171000003814697 0.7330999970436096
vt 0.7445999979972839 0.674699991941452
vt 0.8133999705314636 0.6040999889373779
vt 0.8579000234603882 0.31540000438690186
vt 0.847599983215332 0.3051999807357788
vt 0.847599983215332 0.31540000438690186
vt 0.8579000234603882 0.3051999807357788
vt 0.8267999887466431 0.31540000438690186
vt 0.8371999859809875 0.3554999828338623
vt 0.8371999859809875 0.31540000438690186
vt 0.8267999887466431 0.3554999828338623
vt 0.847599983215332 0.3554999828338623
vt 0.847599983215332 0.31540000438690186
vt 0.8579000234603882 0.31540000438690186
vt 0.8683000206947327 0.3554999828338623
vt 0.8683000206947327 0.31540000438690186
vt 0.8579000234603882 0.3554999828338623
vt 0.33329999446868896 0.3352000117301941
vt 0.3260999917984009 0.25550001859664917
vt 0.3003000020980835 0.24790000915527344
vt 0.3659000098705292 0.34530001878738403
vt 0.35370001196861267 0.26099997758865356
vt 0.3815000057220459 0.2621999979019165
vt 0.39649999141693115 0.3440999984741211
vt 0.4083999991416931 0.26010000705718994
vt 0.4366999864578247 0.2541999816894531
vt 0.42829999327659607 0.3335000276565552
vt 0.46299999952316284 0.24409997463226318
vt 0.33869999647140503 0.20920002460479736
vt 0.33219999074935913 0.18459999561309814
vt 0.35670000314712524 0.2271999716758728
vt 0.3813000023365021 0.23430001735687256
vt 0.40630000829696655 0.22670000791549683
vt 0.423799991607666 0.20920002460479736
vt 0.44179999828338623 0.22829997539520264
vt 0.33329999446868896 0.3352000117301941
vt 0.3260999917984009 0.25550001859664917
vt 0.3003000020980835 0.24790000915527344
vt 0.3659000098705292 0.34530001878738403
vt 0.35370001196861267 0.26099997758865356
vt 0.3815000057220459 0.2621999979019165
vt 0.39649999141693115 0.3440999984741211
vt 0.4083999991416931 0.26010000705718994
vt 0.4366999864578247 0.2541999816894531
vt 0.42829999327659607 0.3335000276565552
vt 0.46299999952316284 0.24409997463226318
vt 0.33869999647140503 0.20920002460479736
vt 0.33219999074935913 0.18459999561309814
vt 0.35670000314712524 0.2271999716758728
vt 0.3813000023365021 0.23430001735687256
vt 0.40630000829696655 0.22670000791549683
vt 0.423799991607666 0.20920002460479736
vt 0.44179999828338623 0.22829997539520264
vt 0.4058000147342682 0.17079997062683105
vt 0.430400013923645 0.18459999561309814
vt 0.423799991607666 0.16009998321533203
vt 0.40959998965263367 0.1850000023841858
vt 0.3955000042915344 0.16039997339248657
vt 0.4058000147342682 0.14209997653961182
vt 0.3813000023365021 0.1565999984741211
vt 0.3813000023365021 0.1355000138282776
vt 0.3671000003814697 0.16039997339248657
vt 0.35670000314712524 0.14209997653961182
vt 0.35670000314712524 0.17079997062683105
vt 0.33869999647140503 0.16009998321533203
vt 0.3528999984264374 0.1850000023841858
vt 0.35670000314712524 0.19919997453689575
vt 0.3671000003814697 0.20959997177124023
vt 0.3813000023365021 0.2134000062942505
vt 0.3955000042915344 0.20959997177124023
vt 0.4058000147342682 0.19919997453689575
vt 0.3813000023365021 0.1851000189781189
vt 0.4049000144004822 0.8968999981880188
vt 0.4361000061035156 0.6365000009536743
vt 0.6294999718666077 0.6123999953269958
vt 0.6894000172615051 0.7960000038146973
vt 0.6100000143051147 0.784400001168251
vt 0.5633000135421753 0.8484999984502792
vt 0.576200008392334 0.808899998664856
vt 0.6516000032424927 0.784400001168251
vt 0.576200008392334 0.8881999999284744
vt 0.6854000091552734 0.808899998664856
vt 0.4287000000476837 0.3658999800682068
vt 0.7006000280380249 0.5255999863147736
vt 0.3950999975204468 0.4388999938964844
vt 0.47530001401901245 0.301800012588501
vt 0.5430999994277954 0.25349998474121094
vt 0.6159999966621399 0.22049999237060547
vt 0.6991999745368958 0.20999997854232788
vt 0.7786999940872192 0.21929997205734253
vt 0.8539999723434448 0.24839997291564941
vt 0.4287000000476837 0.3658999800682068
vt 0.47530001401901245 0.301800012588501
vt 0.5430999994277954 0.25349998474121094
vt 0.6159999966621399 0.22049999237060547
vt 0.6991999745368958 0.20999997854232788
vt 0.7786999940872192 0.21929997205734253
vt 0.6516000032424927 0.9126999974250793
vt 0.6983000040054321 0.8484999984502792
vt 0.6854000091552734 0.8881999999284744
vt 0.6100000143051147 0.9126999974250793
vt 0.517799973487854 0.2085999846458435
vt 0.45190000534057617 0.013300001621246338
vt 0.49619999527931213 0.007899999618530273
vt 0.4781999886035919 0.21450001001358032
vt 0.5555999875068665 0.20560002326965332
vt 0.542900025844574 0.003899991512298584
vt 0.5954999923706055 0.2031000256538391
vt 0.5889999866485596 0.003300011157989502
vt 0.6353999972343445 0.2031000256538391
vt 0.6351000070571899 0.002499997615814209
vt 0.8197000026702881 0.013100028038024902
vt 0.7522000074386597 0.20910000801086426
vt 0.7728000283241272 0.0070999860763549805
vt 0.7921000123023987 0.21450001001358032
vt 0.7128000259399414 0.205299973487854
vt 0.7282000184059143 0.003300011157989502
vt 0.6740000247955322 0.20340001583099365
vt 0.6807000041007996 0.0023000240325927734
vt 0.40709999203681946 0.019299983978271484
vt 0.43959999084472656 0.21960002183914185
vt 0.8575000166893005 0.019800007343292236
vt 0.8305000066757202 0.21960002183914185
vt 0.3052999973297119 0.7796999961137772
vt 0.4327000081539154 0.8008999973535538
vt 0.3407000005245209 0.7245000004768372
vt 0.40799999237060547 0.8509999960660934
vt 0.19349999725818634 0.8263999968767166
vt 0.28459998965263367 0.9121999964118004
vt 0.2851000130176544 0.8464999943971634
vt 0.19189999997615814 0.9059000015258789
vt 0.22020000219345093 0.7455999851226807
vt 0.26600000262260437 0.6712999939918518
vt 0.4668999910354614 0.7597000002861023
vt 0.3790000081062317 0.6760999858379364
vt 0.3181999921798706 0.6024999916553497
vt 0.3882000148296356 0.553600013256073
vt 0.4361000061035156 0.6365000009536743
vt 0.47540000081062317 0.5228999853134155
vt 0.49639999866485596 0.6168999969959259
vt 0.5698000192642212 0.7278999984264374
vt 0.5595999956130981 0.607699990272522
vt 0.51910001039505 0.7362000048160553
vt 0.7346000075340271 0.5437000095844269
vt 0.6294999718666077 0.6123999953269958
vt 0.6898000240325928 0.6331999897956848
vt 0.6442000269889832 0.5148000121116638
vt 0.5595999956130981 0.5090999901294708
vt 0.8270000219345093 0.9143999963998795
vt 0.7070000171661377 0.8463000059127808
vt 0.7096999883651733 0.8902999982237816
vt 0.826200008392334 0.8522000014781952
vt 0.9257000088691711 0.9130000025033951
vt 0.9236999750137329 0.8364000022411346
vt 0.8129000067710876 0.7886999994516373
vt 0.9061999917030334 0.7549999952316284
vt 0.7871999740600586 0.727400004863739
vt 0.8686000108718872 0.6764000058174133
vt 0.6557000279426575 0.7569999992847443
vt 0.6171000003814697 0.7330999970436096
vt 0.7445999979972839 0.674699991941452
vt 0.8133999705314636 0.6040999889373779
vt 0.8579000234603882 0.31540000438690186
vt 0.847599983215332 0.3051999807357788
vt 0.847599983215332 0.31540000438690186
vt 0.8579000234603882 0.3051999807357788
vt 0.8267999887466431 0.31540000438690186
vt 0.8371999859809875 0.3554999828338623
vt 0.8371999859809875 0.31540000438690186
vt 0.8267999887466431 0.3554999828338623
vt 0.847599983215332 0.3554999828338623
vt 0.847599983215332 0.31540000438690186
vt 0.8579000234603882 0.31540000438690186
vt 0.8683000206947327 0.3554999828338623
vt 0.8683000206947327 0.31540000438690186
vt 0.8579000234603882 0.3554999828338623
vt 0.33329999446868896 0.3352000117301941
vt 0.3260999917984009 0.25550001859664917
vt 0.3003000020980835 0.24790000915527344
vt 0.3659000098705292 0.34530001878738403
vt 0.35370001196861267 0.26099997758865356
vt 0.3815000057220459 0.2621999979019165
vt 0.39649999141693115 0.3440999984741211
vt 0.4083999991416931 0.26010000705718994
vt 0.4366999864578247 0.2541999816894531
vt 0.42829999327659607 0.3335000276565552
vt 0.46299999952316284 0.24409997463226318
vt 0.33869999647140503 0.20920002460479736
vt 0.33219999074935913 0.18459999561309814
vt 0.35670000314712524 0.2271999716758728
vt 0.3813000023365021 0.23430001735687256
vt 0.40630000829696655 0.22670000791549683
vt 0.423799991607666 0.20920002460479736
vt 0.44179999828338623 0.22829997539520264
vt 0.33329999446868896 0.3352000117301941
vt 0.3260999917984009 0.25550001859664917
vt 0.3003000020980835 0.24790000915527344
vt 0.3659000098705292 0.34530001878738403
vt 0.35370001196861267 0.26099997758865356
vt 0.3815000057220459 0.2621999979019165
vt 0.39649999141693115 0.3440999984741211
vt 0.4083999991416931 0.26010000705718994
vt 0.4366999864578247 0.2541999816894531
vt 0.42829999327659607 0.3335000276565552
vt 0.46299999952316284 0.24409997463226318
vt 0.33869999647140503 0.20920002460479736
vt 0.33219999074935913 0.18459999561309814
vt 0.35670000314712524 0.2271999716758728
vt 0.3813000023365021 0.23430001735687256
vt 0.40630000829696655 0.22670000791549683
vt 0.423799991607666 0.20920002460479736
vt 0.44179999828338623 0.22829997539520264
vt 0.4058000147342682 0.17079997062683105
vt 0.430400013923645 0.18459999561309814
vt 0.423799991607666 0.16009998321533203
vt 0.40959998965263367 0.1850000023841858
vt 0.3955000042915344 0.16039997339248657
vt 0.4058000147342682 0.14209997653961182
vt 0.3813000023365021 0.1565999984741211
vt 0.3813000023365021 0.1355000138282776
vt 0.3671000003814697 0.16039997339248657
vt 0.35670000314712524 0.14209997653961182
vt 0.35670000314712524 0.17079997062683105
vt 0.33869999647140503 0.16009998321533203
vt 0.3528999984264374 0.1850000023841858
vt 0.35670000314712524 0.19919997453689575
vt 0.3671000003814697 0.20959997177124023
vt 0.3813000023365021 0.2134000062942505
vt 0.3955000042915344 0.20959997177124023
vt 0.4058000147342682 0.19919997453689575
vt 0.3813000023365021 0.1851000189781189
vt 0.4049000144004822 0.8968999981880188
vt 0.4361000061035156 0.6365000009536743
vt 0.6294999718666077 0.6123999953269958
vt 0.6894000172615051 0.7960000038146973
vt 0.6100000143051147 0.784400001168251
vt 0.5633000135421753 0.8484999984502792
vt 0.576200008392334 0.808899998664856
vt 0.6516000032424927 0.784400001168251
vt 0.576200008392334 0.8881999999284744
vt 0.6854000091552734 0.808899998664856
vt -0.5471752285957336 2.215701699256897
vt -0.5480644106864929 2.2127705812454224
vt -0.549508273601532 2.210069179534912
vt -0.546875 2.21875
vt -0.5471752285957336 2.221798300743103
vt -0.5480644106864929 2.2247294187545776
vt -0.549508273601532 2.227430820465088
vt -0.5514514446258545 2.2297985553741455
vt -0.5538192391395569 2.2317416667938232
vt -0.5565205812454224 2.2331855297088623
vt -0.559451699256897 2.234074831008911
vt -0.5625 2.234375
vt -0.565548300743103 2.234074831008911
vt -0.5684794187545776 2.2331855297088623
vt -0.5711807608604431 2.2317416667938232
vt -0.5735485553741455 2.2297985553741455
vt -0.575491726398468 2.227430820465088
vt -0.5769356489181519 2.2247294187545776
vt -0.5778247714042664 2.221798300743103
vt -0.578125 2.21875
vt -0.5778247714042664 2.215701699256897
vt -0.5769355893135071 2.2127705812454224
vt -0.575491726398468 2.210069179534912
vt -0.5735485553741455 2.2077014446258545
vt -0.5711807608604431 2.2057583332061768
vt -0.5684794187545776 2.204314351081848
vt -0.565548300743103 2.203425168991089
vt -0.5625 2.203125
vt -0.559451699256897 2.203425168991089
vt -0.5565205812454224 2.2043144702911377
vt -0.5538192391395569 2.2057583332061768
vt -0.5514514446258545 2.2077014446258545
vt -1.624999761581421 2.21875
vt -1.624999761581421 2.221798300743103
vt 0.125 2.221798300743103
vt 0.125 2.21875
vt -1.624999761581421 2.221798300743103
vt -1.624999761581421 2.2247294187545776
vt 0.125 2.2247294187545776
vt 0.125 2.221798300743103
vt -1.624999761581421 2.2247294187545776
vt -1.624999761581421 2.227430820465088
vt 0.125 2.227430820465088
vt 0.125 2.2247294187545776
vt -1.624999761581421 2.227430820465088
vt -1.624999761581421 2.2297985553741455
vt 0.125 2.2297985553741455
vt 0.125 2.227430820465088
vt -0.5514514446258545 -0.6249997615814209
vt -0.5538192391395569 -0.6249997615814209
vt -0.5538192391395569 1.125
vt -0.5514514446258545 1.125
vt -0.5538192391395569 -0.6249997615814209
vt -0.5565205812454224 -0.6249997615814209
vt -0.5565205812454224 1.125
vt -0.5538192391395569 1.125
vt -0.5565205812454224 -0.6249997615814209
vt -0.559451699256897 -0.6249997615814209
vt -0.559451699256897 1.125
vt -0.5565205812454224 1.125
vt -0.559451699256897 -0.6249997615814209
vt -0.5625 -0.6249997615814209
vt -0.5625 1.125
vt -0.559451699256897 1.125
vt -0.5625 -0.6249997615814209
vt -0.565548300743103 -0.6249997615814209
vt -0.565548300743103 1.125
vt -0.5625 1.125
vt -0.565548300743103 -0.6249997615814209
vt -0.5684794187545776 -0.6249997615814209
vt -0.5684794187545776 1.125
vt -0.565548300743103 1.125
vt -0.5684794187545776 -0.6249997615814209
vt -0.5711807608604431 -0.6249997615814209
vt -0.5711807608604431 1.125
vt -0.5684794187545776 1.125
vt -0.5711807608604431 -0.6249997615814209
vt -0.5735485553741455 -0.6249997615814209
vt -0.5735485553741455 1.125
vt -0.5711807608604431 1.125
vt -1.624999761581421 2.2297985553741455
vt -1.624999761581421 2.227430820465088
vt 0.125 2.227430820465088
vt 0.125 2.2297985553741455
vt -1.624999761581421 2.227430820465088
vt -1.624999761581421 2.2247294187545776
vt 0.125 2.2247294187545776
vt 0.125 2.227430820465088
vt -1.624999761581421 2.2247294187545776
vt -1.624999761581421 2.221798300743103
vt 0.125 2.221798300743103
vt 0.125 2.2247294187545776
vt -1.624999761581421 2.221798300743103
vt -1.624999761581421 2.21875
vt 0.125 2.21875
vt 0.125 2.221798300743103
vt -1.624999761581421 2.21875
vt -1.624999761581421 2.215701699256897
vt 0.125 2.215701699256897
vt 0.125 2.21875
vt -1.624999761581421 2.215701699256897
vt -1.624999761581421 2.2127705812454224
vt 0.125 2.2127705812454224
vt 0.125 2.215701699256897
vt -1.624999761581421 2.2127705812454224
vt -1.624999761581421 2.210069179534912
vt 0.125 2.210069179534912
vt 0.125 2.2127705812454224
vt -1.624999761581421 2.210069179534912
vt -1.624999761581421 2.2077014446258545
vt 0.125 2.2077014446258545
vt 0.125 2.210069179534912
vt -0.5735485553741455 -0.6249997615814209
vt -0.5711807608604431 -0.6249997615814209
vt -0.5711807608604431 1.125
vt -0.5735485553741455 1.125
vt -0.5711807608604431 -0.6249997615814209
vt -0.5684794187545776 -0.6249997615814209
vt -0.5684794187545776 1.125
vt -0.5711807608604431 1.125
vt -0.5684794187545776 -0.6249997615814209
vt -0.565548300743103 -0.6249997615814209
vt -0.565548300743103 1.125
vt -0.5684794187545776 1.125
vt -0.565548300743103 -0.6249997615814209
vt -0.5625 -0.6249997615814209
vt -0.5625 1.125
vt -0.565548300743103 1.125
vt -0.5625 -0.6249997615814209
vt -0.559451699256897 -0.6249997615814209
vt -0.559451699256897 1.125
vt -0.5625 1.125
vt -0.559451699256897 -0.6249997615814209
vt -0.5565205812454224 -0.6249997615814209
vt -0.5565205812454224 1.125
vt -0.559451699256897 1.125
vt -0.5565205812454224 -0.6249997615814209
vt -0.5538192391395569 -0.6249997615814209
vt -0.5538192391395569 1.125
vt -0.5565205812454224 1.125
vt -0.5538192391395569 -0.6249997615814209
vt -0.5514514446258545 -0.6249997615814209
vt -0.5514514446258545 1.125
vt -0.5538192391395569 1.125
vt -1.624999761581421 2.2077014446258545
vt -1.624999761581421 2.210069179534912
vt 0.125 2.210069179534912
vt 0.125 2.2077014446258545
vt -1.624999761581421 2.210069179534912
vt -1.624999761581421 2.2127705812454224
vt 0.125 2.2127705812454224
vt 0.125 2.210069179534912
vt -1.624999761581421 2.2127705812454224
vt -1.624999761581421 2.215701699256897
vt 0.125 2.215701699256897
vt 0.125 2.2127705812454224
vt -1.624999761581421 2.215701699256897
vt -1.624999761581421 2.21875
vt 0.125 2.21875
vt 0.125 2.215701699256897
vt -0.5769356489181519 2.2247294187545776
vt -0.5778247714042664 2.221798300743103
vt -0.578125 2.21875
vt -0.575491726398468 2.227430820465088
vt -0.5735485553741455 2.2297985553741455
vt -0.5711807608604431 2.2317416667938232
vt -0.5684794187545776 2.2331855297088623
vt -0.565548300743103 2.234074831008911
vt -0.5625 2.234375
vt -0.559451699256897 2.234074831008911
vt -0.5565205812454224 2.2331855297088623
vt -0.5538192391395569 2.2317416667938232
vt -0.5514514446258545 2.2297985553741455
vt -0.549508273601532 2.227430820465088
vt -0.5480644106864929 2.2247294187545776
vt -0.5471752285957336 2.221798300743103
vt -0.546875 2.21875
vt -0.5471752285957336 2.215701699256897
vt -0.5480644106864929 2.2127705812454224
vt -0.549508273601532 2.210069179534912
vt -0.5514514446258545 2.2077014446258545
vt -0.5538192391395569 2.2057583332061768
vt -0.5565205812454224 2.2043144702911377
vt -0.559451699256897 2.203425168991089
vt -0.5625 2.203125
vt -0.565548300743103 2.203425168991089
vt -0.5684794187545776 2.204314351081848
vt -0.5711807608604431 2.2057583332061768
vt -0.5735485553741455 2.2077014446258545
vt -0.575491726398468 2.210069179534912
vt -0.5769355893135071 2.2127705812454224
vt -0.5778247714042664 2.215701699256897
vt -0.5471752285957336 2.168826699256897
vt -0.5480644106864929 2.1658955812454224
vt -0.549508273601532 2.163194179534912
vt -0.546875 2.171875
vt -0.5471752285957336 2.174923300743103
vt -0.5480644106864929 2.1778544187545776
vt -0.549508273601532 2.180555820465088
vt -0.5514514446258545 2.1829235553741455
vt -0.5538192391395569 2.1848666667938232
vt -0.5565205812454224 2.1863105297088623
vt -0.559451699256897 2.187199831008911
vt -0.5625 2.1875
vt -0.565548300743103 2.187199831008911
vt -0.5684794187545776 2.1863105297088623
vt -0.5711807608604431 2.1848666667938232
vt -0.5735485553741455 2.1829235553741455
vt -0.575491726398468 2.180555820465088
vt -0.5769356489181519 2.1778544187545776
vt -0.5778247714042664 2.174923300743103
vt -0.578125 2.171875
vt -0.5778247714042664 2.168826699256897
vt -0.5769355893135071 2.1658955812454224
vt -0.575491726398468 2.163194179534912
vt -0.5735485553741455 2.1608264446258545
vt -0.5711807608604431 2.1588833332061768
vt -0.5684794187545776 2.157439351081848
vt -0.565548300743103 2.156550168991089
vt -0.5625 2.15625
vt -0.559451699256897 2.156550168991089
vt -0.5565205812454224 2.1574394702911377
vt -0.5538192391395569 2.1588833332061768
vt -0.5514514446258545 2.1608264446258545
vt -1.624999761581421 2.171875
vt -1.624999761581421 2.174923300743103
vt 0.125 2.174923300743103
vt 0.125 2.171875
vt -1.624999761581421 2.174923300743103
vt -1.624999761581421 2.1778544187545776
vt 0.125 2.1778544187545776
vt 0.125 2.174923300743103
vt -1.624999761581421 2.1778544187545776
vt -1.624999761581421 2.180555820465088
vt 0.125 2.180555820465088
vt 0.125 2.1778544187545776
vt -1.624999761581421 2.180555820465088
vt -1.624999761581421 2.1829235553741455
vt 0.125 2.1829235553741455
vt 0.125 2.180555820465088
vt -0.5514514446258545 -0.6249997615814209
vt -0.5538192391395569 -0.6249997615814209
vt -0.5538192391395569 1.125
vt -0.5514514446258545 1.125
vt -0.5538192391395569 -0.6249997615814209
vt -0.5565205812454224 -0.6249997615814209
vt -0.5565205812454224 1.125
vt -0.5538192391395569 1.125
vt -0.5565205812454224 -0.6249997615814209
vt -0.559451699256897 -0.6249997615814209
vt -0.559451699256897 1.125
vt -0.5565205812454224 1.125
vt -0.559451699256897 -0.6249997615814209
vt -0.5625 -0.6249997615814209
vt -0.5625 1.125
vt -0.559451699256897 1.125
vt -0.5625 -0.6249997615814209
vt -0.565548300743103 -0.6249997615814209
vt -0.565548300743103 1.125
vt -0.5625 1.125
vt -0.565548300743103 -0.6249997615814209
vt -0.5684794187545776 -0.6249997615814209
vt -0.5684794187545776 1.125
vt -0.565548300743103 1.125
vt -0.5684794187545776 -0.6249997615814209
vt -0.5711807608604431 -0.6249997615814209
vt -0.5711807608604431 1.125
vt -0.5684794187545776 1.125
vt -0.5711807608604431 -0.6249997615814209
vt -0.5735485553741455 -0.6249997615814209
vt -0.5735485553741455 1.125
vt -0.5711807608604431 1.125
vt -1.624999761581421 2.1829235553741455
vt -1.624999761581421 2.180555820465088
vt 0.125 2.180555820465088
vt 0.125 2.1829235553741455
vt -1.624999761581421 2.180555820465088
vt -1.624999761581421 2.1778544187545776
vt 0.125 2.1778544187545776
vt 0.125 2.180555820465088
vt -1.624999761581421 2.1778544187545776
vt -1.624999761581421 2.174923300743103
vt 0.125 2.174923300743103
vt 0.125 2.1778544187545776
vt -1.624999761581421 2.174923300743103
vt -1.624999761581421 2.171875
vt 0.125 2.171875
vt 0.125 2.174923300743103
vt -1.624999761581421 2.171875
vt -1.624999761581421 2.168826699256897
vt 0.125 2.168826699256897
vt 0.125 2.171875
vt -1.624999761581421 2.168826699256897
vt -1.624999761581421 2.1658955812454224
vt 0.125 2.1658955812454224
vt 0.125 2.168826699256897
vt -1.624999761581421 2.1658955812454224
vt -1.624999761581421 2.163194179534912
vt 0.125 2.163194179534912
vt 0.125 2.1658955812454224
vt -1.624999761581421 2.163194179534912
vt -1.624999761581421 2.1608264446258545
vt 0.125 2.1608264446258545
vt 0.125 2.163194179534912
vt -0.5735485553741455 -0.6249997615814209
vt -0.5711807608604431 -0.6249997615814209
vt -0.5711807608604431 1.125
vt -0.5735485553741455 1.125
vt -0.5711807608604431 -0.6249997615814209
vt -0.5684794187545776 -0.6249997615814209
vt -0.5684794187545776 1.125
vt -0.5711807608604431 1.125
vt -0.5684794187545776 -0.6249997615814209
vt -0.565548300743103 -0.6249997615814209
vt -0.565548300743103 1.125
vt -0.5684794187545776 1.125
vt -0.565548300743103 -0.6249997615814209
vt -0.5625 -0.6249997615814209
vt -0.5625 1.125
vt -0.565548300743103 1.125
vt -0.5625 -0.6249997615814209
vt -0.559451699256897 -0.6249997615814209
vt -0.559451699256897 1.125
vt -0.5625 1.125
vt -0.559451699256897 -0.6249997615814209
vt -0.5565205812454224 -0.6249997615814209
vt -0.5565205812454224 1.125
vt -0.559451699256897 1.125
vt -0.5565205812454224 -0.6249997615814209
vt -0.5538192391395569 -0.6249997615814209
vt -0.5538192391395569 1.125
vt -0.5565205812454224 1.125
vt -0.5538192391395569 -0.6249997615814209
vt -0.5514514446258545 -0.6249997615814209
vt -0.5514514446258545 1.125
vt -0.5538192391395569 1.125
vt -1.624999761581421 2.1608264446258545
vt -1.624999761581421 2.163194179534912
vt 0.125 2.163194179534912
vt 0.125 2.1608264446258545
vt -1.624999761581421 2.163194179534912
vt -1.624999761581421 2.1658955812454224
vt 0.125 2.1658955812454224
vt 0.125 2.163194179534912
vt -1.624999761581421 2.1658955812454224
vt -1.624999761581421 2.168826699256897
vt 0.125 2.168826699256897
vt 0.125 2.1658955812454224
vt -1.624999761581421 2.168826699256897
vt -1.624999761581421 2.171875
vt 0.125 2.171875
vt 0.125 2.168826699256897
vt -0.5769356489181519 2.1778544187545776
vt -0.5778247714042664 2.174923300743103
vt -0.578125 2.171875
vt -0.575491726398468 2.180555820465088
vt -0.5735485553741455 2.1829235553741455
vt -0.5711807608604431 2.1848666667938232
vt -0.5684794187545776 2.1863105297088623
vt -0.565548300743103 2.187199831008911
vt -0.5625 2.1875
vt -0.559451699256897 2.187199831008911
vt -0.5565205812454224 2.1863105297088623
vt -0.5538192391395569 2.1848666667938232
vt -0.5514514446258545 2.1829235553741455
vt -0.549508273601532 2.180555820465088
vt -0.5480644106864929 2.1778544187545776
vt -0.5471752285957336 2.174923300743103
vt -0.546875 2.171875
vt -0.5471752285957336 2.168826699256897
vt -0.5480644106864929 2.1658955812454224
vt -0.549508273601532 2.163194179534912
vt -0.5514514446258545 2.1608264446258545
vt -0.5538192391395569 2.1588833332061768
vt -0.5565205812454224 2.1574394702911377
vt -0.559451699256897 2.156550168991089
vt -0.5625 2.15625
vt -0.565548300743103 2.156550168991089
vt -0.5684794187545776 2.157439351081848
vt -0.5711807608604431 2.1588833332061768
vt -0.5735485553741455 2.1608264446258545
vt -0.575491726398468 2.163194179534912
vt -0.5769355893135071 2.1658955812454224
vt -0.5778247714042664 2.168826699256897
vt -0.5471752285957336 2.121951699256897
vt -0.5480644106864929 2.1190205812454224
vt -0.549508273601532 2.116319179534912
vt -0.546875 2.125
vt -0.5471752285957336 2.128048300743103
vt -0.5480644106864929 2.1309794187545776
vt -0.549508273601532 2.133680820465088
vt -0.5514514446258545 2.1360485553741455
vt -0.5538192391395569 2.1379916667938232
vt -0.5565205812454224 2.1394355297088623
vt -0.559451699256897 2.140324831008911
vt -0.5625 2.140625
vt -0.565548300743103 2.140324831008911
vt -0.5684794187545776 2.1394355297088623
vt -0.5711807608604431 2.1379916667938232
vt -0.5735485553741455 2.1360485553741455
vt -0.575491726398468 2.133680820465088
vt -0.5769356489181519 2.1309794187545776
vt -0.5778247714042664 2.128048300743103
vt -0.578125 2.125
vt -0.5778247714042664 2.121951699256897
vt -0.5769355893135071 2.1190205812454224
vt -0.575491726398468 2.116319179534912
vt -0.5735485553741455 2.1139514446258545
vt -0.5711807608604431 2.1120083332061768
vt -0.5684794187545776 2.110564351081848
vt -0.565548300743103 2.109675168991089
vt -0.5625 2.109375
vt -0.559451699256897 2.109675168991089
vt -0.5565205812454224 2.1105644702911377
vt -0.5538192391395569 2.1120083332061768
vt -0.5514514446258545 2.1139514446258545
vt -1.624999761581421 2.125
vt -1.624999761581421 2.128048300743103
vt 0.125 2.128048300743103
vt 0.125 2.125
vt -1.624999761581421 2.128048300743103
vt -1.624999761581421 2.1309794187545776
vt 0.125 2.1309794187545776
vt 0.125 2.128048300743103
vt -1.624999761581421 2.1309794187545776
vt -1.624999761581421 2.133680820465088
vt 0.125 2.133680820465088
vt 0.125 2.1309794187545776
vt -1.624999761581421 2.133680820465088
vt -1.624999761581421 2.1360485553741455
vt 0.125 2.1360485553741455
vt 0.125 2.133680820465088
vt -0.5514514446258545 -0.6249997615814209
vt -0.5538192391395569 -0.6249997615814209
vt -0.5538192391395569 1.125
vt -0.5514514446258545 1.125
vt -0.5538192391395569 -0.6249997615814209
vt -0.5565205812454224 -0.6249997615814209
vt -0.5565205812454224 1.125
vt -0.5538192391395569 1.125
vt -0.5565205812454224 -0.6249997615814209
vt -0.559451699256897 -0.6249997615814209
vt -0.559451699256897 1.125
vt -0.5565205812454224 1.125
vt -0.559451699256897 -0.6249997615814209
vt -0.5625 -0.6249997615814209
vt -0.5625 1.125
vt -0.559451699256897 1.125
vt -0.5625 -0.6249997615814209
vt -0.565548300743103 -0.6249997615814209
vt -0.565548300743103 1.125
vt -0.5625 1.125
vt -0.565548300743103 -0.6249997615814209
vt -0.5684794187545776 -0.6249997615814209
vt -0.5684794187545776 1.125
vt -0.565548300743103 1.125
vt -0.5684794187545776 -0.6249997615814209
vt -0.5711807608604431 -0.6249997615814209
vt -0.5711807608604431 1.125
vt -0.5684794187545776 1.125
vt -0.5711807608604431 -0.6249997615814209
vt -0.5735485553741455 -0.6249997615814209
vt -0.5735485553741455 1.125
vt -0.5711807608604431 1.125
vt -1.624999761581421 2.1360485553741455
vt -1.624999761581421 2.133680820465088
vt 0.125 2.133680820465088
vt 0.125 2.1360485553741455
vt -1.624999761581421 2.133680820465088
vt -1.624999761581421 2.1309794187545776
vt 0.125 2.1309794187545776
vt 0.125 2.133680820465088
vt -1.624999761581421 2.1309794187545776
vt -1.624999761581421 2.128048300743103
vt 0.125 2.128048300743103
vt 0.125 2.1309794187545776
vt -1.624999761581421 2.128048300743103
vt -1.624999761581421 2.125
vt 0.125 2.125
vt 0.125 2.128048300743103
vt -1.624999761581421 2.125
vt -1.624999761581421 2.121951699256897
vt 0.125 2.121951699256897
vt 0.125 2.125
vt -1.624999761581421 2.121951699256897
vt -1.624999761581421 2.1190205812454224
vt 0.125 2.1190205812454224
vt 0.125 2.121951699256897
vt -1.624999761581421 2.1190205812454224
vt -1.624999761581421 2.116319179534912
vt 0.125 2.116319179534912
vt 0.125 2.1190205812454224
vt -1.624999761581421 2.116319179534912
vt -1.624999761581421 2.1139514446258545
vt 0.125 2.1139514446258545
vt 0.125 2.116319179534912
vt -0.5735485553741455 -0.6249997615814209
vt -0.5711807608604431 -0.6249997615814209
vt -0.5711807608604431 1.125
vt -0.5735485553741455 1.125
vt -0.5711807608604431 -0.6249997615814209
vt -0.5684794187545776 -0.6249997615814209
vt -0.5684794187545776 1.125
vt -0.5711807608604431 1.125
vt -0.5684794187545776 -0.6249997615814209
vt -0.565548300743103 -0.6249997615814209
vt -0.565548300743103 1.125
vt -0.5684794187545776 1.125
vt -0.565548300743103 -0.6249997615814209
vt -0.5625 -0.6249997615814209
vt -0.5625 1.125
vt -0.565548300743103 1.125
vt -0.5625 -0.6249997615814209
vt -0.559451699256897 -0.6249997615814209
vt -0.559451699256897 1.125
vt -0.5625 1.125
vt -0.559451699256897 -0.6249997615814209
vt -0.5565205812454224 -0.6249997615814209
vt -0.5565205812454224 1.125
vt -0.559451699256897 1.125
vt -0.5565205812454224 -0.6249997615814209
vt -0.5538192391395569 -0.6249997615814209
vt -0.5538192391395569 1.125
vt -0.5565205812454224 1.125
vt -0.5538192391395569 -0.6249997615814209
vt -0.5514514446258545 -0.6249997615814209
vt -0.5514514446258545 1.125
vt -0.5538192391395569 1.125
vt -1.624999761581421 2.1139514446258545
vt -1.624999761581421 2.116319179534912
vt 0.125 2.116319179534912
vt 0.125 2.1139514446258545
vt -1.624999761581421 2.116319179534912
vt -1.624999761581421 2.1190205812454224
vt 0.125 2.1190205812454224
vt 0.125 2.116319179534912
vt -1.624999761581421 2.1190205812454224
vt -1.624999761581421 2.121951699256897
vt 0.125 2.121951699256897
vt 0.125 2.1190205812454224
vt -1.624999761581421 2.121951699256897
vt -1.624999761581421 2.125
vt 0.125 2.125
vt 0.125 2.121951699256897
vt -0.5769356489181519 2.1309794187545776
vt -0.5778247714042664 2.128048300743103
vt -0.578125 2.125
vt -0.575491726398468 2.133680820465088
vt -0.5735485553741455 2.1360485553741455
vt -0.5711807608604431 2.1379916667938232
vt -0.5684794187545776 2.1394355297088623
vt -0.565548300743103 2.140324831008911
vt -0.5625 2.140625
vt -0.559451699256897 2.140324831008911
vt -0.5565205812454224 2.1394355297088623
vt -0.5538192391395569 2.1379916667938232
vt -0.5514514446258545 2.1360485553741455
vt -0.549508273601532 2.133680820465088
vt -0.5480644106864929 2.1309794187545776
vt -0.5471752285957336 2.128048300743103
vt -0.546875 2.125
vt -0.5471752285957336 2.121951699256897
vt -0.5480644106864929 2.1190205812454224
vt -0.549508273601532 2.116319179534912
vt -0.5514514446258545 2.1139514446258545
vt -0.5538192391395569 2.1120083332061768
vt -0.5565205812454224 2.1105644702911377
vt -0.559451699256897 2.109675168991089
vt -0.5625 2.109375
vt -0.565548300743103 2.109675168991089
vt -0.5684794187545776 2.110564351081848
vt -0.5711807608604431 2.1120083332061768
vt -0.5735485553741455 2.1139514446258545
vt -0.575491726398468 2.116319179534912
vt -0.5769355893135071 2.1190205812454224
vt -0.5778247714042664 2.121951699256897
vt -0.75 1.65625
vt -0.15625 1.65625
vt -0.15624994039535522 1.659298300743103
vt -0.7499999403953552 1.659298300743103
vt -0.7499999403953552 1.659298300743103
vt -0.15624994039535522 1.659298300743103
vt -0.15624994039535522 1.6622294187545776
vt -0.7499999403953552 1.6622294187545776
vt -0.7499999403953552 1.6622294187545776
vt -0.15624994039535522 1.6622294187545776
vt -0.15624994039535522 1.664930820465088
vt -0.7499999403953552 1.664930820465088
vt -0.7499999403953552 1.664930820465088
vt -0.15624994039535522 1.664930820465088
vt -0.15624994039535522 1.6672985553741455
vt -0.75 1.6672985553741455
vt 0.5514513254165649 0.25
vt 0.5514513254165649 0.8437500894069672
vt 0.5538191199302673 0.8437500894069672
vt 0.5538191199302673 0.25000011920928955
vt 0.5538191199302673 0.25000011920928955
vt 0.5538191199302673 0.8437500894069672
vt 0.5565204620361328 0.8437501192092896
vt 0.5565204620361328 0.25
vt 0.5565204620361328 0.25
vt 0.5565204620361328 0.8437501192092896
vt 0.5594515800476074 0.8437500894069672
vt 0.5594515800476074 0.25000011920928955
vt 0.5594515800476074 0.25000011920928955
vt 0.5594515800476074 0.8437500894069672
vt 0.5624998807907104 0.8437500596046448
vt 0.5624998807907104 0.2500000596046448
vt 0.5624998807907104 0.2500000596046448
vt 0.5624998807907104 0.8437500596046448
vt 0.5655481815338135 0.8437500298023224
vt 0.5655480623245239 0.2500000596046448
vt 0.5655480623245239 0.2500000596046448
vt 0.5655481815338135 0.8437500298023224
vt 0.5684792995452881 0.8437501192092896
vt 0.5684792995452881 0.25
vt 0.5684792995452881 0.25
vt 0.5684792995452881 0.8437501192092896
vt 0.5711807012557983 0.8437500596046448
vt 0.5711807012557983 0.25
vt 0.5711807012557983 0.25
vt 0.5711807012557983 0.8437500596046448
vt 0.5735485553741455 0.8437500894069672
vt 0.573548436164856 0.25000011920928955
vt -0.7499999403953552 1.6672985553741455
vt -0.15624994039535522 1.6672985553741455
vt -0.15624994039535522 1.664930820465088
vt -0.75 1.664930820465088
vt -0.75 1.664930820465088
vt -0.15624994039535522 1.664930820465088
vt -0.15624994039535522 1.6622294187545776
vt -0.75 1.6622294187545776
vt -0.75 1.6622294187545776
vt -0.15624994039535522 1.6622294187545776
vt -0.1562499701976776 1.659298300743103
vt -0.7499999403953552 1.659298300743103
vt -0.7499999403953552 1.659298300743103
vt -0.1562499701976776 1.659298300743103
vt -0.15624994039535522 1.65625
vt -0.75 1.65625
vt -0.75 1.65625
vt -0.15624994039535522 1.65625
vt -0.1562499701976776 1.653201699256897
vt -0.7499999403953552 1.653201699256897
vt -0.7499999403953552 1.653201699256897
vt -0.1562499701976776 1.653201699256897
vt -0.15624994039535522 1.6502705812454224
vt -0.75 1.6502705812454224
vt -0.75 1.6502705812454224
vt -0.15624994039535522 1.6502705812454224
vt -0.15624994039535522 1.647569179534912
vt -0.75 1.647569179534912
vt -0.75 1.647569179534912
vt -0.15624994039535522 1.647569179534912
vt -0.15624994039535522 1.6452014446258545
vt -0.7499999403953552 1.6452014446258545
vt 0.573548436164856 0.25000011920928955
vt 0.5735485553741455 0.8437500894069672
vt 0.5711807012557983 0.8437500596046448
vt 0.5711807012557983 0.25
vt 0.5711807012557983 0.25
vt 0.5711807012557983 0.8437500596046448
vt 0.5684792995452881 0.8437501192092896
vt 0.5684792995452881 0.25
vt 0.5684792995452881 0.25
vt 0.5684792995452881 0.8437501192092896
vt 0.5655481815338135 0.8437500298023224
vt 0.5655480623245239 0.2500000596046448
vt 0.5655480623245239 0.2500000596046448
vt 0.5655481815338135 0.8437500298023224
vt 0.5624998807907104 0.8437500596046448
vt 0.5624998807907104 0.2500000596046448
vt 0.5624998807907104 0.2500000596046448
vt 0.5624998807907104 0.8437500596046448
vt 0.5594515800476074 0.8437500894069672
vt 0.5594515800476074 0.25000011920928955
vt 0.5594515800476074 0.25000011920928955
vt 0.5594515800476074 0.8437500894069672
vt 0.5565204620361328 0.8437501192092896
vt 0.5565204620361328 0.25
vt 0.5565204620361328 0.25
vt 0.5565204620361328 0.8437501192092896
vt 0.5538191199302673 0.8437500894069672
vt 0.5538191199302673 0.25000011920928955
vt 0.5538191199302673 0.25000011920928955
vt 0.5538191199302673 0.8437500894069672
vt 0.5514513254165649 0.8437500894069672
vt 0.5514513254165649 0.25
vt -0.75 1.6452014446258545
vt -0.15624994039535522 1.6452014446258545
vt -0.15624994039535522 1.647569179534912
vt -0.7499999403953552 1.647569179534912
vt -0.7499999403953552 1.647569179534912
vt -0.15624994039535522 1.647569179534912
vt -0.15624994039535522 1.6502705812454224
vt -0.7499999403953552 1.6502705812454224
vt -0.7499999403953552 1.6502705812454224
vt -0.15624994039535522 1.6502705812454224
vt -0.15624994039535522 1.653201699256897
vt -0.7499999403953552 1.653201699256897
vt -0.7499999403953552 1.653201699256897
vt -0.15624994039535522 1.653201699256897
vt -0.15625 1.65625
vt -0.75 1.65625
vt 0.5471751689910889 1.659298300743103
vt 0.5468748807907104 1.65625
vt 0.5471751689910889 1.653201699256897
vt 0.5480642914772034 1.6622294187545776
vt 0.5495081543922424 1.664930820465088
vt 0.5514513254165649 1.6672985553741455
vt 0.5538191199302673 1.6692416667938232
vt 0.5565204620361328 1.6706855297088623
vt 0.5594515800476074 1.6715748310089111
vt 0.5624998807907104 1.671875
vt 0.5655481815338135 1.6715748310089111
vt 0.5684792995452881 1.6706855297088623
vt 0.5711807012557983 1.6692416667938232
vt 0.5735485553741455 1.6672985553741455
vt 0.5754916667938232 1.664930820465088
vt 0.5769355297088623 1.6622294187545776
vt 0.5778247117996216 1.659298300743103
vt 0.578125 1.65625
vt 0.5778247117996216 1.653201699256897
vt 0.5769355297088623 1.6502705812454224
vt 0.5754916667938232 1.647569179534912
vt 0.5735485553741455 1.6452014446258545
vt 0.5711807012557983 1.6432583332061768
vt 0.5684792995452881 1.6418143510818481
vt 0.5655481815338135 1.6409251689910889
vt 0.5624998807907104 1.640625
vt 0.5594515800476074 1.6409251689910889
vt 0.5565204620361328 1.6418144702911377
vt 0.5538191199302673 1.6432583332061768
vt 0.5514513254165649 1.6452014446258545
vt 0.5495081543922424 1.647569179534912
vt 0.5480642914772034 1.6502705812454224
vt 0.5769355297088623 1.6622294187545776
vt 0.577824592590332 1.659298300743103
vt 0.578125 1.65625
vt 0.5754915475845337 1.664930820465088
vt 0.573548436164856 1.6672985553741455
vt 0.5711807012557983 1.6692416667938232
vt 0.5684792995452881 1.6706855297088623
vt 0.5655480623245239 1.6715748310089111
vt 0.5624998807907104 1.671875
vt 0.5594515800476074 1.6715748310089111
vt 0.5565204620361328 1.6706855297088623
vt 0.5538191199302673 1.6692416667938232
vt 0.5514513254165649 1.6672985553741455
vt 0.5495081543922424 1.664930820465088
vt 0.5480643510818481 1.6622294187545776
vt 0.5471751093864441 1.659298300743103
vt 0.5468748807907104 1.65625
vt 0.5471751093864441 1.653201699256897
vt 0.5480643510818481 1.6502705812454224
vt 0.5495081543922424 1.647569179534912
vt 0.5514513254165649 1.6452014446258545
vt 0.5538191199302673 1.6432583332061768
vt 0.5565204620361328 1.6418144702911377
vt 0.5594515800476074 1.6409251689910889
vt 0.5624998807907104 1.640625
vt 0.5655480623245239 1.6409251689910889
vt 0.5684792995452881 1.6418143510818481
vt 0.5711807012557983 1.6432583332061768
vt 0.573548436164856 1.6452014446258545
vt 0.5754915475845337 1.647569179534912
vt 0.5769355297088623 1.6502705812454224
vt 0.577824592590332 1.653201699256897
vt 0.5471751093864441 1.659298300743103
vt 0.5480642914772034 1.6622294187545776
vt 0.5495081543922424 1.664930820465088
vt 0.5468748807907104 1.65625
vt 0.5471751093864441 1.653201699256897
vt 0.5480642914772034 1.6502705812454224
vt 0.5495081543922424 1.647569179534912
vt 0.5514513254165649 1.6452014446258545
vt 0.5538191199302673 1.6432583332061768
vt 0.5565204620361328 1.6418144702911377
vt 0.5594515800476074 1.6409251689910889
vt 0.5624998807907104 1.640625
vt 0.5655481815338135 1.6409251689910889
vt 0.5684792995452881 1.6418143510818481
vt 0.5711806416511536 1.6432583332061768
vt 0.573548436164856 1.6452014446258545
vt 0.5754916071891785 1.647569179534912
vt 0.5769354701042175 1.6502705812454224
vt 0.5778246521949768 1.653201699256897
vt 0.5781248807907104 1.65625
vt 0.5778246521949768 1.659298300743103
vt 0.5769355297088623 1.6622294187545776
vt 0.5754916071891785 1.664930820465088
vt 0.573548436164856 1.6672985553741455
vt 0.5711806416511536 1.6692416667938232
vt 0.5684792995452881 1.6706855297088623
vt 0.5655481815338135 1.6715748310089111
vt 0.5624998807907104 1.671875
vt 0.5594515800476074 1.6715748310089111
vt 0.5565204620361328 1.6706855297088623
vt 0.5538191199302673 1.6692416667938232
vt 0.5514513254165649 1.6672985553741455
vt -1.5000003576278687 1.659298300743103
vt -1.5000003576278687 1.65625
vt -1.2500001192092896 1.65625
vt -1.2500001192092896 1.659298300743103
vt -1.5000003576278687 1.6622294187545776
vt -1.5000003576278687 1.659298300743103
vt -1.2500001192092896 1.659298300743103
vt -1.2500001192092896 1.6622294187545776
vt -1.5000003576278687 1.664930820465088
vt -1.5000003576278687 1.6622294187545776
vt -1.2500001192092896 1.6622294187545776
vt -1.2500001192092896 1.664930820465088
vt -1.5000003576278687 1.6672985553741455
vt -1.5000003576278687 1.664930820465088
vt -1.2500001192092896 1.664930820465088
vt -1.2500001192092896 1.6672985553741455
vt 0.5538191199302673 -0.5000003576278687
vt 0.5514513254165649 -0.5000003576278687
vt 0.5514513254165649 -0.25000011920928955
vt 0.5538191199302673 -0.25000011920928955
vt 0.5565204620361328 -0.5000003576278687
vt 0.5538191199302673 -0.5000003576278687
vt 0.5538191199302673 -0.25000011920928955
vt 0.5565204620361328 -0.25000011920928955
vt 0.5594515800476074 -0.5000003576278687
vt 0.5565204620361328 -0.5000003576278687
vt 0.5565204620361328 -0.25000011920928955
vt 0.5594515800476074 -0.25000011920928955
vt 0.5624998807907104 -0.5000003576278687
vt 0.5594515800476074 -0.5000003576278687
vt 0.5594515800476074 -0.25000011920928955
vt 0.5624998807907104 -0.25000011920928955
vt 0.5655481815338135 -0.5000003576278687
vt 0.5624998807907104 -0.5000003576278687
vt 0.5624998807907104 -0.25000011920928955
vt 0.5655481815338135 -0.25000011920928955
vt 0.5684792995452881 -0.5000003576278687
vt 0.5655481815338135 -0.5000003576278687
vt 0.5655481815338135 -0.25000011920928955
vt 0.5684792995452881 -0.25000011920928955
vt 0.5711806416511536 -0.5000003576278687
vt 0.5684792995452881 -0.5000003576278687
vt 0.5684792995452881 -0.25000011920928955
vt 0.5711806416511536 -0.25000011920928955
vt 0.573548436164856 -0.5000003576278687
vt 0.5711806416511536 -0.5000003576278687
vt 0.5711806416511536 -0.25000011920928955
vt 0.573548436164856 -0.25000011920928955
vt -1.5000003576278687 1.664930820465088
vt -1.5000003576278687 1.6672985553741455
vt -1.2500001192092896 1.6672985553741455
vt -1.2500001192092896 1.664930820465088
vt -1.5000003576278687 1.6622294187545776
vt -1.5000003576278687 1.664930820465088
vt -1.2500001192092896 1.664930820465088
vt -1.2500001192092896 1.6622294187545776
vt -1.5000003576278687 1.659298300743103
vt -1.5000003576278687 1.6622294187545776
vt -1.2500001192092896 1.6622294187545776
vt -1.2500001192092896 1.659298300743103
vt -1.5000003576278687 1.65625
vt -1.5000003576278687 1.659298300743103
vt -1.2500001192092896 1.659298300743103
vt -1.2500001192092896 1.65625
vt -1.5000003576278687 1.653201699256897
vt -1.5000003576278687 1.65625
vt -1.2500001192092896 1.65625
vt -1.2500001192092896 1.653201699256897
vt -1.5000003576278687 1.6502705812454224
vt -1.5000003576278687 1.653201699256897
vt -1.2500001192092896 1.653201699256897
vt -1.2500001192092896 1.6502705812454224
vt -1.5000003576278687 1.647569179534912
vt -1.5000003576278687 1.6502705812454224
vt -1.2500001192092896 1.6502705812454224
vt -1.2500001192092896 1.647569179534912
vt -1.5000003576278687 1.6452014446258545
vt -1.5000003576278687 1.647569179534912
vt -1.2500001192092896 1.647569179534912
vt -1.2500001192092896 1.6452014446258545
vt 0.5711806416511536 -0.5000003576278687
vt 0.573548436164856 -0.5000003576278687
vt 0.573548436164856 -0.25000011920928955
vt 0.5711806416511536 -0.25000011920928955
vt 0.5684792995452881 -0.5000003576278687
vt 0.5711806416511536 -0.5000003576278687
vt 0.5711806416511536 -0.25000011920928955
vt 0.5684792995452881 -0.25000011920928955
vt 0.5655481815338135 -0.5000003576278687
vt 0.5684792995452881 -0.5000003576278687
vt 0.5684792995452881 -0.25000011920928955
vt 0.5655481815338135 -0.25000011920928955
vt 0.5624998807907104 -0.5000003576278687
vt 0.5655481815338135 -0.5000003576278687
vt 0.5655481815338135 -0.25000011920928955
vt 0.5624998807907104 -0.25000011920928955
vt 0.5594515800476074 -0.5000003576278687
vt 0.5624998807907104 -0.5000003576278687
vt 0.5624998807907104 -0.25000011920928955
vt 0.5594515800476074 -0.25000011920928955
vt 0.5565204620361328 -0.5000003576278687
vt 0.5594515800476074 -0.5000003576278687
vt 0.5594515800476074 -0.25000011920928955
vt 0.5565204620361328 -0.25000011920928955
vt 0.5538191199302673 -0.5000003576278687
vt 0.5565204620361328 -0.5000003576278687
vt 0.5565204620361328 -0.25000011920928955
vt 0.5538191199302673 -0.25000011920928955
vt 0.5514513254165649 -0.5000003576278687
vt 0.5538191199302673 -0.5000003576278687
vt 0.5538191199302673 -0.25000011920928955
vt 0.5514513254165649 -0.25000011920928955
vt -1.5000003576278687 1.647569179534912
vt -1.5000003576278687 1.6452014446258545
vt -1.2500001192092896 1.6452014446258545
vt -1.2500001192092896 1.647569179534912
vt -1.5000003576278687 1.6502705812454224
vt -1.5000003576278687 1.647569179534912
vt -1.2500001192092896 1.647569179534912
vt -1.2500001192092896 1.6502705812454224
vt -1.5000003576278687 1.653201699256897
vt -1.5000003576278687 1.6502705812454224
vt -1.2500001192092896 1.6502705812454224
vt -1.2500001192092896 1.653201699256897
vt -1.5000003576278687 1.65625
vt -1.5000003576278687 1.653201699256897
vt -1.2500001192092896 1.653201699256897
vt -1.2500001192092896 1.65625
vt 0.5480642914772034 1.6622294187545776
vt 0.5471751093864441 1.659298300743103
vt 0.5468748807907104 1.65625
vt 0.5495081543922424 1.664930820465088
vt 0.5514513254165649 1.6672985553741455
vt 0.5538191199302673 1.6692416667938232
vt 0.5565204620361328 1.6706855297088623
vt 0.5594515800476074 1.6715748310089111
vt 0.5624998807907104 1.671875
vt 0.5655481815338135 1.6715748310089111
vt 0.5684792995452881 1.6706855297088623
vt 0.5711806416511536 1.6692416667938232
vt 0.573548436164856 1.6672985553741455
vt 0.5754916071891785 1.664930820465088
vt 0.5769355297088623 1.6622294187545776
vt 0.5778246521949768 1.659298300743103
vt 0.5781248807907104 1.65625
vt 0.5778246521949768 1.653201699256897
vt 0.5769354701042175 1.6502705812454224
vt 0.5754916071891785 1.647569179534912
vt 0.573548436164856 1.6452014446258545
vt 0.5711806416511536 1.6432583332061768
vt 0.5684792995452881 1.6418143510818481
vt 0.5655481815338135 1.6409251689910889
vt 0.5624998807907104 1.640625
vt 0.5594515800476074 1.6409251689910889
vt 0.5565204620361328 1.6418144702911377
vt 0.5538191199302673 1.6432583332061768
vt 0.5514513254165649 1.6452014446258545
vt 0.5495081543922424 1.647569179534912
vt 0.5480642914772034 1.6502705812454224
vt 0.5471751093864441 1.653201699256897
vt -0.75 1.609375
vt -0.15625 1.609375
vt -0.15624994039535522 1.612423300743103
vt -0.7499999403953552 1.612423300743103
vt -0.7499999403953552 1.612423300743103
vt -0.15624994039535522 1.612423300743103
vt -0.15624994039535522 1.6153544187545776
vt -0.7499999403953552 1.6153544187545776
vt -0.7499999403953552 1.6153544187545776
vt -0.15624994039535522 1.6153544187545776
vt -0.15624994039535522 1.618055820465088
vt -0.7499999403953552 1.618055820465088
vt -0.7499999403953552 1.618055820465088
vt -0.15624994039535522 1.618055820465088
vt -0.15624994039535522 1.6204235553741455
vt -0.75 1.6204235553741455
vt 0.5514513254165649 0.25
vt 0.5514513254165649 0.8437500894069672
vt 0.5538191199302673 0.8437500894069672
vt 0.5538191199302673 0.25000011920928955
vt 0.5538191199302673 0.25000011920928955
vt 0.5538191199302673 0.8437500894069672
vt 0.5565204620361328 0.8437501192092896
vt 0.5565204620361328 0.25
vt 0.5565204620361328 0.25
vt 0.5565204620361328 0.8437501192092896
vt 0.5594515800476074 0.8437500894069672
vt 0.5594515800476074 0.25000011920928955
vt 0.5594515800476074 0.25000011920928955
vt 0.5594515800476074 0.8437500894069672
vt 0.5624998807907104 0.8437500596046448
vt 0.5624998807907104 0.2500000596046448
vt 0.5624998807907104 0.2500000596046448
vt 0.5624998807907104 0.8437500596046448
vt 0.5655481815338135 0.8437500298023224
vt 0.5655480623245239 0.2500000596046448
vt 0.5655480623245239 0.2500000596046448
vt 0.5655481815338135 0.8437500298023224
vt 0.5684792995452881 0.8437501192092896
vt 0.5684792995452881 0.25
vt 0.5684792995452881 0.25
vt 0.5684792995452881 0.8437501192092896
vt 0.5711807012557983 0.8437500596046448
vt 0.5711807012557983 0.25
vt 0.5711807012557983 0.25
vt 0.5711807012557983 0.8437500596046448
vt 0.5735485553741455 0.8437500894069672
vt 0.573548436164856 0.25000011920928955
vt -0.7499999403953552 1.6204235553741455
vt -0.15624994039535522 1.6204235553741455
vt -0.15624994039535522 1.618055820465088
vt -0.75 1.618055820465088
vt -0.75 1.618055820465088
vt -0.15624994039535522 1.618055820465088
vt -0.15624994039535522 1.6153544187545776
vt -0.75 1.6153544187545776
vt -0.75 1.6153544187545776
vt -0.15624994039535522 1.6153544187545776
vt -0.1562499701976776 1.612423300743103
vt -0.7499999403953552 1.612423300743103
vt -0.7499999403953552 1.612423300743103
vt -0.1562499701976776 1.612423300743103
vt -0.15624994039535522 1.609375
vt -0.75 1.609375
vt -0.75 1.609375
vt -0.15624994039535522 1.609375
vt -0.1562499701976776 1.606326699256897
vt -0.7499999403953552 1.606326699256897
vt -0.7499999403953552 1.606326699256897
vt -0.1562499701976776 1.606326699256897
vt -0.15624994039535522 1.6033955812454224
vt -0.75 1.6033955812454224
vt -0.75 1.6033955812454224
vt -0.15624994039535522 1.6033955812454224
vt -0.15624994039535522 1.600694179534912
vt -0.75 1.600694179534912
vt -0.75 1.600694179534912
vt -0.15624994039535522 1.600694179534912
vt -0.15624994039535522 1.5983264446258545
vt -0.7499999403953552 1.5983264446258545
vt 0.573548436164856 0.25000011920928955
vt 0.5735485553741455 0.8437500894069672
vt 0.5711807012557983 0.8437500596046448
vt 0.5711807012557983 0.25
vt 0.5711807012557983 0.25
vt 0.5711807012557983 0.8437500596046448
vt 0.5684792995452881 0.8437501192092896
vt 0.5684792995452881 0.25
vt 0.5684792995452881 0.25
vt 0.5684792995452881 0.8437501192092896
vt 0.5655481815338135 0.8437500298023224
vt 0.5655480623245239 0.2500000596046448
vt 0.5655480623245239 0.2500000596046448
vt 0.5655481815338135 0.8437500298023224
vt 0.5624998807907104 0.8437500596046448
vt 0.5624998807907104 0.2500000596046448
vt 0.5624998807907104 0.2500000596046448
vt 0.5624998807907104 0.8437500596046448
vt 0.5594515800476074 0.8437500894069672
vt 0.5594515800476074 0.25000011920928955
vt 0.5594515800476074 0.25000011920928955
vt 0.5594515800476074 0.8437500894069672
vt 0.5565204620361328 0.8437501192092896
vt 0.5565204620361328 0.25
vt 0.5565204620361328 0.25
vt 0.5565204620361328 0.8437501192092896
vt 0.5538191199302673 0.8437500894069672
vt 0.5538191199302673 0.25000011920928955
vt 0.5538191199302673 0.25000011920928955
vt 0.5538191199302673 0.8437500894069672
vt 0.5514513254165649 0.8437500894069672
vt 0.5514513254165649 0.25
vt -0.75 1.5983264446258545
vt -0.15624994039535522 1.5983264446258545
vt -0.15624994039535522 1.600694179534912
vt -0.7499999403953552 1.600694179534912
vt -0.7499999403953552 1.600694179534912
vt -0.15624994039535522 1.600694179534912
vt -0.15624994039535522 1.6033955812454224
vt -0.7499999403953552 1.6033955812454224
vt -0.7499999403953552 1.6033955812454224
vt -0.15624994039535522 1.6033955812454224
vt -0.15624994039535522 1.606326699256897
vt -0.7499999403953552 1.606326699256897
vt -0.7499999403953552 1.606326699256897
vt -0.15624994039535522 1.606326699256897
vt -0.15625 1.609375
vt -0.75 1.609375
vt 0.5471751689910889 1.612423300743103
vt 0.5468748807907104 1.609375
vt 0.5471751689910889 1.606326699256897
vt 0.5480642914772034 1.6153544187545776
vt 0.5495081543922424 1.618055820465088
vt 0.5514513254165649 1.6204235553741455
vt 0.5538191199302673 1.6223666667938232
vt 0.5565204620361328 1.6238105297088623
vt 0.5594515800476074 1.6246998310089111
vt 0.5624998807907104 1.625
vt 0.5655481815338135 1.6246998310089111
vt 0.5684792995452881 1.6238105297088623
vt 0.5711807012557983 1.6223666667938232
vt 0.5735485553741455 1.6204235553741455
vt 0.5754916667938232 1.618055820465088
vt 0.5769355297088623 1.6153544187545776
vt 0.5778247117996216 1.612423300743103
vt 0.578125 1.609375
vt 0.5778247117996216 1.606326699256897
vt 0.5769355297088623 1.6033955812454224
vt 0.5754916667938232 1.600694179534912
vt 0.5735485553741455 1.5983264446258545
vt 0.5711807012557983 1.5963833332061768
vt 0.5684792995452881 1.5949393510818481
vt 0.5655481815338135 1.5940501689910889
vt 0.5624998807907104 1.59375
vt 0.5594515800476074 1.5940501689910889
vt 0.5565204620361328 1.5949394702911377
vt 0.5538191199302673 1.5963833332061768
vt 0.5514513254165649 1.5983264446258545
vt 0.5495081543922424 1.600694179534912
vt 0.5480642914772034 1.6033955812454224
vt 0.5769355297088623 1.6153544187545776
vt 0.577824592590332 1.612423300743103
vt 0.578125 1.609375
vt 0.5754915475845337 1.618055820465088
vt 0.573548436164856 1.6204235553741455
vt 0.5711807012557983 1.6223666667938232
vt 0.5684792995452881 1.6238105297088623
vt 0.5655480623245239 1.6246998310089111
vt 0.5624998807907104 1.625
vt 0.5594515800476074 1.6246998310089111
vt 0.5565204620361328 1.6238105297088623
vt 0.5538191199302673 1.6223666667938232
vt 0.5514513254165649 1.6204235553741455
vt 0.5495081543922424 1.618055820465088
vt 0.5480643510818481 1.6153544187545776
vt 0.5471751093864441 1.612423300743103
vt 0.5468748807907104 1.609375
vt 0.5471751093864441 1.606326699256897
vt 0.5480643510818481 1.6033955812454224
vt 0.5495081543922424 1.600694179534912
vt 0.5514513254165649 1.5983264446258545
vt 0.5538191199302673 1.5963833332061768
vt 0.5565204620361328 1.5949394702911377
vt 0.5594515800476074 1.5940501689910889
vt 0.5624998807907104 1.59375
vt 0.5655480623245239 1.5940501689910889
vt 0.5684792995452881 1.5949393510818481
vt 0.5711807012557983 1.5963833332061768
vt 0.573548436164856 1.5983264446258545
vt 0.5754915475845337 1.600694179534912
vt 0.5769355297088623 1.6033955812454224
vt 0.577824592590332 1.606326699256897
vt 0.5471751093864441 1.612423300743103
vt 0.5480642914772034 1.6153544187545776
vt 0.5495081543922424 1.618055820465088
vt 0.5468748807907104 1.609375
vt 0.5471751093864441 1.606326699256897
vt 0.5480642914772034 1.6033955812454224
vt 0.5495081543922424 1.600694179534912
vt 0.5514513254165649 1.5983264446258545
vt 0.5538191199302673 1.5963833332061768
vt 0.5565204620361328 1.5949394702911377
vt 0.5594515800476074 1.5940501689910889
vt 0.5624998807907104 1.59375
vt 0.5655481815338135 1.5940501689910889
vt 0.5684792995452881 1.5949393510818481
vt 0.5711806416511536 1.5963833332061768
vt 0.573548436164856 1.5983264446258545
vt 0.5754916071891785 1.600694179534912
vt 0.5769354701042175 1.6033955812454224
vt 0.5778246521949768 1.606326699256897
vt 0.5781248807907104 1.609375
vt 0.5778246521949768 1.612423300743103
vt 0.5769355297088623 1.6153544187545776
vt 0.5754916071891785 1.618055820465088
vt 0.573548436164856 1.6204235553741455
vt 0.5711806416511536 1.6223666667938232
vt 0.5684792995452881 1.6238105297088623
vt 0.5655481815338135 1.6246998310089111
vt 0.5624998807907104 1.625
vt 0.5594515800476074 1.6246998310089111
vt 0.5565204620361328 1.6238105297088623
vt 0.5538191199302673 1.6223666667938232
vt 0.5514513254165649 1.6204235553741455
vt -1.5000003576278687 1.612423300743103
vt -1.5000003576278687 1.609375
vt -1.2500001192092896 1.609375
vt -1.2500001192092896 1.612423300743103
vt -1.5000003576278687 1.6153544187545776
vt -1.5000003576278687 1.612423300743103
vt -1.2500001192092896 1.612423300743103
vt -1.2500001192092896 1.6153544187545776
vt -1.5000003576278687 1.618055820465088
vt -1.5000003576278687 1.6153544187545776
vt -1.2500001192092896 1.6153544187545776
vt -1.2500001192092896 1.618055820465088
vt -1.5000003576278687 1.6204235553741455
vt -1.5000003576278687 1.618055820465088
vt -1.2500001192092896 1.618055820465088
vt -1.2500001192092896 1.6204235553741455
vt 0.5538191199302673 -0.5000003576278687
vt 0.5514513254165649 -0.5000003576278687
vt 0.5514513254165649 -0.25000011920928955
vt 0.5538191199302673 -0.25000011920928955
vt 0.5565204620361328 -0.5000003576278687
vt 0.5538191199302673 -0.5000003576278687
vt 0.5538191199302673 -0.25000011920928955
vt 0.5565204620361328 -0.25000011920928955
vt 0.5594515800476074 -0.5000003576278687
vt 0.5565204620361328 -0.5000003576278687
vt 0.5565204620361328 -0.25000011920928955
vt 0.5594515800476074 -0.25000011920928955
vt 0.5624998807907104 -0.5000003576278687
vt 0.5594515800476074 -0.5000003576278687
vt 0.5594515800476074 -0.25000011920928955
vt 0.5624998807907104 -0.25000011920928955
vt 0.5655481815338135 -0.5000003576278687
vt 0.5624998807907104 -0.5000003576278687
vt 0.5624998807907104 -0.25000011920928955
vt 0.5655481815338135 -0.25000011920928955
vt 0.5684792995452881 -0.5000003576278687
vt 0.5655481815338135 -0.5000003576278687
vt 0.5655481815338135 -0.25000011920928955
vt 0.5684792995452881 -0.25000011920928955
vt 0.5711806416511536 -0.5000003576278687
vt 0.5684792995452881 -0.5000003576278687
vt 0.5684792995452881 -0.25000011920928955
vt 0.5711806416511536 -0.25000011920928955
vt 0.573548436164856 -0.5000003576278687
vt 0.5711806416511536 -0.5000003576278687
vt 0.5711806416511536 -0.25000011920928955
vt 0.573548436164856 -0.25000011920928955
vt -1.5000003576278687 1.618055820465088
vt -1.5000003576278687 1.6204235553741455
vt -1.2500001192092896 1.6204235553741455
vt -1.2500001192092896 1.618055820465088
vt -1.5000003576278687 1.6153544187545776
vt -1.5000003576278687 1.618055820465088
vt -1.2500001192092896 1.618055820465088
vt -1.2500001192092896 1.6153544187545776
vt -1.5000003576278687 1.612423300743103
vt -1.5000003576278687 1.6153544187545776
vt -1.2500001192092896 1.6153544187545776
vt -1.2500001192092896 1.612423300743103
vt -1.5000003576278687 1.609375
vt -1.5000003576278687 1.612423300743103
vt -1.2500001192092896 1.612423300743103
vt -1.2500001192092896 1.609375
vt -1.5000003576278687 1.606326699256897
vt -1.5000003576278687 1.609375
vt -1.2500001192092896 1.609375
vt -1.2500001192092896 1.606326699256897
vt -1.5000003576278687 1.6033955812454224
vt -1.5000003576278687 1.606326699256897
vt -1.2500001192092896 1.606326699256897
vt -1.2500001192092896 1.6033955812454224
vt -1.5000003576278687 1.600694179534912
vt -1.5000003576278687 1.6033955812454224
vt -1.2500001192092896 1.6033955812454224
vt -1.2500001192092896 1.600694179534912
vt -1.5000003576278687 1.5983264446258545
vt -1.5000003576278687 1.600694179534912
vt -1.2500001192092896 1.600694179534912
vt -1.2500001192092896 1.5983264446258545
vt 0.5711806416511536 -0.5000003576278687
vt 0.573548436164856 -0.5000003576278687
vt 0.573548436164856 -0.25000011920928955
vt 0.5711806416511536 -0.25000011920928955
vt 0.5684792995452881 -0.5000003576278687
vt 0.5711806416511536 -0.5000003576278687
vt 0.5711806416511536 -0.25000011920928955
vt 0.5684792995452881 -0.25000011920928955
vt 0.5655481815338135 -0.5000003576278687
vt 0.5684792995452881 -0.5000003576278687
vt 0.5684792995452881 -0.25000011920928955
vt 0.5655481815338135 -0.25000011920928955
vt 0.5624998807907104 -0.5000003576278687
vt 0.5655481815338135 -0.5000003576278687
vt 0.5655481815338135 -0.25000011920928955
vt 0.5624998807907104 -0.25000011920928955
vt 0.5594515800476074 -0.5000003576278687
vt 0.5624998807907104 -0.5000003576278687
vt 0.5624998807907104 -0.25000011920928955
vt 0.5594515800476074 -0.25000011920928955
vt 0.5565204620361328 -0.5000003576278687
vt 0.5594515800476074 -0.5000003576278687
vt 0.5594515800476074 -0.25000011920928955
vt 0.5565204620361328 -0.25000011920928955
vt 0.5538191199302673 -0.5000003576278687
vt 0.5565204620361328 -0.5000003576278687
vt 0.5565204620361328 -0.25000011920928955
vt 0.5538191199302673 -0.25000011920928955
vt 0.5514513254165649 -0.5000003576278687
vt 0.5538191199302673 -0.5000003576278687
vt 0.5538191199302673 -0.25000011920928955
vt 0.5514513254165649 -0.25000011920928955
vt -1.5000003576278687 1.600694179534912
vt -1.5000003576278687 1.5983264446258545
vt -1.2500001192092896 1.5983264446258545
vt -1.2500001192092896 1.600694179534912
vt -1.5000003576278687 1.6033955812454224
vt -1.5000003576278687 1.600694179534912
vt -1.2500001192092896 1.600694179534912
vt -1.2500001192092896 1.6033955812454224
vt -1.5000003576278687 1.606326699256897
vt -1.5000003576278687 1.6033955812454224
vt -1.2500001192092896 1.6033955812454224
vt -1.2500001192092896 1.606326699256897
vt -1.5000003576278687 1.609375
vt -1.5000003576278687 1.606326699256897
vt -1.2500001192092896 1.606326699256897
vt -1.2500001192092896 1.609375
vt 0.5480642914772034 1.6153544187545776
vt 0.5471751093864441 1.612423300743103
vt 0.5468748807907104 1.609375
vt 0.5495081543922424 1.618055820465088
vt 0.5514513254165649 1.6204235553741455
vt 0.5538191199302673 1.6223666667938232
vt 0.5565204620361328 1.6238105297088623
vt 0.5594515800476074 1.6246998310089111
vt 0.5624998807907104 1.625
vt 0.5655481815338135 1.6246998310089111
vt 0.5684792995452881 1.6238105297088623
vt 0.5711806416511536 1.6223666667938232
vt 0.573548436164856 1.6204235553741455
vt 0.5754916071891785 1.618055820465088
vt 0.5769355297088623 1.6153544187545776
vt 0.5778246521949768 1.612423300743103
vt 0.5781248807907104 1.609375
vt 0.5778246521949768 1.606326699256897
vt 0.5769354701042175 1.6033955812454224
vt 0.5754916071891785 1.600694179534912
vt 0.573548436164856 1.5983264446258545
vt 0.5711806416511536 1.5963833332061768
vt 0.5684792995452881 1.5949393510818481
vt 0.5655481815338135 1.5940501689910889
vt 0.5624998807907104 1.59375
vt 0.5594515800476074 1.5940501689910889
vt 0.5565204620361328 1.5949394702911377
vt 0.5538191199302673 1.5963833332061768
vt 0.5514513254165649 1.5983264446258545
vt 0.5495081543922424 1.600694179534912
vt 0.5480642914772034 1.6033955812454224
vt 0.5471751093864441 1.606326699256897
vt -0.75 1.5625
vt -0.15625 1.5625
vt -0.15624994039535522 1.565548300743103
vt -0.7499999403953552 1.565548300743103
vt -0.7499999403953552 1.565548300743103
vt -0.15624994039535522 1.565548300743103
vt -0.15624994039535522 1.5684794187545776
vt -0.7499999403953552 1.5684794187545776
vt -0.7499999403953552 1.5684794187545776
vt -0.15624994039535522 1.5684794187545776
vt -0.15624994039535522 1.571180820465088
vt -0.7499999403953552 1.571180820465088
vt -0.7499999403953552 1.571180820465088
vt -0.15624994039535522 1.571180820465088
vt -0.15624994039535522 1.5735485553741455
vt -0.75 1.5735485553741455
vt 0.5514513254165649 0.25
vt 0.5514513254165649 0.8437500894069672
vt 0.5538191199302673 0.8437500894069672
vt 0.5538191199302673 0.25000011920928955
vt 0.5538191199302673 0.25000011920928955
vt 0.5538191199302673 0.8437500894069672
vt 0.5565204620361328 0.8437501192092896
vt 0.5565204620361328 0.25
vt 0.5565204620361328 0.25
vt 0.5565204620361328 0.8437501192092896
vt 0.5594515800476074 0.8437500894069672
vt 0.5594515800476074 0.25000011920928955
vt 0.5594515800476074 0.25000011920928955
vt 0.5594515800476074 0.8437500894069672
vt 0.5624998807907104 0.8437500596046448
vt 0.5624998807907104 0.2500000596046448
vt 0.5624998807907104 0.2500000596046448
vt 0.5624998807907104 0.8437500596046448
vt 0.5655481815338135 0.8437500298023224
vt 0.5655480623245239 0.2500000596046448
vt 0.5655480623245239 0.2500000596046448
vt 0.5655481815338135 0.8437500298023224
vt 0.5684792995452881 0.8437501192092896
vt 0.5684792995452881 0.25
vt 0.5684792995452881 0.25
vt 0.5684792995452881 0.8437501192092896
vt 0.5711807012557983 0.8437500596046448
vt 0.5711807012557983 0.25
vt 0.5711807012557983 0.25
vt 0.5711807012557983 0.8437500596046448
vt 0.5735485553741455 0.8437500894069672
vt 0.573548436164856 0.25000011920928955
vt -0.7499999403953552 1.5735485553741455
vt -0.15624994039535522 1.5735485553741455
vt -0.15624994039535522 1.571180820465088
vt -0.75 1.571180820465088
vt -0.75 1.571180820465088
vt -0.15624994039535522 1.571180820465088
vt -0.15624994039535522 1.5684794187545776
vt -0.75 1.5684794187545776
vt -0.75 1.5684794187545776
vt -0.15624994039535522 1.5684794187545776
vt -0.1562499701976776 1.565548300743103
vt -0.7499999403953552 1.565548300743103
vt -0.7499999403953552 1.565548300743103
vt -0.1562499701976776 1.565548300743103
vt -0.15624994039535522 1.5625
vt -0.75 1.5625
vt -0.75 1.5625
vt -0.15624994039535522 1.5625
vt -0.1562499701976776 1.559451699256897
vt -0.7499999403953552 1.559451699256897
vt -0.7499999403953552 1.559451699256897
vt -0.1562499701976776 1.559451699256897
vt -0.15624994039535522 1.5565205812454224
vt -0.75 1.5565205812454224
vt -0.75 1.5565205812454224
vt -0.15624994039535522 1.5565205812454224
vt -0.15624994039535522 1.553819179534912
vt -0.75 1.553819179534912
vt -0.75 1.553819179534912
vt -0.15624994039535522 1.553819179534912
vt -0.15624994039535522 1.5514514446258545
vt -0.7499999403953552 1.5514514446258545
vt 0.573548436164856 0.25000011920928955
vt 0.5735485553741455 0.8437500894069672
vt 0.5711807012557983 0.8437500596046448
vt 0.5711807012557983 0.25
vt 0.5711807012557983 0.25
vt 0.5711807012557983 0.8437500596046448
vt 0.5684792995452881 0.8437501192092896
vt 0.5684792995452881 0.25
vt 0.5684792995452881 0.25
vt 0.5684792995452881 0.8437501192092896
vt 0.5655481815338135 0.8437500298023224
vt 0.5655480623245239 0.2500000596046448
vt 0.5655480623245239 0.2500000596046448
vt 0.5655481815338135 0.8437500298023224
vt 0.5624998807907104 0.8437500596046448
vt 0.5624998807907104 0.2500000596046448
vt 0.5624998807907104 0.2500000596046448
vt 0.5624998807907104 0.8437500596046448
vt 0.5594515800476074 0.8437500894069672
vt 0.5594515800476074 0.25000011920928955
vt 0.5594515800476074 0.25000011920928955
vt 0.5594515800476074 0.8437500894069672
vt 0.5565204620361328 0.8437501192092896
vt 0.5565204620361328 0.25
vt 0.5565204620361328 0.25
vt 0.5565204620361328 0.8437501192092896
vt 0.5538191199302673 0.8437500894069672
vt 0.5538191199302673 0.25000011920928955
vt 0.5538191199302673 0.25000011920928955
vt 0.5538191199302673 0.8437500894069672
vt 0.5514513254165649 0.8437500894069672
vt 0.5514513254165649 0.25
vt -0.75 1.5514514446258545
vt -0.15624994039535522 1.5514514446258545
vt -0.15624994039535522 1.553819179534912
vt -0.7499999403953552 1.553819179534912
vt -0.7499999403953552 1.553819179534912
vt -0.15624994039535522 1.553819179534912
vt -0.15624994039535522 1.5565205812454224
vt -0.7499999403953552 1.5565205812454224
vt -0.7499999403953552 1.5565205812454224
vt -0.15624994039535522 1.5565205812454224
vt -0.15624994039535522 1.559451699256897
vt -0.7499999403953552 1.559451699256897
vt -0.7499999403953552 1.559451699256897
vt -0.15624994039535522 1.559451699256897
vt -0.15625 1.5625
vt -0.75 1.5625
vt 0.5471751689910889 1.565548300743103
vt 0.5468748807907104 1.5625
vt 0.5471751689910889 1.559451699256897
vt 0.5480642914772034 1.5684794187545776
vt 0.5495081543922424 1.571180820465088
vt 0.5514513254165649 1.5735485553741455
vt 0.5538191199302673 1.5754916667938232
vt 0.5565204620361328 1.5769355297088623
vt 0.5594515800476074 1.5778248310089111
vt 0.5624998807907104 1.578125
vt 0.5655481815338135 1.5778248310089111
vt 0.5684792995452881 1.5769355297088623
vt 0.5711807012557983 1.5754916667938232
vt 0.5735485553741455 1.5735485553741455
vt 0.5754916667938232 1.571180820465088
vt 0.5769355297088623 1.5684794187545776
vt 0.5778247117996216 1.565548300743103
vt 0.578125 1.5625
vt 0.5778247117996216 1.559451699256897
vt 0.5769355297088623 1.5565205812454224
vt 0.5754916667938232 1.553819179534912
vt 0.5735485553741455 1.5514514446258545
vt 0.5711807012557983 1.5495083332061768
vt 0.5684792995452881 1.5480643510818481
vt 0.5655481815338135 1.5471751689910889
vt 0.5624998807907104 1.546875
vt 0.5594515800476074 1.5471751689910889
vt 0.5565204620361328 1.5480644702911377
vt 0.5538191199302673 1.5495083332061768
vt 0.5514513254165649 1.5514514446258545
vt 0.5495081543922424 1.553819179534912
vt 0.5480642914772034 1.5565205812454224
vt 0.5769355297088623 1.5684794187545776
vt 0.577824592590332 1.565548300743103
vt 0.578125 1.5625
vt 0.5754915475845337 1.571180820465088
vt 0.573548436164856 1.5735485553741455
vt 0.5711807012557983 1.5754916667938232
vt 0.5684792995452881 1.5769355297088623
vt 0.5655480623245239 1.5778248310089111
vt 0.5624998807907104 1.578125
vt 0.5594515800476074 1.5778248310089111
vt 0.5565204620361328 1.5769355297088623
vt 0.5538191199302673 1.5754916667938232
vt 0.5514513254165649 1.5735485553741455
vt 0.5495081543922424 1.571180820465088
vt 0.5480643510818481 1.5684794187545776
vt 0.5471751093864441 1.565548300743103
vt 0.5468748807907104 1.5625
vt 0.5471751093864441 1.559451699256897
vt 0.5480643510818481 1.5565205812454224
vt 0.5495081543922424 1.553819179534912
vt 0.5514513254165649 1.5514514446258545
vt 0.5538191199302673 1.5495083332061768
vt 0.5565204620361328 1.5480644702911377
vt 0.5594515800476074 1.5471751689910889
vt 0.5624998807907104 1.546875
vt 0.5655480623245239 1.5471751689910889
vt 0.5684792995452881 1.5480643510818481
vt 0.5711807012557983 1.5495083332061768
vt 0.573548436164856 1.5514514446258545
vt 0.5754915475845337 1.553819179534912
vt 0.5769355297088623 1.5565205812454224
vt 0.577824592590332 1.559451699256897
vt 0.5471751093864441 1.565548300743103
vt 0.5480642914772034 1.5684794187545776
vt 0.5495081543922424 1.571180820465088
vt 0.5468748807907104 1.5625
vt 0.5471751093864441 1.559451699256897
vt 0.5480642914772034 1.5565205812454224
vt 0.5495081543922424 1.553819179534912
vt 0.5514513254165649 1.5514514446258545
vt 0.5538191199302673 1.5495083332061768
vt 0.5565204620361328 1.5480644702911377
vt 0.5594515800476074 1.5471751689910889
vt 0.5624998807907104 1.546875
vt 0.5655481815338135 1.5471751689910889
vt 0.5684792995452881 1.5480643510818481
vt 0.5711806416511536 1.5495083332061768
vt 0.573548436164856 1.5514514446258545
vt 0.5754916071891785 1.553819179534912
vt 0.5769354701042175 1.5565205812454224
vt 0.5778246521949768 1.559451699256897
vt 0.5781248807907104 1.5625
vt 0.5778246521949768 1.565548300743103
vt 0.5769355297088623 1.5684794187545776
vt 0.5754916071891785 1.571180820465088
vt 0.573548436164856 1.5735485553741455
vt 0.5711806416511536 1.5754916667938232
vt 0.5684792995452881 1.5769355297088623
vt 0.5655481815338135 1.5778248310089111
vt 0.5624998807907104 1.578125
vt 0.5594515800476074 1.5778248310089111
vt 0.5565204620361328 1.5769355297088623
vt 0.5538191199302673 1.5754916667938232
vt 0.5514513254165649 1.5735485553741455
vt -1.5000003576278687 1.565548300743103
vt -1.5000003576278687 1.5625
vt -1.2500001192092896 1.5625
vt -1.2500001192092896 1.565548300743103
vt -1.5000003576278687 1.5684794187545776
vt -1.5000003576278687 1.565548300743103
vt -1.2500001192092896 1.565548300743103
vt -1.2500001192092896 1.5684794187545776
vt -1.5000003576278687 1.571180820465088
vt -1.5000003576278687 1.5684794187545776
vt -1.2500001192092896 1.5684794187545776
vt -1.2500001192092896 1.571180820465088
vt -1.5000003576278687 1.5735485553741455
vt -1.5000003576278687 1.571180820465088
vt -1.2500001192092896 1.571180820465088
vt -1.2500001192092896 1.5735485553741455
vt 0.5538191199302673 -0.5000003576278687
vt 0.5514513254165649 -0.5000003576278687
vt 0.5514513254165649 -0.25000011920928955
vt 0.5538191199302673 -0.25000011920928955
vt 0.5565204620361328 -0.5000003576278687
vt 0.5538191199302673 -0.5000003576278687
vt 0.5538191199302673 -0.25000011920928955
vt 0.5565204620361328 -0.25000011920928955
vt 0.5594515800476074 -0.5000003576278687
vt 0.5565204620361328 -0.5000003576278687
vt 0.5565204620361328 -0.25000011920928955
vt 0.5594515800476074 -0.25000011920928955
vt 0.5624998807907104 -0.5000003576278687
vt 0.5594515800476074 -0.5000003576278687
vt 0.5594515800476074 -0.25000011920928955
vt 0.5624998807907104 -0.25000011920928955
vt 0.5655481815338135 -0.5000003576278687
vt 0.5624998807907104 -0.5000003576278687
vt 0.5624998807907104 -0.25000011920928955
vt 0.5655481815338135 -0.25000011920928955
vt 0.5684792995452881 -0.5000003576278687
vt 0.5655481815338135 -0.5000003576278687
vt 0.5655481815338135 -0.25000011920928955
vt 0.5684792995452881 -0.25000011920928955
vt 0.5711806416511536 -0.5000003576278687
vt 0.5684792995452881 -0.5000003576278687
vt 0.5684792995452881 -0.25000011920928955
vt 0.5711806416511536 -0.25000011920928955
vt 0.573548436164856 -0.5000003576278687
vt 0.5711806416511536 -0.5000003576278687
vt 0.5711806416511536 -0.25000011920928955
vt 0.573548436164856 -0.25000011920928955
vt -1.5000003576278687 1.571180820465088
vt -1.5000003576278687 1.5735485553741455
vt -1.2500001192092896 1.5735485553741455
vt -1.2500001192092896 1.571180820465088
vt -1.5000003576278687 1.5684794187545776
vt -1.5000003576278687 1.571180820465088
vt -1.2500001192092896 1.571180820465088
vt -1.2500001192092896 1.5684794187545776
vt -1.5000003576278687 1.565548300743103
vt -1.5000003576278687 1.5684794187545776
vt -1.2500001192092896 1.5684794187545776
vt -1.2500001192092896 1.565548300743103
vt -1.5000003576278687 1.5625
vt -1.5000003576278687 1.565548300743103
vt -1.2500001192092896 1.565548300743103
vt -1.2500001192092896 1.5625
vt -1.5000003576278687 1.559451699256897
vt -1.5000003576278687 1.5625
vt -1.2500001192092896 1.5625
vt -1.2500001192092896 1.559451699256897
vt -1.5000003576278687 1.5565205812454224
vt -1.5000003576278687 1.559451699256897
vt -1.2500001192092896 1.559451699256897
vt -1.2500001192092896 1.5565205812454224
vt -1.5000003576278687 1.553819179534912
vt -1.5000003576278687 1.5565205812454224
vt -1.2500001192092896 1.5565205812454224
vt -1.2500001192092896 1.553819179534912
vt -1.5000003576278687 1.5514514446258545
vt -1.5000003576278687 1.553819179534912
vt -1.2500001192092896 1.553819179534912
vt -1.2500001192092896 1.5514514446258545
vt 0.5711806416511536 -0.5000003576278687
vt 0.573548436164856 -0.5000003576278687
vt 0.573548436164856 -0.25000011920928955
vt 0.5711806416511536 -0.25000011920928955
vt 0.5684792995452881 -0.5000003576278687
vt 0.5711806416511536 -0.5000003576278687
vt 0.5711806416511536 -0.25000011920928955
vt 0.5684792995452881 -0.25000011920928955
vt 0.5655481815338135 -0.5000003576278687
vt 0.5684792995452881 -0.5000003576278687
vt 0.5684792995452881 -0.25000011920928955
vt 0.5655481815338135 -0.25000011920928955
vt 0.5624998807907104 -0.5000003576278687
vt 0.5655481815338135 -0.5000003576278687
vt 0.5655481815338135 -0.25000011920928955
vt 0.5624998807907104 -0.25000011920928955
vt 0.5594515800476074 -0.5000003576278687
vt 0.5624998807907104 -0.5000003576278687
vt 0.5624998807907104 -0.25000011920928955
vt 0.5594515800476074 -0.25000011920928955
vt 0.5565204620361328 -0.5000003576278687
vt 0.5594515800476074 -0.5000003576278687
vt 0.5594515800476074 -0.25000011920928955
vt 0.5565204620361328 -0.25000011920928955
vt 0.5538191199302673 -0.5000003576278687
vt 0.5565204620361328 -0.5000003576278687
vt 0.5565204620361328 -0.25000011920928955
vt 0.5538191199302673 -0.25000011920928955
vt 0.5514513254165649 -0.5000003576278687
vt 0.5538191199302673 -0.5000003576278687
vt 0.5538191199302673 -0.25000011920928955
vt 0.5514513254165649 -0.25000011920928955
vt -1.5000003576278687 1.553819179534912
vt -1.5000003576278687 1.5514514446258545
vt -1.2500001192092896 1.5514514446258545
vt -1.2500001192092896 1.553819179534912
vt -1.5000003576278687 1.5565205812454224
vt -1.5000003576278687 1.553819179534912
vt -1.2500001192092896 1.553819179534912
vt -1.2500001192092896 1.5565205812454224
vt -1.5000003576278687 1.559451699256897
vt -1.5000003576278687 1.5565205812454224
vt -1.2500001192092896 1.5565205812454224
vt -1.2500001192092896 1.559451699256897
vt -1.5000003576278687 1.5625
vt -1.5000003576278687 1.559451699256897
vt -1.2500001192092896 1.559451699256897
vt -1.2500001192092896 1.5625
vt 0.5480642914772034 1.5684794187545776
vt 0.5471751093864441 1.565548300743103
vt 0.5468748807907104 1.5625
vt 0.5495081543922424 1.571180820465088
vt 0.5514513254165649 1.5735485553741455
vt 0.5538191199302673 1.5754916667938232
vt 0.5565204620361328 1.5769355297088623
vt 0.5594515800476074 1.5778248310089111
vt 0.5624998807907104 1.578125
vt 0.5655481815338135 1.5778248310089111
vt 0.5684792995452881 1.5769355297088623
vt 0.5711806416511536 1.5754916667938232
vt 0.573548436164856 1.5735485553741455
vt 0.5754916071891785 1.571180820465088
vt 0.5769355297088623 1.5684794187545776
vt 0.5778246521949768 1.565548300743103
vt 0.5781248807907104 1.5625
vt 0.5778246521949768 1.559451699256897
vt 0.5769354701042175 1.5565205812454224
vt 0.5754916071891785 1.553819179534912
vt 0.573548436164856 1.5514514446258545
vt 0.5711806416511536 1.5495083332061768
vt 0.5684792995452881 1.5480643510818481
vt 0.5655481815338135 1.5471751689910889
vt 0.5624998807907104 1.546875
vt 0.5594515800476074 1.5471751689910889
vt 0.5565204620361328 1.5480644702911377
vt 0.5538191199302673 1.5495083332061768
vt 0.5514513254165649 1.5514514446258545
vt 0.5495081543922424 1.553819179534912
vt 0.5480642914772034 1.5565205812454224
vt 0.5471751093864441 1.559451699256897
vt 0.5471753478050232 2.221798300743103
vt 0.5480645298957825 2.2247294187545776
vt 0.5495083928108215 2.227430820465088
vt 0.5468751192092896 2.21875
vt 0.5471753478050232 2.215701699256897
vt 0.5480645298957825 2.2127705812454224
vt 0.5495083928108215 2.210069179534912
vt 0.551451563835144 2.2077014446258545
vt 0.5538193583488464 2.2057583332061768
vt 0.5565207004547119 2.2043144702911377
vt 0.5594518184661865 2.203425168991089
vt 0.5625001192092896 2.203125
vt 0.5655484199523926 2.203425168991089
vt 0.5684795379638672 2.204314351081848
vt 0.5711808800697327 2.2057583332061768
vt 0.5735486745834351 2.2077014446258545
vt 0.5754918456077576 2.210069179534912
vt 0.5769357085227966 2.2127705812454224
vt 0.5778248906135559 2.215701699256897
vt 0.5781251192092896 2.21875
vt 0.5778248906135559 2.221798300743103
vt 0.5769357681274414 2.2247294187545776
vt 0.5754918456077576 2.227430820465088
vt 0.5735486745834351 2.2297985553741455
vt 0.5711808800697327 2.2317416667938232
vt 0.5684795379638672 2.2331855297088623
vt 0.5655484199523926 2.234074831008911
vt 0.5625001192092896 2.234375
vt 0.5594518184661865 2.234074831008911
vt 0.5565207004547119 2.2331855297088623
vt 0.5538193583488464 2.2317416667938232
vt 0.551451563835144 2.2297985553741455
vt 1.6250014305114746 2.221798300743103
vt 1.6250014305114746 2.21875
vt -0.12499916553497314 2.21875
vt -0.12499916553497314 2.221798300743103
vt 1.6250014305114746 2.2247294187545776
vt 1.6250014305114746 2.221798300743103
vt -0.12499916553497314 2.221798300743103
vt -0.12499916553497314 2.2247294187545776
vt 1.6250014305114746 2.227430820465088
vt 1.6250014305114746 2.2247294187545776
vt -0.12499916553497314 2.2247294187545776
vt -0.12499916553497314 2.227430820465088
vt 1.6250014305114746 2.2297985553741455
vt 1.6250014305114746 2.227430820465088
vt -0.12499916553497314 2.227430820465088
vt -0.12499916553497314 2.2297985553741455
vt 1.6250014305114746 1.5538193583488464
vt 1.6250014305114746 1.551451563835144
vt -0.12499916553497314 1.551451563835144
vt -0.12499916553497314 1.5538193583488464
vt 1.6250014305114746 1.556520700454712
vt 1.6250014305114746 1.5538193583488464
vt -0.12499916553497314 1.5538193583488464
vt -0.12499916553497314 1.556520700454712
vt 1.6250014305114746 1.5594518184661865
vt 1.6250014305114746 1.556520700454712
vt -0.12499916553497314 1.556520700454712
vt -0.12499916553497314 1.5594518184661865
vt 1.6250014305114746 1.5625001192092896
vt 1.6250014305114746 1.5594518184661865
vt -0.12499916553497314 1.5594518184661865
vt -0.12499916553497314 1.5625001192092896
vt 1.6250014305114746 1.5655484199523926
vt 1.6250014305114746 1.5625001192092896
vt -0.12499916553497314 1.5625001192092896
vt -0.12499916553497314 1.5655484199523926
vt 1.6250014305114746 1.5684795379638672
vt 1.6250014305114746 1.5655484199523926
vt -0.12499916553497314 1.5655484199523926
vt -0.12499916553497314 1.5684795379638672
vt 1.6250014305114746 1.5711808800697327
vt 1.6250014305114746 1.5684795379638672
vt -0.12499916553497314 1.5684795379638672
vt -0.12499916553497314 1.5711808800697327
vt 1.6250014305114746 1.573548674583435
vt 1.6250014305114746 1.5711808800697327
vt -0.12499916553497314 1.5711808800697327
vt -0.12499916553497314 1.573548674583435
vt 1.6250014305114746 2.227430820465088
vt 1.6250014305114746 2.2297985553741455
vt -0.12499916553497314 2.2297985553741455
vt -0.12499916553497314 2.227430820465088
vt 1.6250014305114746 2.2247294187545776
vt 1.6250014305114746 2.227430820465088
vt -0.12499916553497314 2.227430820465088
vt -0.12499916553497314 2.2247294187545776
vt 1.6250014305114746 2.221798300743103
vt 1.6250014305114746 2.2247294187545776
vt -0.12499916553497314 2.2247294187545776
vt -0.12499916553497314 2.221798300743103
vt 1.6250014305114746 2.21875
vt 1.6250014305114746 2.221798300743103
vt -0.12499916553497314 2.221798300743103
vt -0.12499916553497314 2.21875
vt 1.6250014305114746 2.215701699256897
vt 1.6250014305114746 2.21875
vt -0.12499916553497314 2.21875
vt -0.12499916553497314 2.215701699256897
vt 1.6250014305114746 2.2127705812454224
vt 1.6250014305114746 2.215701699256897
vt -0.12499916553497314 2.215701699256897
vt -0.12499916553497314 2.2127705812454224
vt 1.6250014305114746 2.210069179534912
vt 1.6250014305114746 2.2127705812454224
vt -0.12499916553497314 2.2127705812454224
vt -0.12499916553497314 2.210069179534912
vt 1.6250014305114746 2.2077014446258545
vt 1.6250014305114746 2.210069179534912
vt -0.12499916553497314 2.210069179534912
vt -0.12499916553497314 2.2077014446258545
vt 1.6250014305114746 1.5711808800697327
vt 1.6250014305114746 1.573548674583435
vt -0.12499916553497314 1.573548674583435
vt -0.12499916553497314 1.5711808800697327
vt 1.6250014305114746 1.5684795379638672
vt 1.6250014305114746 1.5711808800697327
vt -0.12499916553497314 1.5711808800697327
vt -0.12499916553497314 1.5684795379638672
vt 1.6250014305114746 1.5655484199523926
vt 1.6250014305114746 1.5684795379638672
vt -0.12499916553497314 1.5684795379638672
vt -0.12499916553497314 1.5655484199523926
vt 1.6250014305114746 1.5625001192092896
vt 1.6250014305114746 1.5655484199523926
vt -0.12499916553497314 1.5655484199523926
vt -0.12499916553497314 1.5625001192092896
vt 1.6250014305114746 1.5594518184661865
vt 1.6250014305114746 1.5625001192092896
vt -0.12499916553497314 1.5625001192092896
vt -0.12499916553497314 1.5594518184661865
vt 1.6250014305114746 1.556520700454712
vt 1.6250014305114746 1.5594518184661865
vt -0.12499916553497314 1.5594518184661865
vt -0.12499916553497314 1.556520700454712
vt 1.6250014305114746 1.5538193583488464
vt 1.6250014305114746 1.556520700454712
vt -0.12499916553497314 1.556520700454712
vt -0.12499916553497314 1.5538193583488464
vt 1.6250014305114746 1.551451563835144
vt 1.6250014305114746 1.5538193583488464
vt -0.12499916553497314 1.5538193583488464
vt -0.12499916553497314 1.551451563835144
vt 1.6250014305114746 2.210069179534912
vt 1.6250014305114746 2.2077014446258545
vt -0.12499916553497314 2.2077014446258545
vt -0.12499916553497314 2.210069179534912
vt 1.6250014305114746 2.2127705812454224
vt 1.6250014305114746 2.210069179534912
vt -0.12499916553497314 2.210069179534912
vt -0.12499916553497314 2.2127705812454224
vt 1.6250014305114746 2.215701699256897
vt 1.6250014305114746 2.2127705812454224
vt -0.12499916553497314 2.2127705812454224
vt -0.12499916553497314 2.215701699256897
vt 1.6250014305114746 2.21875
vt 1.6250014305114746 2.215701699256897
vt -0.12499916553497314 2.215701699256897
vt -0.12499916553497314 2.21875
vt 0.5480645298957825 2.2247294187545776
vt 0.5471753478050232 2.221798300743103
vt 0.5468751192092896 2.21875
vt 0.5495083928108215 2.227430820465088
vt 0.551451563835144 2.2297985553741455
vt 0.5538193583488464 2.2317416667938232
vt 0.5565207004547119 2.2331855297088623
vt 0.5594518184661865 2.234074831008911
vt 0.5625001192092896 2.234375
vt 0.5655484199523926 2.234074831008911
vt 0.5684795379638672 2.2331855297088623
vt 0.5711808800697327 2.2317416667938232
vt 0.5735486745834351 2.2297985553741455
vt 0.5754918456077576 2.227430820465088
vt 0.5769357681274414 2.2247294187545776
vt 0.5778248906135559 2.221798300743103
vt 0.5781251192092896 2.21875
vt 0.5778248906135559 2.215701699256897
vt 0.5769357085227966 2.2127705812454224
vt 0.5754918456077576 2.210069179534912
vt 0.5735486745834351 2.2077014446258545
vt 0.5711808800697327 2.2057583332061768
vt 0.5684795379638672 2.204314351081848
vt 0.5655484199523926 2.203425168991089
vt 0.5625001192092896 2.203125
vt 0.5594518184661865 2.203425168991089
vt 0.5565207004547119 2.2043144702911377
vt 0.5538193583488464 2.2057583332061768
vt 0.551451563835144 2.2077014446258545
vt 0.5495083928108215 2.210069179534912
vt 0.5480645298957825 2.2127705812454224
vt 0.5471753478050232 2.215701699256897
vt 0.5471753478050232 2.174923300743103
vt 0.5480645298957825 2.1778544187545776
vt 0.5495083928108215 2.180555820465088
vt 0.5468751192092896 2.171875
vt 0.5471753478050232 2.168826699256897
vt 0.5480645298957825 2.1658955812454224
vt 0.5495083928108215 2.163194179534912
vt 0.551451563835144 2.1608264446258545
vt 0.5538193583488464 2.1588833332061768
vt 0.5565207004547119 2.1574394702911377
vt 0.5594518184661865 2.156550168991089
vt 0.5625001192092896 2.15625
vt 0.5655484199523926 2.156550168991089
vt 0.5684795379638672 2.157439351081848
vt 0.5711808800697327 2.1588833332061768
vt 0.5735486745834351 2.1608264446258545
vt 0.5754918456077576 2.163194179534912
vt 0.5769357085227966 2.1658955812454224
vt 0.5778248906135559 2.168826699256897
vt 0.5781251192092896 2.171875
vt 0.5778248906135559 2.174923300743103
vt 0.5769357681274414 2.1778544187545776
vt 0.5754918456077576 2.180555820465088
vt 0.5735486745834351 2.1829235553741455
vt 0.5711808800697327 2.1848666667938232
vt 0.5684795379638672 2.1863105297088623
vt 0.5655484199523926 2.187199831008911
vt 0.5625001192092896 2.1875
vt 0.5594518184661865 2.187199831008911
vt 0.5565207004547119 2.1863105297088623
vt 0.5538193583488464 2.1848666667938232
vt 0.551451563835144 2.1829235553741455
vt 1.6250014305114746 2.174923300743103
vt 1.6250014305114746 2.171875
vt -0.12499916553497314 2.171875
vt -0.12499916553497314 2.174923300743103
vt 1.6250014305114746 2.1778544187545776
vt 1.6250014305114746 2.174923300743103
vt -0.12499916553497314 2.174923300743103
vt -0.12499916553497314 2.1778544187545776
vt 1.6250014305114746 2.180555820465088
vt 1.6250014305114746 2.1778544187545776
vt -0.12499916553497314 2.1778544187545776
vt -0.12499916553497314 2.180555820465088
vt 1.6250014305114746 2.1829235553741455
vt 1.6250014305114746 2.180555820465088
vt -0.12499916553497314 2.180555820465088
vt -0.12499916553497314 2.1829235553741455
vt 1.6250014305114746 1.5538193583488464
vt 1.6250014305114746 1.551451563835144
vt -0.12499916553497314 1.551451563835144
vt -0.12499916553497314 1.5538193583488464
vt 1.6250014305114746 1.556520700454712
vt 1.6250014305114746 1.5538193583488464
vt -0.12499916553497314 1.5538193583488464
vt -0.12499916553497314 1.556520700454712
vt 1.6250014305114746 1.5594518184661865
vt 1.6250014305114746 1.556520700454712
vt -0.12499916553497314 1.556520700454712
vt -0.12499916553497314 1.5594518184661865
vt 1.6250014305114746 1.5625001192092896
vt 1.6250014305114746 1.5594518184661865
vt -0.12499916553497314 1.5594518184661865
vt -0.12499916553497314 1.5625001192092896
vt 1.6250014305114746 1.5655484199523926
vt 1.6250014305114746 1.5625001192092896
vt -0.12499916553497314 1.5625001192092896
vt -0.12499916553497314 1.5655484199523926
vt 1.6250014305114746 1.5684795379638672
vt 1.6250014305114746 1.5655484199523926
vt -0.12499916553497314 1.5655484199523926
vt -0.12499916553497314 1.5684795379638672
vt 1.6250014305114746 1.5711808800697327
vt 1.6250014305114746 1.5684795379638672
vt -0.12499916553497314 1.5684795379638672
vt -0.12499916553497314 1.5711808800697327
vt 1.6250014305114746 1.573548674583435
vt 1.6250014305114746 1.5711808800697327
vt -0.12499916553497314 1.5711808800697327
vt -0.12499916553497314 1.573548674583435
vt 1.6250014305114746 2.180555820465088
vt 1.6250014305114746 2.1829235553741455
vt -0.12499916553497314 2.1829235553741455
vt -0.12499916553497314 2.180555820465088
vt 1.6250014305114746 2.1778544187545776
vt 1.6250014305114746 2.180555820465088
vt -0.12499916553497314 2.180555820465088
vt -0.12499916553497314 2.1778544187545776
vt 1.6250014305114746 2.174923300743103
vt 1.6250014305114746 2.1778544187545776
vt -0.12499916553497314 2.1778544187545776
vt -0.12499916553497314 2.174923300743103
vt 1.6250014305114746 2.171875
vt 1.6250014305114746 2.174923300743103
vt -0.12499916553497314 2.174923300743103
vt -0.12499916553497314 2.171875
vt 1.6250014305114746 2.168826699256897
vt 1.6250014305114746 2.171875
vt -0.12499916553497314 2.171875
vt -0.12499916553497314 2.168826699256897
vt 1.6250014305114746 2.1658955812454224
vt 1.6250014305114746 2.168826699256897
vt -0.12499916553497314 2.168826699256897
vt -0.12499916553497314 2.1658955812454224
vt 1.6250014305114746 2.163194179534912
vt 1.6250014305114746 2.1658955812454224
vt -0.12499916553497314 2.1658955812454224
vt -0.12499916553497314 2.163194179534912
vt 1.6250014305114746 2.1608264446258545
vt 1.6250014305114746 2.163194179534912
vt -0.12499916553497314 2.163194179534912
vt -0.12499916553497314 2.1608264446258545
vt 1.6250014305114746 1.5711808800697327
vt 1.6250014305114746 1.573548674583435
vt -0.12499916553497314 1.573548674583435
vt -0.12499916553497314 1.5711808800697327
vt 1.6250014305114746 1.5684795379638672
vt 1.6250014305114746 1.5711808800697327
vt -0.12499916553497314 1.5711808800697327
vt -0.12499916553497314 1.5684795379638672
vt 1.6250014305114746 1.5655484199523926
vt 1.6250014305114746 1.5684795379638672
vt -0.12499916553497314 1.5684795379638672
vt -0.12499916553497314 1.5655484199523926
vt 1.6250014305114746 1.5625001192092896
vt 1.6250014305114746 1.5655484199523926
vt -0.12499916553497314 1.5655484199523926
vt -0.12499916553497314 1.5625001192092896
vt 1.6250014305114746 1.5594518184661865
vt 1.6250014305114746 1.5625001192092896
vt -0.12499916553497314 1.5625001192092896
vt -0.12499916553497314 1.5594518184661865
vt 1.6250014305114746 1.556520700454712
vt 1.6250014305114746 1.5594518184661865
vt -0.12499916553497314 1.5594518184661865
vt -0.12499916553497314 1.556520700454712
vt 1.6250014305114746 1.5538193583488464
vt 1.6250014305114746 1.556520700454712
vt -0.12499916553497314 1.556520700454712
vt -0.12499916553497314 1.5538193583488464
vt 1.6250014305114746 1.551451563835144
vt 1.6250014305114746 1.5538193583488464
vt -0.12499916553497314 1.5538193583488464
vt -0.12499916553497314 1.551451563835144
vt 1.6250014305114746 2.163194179534912
vt 1.6250014305114746 2.1608264446258545
vt -0.12499916553497314 2.1608264446258545
vt -0.12499916553497314 2.163194179534912
vt 1.6250014305114746 2.1658955812454224
vt 1.6250014305114746 2.163194179534912
vt -0.12499916553497314 2.163194179534912
vt -0.12499916553497314 2.1658955812454224
vt 1.6250014305114746 2.168826699256897
vt 1.6250014305114746 2.1658955812454224
vt -0.12499916553497314 2.1658955812454224
vt -0.12499916553497314 2.168826699256897
vt 1.6250014305114746 2.171875
vt 1.6250014305114746 2.168826699256897
vt -0.12499916553497314 2.168826699256897
vt -0.12499916553497314 2.171875
vt 0.5480645298957825 2.1778544187545776
vt 0.5471753478050232 2.174923300743103
vt 0.5468751192092896 2.171875
vt 0.5495083928108215 2.180555820465088
vt 0.551451563835144 2.1829235553741455
vt 0.5538193583488464 2.1848666667938232
vt 0.5565207004547119 2.1863105297088623
vt 0.5594518184661865 2.187199831008911
vt 0.5625001192092896 2.1875
vt 0.5655484199523926 2.187199831008911
vt 0.5684795379638672 2.1863105297088623
vt 0.5711808800697327 2.1848666667938232
vt 0.5735486745834351 2.1829235553741455
vt 0.5754918456077576 2.180555820465088
vt 0.5769357681274414 2.1778544187545776
vt 0.5778248906135559 2.174923300743103
vt 0.5781251192092896 2.171875
vt 0.5778248906135559 2.168826699256897
vt 0.5769357085227966 2.1658955812454224
vt 0.5754918456077576 2.163194179534912
vt 0.5735486745834351 2.1608264446258545
vt 0.5711808800697327 2.1588833332061768
vt 0.5684795379638672 2.157439351081848
vt 0.5655484199523926 2.156550168991089
vt 0.5625001192092896 2.15625
vt 0.5594518184661865 2.156550168991089
vt 0.5565207004547119 2.1574394702911377
vt 0.5538193583488464 2.1588833332061768
vt 0.551451563835144 2.1608264446258545
vt 0.5495083928108215 2.163194179534912
vt 0.5480645298957825 2.1658955812454224
vt 0.5471753478050232 2.168826699256897
vt 0.5471753478050232 2.128048300743103
vt 0.5480645298957825 2.1309794187545776
vt 0.5495083928108215 2.133680820465088
vt 0.5468751192092896 2.125
vt 0.5471753478050232 2.121951699256897
vt 0.5480645298957825 2.1190205812454224
vt 0.5495083928108215 2.116319179534912
vt 0.551451563835144 2.1139514446258545
vt 0.5538193583488464 2.1120083332061768
vt 0.5565207004547119 2.1105644702911377
vt 0.5594518184661865 2.109675168991089
vt 0.5625001192092896 2.109375
vt 0.5655484199523926 2.109675168991089
vt 0.5684795379638672 2.110564351081848
vt 0.5711808800697327 2.1120083332061768
vt 0.5735486745834351 2.1139514446258545
vt 0.5754918456077576 2.116319179534912
vt 0.5769357085227966 2.1190205812454224
vt 0.5778248906135559 2.121951699256897
vt 0.5781251192092896 2.125
vt 0.5778248906135559 2.128048300743103
vt 0.5769357681274414 2.1309794187545776
vt 0.5754918456077576 2.133680820465088
vt 0.5735486745834351 2.1360485553741455
vt 0.5711808800697327 2.1379916667938232
vt 0.5684795379638672 2.1394355297088623
vt 0.5655484199523926 2.140324831008911
vt 0.5625001192092896 2.140625
vt 0.5594518184661865 2.140324831008911
vt 0.5565207004547119 2.1394355297088623
vt 0.5538193583488464 2.1379916667938232
vt 0.551451563835144 2.1360485553741455
vt 1.6250014305114746 2.128048300743103
vt 1.6250014305114746 2.125
vt -0.12499916553497314 2.125
vt -0.12499916553497314 2.128048300743103
vt 1.6250014305114746 2.1309794187545776
vt 1.6250014305114746 2.128048300743103
vt -0.12499916553497314 2.128048300743103
vt -0.12499916553497314 2.1309794187545776
vt 1.6250014305114746 2.133680820465088
vt 1.6250014305114746 2.1309794187545776
vt -0.12499916553497314 2.1309794187545776
vt -0.12499916553497314 2.133680820465088
vt 1.6250014305114746 2.1360485553741455
vt 1.6250014305114746 2.133680820465088
vt -0.12499916553497314 2.133680820465088
vt -0.12499916553497314 2.1360485553741455
vt 1.6250014305114746 1.5538193583488464
vt 1.6250014305114746 1.551451563835144
vt -0.12499916553497314 1.551451563835144
vt -0.12499916553497314 1.5538193583488464
vt 1.6250014305114746 1.556520700454712
vt 1.6250014305114746 1.5538193583488464
vt -0.12499916553497314 1.5538193583488464
vt -0.12499916553497314 1.556520700454712
vt 1.6250014305114746 1.5594518184661865
vt 1.6250014305114746 1.556520700454712
vt -0.12499916553497314 1.556520700454712
vt -0.12499916553497314 1.5594518184661865
vt 1.6250014305114746 1.5625001192092896
vt 1.6250014305114746 1.5594518184661865
vt -0.12499916553497314 1.5594518184661865
vt -0.12499916553497314 1.5625001192092896
vt 1.6250014305114746 1.5655484199523926
vt 1.6250014305114746 1.5625001192092896
vt -0.12499916553497314 1.5625001192092896
vt -0.12499916553497314 1.5655484199523926
vt 1.6250014305114746 1.5684795379638672
vt 1.6250014305114746 1.5655484199523926
vt -0.12499916553497314 1.5655484199523926
vt -0.12499916553497314 1.5684795379638672
vt 1.6250014305114746 1.5711808800697327
vt 1.6250014305114746 1.5684795379638672
vt -0.12499916553497314 1.5684795379638672
vt -0.12499916553497314 1.5711808800697327
vt 1.6250014305114746 1.573548674583435
vt 1.6250014305114746 1.5711808800697327
vt -0.12499916553497314 1.5711808800697327
vt -0.12499916553497314 1.573548674583435
vt 1.6250014305114746 2.133680820465088
vt 1.6250014305114746 2.1360485553741455
vt -0.12499916553497314 2.1360485553741455
vt -0.12499916553497314 2.133680820465088
vt 1.6250014305114746 2.1309794187545776
vt 1.6250014305114746 2.133680820465088
vt -0.12499916553497314 2.133680820465088
vt -0.12499916553497314 2.1309794187545776
vt 1.6250014305114746 2.128048300743103
vt 1.6250014305114746 2.1309794187545776
vt -0.12499916553497314 2.1309794187545776
vt -0.12499916553497314 2.128048300743103
vt 1.6250014305114746 2.125
vt 1.6250014305114746 2.128048300743103
vt -0.12499916553497314 2.128048300743103
vt -0.12499916553497314 2.125
vt 1.6250014305114746 2.121951699256897
vt 1.6250014305114746 2.125
vt -0.12499916553497314 2.125
vt -0.12499916553497314 2.121951699256897
vt 1.6250014305114746 2.1190205812454224
vt 1.6250014305114746 2.121951699256897
vt -0.12499916553497314 2.121951699256897
vt -0.12499916553497314 2.1190205812454224
vt 1.6250014305114746 2.116319179534912
vt 1.6250014305114746 2.1190205812454224
vt -0.12499916553497314 2.1190205812454224
vt -0.12499916553497314 2.116319179534912
vt 1.6250014305114746 2.1139514446258545
vt 1.6250014305114746 2.116319179534912
vt -0.12499916553497314 2.116319179534912
vt -0.12499916553497314 2.1139514446258545
vt 1.6250014305114746 1.5711808800697327
vt 1.6250014305114746 1.573548674583435
vt -0.12499916553497314 1.573548674583435
vt -0.12499916553497314 1.5711808800697327
vt 1.6250014305114746 1.5684795379638672
vt 1.6250014305114746 1.5711808800697327
vt -0.12499916553497314 1.5711808800697327
vt -0.12499916553497314 1.5684795379638672
vt 1.6250014305114746 1.5655484199523926
vt 1.6250014305114746 1.5684795379638672
vt -0.12499916553497314 1.5684795379638672
vt -0.12499916553497314 1.5655484199523926
vt 1.6250014305114746 1.5625001192092896
vt 1.6250014305114746 1.5655484199523926
vt -0.12499916553497314 1.5655484199523926
vt -0.12499916553497314 1.5625001192092896
vt 1.6250014305114746 1.5594518184661865
vt 1.6250014305114746 1.5625001192092896
vt -0.12499916553497314 1.5625001192092896
vt -0.12499916553497314 1.5594518184661865
vt 1.6250014305114746 1.556520700454712
vt 1.6250014305114746 1.5594518184661865
vt -0.12499916553497314 1.5594518184661865
vt -0.12499916553497314 1.556520700454712
vt 1.6250014305114746 1.5538193583488464
vt 1.6250014305114746 1.556520700454712
vt -0.12499916553497314 1.556520700454712
vt -0.12499916553497314 1.5538193583488464
vt 1.6250014305114746 1.551451563835144
vt 1.6250014305114746 1.5538193583488464
vt -0.12499916553497314 1.5538193583488464
vt -0.12499916553497314 1.551451563835144
vt 1.6250014305114746 2.116319179534912
vt 1.6250014305114746 2.1139514446258545
vt -0.12499916553497314 2.1139514446258545
vt -0.12499916553497314 2.116319179534912
vt 1.6250014305114746 2.1190205812454224
vt 1.6250014305114746 2.116319179534912
vt -0.12499916553497314 2.116319179534912
vt -0.12499916553497314 2.1190205812454224
vt 1.6250014305114746 2.121951699256897
vt 1.6250014305114746 2.1190205812454224
vt -0.12499916553497314 2.1190205812454224
vt -0.12499916553497314 2.121951699256897
vt 1.6250014305114746 2.125
vt 1.6250014305114746 2.121951699256897
vt -0.12499916553497314 2.121951699256897
vt -0.12499916553497314 2.125
vt 0.5480645298957825 2.1309794187545776
vt 0.5471753478050232 2.128048300743103
vt 0.5468751192092896 2.125
vt 0.5495083928108215 2.133680820465088
vt 0.551451563835144 2.1360485553741455
vt 0.5538193583488464 2.1379916667938232
vt 0.5565207004547119 2.1394355297088623
vt 0.5594518184661865 2.140324831008911
vt 0.5625001192092896 2.140625
vt 0.5655484199523926 2.140324831008911
vt 0.5684795379638672 2.1394355297088623
vt 0.5711808800697327 2.1379916667938232
vt 0.5735486745834351 2.1360485553741455
vt 0.5754918456077576 2.133680820465088
vt 0.5769357681274414 2.1309794187545776
vt 0.5778248906135559 2.128048300743103
vt 0.5781251192092896 2.125
vt 0.5778248906135559 2.121951699256897
vt 0.5769357085227966 2.1190205812454224
vt 0.5754918456077576 2.116319179534912
vt 0.5735486745834351 2.1139514446258545
vt 0.5711808800697327 2.1120083332061768
vt 0.5684795379638672 2.110564351081848
vt 0.5655484199523926 2.109675168991089
vt 0.5625001192092896 2.109375
vt 0.5594518184661865 2.109675168991089
vt 0.5565207004547119 2.1105644702911377
vt 0.5538193583488464 2.1120083332061768
vt 0.551451563835144 2.1139514446258545
vt 0.5495083928108215 2.116319179534912
vt 0.5480645298957825 2.1190205812454224
vt 0.5471753478050232 2.121951699256897
vt -0.5471751689910889 1.653201699256897
vt -0.5480644702911377 1.6502705812454224
vt -0.5495083332061768 1.647569179534912
vt -0.546875 1.65625
vt -0.5471751689910889 1.659298300743103
vt -0.5480644702911377 1.6622294187545776
vt -0.5495083332061768 1.664930820465088
vt -0.5514514446258545 1.6672985553741455
vt -0.5538191795349121 1.6692416667938232
vt -0.5565205812454224 1.6706855297088623
vt -0.559451699256897 1.6715748310089111
vt -0.5625 1.671875
vt -0.565548300743103 1.6715748310089111
vt -0.5684794187545776 1.6706855297088623
vt -0.5711807012557983 1.6692416667938232
vt -0.5735485553741455 1.6672985553741455
vt -0.5754917860031128 1.664930820465088
vt -0.5769356489181519 1.6622294187545776
vt -0.5778247117996216 1.659298300743103
vt -0.578125 1.65625
vt -0.5778247117996216 1.653201699256897
vt -0.5769356489181519 1.6502705812454224
vt -0.5754917860031128 1.647569179534912
vt -0.5735485553741455 1.6452014446258545
vt -0.5711807012557983 1.6432583332061768
vt -0.5684794187545776 1.6418143510818481
vt -0.565548300743103 1.6409251689910889
vt -0.5625 1.640625
vt -0.559451699256897 1.6409251689910889
vt -0.5565205812454224 1.6418144702911377
vt -0.5538191795349121 1.6432583332061768
vt -0.5514514446258545 1.6452014446258545
vt 1.7500001192092896 1.65625
vt 1.7500001192092896 1.659298300743103
vt 1.500000238418579 1.659298300743103
vt 1.500000238418579 1.65625
vt 1.7500001192092896 1.659298300743103
vt 1.7500001192092896 1.6622294187545776
vt 1.500000238418579 1.6622294187545776
vt 1.500000238418579 1.659298300743103
vt 1.7500001192092896 1.6622294187545776
vt 1.7500001192092896 1.664930820465088
vt 1.500000238418579 1.664930820465088
vt 1.500000238418579 1.6622294187545776
vt 1.7500001192092896 1.664930820465088
vt 1.7500001192092896 1.6672985553741455
vt 1.500000238418579 1.6672985553741455
vt 1.500000238418579 1.664930820465088
vt 1.625 0.5735486745834351
vt 1.625 0.5711809396743774
vt 1.3750001192092896 0.5711809396743774
vt 1.3750001192092896 0.5735486745834351
vt 1.625 0.5711809396743774
vt 1.625 0.5684795379638672
vt 1.3750001192092896 0.5684795379638672
vt 1.3750001192092896 0.5711809396743774
vt 1.625 0.5684795379638672
vt 1.625 0.5655484199523926
vt 1.3750001192092896 0.5655484199523926
vt 1.3750001192092896 0.5684795379638672
vt 1.625 0.5655484199523926
vt 1.625 0.5625001192092896
vt 1.3750001192092896 0.5625001192092896
vt 1.3750001192092896 0.5655484199523926
vt 1.625 0.5625001192092896
vt 1.625 0.5594518184661865
vt 1.3750001192092896 0.5594518184661865
vt 1.3750001192092896 0.5625001192092896
vt 1.625 0.5594518184661865
vt 1.625 0.5565207004547119
vt 1.3750001192092896 0.5565207004547119
vt 1.3750001192092896 0.5594518184661865
vt 1.625 0.5565207004547119
vt 1.625 0.5538194179534912
vt 1.3750001192092896 0.5538194179534912
vt 1.3750001192092896 0.5565207004547119
vt 1.625 0.5538194179534912
vt 1.625 0.551451563835144
vt 1.3750001192092896 0.551451563835144
vt 1.3750001192092896 0.5538194179534912
vt 1.7500001192092896 1.6672985553741455
vt 1.7500001192092896 1.664930820465088
vt 1.500000238418579 1.664930820465088
vt 1.500000238418579 1.6672985553741455
vt 1.7500001192092896 1.664930820465088
vt 1.7500001192092896 1.6622294187545776
vt 1.500000238418579 1.6622294187545776
vt 1.500000238418579 1.664930820465088
vt 1.7500001192092896 1.6622294187545776
vt 1.7500001192092896 1.659298300743103
vt 1.500000238418579 1.659298300743103
vt 1.500000238418579 1.6622294187545776
vt 1.7500001192092896 1.659298300743103
vt 1.7500001192092896 1.65625
vt 1.500000238418579 1.65625
vt 1.500000238418579 1.659298300743103
vt 1.7500001192092896 1.65625
vt 1.7500001192092896 1.653201699256897
vt 1.500000238418579 1.653201699256897
vt 1.500000238418579 1.65625
vt 1.7500001192092896 1.653201699256897
vt 1.7500001192092896 1.6502705812454224
vt 1.500000238418579 1.6502705812454224
vt 1.500000238418579 1.653201699256897
vt 1.7500001192092896 1.6502705812454224
vt 1.7500001192092896 1.647569179534912
vt 1.500000238418579 1.647569179534912
vt 1.500000238418579 1.6502705812454224
vt 1.7500001192092896 1.647569179534912
vt 1.7500001192092896 1.6452014446258545
vt 1.500000238418579 1.6452014446258545
vt 1.500000238418579 1.647569179534912
vt 1.625 0.551451563835144
vt 1.625 0.5538194179534912
vt 1.3750001192092896 0.5538194179534912
vt 1.3750001192092896 0.551451563835144
vt 1.625 0.5538194179534912
vt 1.625 0.5565207004547119
vt 1.3750001192092896 0.5565207004547119
vt 1.3750001192092896 0.5538194179534912
vt 1.625 0.5565207004547119
vt 1.625 0.5594518184661865
vt 1.3750001192092896 0.5594518184661865
vt 1.3750001192092896 0.5565207004547119
vt 1.625 0.5594518184661865
vt 1.625 0.5625001192092896
vt 1.3750001192092896 0.5625001192092896
vt 1.3750001192092896 0.5594518184661865
vt 1.625 0.5625001192092896
vt 1.625 0.5655484199523926
vt 1.3750001192092896 0.5655484199523926
vt 1.3750001192092896 0.5625001192092896
vt 1.625 0.5655484199523926
vt 1.625 0.5684795379638672
vt 1.3750001192092896 0.5684795379638672
vt 1.3750001192092896 0.5655484199523926
vt 1.625 0.5684795379638672
vt 1.625 0.5711809396743774
vt 1.3750001192092896 0.5711809396743774
vt 1.3750001192092896 0.5684795379638672
vt 1.625 0.5711809396743774
vt 1.625 0.5735486745834351
vt 1.3750001192092896 0.5735486745834351
vt 1.3750001192092896 0.5711809396743774
vt 1.7500001192092896 1.6452014446258545
vt 1.7500001192092896 1.647569179534912
vt 1.500000238418579 1.647569179534912
vt 1.500000238418579 1.6452014446258545
vt 1.7500001192092896 1.647569179534912
vt 1.7500001192092896 1.6502705812454224
vt 1.500000238418579 1.6502705812454224
vt 1.500000238418579 1.647569179534912
vt 1.7500001192092896 1.6502705812454224
vt 1.7500001192092896 1.653201699256897
vt 1.500000238418579 1.653201699256897
vt 1.500000238418579 1.6502705812454224
vt 1.7500001192092896 1.653201699256897
vt 1.7500001192092896 1.65625
vt 1.500000238418579 1.65625
vt 1.500000238418579 1.653201699256897
vt -0.5769356489181519 1.6622294187545776
vt -0.5778247117996216 1.659298300743103
vt -0.578125 1.65625
vt -0.5754917860031128 1.664930820465088
vt -0.5735485553741455 1.6672985553741455
vt -0.5711807012557983 1.6692416667938232
vt -0.5684794187545776 1.6706855297088623
vt -0.565548300743103 1.6715748310089111
vt -0.5625 1.671875
vt -0.559451699256897 1.6715748310089111
vt -0.5565205812454224 1.6706855297088623
vt -0.5538191795349121 1.6692416667938232
vt -0.5514514446258545 1.6672985553741455
vt -0.5495083332061768 1.664930820465088
vt -0.5480644702911377 1.6622294187545776
vt -0.5471751689910889 1.659298300743103
vt -0.546875 1.65625
vt -0.5471751689910889 1.653201699256897
vt -0.5480644702911377 1.6502705812454224
vt -0.5495083332061768 1.647569179534912
vt -0.5514514446258545 1.6452014446258545
vt -0.5538191795349121 1.6432583332061768
vt -0.5565205812454224 1.6418144702911377
vt -0.559451699256897 1.6409251689910889
vt -0.5625 1.640625
vt -0.565548300743103 1.6409251689910889
vt -0.5684794187545776 1.6418143510818481
vt -0.5711807012557983 1.6432583332061768
vt -0.5735485553741455 1.6452014446258545
vt -0.5754917860031128 1.647569179534912
vt -0.5769356489181519 1.6502705812454224
vt -0.5778247117996216 1.653201699256897
vt -0.5471751689910889 1.606326699256897
vt -0.5480644702911377 1.6033955812454224
vt -0.5495083332061768 1.600694179534912
vt -0.546875 1.609375
vt -0.5471751689910889 1.612423300743103
vt -0.5480644702911377 1.6153544187545776
vt -0.5495083332061768 1.618055820465088
vt -0.5514514446258545 1.6204235553741455
vt -0.5538191795349121 1.6223666667938232
vt -0.5565205812454224 1.6238105297088623
vt -0.559451699256897 1.6246998310089111
vt -0.5625 1.625
vt -0.565548300743103 1.6246998310089111
vt -0.5684794187545776 1.6238105297088623
vt -0.5711807012557983 1.6223666667938232
vt -0.5735485553741455 1.6204235553741455
vt -0.5754917860031128 1.618055820465088
vt -0.5769356489181519 1.6153544187545776
vt -0.5778247117996216 1.612423300743103
vt -0.578125 1.609375
vt -0.5778247117996216 1.606326699256897
vt -0.5769356489181519 1.6033955812454224
vt -0.5754917860031128 1.600694179534912
vt -0.5735485553741455 1.5983264446258545
vt -0.5711807012557983 1.5963833332061768
vt -0.5684794187545776 1.5949393510818481
vt -0.565548300743103 1.5940501689910889
vt -0.5625 1.59375
vt -0.559451699256897 1.5940501689910889
vt -0.5565205812454224 1.5949394702911377
vt -0.5538191795349121 1.5963833332061768
vt -0.5514514446258545 1.5983264446258545
vt 1.7500001192092896 1.609375
vt 1.7500001192092896 1.612423300743103
vt 1.500000238418579 1.612423300743103
vt 1.500000238418579 1.609375
vt 1.7500001192092896 1.612423300743103
vt 1.7500001192092896 1.6153544187545776
vt 1.500000238418579 1.6153544187545776
vt 1.500000238418579 1.612423300743103
vt 1.7500001192092896 1.6153544187545776
vt 1.7500001192092896 1.618055820465088
vt 1.500000238418579 1.618055820465088
vt 1.500000238418579 1.6153544187545776
vt 1.7500001192092896 1.618055820465088
vt 1.7500001192092896 1.6204235553741455
vt 1.500000238418579 1.6204235553741455
vt 1.500000238418579 1.618055820465088
vt 1.625 0.5735486745834351
vt 1.625 0.5711809396743774
vt 1.3750001192092896 0.5711809396743774
vt 1.3750001192092896 0.5735486745834351
vt 1.625 0.5711809396743774
vt 1.625 0.5684795379638672
vt 1.3750001192092896 0.5684795379638672
vt 1.3750001192092896 0.5711809396743774
vt 1.625 0.5684795379638672
vt 1.625 0.5655484199523926
vt 1.3750001192092896 0.5655484199523926
vt 1.3750001192092896 0.5684795379638672
vt 1.625 0.5655484199523926
vt 1.625 0.5625001192092896
vt 1.3750001192092896 0.5625001192092896
vt 1.3750001192092896 0.5655484199523926
vt 1.625 0.5625001192092896
vt 1.625 0.5594518184661865
vt 1.3750001192092896 0.5594518184661865
vt 1.3750001192092896 0.5625001192092896
vt 1.625 0.5594518184661865
vt 1.625 0.5565207004547119
vt 1.3750001192092896 0.5565207004547119
vt 1.3750001192092896 0.5594518184661865
vt 1.625 0.5565207004547119
vt 1.625 0.5538194179534912
vt 1.3750001192092896 0.5538194179534912
vt 1.3750001192092896 0.5565207004547119
vt 1.625 0.5538194179534912
vt 1.625 0.551451563835144
vt 1.3750001192092896 0.551451563835144
vt 1.3750001192092896 0.5538194179534912
vt 1.7500001192092896 1.6204235553741455
vt 1.7500001192092896 1.618055820465088
vt 1.500000238418579 1.618055820465088
vt 1.500000238418579 1.6204235553741455
vt 1.7500001192092896 1.618055820465088
vt 1.7500001192092896 1.6153544187545776
vt 1.500000238418579 1.6153544187545776
vt 1.500000238418579 1.618055820465088
vt 1.7500001192092896 1.6153544187545776
vt 1.7500001192092896 1.612423300743103
vt 1.500000238418579 1.612423300743103
vt 1.500000238418579 1.6153544187545776
vt 1.7500001192092896 1.612423300743103
vt 1.7500001192092896 1.609375
vt 1.500000238418579 1.609375
vt 1.500000238418579 1.612423300743103
vt 1.7500001192092896 1.609375
vt 1.7500001192092896 1.606326699256897
vt 1.500000238418579 1.606326699256897
vt 1.500000238418579 1.609375
vt 1.7500001192092896 1.606326699256897
vt 1.7500001192092896 1.6033955812454224
vt 1.500000238418579 1.6033955812454224
vt 1.500000238418579 1.606326699256897
vt 1.7500001192092896 1.6033955812454224
vt 1.7500001192092896 1.600694179534912
vt 1.500000238418579 1.600694179534912
vt 1.500000238418579 1.6033955812454224
vt 1.7500001192092896 1.600694179534912
vt 1.7500001192092896 1.5983264446258545
vt 1.500000238418579 1.5983264446258545
vt 1.500000238418579 1.600694179534912
vt 1.625 0.551451563835144
vt 1.625 0.5538194179534912
vt 1.3750001192092896 0.5538194179534912
vt 1.3750001192092896 0.551451563835144
vt 1.625 0.5538194179534912
vt 1.625 0.5565207004547119
vt 1.3750001192092896 0.5565207004547119
vt 1.3750001192092896 0.5538194179534912
vt 1.625 0.5565207004547119
vt 1.625 0.5594518184661865
vt 1.3750001192092896 0.5594518184661865
vt 1.3750001192092896 0.5565207004547119
vt 1.625 0.5594518184661865
vt 1.625 0.5625001192092896
vt 1.3750001192092896 0.5625001192092896
vt 1.3750001192092896 0.5594518184661865
vt 1.625 0.5625001192092896
vt 1.625 0.5655484199523926
vt 1.3750001192092896 0.5655484199523926
vt 1.3750001192092896 0.5625001192092896
vt 1.625 0.5655484199523926
vt 1.625 0.5684795379638672
vt 1.3750001192092896 0.5684795379638672
vt 1.3750001192092896 0.5655484199523926
vt 1.625 0.5684795379638672
vt 1.625 0.5711809396743774
vt 1.3750001192092896 0.5711809396743774
vt 1.3750001192092896 0.5684795379638672
vt 1.625 0.5711809396743774
vt 1.625 0.5735486745834351
vt 1.3750001192092896 0.5735486745834351
vt 1.3750001192092896 0.5711809396743774
vt 1.7500001192092896 1.5983264446258545
vt 1.7500001192092896 1.600694179534912
vt 1.500000238418579 1.600694179534912
vt 1.500000238418579 1.5983264446258545
vt 1.7500001192092896 1.600694179534912
vt 1.7500001192092896 1.6033955812454224
vt 1.500000238418579 1.6033955812454224
vt 1.500000238418579 1.600694179534912
vt 1.7500001192092896 1.6033955812454224
vt 1.7500001192092896 1.606326699256897
vt 1.500000238418579 1.606326699256897
vt 1.500000238418579 1.6033955812454224
vt 1.7500001192092896 1.606326699256897
vt 1.7500001192092896 1.609375
vt 1.500000238418579 1.609375
vt 1.500000238418579 1.606326699256897
vt -0.5769356489181519 1.6153544187545776
vt -0.5778247117996216 1.612423300743103
vt -0.578125 1.609375
vt -0.5754917860031128 1.618055820465088
vt -0.5735485553741455 1.6204235553741455
vt -0.5711807012557983 1.6223666667938232
vt -0.5684794187545776 1.6238105297088623
vt -0.565548300743103 1.6246998310089111
vt -0.5625 1.625
vt -0.559451699256897 1.6246998310089111
vt -0.5565205812454224 1.6238105297088623
vt -0.5538191795349121 1.6223666667938232
vt -0.5514514446258545 1.6204235553741455
vt -0.5495083332061768 1.618055820465088
vt -0.5480644702911377 1.6153544187545776
vt -0.5471751689910889 1.612423300743103
vt -0.546875 1.609375
vt -0.5471751689910889 1.606326699256897
vt -0.5480644702911377 1.6033955812454224
vt -0.5495083332061768 1.600694179534912
vt -0.5514514446258545 1.5983264446258545
vt -0.5538191795349121 1.5963833332061768
vt -0.5565205812454224 1.5949394702911377
vt -0.559451699256897 1.5940501689910889
vt -0.5625 1.59375
vt -0.565548300743103 1.5940501689910889
vt -0.5684794187545776 1.5949393510818481
vt -0.5711807012557983 1.5963833332061768
vt -0.5735485553741455 1.5983264446258545
vt -0.5754917860031128 1.600694179534912
vt -0.5769356489181519 1.6033955812454224
vt -0.5778247117996216 1.606326699256897
vt -0.5471751689910889 1.559451699256897
vt -0.5480644702911377 1.5565205812454224
vt -0.5495083332061768 1.553819179534912
vt -0.546875 1.5625
vt -0.5471751689910889 1.565548300743103
vt -0.5480644702911377 1.5684794187545776
vt -0.5495083332061768 1.571180820465088
vt -0.5514514446258545 1.5735485553741455
vt -0.5538191795349121 1.5754916667938232
vt -0.5565205812454224 1.5769355297088623
vt -0.559451699256897 1.5778248310089111
vt -0.5625 1.578125
vt -0.565548300743103 1.5778248310089111
vt -0.5684794187545776 1.5769355297088623
vt -0.5711807012557983 1.5754916667938232
vt -0.5735485553741455 1.5735485553741455
vt -0.5754917860031128 1.571180820465088
vt -0.5769356489181519 1.5684794187545776
vt -0.5778247117996216 1.565548300743103
vt -0.578125 1.5625
vt -0.5778247117996216 1.559451699256897
vt -0.5769356489181519 1.5565205812454224
vt -0.5754917860031128 1.553819179534912
vt -0.5735485553741455 1.5514514446258545
vt -0.5711807012557983 1.5495083332061768
vt -0.5684794187545776 1.5480643510818481
vt -0.565548300743103 1.5471751689910889
vt -0.5625 1.546875
vt -0.559451699256897 1.5471751689910889
vt -0.5565205812454224 1.5480644702911377
vt -0.5538191795349121 1.5495083332061768
vt -0.5514514446258545 1.5514514446258545
vt 1.7500001192092896 1.5625
vt 1.7500001192092896 1.565548300743103
vt 1.500000238418579 1.565548300743103
vt 1.500000238418579 1.5625
vt 1.7500001192092896 1.565548300743103
vt 1.7500001192092896 1.5684794187545776
vt 1.500000238418579 1.5684794187545776
vt 1.500000238418579 1.565548300743103
vt 1.7500001192092896 1.5684794187545776
vt 1.7500001192092896 1.571180820465088
vt 1.500000238418579 1.571180820465088
vt 1.500000238418579 1.5684794187545776
vt 1.7500001192092896 1.571180820465088
vt 1.7500001192092896 1.5735485553741455
vt 1.500000238418579 1.5735485553741455
vt 1.500000238418579 1.571180820465088
vt 1.625 0.5735486745834351
vt 1.625 0.5711809396743774
vt 1.3750001192092896 0.5711809396743774
vt 1.3750001192092896 0.5735486745834351
vt 1.625 0.5711809396743774
vt 1.625 0.5684795379638672
vt 1.3750001192092896 0.5684795379638672
vt 1.3750001192092896 0.5711809396743774
vt 1.625 0.5684795379638672
vt 1.625 0.5655484199523926
vt 1.3750001192092896 0.5655484199523926
vt 1.3750001192092896 0.5684795379638672
vt 1.625 0.5655484199523926
vt 1.625 0.5625001192092896
vt 1.3750001192092896 0.5625001192092896
vt 1.3750001192092896 0.5655484199523926
vt 1.625 0.5625001192092896
vt 1.625 0.5594518184661865
vt 1.3750001192092896 0.5594518184661865
vt 1.3750001192092896 0.5625001192092896
vt 1.625 0.5594518184661865
vt 1.625 0.5565207004547119
vt 1.3750001192092896 0.5565207004547119
vt 1.3750001192092896 0.5594518184661865
vt 1.625 0.5565207004547119
vt 1.625 0.5538194179534912
vt 1.3750001192092896 0.5538194179534912
vt 1.3750001192092896 0.5565207004547119
vt 1.625 0.5538194179534912
vt 1.625 0.551451563835144
vt 1.3750001192092896 0.551451563835144
vt 1.3750001192092896 0.5538194179534912
vt 1.7500001192092896 1.5735485553741455
vt 1.7500001192092896 1.571180820465088
vt 1.500000238418579 1.571180820465088
vt 1.500000238418579 1.5735485553741455
vt 1.7500001192092896 1.571180820465088
vt 1.7500001192092896 1.5684794187545776
vt 1.500000238418579 1.5684794187545776
vt 1.500000238418579 1.571180820465088
vt 1.7500001192092896 1.5684794187545776
vt 1.7500001192092896 1.565548300743103
vt 1.500000238418579 1.565548300743103
vt 1.500000238418579 1.5684794187545776
vt 1.7500001192092896 1.565548300743103
vt 1.7500001192092896 1.5625
vt 1.500000238418579 1.5625
vt 1.500000238418579 1.565548300743103
vt 1.7500001192092896 1.5625
vt 1.7500001192092896 1.559451699256897
vt 1.500000238418579 1.559451699256897
vt 1.500000238418579 1.5625
vt 1.7500001192092896 1.559451699256897
vt 1.7500001192092896 1.5565205812454224
vt 1.500000238418579 1.5565205812454224
vt 1.500000238418579 1.559451699256897
vt 1.7500001192092896 1.5565205812454224
vt 1.7500001192092896 1.553819179534912
vt 1.500000238418579 1.553819179534912
vt 1.500000238418579 1.5565205812454224
vt 1.7500001192092896 1.553819179534912
vt 1.7500001192092896 1.5514514446258545
vt 1.500000238418579 1.5514514446258545
vt 1.500000238418579 1.553819179534912
vt 1.625 0.551451563835144
vt 1.625 0.5538194179534912
vt 1.3750001192092896 0.5538194179534912
vt 1.3750001192092896 0.551451563835144
vt 1.625 0.5538194179534912
vt 1.625 0.5565207004547119
vt 1.3750001192092896 0.5565207004547119
vt 1.3750001192092896 0.5538194179534912
vt 1.625 0.5565207004547119
vt 1.625 0.5594518184661865
vt 1.3750001192092896 0.5594518184661865
vt 1.3750001192092896 0.5565207004547119
vt 1.625 0.5594518184661865
vt 1.625 0.5625001192092896
vt 1.3750001192092896 0.5625001192092896
vt 1.3750001192092896 0.5594518184661865
vt 1.625 0.5625001192092896
vt 1.625 0.5655484199523926
vt 1.3750001192092896 0.5655484199523926
vt 1.3750001192092896 0.5625001192092896
vt 1.625 0.5655484199523926
vt 1.625 0.5684795379638672
vt 1.3750001192092896 0.5684795379638672
vt 1.3750001192092896 0.5655484199523926
vt 1.625 0.5684795379638672
vt 1.625 0.5711809396743774
vt 1.3750001192092896 0.5711809396743774
vt 1.3750001192092896 0.5684795379638672
vt 1.625 0.5711809396743774
vt 1.625 0.5735486745834351
vt 1.3750001192092896 0.5735486745834351
vt 1.3750001192092896 0.5711809396743774
vt 1.7500001192092896 1.5514514446258545
vt 1.7500001192092896 1.553819179534912
vt 1.500000238418579 1.553819179534912
vt 1.500000238418579 1.5514514446258545
vt 1.7500001192092896 1.553819179534912
vt 1.7500001192092896 1.5565205812454224
vt 1.500000238418579 1.5565205812454224
vt 1.500000238418579 1.553819179534912
vt 1.7500001192092896 1.5565205812454224
vt 1.7500001192092896 1.559451699256897
vt 1.500000238418579 1.559451699256897
vt 1.500000238418579 1.5565205812454224
vt 1.7500001192092896 1.559451699256897
vt 1.7500001192092896 1.5625
vt 1.500000238418579 1.5625
vt 1.500000238418579 1.559451699256897
vt -0.5769356489181519 1.5684794187545776
vt -0.5778247117996216 1.565548300743103
vt -0.578125 1.5625
vt -0.5754917860031128 1.571180820465088
vt -0.5735485553741455 1.5735485553741455
vt -0.5711807012557983 1.5754916667938232
vt -0.5684794187545776 1.5769355297088623
vt -0.565548300743103 1.5778248310089111
vt -0.5625 1.578125
vt -0.559451699256897 1.5778248310089111
vt -0.5565205812454224 1.5769355297088623
vt -0.5538191795349121 1.5754916667938232
vt -0.5514514446258545 1.5735485553741455
vt -0.5495083332061768 1.571180820465088
vt -0.5480644702911377 1.5684794187545776
vt -0.5471751689910889 1.565548300743103
vt -0.546875 1.5625
vt -0.5471751689910889 1.559451699256897
vt -0.5480644702911377 1.5565205812454224
vt -0.5495083332061768 1.553819179534912
vt -0.5514514446258545 1.5514514446258545
vt -0.5538191795349121 1.5495083332061768
vt -0.5565205812454224 1.5480644702911377
vt -0.559451699256897 1.5471751689910889
vt -0.5625 1.546875
vt -0.565548300743103 1.5471751689910889
vt -0.5684794187545776 1.5480643510818481
vt -0.5711807012557983 1.5495083332061768
vt -0.5735485553741455 1.5514514446258545
vt -0.5754917860031128 1.553819179534912
vt -0.5769356489181519 1.5565205812454224
vt -0.5778247117996216 1.559451699256897
vt -0.6161995530128479 1.9160431623458862
vt -0.6161995530128479 0.9477332718670368
vt -0.8362675905227661 0.9477332718670368
vt -0.8362675905227661 1.9160431623458862
vt -0.6161995530128479 0.24350792169570923
vt -0.616196870803833 0.9477332755923271
vt -0.8362675905227661 0.9477332755923271
vt -0.8362675905227661 0.24350792169570923
vt -0.8362675905227661 0.24350792169570923
vt -0.8362675905227661 0.9477332755923271
vt -0.616196870803833 0.9477332755923271
vt -0.6161995530128479 0.24350792169570923
vt -0.7042253613471985 0.9477332718670368
vt -0.7042253613471985 1.9160431623458862
vt 0.0 1.9160431623458862
vt 0.0 0.9477332718670368
vt -0.616196870803833 0.9477332718670368
vt -0.616196870803833 1.9160431623458862
vt -0.8362675905227661 1.9160431623458862
vt -0.8362675905227661 0.9477332718670368
vt -0.6602127552032471 1.299845963716507
vt -0.6602127552032471 0.9477332718670368
vt -0.8362675905227661 0.9477332718670368
vt -0.8362675905227661 1.299845963716507
vt -0.6602127552032471 0.947733610868454
vt -0.6602112650871277 1.299845963716507
vt -0.8362675905227661 1.299845963716507
vt -0.8362675905227661 0.947733610868454
vt -0.8362675905227661 0.947733610868454
vt -0.8362675905227661 1.299845963716507
vt -0.6602112650871277 1.299845963716507
vt -0.6602127552032471 0.947733610868454
vt 3.2782554626464844e-07 0.9477332718670368
vt 3.2782554626464844e-07 1.299845963716507
vt 0.35211268067359924 1.299845963716507
vt 0.35211268067359924 0.9477332718670368
vt -0.6602112650871277 0.9477332718670368
vt -0.6602112650871277 1.299845963716507
vt -0.8362675905227661 1.299845963716507
vt -0.8362675905227661 0.9477332718670368
vt -0.8167071342468262 1.5391725301742554
vt -0.8167071342468262 0.1307218074798584
vt -0.8362675905227661 0.1307218074798584
vt -0.8362675905227661 1.5391725301742554
vt -0.8167071342468262 -0.5735033750534058
vt -0.8167057037353516 -0.22139108180999756
vt -0.8362675905227661 -0.22139108180999756
vt -0.8362675905227661 -0.5735033750534058
vt -0.8362675905227661 -0.5735033750534058
vt -0.8362675905227661 -0.22139108180999756
vt -0.8167057037353516 -0.22139108180999756
vt -0.8167071342468262 -0.5735033750534058
vt 3.2782554626464844e-07 0.1307218074798584
vt 3.2782554626464844e-07 1.5391725301742554
vt 0.35211268067359924 1.5391725301742554
vt 0.35211268067359924 0.1307218074798584
vt -0.8167057037353516 0.1307218074798584
vt -0.8167057037353516 1.5391725301742554
vt -0.8362675905227661 1.5391725301742554
vt -0.8362675905227661 0.1307218074798584
vt -0.8167059421539307 1.4759023189544678
vt -0.6602127552032471 1.299845963716507
vt -0.8362675905227661 1.299845963716507
vt -0.8362675905227661 1.4759023189544678
vt -0.6602127552032471 0.947733610868454
vt -0.6602112650871277 1.299845963716507
vt -0.8362675905227661 1.299845963716507
vt -0.8362675905227661 0.947733610868454
vt -0.8362675905227661 0.947733610868454
vt -0.8362675905227661 1.299845963716507
vt -0.8167059421539307 1.299845963716507
vt -0.8167059421539307 0.947733610868454
vt 3.2782554626464844e-07 1.299845963716507
vt 3.2782554626464844e-07 1.4759023189544678
vt 0.35211268067359924 1.4759023189544678
vt 0.35211268067359924 1.299845963716507
vt -0.6602112650871277 1.299845963716507
vt -0.8167059421539307 1.4759023189544678
vt -0.8362675905227661 1.4759023189544678
vt -0.8362675905227661 1.299845963716507
vt -0.6161995530128479 1.9160431623458862
vt -0.6161995530128479 0.9477332718670368
vt -0.8362675905227661 0.9477332718670368
vt -0.8362675905227661 1.9160431623458862
vt -0.6161995530128479 -0.8128300905227661
vt -0.616196870803833 -0.10860466957092285
vt -0.8362675905227661 -0.10860466957092285
vt -0.8362675905227661 -0.8128300905227661
vt -0.8362675905227661 -0.8128300905227661
vt -0.8362675905227661 -0.10860466957092285
vt -0.616196870803833 -0.10860466957092285
vt -0.6161995530128479 -0.8128300905227661
vt -1.7605633735656738 0.9477332718670368
vt -1.7605633735656738 1.9160431623458862
vt -1.0563379526138306 1.9160431623458862
vt -1.0563379526138306 0.9477332718670368
vt -0.616196870803833 0.9477332718670368
vt -0.616196870803833 1.9160431623458862
vt -0.8362675905227661 1.9160431623458862
vt -0.8362675905227661 0.9477332718670368
vt -0.6602127552032471 1.299845963716507
vt -0.6602127552032471 0.9477332718670368
vt -0.8362675905227661 0.9477332718670368
vt -0.8362675905227661 1.299845963716507
vt -0.6602127552032471 -0.10860443115234375
vt -0.6602112650871277 0.24350792169570923
vt -0.8362675905227661 0.24350792169570923
vt -0.8362675905227661 -0.10860443115234375
vt -0.8362675905227661 -0.10860443115234375
vt -0.8362675905227661 0.24350792169570923
vt -0.6602112650871277 0.24350792169570923
vt -0.6602127552032471 -0.10860443115234375
vt -1.0563377141952515 0.9477332718670368
vt -1.0563377141952515 1.299845963716507
vt -0.7042253613471985 1.299845963716507
vt -0.7042253613471985 0.9477332718670368
vt -0.6602112650871277 0.9477332718670368
vt -0.6602112650871277 1.299845963716507
vt -0.8362675905227661 1.299845963716507
vt -0.8362675905227661 0.9477332718670368
vt -0.8167071342468262 3.4675397872924805
vt -0.8167071342468262 2.059088945388794
vt -0.8362675905227661 2.059088945388794
vt -0.8362675905227661 3.4675397872924805
vt -0.8167071342468262 0.47458213567733765
vt -0.8167057037353516 0.8266945481300354
vt -0.8362675905227661 0.8266945481300354
vt -0.8362675905227661 0.47458213567733765
vt -0.8362675905227661 0.47458213567733765
vt -0.8362675905227661 0.8266945481300354
vt -0.8167057037353516 0.8266945481300354
vt -0.8167071342468262 0.47458213567733765
vt -1.0563377141952515 2.059088945388794
vt -1.0563377141952515 3.4675397872924805
vt -0.7042253613471985 3.4675397872924805
vt -0.7042253613471985 2.059088945388794
vt -0.8167057037353516 2.059088945388794
vt -0.8167057037353516 3.4675397872924805
vt -0.8362675905227661 3.4675397872924805
vt -0.8362675905227661 2.059088945388794
vt -0.8167059421539307 1.4759023189544678
vt -0.6602127552032471 1.299845963716507
vt -0.8362675905227661 1.299845963716507
vt -0.8362675905227661 1.4759023189544678
vt -0.6602127552032471 -0.10860443115234375
vt -0.6602112650871277 0.24350792169570923
vt -0.8362675905227661 0.24350792169570923
vt -0.8362675905227661 -0.10860443115234375
vt -0.8362675905227661 -0.10860443115234375
vt -0.8362675905227661 0.24350792169570923
vt -0.8167059421539307 0.24350792169570923
vt -0.8167059421539307 -0.10860443115234375
vt -1.0563377141952515 1.299845963716507
vt -1.0563377141952515 1.4759023189544678
vt -0.7042253613471985 1.4759023189544678
vt -0.7042253613471985 1.299845963716507
vt -0.6602112650871277 1.299845963716507
vt -0.8167059421539307 1.4759023189544678
vt -0.8362675905227661 1.4759023189544678
vt -0.8362675905227661 1.299845963716507
vt -0.6161995530128479 1.9160431623458862
vt -0.6161995530128479 0.9477332718670368
vt -0.8362675905227661 0.9477332718670368
vt -0.8362675905227661 1.9160431623458862
vt -0.6161995530128479 -1.6931118965148926
vt -0.616196870803833 -1.164942979812622
vt -0.8362675905227661 -1.164942979812622
vt -0.8362675905227661 -1.6931118965148926
vt -0.8362675905227661 -1.6931118965148926
vt -0.8362675905227661 -1.164942979812622
vt -0.616196870803833 -1.164942979812622
vt -0.6161995530128479 -1.6931118965148926
vt -2.6408450603485107 0.9477332718670368
vt -2.6408450603485107 1.9160431623458862
vt -2.1126761436462402 1.9160431623458862
vt -2.1126761436462402 0.9477332718670368
vt -0.616196870803833 0.9477332718670368
vt -0.616196870803833 1.9160431623458862
vt -0.8362675905227661 1.9160431623458862
vt -0.8362675905227661 0.9477332718670368
vt -0.6602127552032471 1.299845963716507
vt -0.6602127552032471 0.9477332718670368
vt -0.8362675905227661 0.9477332718670368
vt -0.8362675905227661 1.299845963716507
vt -0.6602127552032471 -1.1649425029754639
vt -0.6602112650871277 -0.8128300905227661
vt -0.8362675905227661 -0.8128300905227661
vt -0.8362675905227661 -1.1649425029754639
vt -0.8362675905227661 -1.1649425029754639
vt -0.8362675905227661 -0.8128300905227661
vt -0.6602112650871277 -0.8128300905227661
vt -0.6602127552032471 -1.1649425029754639
vt -2.112675666809082 0.9477332718670368
vt -2.112675666809082 1.299845963716507
vt -1.7605633735656738 1.299845963716507
vt -1.7605633735656738 0.9477332718670368
vt -0.6602112650871277 0.9477332718670368
vt -0.6602112650871277 1.299845963716507
vt -0.8362675905227661 1.299845963716507
vt -0.8362675905227661 0.9477332718670368
vt -0.6378998756408691 3.5335607528686523
vt -0.6378998756408691 2.125110149383545
vt -0.6574603319168091 2.125110149383545
vt -0.6574603319168091 3.5335607528686523
vt -0.6378998756408691 -0.6917910575866699
vt -0.6378984451293945 -0.3396787643432617
vt -0.6574603319168091 -0.3396787643432617
vt -0.6574603319168091 -0.6917910575866699
vt -0.6574603319168091 -0.6917910575866699
vt -0.6574603319168091 -0.3396787643432617
vt -0.6378984451293945 -0.3396787643432617
vt -0.6378998756408691 -0.6917910575866699
vt -2.109924793243408 2.125110149383545
vt -2.109924793243408 3.5335607528686523
vt -1.7578125 3.5335607528686523
vt -1.7578125 2.125110149383545
vt -0.6378984451293945 2.125110149383545
vt -0.6378984451293945 3.5335607528686523
vt -0.6574603319168091 3.5335607528686523
vt -0.6574603319168091 2.125110149383545
vt -0.8167059421539307 1.4759023189544678
vt -0.6602127552032471 1.299845963716507
vt -0.8362675905227661 1.299845963716507
vt -0.8362675905227661 1.4759023189544678
vt -0.6602127552032471 -1.1649425029754639
vt -0.6602112650871277 -0.8128300905227661
vt -0.8362675905227661 -0.8128300905227661
vt -0.8362675905227661 -1.1649425029754639
vt -0.8362675905227661 -1.1649425029754639
vt -0.8362675905227661 -0.8128300905227661
vt -0.8167059421539307 -0.8128300905227661
vt -0.8167059421539307 -1.1649425029754639
vt -2.112675666809082 1.299845963716507
vt -2.112675666809082 1.4759023189544678
vt -1.7605633735656738 1.4759023189544678
vt -1.7605633735656738 1.299845963716507
vt -0.6602112650871277 1.299845963716507
vt -0.8167059421539307 1.4759023189544678
vt -0.8362675905227661 1.4759023189544678
vt -0.8362675905227661 1.299845963716507
vt -0.6161995530128479 3.002640962600708
vt -0.6161995530128479 2.03433096408844
vt -0.8362675905227661 2.03433096408844
vt -0.8362675905227661 3.002640962600708
vt -0.6161995530128479 0.3617957830429077
vt -0.616196870803833 1.066021129488945
vt -0.8362675905227661 1.066021129488945
vt -0.8362675905227661 0.3617957830429077
vt -0.8362675905227661 0.3617957830429077
vt -0.8362675905227661 1.066021129488945
vt -0.616196870803833 1.066021129488945
vt -0.6161995530128479 0.3617957830429077
vt -0.7042253613471985 2.03433096408844
vt -0.7042253613471985 3.002640962600708
vt 0.0 3.002640962600708
vt 0.0 2.03433096408844
vt -0.616196870803833 2.03433096408844
vt -0.616196870803833 3.002640962600708
vt -0.8362675905227661 3.002640962600708
vt -0.8362675905227661 2.03433096408844
vt -0.6161995530128479 3.002640962600708
vt -0.6161995530128479 2.03433096408844
vt -0.8362675905227661 2.03433096408844
vt -0.8362675905227661 3.002640962600708
vt -0.6161995530128479 -0.6945422887802124
vt -0.616196870803833 0.00968313217163086
vt -0.8362675905227661 0.00968313217163086
vt -0.8362675905227661 -0.6945422887802124
vt -0.8362675905227661 -0.6945422887802124
vt -0.8362675905227661 0.00968313217163086
vt -0.616196870803833 0.00968313217163086
vt -0.6161995530128479 -0.6945422887802124
vt -1.7605633735656738 2.03433096408844
vt -1.7605633735656738 3.002640962600708
vt -1.0563379526138306 3.002640962600708
vt -1.0563379526138306 2.03433096408844
vt -0.616196870803833 2.03433096408844
vt -0.616196870803833 3.002640962600708
vt -0.8362675905227661 3.002640962600708
vt -0.8362675905227661 2.03433096408844
vt -0.6161995530128479 3.002640962600708
vt -0.6161995530128479 2.03433096408844
vt -0.8362675905227661 2.03433096408844
vt -0.8362675905227661 3.002640962600708
vt -0.6161995530128479 -1.5748238563537598
vt -0.616196870803833 -1.0466551780700684
vt -0.8362675905227661 -1.0466551780700684
vt -0.8362675905227661 -1.5748238563537598
vt -0.8362675905227661 -1.5748238563537598
vt -0.8362675905227661 -1.0466551780700684
vt -0.616196870803833 -1.0466551780700684
vt -0.6161995530128479 -1.5748238563537598
vt -2.6408450603485107 2.03433096408844
vt -2.6408450603485107 3.002640962600708
vt -2.1126761436462402 3.002640962600708
vt -2.1126761436462402 2.03433096408844
vt -0.616196870803833 2.03433096408844
vt -0.616196870803833 3.002640962600708
vt -0.8362675905227661 3.002640962600708
vt -0.8362675905227661 2.03433096408844
vt -2.7343759536743164 3.002640962600708
vt -2.7343759536743164 2.03433096408844
vt -2.8224031925201416 2.03433096408844
vt -2.8224031925201416 3.002640962600708
vt 0.6161973476409912 1.4126312732696533
vt -0.6272005438804626 1.4126322269439697
vt -0.6272005438804626 1.3246040344238281
vt 0.6161973476409912 1.3246040344238281
vt 0.6161973476409912 1.3246040344238281
vt -0.6272005438804626 1.3246040344238281
vt -0.6272005438804626 1.4126322269439697
vt 0.6161973476409912 1.4126312732696533
vt 0.6161973476409912 2.03433096408844
vt 0.6161973476409912 3.002640962600708
vt -0.6272005438804626 3.002640962600708
vt -0.6272005438804626 2.03433096408844
vt -2.734375 2.03433096408844
vt -2.734375 3.002640962600708
vt -2.8224031925201416 3.002640962600708
vt -2.8224031925201416 2.03433096408844
vt -0.6272005438804626 2.03433096408844
vt -0.6272005438804626 3.002640962600708
vt 0.6161973476409912 3.002640962600708
vt 0.6161973476409912 2.03433096408844
vt 0.6602126955986023 1.299845963716507
vt 0.6602126955986023 0.9477332718670368
vt 0.8362675309181213 0.9477332718670368
vt 0.8362675309181213 1.299845963716507
vt 0.6602126955986023 -0.8128305673599243
vt 0.6602111458778381 -1.164942979812622
vt 0.8362675309181213 -1.164942979812622
vt 0.8362675309181213 -0.8128305673599243
vt 0.8362675309181213 -0.8128305673599243
vt 0.8362675309181213 -1.164942979812622
vt 0.6602111458778381 -1.164942979812622
vt 0.6602126955986023 -0.8128305673599243
vt -1.760563850402832 0.9477332718670368
vt -1.760563850402832 1.299845963716507
vt -2.1126761436462402 1.299845963716507
vt -2.1126761436462402 0.9477332718670368
vt 0.6602111458778381 0.9477332718670368
vt 0.6602111458778381 1.299845963716507
vt 0.8362675309181213 1.299845963716507
vt 0.8362675309181213 0.9477332718670368
vt 0.8167069554328918 1.5419234037399292
vt 0.8167069554328918 0.13347268104553223
vt 0.8362674117088318 0.13347268104553223
vt 0.8362674117088318 1.5419234037399292
vt 0.8167069554328918 -2.3313164710998535
vt 0.8167055249214172 -2.6834287643432617
vt 0.8362674117088318 -2.6834287643432617
vt 0.8362674117088318 -2.3313164710998535
vt 0.8362674117088318 -2.3313164710998535
vt 0.8362674117088318 -2.6834287643432617
vt 0.8167055249214172 -2.6834287643432617
vt 0.8167069554328918 -2.3313164710998535
vt -1.760563850402832 0.13347268104553223
vt -1.760563850402832 1.5419234037399292
vt -2.1126761436462402 1.5419234037399292
vt -2.1126761436462402 0.13347268104553223
vt 0.8167055249214172 0.13347268104553223
vt 0.8167055249214172 1.5419234037399292
vt 0.8362674117088318 1.5419234037399292
vt 0.8362674117088318 0.13347268104553223
vt 0.8167058229446411 1.4759023189544678
vt 0.6602126955986023 1.299845963716507
vt 0.8362675309181213 1.299845963716507
vt 0.8362675309181213 1.4759023189544678
vt 0.6602126955986023 -0.8128305673599243
vt 0.6602111458778381 -1.164942979812622
vt 0.8362675309181213 -1.164942979812622
vt 0.8362675309181213 -0.8128305673599243
vt 0.8362675309181213 -0.8128305673599243
vt 0.8362675309181213 -1.164942979812622
vt 0.8167058229446411 -1.164942979812622
vt 0.8167058229446411 -0.8128305673599243
vt -1.760563850402832 1.299845963716507
vt -1.760563850402832 1.4759023189544678
vt -2.1126761436462402 1.4759023189544678
vt -2.1126761436462402 1.299845963716507
vt 0.6602111458778381 1.299845963716507
vt 0.8167058229446411 1.4759023189544678
vt 0.8362675309181213 1.4759023189544678
vt 0.8362675309181213 1.299845963716507
vt 0.6161993145942688 1.9160431623458862
vt 0.6161993145942688 0.9477332718670368
vt 0.8362674117088318 0.9477332718670368
vt 0.8362674117088318 1.9160431623458862
vt 0.6161993145942688 -1.164942979812622
vt 0.6161966323852539 -1.605083703994751
vt 0.8362674117088318 -1.605083703994751
vt 0.8362674117088318 -1.164942979812622
vt 0.8362674117088318 -1.164942979812622
vt 0.8362674117088318 -1.605083703994751
vt 0.6161966323852539 -1.605083703994751
vt 0.6161993145942688 -1.164942979812622
vt -2.1126761436462402 0.9477332718670368
vt -2.1126761436462402 1.9160431623458862
vt -2.552816867828369 1.9160431623458862
vt -2.552816867828369 0.9477332718670368
vt 0.6161966323852539 0.9477332718670368
vt 0.6161966323852539 1.9160431623458862
vt 0.8362674117088318 1.9160431623458862
vt 0.8362674117088318 0.9477332718670368
vt 0.6161993741989136 3.002640962600708
vt 0.6161993741989136 2.03433096408844
vt 0.8362674117088318 2.03433096408844
vt 0.8362674117088318 3.002640962600708
vt 0.6161993741989136 0.00968313217163086
vt 0.6161965727806091 -0.6945422887802124
vt 0.8362674117088318 -0.6945422887802124
vt 0.8362674117088318 0.00968313217163086
vt 0.8362674117088318 0.00968313217163086
vt 0.8362674117088318 -0.6945422887802124
vt 0.6161965727806091 -0.6945422887802124
vt 0.6161993741989136 0.00968313217163086
vt -1.0563379526138306 2.03433096408844
vt -1.0563379526138306 3.002640962600708
vt -1.7605633735656738 3.002640962600708
vt -1.7605633735656738 2.03433096408844
vt 0.6161965727806091 2.03433096408844
vt 0.6161965727806091 3.002640962600708
vt 0.8362674117088318 3.002640962600708
vt 0.8362674117088318 2.03433096408844
vt 0.6161993145942688 3.002640962600708
vt 0.6161993145942688 2.03433096408844
vt 0.8362674117088318 2.03433096408844
vt 0.8362674117088318 3.002640962600708
vt 0.6161993145942688 -1.0466551780700684
vt 0.6161966323852539 -1.4867959022521973
vt 0.8362674117088318 -1.4867959022521973
vt 0.8362674117088318 -1.0466551780700684
vt 0.8362674117088318 -1.0466551780700684
vt 0.8362674117088318 -1.4867959022521973
vt 0.6161966323852539 -1.4867959022521973
vt 0.6161993145942688 -1.0466551780700684
vt -2.1126761436462402 2.03433096408844
vt -2.1126761436462402 3.002640962600708
vt -2.552816867828369 3.002640962600708
vt -2.552816867828369 2.03433096408844
vt 0.6161966323852539 2.03433096408844
vt 0.6161966323852539 3.002640962600708
vt 0.8362674117088318 3.002640962600708
vt 0.8362674117088318 2.03433096408844
vt 0.6161966323852539 -0.9888864755630493
vt 0.8362674713134766 -0.9888864755630493
vt 0.8362674713134766 -0.9008582830429077
vt 0.6161969900131226 -0.9008582830429077
vt 0.8362674713134766 -0.9888864755630493
vt 0.6161966323852539 -0.9888864755630493
vt 0.6161969900131226 -0.9008582830429077
vt 0.8362674713134766 -0.9008582830429077
vt -1.8485915660858154 1.9160431623458862
vt -1.936619758605957 1.9160431623458862
vt -1.936619758605957 0.9477332718670368
vt -1.8485915660858154 0.9477332718670368
vt 0.6161966323852539 1.9160431623458862
vt 0.8362674713134766 1.9160431623458862
vt 0.8362674713134766 0.9477332718670368
vt 0.6161966323852539 0.9477332718670368
vt -1.936619758605957 0.9477332718670368
vt -1.936619758605957 1.9160431623458862
vt -1.8485915660858154 1.9160431623458862
vt -1.8485915660858154 0.9477332718670368
vt 0.8362674713134766 0.9477332718670368
vt 0.8362674713134766 1.9160431623458862
vt 0.6161969900131226 1.9160431623458862
vt 0.6161969900131226 0.9477332718670368
vt 0.8362674713134766 0.9477332718670368
vt 0.8362674713134766 1.9160431623458862
vt 0.6161994338035583 1.9160431623458862
vt 0.6161994338035583 0.9477332718670368
vt 0.8362674713134766 -0.37268924713134766
vt 0.8362674713134766 -0.28466105461120605
vt 0.6161994338035583 -0.28466105461120605
vt 0.6161990761756897 -0.37268924713134766
vt 0.6161990761756897 -0.37268924713134766
vt 0.6161994338035583 -0.28466105461120605
vt 0.8362674713134766 -0.28466105461120605
vt 0.8362674713134766 -0.37268924713134766
vt -1.2323943376541138 0.9477332718670368
vt -1.2323943376541138 1.9160431623458862
vt -1.3204225301742554 1.9160431623458862
vt -1.3204225301742554 0.9477332718670368
vt -1.2323943376541138 1.9160431623458862
vt -1.2323943376541138 0.9477332718670368
vt -1.3204225301742554 0.9477332718670368
vt -1.3204225301742554 1.9160431623458862
vt 0.6161990761756897 0.9477332718670368
vt 0.6161990761756897 1.9160431623458862
vt 0.8362674713134766 1.9160431623458862
vt 0.8362674713134766 0.9477332718670368
vt 0.6161969900131226 -0.9008582830429077
vt 0.6161990761756897 -0.37268924713134766
vt 0.8362674713134766 -0.37268924713134766
vt 0.8362674713134766 -0.9008582830429077
vt -1.3204225301742554 1.9160431623458862
vt -1.8485915660858154 1.9160431623458862
vt -1.8485915660858154 1.8280149698257446
vt -1.3204225301742554 1.8280149698257446
vt -1.3204225301742554 1.8280149698257446
vt -1.8485915660858154 1.8280149698257446
vt -1.8485915660858154 1.9160431623458862
vt -1.3204225301742554 1.9160431623458862
vt 0.6161969900131226 1.9160431623458862
vt 0.8362674713134766 1.9160431623458862
vt 0.8362674713134766 1.8280149698257446
vt 0.6161969900131226 1.8280149698257446
vt 0.8362674713134766 1.9160431623458862
vt 0.6161990761756897 1.9160431623458862
vt 0.6161990761756897 1.8280149698257446
vt 0.8362674713134766 1.8280149698257446
vt 0.8362674713134766 -0.9008582830429077
vt 0.8362674713134766 -0.37268924713134766
vt 0.6161990761756897 -0.37268924713134766
vt 0.6161969900131226 -0.9008582830429077
vt -0.6216987371444702 -1.8691682815551758
vt -0.6216987371444702 -1.7811400890350342
vt 0.7042255997657776 -1.7811400890350342
vt 0.7042255997657776 -1.8691682815551758
vt -2.816901445388794 1.8280149698257446
vt -2.7288732528686523 1.8280149698257446
vt -2.7288732528686523 1.9160431623458862
vt -2.816901445388794 1.9160431623458862
vt 0.7042255997657776 1.9160431623458862
vt -0.6216987371444702 1.9160431623458862
vt -0.6216987371444702 1.8280149698257446
vt 0.7042255997657776 1.8280149698257446
vt -0.6216987371444702 -1.7811400890350342
vt -0.6216987371444702 -1.8691682815551758
vt 0.7042255997657776 -1.8691682815551758
vt 0.7042255997657776 -1.7811400890350342
vt 0.7042255997657776 -1.8691680431365967
vt 0.7042255997657776 -1.781139850616455
vt 0.26408475637435913 -1.781139850616455
vt 0.26408475637435913 -1.8691680431365967
vt 0.26408475637435913 1.8280149698257446
vt 0.26408475637435913 0.9477332718670368
vt 0.7042255997657776 0.9477332718670368
vt 0.7042255997657776 1.8280149698257446
vt 0.7042255997657776 -1.781139850616455
vt 0.7042255997657776 -1.8691680431365967
vt 0.26408475637435913 -1.8691680431365967
vt 0.26408475637435913 -1.781139850616455
vt -2.7288732528686523 0.9477332718670368
vt -2.7288732528686523 1.8280149698257446
vt -2.816901445388794 1.8280149698257446
vt -2.816901445388794 0.9477332718670368
vt -0.7042251229286194 -1.7811400890350342
vt -0.7042251229286194 -1.8691682815551758
vt -0.2640842795372009 -1.8691682815551758
vt -0.2640842795372009 -1.7811400890350342
vt -0.7042251229286194 1.8280149698257446
vt -0.7042251229286194 0.9477332718670368
vt -0.2640842795372009 0.9477332718670368
vt -0.2640842795372009 1.8280149698257446
vt -0.7042251229286194 -1.8691682815551758
vt -0.7042251229286194 -1.7811400890350342
vt -0.2640842795372009 -1.7811400890350342
vt -0.2640842795372009 -1.8691682815551758
vt -2.816901445388794 0.9477332718670368
vt -2.816901445388794 1.8280149698257446
vt -2.7288732528686523 1.8280149698257446
vt -2.7288732528686523 0.9477332718670368
vt 2.816901445388794 0.32603466510772705
vt 2.7288732528686523 0.32603466510772705
vt 2.7288732528686523 1.6519590020179749
vt 2.816901445388794 1.6519590020179749
vt 2.816901445388794 1.8280149698257446
vt 2.7288732528686523 1.8280149698257446
vt 2.7288732528686523 1.9160431623458862
vt 2.816901445388794 1.9160431623458862
vt 0.7042257189750671 1.9160431623458862
vt -0.6216986179351807 1.9160431623458862
vt -0.6216986179351807 1.8280149698257446
vt 0.7042257189750671 1.8280149698257446
vt 2.7288732528686523 0.012434303760528564
vt 2.816901445388794 0.012434303760528564
vt 2.816901445388794 1.3383586406707764
vt 2.7288732528686523 1.3383586406707764
vt 2.816901445388794 1.6519588232040405
vt 2.7288732528686523 1.6519588232040405
vt 2.7288732528686523 1.2118179351091385
vt 2.816901445388794 1.2118179351091385
vt 0.26408466696739197 1.8280149698257446
vt 0.26408466696739197 0.9477332718670368
vt 0.7042255401611328 0.9477332718670368
vt 0.7042255401611328 1.8280149698257446
vt 2.7288732528686523 1.6519588232040405
vt 2.816901445388794 1.6519588232040405
vt 2.816901445388794 1.2118179351091385
vt 2.7288732528686523 1.2118179351091385
vt 2.7288732528686523 0.9477332718670368
vt 2.7288732528686523 1.8280149698257446
vt 2.816901445388794 1.8280149698257446
vt 2.816901445388794 0.9477332718670368
vt 2.7288732528686523 0.24350827932357788
vt 2.816901445388794 0.24350827932357788
vt 2.816901445388794 0.6836491227149963
vt 2.7288732528686523 0.6836491227149963
vt -0.7042250037193298 1.8280149698257446
vt -0.7042250037193298 0.9477332718670368
vt -0.2640841603279114 0.9477332718670368
vt -0.2640841603279114 1.8280149698257446
vt 2.816901445388794 0.24350827932357788
vt 2.7288732528686523 0.24350827932357788
vt 2.7288732528686523 0.6836491227149963
vt 2.816901445388794 0.6836491227149963
vt 2.816901445388794 0.9477332718670368
vt 2.816901445388794 1.8280149698257446
vt 2.7288732528686523 1.8280149698257446
vt 2.7288732528686523 0.9477332718670368
vt 0.6161995530128479 1.9160431623458862
vt 0.6161995530128479 0.9477332718670368
vt 0.8362675905227661 0.9477332718670368
vt 0.8362675905227661 1.9160431623458862
vt 0.17605634033679962 1.739989161491394
vt 0.8802816867828369 1.7399864792823792
vt 0.8802816867828369 1.9600571990013123
vt 0.17605634033679962 1.9600571990013123
vt 0.17605634033679962 1.9600571990013123
vt 0.8802816867828369 1.9600571990013123
vt 0.8802816867828369 1.7399864792823792
vt 0.17605634033679962 1.739989161491394
vt 0.35211268067359924 0.9477332718670368
vt 0.35211268067359924 1.9160431623458862
vt 1.0563380718231201 1.9160431623458862
vt 1.0563380718231201 0.9477332718670368
vt 0.616196870803833 0.9477332718670368
vt 0.616196870803833 1.9160431623458862
vt 0.8362675905227661 1.9160431623458862
vt 0.8362675905227661 0.9477332718670368
vt 0.6602128148078918 1.299845963716507
vt 0.6602128148078918 0.9477332718670368
vt 0.8362675905227661 0.9477332718670368
vt 0.8362675905227661 1.299845963716507
vt 0.8802822232246399 1.784002423286438
vt 1.2323945760726929 1.7840008735656738
vt 1.2323945760726929 1.9600571990013123
vt 0.8802822232246399 1.9600571990013123
vt 0.8802822232246399 1.9600571990013123
vt 1.2323945760726929 1.9600571990013123
vt 1.2323945760726929 1.7840008735656738
vt 0.8802822232246399 1.784002423286438
vt 1.0563385486602783 0.9477332718670368
vt 1.0563385486602783 1.299845963716507
vt 1.408450961112976 1.299845963716507
vt 1.408450961112976 0.9477332718670368
vt 0.6602112650871277 0.9477332718670368
vt 0.6602112650871277 1.299845963716507
vt 0.8362675905227661 1.299845963716507
vt 0.8362675905227661 0.9477332718670368
vt 0.816707193851471 1.5391725301742554
vt 0.816707193851471 0.1307218074798584
vt 0.8362677097320557 0.1307218074798584
vt 0.8362677097320557 1.5391725301742554
vt 0.8802825212478638 0.4192599654197693
vt 1.2323949337005615 0.4192585349082947
vt 1.2323949337005615 0.438820481300354
vt 0.8802825212478638 0.438820481300354
vt 0.8802825212478638 0.438820481300354
vt 1.2323949337005615 0.438820481300354
vt 1.2323949337005615 0.4192585349082947
vt 0.8802825212478638 0.4192599654197693
vt 1.056338906288147 0.1307218074798584
vt 1.056338906288147 1.5391725301742554
vt 1.4084513187408447 1.5391725301742554
vt 1.4084513187408447 0.1307218074798584
vt 0.8167057633399963 0.1307218074798584
vt 0.8167057633399963 1.5391725301742554
vt 0.8362677097320557 1.5391725301742554
vt 0.8362677097320557 0.1307218074798584
vt 0.8167059421539307 1.4759023189544678
vt 0.6602128148078918 1.299845963716507
vt 0.8362675905227661 1.299845963716507
vt 0.8362675905227661 1.4759023189544678
vt 0.8802822232246399 1.784002423286438
vt 1.2323945760726929 1.7840008735656738
vt 1.2323945760726929 1.9600571990013123
vt 0.8802822232246399 1.9600571990013123
vt 0.8802822232246399 1.9600571990013123
vt 1.2323945760726929 1.9600571990013123
vt 1.2323945760726929 1.9404955506324768
vt 0.8802822232246399 1.9404955506324768
vt 1.0563385486602783 1.299845963716507
vt 1.0563385486602783 1.4759023189544678
vt 1.408450961112976 1.4759023189544678
vt 1.408450961112976 1.299845963716507
vt 0.6602112650871277 1.299845963716507
vt 0.8167059421539307 1.4759023189544678
vt 0.8362675905227661 1.4759023189544678
vt 0.8362675905227661 1.299845963716507
vt 0.6602128148078918 1.299845963716507
vt 0.6602128148078918 0.9477332718670368
vt 0.8362675905227661 0.9477332718670368
vt 0.8362675905227661 1.299845963716507
vt -0.1760561764240265 1.7840026021003723
vt 0.1760561764240265 1.7840010523796082
vt 0.1760561764240265 1.9600573778152466
vt -0.1760561764240265 1.9600573778152466
vt -0.1760561764240265 1.9600573778152466
vt 0.1760561764240265 1.9600573778152466
vt 0.1760561764240265 1.7840010523796082
vt -0.1760561764240265 1.7840026021003723
vt 3.2782554626464844e-07 0.9477332718670368
vt 3.2782554626464844e-07 1.299845963716507
vt 0.35211268067359924 1.299845963716507
vt 0.35211268067359924 0.9477332718670368
vt 0.6602112650871277 0.9477332718670368
vt 0.6602112650871277 1.299845963716507
vt 0.8362675905227661 1.299845963716507
vt 0.8362675905227661 0.9477332718670368
vt 0.816707193851471 1.5391725301742554
vt 0.816707193851471 0.1307218074798584
vt 0.8362677097320557 0.1307218074798584
vt 0.8362677097320557 1.5391725301742554
vt -0.1760561764240265 0.4192599654197693
vt 0.1760561764240265 0.4192585349082947
vt 0.1760561764240265 0.438820481300354
vt -0.1760561764240265 0.438820481300354
vt -0.1760561764240265 0.438820481300354
vt 0.1760561764240265 0.438820481300354
vt 0.1760561764240265 0.4192585349082947
vt -0.1760561764240265 0.4192599654197693
vt 3.2782554626464844e-07 0.1307218074798584
vt 3.2782554626464844e-07 1.5391725301742554
vt 0.35211268067359924 1.5391725301742554
vt 0.35211268067359924 0.1307218074798584
vt 0.8167057633399963 0.1307218074798584
vt 0.8167057633399963 1.5391725301742554
vt 0.8362677097320557 1.5391725301742554
vt 0.8362677097320557 0.1307218074798584
vt 0.8167059421539307 1.4759023189544678
vt 0.6602128148078918 1.299845963716507
vt 0.8362675905227661 1.299845963716507
vt 0.8362675905227661 1.4759023189544678
vt -0.1760561764240265 1.7840026021003723
vt 0.1760561764240265 1.7840010523796082
vt 0.1760561764240265 1.9600573778152466
vt -0.1760561764240265 1.9600573778152466
vt -0.1760561764240265 1.9600573778152466
vt 0.1760561764240265 1.9600573778152466
vt 0.1760561764240265 1.9404957294464111
vt -0.1760561764240265 1.9404957294464111
vt 3.2782554626464844e-07 1.299845963716507
vt 3.2782554626464844e-07 1.4759023189544678
vt 0.35211268067359924 1.4759023189544678
vt 0.35211268067359924 1.299845963716507
vt 0.6602112650871277 1.299845963716507
vt 0.8167059421539307 1.4759023189544678
vt 0.8362675905227661 1.4759023189544678
vt 0.8362675905227661 1.299845963716507
vt 0.6161997318267822 1.9160431623458862
vt 0.6161997318267822 0.9477332718670368
vt 0.8362677693367004 0.9477332718670368
vt 0.8362677693367004 1.9160431623458862
vt 1.2323943376541138 1.7399893403053284
vt 1.936619758605957 1.7399866580963135
vt 1.936619758605957 1.9600573778152466
vt 1.2323943376541138 1.9600573778152466
vt 1.2323943376541138 1.9600573778152466
vt 1.936619758605957 1.9600573778152466
vt 1.936619758605957 1.7399866580963135
vt 1.2323943376541138 1.7399893403053284
vt 1.408450722694397 0.9477332718670368
vt 1.408450722694397 1.9160431623458862
vt 2.1126761436462402 1.9160431623458862
vt 2.1126761436462402 0.9477332718670368
vt 0.6161970496177673 0.9477332718670368
vt 0.6161970496177673 1.9160431623458862
vt 0.8362677693367004 1.9160431623458862
vt 0.8362677693367004 0.9477332718670368
vt 0.6602129340171814 1.299845963716507
vt 0.6602129340171814 0.9477332718670368
vt 0.8362677693367004 0.9477332718670368
vt 0.8362677693367004 1.299845963716507
vt 1.9366202354431152 1.7840025424957275
vt 2.2887325286865234 1.7840010523796082
vt 2.2887325286865234 1.9600573778152466
vt 1.9366202354431152 1.9600573778152466
vt 1.9366202354431152 1.9600573778152466
vt 2.2887325286865234 1.9600573778152466
vt 2.2887325286865234 1.7840010523796082
vt 1.9366202354431152 1.7840025424957275
vt 2.1126766204833984 0.9477332718670368
vt 2.1126766204833984 1.299845963716507
vt 2.4647889137268066 1.299845963716507
vt 2.4647889137268066 0.9477332718670368
vt 0.660211443901062 0.9477332718670368
vt 0.660211443901062 1.299845963716507
vt 0.8362677693367004 1.299845963716507
vt 0.8362677693367004 0.9477332718670368
vt 0.816707193851471 1.5391725301742554
vt 0.816707193851471 0.1307218074798584
vt 0.8362677097320557 0.1307218074798584
vt 0.8362677097320557 1.5391725301742554
vt 1.9366205930709839 0.4192599654197693
vt 2.2887330055236816 0.4192585349082947
vt 2.2887330055236816 0.438820481300354
vt 1.9366205930709839 0.438820481300354
vt 1.9366205930709839 0.438820481300354
vt 2.2887330055236816 0.438820481300354
vt 2.2887330055236816 0.4192585349082947
vt 1.9366205930709839 0.4192599654197693
vt 2.1126768589019775 0.1307218074798584
vt 2.1126768589019775 1.5391725301742554
vt 2.464789390563965 1.5391725301742554
vt 2.464789390563965 0.1307218074798584
vt 0.8167057633399963 0.1307218074798584
vt 0.8167057633399963 1.5391725301742554
vt 0.8362677097320557 1.5391725301742554
vt 0.8362677097320557 0.1307218074798584
vt 0.816706120967865 1.4759023189544678
vt 0.6602129340171814 1.299845963716507
vt 0.8362677693367004 1.299845963716507
vt 0.8362677693367004 1.4759023189544678
vt 1.9366202354431152 1.7840025424957275
vt 2.2887325286865234 1.7840010523796082
vt 2.2887325286865234 1.9600573778152466
vt 1.9366202354431152 1.9600573778152466
vt 1.9366202354431152 1.9600573778152466
vt 2.2887325286865234 1.9600573778152466
vt 2.2887325286865234 1.9404957294464111
vt 1.9366202354431152 1.9404957294464111
vt 2.1126766204833984 1.299845963716507
vt 2.1126766204833984 1.4759023189544678
vt 2.4647889137268066 1.4759023189544678
vt 2.4647889137268066 1.299845963716507
vt 0.660211443901062 1.299845963716507
vt 0.816706120967865 1.4759023189544678
vt 0.8362677693367004 1.4759023189544678
vt 0.8362677693367004 1.299845963716507
vt 0.6161997318267822 1.9160431623458862
vt 0.6161997318267822 0.9477332718670368
vt 0.8362677693367004 0.9477332718670368
vt 0.8362677693367004 1.9160431623458862
vt 2.2887325286865234 1.7399893403053284
vt 2.7288732528686523 1.7399866580963135
vt 2.7288732528686523 1.9600573778152466
vt 2.2887325286865234 1.9600573778152466
vt 2.2887325286865234 1.9600573778152466
vt 2.7288732528686523 1.9600573778152466
vt 2.7288732528686523 1.7399866580963135
vt 2.2887325286865234 1.7399893403053284
vt 2.4647889137268066 0.9477332718670368
vt 2.4647889137268066 1.9160431623458862
vt 2.9049296379089355 1.9160431623458862
vt 2.9049296379089355 0.9477332718670368
vt 0.6161970496177673 0.9477332718670368
vt 0.6161970496177673 1.9160431623458862
vt 0.8362677693367004 1.9160431623458862
vt 0.8362677693367004 0.9477332718670368
vt 0.6161995530128479 3.002640962600708
vt 0.6161995530128479 2.03433096408844
vt 0.8362675905227661 2.03433096408844
vt 0.8362675905227661 3.002640962600708
vt 0.17605634033679962 1.8582770228385925
vt 0.8802816867828369 1.8582743406295776
vt 0.8802816867828369 2.0783450603485107
vt 0.17605634033679962 2.0783450603485107
vt 0.17605634033679962 2.0783450603485107
vt 0.8802816867828369 2.0783450603485107
vt 0.8802816867828369 1.8582743406295776
vt 0.17605634033679962 1.8582770228385925
vt 0.35211268067359924 2.03433096408844
vt 0.35211268067359924 3.002640962600708
vt 1.0563380718231201 3.002640962600708
vt 1.0563380718231201 2.03433096408844
vt 0.616196870803833 2.03433096408844
vt 0.616196870803833 3.002640962600708
vt 0.8362675905227661 3.002640962600708
vt 0.8362675905227661 2.03433096408844
vt 0.6161997318267822 3.002640962600708
vt 0.6161997318267822 2.03433096408844
vt 0.8362677693367004 2.03433096408844
vt 0.8362677693367004 3.002640962600708
vt 1.2323943376541138 1.8582772016525269
vt 1.936619758605957 1.858274519443512
vt 1.936619758605957 2.07834529876709
vt 1.2323943376541138 2.07834529876709
vt 1.2323943376541138 2.07834529876709
vt 1.936619758605957 2.07834529876709
vt 1.936619758605957 1.858274519443512
vt 1.2323943376541138 1.8582772016525269
vt 1.408450722694397 2.03433096408844
vt 1.408450722694397 3.002640962600708
vt 2.1126761436462402 3.002640962600708
vt 2.1126761436462402 2.03433096408844
vt 0.6161970496177673 2.03433096408844
vt 0.6161970496177673 3.002640962600708
vt 0.8362677693367004 3.002640962600708
vt 0.8362677693367004 2.03433096408844
vt 0.6161997318267822 3.002640962600708
vt 0.6161997318267822 2.03433096408844
vt 0.8362677693367004 2.03433096408844
vt 0.8362677693367004 3.002640962600708
vt 2.2887325286865234 1.8582772016525269
vt 2.7288732528686523 1.858274519443512
vt 2.7288732528686523 2.07834529876709
vt 2.2887325286865234 2.07834529876709
vt 2.2887325286865234 2.07834529876709
vt 2.7288732528686523 2.07834529876709
vt 2.7288732528686523 1.858274519443512
vt 2.2887325286865234 1.8582772016525269
vt 2.4647889137268066 2.03433096408844
vt 2.4647889137268066 3.002640962600708
vt 2.9049296379089355 3.002640962600708
vt 2.9049296379089355 2.03433096408844
vt 0.6161970496177673 2.03433096408844
vt 0.6161970496177673 3.002640962600708
vt 0.8362677693367004 3.002640962600708
vt 0.8362677693367004 2.03433096408844
vt 2.728874444961548 3.002640962600708
vt 2.728874444961548 2.03433096408844
vt 2.816901445388794 2.03433096408844
vt 2.816901445388794 3.002640962600708
vt 2.728874444961548 4.763204336166382
vt 2.7288730144500732 3.519806385040283
vt 2.816901445388794 3.519806385040283
vt 2.816901445388794 4.763204336166382
vt 2.816901445388794 4.763204336166382
vt 2.816901445388794 3.519806385040283
vt 2.7288730144500732 3.519806385040283
vt 2.728874444961548 4.763204336166382
vt 0.6161971688270569 2.03433096408844
vt 0.6161971688270569 3.002640962600708
vt -0.627200722694397 3.002640962600708
vt -0.627200722694397 2.03433096408844
vt 2.7288730144500732 2.03433096408844
vt 2.7288730144500732 3.002640962600708
vt 2.816901445388794 3.002640962600708
vt 2.816901445388794 2.03433096408844
vt -0.627200722694397 2.03433096408844
vt -0.627200722694397 3.002640962600708
vt 0.6161971688270569 3.002640962600708
vt 0.6161971688270569 2.03433096408844
vt -0.6161993145942688 1.9160431623458862
vt -0.6161993145942688 0.9477332718670368
vt -0.8362674117088318 0.9477332718670368
vt -0.8362674117088318 1.9160431623458862
vt 2.816901445388794 0.5075902342796326
vt 2.2887325286865234 0.5075929164886475
vt 2.2887325286865234 0.2875221371650696
vt 2.816901445388794 0.2875221371650696
vt 2.816901445388794 0.2875221371650696
vt 2.2887325286865234 0.2875221371650696
vt 2.2887325286865234 0.5075929164886475
vt 2.816901445388794 0.5075902342796326
vt 2.992957830429077 0.9477332718670368
vt 2.992957830429077 1.9160431623458862
vt 2.4647889137268066 1.9160431623458862
vt 2.4647889137268066 0.9477332718670368
vt -0.6161966323852539 0.9477332718670368
vt -0.6161966323852539 1.9160431623458862
vt -0.8362674117088318 1.9160431623458862
vt -0.8362674117088318 0.9477332718670368
vt -0.6602128744125366 1.299845963716507
vt -0.6602128744125366 0.9477332718670368
vt -0.8362676501274109 0.9477332718670368
vt -0.8362676501274109 1.299845963716507
vt 2.2887325286865234 0.4635769724845886
vt 1.9366198778152466 0.4635785222053528
vt 1.9366198778152466 0.28752219676971436
vt 2.2887325286865234 0.28752219676971436
vt 2.2887325286865234 0.28752219676971436
vt 1.9366198778152466 0.28752219676971436
vt 1.9366198778152466 0.4635785222053528
vt 2.2887325286865234 0.4635769724845886
vt 2.4647889137268066 0.9477332718670368
vt 2.4647889137268066 1.299845963716507
vt 2.1126763820648193 1.299845963716507
vt 2.1126763820648193 0.9477332718670368
vt -0.6602113246917725 0.9477332718670368
vt -0.6602113246917725 1.299845963716507
vt -0.8362676501274109 1.299845963716507
vt -0.8362676501274109 0.9477332718670368
vt -0.8167068958282471 1.5419234037399292
vt -0.8167068958282471 0.13347268104553223
vt -0.8362672924995422 0.13347268104553223
vt -0.8362672924995422 1.5419234037399292
vt 2.2887325286865234 -1.2114033699035645
vt 1.9366198778152466 -1.2114019393920898
vt 1.9366198778152466 -1.2309637069702148
vt 2.2887325286865234 -1.2309637069702148
vt 2.2887325286865234 -1.2309637069702148
vt 1.9366198778152466 -1.2309637069702148
vt 1.9366198778152466 -1.2114019393920898
vt 2.2887325286865234 -1.2114033699035645
vt 2.4647889137268066 0.13347268104553223
vt 2.4647889137268066 1.5419234037399292
vt 2.1126763820648193 1.5419234037399292
vt 2.1126763820648193 0.13347268104553223
vt -0.8167055249214172 0.13347268104553223
vt -0.8167055249214172 1.5419234037399292
vt -0.8362672924995422 1.5419234037399292
vt -0.8362672924995422 0.13347268104553223
vt -0.816706120967865 1.4759023189544678
vt -0.6602128744125366 1.299845963716507
vt -0.8362676501274109 1.299845963716507
vt -0.8362676501274109 1.4759023189544678
vt 2.2887325286865234 0.4635769724845886
vt 1.9366198778152466 0.4635785222053528
vt 1.9366198778152466 0.28752219676971436
vt 2.2887325286865234 0.28752219676971436
vt 2.2887325286865234 0.28752219676971436
vt 1.9366198778152466 0.28752219676971436
vt 1.9366198778152466 0.30708372592926025
vt 2.2887325286865234 0.30708372592926025
vt 2.4647889137268066 1.299845963716507
vt 2.4647889137268066 1.4759023189544678
vt 2.1126763820648193 1.4759023189544678
vt 2.1126763820648193 1.299845963716507
vt -0.6602113246917725 1.299845963716507
vt -0.816706120967865 1.4759023189544678
vt -0.8362676501274109 1.4759023189544678
vt -0.8362676501274109 1.299845963716507
vt -0.6161993145942688 3.002640962600708
vt -0.6161993145942688 2.03433096408844
vt -0.8362674117088318 2.03433096408844
vt -0.8362674117088318 3.002640962600708
vt 1.936619758605957 0.625878095626831
vt 1.2323943376541138 0.625880777835846
vt 1.2323943376541138 0.40580999851226807
vt 1.936619758605957 0.40580999851226807
vt 1.936619758605957 0.40580999851226807
vt 1.2323943376541138 0.40580999851226807
vt 1.2323943376541138 0.625880777835846
vt 1.936619758605957 0.625878095626831
vt 2.1126761436462402 2.03433096408844
vt 2.1126761436462402 3.002640962600708
vt 1.408450722694397 3.002640962600708
vt 1.408450722694397 2.03433096408844
vt -0.6161966323852539 2.03433096408844
vt -0.6161966323852539 3.002640962600708
vt -0.8362674117088318 3.002640962600708
vt -0.8362674117088318 2.03433096408844
vt -0.6161993145942688 3.002640962600708
vt -0.6161993145942688 2.03433096408844
vt -0.8362674117088318 2.03433096408844
vt -0.8362674117088318 3.002640962600708
vt 2.816901445388794 0.625878095626831
vt 2.2887325286865234 0.625880777835846
vt 2.2887325286865234 0.40580999851226807
vt 2.816901445388794 0.40580999851226807
vt 2.816901445388794 0.40580999851226807
vt 2.2887325286865234 0.40580999851226807
vt 2.2887325286865234 0.625880777835846
vt 2.816901445388794 0.625878095626831
vt 2.992957830429077 2.03433096408844
vt 2.992957830429077 3.002640962600708
vt 2.4647889137268066 3.002640962600708
vt 2.4647889137268066 2.03433096408844
vt -0.6161966323852539 2.03433096408844
vt -0.6161966323852539 3.002640962600708
vt -0.8362674117088318 3.002640962600708
vt -0.8362674117088318 2.03433096408844
vt -0.8362675905227661 0.9477332718670368
vt -0.8362675905227661 1.9160431623458862
vt -0.6161995530128479 1.9160431623458862
vt -0.6161995530128479 0.9477332718670368
vt 1.2323943376541138 0.1114656925201416
vt 1.936619758605957 0.1114656925201416
vt 1.936619758605957 0.3315337300300598
vt 1.2323943376541138 0.33153408765792847
vt 1.2323943376541138 0.33153408765792847
vt 1.936619758605957 0.3315337300300598
vt 1.936619758605957 0.1114656925201416
vt 1.2323943376541138 0.1114656925201416
vt 1.936619758605957 0.9477332718670368
vt 1.936619758605957 1.9160431623458862
vt 1.2323943376541138 1.9160431623458862
vt 1.2323943376541138 0.9477332718670368
vt 1.936619758605957 1.9160431623458862
vt 1.936619758605957 0.9477332718670368
vt 1.2323943376541138 0.9477332718670368
vt 1.2323943376541138 1.9160431623458862
vt -0.6161991953849792 0.9477332718670368
vt -0.6161991953849792 1.9160431623458862
vt -0.8362675905227661 1.9160431623458862
vt -0.8362675905227661 0.9477332718670368
vt -0.17605634033679962 1.5639301538467407
vt -0.17605634033679962 1.7840008735656738
vt -0.8362675905227661 1.7840008735656738
vt -0.8362675905227661 1.5639326572418213
vt -0.17605634033679962 1.7840008735656738
vt -0.17605634033679962 1.5639301538467407
vt -0.8362675905227661 1.5639326572418213
vt -0.8362675905227661 1.7840008735656738
vt -0.8362675905227661 1.9160431623458862
vt -0.17605634033679962 1.9160431623458862
vt -0.17605634033679962 0.9477332718670368
vt -0.8362675905227661 0.9477332718670368
vt 0.616196870803833 1.9160431623458862
vt 0.8362675905227661 1.9160431623458862
vt 0.8362675905227661 0.9477332718670368
vt 0.616196870803833 0.9477332718670368
vt -0.17605634033679962 0.6808975338935852
vt -0.17605634033679962 0.9009682536125183
vt -0.8362675905227661 0.9009682536125183
vt -0.8362675905227661 0.6809000372886658
vt -0.17605634033679962 0.9009682536125183
vt -0.17605634033679962 0.6808975338935852
vt -0.8362675905227661 0.6809000372886658
vt -0.8362675905227661 0.9009682536125183
vt -0.8362675905227661 2.0013203620910645
vt -0.17605634033679962 2.0013203620910645
vt -0.17605634033679962 1.0330105423927307
vt -0.8362675905227661 1.0330105423927307
vt 0.616196870803833 2.0013203620910645
vt 0.8362675905227661 2.0013203620910645
vt 0.8362675905227661 1.0330105423927307
vt 0.616196870803833 1.0330105423927307
vt -0.6189477443695068 1.5639304518699646
vt -0.8390185236930847 1.5639304518699646
vt -0.8390185236930847 1.1210387349128723
vt -0.6189502477645874 1.1210387349128723
vt -0.8390185236930847 1.5639304518699646
vt -0.6189477443695068 1.5639304518699646
vt -0.6189502477645874 1.1210387349128723
vt -0.8390185236930847 1.1210387349128723
vt 0.1733054667711258 1.9160431623458862
vt 0.6161971688270569 1.9160431623458862
vt 0.6161971688270569 0.9477332718670368
vt 0.1733054667711258 0.9477332718670368
vt -0.6189477443695068 1.9160431623458862
vt -0.8390185236930847 1.9160431623458862
vt -0.8390185236930847 0.9477332718670368
vt -0.6189477443695068 0.9477332718670368
vt -0.8390185236930847 0.9477332718670368
vt -0.8390185236930847 1.9160431623458862
vt -0.6189502477645874 1.9160431623458862
vt -0.6189502477645874 0.9477332718670368
vt -0.6189477443695068 0.6808978319168091
vt -0.8390185236930847 0.6808978319168091
vt -0.8390185236930847 0.2380061149597168
vt -0.6189502477645874 0.2380061149597168
vt -0.8390185236930847 0.6808978319168091
vt -0.6189477443695068 0.6808978319168091
vt -0.6189502477645874 0.2380061149597168
vt -0.8390185236930847 0.2380061149597168
vt 0.1733054667711258 2.0013203620910645
vt 0.6161971688270569 2.0013203620910645
vt 0.6161971688270569 1.0330105423927307
vt 0.1733054667711258 1.0330105423927307
vt -0.6189477443695068 2.0013203620910645
vt -0.8390185236930847 2.0013203620910645
vt -0.8390185236930847 1.0330105423927307
vt -0.6189477443695068 1.0330105423927307
vt -0.8390185236930847 1.0330105423927307
vt -0.8390185236930847 2.0013203620910645
vt -0.6189502477645874 2.0013203620910645
vt -0.6189502477645874 1.0330105423927307
vt 3.2350354194641113 -0.37268924713134766
vt 3.2350354194641113 0.24350792169570923
vt 2.61883807182312 -0.37268924713134766
vt 2.61883807182312 -0.37268924713134766
vt 3.2350354194641113 0.24350792169570923
vt 3.2350354194641113 -0.37268924713134766
vt 1.2103874683380127 1.9160431623458862
vt 1.2103874683380127 0.9477332718670368
vt 0.594190239906311 0.9477332718670368
vt 0.594190239906311 1.9160431623458862
vt 2.61883807182312 1.9160431623458862
vt 2.61883807182312 0.9477332718670368
vt 3.2350354194641113 0.9477332718670368
vt 3.2350354194641113 1.9160431623458862
vt 1.342429518699646 1.9160431623458862
vt 1.342429518699646 0.9477332718670368
vt 0.7262324094772339 0.9477332718670368
vt 0.7262324094772339 1.9160431623458862
vt 1.3204225301742554 -1.2557218074798584
vt 1.3204225301742554 -0.6395246982574463
vt 0.7042253613471985 -1.2557218074798584
vt 0.7042253613471985 -1.2557218074798584
vt 1.3204225301742554 -0.6395246982574463
vt 1.3204225301742554 -1.2557218074798584
vt -0.7042253613471985 2.0013203620910645
vt -0.7042253613471985 1.0330105423927307
vt -1.3204225301742554 1.0330105423927307
vt -1.3204225301742554 2.0013203620910645
vt 0.7042253613471985 2.0013203620910645
vt 0.7042253613471985 1.0330105423927307
vt 1.3204225301742554 1.0330105423927307
vt 1.3204225301742554 2.0013203620910645
vt 1.3204225301742554 2.0013203620910645
vt 1.3204225301742554 1.0330105423927307
vt 0.7042253613471985 1.0330105423927307
vt 0.7042253613471985 2.0013203620910645
vt -0.625 3.2578125
vt -0.625 3.0078125
vt -0.62890625 3.0078125
vt -0.62890625 3.2578125
vt -0.625 3.0078125
vt -0.625 3.2578125
vt -0.62890625 3.2578125
vt -0.62890625 3.0078125
vt -0.625 4.632812738418579
vt -0.62890625 4.632812738418579
vt -0.62890625 4.132812261581421
vt -0.625 4.132812261581421
vt -0.62890625 4.632812738418579
vt -0.625 4.632812738418579
vt -0.625 4.132812261581421
vt -0.62890625 4.132812261581421
vt 4.0 3.2578125
vt 3.499999761581421 3.2578125
vt 3.499999761581421 3.0078125
vt 4.0 3.0078125
vt 3.499999761581421 3.5
vt 4.0 3.5
vt 4.0 3.25
vt 3.499999761581421 3.25
vt -0.625 3.2578125
vt -0.625 3.0078125
vt -0.62890625 3.0078125
vt -0.62890625 3.2578125
vt -0.625 3.0078125
vt -0.625 3.2578125
vt -0.62890625 3.2578125
vt -0.62890625 3.0078125
vt -0.625 4.632812738418579
vt -0.62890625 4.632812738418579
vt -0.62890625 4.132812261581421
vt -0.625 4.132812261581421
vt -0.62890625 4.632812738418579
vt -0.625 4.632812738418579
vt -0.625 4.132812261581421
vt -0.62890625 4.132812261581421
vt 4.0 3.2578125
vt 3.499999761581421 3.2578125
vt 3.499999761581421 3.0078125
vt 4.0 3.0078125
vt 3.499999761581421 3.5
vt 4.0 3.5
vt 4.0 3.25
vt 3.499999761581421 3.25
vt -0.625 3.2578125
vt -0.625 3.0078125
vt -0.62890625 3.0078125
vt -0.62890625 3.2578125
vt -0.625 3.0078125
vt -0.625 3.2578125
vt -0.62890625 3.2578125
vt -0.62890625 3.0078125
vt -0.625 4.632812976837158
vt -0.62890625 4.632812976837158
vt -0.62890625 4.1328125
vt -0.625 4.1328125
vt -0.62890625 4.632812976837158
vt -0.625 4.632812976837158
vt -0.625 4.1328125
vt -0.62890625 4.1328125
vt 4.000000476837158 3.2578125
vt 3.5 3.2578125
vt 3.5 3.0078125
vt 4.000000476837158 3.0078125
vt 3.5 3.5
vt 4.000000476837158 3.5
vt 4.000000476837158 3.25
vt 3.5 3.25
vt -0.8671875 3.01953125
vt -0.8671875 3.00390625
vt -0.875 3.00390625
vt -0.875 3.01953125
vt -0.8671875 3.00390625
vt -0.8671875 3.01953125
vt -0.875 3.01953125
vt -0.875 3.00390625
vt 3.0 2.5039061307907104
vt 3.0 2.5117186307907104
vt 2.0 2.51171875
vt 2.0 2.50390625
vt -0.875 4.63671875
vt -0.8671875 4.63671875
vt -0.8671875 3.63671875
vt -0.875 3.63671875
vt 3.0 3.01953125
vt 2.0 3.01953125
vt 2.0 3.00390625
vt 3.0 3.00390625
vt 2.0 3.01953125
vt 3.0 3.01953125
vt 3.0 3.00390625
vt 2.0 3.00390625
vt -0.8671875 3.01953125
vt -0.8671875 3.00390625
vt -0.875 3.00390625
vt -0.875 3.01953125
vt -0.8671875 3.00390625
vt -0.8671875 3.01953125
vt -0.875 3.01953125
vt -0.875 3.00390625
vt 0.69140625 2.01953125
vt 0.69140625 2.01171875
vt 1.01171875 2.01171875
vt 1.01171875 2.01953125
vt -1.8125 3.265625
vt -1.8125 3.2734375
vt -1.4921875 3.2734375
vt -1.4921875 3.265625
vt 0.69140625 3.01953125
vt 1.01171875 3.01953125
vt 1.01171875 3.00390625
vt 0.69140625 3.00390625
vt 1.01171875 3.01953125
vt 0.69140625 3.01953125
vt 0.69140625 3.00390625
vt 1.01171875 3.00390625
vt -0.8671875 3.01953125
vt -0.8671875 3.00390625
vt -0.875 3.00390625
vt -0.875 3.01953125
vt -0.8671875 3.00390625
vt -0.8671875 3.01953125
vt -0.875 3.01953125
vt -0.875 3.00390625
vt 2.4921875 2.5039061307907104
vt 2.4921875 2.5117186307907104
vt 2.0 2.5117186307907104
vt 2.0 2.5039061307907104
vt -0.875 4.12890625
vt -0.8671875 4.12890625
vt -0.8671875 3.63671875
vt -0.875 3.63671875
vt 2.4921875 3.01953125
vt 2.0 3.01953125
vt 2.0 3.00390625
vt 2.4921875 3.00390625
vt 2.0 3.01953125
vt 2.4921875 3.01953125
vt 2.4921875 3.00390625
vt 2.0 3.00390625
vt -3.3828125 3.01953125
vt -3.3828125 3.00390625
vt -3.375 3.00390625
vt -3.375 3.01953125
vt -3.3828125 3.00390625
vt -3.3828125 3.01953125
vt -3.375 3.01953125
vt -3.375 3.00390625
vt 3.06640625 2.50390625
vt 3.06640625 2.51171875
vt 2.74609375 2.51171875
vt 2.74609375 2.50390625
vt -2.9921875 4.3203125
vt -2.9921875 4.3125
vt -3.3125 4.3125
vt -3.3125 4.3203125
vt 3.06640625 3.01953125
vt 2.74609375 3.01953125
vt 2.74609375 3.00390625
vt 3.06640625 3.00390625
vt 2.74609375 3.01953125
vt 3.06640625 3.01953125
vt 3.06640625 3.00390625
vt 2.74609375 3.00390625
vt -0.8671875 3.01953125
vt -0.8671875 3.00390625
vt -0.875 3.00390625
vt -0.875 3.01953125
vt -0.8671875 3.00390625
vt -0.8671875 3.01953125
vt -0.875 3.01953125
vt -0.875 3.00390625
vt 3.0 2.5039061307907104
vt 3.0 2.5117186307907104
vt 2.0 2.51171875
vt 2.0 2.50390625
vt -0.875 4.63671875
vt -0.8671875 4.63671875
vt -0.8671875 3.63671875
vt -0.875 3.63671875
vt 3.0 3.01953125
vt 2.0 3.01953125
vt 2.0 3.00390625
vt 3.0 3.00390625
vt 2.0 3.01953125
vt 3.0 3.01953125
vt 3.0 3.00390625
vt 2.0 3.00390625
vt -0.8671875 3.01953125
vt -0.8671875 3.00390625
vt -0.875 3.00390625
vt -0.875 3.01953125
vt -0.8671875 3.00390625
vt -0.8671875 3.01953125
vt -0.875 3.01953125
vt -0.875 3.00390625
vt 0.69140625 -0.98046875
vt 0.69140625 -0.98828125
vt 1.01171875 -0.98828125
vt 1.01171875 -0.98046875
vt -0.3125 1.765625
vt -0.3125 1.7734375
vt 0.0078125 1.7734375
vt 0.0078125 1.765625
vt 0.69140625 3.01953125
vt 1.01171875 3.01953125
vt 1.01171875 3.00390625
vt 0.69140625 3.00390625
vt 1.01171875 3.01953125
vt 0.69140625 3.01953125
vt 0.69140625 3.00390625
vt 1.01171875 3.00390625
vt -0.8671875 3.01953125
vt -0.8671875 3.00390625
vt -0.875 3.00390625
vt -0.875 3.01953125
vt -0.8671875 3.00390625
vt -0.8671875 3.01953125
vt -0.875 3.01953125
vt -0.875 3.00390625
vt 2.4921875 2.503906011581421
vt 2.4921875 2.511718511581421
vt 2.0 2.51171875
vt 2.0 2.50390625
vt -0.875 4.12890625
vt -0.8671875 4.12890625
vt -0.8671875 3.63671875
vt -0.875 3.63671875
vt 2.4921875 3.01953125
vt 2.0 3.01953125
vt 2.0 3.00390625
vt 2.4921875 3.00390625
vt 2.0 3.01953125
vt 2.4921875 3.01953125
vt 2.4921875 3.00390625
vt 2.0 3.00390625
vt -6.3828125 3.01953125
vt -6.3828125 3.00390625
vt -6.375 3.00390625
vt -6.375 3.01953125
vt -6.3828125 3.00390625
vt -6.3828125 3.01953125
vt -6.375 3.01953125
vt -6.375 3.00390625
vt 3.06640625 2.50390625
vt 3.06640625 2.51171875
vt 2.74609375 2.51171875
vt 2.74609375 2.50390625
vt -4.4921875 2.8203125
vt -4.4921875 2.8125
vt -4.8125 2.8125
vt -4.8125 2.8203125
vt 3.066406011581421 3.01953125
vt 2.746093511581421 3.01953125
vt 2.746093511581421 3.00390625
vt 3.066406011581421 3.00390625
vt 2.746093511581421 3.01953125
vt 3.066406011581421 3.01953125
vt 3.066406011581421 3.00390625
vt 2.746093511581421 3.00390625
vt -0.8671875 3.01953125
vt -0.8671875 3.00390625
vt -0.875 3.00390625
vt -0.875 3.01953125
vt -0.8671875 3.00390625
vt -0.8671875 3.01953125
vt -0.875 3.01953125
vt -0.875 3.00390625
vt 3.0 2.5039061307907104
vt 3.0 2.5117186307907104
vt 2.34375 2.51171875
vt 2.34375 2.50390625
vt -0.875 4.63671875
vt -0.8671875 4.63671875
vt -0.8671875 3.98046875
vt -0.875 3.98046875
vt 3.0 3.01953125
vt 2.34375 3.01953125
vt 2.34375 3.00390625
vt 3.0 3.00390625
vt 2.34375 3.01953125
vt 3.0 3.01953125
vt 3.0 3.00390625
vt 2.34375 3.00390625
vt -0.8671875 3.01953125
vt -0.8671875 3.00390625
vt -0.875 3.00390625
vt -0.875 3.01953125
vt -0.8671875 3.00390625
vt -0.8671875 3.01953125
vt -0.875 3.01953125
vt -0.875 3.00390625
vt 0.69140625 -3.98046875
vt 0.69140625 -3.98828125
vt 1.01171875 -3.98828125
vt 1.01171875 -3.98046875
vt 1.1875 0.265625
vt 1.1875 0.2734375
vt 1.5078125 0.2734375
vt 1.5078125 0.265625
vt 0.69140625 3.01953125
vt 1.01171875 3.01953125
vt 1.01171875 3.00390625
vt 0.69140625 3.00390625
vt 1.01171875 3.01953125
vt 0.69140625 3.01953125
vt 0.69140625 3.00390625
vt 1.01171875 3.00390625
vt -0.8671875 3.01953125
vt -0.8671875 3.00390625
vt -0.875 3.00390625
vt -0.875 3.01953125
vt -0.8671875 3.00390625
vt -0.8671875 3.01953125
vt -0.875 3.01953125
vt -0.875 3.00390625
vt 2.4921875 2.5039061307907104
vt 2.4921875 2.5117186307907104
vt 2.0 2.5117186307907104
vt 2.0 2.5039061307907104
vt -0.875 4.12890625
vt -0.8671875 4.12890625
vt -0.8671875 3.63671875
vt -0.875 3.63671875
vt 2.4921875 3.01953125
vt 2.0 3.01953125
vt 2.0 3.00390625
vt 2.4921875 3.00390625
vt 2.0 3.01953125
vt 2.4921875 3.01953125
vt 2.4921875 3.00390625
vt 2.0 3.00390625
vt -0.8671875 3.01953125
vt -0.8671875 3.00390625
vt -0.875 3.00390625
vt -0.875 3.01953125
vt -0.8671875 3.00390625
vt -0.8671875 3.01953125
vt -0.875 3.01953125
vt -0.875 3.00390625
vt 1.984375238418579 -5.23046875
vt 1.984375238418579 -5.23828125
vt 3.750000238418579 -5.23828125
vt 3.750000238418579 -5.23046875
vt 2.109375 0.6367192268371582
vt 2.109375 0.6445317268371582
vt 3.875 0.6445317268371582
vt 3.875 0.6367192268371582
vt 1.9843754768371582 3.01953125
vt 3.750000476837158 3.01953125
vt 3.750000476837158 3.00390625
vt 1.9843754768371582 3.00390625
vt 3.750000476837158 3.01953125
vt 1.9843754768371582 3.01953125
vt 1.9843754768371582 3.00390625
vt 3.750000476837158 3.00390625
vt 1.687499761581421 3.2578125
vt 1.687499761581421 3.0078125
vt 1.691406011581421 3.0078125
vt 1.691406011581421 3.2578125
vt 1.687499761581421 3.0078125
vt 1.687499761581421 3.2578125
vt 1.691406011581421 3.2578125
vt 1.691406011581421 3.0078125
vt 1.687499761581421 -1.867187738418579
vt 1.691406011581421 -1.867187738418579
vt 1.691406011581421 -1.367187261581421
vt 1.687499761581421 -1.367187261581421
vt 1.691406011581421 -1.867187738418579
vt 1.687499761581421 -1.867187738418579
vt 1.687499761581421 -1.367187261581421
vt 1.691406011581421 -1.367187261581421
vt -2.500000238418579 3.2578125
vt -1.999999761581421 3.2578125
vt -1.999999761581421 3.0078125
vt -2.500000238418579 3.0078125
vt -1.999999761581421 3.5
vt -2.500000238418579 3.5
vt -2.500000238418579 3.25
vt -1.999999761581421 3.25
vt 0.8671872019767761 3.01953125
vt 0.8671872019767761 3.00390625
vt 0.8749997019767761 3.00390625
vt 0.8749997019767761 3.01953125
vt 0.8671872019767761 3.00390625
vt 0.8671872019767761 3.01953125
vt 0.8749997019767761 3.01953125
vt 0.8749997019767761 3.00390625
vt 1.117187261581421 -1.11328125
vt 1.124999761581421 -1.11328125
vt 1.124999761581421 -0.11328125
vt 1.117187261581421 -0.11328125
vt 0.8749997019767761 -0.86328125
vt 0.8671872019767761 -0.86328125
vt 0.8671872019767761 0.13671875
vt 0.8749997019767761 0.13671875
vt -2.5 3.01953125
vt -1.5 3.01953125
vt -1.5 3.00390625
vt -2.5 3.00390625
vt -1.5 3.01953125
vt -2.5 3.01953125
vt -2.5 3.00390625
vt -1.5 3.00390625
vt -6.3828125 3.01953125
vt -6.3828125 3.00390625
vt -6.375 3.00390625
vt -6.375 3.01953125
vt -6.3828125 3.00390625
vt -6.3828125 3.01953125
vt -6.375 3.01953125
vt -6.375 3.00390625
vt 3.066406011581421 2.50390625
vt 3.066406011581421 2.51171875
vt 2.746093511581421 2.51171875
vt 2.746093511581421 2.50390625
vt -2.437500238418579 0.765625
vt -2.437500238418579 0.7578125
vt -2.757812738418579 0.7578125
vt -2.757812738418579 0.765625
vt 3.066405773162842 3.01953125
vt 2.746093273162842 3.01953125
vt 2.746093273162842 3.00390625
vt 3.066405773162842 3.00390625
vt 2.746093273162842 3.01953125
vt 3.066405773162842 3.01953125
vt 3.066405773162842 3.00390625
vt 2.746093273162842 3.00390625
vt 1.437499761581421 3.01953125
vt 1.437499761581421 3.00390625
vt 1.445312261581421 3.00390625
vt 1.445312261581421 3.01953125
vt 1.437499761581421 3.00390625
vt 1.437499761581421 3.01953125
vt 1.445312261581421 3.01953125
vt 1.445312261581421 3.00390625
vt 0.3945310115814209 -1.8984375
vt 0.4023435115814209 -1.8984375
vt 0.4023435115814209 -1.40625
vt 0.3945310115814209 -1.40625
vt 1.445312261581421 -2.37109375
vt 1.437499761581421 -2.37109375
vt 1.437499761581421 -1.87890625
vt 1.445312261581421 -1.87890625
vt -4.0078125 3.01953125
vt -3.515625 3.01953125
vt -3.515625 3.00390625
vt -4.0078125 3.00390625
vt -3.515625 3.01953125
vt -4.0078125 3.01953125
vt -4.0078125 3.00390625
vt -3.515625 3.00390625
vt -0.8671877384185791 3.01953125
vt -0.8671877384185791 3.00390625
vt -0.8750002384185791 3.00390625
vt -0.8750002384185791 3.01953125
vt -0.8671877384185791 3.00390625
vt -0.8671877384185791 3.01953125
vt -0.8750002384185791 3.01953125
vt -0.8750002384185791 3.00390625
vt 4.80078125 -0.98046875
vt 4.80078125 -0.98828125
vt 5.12109375 -0.98828125
vt 5.12109375 -0.98046875
vt 1.742187261581421 3.8203125
vt 1.742187261581421 3.828125
vt 2.062499761581421 3.828125
vt 2.062499761581421 3.8203125
vt 4.80078125 3.01953125
vt 5.12109375 3.01953125
vt 5.12109375 3.00390625
vt 4.80078125 3.00390625
vt 5.12109375 3.01953125
vt 4.80078125 3.01953125
vt 4.80078125 3.00390625
vt 5.12109375 3.00390625
vt 0.8671872019767761 3.01953125
vt 0.8671872019767761 3.00390625
vt 0.8749997019767761 3.00390625
vt 0.8749997019767761 3.01953125
vt 0.8671872019767761 3.00390625
vt 0.8671872019767761 3.01953125
vt 0.8749997019767761 3.01953125
vt 0.8749997019767761 3.00390625
vt -0.3828127384185791 -2.23828125
vt -0.3750002384185791 -2.23828125
vt -0.3750002384185791 -1.61328125
vt -0.3828127384185791 -1.61328125
vt 0.8749997019767761 -3.48828125
vt 0.8671872019767761 -3.48828125
vt 0.8671872019767761 -2.86328125
vt 0.8749997019767761 -2.86328125
vt -5.125 3.01953125
vt -4.5 3.01953125
vt -4.5 3.00390625
vt -5.125 3.00390625
vt -4.5 3.01953125
vt -5.125 3.01953125
vt -5.125 3.00390625
vt -4.5 3.00390625
vt -0.8671875 3.01953125
vt -0.8671875 3.00390625
vt -0.875 3.00390625
vt -0.875 3.01953125
vt -0.8671875 3.00390625
vt -0.8671875 3.01953125
vt -0.875 3.01953125
vt -0.875 3.00390625
vt 4.80078125 -3.98046875
vt 4.80078125 -3.98828125
vt 5.12109375 -3.98828125
vt 5.12109375 -3.98046875
vt 3.242187261581421 2.320312976837158
vt 3.242187261581421 2.328125476837158
vt 3.562499761581421 2.328125476837158
vt 3.562499761581421 2.320312976837158
vt 4.80078125 3.01953125
vt 5.12109375 3.01953125
vt 5.12109375 3.00390625
vt 4.80078125 3.00390625
vt 5.12109375 3.01953125
vt 4.80078125 3.01953125
vt 4.80078125 3.00390625
vt 5.12109375 3.00390625
vt 1.687500238418579 3.2578125
vt 1.687500238418579 3.0078125
vt 1.691406488418579 3.0078125
vt 1.691406488418579 3.2578125
vt 1.687500238418579 3.0078125
vt 1.687500238418579 3.2578125
vt 1.691406488418579 3.2578125
vt 1.691406488418579 3.0078125
vt 3.78125 2.539062976837158
vt 3.78125 2.542969226837158
vt 3.281249761581421 2.542969226837158
vt 3.281249761581421 2.539062976837158
vt 3.78125 2.542969226837158
vt 3.78125 2.539062976837158
vt 3.281249761581421 2.539062976837158
vt 3.281249761581421 2.542969226837158
vt 4.0 3.2578125
vt 3.5 3.2578125
vt 3.5 3.0078125
vt 4.0 3.0078125
vt 3.5 3.5
vt 4.0 3.5
vt 4.0 3.25
vt 3.5 3.25
vt 1.6875 3.2578125
vt 1.6875 3.0078125
vt 1.69140625 3.0078125
vt 1.69140625 3.2578125
vt 1.6875 3.0078125
vt 1.6875 3.2578125
vt 1.69140625 3.2578125
vt 1.69140625 3.0078125
vt 2.281250238418579 4.039062738418579
vt 2.281250238418579 4.042968988418579
vt 1.781249761581421 4.042968988418579
vt 1.781249761581421 4.039062738418579
vt 2.281250238418579 4.042968988418579
vt 2.281250238418579 4.039062738418579
vt 1.781249761581421 4.039062738418579
vt 1.781249761581421 4.042968988418579
vt 4.000000476837158 3.2578125
vt 3.5 3.2578125
vt 3.5 3.0078125
vt 4.000000476837158 3.0078125
vt 3.5 3.5
vt 4.000000476837158 3.5
vt 4.000000476837158 3.25
vt 3.5 3.25
vt 1.6875 3.2578125
vt 1.6875 3.0078125
vt 1.69140625 3.0078125
vt 1.69140625 3.2578125
vt 1.6875 3.0078125
vt 1.6875 3.2578125
vt 1.69140625 3.2578125
vt 1.69140625 3.0078125
vt 0.7812502384185791 5.5390625
vt 0.7812502384185791 5.54296875
vt 0.2812497615814209 5.54296875
vt 0.2812497615814209 5.5390625
vt 0.7812502384185791 5.54296875
vt 0.7812502384185791 5.5390625
vt 0.2812497615814209 5.5390625
vt 0.2812497615814209 5.54296875
vt 4.0 3.2578125
vt 3.499999761581421 3.2578125
vt 3.499999761581421 3.0078125
vt 4.0 3.0078125
vt 3.499999761581421 3.5
vt 4.0 3.5
vt 4.0 3.25
vt 3.499999761581421 3.25
vt 0.8671877384185791 3.01953125
vt 0.8671877384185791 3.00390625
vt 0.8750002384185791 3.00390625
vt 0.8750002384185791 3.01953125
vt 0.8671877384185791 3.00390625
vt 0.8671877384185791 3.01953125
vt 0.8750002384185791 3.01953125
vt 0.8750002384185791 3.00390625
vt 1.1171876192092896 -1.11328125
vt 1.1250001192092896 -1.11328125
vt 1.125000238418579 -0.11328125
vt 1.117187738418579 -0.11328125
vt 2.75 2.761718988418579
vt 2.75 2.753906488418579
vt 1.75 2.753906488418579
vt 1.75 2.761718988418579
vt 3.0 3.01953125
vt 2.0 3.01953125
vt 2.0 3.00390625
vt 3.0 3.00390625
vt 2.0 3.01953125
vt 3.0 3.01953125
vt 3.0 3.00390625
vt 2.0 3.00390625
vt -0.8671875 3.01953125
vt -0.8671875 3.00390625
vt -0.875 3.00390625
vt -0.875 3.01953125
vt -0.8671875 3.00390625
vt -0.8671875 3.01953125
vt -0.875 3.01953125
vt -0.875 3.00390625
vt 4.63671875 6.44921875
vt 4.62890625 6.44921875
vt 4.62890625 6.12890625
vt 4.63671875 6.12890625
vt -0.875 4.703125
vt -0.8671875 4.703125
vt -0.8671875 4.3828125
vt -0.875 4.3828125
vt 3.06640625 3.01953125
vt 2.74609375 3.01953125
vt 2.74609375 3.00390625
vt 3.06640625 3.00390625
vt 2.74609375 3.01953125
vt 3.06640625 3.01953125
vt 3.06640625 3.00390625
vt 2.74609375 3.00390625
vt 1.437500238418579 3.01953125
vt 1.437500238418579 3.00390625
vt 1.445312738418579 3.00390625
vt 1.445312738418579 3.01953125
vt 1.437500238418579 3.00390625
vt 1.437500238418579 3.01953125
vt 1.445312738418579 3.01953125
vt 1.445312738418579 3.00390625
vt 0.39453136920928955 -1.8984375
vt 0.40234386920928955 -1.8984375
vt 0.40234386920928955 -1.40625
vt 0.39453136920928955 -1.40625
vt 3.53515625 2.039062738418579
vt 3.53515625 2.031250238418579
vt 3.04296875 2.031250238418579
vt 3.04296875 2.039062738418579
vt 2.4921875 3.01953125
vt 2.0 3.01953125
vt 2.0 3.00390625
vt 2.4921875 3.00390625
vt 2.0 3.01953125
vt 2.4921875 3.01953125
vt 2.4921875 3.00390625
vt 2.0 3.00390625
vt 2.6171875 3.01953125
vt 2.6171875 3.00390625
vt 2.625 3.00390625
vt 2.625 3.01953125
vt 2.6171875 3.00390625
vt 2.6171875 3.01953125
vt 2.625 3.01953125
vt 2.625 3.00390625
vt 5.67578125 1.62890625
vt 5.68359375 1.62890625
vt 5.68359375 1.94921875
vt 5.67578125 1.94921875
vt 2.625 6.4375
vt 2.6171875 6.4375
vt 2.6171875 6.7578125
vt 2.625 6.7578125
vt 4.80078125 3.01953125
vt 5.12109375 3.01953125
vt 5.12109375 3.00390625
vt 4.80078125 3.00390625
vt 5.12109375 3.01953125
vt 4.80078125 3.01953125
vt 4.80078125 3.00390625
vt 5.12109375 3.00390625
vt 0.8671875 3.01953125
vt 0.8671875 3.00390625
vt 0.875 3.00390625
vt 0.875 3.01953125
vt 0.8671875 3.00390625
vt 0.8671875 3.01953125
vt 0.875 3.01953125
vt 0.875 3.00390625
vt 2.6171875 0.3867186903953552
vt 2.625 0.3867186903953552
vt 2.625 1.3867186605930328
vt 2.6171875 1.3867186605930328
vt 1.25 4.26171875
vt 1.25 4.25390625
vt 0.25 4.25390625
vt 0.25 4.26171875
vt 3.0 3.01953125
vt 2.0 3.01953125
vt 2.0 3.00390625
vt 3.0 3.00390625
vt 2.0 3.01953125
vt 3.0 3.01953125
vt 3.0 3.00390625
vt 2.0 3.00390625
vt -0.8671875 3.01953125
vt -0.8671875 3.00390625
vt -0.875 3.00390625
vt -0.875 3.01953125
vt -0.8671875 3.00390625
vt -0.8671875 3.01953125
vt -0.875 3.01953125
vt -0.875 3.00390625
vt 3.13671875 4.94921875
vt 3.12890625 4.94921875
vt 3.12890625 4.62890625
vt 3.13671875 4.62890625
vt -0.875 4.703125
vt -0.8671875 4.703125
vt -0.8671875 4.3828125
vt -0.875 4.3828125
vt 3.06640625 3.01953125
vt 2.74609375 3.01953125
vt 2.74609375 3.00390625
vt 3.06640625 3.00390625
vt 2.74609375 3.01953125
vt 3.06640625 3.01953125
vt 3.06640625 3.00390625
vt 2.74609375 3.00390625
vt 1.4375 3.01953125
vt 1.4375 3.00390625
vt 1.4453125 3.00390625
vt 1.4453125 3.01953125
vt 1.4375 3.00390625
vt 1.4375 3.01953125
vt 1.4453125 3.01953125
vt 1.4453125 3.00390625
vt 1.8945311307907104 -0.3984375
vt 1.9023436307907104 -0.3984375
vt 1.90234375 0.09374994039535522
vt 1.89453125 0.09374994039535522
vt 2.03515625 3.5390625
vt 2.03515625 3.53125
vt 1.54296875 3.53125
vt 1.54296875 3.5390625
vt 2.4921875 3.01953125
vt 2.0 3.01953125
vt 2.0 3.00390625
vt 2.4921875 3.00390625
vt 2.0 3.01953125
vt 2.4921875 3.01953125
vt 2.4921875 3.00390625
vt 2.0 3.00390625
vt 0.2421875 3.01953125
vt 0.2421875 3.00390625
vt 0.25 3.00390625
vt 0.25 3.01953125
vt 0.2421875 3.00390625
vt 0.2421875 3.01953125
vt 0.25 3.01953125
vt 0.25 3.00390625
vt 0.2421875 2.50390625
vt 0.25 2.50390625
vt 0.25 2.82421875
vt 0.2421875 2.82421875
vt 0.25 2.50390625
vt 0.2421875 2.50390625
vt 0.2421875 2.82421875
vt 0.25 2.82421875
vt 0.8671875 3.01953125
vt 1.1875 3.01953125
vt 1.1875 3.00390625
vt 0.8671875 3.00390625
vt 1.1875 3.01953125
vt 0.8671875 3.01953125
vt 0.8671875 3.00390625
vt 1.1875 3.00390625
vt -0.2421875 3.01953125
vt -0.2421875 3.00390625
vt -0.25 3.00390625
vt -0.25 3.01953125
vt -0.2421875 3.00390625
vt -0.2421875 3.01953125
vt -0.25 3.01953125
vt -0.25 3.00390625
vt -0.2421875 2.82421875
vt -0.25 2.82421875
vt -0.25 2.50390625
vt -0.2421875 2.50390625
vt -0.25 2.82421875
vt -0.2421875 2.82421875
vt -0.2421875 2.50390625
vt -0.25 2.50390625
vt 1.1875 3.01953125
vt 0.8671875 3.01953125
vt 0.8671875 3.00390625
vt 1.1875 3.00390625
vt 0.8671875 3.01953125
vt 1.1875 3.01953125
vt 1.1875 3.00390625
vt 0.8671875 3.00390625
vt 1.15234375 3.01953125
vt 1.15234375 3.00390625
vt 1.16015625 3.00390625
vt 1.16015625 3.01953125
vt 1.15234375 3.00390625
vt 1.15234375 3.01953125
vt 1.16015625 3.01953125
vt 1.16015625 3.00390625
vt 1.15234375 1.3867186903953552
vt 1.16015625 1.3867186903953552
vt 1.16015625 1.8789061903953552
vt 1.15234375 1.8789061903953552
vt 0.25 2.796875
vt 0.25 2.7890625
vt -0.2421875 2.7890625
vt -0.2421875 2.796875
vt 0.25 3.01953125
vt -0.2421875 3.01953125
vt -0.2421875 3.00390625
vt 0.25 3.00390625
vt -0.2421875 3.01953125
vt 0.25 3.01953125
vt 0.25 3.00390625
vt -0.2421875 3.00390625
vt 0.8671877384185791 3.01953125
vt 0.8671877384185791 3.00390625
vt 0.8750002384185791 3.00390625
vt 0.8750002384185791 3.01953125
vt 0.8671877384185791 3.00390625
vt 0.8671877384185791 3.01953125
vt 0.8750002384185791 3.01953125
vt 0.8750002384185791 3.00390625
vt -0.3828124403953552 -2.23828125
vt -0.3749999403953552 -2.23828125
vt -0.37499988079071045 -1.61328125
vt -0.38281238079071045 -1.61328125
vt 3.875 1.261718988418579
vt 3.875 1.253906488418579
vt 3.25 1.253906488418579
vt 3.25 1.261718988418579
vt 2.625 3.01953125
vt 2.0 3.01953125
vt 2.0 3.00390625
vt 2.625 3.00390625
vt 2.0 3.01953125
vt 2.625 3.01953125
vt 2.625 3.00390625
vt 2.0 3.00390625
vt 5.6171875 3.01953125
vt 5.6171875 3.00390625
vt 5.625 3.00390625
vt 5.625 3.01953125
vt 5.6171875 3.00390625
vt 5.6171875 3.01953125
vt 5.625 3.01953125
vt 5.625 3.00390625
vt 7.17578125 0.1289064884185791
vt 7.18359375 0.1289064884185791
vt 7.18359375 0.4492189884185791
vt 7.17578125 0.4492189884185791
vt 5.625 6.4375
vt 5.6171875 6.4375
vt 5.6171875 6.7578125
vt 5.625 6.7578125
vt 4.800782203674316 3.01953125
vt 5.121094703674316 3.01953125
vt 5.121094703674316 3.00390625
vt 4.800782203674316 3.00390625
vt 5.121094703674316 3.01953125
vt 4.800782203674316 3.01953125
vt 4.800782203674316 3.00390625
vt 5.121094703674316 3.00390625
vt 6.8671875 3.01953125
vt 6.8671875 3.00390625
vt 6.875 3.00390625
vt 6.875 3.01953125
vt 6.8671875 3.00390625
vt 6.8671875 3.01953125
vt 6.875 3.01953125
vt 6.875 3.00390625
vt 6.7421875 -2.25390625
vt 6.75 -2.25390625
vt 6.75 -0.48828125
vt 6.7421875 -0.48828125
vt 6.875 3.621093988418579
vt 6.8671875 3.621093988418579
vt 6.8671875 5.38671875
vt 6.875 5.38671875
vt 1.984375238418579 3.01953125
vt 3.750000238418579 3.01953125
vt 3.750000238418579 3.00390625
vt 1.984375238418579 3.00390625
vt 3.750000238418579 3.01953125
vt 1.984375238418579 3.01953125
vt 1.984375238418579 3.00390625
vt 3.750000238418579 3.00390625
vt -0.625 3.2578125
vt -0.625 3.0078125
vt -0.62890625 3.0078125
vt -0.62890625 3.2578125
vt -0.625 3.0078125
vt -0.625 3.2578125
vt -0.62890625 3.2578125
vt -0.62890625 3.0078125
vt 3.281249761581421 6.2265625
vt 3.281249761581421 6.22265625
vt 3.78125 6.22265625
vt 3.78125 6.2265625
vt 3.281249761581421 6.22265625
vt 3.281249761581421 6.2265625
vt 3.78125 6.2265625
vt 3.78125 6.22265625
vt 9.5 3.2578125
vt 10.0 3.2578125
vt 10.0 3.0078125
vt 9.5 3.0078125
vt 10.0 3.5
vt 9.5 3.5
vt 9.5 3.25
vt 10.0 3.25
vt -0.8671875 3.01953125
vt -0.8671875 3.00390625
vt -0.875 3.00390625
vt -0.875 3.01953125
vt -0.8671875 3.00390625
vt -0.8671875 3.01953125
vt -0.875 3.01953125
vt -0.875 3.00390625
vt 6.5 0.7695310711860657
vt 6.5 0.7617185711860657
vt 7.5 0.7617185711860657
vt 7.5 0.7695310711860657
vt 1.75 5.51171875
vt 1.75 5.51953125
vt 2.75 5.51953125
vt 2.75 5.51171875
vt 6.5 3.01953125
vt 7.5 3.01953125
vt 7.5 3.00390625
vt 6.5 3.00390625
vt 7.5 3.01953125
vt 6.5 3.01953125
vt 6.5 3.00390625
vt 7.5 3.00390625
vt 2.6171875 3.01953125
vt 2.6171875 3.00390625
vt 2.625 3.00390625
vt 2.625 3.01953125
vt 2.6171875 3.00390625
vt 2.6171875 3.01953125
vt 2.625 3.01953125
vt 2.625 3.00390625
vt 3.62109375 -0.4257807731628418
vt 3.62890625 -0.4257807731628418
vt 3.62890625 -0.1054682731628418
vt 3.62109375 -0.1054682731628418
vt 2.625 2.328125238418579
vt 2.6171875 2.328125238418579
vt 2.6171875 2.648437738418579
vt 2.625 2.648437738418579
vt 0.6914068460464478 3.01953125
vt 1.0117193460464478 3.01953125
vt 1.0117193460464478 3.00390625
vt 0.6914068460464478 3.00390625
vt 1.0117193460464478 3.01953125
vt 0.6914068460464478 3.01953125
vt 0.6914068460464478 3.00390625
vt 1.0117193460464478 3.00390625
vt -0.8671875 3.01953125
vt -0.8671875 3.00390625
vt -0.875 3.00390625
vt -0.875 3.01953125
vt -0.8671875 3.00390625
vt -0.8671875 3.01953125
vt -0.875 3.01953125
vt -0.875 3.00390625
vt 6.69140625 4.39453125
vt 6.68359375 4.39453125
vt 6.68359375 4.07421875
vt 6.69140625 4.07421875
vt -0.875 4.703125
vt -0.8671875 4.703125
vt -0.8671875 4.3828125
vt -0.875 4.3828125
vt 3.066406011581421 3.01953125
vt 2.746093511581421 3.01953125
vt 2.746093511581421 3.00390625
vt 3.066406011581421 3.00390625
vt 2.746093511581421 3.01953125
vt 3.066406011581421 3.01953125
vt 3.066406011581421 3.00390625
vt 2.746093511581421 3.00390625
vt -0.8671875 3.01953125
vt -0.8671875 3.00390625
vt -0.875 3.00390625
vt -0.875 3.01953125
vt -0.8671875 3.00390625
vt -0.8671875 3.01953125
vt -0.875 3.01953125
vt -0.875 3.00390625
vt 9.5 0.7695309519767761
vt 9.5 0.7617184519767761
vt 10.15625 0.7617184519767761
vt 10.15625 0.7695309519767761
vt 3.25 7.01171875
vt 3.25 7.01953125
vt 3.90625 7.01953125
vt 3.90625 7.01171875
vt 9.5 3.01953125
vt 10.15625 3.01953125
vt 10.15625 3.00390625
vt 9.5 3.00390625
vt 10.15625 3.01953125
vt 9.5 3.01953125
vt 9.5 3.00390625
vt 10.15625 3.00390625
vt 5.6171875 3.01953125
vt 5.6171875 3.00390625
vt 5.625 3.00390625
vt 5.625 3.01953125
vt 5.6171875 3.00390625
vt 5.6171875 3.01953125
vt 5.625 3.01953125
vt 5.625 3.00390625
vt 5.12109375 -1.92578125
vt 5.12890625 -1.92578125
vt 5.12890625 -1.60546875
vt 5.12109375 -1.60546875
vt 5.625 2.328125238418579
vt 5.6171875 2.328125238418579
vt 5.6171875 2.648437738418579
vt 5.625 2.648437738418579
vt 0.69140625 3.01953125
vt 1.01171875 3.01953125
vt 1.01171875 3.00390625
vt 0.69140625 3.00390625
vt 1.01171875 3.01953125
vt 0.69140625 3.01953125
vt 0.69140625 3.00390625
vt 1.01171875 3.00390625
vt 0.8671875 3.01953125
vt 0.875 3.01953125
vt 0.875 3.00390625
vt 0.8671875 3.00390625
vt -0.25 2.50390625
vt -0.25 2.51171875
vt -1.1875 2.51171875
vt -1.1875 2.50390625
vt -0.25 2.51171875
vt -0.25 2.50390625
vt -1.1875 2.50390625
vt -1.1875 2.51171875
vt -1.1875 3.01953125
vt -1.1875 3.00390625
vt -0.25 3.00390625
vt -0.25 3.01953125
vt -0.25 3.01953125
vt -0.25 3.00390625
vt -1.1875 3.00390625
vt -1.1875 3.01953125
vt 0.875 3.00390625
vt 0.875 3.01953125
vt 0.8671875 3.01953125
vt 0.8671875 3.00390625
vt -0.87109375 3.01953125
vt -0.87890625 3.01953125
vt -0.87890625 3.00390625
vt -0.87109375 3.00390625
vt -0.87109375 2.51171875
vt -0.87890625 2.51171875
vt -0.87890625 1.8828125
vt -0.87109375 1.8828125
vt -0.87890625 2.51171875
vt -0.87109375 2.51171875
vt -0.87109375 1.8828125
vt -0.87890625 1.8828125
vt 0.24609375 3.01953125
vt 0.24609375 3.00390625
vt 0.875 3.00390625
vt 0.875 3.01953125
vt 0.875 3.01953125
vt 0.875 3.00390625
vt 0.24609375 3.00390625
vt 0.24609375 3.01953125
vt -0.87890625 3.00390625
vt -0.87890625 3.01953125
vt -0.87109375 3.01953125
vt -0.87109375 3.00390625
vt 0.2421875 3.01953125
vt 0.2421875 3.00390625
vt 0.25 3.00390625
vt 0.25 3.01953125
vt 0.2421875 3.00390625
vt 0.2421875 3.01953125
vt 0.25 3.01953125
vt 0.25 3.00390625
vt -0.875 1.87890625
vt -0.875 1.88671875
vt -1.1875 1.88671875
vt -1.1875 1.87890625
vt -0.875 1.88671875
vt -0.875 1.87890625
vt -1.1875 1.87890625
vt -1.1875 1.88671875
vt -0.875 3.01953125
vt -1.1875 3.01953125
vt -1.1875 3.00390625
vt -0.875 3.00390625
vt -1.1875 3.01953125
vt -0.875 3.01953125
vt -0.875 3.00390625
vt -1.1875 3.00390625
vt 1.8755356073379517 3.01953125
vt 1.8755356073379517 3.00390625
vt 1.8810598850250244 3.00390625
vt 1.8810598850250244 3.01953125
vt 0.9861276149749756 3.00390625
vt 0.9861276149749756 3.01953125
vt 0.9916518926620483 3.01953125
vt 0.9916518926620483 3.00390625
vt 0.9861276149749756 -0.2388167381286621
vt 0.9916518926620483 -0.2443408966064453
vt 1.8810598850250244 0.6450670957565308
vt 1.8755356073379517 0.6505913734436035
vt 0.9916518926620483 -0.2443408966064453
vt 0.9861276149749756 -0.2388167381286621
vt 1.8755356073379517 0.6505913734436035
vt 1.8810598850250244 0.6450670957565308
vt 0.9916518926620483 3.01953125
vt 1.8810598850250244 3.01953125
vt 1.8810598850250244 3.00390625
vt 0.9916518926620483 3.00390625
vt -0.9861273765563965 3.01953125
vt -1.875535488128662 3.01953125
vt -1.875535488128662 3.00390625
vt -0.9861273765563965 3.00390625
vt 1.4374998807907104 3.01953125
vt 1.4374998807907104 3.00390625
vt 1.4453123807907104 3.00390625
vt 1.4453123807907104 3.01953125
vt 1.4375 3.00390625
vt 1.4375 3.01953125
vt 1.4453125 3.01953125
vt 1.4453125 3.00390625
vt 0.39453113079071045 -1.898437738418579
vt 0.40234363079071045 -1.898437738418579
vt 0.4023435115814209 -1.4101569652557373
vt 0.3945310115814209 -1.4101569652557373
vt 1.4453125 -2.371093988418579
vt 1.4375 -2.371093988418579
vt 1.4374998807907104 -1.8828132152557373
vt 1.4453123807907104 -1.8828132152557373
vt -4.0078125 3.01953125
vt -3.5195319652557373 3.01953125
vt -3.5195319652557373 3.00390625
vt -4.0078125 3.00390625
vt -3.5195319652557373 3.01953125
vt -4.0078125 3.01953125
vt -4.0078125 3.00390625
vt -3.5195319652557373 3.00390625
vt 1.7765545845031738 1.9765625
vt 1.7765545845031738 1.120398111641407
vt 1.3977667093276978 1.120398111641407
vt 1.3977667093276978 1.9765625
vt 7.418915271759033 3.862799644470215
vt 7.418915271759033 3.3491010665893555
vt 7.515585422515869 3.3491010665893555
vt 7.515584945678711 3.862799882888794
vt 7.418915271759033 3.3491010665893555
vt 7.418915271759033 3.862799644470215
vt 7.515584945678711 3.862799882888794
vt 7.515585422515869 3.3491010665893555
vt -1.0071415901184082 -1.0173370838165283
vt -0.9104717969894409 -1.0173370838165283
vt -0.9104717969894409 -1.8735015392303467
vt -1.0071415901184082 -1.8735015392303467
vt -0.9104717969894409 -1.0173370838165283
vt -1.0071415901184082 -1.0173370838165283
vt -1.0071415901184082 -1.8735015392303467
vt -0.9104717969894409 -1.8735015392303467
vt -4.0 3.75390625
vt 1.1875 3.75390625
vt 1.1875 3.75
vt -4.0 3.75
vt 4.0 -3.0
vt 4.0 2.1875
vt -1.1875 2.187500238418579
vt -1.1875 -3.0
vt -1.1875 3.75390625
vt -1.1875 3.75
vt 4.0 3.75
vt 4.0 3.75390625
vt 4.0 3.75390625
vt 4.0 3.75
vt -1.1875 3.75
vt -1.1875 3.75390625
vt 1.187500238418579 3.75
vt 1.187500238418579 3.75390625
vt -4.0 3.75390625
vt -4.0 3.75
vt -0.7161458134651184 1.7716048955917358
vt 2.524594783782959 1.7716048955917358
vt 2.524594783782959 -1.4691357612609863
vt -0.7161458134651184 -1.4691357612609863

g RoomMesh_Geometry
f 1/1 2/2 3/3
f 4/4 2/2 1/1
f 5/5 2/2 4/4
f 6/6 2/2 5/5
f 7/7 2/2 6/6
f 8/8 2/2 7/7
f 9/9 2/2 8/8
f 10/10 3/3 2/2
f 11/11 10/10 2/2
f 12/12 11/11 2/2
f 13/13 12/12 2/2
f 14/14 13/13 2/2
f 15/15 14/14 2/2
f 9/9 15/15 2/2
f 16/16 17/17 18/18
f 16/16 19/19 17/17
f 20/20 21/21 22/22
f 20/20 23/23 21/21
f 24/24 22/22 25/25
f 24/24 20/20 22/22
f 26/26 25/25 27/27
f 26/26 24/24 25/25
f 28/28 27/27 29/29
f 28/28 26/26 27/27
f 30/30 31/31 32/32
f 30/30 33/33 31/31
f 32/32 34/34 35/35
f 32/32 31/31 34/34
f 35/35 36/36 37/37
f 35/35 34/34 36/36
f 37/37 28/28 29/29
f 37/37 36/36 28/28
f 23/23 38/38 21/21
f 23/23 39/39 38/38
f 40/40 33/33 30/30
f 40/40 41/41 33/33
f 42/42 43/43 44/44
f 42/42 45/45 43/43
f 46/46 47/47 48/48
f 46/46 49/49 47/47
f 50/50 48/48 42/42
f 50/50 46/46 48/48
f 51/51 42/42 44/44
f 51/51 50/50 42/42
f 44/44 52/52 53/53
f 44/44 43/43 52/52
f 54/54 44/44 53/53
f 54/54 51/51 44/44
f 55/55 53/53 56/56
f 55/55 54/54 53/53
f 57/57 56/56 58/58
f 57/57 55/55 56/56
f 58/58 59/59 60/60
f 58/58 61/61 59/59
f 62/62 63/63 64/64
f 62/62 65/65 63/63
f 65/65 60/60 63/63
f 65/65 66/66 60/60
f 66/66 58/58 60/60
f 66/66 57/57 58/58
f 67/67 68/68 69/69
f 67/67 70/70 68/68
f 71/71 70/70 67/67
f 71/71 72/72 70/70
f 72/72 73/73 70/70
f 72/72 74/74 73/73
f 74/74 75/75 73/73
f 74/74 76/76 75/75
f 77/77 64/64 78/78
f 77/77 79/79 64/64
f 76/76 79/79 75/75
f 76/76 80/80 79/79
f 80/80 64/64 79/79
f 80/80 62/62 64/64
f 81/81 82/82 83/83
f 81/81 84/84 82/82
f 85/85 86/86 87/87
f 85/85 88/88 86/86
f 87/87 89/89 90/90
f 87/87 86/86 89/89
f 91/91 92/92 93/93
f 91/91 94/94 92/92
f 90/90 94/94 91/91
f 90/90 89/89 94/94
f 95/95 96/96 97/97
f 95/95 98/98 96/96
f 98/98 99/99 96/96
f 98/98 100/100 99/99
f 98/98 101/101 100/100
f 101/101 102/102 100/100
f 101/101 103/103 102/102
f 101/101 104/104 103/103
f 104/104 105/105 103/103
f 106/106 97/97 96/96
f 106/106 107/107 97/97
f 108/108 96/96 99/99
f 108/108 106/106 96/96
f 109/109 99/99 100/100
f 109/109 108/108 99/99
f 110/110 100/100 102/102
f 110/110 109/109 100/100
f 111/111 102/102 103/103
f 111/111 110/110 102/102
f 112/112 103/103 105/105
f 112/112 111/111 103/103
f 113/113 114/114 115/115
f 113/113 116/116 114/114
f 116/116 117/117 114/114
f 116/116 118/118 117/117
f 116/116 119/119 118/118
f 119/119 120/120 118/118
f 119/119 121/121 120/120
f 119/119 122/122 121/121
f 122/122 123/123 121/121
f 124/124 115/115 114/114
f 124/124 125/125 115/115
f 126/126 114/114 117/117
f 126/126 124/124 114/114
f 127/127 117/117 118/118
f 127/127 126/126 117/117
f 128/128 118/118 120/120
f 128/128 127/127 118/118
f 129/129 120/120 121/121
f 129/129 128/128 120/120
f 130/130 121/121 123/123
f 130/130 129/129 121/121
f 131/131 132/132 133/133
f 131/131 134/134 132/132
f 135/135 133/133 136/136
f 135/135 131/131 133/133
f 137/137 136/136 138/138
f 137/137 135/135 136/136
f 139/139 138/138 140/140
f 139/139 137/137 138/138
f 141/141 140/140 142/142
f 141/141 139/139 140/140
f 143/143 142/142 125/125
f 143/143 141/141 142/142
f 144/144 125/125 124/124
f 144/144 143/143 125/125
f 145/145 124/124 126/126
f 145/145 144/144 124/124
f 146/146 126/126 127/127
f 146/146 145/145 126/126
f 147/147 127/127 128/128
f 147/147 146/146 127/127
f 148/148 128/128 129/129
f 148/148 147/147 128/128
f 134/134 129/129 132/132
f 134/134 148/148 129/129
f 149/149 134/134 131/131
f 149/149 131/131 135/135
f 149/149 135/135 137/137
f 149/149 137/137 139/139
f 149/149 139/139 141/141
f 149/149 141/141 143/143
f 149/149 143/143 144/144
f 149/149 144/144 145/145
f 149/149 145/145 146/146
f 149/149 146/146 147/147
f 149/149 147/147 148/148
f 149/149 148/148 134/134
f 45/45 42/42 48/48
f 45/45 47/47 150/150
f 45/45 48/48 47/47
f 56/56 61/61 58/58
f 56/56 151/151 61/61
f 63/63 78/78 64/64
f 63/63 152/152 78/78
f 75/75 77/77 153/153
f 75/75 79/79 77/77
f 153/153 73/73 75/75
f 153/153 68/68 73/73
f 68/68 70/70 73/73
f 154/154 155/155 156/156
f 154/154 157/157 155/155
f 157/157 158/158 155/155
f 157/157 159/159 158/158
f 159/159 19/19 158/158
f 159/159 17/17 19/19
f 60/60 152/152 63/63
f 60/60 59/59 152/152
f 78/78 152/152 59/59
f 53/53 151/151 56/56
f 53/53 52/52 151/151
f 61/61 151/151 52/52
f 160/160 161/161 162/162
f 163/163 161/161 160/160
f 164/164 161/161 163/163
f 165/165 161/161 164/164
f 166/166 161/161 165/165
f 167/167 161/161 166/166
f 168/168 161/161 167/167
f 169/169 162/162 161/161
f 170/170 169/169 161/161
f 171/171 170/170 161/161
f 172/172 171/171 161/161
f 173/173 172/172 161/161
f 174/174 173/173 161/161
f 168/168 174/174 161/161
f 175/175 176/176 177/177
f 175/175 178/178 176/176
f 179/179 180/180 181/181
f 179/179 182/182 180/180
f 183/183 181/181 184/184
f 183/183 179/179 181/181
f 185/185 184/184 186/186
f 185/185 183/183 184/184
f 187/187 186/186 188/188
f 187/187 185/185 186/186
f 189/189 190/190 191/191
f 189/189 192/192 190/190
f 191/191 193/193 194/194
f 191/191 190/190 193/193
f 194/194 195/195 196/196
f 194/194 193/193 195/195
f 196/196 187/187 188/188
f 196/196 195/195 187/187
f 182/182 197/197 180/180
f 182/182 198/198 197/197
f 199/199 192/192 189/189
f 199/199 200/200 192/192
f 201/201 202/202 203/203
f 201/201 204/204 202/202
f 205/205 206/206 207/207
f 205/205 208/208 206/206
f 209/209 207/207 201/201
f 209/209 205/205 207/207
f 210/210 201/201 203/203
f 210/210 209/209 201/201
f 203/203 211/211 212/212
f 203/203 202/202 211/211
f 213/213 203/203 212/212
f 213/213 210/210 203/203
f 214/214 212/212 215/215
f 214/214 213/213 212/212
f 216/216 215/215 217/217
f 216/216 214/214 215/215
f 217/217 218/218 219/219
f 217/217 220/220 218/218
f 221/221 222/222 223/223
f 221/221 224/224 222/222
f 224/224 219/219 222/222
f 224/224 225/225 219/219
f 225/225 217/217 219/219
f 225/225 216/216 217/217
f 226/226 227/227 228/228
f 226/226 229/229 227/227
f 230/230 229/229 226/226
f 230/230 231/231 229/229
f 231/231 232/232 229/229
f 231/231 233/233 232/232
f 233/233 234/234 232/232
f 233/233 235/235 234/234
f 236/236 223/223 237/237
f 236/236 238/238 223/223
f 235/235 238/238 234/234
f 235/235 239/239 238/238
f 239/239 223/223 238/238
f 239/239 221/221 223/223
f 240/240 241/241 242/242
f 240/240 243/243 241/241
f 244/244 245/245 246/246
f 244/244 247/247 245/245
f 246/246 248/248 249/249
f 246/246 245/245 248/248
f 250/250 251/251 252/252
f 250/250 253/253 251/251
f 249/249 253/253 250/250
f 249/249 248/248 253/253
f 254/254 255/255 256/256
f 254/254 257/257 255/255
f 257/257 258/258 255/255
f 257/257 259/259 258/258
f 257/257 260/260 259/259
f 260/260 261/261 259/259
f 260/260 262/262 261/261
f 260/260 263/263 262/262
f 263/263 264/264 262/262
f 265/265 256/256 255/255
f 265/265 266/266 256/256
f 267/267 255/255 258/258
f 267/267 265/265 255/255
f 268/268 258/258 259/259
f 268/268 267/267 258/258
f 269/269 259/259 261/261
f 269/269 268/268 259/259
f 270/270 261/261 262/262
f 270/270 269/269 261/261
f 271/271 262/262 264/264
f 271/271 270/270 262/262
f 272/272 273/273 274/274
f 272/272 275/275 273/273
f 275/275 276/276 273/273
f 275/275 277/277 276/276
f 275/275 278/278 277/277
f 278/278 279/279 277/277
f 278/278 280/280 279/279
f 278/278 281/281 280/280
f 281/281 282/282 280/280
f 283/283 274/274 273/273
f 283/283 284/284 274/274
f 285/285 273/273 276/276
f 285/285 283/283 273/273
f 286/286 276/276 277/277
f 286/286 285/285 276/276
f 287/287 277/277 279/279
f 287/287 286/286 277/277
f 288/288 279/279 280/280
f 288/288 287/287 279/279
f 289/289 280/280 282/282
f 289/289 288/288 280/280
f 290/290 291/291 292/292
f 290/290 293/293 291/291
f 294/294 292/292 295/295
f 294/294 290/290 292/292
f 296/296 295/295 297/297
f 296/296 294/294 295/295
f 298/298 297/297 299/299
f 298/298 296/296 297/297
f 300/300 299/299 301/301
f 300/300 298/298 299/299
f 302/302 301/301 284/284
f 302/302 300/300 301/301
f 303/303 284/284 283/283
f 303/303 302/302 284/284
f 304/304 283/283 285/285
f 304/304 303/303 283/283
f 305/305 285/285 286/286
f 305/305 304/304 285/285
f 306/306 286/286 287/287
f 306/306 305/305 286/286
f 307/307 287/287 288/288
f 307/307 306/306 287/287
f 293/293 288/288 291/291
f 293/293 307/307 288/288
f 308/308 293/293 290/290
f 308/308 290/290 294/294
f 308/308 294/294 296/296
f 308/308 296/296 298/298
f 308/308 298/298 300/300
f 308/308 300/300 302/302
f 308/308 302/302 303/303
f 308/308 303/303 304/304
f 308/308 304/304 305/305
f 308/308 305/305 306/306
f 308/308 306/306 307/307
f 308/308 307/307 293/293
f 204/204 201/201 207/207
f 204/204 206/206 309/309
f 204/204 207/207 206/206
f 215/215 220/220 217/217
f 215/215 310/310 220/220
f 222/222 237/237 223/223
f 222/222 311/311 237/237
f 234/234 236/236 312/312
f 234/234 238/238 236/236
f 312/312 232/232 234/234
f 312/312 227/227 232/232
f 227/227 229/229 232/232
f 313/313 314/314 315/315
f 313/313 316/316 314/314
f 316/316 317/317 314/314
f 316/316 318/318 317/317
f 318/318 178/178 317/317
f 318/318 176/176 178/178
f 219/219 311/311 222/222
f 219/219 218/218 311/311
f 237/237 311/311 218/218
f 212/212 310/310 215/215
f 212/212 211/211 310/310
f 220/220 310/310 211/211
f 319/319 320/320 321/321
f 322/322 320/320 319/319
f 323/323 320/320 322/322
f 324/324 320/320 323/323
f 325/325 320/320 324/324
f 326/326 320/320 325/325
f 327/327 320/320 326/326
f 328/328 321/321 320/320
f 329/329 328/328 320/320
f 330/330 329/329 320/320
f 331/331 330/330 320/320
f 332/332 331/331 320/320
f 333/333 332/332 320/320
f 327/327 333/333 320/320
f 334/334 335/335 336/336
f 334/334 337/337 335/335
f 338/338 339/339 340/340
f 338/338 341/341 339/339
f 342/342 340/340 343/343
f 342/342 338/338 340/340
f 344/344 343/343 345/345
f 344/344 342/342 343/343
f 346/346 345/345 347/347
f 346/346 344/344 345/345
f 348/348 349/349 350/350
f 348/348 351/351 349/349
f 350/350 352/352 353/353
f 350/350 349/349 352/352
f 353/353 354/354 355/355
f 353/353 352/352 354/354
f 355/355 346/346 347/347
f 355/355 354/354 346/346
f 341/341 356/356 339/339
f 341/341 357/357 356/356
f 358/358 351/351 348/348
f 358/358 359/359 351/351
f 360/360 361/361 362/362
f 360/360 363/363 361/361
f 364/364 365/365 366/366
f 364/364 367/367 365/365
f 368/368 366/366 360/360
f 368/368 364/364 366/366
f 369/369 360/360 362/362
f 369/369 368/368 360/360
f 362/362 370/370 371/371
f 362/362 361/361 370/370
f 372/372 362/362 371/371
f 372/372 369/369 362/362
f 373/373 371/371 374/374
f 373/373 372/372 371/371
f 375/375 374/374 376/376
f 375/375 373/373 374/374
f 376/376 377/377 378/378
f 376/376 379/379 377/377
f 380/380 381/381 382/382
f 380/380 383/383 381/381
f 383/383 378/378 381/381
f 383/383 384/384 378/378
f 384/384 376/376 378/378
f 384/384 375/375 376/376
f 385/385 386/386 387/387
f 385/385 388/388 386/386
f 389/389 388/388 385/385
f 389/389 390/390 388/388
f 390/390 391/391 388/388
f 390/390 392/392 391/391
f 392/392 393/393 391/391
f 392/392 394/394 393/393
f 395/395 382/382 396/396
f 395/395 397/397 382/382
f 394/394 397/397 393/393
f 394/394 398/398 397/397
f 398/398 382/382 397/397
f 398/398 380/380 382/382
f 399/399 400/400 401/401
f 399/399 402/402 400/400
f 403/403 404/404 405/405
f 403/403 406/406 404/404
f 405/405 407/407 408/408
f 405/405 404/404 407/407
f 409/409 410/410 411/411
f 409/409 412/412 410/410
f 408/408 412/412 409/409
f 408/408 407/407 412/412
f 413/413 414/414 415/415
f 413/413 416/416 414/414
f 416/416 417/417 414/414
f 416/416 418/418 417/417
f 416/416 419/419 418/418
f 419/419 420/420 418/418
f 419/419 421/421 420/420
f 419/419 422/422 421/421
f 422/422 423/423 421/421
f 424/424 415/415 414/414
f 424/424 425/425 415/415
f 426/426 414/414 417/417
f 426/426 424/424 414/414
f 427/427 417/417 418/418
f 427/427 426/426 417/417
f 428/428 418/418 420/420
f 428/428 427/427 418/418
f 429/429 420/420 421/421
f 429/429 428/428 420/420
f 430/430 421/421 423/423
f 430/430 429/429 421/421
f 431/431 432/432 433/433
f 431/431 434/434 432/432
f 434/434 435/435 432/432
f 434/434 436/436 435/435
f 434/434 437/437 436/436
f 437/437 438/438 436/436
f 437/437 439/439 438/438
f 437/437 440/440 439/439
f 440/440 441/441 439/439
f 442/442 433/433 432/432
f 442/442 443/443 433/433
f 444/444 432/432 435/435
f 444/444 442/442 432/432
f 445/445 435/435 436/436
f 445/445 444/444 435/435
f 446/446 436/436 438/438
f 446/446 445/445 436/436
f 447/447 438/438 439/439
f 447/447 446/446 438/438
f 448/448 439/439 441/441
f 448/448 447/447 439/439
f 449/449 450/450 451/451
f 449/449 452/452 450/450
f 453/453 451/451 454/454
f 453/453 449/449 451/451
f 455/455 454/454 456/456
f 455/455 453/453 454/454
f 457/457 456/456 458/458
f 457/457 455/455 456/456
f 459/459 458/458 460/460
f 459/459 457/457 458/458
f 461/461 460/460 443/443
f 461/461 459/459 460/460
f 462/462 443/443 442/442
f 462/462 461/461 443/443
f 463/463 442/442 444/444
f 463/463 462/462 442/442
f 464/464 444/444 445/445
f 464/464 463/463 444/444
f 465/465 445/445 446/446
f 465/465 464/464 445/445
f 466/466 446/446 447/447
f 466/466 465/465 446/446
f 452/452 447/447 450/450
f 452/452 466/466 447/447
f 467/467 452/452 449/449
f 467/467 449/449 453/453
f 467/467 453/453 455/455
f 467/467 455/455 457/457
f 467/467 457/457 459/459
f 467/467 459/459 461/461
f 467/467 461/461 462/462
f 467/467 462/462 463/463
f 467/467 463/463 464/464
f 467/467 464/464 465/465
f 467/467 465/465 466/466
f 467/467 466/466 452/452
f 363/363 360/360 366/366
f 363/363 365/365 468/468
f 363/363 366/366 365/365
f 374/374 379/379 376/376
f 374/374 469/469 379/379
f 381/381 396/396 382/382
f 381/381 470/470 396/396
f 393/393 395/395 471/471
f 393/393 397/397 395/395
f 471/471 391/391 393/393
f 471/471 386/386 391/391
f 386/386 388/388 391/391
f 472/472 473/473 474/474
f 472/472 475/475 473/473
f 475/475 476/476 473/473
f 475/475 477/477 476/476
f 477/477 337/337 476/476
f 477/477 335/335 337/337
f 378/378 470/470 381/381
f 378/378 377/377 470/470
f 396/396 470/470 377/377
f 371/371 469/469 374/374
f 371/371 370/370 469/469
f 379/379 469/469 370/370
f 478/478 479/479 480/480
f 481/481 479/479 478/478
f 482/482 479/479 481/481
f 483/483 479/479 482/482
f 484/484 479/479 483/483
f 485/485 479/479 484/484
f 486/486 479/479 485/485
f 487/487 480/480 479/479
f 488/488 487/487 479/479
f 489/489 488/488 479/479
f 490/490 489/489 479/479
f 491/491 490/490 479/479
f 492/492 491/491 479/479
f 486/486 492/492 479/479
f 493/493 494/494 495/495
f 493/493 496/496 494/494
f 497/497 498/498 499/499
f 497/497 500/500 498/498
f 501/501 499/499 502/502
f 501/501 497/497 499/499
f 503/503 502/502 504/504
f 503/503 501/501 502/502
f 505/505 504/504 506/506
f 505/505 503/503 504/504
f 507/507 508/508 509/509
f 507/507 510/510 508/508
f 509/509 511/511 512/512
f 509/509 508/508 511/511
f 512/512 513/513 514/514
f 512/512 511/511 513/513
f 514/514 505/505 506/506
f 514/514 513/513 505/505
f 500/500 515/515 498/498
f 500/500 516/516 515/515
f 517/517 510/510 507/507
f 517/517 518/518 510/510
f 519/519 520/520 521/521
f 519/519 522/522 520/520
f 523/523 524/524 525/525
f 523/523 526/526 524/524
f 527/527 525/525 519/519
f 527/527 523/523 525/525
f 528/528 519/519 521/521
f 528/528 527/527 519/519
f 521/521 529/529 530/530
f 521/521 520/520 529/529
f 531/531 521/521 530/530
f 531/531 528/528 521/521
f 532/532 530/530 533/533
f 532/532 531/531 530/530
f 534/534 533/533 535/535
f 534/534 532/532 533/533
f 535/535 536/536 537/537
f 535/535 538/538 536/536
f 539/539 540/540 541/541
f 539/539 542/542 540/540
f 542/542 537/537 540/540
f 542/542 543/543 537/537
f 543/543 535/535 537/537
f 543/543 534/534 535/535
f 544/544 545/545 546/546
f 544/544 547/547 545/545
f 548/548 547/547 544/544
f 548/548 549/549 547/547
f 549/549 550/550 547/547
f 549/549 551/551 550/550
f 551/551 552/552 550/550
f 551/551 553/553 552/552
f 554/554 541/541 555/555
f 554/554 556/556 541/541
f 553/553 556/556 552/552
f 553/553 557/557 556/556
f 557/557 541/541 556/556
f 557/557 539/539 541/541
f 558/558 559/559 560/560
f 558/558 561/561 559/559
f 562/562 563/563 564/564
f 562/562 565/565 563/563
f 564/564 566/566 567/567
f 564/564 563/563 566/566
f 568/568 569/569 570/570
f 568/568 571/571 569/569
f 567/567 571/571 568/568
f 567/567 566/566 571/571
f 572/572 573/573 574/574
f 572/572 575/575 573/573
f 575/575 576/576 573/573
f 575/575 577/577 576/576
f 575/575 578/578 577/577
f 578/578 579/579 577/577
f 578/578 580/580 579/579
f 578/578 581/581 580/580
f 581/581 582/582 580/580
f 583/583 574/574 573/573
f 583/583 584/584 574/574
f 585/585 573/573 576/576
f 585/585 583/583 573/573
f 586/586 576/576 577/577
f 586/586 585/585 576/576
f 587/587 577/577 579/579
f 587/587 586/586 577/577
f 588/588 579/579 580/580
f 588/588 587/587 579/579
f 589/589 580/580 582/582
f 589/589 588/588 580/580
f 590/590 591/591 592/592
f 590/590 593/593 591/591
f 593/593 594/594 591/591
f 593/593 595/595 594/594
f 593/593 596/596 595/595
f 596/596 597/597 595/595
f 596/596 598/598 597/597
f 596/596 599/599 598/598
f 599/599 600/600 598/598
f 601/601 592/592 591/591
f 601/601 602/602 592/592
f 603/603 591/591 594/594
f 603/603 601/601 591/591
f 604/604 594/594 595/595
f 604/604 603/603 594/594
f 605/605 595/595 597/597
f 605/605 604/604 595/595
f 606/606 597/597 598/598
f 606/606 605/605 597/597
f 607/607 598/598 600/600
f 607/607 606/606 598/598
f 608/608 609/609 610/610
f 608/608 611/611 609/609
f 612/612 610/610 613/613
f 612/612 608/608 610/610
f 614/614 613/613 615/615
f 614/614 612/612 613/613
f 616/616 615/615 617/617
f 616/616 614/614 615/615
f 618/618 617/617 619/619
f 618/618 616/616 617/617
f 620/620 619/619 602/602
f 620/620 618/618 619/619
f 621/621 602/602 601/601
f 621/621 620/620 602/602
f 622/622 601/601 603/603
f 622/622 621/621 601/601
f 623/623 603/603 604/604
f 623/623 622/622 603/603
f 624/624 604/604 605/605
f 624/624 623/623 604/604
f 625/625 605/605 606/606
f 625/625 624/624 605/605
f 611/611 606/606 609/609
f 611/611 625/625 606/606
f 626/626 611/611 608/608
f 626/626 608/608 612/612
f 626/626 612/612 614/614
f 626/626 614/614 616/616
f 626/626 616/616 618/618
f 626/626 618/618 620/620
f 626/626 620/620 621/621
f 626/626 621/621 622/622
f 626/626 622/622 623/623
f 626/626 623/623 624/624
f 626/626 624/624 625/625
f 626/626 625/625 611/611
f 522/522 519/519 525/525
f 522/522 524/524 627/627
f 522/522 525/525 524/524
f 533/533 538/538 535/535
f 533/533 628/628 538/538
f 540/540 555/555 541/541
f 540/540 629/629 555/555
f 552/552 554/554 630/630
f 552/552 556/556 554/554
f 630/630 550/550 552/552
f 630/630 545/545 550/550
f 545/545 547/547 550/550
f 631/631 632/632 633/633
f 631/631 634/634 632/632
f 634/634 635/635 632/632
f 634/634 636/636 635/635
f 636/636 496/496 635/635
f 636/636 494/494 496/496
f 537/537 629/629 540/540
f 537/537 536/536 629/629
f 555/555 629/629 536/536
f 530/530 628/628 533/533
f 530/530 529/529 628/628
f 538/538 628/628 529/529
f 637/637 638/638 639/639
f 640/640 637/637 639/639
f 641/641 640/640 639/639
f 642/642 641/641 639/639
f 643/643 642/642 639/639
f 644/644 643/643 639/639
f 645/645 644/644 639/639
f 646/646 645/645 639/639
f 647/647 646/646 639/639
f 648/648 647/647 639/639
f 649/649 648/648 639/639
f 650/650 649/649 639/639
f 651/651 650/650 639/639
f 652/652 651/651 639/639
f 653/653 652/652 639/639
f 654/654 653/653 639/639
f 655/655 654/654 639/639
f 656/656 655/655 639/639
f 657/657 656/656 639/639
f 658/658 657/657 639/639
f 659/659 658/658 639/639
f 660/660 659/659 639/639
f 661/661 660/660 639/639
f 662/662 661/661 639/639
f 663/663 662/662 639/639
f 664/664 663/663 639/639
f 665/665 664/664 639/639
f 666/666 665/665 639/639
f 667/667 666/666 639/639
f 668/668 667/667 639/639
f 669/669 670/670 671/671
f 672/672 669/669 671/671
f 673/673 674/674 675/675
f 676/676 673/673 675/675
f 677/677 678/678 679/679
f 680/680 677/677 679/679
f 681/681 682/682 683/683
f 684/684 681/681 683/683
f 685/685 686/686 687/687
f 688/688 685/685 687/687
f 689/689 690/690 691/691
f 692/692 689/689 691/691
f 693/693 694/694 695/695
f 696/696 693/693 695/695
f 697/697 698/698 699/699
f 700/700 697/697 699/699
f 701/701 702/702 703/703
f 704/704 701/701 703/703
f 705/705 706/706 707/707
f 708/708 705/705 707/707
f 709/709 710/710 711/711
f 712/712 709/709 711/711
f 713/713 714/714 715/715
f 716/716 713/713 715/715
f 717/717 718/718 719/719
f 720/720 717/717 719/719
f 721/721 722/722 723/723
f 724/724 721/721 723/723
f 725/725 726/726 727/727
f 728/728 725/725 727/727
f 729/729 730/730 731/731
f 732/732 729/729 731/731
f 733/733 734/734 735/735
f 736/736 733/733 735/735
f 737/737 738/738 739/739
f 740/740 737/737 739/739
f 741/741 742/742 743/743
f 744/744 741/741 743/743
f 745/745 746/746 747/747
f 748/748 745/745 747/747
f 749/749 750/750 751/751
f 752/752 749/749 751/751
f 753/753 754/754 755/755
f 756/756 753/753 755/755
f 757/757 758/758 759/759
f 760/760 757/757 759/759
f 761/761 762/762 763/763
f 764/764 761/761 763/763
f 765/765 766/766 767/767
f 768/768 765/765 767/767
f 769/769 770/770 771/771
f 772/772 769/769 771/771
f 773/773 774/774 775/775
f 776/776 773/773 775/775
f 777/777 778/778 779/779
f 780/780 777/777 779/779
f 781/781 782/782 783/783
f 784/784 781/781 783/783
f 785/785 786/786 787/787
f 788/788 785/785 787/787
f 789/789 790/790 791/791
f 792/792 789/789 791/791
f 793/793 794/794 795/795
f 796/796 793/793 795/795
f 797/797 798/798 799/799
f 800/800 797/797 799/799
f 801/801 800/800 799/799
f 802/802 801/801 799/799
f 803/803 802/802 799/799
f 804/804 803/803 799/799
f 805/805 804/804 799/799
f 806/806 805/805 799/799
f 807/807 806/806 799/799
f 808/808 807/807 799/799
f 809/809 808/808 799/799
f 810/810 809/809 799/799
f 811/811 810/810 799/799
f 812/812 811/811 799/799
f 813/813 812/812 799/799
f 814/814 813/813 799/799
f 815/815 814/814 799/799
f 816/816 815/815 799/799
f 817/817 816/816 799/799
f 818/818 817/817 799/799
f 819/819 818/818 799/799
f 820/820 819/819 799/799
f 821/821 820/820 799/799
f 822/822 821/821 799/799
f 823/823 822/822 799/799
f 824/824 823/823 799/799
f 825/825 824/824 799/799
f 826/826 825/825 799/799
f 827/827 826/826 799/799
f 828/828 827/827 799/799
f 829/829 830/830 831/831
f 832/832 829/829 831/831
f 833/833 832/832 831/831
f 834/834 833/833 831/831
f 835/835 834/834 831/831
f 836/836 835/835 831/831
f 837/837 836/836 831/831
f 838/838 837/837 831/831
f 839/839 838/838 831/831
f 840/840 839/839 831/831
f 841/841 840/840 831/831
f 842/842 841/841 831/831
f 843/843 842/842 831/831
f 844/844 843/843 831/831
f 845/845 844/844 831/831
f 846/846 845/845 831/831
f 847/847 846/846 831/831
f 848/848 847/847 831/831
f 849/849 848/848 831/831
f 850/850 849/849 831/831
f 851/851 850/850 831/831
f 852/852 851/851 831/831
f 853/853 852/852 831/831
f 854/854 853/853 831/831
f 855/855 854/854 831/831
f 856/856 855/855 831/831
f 857/857 856/856 831/831
f 858/858 857/857 831/831
f 859/859 858/858 831/831
f 860/860 859/859 831/831
f 861/861 862/862 863/863
f 864/864 861/861 863/863
f 865/865 866/866 867/867
f 868/868 865/865 867/867
f 869/869 870/870 871/871
f 872/872 869/869 871/871
f 873/873 874/874 875/875
f 876/876 873/873 875/875
f 877/877 878/878 879/879
f 880/880 877/877 879/879
f 881/881 882/882 883/883
f 884/884 881/881 883/883
f 885/885 886/886 887/887
f 888/888 885/885 887/887
f 889/889 890/890 891/891
f 892/892 889/889 891/891
f 893/893 894/894 895/895
f 896/896 893/893 895/895
f 897/897 898/898 899/899
f 900/900 897/897 899/899
f 901/901 902/902 903/903
f 904/904 901/901 903/903
f 905/905 906/906 907/907
f 908/908 905/905 907/907
f 909/909 910/910 911/911
f 912/912 909/909 911/911
f 913/913 914/914 915/915
f 916/916 913/913 915/915
f 917/917 918/918 919/919
f 920/920 917/917 919/919
f 921/921 922/922 923/923
f 924/924 921/921 923/923
f 925/925 926/926 927/927
f 928/928 925/925 927/927
f 929/929 930/930 931/931
f 932/932 929/929 931/931
f 933/933 934/934 935/935
f 936/936 933/933 935/935
f 937/937 938/938 939/939
f 940/940 937/937 939/939
f 941/941 942/942 943/943
f 944/944 941/941 943/943
f 945/945 946/946 947/947
f 948/948 945/945 947/947
f 949/949 950/950 951/951
f 952/952 949/949 951/951
f 953/953 954/954 955/955
f 956/956 953/953 955/955
f 957/957 958/958 959/959
f 960/960 957/957 959/959
f 961/961 962/962 963/963
f 964/964 961/961 963/963
f 965/965 966/966 967/967
f 968/968 965/965 967/967
f 969/969 970/970 971/971
f 972/972 969/969 971/971
f 973/973 974/974 975/975
f 976/976 973/973 975/975
f 977/977 978/978 979/979
f 980/980 977/977 979/979
f 981/981 982/982 983/983
f 984/984 981/981 983/983
f 985/985 986/986 987/987
f 988/988 985/985 987/987
f 989/989 990/990 991/991
f 992/992 989/989 991/991
f 993/993 992/992 991/991
f 994/994 993/993 991/991
f 995/995 994/994 991/991
f 996/996 995/995 991/991
f 997/997 996/996 991/991
f 998/998 997/997 991/991
f 999/999 998/998 991/991
f 1000/1000 999/999 991/991
f 1001/1001 1000/1000 991/991
f 1002/1002 1001/1001 991/991
f 1003/1003 1002/1002 991/991
f 1004/1004 1003/1003 991/991
f 1005/1005 1004/1004 991/991
f 1006/1006 1005/1005 991/991
f 1007/1007 1006/1006 991/991
f 1008/1008 1007/1007 991/991
f 1009/1009 1008/1008 991/991
f 1010/1010 1009/1009 991/991
f 1011/1011 1010/1010 991/991
f 1012/1012 1011/1011 991/991
f 1013/1013 1012/1012 991/991
f 1014/1014 1013/1013 991/991
f 1015/1015 1014/1014 991/991
f 1016/1016 1015/1015 991/991
f 1017/1017 1016/1016 991/991
f 1018/1018 1017/1017 991/991
f 1019/1019 1018/1018 991/991
f 1020/1020 1019/1019 991/991
f 1021/1021 1022/1022 1023/1023
f 1024/1024 1021/1021 1023/1023
f 1025/1025 1024/1024 1023/1023
f 1026/1026 1025/1025 1023/1023
f 1027/1027 1026/1026 1023/1023
f 1028/1028 1027/1027 1023/1023
f 1029/1029 1028/1028 1023/1023
f 1030/1030 1029/1029 1023/1023
f 1031/1031 1030/1030 1023/1023
f 1032/1032 1031/1031 1023/1023
f 1033/1033 1032/1032 1023/1023
f 1034/1034 1033/1033 1023/1023
f 1035/1035 1034/1034 1023/1023
f 1036/1036 1035/1035 1023/1023
f 1037/1037 1036/1036 1023/1023
f 1038/1038 1037/1037 1023/1023
f 1039/1039 1038/1038 1023/1023
f 1040/1040 1039/1039 1023/1023
f 1041/1041 1040/1040 1023/1023
f 1042/1042 1041/1041 1023/1023
f 1043/1043 1042/1042 1023/1023
f 1044/1044 1043/1043 1023/1023
f 1045/1045 1044/1044 1023/1023
f 1046/1046 1045/1045 1023/1023
f 1047/1047 1046/1046 1023/1023
f 1048/1048 1047/1047 1023/1023
f 1049/1049 1048/1048 1023/1023
f 1050/1050 1049/1049 1023/1023
f 1051/1051 1050/1050 1023/1023
f 1052/1052 1051/1051 1023/1023
f 1053/1053 1054/1054 1055/1055
f 1056/1056 1053/1053 1055/1055
f 1057/1057 1058/1058 1059/1059
f 1060/1060 1057/1057 1059/1059
f 1061/1061 1062/1062 1063/1063
f 1064/1064 1061/1061 1063/1063
f 1065/1065 1066/1066 1067/1067
f 1068/1068 1065/1065 1067/1067
f 1069/1069 1070/1070 1071/1071
f 1072/1072 1069/1069 1071/1071
f 1073/1073 1074/1074 1075/1075
f 1076/1076 1073/1073 1075/1075
f 1077/1077 1078/1078 1079/1079
f 1080/1080 1077/1077 1079/1079
f 1081/1081 1082/1082 1083/1083
f 1084/1084 1081/1081 1083/1083
f 1085/1085 1086/1086 1087/1087
f 1088/1088 1085/1085 1087/1087
f 1089/1089 1090/1090 1091/1091
f 1092/1092 1089/1089 1091/1091
f 1093/1093 1094/1094 1095/1095
f 1096/1096 1093/1093 1095/1095
f 1097/1097 1098/1098 1099/1099
f 1100/1100 1097/1097 1099/1099
f 1101/1101 1102/1102 1103/1103
f 1104/1104 1101/1101 1103/1103
f 1105/1105 1106/1106 1107/1107
f 1108/1108 1105/1105 1107/1107
f 1109/1109 1110/1110 1111/1111
f 1112/1112 1109/1109 1111/1111
f 1113/1113 1114/1114 1115/1115
f 1116/1116 1113/1113 1115/1115
f 1117/1117 1118/1118 1119/1119
f 1120/1120 1117/1117 1119/1119
f 1121/1121 1122/1122 1123/1123
f 1124/1124 1121/1121 1123/1123
f 1125/1125 1126/1126 1127/1127
f 1128/1128 1125/1125 1127/1127
f 1129/1129 1130/1130 1131/1131
f 1132/1132 1129/1129 1131/1131
f 1133/1133 1134/1134 1135/1135
f 1136/1136 1133/1133 1135/1135
f 1137/1137 1138/1138 1139/1139
f 1140/1140 1137/1137 1139/1139
f 1141/1141 1142/1142 1143/1143
f 1144/1144 1141/1141 1143/1143
f 1145/1145 1146/1146 1147/1147
f 1148/1148 1145/1145 1147/1147
f 1149/1149 1150/1150 1151/1151
f 1152/1152 1149/1149 1151/1151
f 1153/1153 1154/1154 1155/1155
f 1156/1156 1153/1153 1155/1155
f 1157/1157 1158/1158 1159/1159
f 1160/1160 1157/1157 1159/1159
f 1161/1161 1162/1162 1163/1163
f 1164/1164 1161/1161 1163/1163
f 1165/1165 1166/1166 1167/1167
f 1168/1168 1165/1165 1167/1167
f 1169/1169 1170/1170 1171/1171
f 1172/1172 1169/1169 1171/1171
f 1173/1173 1174/1174 1175/1175
f 1176/1176 1173/1173 1175/1175
f 1177/1177 1178/1178 1179/1179
f 1180/1180 1177/1177 1179/1179
f 1181/1181 1182/1182 1183/1183
f 1184/1184 1181/1181 1183/1183
f 1185/1185 1184/1184 1183/1183
f 1186/1186 1185/1185 1183/1183
f 1187/1187 1186/1186 1183/1183
f 1188/1188 1187/1187 1183/1183
f 1189/1189 1188/1188 1183/1183
f 1190/1190 1189/1189 1183/1183
f 1191/1191 1190/1190 1183/1183
f 1192/1192 1191/1191 1183/1183
f 1193/1193 1192/1192 1183/1183
f 1194/1194 1193/1193 1183/1183
f 1195/1195 1194/1194 1183/1183
f 1196/1196 1195/1195 1183/1183
f 1197/1197 1196/1196 1183/1183
f 1198/1198 1197/1197 1183/1183
f 1199/1199 1198/1198 1183/1183
f 1200/1200 1199/1199 1183/1183
f 1201/1201 1200/1200 1183/1183
f 1202/1202 1201/1201 1183/1183
f 1203/1203 1202/1202 1183/1183
f 1204/1204 1203/1203 1183/1183
f 1205/1205 1204/1204 1183/1183
f 1206/1206 1205/1205 1183/1183
f 1207/1207 1206/1206 1183/1183
f 1208/1208 1207/1207 1183/1183
f 1209/1209 1208/1208 1183/1183
f 1210/1210 1209/1209 1183/1183
f 1211/1211 1210/1210 1183/1183
f 1212/1212 1211/1211 1183/1183
f 1213/1213 1214/1214 1215/1215
f 1216/1216 1213/1213 1215/1215
f 1217/1217 1218/1218 1219/1219
f 1220/1220 1217/1217 1219/1219
f 1221/1221 1222/1222 1223/1223
f 1224/1224 1221/1221 1223/1223
f 1225/1225 1226/1226 1227/1227
f 1228/1228 1225/1225 1227/1227
f 1229/1229 1230/1230 1231/1231
f 1232/1232 1229/1229 1231/1231
f 1233/1233 1234/1234 1235/1235
f 1236/1236 1233/1233 1235/1235
f 1237/1237 1238/1238 1239/1239
f 1240/1240 1237/1237 1239/1239
f 1241/1241 1242/1242 1243/1243
f 1244/1244 1241/1241 1243/1243
f 1245/1245 1246/1246 1247/1247
f 1248/1248 1245/1245 1247/1247
f 1249/1249 1250/1250 1251/1251
f 1252/1252 1249/1249 1251/1251
f 1253/1253 1254/1254 1255/1255
f 1256/1256 1253/1253 1255/1255
f 1257/1257 1258/1258 1259/1259
f 1260/1260 1257/1257 1259/1259
f 1261/1261 1262/1262 1263/1263
f 1264/1264 1261/1261 1263/1263
f 1265/1265 1266/1266 1267/1267
f 1268/1268 1265/1265 1267/1267
f 1269/1269 1270/1270 1271/1271
f 1272/1272 1269/1269 1271/1271
f 1273/1273 1274/1274 1275/1275
f 1276/1276 1273/1273 1275/1275
f 1277/1277 1278/1278 1279/1279
f 1280/1280 1277/1277 1279/1279
f 1281/1281 1282/1282 1283/1283
f 1284/1284 1281/1281 1283/1283
f 1285/1285 1286/1286 1287/1287
f 1288/1288 1285/1285 1287/1287
f 1289/1289 1290/1290 1291/1291
f 1292/1292 1289/1289 1291/1291
f 1293/1293 1294/1294 1295/1295
f 1296/1296 1293/1293 1295/1295
f 1297/1297 1298/1298 1299/1299
f 1300/1300 1297/1297 1299/1299
f 1301/1301 1302/1302 1303/1303
f 1304/1304 1301/1301 1303/1303
f 1305/1305 1306/1306 1307/1307
f 1308/1308 1305/1305 1307/1307
f 1309/1309 1310/1310 1311/1311
f 1312/1312 1309/1309 1311/1311
f 1313/1313 1314/1314 1315/1315
f 1316/1316 1313/1313 1315/1315
f 1317/1317 1318/1318 1319/1319
f 1320/1320 1317/1317 1319/1319
f 1321/1321 1322/1322 1323/1323
f 1324/1324 1321/1321 1323/1323
f 1325/1325 1326/1326 1327/1327
f 1328/1328 1325/1325 1327/1327
f 1329/1329 1330/1330 1331/1331
f 1332/1332 1329/1329 1331/1331
f 1333/1333 1334/1334 1335/1335
f 1336/1336 1333/1333 1335/1335
f 1337/1337 1338/1338 1339/1339
f 1340/1340 1337/1337 1339/1339
f 1341/1341 1342/1342 1343/1343
f 1344/1344 1341/1341 1343/1343
f 1345/1345 1344/1344 1343/1343
f 1346/1346 1345/1345 1343/1343
f 1347/1347 1346/1346 1343/1343
f 1348/1348 1347/1347 1343/1343
f 1349/1349 1348/1348 1343/1343
f 1350/1350 1349/1349 1343/1343
f 1351/1351 1350/1350 1343/1343
f 1352/1352 1351/1351 1343/1343
f 1353/1353 1352/1352 1343/1343
f 1354/1354 1353/1353 1343/1343
f 1355/1355 1354/1354 1343/1343
f 1356/1356 1355/1355 1343/1343
f 1357/1357 1356/1356 1343/1343
f 1358/1358 1357/1357 1343/1343
f 1359/1359 1358/1358 1343/1343
f 1360/1360 1359/1359 1343/1343
f 1361/1361 1360/1360 1343/1343
f 1362/1362 1361/1361 1343/1343
f 1363/1363 1362/1362 1343/1343
f 1364/1364 1363/1363 1343/1343
f 1365/1365 1364/1364 1343/1343
f 1366/1366 1365/1365 1343/1343
f 1367/1367 1366/1366 1343/1343
f 1368/1368 1367/1367 1343/1343
f 1369/1369 1368/1368 1343/1343
f 1370/1370 1369/1369 1343/1343
f 1371/1371 1370/1370 1343/1343
f 1372/1372 1371/1371 1343/1343
f 1373/1373 1374/1374 1375/1375
f 1376/1376 1373/1373 1375/1375
f 1377/1377 1376/1376 1375/1375
f 1378/1378 1377/1377 1375/1375
f 1379/1379 1378/1378 1375/1375
f 1380/1380 1379/1379 1375/1375
f 1381/1381 1380/1380 1375/1375
f 1382/1382 1381/1381 1375/1375
f 1383/1383 1382/1382 1375/1375
f 1384/1384 1383/1383 1375/1375
f 1385/1385 1384/1384 1375/1375
f 1386/1386 1385/1385 1375/1375
f 1387/1387 1386/1386 1375/1375
f 1388/1388 1387/1387 1375/1375
f 1389/1389 1388/1388 1375/1375
f 1390/1390 1389/1389 1375/1375
f 1391/1391 1390/1390 1375/1375
f 1392/1392 1391/1391 1375/1375
f 1393/1393 1392/1392 1375/1375
f 1394/1394 1393/1393 1375/1375
f 1395/1395 1394/1394 1375/1375
f 1396/1396 1395/1395 1375/1375
f 1397/1397 1396/1396 1375/1375
f 1398/1398 1397/1397 1375/1375
f 1399/1399 1398/1398 1375/1375
f 1400/1400 1399/1399 1375/1375
f 1401/1401 1400/1400 1375/1375
f 1402/1402 1401/1401 1375/1375
f 1403/1403 1402/1402 1375/1375
f 1404/1404 1403/1403 1375/1375
f 1405/1405 1406/1406 1407/1407
f 1408/1408 1405/1405 1407/1407
f 1409/1409 1408/1408 1407/1407
f 1410/1410 1409/1409 1407/1407
f 1411/1411 1410/1410 1407/1407
f 1412/1412 1411/1411 1407/1407
f 1413/1413 1412/1412 1407/1407
f 1414/1414 1413/1413 1407/1407
f 1415/1415 1414/1414 1407/1407
f 1416/1416 1415/1415 1407/1407
f 1417/1417 1416/1416 1407/1407
f 1418/1418 1417/1417 1407/1407
f 1419/1419 1418/1418 1407/1407
f 1420/1420 1419/1419 1407/1407
f 1421/1421 1420/1420 1407/1407
f 1422/1422 1421/1421 1407/1407
f 1423/1423 1422/1422 1407/1407
f 1424/1424 1423/1423 1407/1407
f 1425/1425 1424/1424 1407/1407
f 1426/1426 1425/1425 1407/1407
f 1427/1427 1426/1426 1407/1407
f 1428/1428 1427/1427 1407/1407
f 1429/1429 1428/1428 1407/1407
f 1430/1430 1429/1429 1407/1407
f 1431/1431 1430/1430 1407/1407
f 1432/1432 1431/1431 1407/1407
f 1433/1433 1432/1432 1407/1407
f 1434/1434 1433/1433 1407/1407
f 1435/1435 1434/1434 1407/1407
f 1436/1436 1435/1435 1407/1407
f 1437/1437 1438/1438 1439/1439
f 1440/1440 1437/1437 1439/1439
f 1441/1441 1442/1442 1443/1443
f 1444/1444 1441/1441 1443/1443
f 1445/1445 1446/1446 1447/1447
f 1448/1448 1445/1445 1447/1447
f 1449/1449 1450/1450 1451/1451
f 1452/1452 1449/1449 1451/1451
f 1453/1453 1454/1454 1455/1455
f 1456/1456 1453/1453 1455/1455
f 1457/1457 1458/1458 1459/1459
f 1460/1460 1457/1457 1459/1459
f 1461/1461 1462/1462 1463/1463
f 1464/1464 1461/1461 1463/1463
f 1465/1465 1466/1466 1467/1467
f 1468/1468 1465/1465 1467/1467
f 1469/1469 1470/1470 1471/1471
f 1472/1472 1469/1469 1471/1471
f 1473/1473 1474/1474 1475/1475
f 1476/1476 1473/1473 1475/1475
f 1477/1477 1478/1478 1479/1479
f 1480/1480 1477/1477 1479/1479
f 1481/1481 1482/1482 1483/1483
f 1484/1484 1481/1481 1483/1483
f 1485/1485 1486/1486 1487/1487
f 1488/1488 1485/1485 1487/1487
f 1489/1489 1490/1490 1491/1491
f 1492/1492 1489/1489 1491/1491
f 1493/1493 1494/1494 1495/1495
f 1496/1496 1493/1493 1495/1495
f 1497/1497 1498/1498 1499/1499
f 1500/1500 1497/1497 1499/1499
f 1501/1501 1502/1502 1503/1503
f 1504/1504 1501/1501 1503/1503
f 1505/1505 1506/1506 1507/1507
f 1508/1508 1505/1505 1507/1507
f 1509/1509 1510/1510 1511/1511
f 1512/1512 1509/1509 1511/1511
f 1513/1513 1514/1514 1515/1515
f 1516/1516 1513/1513 1515/1515
f 1517/1517 1518/1518 1519/1519
f 1520/1520 1517/1517 1519/1519
f 1521/1521 1522/1522 1523/1523
f 1524/1524 1521/1521 1523/1523
f 1525/1525 1526/1526 1527/1527
f 1528/1528 1525/1525 1527/1527
f 1529/1529 1530/1530 1531/1531
f 1532/1532 1529/1529 1531/1531
f 1533/1533 1534/1534 1535/1535
f 1536/1536 1533/1533 1535/1535
f 1537/1537 1538/1538 1539/1539
f 1540/1540 1537/1537 1539/1539
f 1541/1541 1542/1542 1543/1543
f 1544/1544 1541/1541 1543/1543
f 1545/1545 1546/1546 1547/1547
f 1548/1548 1545/1545 1547/1547
f 1549/1549 1550/1550 1551/1551
f 1552/1552 1549/1549 1551/1551
f 1553/1553 1554/1554 1555/1555
f 1556/1556 1553/1553 1555/1555
f 1557/1557 1558/1558 1559/1559
f 1560/1560 1557/1557 1559/1559
f 1561/1561 1562/1562 1563/1563
f 1564/1564 1561/1561 1563/1563
f 1565/1565 1566/1566 1567/1567
f 1568/1568 1565/1565 1567/1567
f 1569/1569 1568/1568 1567/1567
f 1570/1570 1569/1569 1567/1567
f 1571/1571 1570/1570 1567/1567
f 1572/1572 1571/1571 1567/1567
f 1573/1573 1572/1572 1567/1567
f 1574/1574 1573/1573 1567/1567
f 1575/1575 1574/1574 1567/1567
f 1576/1576 1575/1575 1567/1567
f 1577/1577 1576/1576 1567/1567
f 1578/1578 1577/1577 1567/1567
f 1579/1579 1578/1578 1567/1567
f 1580/1580 1579/1579 1567/1567
f 1581/1581 1580/1580 1567/1567
f 1582/1582 1581/1581 1567/1567
f 1583/1583 1582/1582 1567/1567
f 1584/1584 1583/1583 1567/1567
f 1585/1585 1584/1584 1567/1567
f 1586/1586 1585/1585 1567/1567
f 1587/1587 1586/1586 1567/1567
f 1588/1588 1587/1587 1567/1567
f 1589/1589 1588/1588 1567/1567
f 1590/1590 1589/1589 1567/1567
f 1591/1591 1590/1590 1567/1567
f 1592/1592 1591/1591 1567/1567
f 1593/1593 1592/1592 1567/1567
f 1594/1594 1593/1593 1567/1567
f 1595/1595 1594/1594 1567/1567
f 1596/1596 1595/1595 1567/1567
f 1597/1597 1598/1598 1599/1599
f 1600/1600 1597/1597 1599/1599
f 1601/1601 1602/1602 1603/1603
f 1604/1604 1601/1601 1603/1603
f 1605/1605 1606/1606 1607/1607
f 1608/1608 1605/1605 1607/1607
f 1609/1609 1610/1610 1611/1611
f 1612/1612 1609/1609 1611/1611
f 1613/1613 1614/1614 1615/1615
f 1616/1616 1613/1613 1615/1615
f 1617/1617 1618/1618 1619/1619
f 1620/1620 1617/1617 1619/1619
f 1621/1621 1622/1622 1623/1623
f 1624/1624 1621/1621 1623/1623
f 1625/1625 1626/1626 1627/1627
f 1628/1628 1625/1625 1627/1627
f 1629/1629 1630/1630 1631/1631
f 1632/1632 1629/1629 1631/1631
f 1633/1633 1634/1634 1635/1635
f 1636/1636 1633/1633 1635/1635
f 1637/1637 1638/1638 1639/1639
f 1640/1640 1637/1637 1639/1639
f 1641/1641 1642/1642 1643/1643
f 1644/1644 1641/1641 1643/1643
f 1645/1645 1646/1646 1647/1647
f 1648/1648 1645/1645 1647/1647
f 1649/1649 1650/1650 1651/1651
f 1652/1652 1649/1649 1651/1651
f 1653/1653 1654/1654 1655/1655
f 1656/1656 1653/1653 1655/1655
f 1657/1657 1658/1658 1659/1659
f 1660/1660 1657/1657 1659/1659
f 1661/1661 1662/1662 1663/1663
f 1664/1664 1661/1661 1663/1663
f 1665/1665 1666/1666 1667/1667
f 1668/1668 1665/1665 1667/1667
f 1669/1669 1670/1670 1671/1671
f 1672/1672 1669/1669 1671/1671
f 1673/1673 1674/1674 1675/1675
f 1676/1676 1673/1673 1675/1675
f 1677/1677 1678/1678 1679/1679
f 1680/1680 1677/1677 1679/1679
f 1681/1681 1682/1682 1683/1683
f 1684/1684 1681/1681 1683/1683
f 1685/1685 1686/1686 1687/1687
f 1688/1688 1685/1685 1687/1687
f 1689/1689 1690/1690 1691/1691
f 1692/1692 1689/1689 1691/1691
f 1693/1693 1694/1694 1695/1695
f 1696/1696 1693/1693 1695/1695
f 1697/1697 1698/1698 1699/1699
f 1700/1700 1697/1697 1699/1699
f 1701/1701 1702/1702 1703/1703
f 1704/1704 1701/1701 1703/1703
f 1705/1705 1706/1706 1707/1707
f 1708/1708 1705/1705 1707/1707
f 1709/1709 1710/1710 1711/1711
f 1712/1712 1709/1709 1711/1711
f 1713/1713 1714/1714 1715/1715
f 1716/1716 1713/1713 1715/1715
f 1717/1717 1718/1718 1719/1719
f 1720/1720 1717/1717 1719/1719
f 1721/1721 1722/1722 1723/1723
f 1724/1724 1721/1721 1723/1723
f 1725/1725 1726/1726 1727/1727
f 1728/1728 1725/1725 1727/1727
f 1729/1729 1728/1728 1727/1727
f 1730/1730 1729/1729 1727/1727
f 1731/1731 1730/1730 1727/1727
f 1732/1732 1731/1731 1727/1727
f 1733/1733 1732/1732 1727/1727
f 1734/1734 1733/1733 1727/1727
f 1735/1735 1734/1734 1727/1727
f 1736/1736 1735/1735 1727/1727
f 1737/1737 1736/1736 1727/1727
f 1738/1738 1737/1737 1727/1727
f 1739/1739 1738/1738 1727/1727
f 1740/1740 1739/1739 1727/1727
f 1741/1741 1740/1740 1727/1727
f 1742/1742 1741/1741 1727/1727
f 1743/1743 1742/1742 1727/1727
f 1744/1744 1743/1743 1727/1727
f 1745/1745 1744/1744 1727/1727
f 1746/1746 1745/1745 1727/1727
f 1747/1747 1746/1746 1727/1727
f 1748/1748 1747/1747 1727/1727
f 1749/1749 1748/1748 1727/1727
f 1750/1750 1749/1749 1727/1727
f 1751/1751 1750/1750 1727/1727
f 1752/1752 1751/1751 1727/1727
f 1753/1753 1752/1752 1727/1727
f 1754/1754 1753/1753 1727/1727
f 1755/1755 1754/1754 1727/1727
f 1756/1756 1755/1755 1727/1727
f 1757/1757 1758/1758 1759/1759
f 1760/1760 1757/1757 1759/1759
f 1761/1761 1760/1760 1759/1759
f 1762/1762 1761/1761 1759/1759
f 1763/1763 1762/1762 1759/1759
f 1764/1764 1763/1763 1759/1759
f 1765/1765 1764/1764 1759/1759
f 1766/1766 1765/1765 1759/1759
f 1767/1767 1766/1766 1759/1759
f 1768/1768 1767/1767 1759/1759
f 1769/1769 1768/1768 1759/1759
f 1770/1770 1769/1769 1759/1759
f 1771/1771 1770/1770 1759/1759
f 1772/1772 1771/1771 1759/1759
f 1773/1773 1772/1772 1759/1759
f 1774/1774 1773/1773 1759/1759
f 1775/1775 1774/1774 1759/1759
f 1776/1776 1775/1775 1759/1759
f 1777/1777 1776/1776 1759/1759
f 1778/1778 1777/1777 1759/1759
f 1779/1779 1778/1778 1759/1759
f 1780/1780 1779/1779 1759/1759
f 1781/1781 1780/1780 1759/1759
f 1782/1782 1781/1781 1759/1759
f 1783/1783 1782/1782 1759/1759
f 1784/1784 1783/1783 1759/1759
f 1785/1785 1784/1784 1759/1759
f 1786/1786 1785/1785 1759/1759
f 1787/1787 1786/1786 1759/1759
f 1788/1788 1787/1787 1759/1759
f 1789/1789 1790/1790 1791/1791
f 1792/1792 1789/1789 1791/1791
f 1793/1793 1792/1792 1791/1791
f 1794/1794 1793/1793 1791/1791
f 1795/1795 1794/1794 1791/1791
f 1796/1796 1795/1795 1791/1791
f 1797/1797 1796/1796 1791/1791
f 1798/1798 1797/1797 1791/1791
f 1799/1799 1798/1798 1791/1791
f 1800/1800 1799/1799 1791/1791
f 1801/1801 1800/1800 1791/1791
f 1802/1802 1801/1801 1791/1791
f 1803/1803 1802/1802 1791/1791
f 1804/1804 1803/1803 1791/1791
f 1805/1805 1804/1804 1791/1791
f 1806/1806 1805/1805 1791/1791
f 1807/1807 1806/1806 1791/1791
f 1808/1808 1807/1807 1791/1791
f 1809/1809 1808/1808 1791/1791
f 1810/1810 1809/1809 1791/1791
f 1811/1811 1810/1810 1791/1791
f 1812/1812 1811/1811 1791/1791
f 1813/1813 1812/1812 1791/1791
f 1814/1814 1813/1813 1791/1791
f 1815/1815 1814/1814 1791/1791
f 1816/1816 1815/1815 1791/1791
f 1817/1817 1816/1816 1791/1791
f 1818/1818 1817/1817 1791/1791
f 1819/1819 1818/1818 1791/1791
f 1820/1820 1819/1819 1791/1791
f 1821/1821 1822/1822 1823/1823
f 1824/1824 1821/1821 1823/1823
f 1825/1825 1826/1826 1827/1827
f 1828/1828 1825/1825 1827/1827
f 1829/1829 1830/1830 1831/1831
f 1832/1832 1829/1829 1831/1831
f 1833/1833 1834/1834 1835/1835
f 1836/1836 1833/1833 1835/1835
f 1837/1837 1838/1838 1839/1839
f 1840/1840 1837/1837 1839/1839
f 1841/1841 1842/1842 1843/1843
f 1844/1844 1841/1841 1843/1843
f 1845/1845 1846/1846 1847/1847
f 1848/1848 1845/1845 1847/1847
f 1849/1849 1850/1850 1851/1851
f 1852/1852 1849/1849 1851/1851
f 1853/1853 1854/1854 1855/1855
f 1856/1856 1853/1853 1855/1855
f 1857/1857 1858/1858 1859/1859
f 1860/1860 1857/1857 1859/1859
f 1861/1861 1862/1862 1863/1863
f 1864/1864 1861/1861 1863/1863
f 1865/1865 1866/1866 1867/1867
f 1868/1868 1865/1865 1867/1867
f 1869/1869 1870/1870 1871/1871
f 1872/1872 1869/1869 1871/1871
f 1873/1873 1874/1874 1875/1875
f 1876/1876 1873/1873 1875/1875
f 1877/1877 1878/1878 1879/1879
f 1880/1880 1877/1877 1879/1879
f 1881/1881 1882/1882 1883/1883
f 1884/1884 1881/1881 1883/1883
f 1885/1885 1886/1886 1887/1887
f 1888/1888 1885/1885 1887/1887
f 1889/1889 1890/1890 1891/1891
f 1892/1892 1889/1889 1891/1891
f 1893/1893 1894/1894 1895/1895
f 1896/1896 1893/1893 1895/1895
f 1897/1897 1898/1898 1899/1899
f 1900/1900 1897/1897 1899/1899
f 1901/1901 1902/1902 1903/1903
f 1904/1904 1901/1901 1903/1903
f 1905/1905 1906/1906 1907/1907
f 1908/1908 1905/1905 1907/1907
f 1909/1909 1910/1910 1911/1911
f 1912/1912 1909/1909 1911/1911
f 1913/1913 1914/1914 1915/1915
f 1916/1916 1913/1913 1915/1915
f 1917/1917 1918/1918 1919/1919
f 1920/1920 1917/1917 1919/1919
f 1921/1921 1922/1922 1923/1923
f 1924/1924 1921/1921 1923/1923
f 1925/1925 1926/1926 1927/1927
f 1928/1928 1925/1925 1927/1927
f 1929/1929 1930/1930 1931/1931
f 1932/1932 1929/1929 1931/1931
f 1933/1933 1934/1934 1935/1935
f 1936/1936 1933/1933 1935/1935
f 1937/1937 1938/1938 1939/1939
f 1940/1940 1937/1937 1939/1939
f 1941/1941 1942/1942 1943/1943
f 1944/1944 1941/1941 1943/1943
f 1945/1945 1946/1946 1947/1947
f 1948/1948 1945/1945 1947/1947
f 1949/1949 1950/1950 1951/1951
f 1952/1952 1949/1949 1951/1951
f 1953/1953 1952/1952 1951/1951
f 1954/1954 1953/1953 1951/1951
f 1955/1955 1954/1954 1951/1951
f 1956/1956 1955/1955 1951/1951
f 1957/1957 1956/1956 1951/1951
f 1958/1958 1957/1957 1951/1951
f 1959/1959 1958/1958 1951/1951
f 1960/1960 1959/1959 1951/1951
f 1961/1961 1960/1960 1951/1951
f 1962/1962 1961/1961 1951/1951
f 1963/1963 1962/1962 1951/1951
f 1964/1964 1963/1963 1951/1951
f 1965/1965 1964/1964 1951/1951
f 1966/1966 1965/1965 1951/1951
f 1967/1967 1966/1966 1951/1951
f 1968/1968 1967/1967 1951/1951
f 1969/1969 1968/1968 1951/1951
f 1970/1970 1969/1969 1951/1951
f 1971/1971 1970/1970 1951/1951
f 1972/1972 1971/1971 1951/1951
f 1973/1973 1972/1972 1951/1951
f 1974/1974 1973/1973 1951/1951
f 1975/1975 1974/1974 1951/1951
f 1976/1976 1975/1975 1951/1951
f 1977/1977 1976/1976 1951/1951
f 1978/1978 1977/1977 1951/1951
f 1979/1979 1978/1978 1951/1951
f 1980/1980 1979/1979 1951/1951
f 1981/1981 1982/1982 1983/1983
f 1984/1984 1981/1981 1983/1983
f 1985/1985 1986/1986 1987/1987
f 1988/1988 1985/1985 1987/1987
f 1989/1989 1990/1990 1991/1991
f 1992/1992 1989/1989 1991/1991
f 1993/1993 1994/1994 1995/1995
f 1996/1996 1993/1993 1995/1995
f 1997/1997 1998/1998 1999/1999
f 2000/2000 1997/1997 1999/1999
f 2001/2001 2002/2002 2003/2003
f 2004/2004 2001/2001 2003/2003
f 2005/2005 2006/2006 2007/2007
f 2008/2008 2005/2005 2007/2007
f 2009/2009 2010/2010 2011/2011
f 2012/2012 2009/2009 2011/2011
f 2013/2013 2014/2014 2015/2015
f 2016/2016 2013/2013 2015/2015
f 2017/2017 2018/2018 2019/2019
f 2020/2020 2017/2017 2019/2019
f 2021/2021 2022/2022 2023/2023
f 2024/2024 2021/2021 2023/2023
f 2025/2025 2026/2026 2027/2027
f 2028/2028 2025/2025 2027/2027
f 2029/2029 2030/2030 2031/2031
f 2032/2032 2029/2029 2031/2031
f 2033/2033 2034/2034 2035/2035
f 2036/2036 2033/2033 2035/2035
f 2037/2037 2038/2038 2039/2039
f 2040/2040 2037/2037 2039/2039
f 2041/2041 2042/2042 2043/2043
f 2044/2044 2041/2041 2043/2043
f 2045/2045 2046/2046 2047/2047
f 2048/2048 2045/2045 2047/2047
f 2049/2049 2050/2050 2051/2051
f 2052/2052 2049/2049 2051/2051
f 2053/2053 2054/2054 2055/2055
f 2056/2056 2053/2053 2055/2055
f 2057/2057 2058/2058 2059/2059
f 2060/2060 2057/2057 2059/2059
f 2061/2061 2062/2062 2063/2063
f 2064/2064 2061/2061 2063/2063
f 2065/2065 2066/2066 2067/2067
f 2068/2068 2065/2065 2067/2067
f 2069/2069 2070/2070 2071/2071
f 2072/2072 2069/2069 2071/2071
f 2073/2073 2074/2074 2075/2075
f 2076/2076 2073/2073 2075/2075
f 2077/2077 2078/2078 2079/2079
f 2080/2080 2077/2077 2079/2079
f 2081/2081 2082/2082 2083/2083
f 2084/2084 2081/2081 2083/2083
f 2085/2085 2086/2086 2087/2087
f 2088/2088 2085/2085 2087/2087
f 2089/2089 2090/2090 2091/2091
f 2092/2092 2089/2089 2091/2091
f 2093/2093 2094/2094 2095/2095
f 2096/2096 2093/2093 2095/2095
f 2097/2097 2098/2098 2099/2099
f 2100/2100 2097/2097 2099/2099
f 2101/2101 2102/2102 2103/2103
f 2104/2104 2101/2101 2103/2103
f 2105/2105 2106/2106 2107/2107
f 2108/2108 2105/2105 2107/2107
f 2109/2109 2110/2110 2111/2111
f 2112/2112 2109/2109 2111/2111
f 2113/2113 2112/2112 2111/2111
f 2114/2114 2113/2113 2111/2111
f 2115/2115 2114/2114 2111/2111
f 2116/2116 2115/2115 2111/2111
f 2117/2117 2116/2116 2111/2111
f 2118/2118 2117/2117 2111/2111
f 2119/2119 2118/2118 2111/2111
f 2120/2120 2119/2119 2111/2111
f 2121/2121 2120/2120 2111/2111
f 2122/2122 2121/2121 2111/2111
f 2123/2123 2122/2122 2111/2111
f 2124/2124 2123/2123 2111/2111
f 2125/2125 2124/2124 2111/2111
f 2126/2126 2125/2125 2111/2111
f 2127/2127 2126/2126 2111/2111
f 2128/2128 2127/2127 2111/2111
f 2129/2129 2128/2128 2111/2111
f 2130/2130 2129/2129 2111/2111
f 2131/2131 2130/2130 2111/2111
f 2132/2132 2131/2131 2111/2111
f 2133/2133 2132/2132 2111/2111
f 2134/2134 2133/2133 2111/2111
f 2135/2135 2134/2134 2111/2111
f 2136/2136 2135/2135 2111/2111
f 2137/2137 2136/2136 2111/2111
f 2138/2138 2137/2137 2111/2111
f 2139/2139 2138/2138 2111/2111
f 2140/2140 2139/2139 2111/2111
f 2141/2141 2142/2142 2143/2143
f 2144/2144 2141/2141 2143/2143
f 2145/2145 2144/2144 2143/2143
f 2146/2146 2145/2145 2143/2143
f 2147/2147 2146/2146 2143/2143
f 2148/2148 2147/2147 2143/2143
f 2149/2149 2148/2148 2143/2143
f 2150/2150 2149/2149 2143/2143
f 2151/2151 2150/2150 2143/2143
f 2152/2152 2151/2151 2143/2143
f 2153/2153 2152/2152 2143/2143
f 2154/2154 2153/2153 2143/2143
f 2155/2155 2154/2154 2143/2143
f 2156/2156 2155/2155 2143/2143
f 2157/2157 2156/2156 2143/2143
f 2158/2158 2157/2157 2143/2143
f 2159/2159 2158/2158 2143/2143
f 2160/2160 2159/2159 2143/2143
f 2161/2161 2160/2160 2143/2143
f 2162/2162 2161/2161 2143/2143
f 2163/2163 2162/2162 2143/2143
f 2164/2164 2163/2163 2143/2143
f 2165/2165 2164/2164 2143/2143
f 2166/2166 2165/2165 2143/2143
f 2167/2167 2166/2166 2143/2143
f 2168/2168 2167/2167 2143/2143
f 2169/2169 2168/2168 2143/2143
f 2170/2170 2169/2169 2143/2143
f 2171/2171 2170/2170 2143/2143
f 2172/2172 2171/2171 2143/2143
f 2173/2173 2174/2174 2175/2175
f 2176/2176 2173/2173 2175/2175
f 2177/2177 2176/2176 2175/2175
f 2178/2178 2177/2177 2175/2175
f 2179/2179 2178/2178 2175/2175
f 2180/2180 2179/2179 2175/2175
f 2181/2181 2180/2180 2175/2175
f 2182/2182 2181/2181 2175/2175
f 2183/2183 2182/2182 2175/2175
f 2184/2184 2183/2183 2175/2175
f 2185/2185 2184/2184 2175/2175
f 2186/2186 2185/2185 2175/2175
f 2187/2187 2186/2186 2175/2175
f 2188/2188 2187/2187 2175/2175
f 2189/2189 2188/2188 2175/2175
f 2190/2190 2189/2189 2175/2175
f 2191/2191 2190/2190 2175/2175
f 2192/2192 2191/2191 2175/2175
f 2193/2193 2192/2192 2175/2175
f 2194/2194 2193/2193 2175/2175
f 2195/2195 2194/2194 2175/2175
f 2196/2196 2195/2195 2175/2175
f 2197/2197 2196/2196 2175/2175
f 2198/2198 2197/2197 2175/2175
f 2199/2199 2198/2198 2175/2175
f 2200/2200 2199/2199 2175/2175
f 2201/2201 2200/2200 2175/2175
f 2202/2202 2201/2201 2175/2175
f 2203/2203 2202/2202 2175/2175
f 2204/2204 2203/2203 2175/2175
f 2205/2205 2206/2206 2207/2207
f 2208/2208 2205/2205 2207/2207
f 2209/2209 2210/2210 2211/2211
f 2212/2212 2209/2209 2211/2211
f 2213/2213 2214/2214 2215/2215
f 2216/2216 2213/2213 2215/2215
f 2217/2217 2218/2218 2219/2219
f 2220/2220 2217/2217 2219/2219
f 2221/2221 2222/2222 2223/2223
f 2224/2224 2221/2221 2223/2223
f 2225/2225 2226/2226 2227/2227
f 2228/2228 2225/2225 2227/2227
f 2229/2229 2230/2230 2231/2231
f 2232/2232 2229/2229 2231/2231
f 2233/2233 2234/2234 2235/2235
f 2236/2236 2233/2233 2235/2235
f 2237/2237 2238/2238 2239/2239
f 2240/2240 2237/2237 2239/2239
f 2241/2241 2242/2242 2243/2243
f 2244/2244 2241/2241 2243/2243
f 2245/2245 2246/2246 2247/2247
f 2248/2248 2245/2245 2247/2247
f 2249/2249 2250/2250 2251/2251
f 2252/2252 2249/2249 2251/2251
f 2253/2253 2254/2254 2255/2255
f 2256/2256 2253/2253 2255/2255
f 2257/2257 2258/2258 2259/2259
f 2260/2260 2257/2257 2259/2259
f 2261/2261 2262/2262 2263/2263
f 2264/2264 2261/2261 2263/2263
f 2265/2265 2266/2266 2267/2267
f 2268/2268 2265/2265 2267/2267
f 2269/2269 2270/2270 2271/2271
f 2272/2272 2269/2269 2271/2271
f 2273/2273 2274/2274 2275/2275
f 2276/2276 2273/2273 2275/2275
f 2277/2277 2278/2278 2279/2279
f 2280/2280 2277/2277 2279/2279
f 2281/2281 2282/2282 2283/2283
f 2284/2284 2281/2281 2283/2283
f 2285/2285 2286/2286 2287/2287
f 2288/2288 2285/2285 2287/2287
f 2289/2289 2290/2290 2291/2291
f 2292/2292 2289/2289 2291/2291
f 2293/2293 2294/2294 2295/2295
f 2296/2296 2293/2293 2295/2295
f 2297/2297 2298/2298 2299/2299
f 2300/2300 2297/2297 2299/2299
f 2301/2301 2302/2302 2303/2303
f 2304/2304 2301/2301 2303/2303
f 2305/2305 2306/2306 2307/2307
f 2308/2308 2305/2305 2307/2307
f 2309/2309 2310/2310 2311/2311
f 2312/2312 2309/2309 2311/2311
f 2313/2313 2314/2314 2315/2315
f 2316/2316 2313/2313 2315/2315
f 2317/2317 2318/2318 2319/2319
f 2320/2320 2317/2317 2319/2319
f 2321/2321 2322/2322 2323/2323
f 2324/2324 2321/2321 2323/2323
f 2325/2325 2326/2326 2327/2327
f 2328/2328 2325/2325 2327/2327
f 2329/2329 2330/2330 2331/2331
f 2332/2332 2329/2329 2331/2331
f 2333/2333 2334/2334 2335/2335
f 2336/2336 2333/2333 2335/2335
f 2337/2337 2336/2336 2335/2335
f 2338/2338 2337/2337 2335/2335
f 2339/2339 2338/2338 2335/2335
f 2340/2340 2339/2339 2335/2335
f 2341/2341 2340/2340 2335/2335
f 2342/2342 2341/2341 2335/2335
f 2343/2343 2342/2342 2335/2335
f 2344/2344 2343/2343 2335/2335
f 2345/2345 2344/2344 2335/2335
f 2346/2346 2345/2345 2335/2335
f 2347/2347 2346/2346 2335/2335
f 2348/2348 2347/2347 2335/2335
f 2349/2349 2348/2348 2335/2335
f 2350/2350 2349/2349 2335/2335
f 2351/2351 2350/2350 2335/2335
f 2352/2352 2351/2351 2335/2335
f 2353/2353 2352/2352 2335/2335
f 2354/2354 2353/2353 2335/2335
f 2355/2355 2354/2354 2335/2335
f 2356/2356 2355/2355 2335/2335
f 2357/2357 2356/2356 2335/2335
f 2358/2358 2357/2357 2335/2335
f 2359/2359 2358/2358 2335/2335
f 2360/2360 2359/2359 2335/2335
f 2361/2361 2360/2360 2335/2335
f 2362/2362 2361/2361 2335/2335
f 2363/2363 2362/2362 2335/2335
f 2364/2364 2363/2363 2335/2335
f 2365/2365 2366/2366 2367/2367
f 2368/2368 2365/2365 2367/2367
f 2369/2369 2368/2368 2367/2367
f 2370/2370 2369/2369 2367/2367
f 2371/2371 2370/2370 2367/2367
f 2372/2372 2371/2371 2367/2367
f 2373/2373 2372/2372 2367/2367
f 2374/2374 2373/2373 2367/2367
f 2375/2375 2374/2374 2367/2367
f 2376/2376 2375/2375 2367/2367
f 2377/2377 2376/2376 2367/2367
f 2378/2378 2377/2377 2367/2367
f 2379/2379 2378/2378 2367/2367
f 2380/2380 2379/2379 2367/2367
f 2381/2381 2380/2380 2367/2367
f 2382/2382 2381/2381 2367/2367
f 2383/2383 2382/2382 2367/2367
f 2384/2384 2383/2383 2367/2367
f 2385/2385 2384/2384 2367/2367
f 2386/2386 2385/2385 2367/2367
f 2387/2387 2386/2386 2367/2367
f 2388/2388 2387/2387 2367/2367
f 2389/2389 2388/2388 2367/2367
f 2390/2390 2389/2389 2367/2367
f 2391/2391 2390/2390 2367/2367
f 2392/2392 2391/2391 2367/2367
f 2393/2393 2392/2392 2367/2367
f 2394/2394 2393/2393 2367/2367
f 2395/2395 2394/2394 2367/2367
f 2396/2396 2395/2395 2367/2367
f 2397/2397 2398/2398 2399/2399
f 2400/2400 2397/2397 2399/2399
f 2401/2401 2402/2402 2403/2403
f 2404/2404 2401/2401 2403/2403
f 2405/2405 2406/2406 2407/2407
f 2408/2408 2405/2405 2407/2407
f 2409/2409 2410/2410 2411/2411
f 2412/2412 2409/2409 2411/2411
f 2413/2413 2414/2414 2415/2415
f 2416/2416 2413/2413 2415/2415
f 2417/2417 2418/2418 2419/2419
f 2420/2420 2417/2417 2419/2419
f 2421/2421 2422/2422 2423/2423
f 2424/2424 2421/2421 2423/2423
f 2425/2425 2426/2426 2427/2427
f 2428/2428 2425/2425 2427/2427
f 2429/2429 2430/2430 2431/2431
f 2432/2432 2429/2429 2431/2431
f 2433/2433 2434/2434 2435/2435
f 2436/2436 2433/2433 2435/2435
f 2437/2437 2438/2438 2439/2439
f 2440/2440 2437/2437 2439/2439
f 2441/2441 2442/2442 2443/2443
f 2444/2444 2441/2441 2443/2443
f 2445/2445 2446/2446 2447/2447
f 2448/2448 2445/2445 2447/2447
f 2449/2449 2450/2450 2451/2451
f 2452/2452 2449/2449 2451/2451
f 2453/2453 2454/2454 2455/2455
f 2456/2456 2453/2453 2455/2455
f 2457/2457 2458/2458 2459/2459
f 2460/2460 2457/2457 2459/2459
f 2461/2461 2462/2462 2463/2463
f 2464/2464 2461/2461 2463/2463
f 2465/2465 2466/2466 2467/2467
f 2468/2468 2465/2465 2467/2467
f 2469/2469 2470/2470 2471/2471
f 2472/2472 2469/2469 2471/2471
f 2473/2473 2474/2474 2475/2475
f 2476/2476 2473/2473 2475/2475
f 2477/2477 2478/2478 2479/2479
f 2480/2480 2477/2477 2479/2479
f 2481/2481 2482/2482 2483/2483
f 2484/2484 2481/2481 2483/2483
f 2485/2485 2486/2486 2487/2487
f 2488/2488 2485/2485 2487/2487
f 2489/2489 2490/2490 2491/2491
f 2492/2492 2489/2489 2491/2491
f 2493/2493 2494/2494 2495/2495
f 2496/2496 2493/2493 2495/2495
f 2497/2497 2498/2498 2499/2499
f 2500/2500 2497/2497 2499/2499
f 2501/2501 2502/2502 2503/2503
f 2504/2504 2501/2501 2503/2503
f 2505/2505 2506/2506 2507/2507
f 2508/2508 2505/2505 2507/2507
f 2509/2509 2510/2510 2511/2511
f 2512/2512 2509/2509 2511/2511
f 2513/2513 2514/2514 2515/2515
f 2516/2516 2513/2513 2515/2515
f 2517/2517 2518/2518 2519/2519
f 2520/2520 2517/2517 2519/2519
f 2521/2521 2522/2522 2523/2523
f 2524/2524 2521/2521 2523/2523
f 2525/2525 2526/2526 2527/2527
f 2528/2528 2525/2525 2527/2527
f 2529/2529 2528/2528 2527/2527
f 2530/2530 2529/2529 2527/2527
f 2531/2531 2530/2530 2527/2527
f 2532/2532 2531/2531 2527/2527
f 2533/2533 2532/2532 2527/2527
f 2534/2534 2533/2533 2527/2527
f 2535/2535 2534/2534 2527/2527
f 2536/2536 2535/2535 2527/2527
f 2537/2537 2536/2536 2527/2527
f 2538/2538 2537/2537 2527/2527
f 2539/2539 2538/2538 2527/2527
f 2540/2540 2539/2539 2527/2527
f 2541/2541 2540/2540 2527/2527
f 2542/2542 2541/2541 2527/2527
f 2543/2543 2542/2542 2527/2527
f 2544/2544 2543/2543 2527/2527
f 2545/2545 2544/2544 2527/2527
f 2546/2546 2545/2545 2527/2527
f 2547/2547 2546/2546 2527/2527
f 2548/2548 2547/2547 2527/2527
f 2549/2549 2548/2548 2527/2527
f 2550/2550 2549/2549 2527/2527
f 2551/2551 2550/2550 2527/2527
f 2552/2552 2551/2551 2527/2527
f 2553/2553 2552/2552 2527/2527
f 2554/2554 2553/2553 2527/2527
f 2555/2555 2554/2554 2527/2527
f 2556/2556 2555/2555 2527/2527
f 2557/2557 2558/2558 2559/2559
f 2560/2560 2557/2557 2559/2559
f 2561/2561 2560/2560 2559/2559
f 2562/2562 2561/2561 2559/2559
f 2563/2563 2562/2562 2559/2559
f 2564/2564 2563/2563 2559/2559
f 2565/2565 2564/2564 2559/2559
f 2566/2566 2565/2565 2559/2559
f 2567/2567 2566/2566 2559/2559
f 2568/2568 2567/2567 2559/2559
f 2569/2569 2568/2568 2559/2559
f 2570/2570 2569/2569 2559/2559
f 2571/2571 2570/2570 2559/2559
f 2572/2572 2571/2571 2559/2559
f 2573/2573 2572/2572 2559/2559
f 2574/2574 2573/2573 2559/2559
f 2575/2575 2574/2574 2559/2559
f 2576/2576 2575/2575 2559/2559
f 2577/2577 2576/2576 2559/2559
f 2578/2578 2577/2577 2559/2559
f 2579/2579 2578/2578 2559/2559
f 2580/2580 2579/2579 2559/2559
f 2581/2581 2580/2580 2559/2559
f 2582/2582 2581/2581 2559/2559
f 2583/2583 2582/2582 2559/2559
f 2584/2584 2583/2583 2559/2559
f 2585/2585 2584/2584 2559/2559
f 2586/2586 2585/2585 2559/2559
f 2587/2587 2586/2586 2559/2559
f 2588/2588 2587/2587 2559/2559
f 2589/2589 2590/2590 2591/2591
f 2592/2592 2589/2589 2591/2591
f 2593/2593 2594/2594 2595/2595
f 2596/2596 2593/2593 2595/2595
f 2597/2597 2598/2598 2599/2599
f 2600/2600 2597/2597 2599/2599
f 2601/2601 2602/2602 2603/2603
f 2604/2604 2601/2601 2603/2603
f 2605/2605 2606/2606 2607/2607
f 2608/2608 2605/2605 2607/2607
f 2609/2609 2610/2610 2611/2611
f 2612/2612 2609/2609 2611/2611
f 2613/2613 2614/2614 2615/2615
f 2616/2616 2613/2613 2615/2615
f 2617/2617 2618/2618 2619/2619
f 2620/2620 2617/2617 2619/2619
f 2621/2621 2622/2622 2623/2623
f 2624/2624 2621/2621 2623/2623
f 2625/2625 2626/2626 2627/2627
f 2628/2628 2625/2625 2627/2627
f 2629/2629 2630/2630 2631/2631
f 2632/2632 2629/2629 2631/2631
f 2633/2633 2634/2634 2635/2635
f 2636/2636 2633/2633 2635/2635
f 2637/2637 2638/2638 2639/2639
f 2640/2640 2637/2637 2639/2639
f 2641/2641 2642/2642 2643/2643
f 2644/2644 2641/2641 2643/2643
f 2645/2645 2646/2646 2647/2647
f 2648/2648 2645/2645 2647/2647
f 2649/2649 2650/2650 2651/2651
f 2652/2652 2649/2649 2651/2651
f 2653/2653 2654/2654 2655/2655
f 2656/2656 2653/2653 2655/2655
f 2657/2657 2658/2658 2659/2659
f 2660/2660 2657/2657 2659/2659
f 2661/2661 2662/2662 2663/2663
f 2664/2664 2661/2661 2663/2663
f 2665/2665 2666/2666 2667/2667
f 2668/2668 2665/2665 2667/2667
f 2669/2669 2670/2670 2671/2671
f 2672/2672 2669/2669 2671/2671
f 2673/2673 2674/2674 2675/2675
f 2676/2676 2673/2673 2675/2675
f 2677/2677 2678/2678 2679/2679
f 2680/2680 2677/2677 2679/2679
f 2681/2681 2682/2682 2683/2683
f 2684/2684 2681/2681 2683/2683
f 2685/2685 2686/2686 2687/2687
f 2688/2688 2685/2685 2687/2687
f 2689/2689 2690/2690 2691/2691
f 2692/2692 2689/2689 2691/2691
f 2693/2693 2694/2694 2695/2695
f 2696/2696 2693/2693 2695/2695
f 2697/2697 2698/2698 2699/2699
f 2700/2700 2697/2697 2699/2699
f 2701/2701 2702/2702 2703/2703
f 2704/2704 2701/2701 2703/2703
f 2705/2705 2706/2706 2707/2707
f 2708/2708 2705/2705 2707/2707
f 2709/2709 2710/2710 2711/2711
f 2712/2712 2709/2709 2711/2711
f 2713/2713 2714/2714 2715/2715
f 2716/2716 2713/2713 2715/2715
f 2717/2717 2718/2718 2719/2719
f 2720/2720 2717/2717 2719/2719
f 2721/2721 2720/2720 2719/2719
f 2722/2722 2721/2721 2719/2719
f 2723/2723 2722/2722 2719/2719
f 2724/2724 2723/2723 2719/2719
f 2725/2725 2724/2724 2719/2719
f 2726/2726 2725/2725 2719/2719
f 2727/2727 2726/2726 2719/2719
f 2728/2728 2727/2727 2719/2719
f 2729/2729 2728/2728 2719/2719
f 2730/2730 2729/2729 2719/2719
f 2731/2731 2730/2730 2719/2719
f 2732/2732 2731/2731 2719/2719
f 2733/2733 2732/2732 2719/2719
f 2734/2734 2733/2733 2719/2719
f 2735/2735 2734/2734 2719/2719
f 2736/2736 2735/2735 2719/2719
f 2737/2737 2736/2736 2719/2719
f 2738/2738 2737/2737 2719/2719
f 2739/2739 2738/2738 2719/2719
f 2740/2740 2739/2739 2719/2719
f 2741/2741 2740/2740 2719/2719
f 2742/2742 2741/2741 2719/2719
f 2743/2743 2742/2742 2719/2719
f 2744/2744 2743/2743 2719/2719
f 2745/2745 2744/2744 2719/2719
f 2746/2746 2745/2745 2719/2719
f 2747/2747 2746/2746 2719/2719
f 2748/2748 2747/2747 2719/2719
f 2749/2749 2750/2750 2751/2751
f 2752/2752 2749/2749 2751/2751
f 2753/2753 2752/2752 2751/2751
f 2754/2754 2753/2753 2751/2751
f 2755/2755 2754/2754 2751/2751
f 2756/2756 2755/2755 2751/2751
f 2757/2757 2756/2756 2751/2751
f 2758/2758 2757/2757 2751/2751
f 2759/2759 2758/2758 2751/2751
f 2760/2760 2759/2759 2751/2751
f 2761/2761 2760/2760 2751/2751
f 2762/2762 2761/2761 2751/2751
f 2763/2763 2762/2762 2751/2751
f 2764/2764 2763/2763 2751/2751
f 2765/2765 2764/2764 2751/2751
f 2766/2766 2765/2765 2751/2751
f 2767/2767 2766/2766 2751/2751
f 2768/2768 2767/2767 2751/2751
f 2769/2769 2768/2768 2751/2751
f 2770/2770 2769/2769 2751/2751
f 2771/2771 2770/2770 2751/2751
f 2772/2772 2771/2771 2751/2751
f 2773/2773 2772/2772 2751/2751
f 2774/2774 2773/2773 2751/2751
f 2775/2775 2774/2774 2751/2751
f 2776/2776 2775/2775 2751/2751
f 2777/2777 2776/2776 2751/2751
f 2778/2778 2777/2777 2751/2751
f 2779/2779 2778/2778 2751/2751
f 2780/2780 2779/2779 2751/2751
f 2781/2781 2782/2782 2783/2783
f 2784/2784 2781/2781 2783/2783
f 2785/2785 2786/2786 2787/2787
f 2788/2788 2785/2785 2787/2787
f 2789/2789 2790/2790 2791/2791
f 2792/2792 2789/2789 2791/2791
f 2793/2793 2794/2794 2795/2795
f 2796/2796 2793/2793 2795/2795
f 2797/2797 2798/2798 2799/2799
f 2800/2800 2797/2797 2799/2799
f 2801/2801 2802/2802 2803/2803
f 2804/2804 2801/2801 2803/2803
f 2805/2805 2806/2806 2807/2807
f 2808/2808 2805/2805 2807/2807
f 2809/2809 2810/2810 2811/2811
f 2812/2812 2809/2809 2811/2811
f 2813/2813 2814/2814 2815/2815
f 2816/2816 2813/2813 2815/2815
f 2817/2817 2818/2818 2819/2819
f 2820/2820 2817/2817 2819/2819
f 2821/2821 2822/2822 2823/2823
f 2824/2824 2821/2821 2823/2823
f 2825/2825 2826/2826 2827/2827
f 2828/2828 2825/2825 2827/2827
f 2829/2829 2830/2830 2831/2831
f 2832/2832 2829/2829 2831/2831
f 2833/2833 2834/2834 2835/2835
f 2836/2836 2833/2833 2835/2835
f 2837/2837 2838/2838 2839/2839
f 2840/2840 2837/2837 2839/2839
f 2841/2841 2842/2842 2843/2843
f 2844/2844 2841/2841 2843/2843
f 2845/2845 2846/2846 2847/2847
f 2848/2848 2845/2845 2847/2847
f 2849/2849 2850/2850 2851/2851
f 2852/2852 2849/2849 2851/2851
f 2853/2853 2854/2854 2855/2855
f 2856/2856 2853/2853 2855/2855
f 2857/2857 2858/2858 2859/2859
f 2860/2860 2857/2857 2859/2859
f 2861/2861 2862/2862 2863/2863
f 2864/2864 2861/2861 2863/2863
f 2865/2865 2866/2866 2867/2867
f 2868/2868 2865/2865 2867/2867
f 2869/2869 2870/2870 2871/2871
f 2872/2872 2869/2869 2871/2871
f 2873/2873 2874/2874 2875/2875
f 2876/2876 2873/2873 2875/2875
f 2877/2877 2878/2878 2879/2879
f 2880/2880 2877/2877 2879/2879
f 2881/2881 2882/2882 2883/2883
f 2884/2884 2881/2881 2883/2883
f 2885/2885 2886/2886 2887/2887
f 2888/2888 2885/2885 2887/2887
f 2889/2889 2890/2890 2891/2891
f 2892/2892 2889/2889 2891/2891
f 2893/2893 2894/2894 2895/2895
f 2896/2896 2893/2893 2895/2895
f 2897/2897 2898/2898 2899/2899
f 2900/2900 2897/2897 2899/2899
f 2901/2901 2902/2902 2903/2903
f 2904/2904 2901/2901 2903/2903
f 2905/2905 2906/2906 2907/2907
f 2908/2908 2905/2905 2907/2907
f 2909/2909 2910/2910 2911/2911
f 2912/2912 2909/2909 2911/2911
f 2913/2913 2912/2912 2911/2911
f 2914/2914 2913/2913 2911/2911
f 2915/2915 2914/2914 2911/2911
f 2916/2916 2915/2915 2911/2911
f 2917/2917 2916/2916 2911/2911
f 2918/2918 2917/2917 2911/2911
f 2919/2919 2918/2918 2911/2911
f 2920/2920 2919/2919 2911/2911
f 2921/2921 2920/2920 2911/2911
f 2922/2922 2921/2921 2911/2911
f 2923/2923 2922/2922 2911/2911
f 2924/2924 2923/2923 2911/2911
f 2925/2925 2924/2924 2911/2911
f 2926/2926 2925/2925 2911/2911
f 2927/2927 2926/2926 2911/2911
f 2928/2928 2927/2927 2911/2911
f 2929/2929 2928/2928 2911/2911
f 2930/2930 2929/2929 2911/2911
f 2931/2931 2930/2930 2911/2911
f 2932/2932 2931/2931 2911/2911
f 2933/2933 2932/2932 2911/2911
f 2934/2934 2933/2933 2911/2911
f 2935/2935 2934/2934 2911/2911
f 2936/2936 2935/2935 2911/2911
f 2937/2937 2936/2936 2911/2911
f 2938/2938 2937/2937 2911/2911
f 2939/2939 2938/2938 2911/2911
f 2940/2940 2939/2939 2911/2911
f 2941/2941 2942/2942 2943/2943
f 2944/2944 2941/2941 2943/2943
f 2945/2945 2944/2944 2943/2943
f 2946/2946 2945/2945 2943/2943
f 2947/2947 2946/2946 2943/2943
f 2948/2948 2947/2947 2943/2943
f 2949/2949 2948/2948 2943/2943
f 2950/2950 2949/2949 2943/2943
f 2951/2951 2950/2950 2943/2943
f 2952/2952 2951/2951 2943/2943
f 2953/2953 2952/2952 2943/2943
f 2954/2954 2953/2953 2943/2943
f 2955/2955 2954/2954 2943/2943
f 2956/2956 2955/2955 2943/2943
f 2957/2957 2956/2956 2943/2943
f 2958/2958 2957/2957 2943/2943
f 2959/2959 2958/2958 2943/2943
f 2960/2960 2959/2959 2943/2943
f 2961/2961 2960/2960 2943/2943
f 2962/2962 2961/2961 2943/2943
f 2963/2963 2962/2962 2943/2943
f 2964/2964 2963/2963 2943/2943
f 2965/2965 2964/2964 2943/2943
f 2966/2966 2965/2965 2943/2943
f 2967/2967 2966/2966 2943/2943
f 2968/2968 2967/2967 2943/2943
f 2969/2969 2968/2968 2943/2943
f 2970/2970 2969/2969 2943/2943
f 2971/2971 2970/2970 2943/2943
f 2972/2972 2971/2971 2943/2943
f 2973/2973 2974/2974 2975/2975
f 2976/2976 2973/2973 2975/2975
f 2977/2977 2978/2978 2979/2979
f 2980/2980 2977/2977 2979/2979
f 2981/2981 2982/2982 2983/2983
f 2984/2984 2981/2981 2983/2983
f 2985/2985 2986/2986 2987/2987
f 2988/2988 2985/2985 2987/2987
f 2989/2989 2990/2990 2991/2991
f 2992/2992 2989/2989 2991/2991
f 2993/2993 2994/2994 2995/2995
f 2996/2996 2993/2993 2995/2995
f 2997/2997 2998/2998 2999/2999
f 3000/3000 2997/2997 2999/2999
f 3001/3001 3002/3002 3003/3003
f 3004/3004 3001/3001 3003/3003
f 3005/3005 3006/3006 3007/3007
f 3008/3008 3005/3005 3007/3007
f 3009/3009 3010/3010 3011/3011
f 3012/3012 3009/3009 3011/3011
f 3013/3013 3014/3014 3015/3015
f 3016/3016 3013/3013 3015/3015
f 3017/3017 3018/3018 3019/3019
f 3020/3020 3017/3017 3019/3019
f 3021/3021 3022/3022 3023/3023
f 3024/3024 3021/3021 3023/3023
f 3025/3025 3026/3026 3027/3027
f 3028/3028 3025/3025 3027/3027
f 3029/3029 3030/3030 3031/3031
f 3032/3032 3029/3029 3031/3031
f 3033/3033 3034/3034 3035/3035
f 3036/3036 3033/3033 3035/3035
f 3037/3037 3038/3038 3039/3039
f 3040/3040 3037/3037 3039/3039
f 3041/3041 3042/3042 3043/3043
f 3044/3044 3041/3041 3043/3043
f 3045/3045 3046/3046 3047/3047
f 3048/3048 3045/3045 3047/3047
f 3049/3049 3050/3050 3051/3051
f 3052/3052 3049/3049 3051/3051
f 3053/3053 3054/3054 3055/3055
f 3056/3056 3053/3053 3055/3055
f 3057/3057 3058/3058 3059/3059
f 3060/3060 3057/3057 3059/3059
f 3061/3061 3062/3062 3063/3063
f 3064/3064 3061/3061 3063/3063
f 3065/3065 3066/3066 3067/3067
f 3068/3068 3065/3065 3067/3067
f 3069/3069 3070/3070 3071/3071
f 3072/3072 3069/3069 3071/3071
f 3073/3073 3074/3074 3075/3075
f 3076/3076 3073/3073 3075/3075
f 3077/3077 3078/3078 3079/3079
f 3080/3080 3077/3077 3079/3079
f 3081/3081 3082/3082 3083/3083
f 3084/3084 3081/3081 3083/3083
f 3085/3085 3086/3086 3087/3087
f 3088/3088 3085/3085 3087/3087
f 3089/3089 3090/3090 3091/3091
f 3092/3092 3089/3089 3091/3091
f 3093/3093 3094/3094 3095/3095
f 3096/3096 3093/3093 3095/3095
f 3097/3097 3098/3098 3099/3099
f 3100/3100 3097/3097 3099/3099
f 3101/3101 3102/3102 3103/3103
f 3104/3104 3101/3101 3103/3103
f 3105/3105 3104/3104 3103/3103
f 3106/3106 3105/3105 3103/3103
f 3107/3107 3106/3106 3103/3103
f 3108/3108 3107/3107 3103/3103
f 3109/3109 3108/3108 3103/3103
f 3110/3110 3109/3109 3103/3103
f 3111/3111 3110/3110 3103/3103
f 3112/3112 3111/3111 3103/3103
f 3113/3113 3112/3112 3103/3103
f 3114/3114 3113/3113 3103/3103
f 3115/3115 3114/3114 3103/3103
f 3116/3116 3115/3115 3103/3103
f 3117/3117 3116/3116 3103/3103
f 3118/3118 3117/3117 3103/3103
f 3119/3119 3118/3118 3103/3103
f 3120/3120 3119/3119 3103/3103
f 3121/3121 3120/3120 3103/3103
f 3122/3122 3121/3121 3103/3103
f 3123/3123 3122/3122 3103/3103
f 3124/3124 3123/3123 3103/3103
f 3125/3125 3124/3124 3103/3103
f 3126/3126 3125/3125 3103/3103
f 3127/3127 3126/3126 3103/3103
f 3128/3128 3127/3127 3103/3103
f 3129/3129 3128/3128 3103/3103
f 3130/3130 3129/3129 3103/3103
f 3131/3131 3130/3130 3103/3103
f 3132/3132 3131/3131 3103/3103
f 3133/3133 3134/3134 3135/3135
f 3136/3136 3133/3133 3135/3135
f 3137/3137 3136/3136 3135/3135
f 3138/3138 3137/3137 3135/3135
f 3139/3139 3138/3138 3135/3135
f 3140/3140 3139/3139 3135/3135
f 3141/3141 3140/3140 3135/3135
f 3142/3142 3141/3141 3135/3135
f 3143/3143 3142/3142 3135/3135
f 3144/3144 3143/3143 3135/3135
f 3145/3145 3144/3144 3135/3135
f 3146/3146 3145/3145 3135/3135
f 3147/3147 3146/3146 3135/3135
f 3148/3148 3147/3147 3135/3135
f 3149/3149 3148/3148 3135/3135
f 3150/3150 3149/3149 3135/3135
f 3151/3151 3150/3150 3135/3135
f 3152/3152 3151/3151 3135/3135
f 3153/3153 3152/3152 3135/3135
f 3154/3154 3153/3153 3135/3135
f 3155/3155 3154/3154 3135/3135
f 3156/3156 3155/3155 3135/3135
f 3157/3157 3156/3156 3135/3135
f 3158/3158 3157/3157 3135/3135
f 3159/3159 3158/3158 3135/3135
f 3160/3160 3159/3159 3135/3135
f 3161/3161 3160/3160 3135/3135
f 3162/3162 3161/3161 3135/3135
f 3163/3163 3162/3162 3135/3135
f 3164/3164 3163/3163 3135/3135
f 3165/3165 3166/3166 3167/3167
f 3168/3168 3165/3165 3167/3167
f 3169/3169 3170/3170 3171/3171
f 3172/3172 3169/3169 3171/3171
f 3173/3173 3174/3174 3175/3175
f 3176/3176 3173/3173 3175/3175
f 3177/3177 3178/3178 3179/3179
f 3180/3180 3177/3177 3179/3179
f 3181/3181 3182/3182 3183/3183
f 3184/3184 3181/3181 3183/3183
f 3185/3185 3186/3186 3187/3187
f 3188/3188 3185/3185 3187/3187
f 3189/3189 3190/3190 3191/3191
f 3192/3192 3189/3189 3191/3191
f 3193/3193 3194/3194 3195/3195
f 3196/3196 3193/3193 3195/3195
f 3197/3197 3198/3198 3199/3199
f 3200/3200 3197/3197 3199/3199
f 3201/3201 3202/3202 3203/3203
f 3204/3204 3201/3201 3203/3203
f 3205/3205 3206/3206 3207/3207
f 3208/3208 3205/3205 3207/3207
f 3209/3209 3210/3210 3211/3211
f 3212/3212 3209/3209 3211/3211
f 3213/3213 3214/3214 3215/3215
f 3216/3216 3213/3213 3215/3215
f 3217/3217 3218/3218 3219/3219
f 3220/3220 3217/3217 3219/3219
f 3221/3221 3222/3222 3223/3223
f 3224/3224 3221/3221 3223/3223
f 3225/3225 3226/3226 3227/3227
f 3228/3228 3225/3225 3227/3227
f 3229/3229 3230/3230 3231/3231
f 3232/3232 3229/3229 3231/3231
f 3233/3233 3234/3234 3235/3235
f 3236/3236 3233/3233 3235/3235
f 3237/3237 3238/3238 3239/3239
f 3240/3240 3237/3237 3239/3239
f 3241/3241 3242/3242 3243/3243
f 3244/3244 3241/3241 3243/3243
f 3245/3245 3246/3246 3247/3247
f 3248/3248 3245/3245 3247/3247
f 3249/3249 3250/3250 3251/3251
f 3252/3252 3249/3249 3251/3251
f 3253/3253 3254/3254 3255/3255
f 3256/3256 3253/3253 3255/3255
f 3257/3257 3258/3258 3259/3259
f 3260/3260 3257/3257 3259/3259
f 3261/3261 3262/3262 3263/3263
f 3264/3264 3261/3261 3263/3263
f 3265/3265 3266/3266 3267/3267
f 3268/3268 3265/3265 3267/3267
f 3269/3269 3270/3270 3271/3271
f 3272/3272 3269/3269 3271/3271
f 3273/3273 3274/3274 3275/3275
f 3276/3276 3273/3273 3275/3275
f 3277/3277 3278/3278 3279/3279
f 3280/3280 3277/3277 3279/3279
f 3281/3281 3282/3282 3283/3283
f 3284/3284 3281/3281 3283/3283
f 3285/3285 3286/3286 3287/3287
f 3288/3288 3285/3285 3287/3287
f 3289/3289 3290/3290 3291/3291
f 3292/3292 3289/3289 3291/3291
f 3293/3293 3294/3294 3295/3295
f 3296/3296 3293/3293 3295/3295
f 3297/3297 3296/3296 3295/3295
f 3298/3298 3297/3297 3295/3295
f 3299/3299 3298/3298 3295/3295
f 3300/3300 3299/3299 3295/3295
f 3301/3301 3300/3300 3295/3295
f 3302/3302 3301/3301 3295/3295
f 3303/3303 3302/3302 3295/3295
f 3304/3304 3303/3303 3295/3295
f 3305/3305 3304/3304 3295/3295
f 3306/3306 3305/3305 3295/3295
f 3307/3307 3306/3306 3295/3295
f 3308/3308 3307/3307 3295/3295
f 3309/3309 3308/3308 3295/3295
f 3310/3310 3309/3309 3295/3295
f 3311/3311 3310/3310 3295/3295
f 3312/3312 3311/3311 3295/3295
f 3313/3313 3312/3312 3295/3295
f 3314/3314 3313/3313 3295/3295
f 3315/3315 3314/3314 3295/3295
f 3316/3316 3315/3315 3295/3295
f 3317/3317 3316/3316 3295/3295
f 3318/3318 3317/3317 3295/3295
f 3319/3319 3318/3318 3295/3295
f 3320/3320 3319/3319 3295/3295
f 3321/3321 3320/3320 3295/3295
f 3322/3322 3321/3321 3295/3295
f 3323/3323 3322/3322 3295/3295
f 3324/3324 3323/3323 3295/3295
f 3325/3325 3326/3326 3327/3327
f 3328/3328 3325/3325 3327/3327
f 3329/3329 3328/3328 3327/3327
f 3330/3330 3329/3329 3327/3327
f 3331/3331 3330/3330 3327/3327
f 3332/3332 3331/3331 3327/3327
f 3333/3333 3332/3332 3327/3327
f 3334/3334 3333/3333 3327/3327
f 3335/3335 3334/3334 3327/3327
f 3336/3336 3335/3335 3327/3327
f 3337/3337 3336/3336 3327/3327
f 3338/3338 3337/3337 3327/3327
f 3339/3339 3338/3338 3327/3327
f 3340/3340 3339/3339 3327/3327
f 3341/3341 3340/3340 3327/3327
f 3342/3342 3341/3341 3327/3327
f 3343/3343 3342/3342 3327/3327
f 3344/3344 3343/3343 3327/3327
f 3345/3345 3344/3344 3327/3327
f 3346/3346 3345/3345 3327/3327
f 3347/3347 3346/3346 3327/3327
f 3348/3348 3347/3347 3327/3327
f 3349/3349 3348/3348 3327/3327
f 3350/3350 3349/3349 3327/3327
f 3351/3351 3350/3350 3327/3327
f 3352/3352 3351/3351 3327/3327
f 3353/3353 3352/3352 3327/3327
f 3354/3354 3353/3353 3327/3327
f 3355/3355 3354/3354 3327/3327
f 3356/3356 3355/3355 3327/3327
f 3357/3357 3358/3358 3359/3359
f 3360/3360 3357/3357 3359/3359
f 3361/3361 3362/3362 3363/3363
f 3364/3364 3361/3361 3363/3363
f 3365/3365 3366/3366 3367/3367
f 3368/3368 3365/3365 3367/3367
f 3369/3369 3370/3370 3371/3371
f 3372/3372 3369/3369 3371/3371
f 3373/3373 3374/3374 3375/3375
f 3376/3376 3373/3373 3375/3375
f 3377/3377 3378/3378 3379/3379
f 3380/3380 3377/3377 3379/3379
f 3381/3381 3382/3382 3383/3383
f 3384/3384 3381/3381 3383/3383
f 3385/3385 3386/3386 3387/3387
f 3388/3388 3385/3385 3387/3387
f 3389/3389 3390/3390 3391/3391
f 3392/3392 3389/3389 3391/3391
f 3393/3393 3394/3394 3395/3395
f 3396/3396 3393/3393 3395/3395
f 3397/3397 3398/3398 3399/3399
f 3400/3400 3397/3397 3399/3399
f 3401/3401 3402/3402 3403/3403
f 3404/3404 3401/3401 3403/3403
f 3405/3405 3406/3406 3407/3407
f 3408/3408 3405/3405 3407/3407
f 3409/3409 3410/3410 3411/3411
f 3412/3412 3409/3409 3411/3411
f 3413/3413 3414/3414 3415/3415
f 3416/3416 3413/3413 3415/3415
f 3417/3417 3418/3418 3419/3419
f 3420/3420 3417/3417 3419/3419
f 3421/3421 3422/3422 3423/3423
f 3424/3424 3421/3421 3423/3423
f 3425/3425 3426/3426 3427/3427
f 3428/3428 3425/3425 3427/3427
f 3429/3429 3430/3430 3431/3431
f 3432/3432 3429/3429 3431/3431
f 3433/3433 3434/3434 3435/3435
f 3436/3436 3433/3433 3435/3435
f 3437/3437 3438/3438 3439/3439
f 3440/3440 3437/3437 3439/3439
f 3441/3441 3442/3442 3443/3443
f 3444/3444 3441/3441 3443/3443
f 3445/3445 3446/3446 3447/3447
f 3448/3448 3445/3445 3447/3447
f 3449/3449 3450/3450 3451/3451
f 3452/3452 3449/3449 3451/3451
f 3453/3453 3454/3454 3455/3455
f 3456/3456 3453/3453 3455/3455
f 3457/3457 3458/3458 3459/3459
f 3460/3460 3457/3457 3459/3459
f 3461/3461 3462/3462 3463/3463
f 3464/3464 3461/3461 3463/3463
f 3465/3465 3466/3466 3467/3467
f 3468/3468 3465/3465 3467/3467
f 3469/3469 3470/3470 3471/3471
f 3472/3472 3469/3469 3471/3471
f 3473/3473 3474/3474 3475/3475
f 3476/3476 3473/3473 3475/3475
f 3477/3477 3478/3478 3479/3479
f 3480/3480 3477/3477 3479/3479
f 3481/3481 3482/3482 3483/3483
f 3484/3484 3481/3481 3483/3483
f 3485/3485 3486/3486 3487/3487
f 3488/3488 3485/3485 3487/3487
f 3489/3489 3488/3488 3487/3487
f 3490/3490 3489/3489 3487/3487
f 3491/3491 3490/3490 3487/3487
f 3492/3492 3491/3491 3487/3487
f 3493/3493 3492/3492 3487/3487
f 3494/3494 3493/3493 3487/3487
f 3495/3495 3494/3494 3487/3487
f 3496/3496 3495/3495 3487/3487
f 3497/3497 3496/3496 3487/3487
f 3498/3498 3497/3497 3487/3487
f 3499/3499 3498/3498 3487/3487
f 3500/3500 3499/3499 3487/3487
f 3501/3501 3500/3500 3487/3487
f 3502/3502 3501/3501 3487/3487
f 3503/3503 3502/3502 3487/3487
f 3504/3504 3503/3503 3487/3487
f 3505/3505 3504/3504 3487/3487
f 3506/3506 3505/3505 3487/3487
f 3507/3507 3506/3506 3487/3487
f 3508/3508 3507/3507 3487/3487
f 3509/3509 3508/3508 3487/3487
f 3510/3510 3509/3509 3487/3487
f 3511/3511 3510/3510 3487/3487
f 3512/3512 3511/3511 3487/3487
f 3513/3513 3512/3512 3487/3487
f 3514/3514 3513/3513 3487/3487
f 3515/3515 3514/3514 3487/3487
f 3516/3516 3515/3515 3487/3487
f 3517/3517 3518/3518 3519/3519
f 3520/3520 3517/3517 3519/3519
f 3521/3521 3522/3522 3523/3523
f 3524/3524 3521/3521 3523/3523
f 3525/3525 3526/3526 3527/3527
f 3528/3528 3525/3525 3527/3527
f 3529/3529 3530/3530 3531/3531
f 3532/3532 3529/3529 3531/3531
f 3533/3533 3534/3534 3535/3535
f 3536/3536 3533/3533 3535/3535
f 3537/3537 3538/3538 3539/3539
f 3540/3540 3537/3537 3539/3539
f 3541/3541 3542/3542 3543/3543
f 3544/3544 3541/3541 3543/3543
f 3545/3545 3546/3546 3547/3547
f 3548/3548 3545/3545 3547/3547
f 3549/3549 3550/3550 3551/3551
f 3552/3552 3549/3549 3551/3551
f 3553/3553 3554/3554 3555/3555
f 3556/3556 3553/3553 3555/3555
f 3557/3557 3558/3558 3559/3559
f 3560/3560 3557/3557 3559/3559
f 3561/3561 3562/3562 3563/3563
f 3564/3564 3561/3561 3563/3563
f 3565/3565 3566/3566 3567/3567
f 3568/3568 3565/3565 3567/3567
f 3569/3569 3570/3570 3571/3571
f 3572/3572 3569/3569 3571/3571
f 3573/3573 3574/3574 3575/3575
f 3576/3576 3573/3573 3575/3575
f 3577/3577 3578/3578 3579/3579
f 3580/3580 3577/3577 3579/3579
f 3581/3581 3582/3582 3583/3583
f 3584/3584 3581/3581 3583/3583
f 3585/3585 3586/3586 3587/3587
f 3588/3588 3585/3585 3587/3587
f 3589/3589 3590/3590 3591/3591
f 3592/3592 3589/3589 3591/3591
f 3593/3593 3594/3594 3595/3595
f 3596/3596 3593/3593 3595/3595
f 3597/3597 3598/3598 3599/3599
f 3600/3600 3597/3597 3599/3599
f 3601/3601 3602/3602 3603/3603
f 3604/3604 3601/3601 3603/3603
f 3605/3605 3606/3606 3607/3607
f 3608/3608 3605/3605 3607/3607
f 3609/3609 3610/3610 3611/3611
f 3612/3612 3609/3609 3611/3611
f 3613/3613 3614/3614 3615/3615
f 3616/3616 3613/3613 3615/3615
f 3617/3617 3618/3618 3619/3619
f 3620/3620 3617/3617 3619/3619
f 3621/3621 3622/3622 3623/3623
f 3624/3624 3621/3621 3623/3623
f 3625/3625 3626/3626 3627/3627
f 3628/3628 3625/3625 3627/3627
f 3629/3629 3630/3630 3631/3631
f 3632/3632 3629/3629 3631/3631
f 3633/3633 3634/3634 3635/3635
f 3636/3636 3633/3633 3635/3635
f 3637/3637 3638/3638 3639/3639
f 3640/3640 3637/3637 3639/3639
f 3641/3641 3642/3642 3643/3643
f 3644/3644 3641/3641 3643/3643
f 3645/3645 3646/3646 3647/3647
f 3648/3648 3645/3645 3647/3647
f 3649/3649 3650/3650 3651/3651
f 3652/3652 3649/3649 3651/3651
f 3653/3653 3654/3654 3655/3655
f 3656/3656 3653/3653 3655/3655
f 3657/3657 3658/3658 3659/3659
f 3660/3660 3657/3657 3659/3659
f 3661/3661 3662/3662 3663/3663
f 3664/3664 3661/3661 3663/3663
f 3665/3665 3666/3666 3667/3667
f 3668/3668 3665/3665 3667/3667
f 3669/3669 3670/3670 3671/3671
f 3672/3672 3669/3669 3671/3671
f 3673/3673 3674/3674 3675/3675
f 3676/3676 3673/3673 3675/3675
f 3677/3677 3678/3678 3679/3679
f 3680/3680 3677/3677 3679/3679
f 3681/3681 3682/3682 3683/3683
f 3684/3684 3681/3681 3683/3683
f 3685/3685 3686/3686 3687/3687
f 3688/3688 3685/3685 3687/3687
f 3689/3689 3690/3690 3691/3691
f 3692/3692 3689/3689 3691/3691
f 3693/3693 3694/3694 3695/3695
f 3696/3696 3693/3693 3695/3695
f 3697/3697 3698/3698 3699/3699
f 3700/3700 3697/3697 3699/3699
f 3701/3701 3702/3702 3703/3703
f 3704/3704 3701/3701 3703/3703
f 3705/3705 3706/3706 3707/3707
f 3708/3708 3705/3705 3707/3707
f 3709/3709 3710/3710 3711/3711
f 3712/3712 3709/3709 3711/3711
f 3713/3713 3714/3714 3715/3715
f 3716/3716 3713/3713 3715/3715
f 3717/3717 3718/3718 3719/3719
f 3720/3720 3717/3717 3719/3719
f 3721/3721 3722/3722 3723/3723
f 3724/3724 3721/3721 3723/3723
f 3725/3725 3726/3726 3727/3727
f 3728/3728 3725/3725 3727/3727
f 3729/3729 3730/3730 3731/3731
f 3732/3732 3729/3729 3731/3731
f 3733/3733 3734/3734 3735/3735
f 3736/3736 3733/3733 3735/3735
f 3737/3737 3738/3738 3739/3739
f 3740/3740 3737/3737 3739/3739
f 3741/3741 3742/3742 3743/3743
f 3744/3744 3741/3741 3743/3743
f 3745/3745 3746/3746 3747/3747
f 3748/3748 3745/3745 3747/3747
f 3749/3749 3750/3750 3751/3751
f 3752/3752 3749/3749 3751/3751
f 3753/3753 3754/3754 3755/3755
f 3756/3756 3753/3753 3755/3755
f 3757/3757 3758/3758 3759/3759
f 3760/3760 3757/3757 3759/3759
f 3761/3761 3762/3762 3763/3763
f 3764/3764 3761/3761 3763/3763
f 3765/3765 3766/3766 3767/3767
f 3768/3768 3765/3765 3767/3767
f 3769/3769 3770/3770 3771/3771
f 3772/3772 3769/3769 3771/3771
f 3773/3773 3774/3774 3775/3775
f 3776/3776 3773/3773 3775/3775
f 3777/3777 3778/3778 3779/3779
f 3780/3780 3777/3777 3779/3779
f 3781/3781 3782/3782 3783/3783
f 3784/3784 3781/3781 3783/3783
f 3785/3785 3786/3786 3787/3787
f 3788/3788 3785/3785 3787/3787
f 3789/3789 3790/3790 3791/3791
f 3792/3792 3789/3789 3791/3791
f 3793/3793 3794/3794 3795/3795
f 3796/3796 3793/3793 3795/3795
f 3797/3797 3798/3798 3799/3799
f 3800/3800 3797/3797 3799/3799
f 3801/3801 3802/3802 3803/3803
f 3804/3804 3801/3801 3803/3803
f 3805/3805 3806/3806 3807/3807
f 3808/3808 3805/3805 3807/3807
f 3809/3809 3810/3810 3811/3811
f 3812/3812 3809/3809 3811/3811
f 3813/3813 3814/3814 3815/3815
f 3816/3816 3813/3813 3815/3815
f 3817/3817 3818/3818 3819/3819
f 3820/3820 3817/3817 3819/3819
f 3821/3821 3822/3822 3823/3823
f 3824/3824 3821/3821 3823/3823
f 3825/3825 3826/3826 3827/3827
f 3828/3828 3825/3825 3827/3827
f 3829/3829 3830/3830 3831/3831
f 3832/3832 3829/3829 3831/3831
f 3833/3833 3834/3834 3835/3835
f 3836/3836 3833/3833 3835/3835
f 3837/3837 3838/3838 3839/3839
f 3840/3840 3837/3837 3839/3839
f 3841/3841 3842/3842 3843/3843
f 3844/3844 3841/3841 3843/3843
f 3845/3845 3846/3846 3847/3847
f 3848/3848 3845/3845 3847/3847
f 3849/3849 3850/3850 3851/3851
f 3852/3852 3849/3849 3851/3851
f 3853/3853 3854/3854 3855/3855
f 3856/3856 3853/3853 3855/3855
f 3857/3857 3858/3858 3859/3859
f 3860/3860 3857/3857 3859/3859
f 3861/3861 3862/3862 3863/3863
f 3864/3864 3861/3861 3863/3863
f 3865/3865 3866/3866 3867/3867
f 3868/3868 3865/3865 3867/3867
f 3869/3869 3870/3870 3871/3871
f 3872/3872 3869/3869 3871/3871
f 3873/3873 3874/3874 3875/3875
f 3876/3876 3873/3873 3875/3875
f 3877/3877 3878/3878 3879/3879
f 3880/3880 3877/3877 3879/3879
f 3881/3881 3882/3882 3883/3883
f 3884/3884 3881/3881 3883/3883
f 3885/3885 3886/3886 3887/3887
f 3888/3888 3885/3885 3887/3887
f 3889/3889 3890/3890 3891/3891
f 3892/3892 3889/3889 3891/3891
f 3893/3893 3894/3894 3895/3895
f 3896/3896 3893/3893 3895/3895
f 3897/3897 3898/3898 3899/3899
f 3900/3900 3897/3897 3899/3899
f 3901/3901 3902/3902 3903/3903
f 3904/3904 3901/3901 3903/3903
f 3905/3905 3906/3906 3907/3907
f 3908/3908 3905/3905 3907/3907
f 3909/3909 3910/3910 3911/3911
f 3912/3912 3909/3909 3911/3911
f 3913/3913 3914/3914 3915/3915
f 3916/3916 3913/3913 3915/3915
f 3917/3917 3918/3918 3919/3919
f 3920/3920 3917/3917 3919/3919
f 3921/3921 3922/3922 3923/3923
f 3924/3924 3921/3921 3923/3923
f 3925/3925 3926/3926 3927/3927
f 3928/3928 3925/3925 3927/3927
f 3929/3929 3930/3930 3931/3931
f 3932/3932 3929/3929 3931/3931
f 3933/3933 3934/3934 3935/3935
f 3936/3936 3933/3933 3935/3935
f 3937/3937 3938/3938 3939/3939
f 3940/3940 3937/3937 3939/3939
f 3941/3941 3942/3942 3943/3943
f 3944/3944 3941/3941 3943/3943
f 3945/3945 3946/3946 3947/3947
f 3948/3948 3945/3945 3947/3947
f 3949/3949 3950/3950 3951/3951
f 3952/3952 3949/3949 3951/3951
f 3953/3953 3954/3954 3955/3955
f 3956/3956 3953/3953 3955/3955
f 3957/3957 3958/3958 3959/3959
f 3960/3960 3957/3957 3959/3959
f 3961/3961 3962/3962 3963/3963
f 3964/3964 3961/3961 3963/3963
f 3965/3965 3966/3966 3967/3967
f 3968/3968 3965/3965 3967/3967
f 3969/3969 3970/3970 3971/3971
f 3972/3972 3969/3969 3971/3971
f 3973/3973 3974/3974 3975/3975
f 3976/3976 3973/3973 3975/3975
f 3977/3977 3978/3978 3979/3979
f 3980/3980 3977/3977 3979/3979
f 3981/3981 3982/3982 3983/3983
f 3984/3984 3981/3981 3983/3983
f 3985/3985 3986/3986 3987/3987
f 3988/3988 3985/3985 3987/3987
f 3989/3989 3990/3990 3991/3991
f 3992/3992 3989/3989 3991/3991
f 3993/3993 3994/3994 3995/3995
f 3996/3996 3993/3993 3995/3995
f 3997/3997 3998/3998 3999/3999
f 4000/4000 3997/3997 3999/3999
f 4001/4001 4002/4002 4003/4003
f 4004/4004 4001/4001 4003/4003
f 4005/4005 4006/4006 4007/4007
f 4008/4008 4005/4005 4007/4007
f 4009/4009 4010/4010 4011/4011
f 4012/4012 4009/4009 4011/4011
f 4013/4013 4014/4014 4015/4015
f 4016/4016 4013/4013 4015/4015
f 4017/4017 4018/4018 4019/4019
f 4020/4020 4017/4017 4019/4019
f 4021/4021 4022/4022 4023/4023
f 4024/4024 4021/4021 4023/4023
f 4025/4025 4026/4026 4027/4027
f 4028/4028 4025/4025 4027/4027
f 4029/4029 4030/4030 4031/4031
f 4032/4032 4029/4029 4031/4031
f 4033/4033 4034/4034 4035/4035
f 4036/4036 4033/4033 4035/4035
f 4037/4037 4038/4038 4039/4039
f 4040/4040 4037/4037 4039/4039
f 4041/4041 4042/4042 4043/4043
f 4044/4044 4041/4041 4043/4043
f 4045/4045 4046/4046 4047/4047
f 4048/4048 4045/4045 4047/4047
f 4049/4049 4050/4050 4051/4051
f 4052/4052 4049/4049 4051/4051
f 4053/4053 4054/4054 4055/4055
f 4056/4056 4053/4053 4055/4055
f 4057/4057 4058/4058 4059/4059
f 4060/4060 4057/4057 4059/4059
f 4061/4061 4062/4062 4063/4063
f 4064/4064 4061/4061 4063/4063
f 4065/4065 4066/4066 4067/4067
f 4068/4068 4065/4065 4067/4067
f 4069/4069 4070/4070 4071/4071
f 4072/4072 4069/4069 4071/4071
f 4073/4073 4074/4074 4075/4075
f 4076/4076 4073/4073 4075/4075
f 4077/4077 4078/4078 4079/4079
f 4080/4080 4077/4077 4079/4079
f 4081/4081 4082/4082 4083/4083
f 4084/4084 4081/4081 4083/4083
f 4085/4085 4086/4086 4087/4087
f 4088/4088 4085/4085 4087/4087
f 4089/4089 4090/4090 4091/4091
f 4092/4092 4089/4089 4091/4091
f 4093/4093 4094/4094 4095/4095
f 4096/4096 4093/4093 4095/4095
f 4097/4097 4098/4098 4099/4099
f 4100/4100 4097/4097 4099/4099
f 4101/4101 4102/4102 4103/4103
f 4104/4104 4101/4101 4103/4103
f 4105/4105 4106/4106 4107/4107
f 4108/4108 4105/4105 4107/4107
f 4109/4109 4110/4110 4111/4111
f 4112/4112 4109/4109 4111/4111
f 4113/4113 4114/4114 4115/4115
f 4116/4116 4113/4113 4115/4115
f 4117/4117 4118/4118 4119/4119
f 4120/4120 4117/4117 4119/4119
f 4121/4121 4122/4122 4123/4123
f 4124/4124 4121/4121 4123/4123
f 4125/4125 4126/4126 4127/4127
f 4128/4128 4125/4125 4127/4127
f 4129/4129 4130/4130 4131/4131
f 4132/4132 4129/4129 4131/4131
f 4133/4133 4134/4134 4135/4135
f 4136/4136 4133/4133 4135/4135
f 4137/4137 4138/4138 4139/4139
f 4140/4140 4137/4137 4139/4139
f 4141/4141 4142/4142 4143/4143
f 4144/4144 4141/4141 4143/4143
f 4145/4145 4146/4146 4147/4147
f 4148/4148 4145/4145 4147/4147
f 4149/4149 4150/4150 4151/4151
f 4152/4152 4149/4149 4151/4151
f 4153/4153 4154/4154 4155/4155
f 4156/4156 4153/4153 4155/4155
f 4157/4157 4158/4158 4159/4159
f 4160/4160 4157/4157 4159/4159
f 4161/4161 4162/4162 4163/4163
f 4164/4164 4161/4161 4163/4163
f 4165/4165 4166/4166 4167/4167
f 4168/4168 4165/4165 4167/4167
f 4169/4169 4170/4170 4171/4171
f 4172/4172 4169/4169 4171/4171
f 4173/4173 4174/4174 4175/4175
f 4176/4176 4173/4173 4175/4175
f 4177/4177 4178/4178 4179/4179
f 4180/4180 4177/4177 4179/4179
f 4181/4181 4182/4182 4183/4183
f 4184/4184 4181/4181 4183/4183
f 4185/4185 4186/4186 4187/4187
f 4188/4188 4185/4185 4187/4187
f 4189/4189 4190/4190 4191/4191
f 4192/4192 4189/4189 4191/4191
f 4193/4193 4194/4194 4195/4195
f 4196/4196 4193/4193 4195/4195
f 4197/4197 4198/4198 4199/4199
f 4200/4200 4197/4197 4199/4199
f 4201/4201 4202/4202 4203/4203
f 4204/4204 4201/4201 4203/4203
f 4205/4205 4206/4206 4207/4207
f 4208/4208 4205/4205 4207/4207
f 4209/4209 4210/4210 4211/4211
f 4212/4212 4209/4209 4211/4211
f 4213/4213 4214/4214 4215/4215
f 4216/4216 4213/4213 4215/4215
f 4217/4217 4218/4218 4219/4219
f 4220/4220 4217/4217 4219/4219
f 4221/4221 4222/4222 4223/4223
f 4224/4224 4221/4221 4223/4223
f 4225/4225 4226/4226 4227/4227
f 4228/4228 4225/4225 4227/4227
f 4229/4229 4230/4230 4231/4231
f 4232/4232 4229/4229 4231/4231
f 4233/4233 4234/4234 4235/4235
f 4236/4236 4233/4233 4235/4235
f 4237/4237 4238/4238 4239/4239
f 4240/4240 4237/4237 4239/4239
f 4241/4241 4242/4242 4243/4243
f 4244/4244 4241/4241 4243/4243
f 4245/4245 4246/4246 4247/4247
f 4248/4248 4245/4245 4247/4247
f 4249/4249 4250/4250 4251/4251
f 4252/4252 4249/4249 4251/4251
f 4253/4253 4254/4254 4255/4255
f 4256/4256 4253/4253 4255/4255
f 4257/4257 4258/4258 4259/4259
f 4260/4260 4257/4257 4259/4259
f 4261/4261 4262/4262 4263/4263
f 4264/4264 4261/4261 4263/4263
f 4265/4265 4266/4266 4267/4267
f 4268/4268 4265/4265 4267/4267
f 4269/4269 4270/4270 4271/4271
f 4272/4272 4269/4269 4271/4271
f 4273/4273 4274/4274 4275/4275
f 4276/4276 4273/4273 4275/4275
f 4277/4277 4278/4278 4279/4279
f 4280/4280 4277/4277 4279/4279
f 4281/4281 4282/4282 4283/4283
f 4284/4284 4281/4281 4283/4283
f 4285/4285 4286/4286 4287/4287
f 4288/4288 4285/4285 4287/4287
f 4289/4289 4290/4290 4291/4291
f 4292/4292 4289/4289 4291/4291
f 4293/4293 4294/4294 4295/4295
f 4296/4296 4293/4293 4295/4295
f 4297/4297 4298/4298 4299/4299
f 4300/4300 4297/4297 4299/4299
f 4301/4301 4302/4302 4303/4303
f 4304/4304 4301/4301 4303/4303
f 4305/4305 4306/4306 4307/4307
f 4308/4308 4305/4305 4307/4307
f 4309/4309 4310/4310 4311/4311
f 4312/4312 4309/4309 4311/4311
f 4313/4313 4314/4314 4315/4315
f 4316/4316 4313/4313 4315/4315
f 4317/4317 4318/4318 4319/4319
f 4320/4320 4317/4317 4319/4319
f 4321/4321 4322/4322 4323/4323
f 4324/4324 4321/4321 4323/4323
f 4325/4325 4326/4326 4327/4327
f 4328/4328 4325/4325 4327/4327
f 4329/4329 4330/4330 4331/4331
f 4332/4332 4329/4329 4331/4331
f 4333/4333 4334/4334 4335/4335
f 4336/4336 4333/4333 4335/4335
f 4337/4337 4338/4338 4339/4339
f 4340/4340 4337/4337 4339/4339
f 4341/4341 4342/4342 4343/4343
f 4344/4344 4341/4341 4343/4343
f 4345/4345 4346/4346 4347/4347
f 4348/4348 4345/4345 4347/4347
f 4349/4349 4350/4350 4351/4351
f 4352/4352 4349/4349 4351/4351
f 4353/4353 4354/4354 4355/4355
f 4356/4356 4353/4353 4355/4355
f 4357/4357 4358/4358 4359/4359
f 4360/4360 4357/4357 4359/4359
f 4361/4361 4362/4362 4363/4363
f 4364/4364 4361/4361 4363/4363
f 4365/4365 4366/4366 4367/4367
f 4368/4368 4365/4365 4367/4367
f 4369/4369 4370/4370 4371/4371
f 4372/4372 4369/4369 4371/4371
f 4373/4373 4374/4374 4375/4375
f 4376/4376 4373/4373 4375/4375
f 4377/4377 4378/4378 4379/4379
f 4380/4380 4377/4377 4379/4379
f 4381/4381 4382/4382 4383/4383
f 4384/4384 4381/4381 4383/4383
f 4385/4385 4386/4386 4387/4387
f 4388/4388 4385/4385 4387/4387
f 4389/4389 4390/4390 4391/4391
f 4392/4392 4389/4389 4391/4391
f 4393/4393 4394/4394 4395/4395
f 4396/4396 4393/4393 4395/4395
f 4397/4397 4398/4398 4399/4399
f 4400/4400 4397/4397 4399/4399
f 4401/4401 4402/4402 4403/4403
f 4404/4404 4401/4401 4403/4403
f 4405/4405 4406/4406 4407/4407
f 4408/4408 4405/4405 4407/4407
f 4409/4409 4410/4410 4411/4411
f 4412/4412 4409/4409 4411/4411
f 4413/4413 4414/4414 4415/4415
f 4416/4416 4413/4413 4415/4415
f 4417/4417 4418/4418 4419/4419
f 4420/4420 4417/4417 4419/4419
f 4421/4421 4422/4422 4423/4423
f 4424/4424 4421/4421 4423/4423
f 4425/4425 4426/4426 4427/4427
f 4428/4428 4425/4425 4427/4427
f 4429/4429 4430/4430 4431/4431
f 4432/4432 4429/4429 4431/4431
f 4433/4433 4434/4434 4435/4435
f 4436/4436 4433/4433 4435/4435
f 4437/4437 4438/4438 4439/4439
f 4440/4440 4437/4437 4439/4439
f 4441/4441 4442/4442 4443/4443
f 4444/4444 4441/4441 4443/4443
f 4445/4445 4446/4446 4447/4447
f 4448/4448 4445/4445 4447/4447
f 4449/4449 4450/4450 4451/4451
f 4452/4452 4449/4449 4451/4451
f 4453/4453 4454/4454 4455/4455
f 4456/4456 4453/4453 4455/4455
f 4457/4457 4458/4458 4459/4459
f 4460/4460 4457/4457 4459/4459
f 4461/4461 4462/4462 4463/4463
f 4464/4464 4461/4461 4463/4463
f 4465/4465 4466/4466 4467/4467
f 4468/4468 4465/4465 4467/4467
f 4469/4469 4470/4470 4471/4471
f 4472/4472 4469/4469 4471/4471
f 4473/4473 4474/4474 4475/4475
f 4476/4476 4473/4473 4475/4475
f 4477/4477 4478/4478 4479/4479
f 4480/4480 4477/4477 4479/4479
f 4481/4481 4482/4482 4483/4483
f 4484/4484 4481/4481 4483/4483
f 4485/4485 4486/4486 4487/4487
f 4488/4488 4485/4485 4487/4487
f 4489/4489 4490/4490 4491/4491
f 4492/4492 4489/4489 4491/4491
f 4493/4493 4494/4494 4495/4495
f 4496/4496 4493/4493 4495/4495
f 4497/4497 4498/4498 4499/4499
f 4500/4500 4497/4497 4499/4499
f 4501/4501 4502/4502 4503/4503
f 4504/4504 4501/4501 4503/4503
f 4505/4505 4506/4506 4507/4507
f 4508/4508 4505/4505 4507/4507
f 4509/4509 4510/4510 4511/4511
f 4512/4512 4509/4509 4511/4511
f 4513/4513 4514/4514 4515/4515
f 4516/4516 4513/4513 4515/4515
f 4517/4517 4518/4518 4519/4519
f 4520/4520 4517/4517 4519/4519
f 4521/4521 4522/4522 4523/4523
f 4524/4524 4521/4521 4523/4523
f 4525/4525 4526/4526 4527/4527
f 4528/4528 4525/4525 4527/4527
f 4529/4529 4530/4530 4531/4531
f 4532/4532 4529/4529 4531/4531
f 4533/4533 4534/4534 4535/4535
f 4536/4536 4533/4533 4535/4535
f 4537/4537 4538/4538 4539/4539
f 4540/4540 4537/4537 4539/4539
f 4541/4541 4542/4542 4543/4543
f 4544/4544 4541/4541 4543/4543
f 4545/4545 4546/4546 4547/4547
f 4548/4548 4545/4545 4547/4547
f 4549/4549 4550/4550 4551/4551
f 4552/4552 4549/4549 4551/4551
f 4553/4553 4554/4554 4555/4555
f 4556/4556 4553/4553 4555/4555
f 4557/4557 4558/4558 4559/4559
f 4560/4560 4557/4557 4559/4559
f 4561/4561 4562/4562 4563/4563
f 4564/4564 4561/4561 4563/4563
f 4565/4565 4566/4566 4567/4567
f 4568/4568 4565/4565 4567/4567
f 4569/4569 4570/4570 4571/4571
f 4572/4572 4569/4569 4571/4571
f 4573/4573 4574/4574 4575/4575
f 4576/4576 4573/4573 4575/4575
f 4577/4577 4578/4578 4579/4579
f 4580/4580 4577/4577 4579/4579
f 4581/4581 4582/4582 4583/4583
f 4584/4584 4581/4581 4583/4583
f 4585/4585 4586/4586 4587/4587
f 4588/4588 4585/4585 4587/4587
f 4589/4589 4590/4590 4591/4591
f 4592/4592 4589/4589 4591/4591
f 4593/4593 4594/4594 4595/4595
f 4596/4596 4593/4593 4595/4595
f 4597/4597 4598/4598 4599/4599
f 4600/4600 4597/4597 4599/4599
f 4601/4601 4602/4602 4603/4603
f 4604/4604 4601/4601 4603/4603
f 4605/4605 4606/4606 4607/4607
f 4608/4608 4605/4605 4607/4607
f 4609/4609 4610/4610 4611/4611
f 4612/4612 4609/4609 4611/4611
f 4613/4613 4614/4614 4615/4615
f 4616/4616 4613/4613 4615/4615
f 4617/4617 4618/4618 4619/4619
f 4620/4620 4617/4617 4619/4619
f 4621/4621 4622/4622 4623/4623
f 4624/4624 4621/4621 4623/4623
f 4625/4625 4626/4626 4627/4627
f 4628/4628 4625/4625 4627/4627
f 4629/4629 4630/4630 4631/4631
f 4632/4632 4629/4629 4631/4631
f 4633/4633 4634/4634 4635/4635
f 4636/4636 4633/4633 4635/4635
f 4637/4637 4638/4638 4639/4639
f 4640/4640 4637/4637 4639/4639
f 4641/4641 4642/4642 4643/4643
f 4644/4644 4641/4641 4643/4643
f 4645/4645 4646/4646 4647/4647
f 4648/4648 4645/4645 4647/4647
f 4649/4649 4650/4650 4651/4651
f 4652/4652 4649/4649 4651/4651
f 4653/4653 4654/4654 4655/4655
f 4656/4656 4653/4653 4655/4655
f 4657/4657 4658/4658 4659/4659
f 4660/4660 4657/4657 4659/4659
f 4661/4661 4662/4662 4663/4663
f 4664/4664 4661/4661 4663/4663
f 4665/4665 4666/4666 4667/4667
f 4668/4668 4665/4665 4667/4667
f 4669/4669 4670/4670 4671/4671
f 4672/4672 4673/4673 4674/4674
f 4675/4675 4676/4676 4677/4677
f 4678/4678 4675/4675 4677/4677
f 4679/4679 4680/4680 4681/4681
f 4682/4682 4679/4679 4681/4681
f 4683/4683 4684/4684 4685/4685
f 4686/4686 4683/4683 4685/4685
f 4687/4687 4688/4688 4689/4689
f 4690/4690 4691/4691 4692/4692
f 4693/4693 4694/4694 4695/4695
f 4696/4696 4693/4693 4695/4695
f 4697/4697 4698/4698 4699/4699
f 4700/4700 4697/4697 4699/4699
f 4701/4701 4702/4702 4703/4703
f 4704/4704 4701/4701 4703/4703
f 4705/4705 4706/4706 4707/4707
f 4708/4708 4705/4705 4707/4707
f 4709/4709 4710/4710 4711/4711
f 4712/4712 4709/4709 4711/4711
f 4713/4713 4714/4714 4715/4715
f 4716/4716 4713/4713 4715/4715
f 4717/4717 4718/4718 4719/4719
f 4720/4720 4717/4717 4719/4719
f 4721/4721 4722/4722 4723/4723
f 4724/4724 4721/4721 4723/4723
f 4725/4725 4726/4726 4727/4727
f 4728/4728 4725/4725 4727/4727
f 4729/4729 4730/4730 4731/4731
f 4732/4732 4729/4729 4731/4731
f 4733/4733 4734/4734 4735/4735
f 4736/4736 4733/4733 4735/4735
f 4737/4737 4738/4738 4739/4739
f 4740/4740 4737/4737 4739/4739
f 4741/4741 4742/4742 4743/4743
f 4744/4744 4741/4741 4743/4743
f 4745/4745 4746/4746 4747/4747
f 4748/4748 4745/4745 4747/4747
f 4749/4749 4750/4750 4751/4751
f 4752/4752 4749/4749 4751/4751
f 4753/4753 4754/4754 4755/4755
f 4756/4756 4753/4753 4755/4755
f 4757/4757 4758/4758 4759/4759
f 4760/4760 4757/4757 4759/4759
f 4761/4761 4762/4762 4763/4763
f 4764/4764 4761/4761 4763/4763
f 4765/4765 4766/4766 4767/4767
f 4768/4768 4765/4765 4767/4767
f 4769/4769 4770/4770 4771/4771
f 4772/4772 4769/4769 4771/4771
f 4773/4773 4774/4774 4775/4775
f 4776/4776 4773/4773 4775/4775
f 4777/4777 4778/4778 4779/4779
f 4780/4780 4777/4777 4779/4779
f 4781/4781 4782/4782 4783/4783
f 4784/4784 4781/4781 4783/4783
f 4785/4785 4786/4786 4787/4787
f 4788/4788 4785/4785 4787/4787
f 4789/4789 4790/4790 4791/4791
f 4792/4792 4789/4789 4791/4791
f 4793/4793 4794/4794 4795/4795
f 4796/4796 4793/4793 4795/4795
f 4797/4797 4798/4798 4799/4799
f 4800/4800 4797/4797 4799/4799
f 4801/4801 4802/4802 4803/4803
f 4804/4804 4801/4801 4803/4803
f 4805/4805 4806/4806 4807/4807
f 4808/4808 4805/4805 4807/4807
f 4809/4809 4810/4810 4811/4811
f 4812/4812 4809/4809 4811/4811
f 4813/4813 4814/4814 4815/4815
f 4816/4816 4813/4813 4815/4815
f 4817/4817 4818/4818 4819/4819
f 4820/4820 4817/4817 4819/4819
f 4821/4821 4822/4822 4823/4823
f 4824/4824 4821/4821 4823/4823
f 4825/4825 4826/4826 4827/4827
f 4828/4828 4825/4825 4827/4827
f 4829/4829 4830/4830 4831/4831
f 4832/4832 4829/4829 4831/4831
f 4833/4833 4834/4834 4835/4835
f 4836/4836 4833/4833 4835/4835
f 4837/4837 4838/4838 4839/4839
f 4840/4840 4837/4837 4839/4839
f 4841/4841 4842/4842 4843/4843
f 4844/4844 4841/4841 4843/4843
f 4845/4845 4846/4846 4847/4847
f 4848/4848 4845/4845 4847/4847
f 4849/4849 4850/4850 4851/4851
f 4852/4852 4849/4849 4851/4851
f 4853/4853 4854/4854 4855/4855
f 4856/4856 4853/4853 4855/4855
f 4857/4857 4858/4858 4859/4859
f 4860/4860 4857/4857 4859/4859
f 4861/4861 4862/4862 4863/4863
f 4864/4864 4861/4861 4863/4863
f 4865/4865 4866/4866 4867/4867
f 4868/4868 4865/4865 4867/4867
f 4869/4869 4870/4870 4871/4871
f 4872/4872 4869/4869 4871/4871
f 4873/4873 4874/4874 4875/4875
f 4876/4876 4873/4873 4875/4875
f 4877/4877 4878/4878 4879/4879
f 4880/4880 4877/4877 4879/4879
f 4881/4881 4882/4882 4883/4883
f 4884/4884 4881/4881 4883/4883
f 4885/4885 4886/4886 4887/4887
f 4888/4888 4885/4885 4887/4887
f 4889/4889 4890/4890 4891/4891
f 4892/4892 4889/4889 4891/4891
f 4893/4893 4894/4894 4895/4895
f 4896/4896 4893/4893 4895/4895
f 4897/4897 4898/4898 4899/4899
f 4900/4900 4897/4897 4899/4899
f 4901/4901 4902/4902 4903/4903
f 4904/4904 4901/4901 4903/4903
f 4905/4905 4906/4906 4907/4907
f 4908/4908 4905/4905 4907/4907
f 4909/4909 4910/4910 4911/4911
f 4912/4912 4909/4909 4911/4911
f 4913/4913 4914/4914 4915/4915
f 4916/4916 4913/4913 4915/4915
f 4917/4917 4918/4918 4919/4919
f 4920/4920 4917/4917 4919/4919
f 4921/4921 4922/4922 4923/4923
f 4924/4924 4921/4921 4923/4923
f 4925/4925 4926/4926 4927/4927
f 4928/4928 4925/4925 4927/4927
f 4929/4929 4930/4930 4931/4931
f 4932/4932 4929/4929 4931/4931
f 4933/4933 4934/4934 4935/4935
f 4936/4936 4933/4933 4935/4935
f 4937/4937 4938/4938 4939/4939
f 4940/4940 4937/4937 4939/4939
f 4941/4941 4942/4942 4943/4943
f 4944/4944 4941/4941 4943/4943
f 4945/4945 4946/4946 4947/4947
f 4948/4948 4945/4945 4947/4947
f 4949/4949 4950/4950 4951/4951
f 4952/4952 4949/4949 4951/4951
f 4953/4953 4954/4954 4955/4955
f 4956/4956 4953/4953 4955/4955
f 4957/4957 4958/4958 4959/4959
f 4960/4960 4957/4957 4959/4959
f 4961/4961 4962/4962 4963/4963
f 4964/4964 4961/4961 4963/4963
f 4965/4965 4966/4966 4967/4967
f 4968/4968 4965/4965 4967/4967
f 4969/4969 4970/4970 4971/4971
f 4972/4972 4969/4969 4971/4971
f 4973/4973 4974/4974 4975/4975
f 4976/4976 4973/4973 4975/4975
f 4977/4977 4978/4978 4979/4979
f 4980/4980 4977/4977 4979/4979
f 4981/4981 4982/4982 4983/4983
f 4984/4984 4981/4981 4983/4983
f 4985/4985 4986/4986 4987/4987
f 4988/4988 4985/4985 4987/4987
f 4989/4989 4990/4990 4991/4991
f 4992/4992 4989/4989 4991/4991
f 4993/4993 4994/4994 4995/4995
f 4996/4996 4993/4993 4995/4995
f 4997/4997 4998/4998 4999/4999
f 5000/5000 4997/4997 4999/4999
f 5001/5001 5002/5002 5003/5003
f 5004/5004 5001/5001 5003/5003
f 5005/5005 5006/5006 5007/5007
f 5008/5008 5005/5005 5007/5007
f 5009/5009 5010/5010 5011/5011
f 5012/5012 5009/5009 5011/5011
f 5013/5013 5014/5014 5015/5015
f 5016/5016 5013/5013 5015/5015
f 5017/5017 5018/5018 5019/5019
f 5020/5020 5017/5017 5019/5019
f 5021/5021 5022/5022 5023/5023
f 5024/5024 5021/5021 5023/5023
f 5025/5025 5026/5026 5027/5027
f 5028/5028 5025/5025 5027/5027
f 5029/5029 5030/5030 5031/5031
f 5032/5032 5029/5029 5031/5031
f 5033/5033 5034/5034 5035/5035
f 5036/5036 5033/5033 5035/5035
f 5037/5037 5038/5038 5039/5039
f 5040/5040 5037/5037 5039/5039
f 5041/5041 5042/5042 5043/5043
f 5044/5044 5041/5041 5043/5043
f 5045/5045 5046/5046 5047/5047
f 5048/5048 5045/5045 5047/5047
f 5049/5049 5050/5050 5051/5051
f 5052/5052 5049/5049 5051/5051
f 5053/5053 5054/5054 5055/5055
f 5056/5056 5053/5053 5055/5055
f 5057/5057 5058/5058 5059/5059
f 5060/5060 5057/5057 5059/5059
f 5061/5061 5062/5062 5063/5063
f 5064/5064 5061/5061 5063/5063
f 5065/5065 5066/5066 5067/5067
f 5068/5068 5065/5065 5067/5067
f 5069/5069 5070/5070 5071/5071
f 5072/5072 5069/5069 5071/5071
f 5073/5073 5074/5074 5075/5075
f 5076/5076 5073/5073 5075/5075
f 5077/5077 5078/5078 5079/5079
f 5080/5080 5077/5077 5079/5079
f 5081/5081 5082/5082 5083/5083
f 5084/5084 5081/5081 5083/5083
f 5085/5085 5086/5086 5087/5087
f 5088/5088 5085/5085 5087/5087
f 5089/5089 5090/5090 5091/5091
f 5092/5092 5089/5089 5091/5091
f 5093/5093 5094/5094 5095/5095
f 5096/5096 5093/5093 5095/5095
f 5097/5097 5098/5098 5099/5099
f 5100/5100 5097/5097 5099/5099
f 5101/5101 5102/5102 5103/5103
f 5104/5104 5101/5101 5103/5103
f 5105/5105 5106/5106 5107/5107
f 5108/5108 5105/5105 5107/5107
f 5109/5109 5110/5110 5111/5111
f 5112/5112 5109/5109 5111/5111
f 5113/5113 5114/5114 5115/5115
f 5116/5116 5113/5113 5115/5115
f 5117/5117 5118/5118 5119/5119
f 5120/5120 5117/5117 5119/5119
f 5121/5121 5122/5122 5123/5123
f 5124/5124 5121/5121 5123/5123
f 5125/5125 5126/5126 5127/5127
f 5128/5128 5125/5125 5127/5127
f 5129/5129 5130/5130 5131/5131
f 5132/5132 5129/5129 5131/5131
f 5133/5133 5134/5134 5135/5135
f 5136/5136 5133/5133 5135/5135
f 5137/5137 5138/5138 5139/5139
f 5140/5140 5137/5137 5139/5139
f 5141/5141 5142/5142 5143/5143
f 5144/5144 5141/5141 5143/5143
f 5145/5145 5146/5146 5147/5147
f 5148/5148 5145/5145 5147/5147
f 5149/5149 5150/5150 5151/5151
f 5152/5152 5149/5149 5151/5151
f 5153/5153 5154/5154 5155/5155
f 5156/5156 5153/5153 5155/5155
f 5157/5157 5158/5158 5159/5159
f 5160/5160 5157/5157 5159/5159
f 5161/5161 5162/5162 5163/5163
f 5164/5164 5161/5161 5163/5163
f 5165/5165 5166/5166 5167/5167
f 5168/5168 5165/5165 5167/5167
f 5169/5169 5170/5170 5171/5171
f 5172/5172 5169/5169 5171/5171
f 5173/5173 5174/5174 5175/5175
f 5176/5176 5173/5173 5175/5175
f 5177/5177 5178/5178 5179/5179
f 5180/5180 5177/5177 5179/5179
f 5181/5181 5182/5182 5183/5183
f 5184/5184 5181/5181 5183/5183
f 5185/5185 5186/5186 5187/5187
f 5188/5188 5185/5185 5187/5187
f 5189/5189 5190/5190 5191/5191
f 5192/5192 5189/5189 5191/5191
f 5193/5193 5194/5194 5195/5195
f 5196/5196 5193/5193 5195/5195
f 5197/5197 5198/5198 5199/5199
f 5200/5200 5197/5197 5199/5199
f 5201/5201 5202/5202 5203/5203
f 5204/5204 5201/5201 5203/5203
f 5205/5205 5206/5206 5207/5207
f 5208/5208 5205/5205 5207/5207
f 5209/5209 5210/5210 5211/5211
f 5212/5212 5209/5209 5211/5211
f 5213/5213 5214/5214 5215/5215
f 5216/5216 5213/5213 5215/5215
f 5217/5217 5218/5218 5219/5219
f 5220/5220 5217/5217 5219/5219
f 5221/5221 5222/5222 5223/5223
f 5224/5224 5221/5221 5223/5223
f 5225/5225 5226/5226 5227/5227
f 5228/5228 5225/5225 5227/5227
f 5229/5229 5230/5230 5231/5231
f 5232/5232 5229/5229 5231/5231
f 5233/5233 5234/5234 5235/5235
f 5236/5236 5233/5233 5235/5235
f 5237/5237 5238/5238 5239/5239
f 5240/5240 5237/5237 5239/5239
f 5241/5241 5242/5242 5243/5243
f 5244/5244 5241/5241 5243/5243
f 5245/5245 5246/5246 5247/5247
f 5248/5248 5245/5245 5247/5247
f 5249/5249 5250/5250 5251/5251
f 5252/5252 5249/5249 5251/5251
f 5253/5253 5254/5254 5255/5255
f 5256/5256 5253/5253 5255/5255
f 5257/5257 5258/5258 5259/5259
f 5260/5260 5257/5257 5259/5259
f 5261/5261 5262/5262 5263/5263
f 5264/5264 5261/5261 5263/5263
f 5265/5265 5266/5266 5267/5267
f 5268/5268 5265/5265 5267/5267
f 5269/5269 5270/5270 5271/5271
f 5272/5272 5269/5269 5271/5271
f 5273/5273 5274/5274 5275/5275
f 5276/5276 5273/5273 5275/5275
f 5277/5277 5278/5278 5279/5279
f 5280/5280 5277/5277 5279/5279
f 5281/5281 5282/5282 5283/5283
f 5284/5284 5281/5281 5283/5283
f 5285/5285 5286/5286 5287/5287
f 5288/5288 5285/5285 5287/5287
f 5289/5289 5290/5290 5291/5291
f 5292/5292 5289/5289 5291/5291
f 5293/5293 5294/5294 5295/5295
f 5296/5296 5293/5293 5295/5295
f 5297/5297 5298/5298 5299/5299
f 5300/5300 5297/5297 5299/5299
f 5301/5301 5302/5302 5303/5303
f 5304/5304 5301/5301 5303/5303
f 5305/5305 5306/5306 5307/5307
f 5308/5308 5305/5305 5307/5307
f 5309/5309 5310/5310 5311/5311
f 5312/5312 5309/5309 5311/5311
f 5313/5313 5314/5314 5315/5315
f 5316/5316 5313/5313 5315/5315
f 5317/5317 5318/5318 5319/5319
f 5320/5320 5317/5317 5319/5319
f 5321/5321 5322/5322 5323/5323
f 5324/5324 5321/5321 5323/5323
f 5325/5325 5326/5326 5327/5327
f 5328/5328 5325/5325 5327/5327
f 5329/5329 5330/5330 5331/5331
f 5332/5332 5329/5329 5331/5331
f 5333/5333 5334/5334 5335/5335
f 5336/5336 5333/5333 5335/5335
f 5337/5337 5338/5338 5339/5339
f 5340/5340 5337/5337 5339/5339
f 5341/5341 5342/5342 5343/5343
f 5344/5344 5341/5341 5343/5343
f 5345/5345 5346/5346 5347/5347
f 5348/5348 5345/5345 5347/5347
f 5349/5349 5350/5350 5351/5351
f 5352/5352 5349/5349 5351/5351
f 5353/5353 5354/5354 5355/5355
f 5356/5356 5353/5353 5355/5355
f 5357/5357 5358/5358 5359/5359
f 5360/5360 5357/5357 5359/5359
f 5361/5361 5362/5362 5363/5363
f 5364/5364 5361/5361 5363/5363
f 5365/5365 5366/5366 5367/5367
f 5368/5368 5365/5365 5367/5367
f 5369/5369 5370/5370 5371/5371
f 5372/5372 5369/5369 5371/5371
f 5373/5373 5374/5374 5375/5375
f 5376/5376 5373/5373 5375/5375
f 5377/5377 5378/5378 5379/5379
f 5380/5380 5377/5377 5379/5379
f 5381/5381 5382/5382 5383/5383
f 5384/5384 5381/5381 5383/5383
f 5385/5385 5386/5386 5387/5387
f 5388/5388 5385/5385 5387/5387
f 5389/5389 5390/5390 5391/5391
f 5392/5392 5389/5389 5391/5391
f 5393/5393 5394/5394 5395/5395
f 5396/5396 5393/5393 5395/5395
f 5397/5397 5398/5398 5399/5399
f 5400/5400 5397/5397 5399/5399
f 5401/5401 5402/5402 5403/5403
f 5404/5404 5401/5401 5403/5403
f 5405/5405 5406/5406 5407/5407
f 5408/5408 5405/5405 5407/5407
f 5409/5409 5410/5410 5411/5411
f 5412/5412 5409/5409 5411/5411
f 5413/5413 5414/5414 5415/5415
f 5416/5416 5413/5413 5415/5415
f 5417/5417 5418/5418 5419/5419
f 5420/5420 5417/5417 5419/5419
f 5421/5421 5422/5422 5423/5423
f 5424/5424 5421/5421 5423/5423
f 5425/5425 5426/5426 5427/5427
f 5428/5428 5425/5425 5427/5427
f 5429/5429 5430/5430 5431/5431
f 5432/5432 5429/5429 5431/5431
f 5433/5433 5434/5434 5435/5435
f 5436/5436 5433/5433 5435/5435
f 5437/5437 5438/5438 5439/5439
f 5440/5440 5437/5437 5439/5439
f 5441/5441 5442/5442 5443/5443
f 5444/5444 5441/5441 5443/5443
f 5445/5445 5446/5446 5447/5447
f 5448/5448 5445/5445 5447/5447
f 5449/5449 5450/5450 5451/5451
f 5452/5452 5449/5449 5451/5451
f 5453/5453 5454/5454 5455/5455
f 5456/5456 5453/5453 5455/5455
f 5457/5457 5458/5458 5459/5459
f 5460/5460 5457/5457 5459/5459
f 5461/5461 5462/5462 5463/5463
f 5464/5464 5461/5461 5463/5463
f 5465/5465 5466/5466 5467/5467
f 5468/5468 5465/5465 5467/5467
f 5469/5469 5470/5470 5471/5471
f 5472/5472 5469/5469 5471/5471
f 5473/5473 5474/5474 5475/5475
f 5476/5476 5473/5473 5475/5475
f 5477/5477 5478/5478 5479/5479
f 5480/5480 5477/5477 5479/5479
f 5481/5481 5482/5482 5483/5483
f 5484/5484 5481/5481 5483/5483
f 5485/5485 5486/5486 5487/5487
f 5488/5488 5485/5485 5487/5487
f 5489/5489 5490/5490 5491/5491
f 5492/5492 5489/5489 5491/5491
f 5493/5493 5494/5494 5495/5495
f 5496/5496 5493/5493 5495/5495
f 5497/5497 5498/5498 5499/5499
f 5500/5500 5497/5497 5499/5499
f 5501/5501 5502/5502 5503/5503
f 5504/5504 5501/5501 5503/5503
f 5505/5505 5506/5506 5507/5507
f 5508/5508 5505/5505 5507/5507
f 5509/5509 5510/5510 5511/5511
f 5512/5512 5509/5509 5511/5511
f 5513/5513 5514/5514 5515/5515
f 5516/5516 5513/5513 5515/5515
f 5517/5517 5518/5518 5519/5519
f 5520/5520 5517/5517 5519/5519
f 5521/5521 5522/5522 5523/5523
f 5524/5524 5521/5521 5523/5523
f 5525/5525 5526/5526 5527/5527
f 5528/5528 5525/5525 5527/5527
f 5529/5529 5530/5530 5531/5531
f 5532/5532 5529/5529 5531/5531
f 5533/5533 5534/5534 5535/5535
f 5536/5536 5533/5533 5535/5535
f 5537/5537 5538/5538 5539/5539
f 5540/5540 5537/5537 5539/5539
f 5541/5541 5542/5542 5543/5543
f 5544/5544 5541/5541 5543/5543
f 5545/5545 5546/5546 5547/5547
f 5548/5548 5545/5545 5547/5547
f 5549/5549 5550/5550 5551/5551
f 5552/5552 5549/5549 5551/5551
f 5553/5553 5554/5554 5555/5555
f 5556/5556 5553/5553 5555/5555
f 5557/5557 5558/5558 5559/5559
f 5560/5560 5557/5557 5559/5559
f 5561/5561 5562/5562 5563/5563
f 5564/5564 5561/5561 5563/5563
f 5565/5565 5566/5566 5567/5567
f 5568/5568 5565/5565 5567/5567
f 5569/5569 5570/5570 5571/5571
f 5572/5572 5569/5569 5571/5571
f 5573/5573 5574/5574 5575/5575
f 5576/5576 5573/5573 5575/5575
f 5577/5577 5578/5578 5579/5579
f 5580/5580 5577/5577 5579/5579
f 5581/5581 5582/5582 5583/5583
f 5584/5584 5581/5581 5583/5583
f 5585/5585 5586/5586 5587/5587
f 5588/5588 5585/5585 5587/5587
f 5589/5589 5590/5590 5591/5591
f 5592/5592 5589/5589 5591/5591
f 5593/5593 5594/5594 5595/5595
f 5596/5596 5593/5593 5595/5595
f 5597/5597 5598/5598 5599/5599
f 5600/5600 5597/5597 5599/5599
f 5601/5601 5602/5602 5603/5603
f 5604/5604 5601/5601 5603/5603
f 5605/5605 5606/5606 5607/5607
f 5608/5608 5605/5605 5607/5607
f 5609/5609 5610/5610 5611/5611
f 5612/5612 5609/5609 5611/5611
f 5613/5613 5614/5614 5615/5615
f 5616/5616 5613/5613 5615/5615
f 5617/5617 5618/5618 5619/5619
f 5620/5620 5617/5617 5619/5619
f 5621/5621 5622/5622 5623/5623
f 5624/5624 5621/5621 5623/5623
f 5625/5625 5626/5626 5627/5627
f 5628/5628 5625/5625 5627/5627
f 5629/5629 5630/5630 5631/5631
f 5632/5632 5629/5629 5631/5631
f 5633/5633 5634/5634 5635/5635
f 5636/5636 5633/5633 5635/5635
f 5637/5637 5638/5638 5639/5639
f 5640/5640 5637/5637 5639/5639
f 5641/5641 5642/5642 5643/5643
f 5644/5644 5641/5641 5643/5643
f 5645/5645 5646/5646 5647/5647
f 5648/5648 5645/5645 5647/5647
f 5649/5649 5650/5650 5651/5651
f 5652/5652 5649/5649 5651/5651
f 5653/5653 5654/5654 5655/5655
f 5656/5656 5653/5653 5655/5655
f 5657/5657 5658/5658 5659/5659
f 5660/5660 5657/5657 5659/5659
f 5661/5661 5662/5662 5663/5663
f 5664/5664 5661/5661 5663/5663
f 5665/5665 5666/5666 5667/5667
f 5668/5668 5665/5665 5667/5667
f 5669/5669 5670/5670 5671/5671
f 5672/5672 5669/5669 5671/5671
f 5673/5673 5674/5674 5675/5675
f 5676/5676 5673/5673 5675/5675
f 5677/5677 5678/5678 5679/5679
f 5680/5680 5677/5677 5679/5679
f 5681/5681 5682/5682 5683/5683
f 5684/5684 5681/5681 5683/5683
f 5685/5685 5686/5686 5687/5687
f 5688/5688 5685/5685 5687/5687
f 5689/5689 5690/5690 5691/5691
f 5692/5692 5689/5689 5691/5691
f 5693/5693 5694/5694 5695/5695
f 5696/5696 5693/5693 5695/5695
f 5697/5697 5698/5698 5699/5699
f 5700/5700 5697/5697 5699/5699
f 5701/5701 5702/5702 5703/5703
f 5704/5704 5701/5701 5703/5703
f 5705/5705 5706/5706 5707/5707
f 5708/5708 5705/5705 5707/5707
f 5709/5709 5710/5710 5711/5711
f 5712/5712 5709/5709 5711/5711
f 5713/5713 5714/5714 5715/5715
f 5716/5716 5713/5713 5715/5715
f 5717/5717 5718/5718 5719/5719
f 5720/5720 5717/5717 5719/5719
f 5721/5721 5722/5722 5723/5723
f 5724/5724 5721/5721 5723/5723
f 5725/5725 5726/5726 5727/5727
f 5728/5728 5725/5725 5727/5727
f 5729/5729 5730/5730 5731/5731
f 5732/5732 5729/5729 5731/5731
f 5733/5733 5734/5734 5735/5735
f 5736/5736 5733/5733 5735/5735
f 5737/5737 5738/5738 5739/5739
f 5740/5740 5737/5737 5739/5739
f 5741/5741 5742/5742 5743/5743
f 5744/5744 5741/5741 5743/5743
f 5745/5745 5746/5746 5747/5747
f 5748/5748 5745/5745 5747/5747
f 5749/5749 5750/5750 5751/5751
f 5752/5752 5749/5749 5751/5751
f 5753/5753 5754/5754 5755/5755
f 5756/5756 5753/5753 5755/5755
f 5757/5757 5758/5758 5759/5759
f 5760/5760 5757/5757 5759/5759
f 5761/5761 5762/5762 5763/5763
f 5764/5764 5761/5761 5763/5763
f 5765/5765 5766/5766 5767/5767
f 5768/5768 5765/5765 5767/5767
f 5769/5769 5770/5770 5771/5771
f 5772/5772 5769/5769 5771/5771
f 5773/5773 5774/5774 5775/5775
f 5776/5776 5773/5773 5775/5775
f 5777/5777 5778/5778 5779/5779
f 5780/5780 5777/5777 5779/5779
f 5781/5781 5782/5782 5783/5783
f 5784/5784 5781/5781 5783/5783
f 5785/5785 5786/5786 5787/5787
f 5788/5788 5785/5785 5787/5787
f 5789/5789 5790/5790 5791/5791
f 5792/5792 5789/5789 5791/5791
f 5793/5793 5794/5794 5795/5795
f 5796/5796 5793/5793 5795/5795
f 5797/5797 5798/5798 5799/5799
f 5800/5800 5797/5797 5799/5799
f 5801/5801 5802/5802 5803/5803
f 5804/5804 5801/5801 5803/5803
f 5805/5805 5806/5806 5807/5807
f 5808/5808 5805/5805 5807/5807
f 5809/5809 5810/5810 5811/5811
f 5812/5812 5809/5809 5811/5811
f 5813/5813 5814/5814 5815/5815
f 5816/5816 5813/5813 5815/5815
f 5817/5817 5818/5818 5819/5819
f 5820/5820 5817/5817 5819/5819
f 5821/5821 5822/5822 5823/5823
f 5824/5824 5821/5821 5823/5823
f 5825/5825 5826/5826 5827/5827
f 5828/5828 5825/5825 5827/5827
f 5829/5829 5830/5830 5831/5831
f 5832/5832 5829/5829 5831/5831
f 5833/5833 5834/5834 5835/5835
f 5836/5836 5833/5833 5835/5835
f 5837/5837 5838/5838 5839/5839
f 5840/5840 5837/5837 5839/5839
f 5841/5841 5842/5842 5843/5843
f 5844/5844 5841/5841 5843/5843
f 5845/5845 5846/5846 5847/5847
f 5848/5848 5845/5845 5847/5847
f 5849/5849 5850/5850 5851/5851
f 5852/5852 5849/5849 5851/5851
f 5853/5853 5854/5854 5855/5855
f 5856/5856 5853/5853 5855/5855
f 5857/5857 5858/5858 5859/5859
f 5860/5860 5857/5857 5859/5859
f 5861/5861 5862/5862 5863/5863
f 5864/5864 5861/5861 5863/5863
f 5865/5865 5866/5866 5867/5867
f 5868/5868 5865/5865 5867/5867
f 5869/5869 5870/5870 5871/5871
f 5872/5872 5869/5869 5871/5871
f 5873/5873 5874/5874 5875/5875
f 5876/5876 5873/5873 5875/5875
f 5877/5877 5878/5878 5879/5879
f 5880/5880 5877/5877 5879/5879
f 5881/5881 5882/5882 5883/5883
f 5884/5884 5881/5881 5883/5883
f 5885/5885 5886/5886 5887/5887
f 5888/5888 5885/5885 5887/5887
f 5889/5889 5890/5890 5891/5891
f 5892/5892 5889/5889 5891/5891
f 5893/5893 5894/5894 5895/5895
f 5896/5896 5893/5893 5895/5895
f 5897/5897 5898/5898 5899/5899
f 5900/5900 5897/5897 5899/5899
f 5901/5901 5902/5902 5903/5903
f 5904/5904 5901/5901 5903/5903
f 5905/5905 5906/5906 5907/5907
f 5908/5908 5905/5905 5907/5907
f 5909/5909 5910/5910 5911/5911
f 5912/5912 5909/5909 5911/5911
f 5913/5913 5914/5914 5915/5915
f 5916/5916 5913/5913 5915/5915
f 5917/5917 5918/5918 5919/5919
f 5920/5920 5917/5917 5919/5919
f 5921/5921 5922/5922 5923/5923
f 5924/5924 5921/5921 5923/5923
