# SCP CB Converted Room Mesh

v -316.669921875 992.0 464.00897216796875
v -316.53485107421875 993.6024780273438 405.5028381347656
v -316.6698913574219 992.0 405.50299072265625
v -316.5413818359375 993.6028442382812 421.1896667480469
v -316.5388488769531 993.611083984375 464.0009765625
v -292.0294189453125 995.197021484375 461.0067443847656
v -291.9559020996094 992.0078735351562 408.5052490234375
v -292.0312194824219 995.2730712890625 408.5052490234375
v -291.9559326171875 992.0078735351562 461.0067443847656
v -315.20599365234375 992.0078735351562 408.5052185058594
v -315.20599365234375 992.0078735351562 461.0067443847656
v -290.5739440917969 995.456787109375 464.00897216796875
v -316.669921875 992.0 464.00897216796875
v -290.6227111816406 997.4231567382812 464.0087890625
v -290.6248779296875 997.4286499023438 405.5144348144531
v -290.6205139160156 997.4236450195312 421.1896667480469
v -290.575927734375 995.5415649414062 405.50299072265625
v -290.5739440917969 995.456787109375 464.00897216796875
v -316.6698913574219 992.0 405.50299072265625
v -290.575927734375 995.5415649414062 405.50299072265625
v -290.5739440917969 995.456787109375 464.00897216796875
v -292.0312194824219 995.2730712890625 408.5052490234375
v -290.575927734375 995.5415649414062 405.50299072265625
v -292.0294189453125 995.197021484375 461.0067443847656
v -315.20599365234375 992.0078735351562 408.5052185058594
v -316.6698913574219 992.0 405.50299072265625
v -316.669921875 992.0 464.00897216796875
v -315.20599365234375 992.0078735351562 461.0067443847656
v -291.9559020996094 992.0078735351562 408.5052490234375
v -291.9559326171875 992.0078735351562 461.0067443847656
v -295.2469787597656 996.79833984375 461.32574462890625
v -295.27777099609375 996.794189453125 423.8988037109375
v -295.2822265625 996.7935791015625 418.48052978515625
v -312.1794128417969 994.9381713867188 460.2700500488281
v -295.9862060546875 997.3824462890625 425.01104736328125
v -312.1794128417969 994.9381713867188 425.01104736328125
v -295.95721435546875 997.3863525390625 460.21685791015625
v -312.49261474609375 994.2118530273438 423.8988037109375
v -312.49261474609375 994.2118530273438 418.48052978515625
v -312.49261474609375 994.2118530273438 406.933349609375
v -295.2917175292969 996.7922973632812 406.9431457519531
v -312.4926452636719 994.2118530273438 461.3822937011719
v -312.0674743652344 994.9738159179688 418.0228271484375
v -296.2301940917969 997.3699951171875 407.40008544921875
v -312.0674743652344 994.9738159179688 407.39105224609375
v -296.221435546875 997.3711547851562 418.0228271484375
v -316.669921875 992.0 402.00897216796875
v -316.53485107421875 993.6024780273438 343.5028381347656
v -316.6698913574219 992.0 343.50299072265625
v -316.5413818359375 993.6028442382812 359.1896667480469
v -316.5388488769531 993.611083984375 402.0009765625
v -292.0294189453125 995.197021484375 399.0067443847656
v -291.9559020996094 992.0078735351562 346.5052490234375
v -292.0312194824219 995.2730712890625 346.5052490234375
v -291.9559326171875 992.0078735351562 399.0067443847656
v -315.20599365234375 992.0078735351562 346.5052185058594
v -315.20599365234375 992.0078735351562 399.0067443847656
v -290.5739440917969 995.456787109375 402.00897216796875
v -316.669921875 992.0 402.00897216796875
v -290.6227111816406 997.4231567382812 402.0087890625
v -290.6248779296875 997.4286499023438 343.5144348144531
v -290.6205139160156 997.4236450195312 359.1896667480469
v -290.575927734375 995.5415649414062 343.50299072265625
v -290.5739440917969 995.456787109375 402.00897216796875
v -316.6698913574219 992.0 343.50299072265625
v -290.575927734375 995.5415649414062 343.50299072265625
v -290.5739440917969 995.456787109375 402.00897216796875
v -292.0312194824219 995.2730712890625 346.5052490234375
v -290.575927734375 995.5415649414062 343.50299072265625
v -292.0294189453125 995.197021484375 399.0067443847656
v -315.20599365234375 992.0078735351562 346.5052185058594
v -316.6698913574219 992.0 343.50299072265625
v -316.669921875 992.0 402.00897216796875
v -315.20599365234375 992.0078735351562 399.0067443847656
v -291.9559020996094 992.0078735351562 346.5052490234375
v -291.9559326171875 992.0078735351562 399.0067443847656
v -295.2469787597656 996.79833984375 399.32574462890625
v -295.27777099609375 996.794189453125 361.8988037109375
v -295.2822265625 996.7935791015625 356.48052978515625
v -312.1794128417969 994.9381713867188 398.2700500488281
v -295.9862060546875 997.3824462890625 363.01104736328125
v -312.1794128417969 994.9381713867188 363.01104736328125
v -295.95721435546875 997.3863525390625 398.21685791015625
v -312.49261474609375 994.2118530273438 361.8988037109375
v -312.49261474609375 994.2118530273438 356.48052978515625
v -312.49261474609375 994.2118530273438 344.933349609375
v -295.2917175292969 996.7922973632812 344.9431457519531
v -312.4926452636719 994.2118530273438 399.3822937011719
v -312.0674743652344 994.9738159179688 356.0228271484375
v -296.2301940917969 997.3699951171875 345.40008544921875
v -312.0674743652344 994.9738159179688 345.39105224609375
v -296.221435546875 997.3711547851562 356.0228271484375
v 1024.0 -64.0 800.0
v 1024.0 0.0 800.0
v -352.0 0.0 800.0
v -352.0 -64.0 800.0
v -352.0 0.0 800.0
v 1024.0 0.0 800.0
v 1024.0 0.0 -1024.0
v -352.0 0.0 -1024.0
v 96.0 384.0 -1024.0
v -96.0 384.0 -1024.0
v -96.0 384.0 -992.0
v 96.0 384.0 -992.0
v -96.0 320.0 -992.0
v -96.0 384.0 -992.0
v -96.0 384.0 -1024.0
v -96.0 320.0 -1024.0
v 96.0 320.0 -1024.0
v 96.0 384.0 -1024.0
v 96.0 384.0 -992.0
v 96.0 320.0 -992.0
v 96.0 320.0 -992.0
v -96.0 320.0 -992.0
v -96.0 320.0 -1024.0
v 96.0 320.0 -1024.0
v 96.0 320.0 -992.0
v 96.0 384.0 -992.0
v -96.0 384.0 -992.0
v -96.0 320.0 -992.0
v -96.0 0.0 -992.0
v -352.0 0.0 -992.0
v -352.0 0.0 -1024.0
v -96.0 0.0 -1024.0
v -352.0 384.0 -992.0
v -352.0 384.0 -1024.0
v -352.0 0.0 -1024.0
v -352.0 0.0 -992.0
v -352.0 384.0 -992.0
v -96.0 384.0 -992.0
v -96.0 384.0 -1024.0
v -352.0 384.0 -1024.0
v -96.0 0.0 -1024.0
v -96.0 384.0 -1024.0
v -96.0 384.0 -992.0
v -96.0 0.0 -992.0
v -96.0 0.0 -992.0
v -96.0 384.0 -992.0
v -352.0 384.0 -992.0
v -352.0 0.0 -992.0
v 1024.0 0.0 -320.0
v 1024.0 384.0 -320.0
v 320.0 384.0 -320.0
v 320.0 0.0 -320.0
v 1024.0 0.0 -320.0
v 320.0 0.0 -320.0
v 320.0 0.0 -1024.0
v 1024.0 0.0 -1024.0
v 320.0 384.0 -320.0
v 320.0 384.0 -1024.0
v 320.0 0.0 -1024.0
v 320.0 0.0 -320.0
v -320.0 0.0 -992.0
v -320.0 384.0 -992.0
v -320.0 384.0 351.9998779296875
v -320.0 0.0 351.9998779296875
v -320.0 0.0 -992.0
v -320.0 0.0 351.9998779296875
v -352.0 0.0 352.0
v -352.0 0.0 -992.0
v -320.0 384.0 351.9998779296875
v -320.0 384.0 -992.0
v -352.0 384.0 -992.0
v -352.0 384.0 352.0
v -320.0 384.0 351.9998779296875
v -352.0 384.0 352.0
v -352.0 0.0 352.0
v -320.0 0.0 351.9998779296875
v -352.0 384.0 -992.0
v -320.0 384.0 -992.0
v -320.0 0.0 -992.0
v -352.0 0.0 -992.0
v 320.0 384.0 -1024.0
v 96.0 384.0 -1024.0
v 96.0 384.0 -992.0
v 320.0 384.0 -992.0
v 96.0 0.0 -992.0
v 96.0 384.0 -992.0
v 96.0 384.0 -1024.0
v 96.0 0.0 -1024.0
v 320.0 0.0 -1024.0
v 320.0 384.0 -1024.0
v 320.0 384.0 -992.0
v 320.0 0.0 -992.0
v 320.0 0.0 -992.0
v 96.0 0.0 -992.0
v 96.0 0.0 -1024.0
v 320.0 0.0 -1024.0
v 320.0 0.0 -992.0
v 320.0 384.0 -992.0
v 96.0 384.0 -992.0
v 96.0 0.0 -992.0
v 992.0 384.0 288.0
v 992.0 0.0 288.0
v 320.0 0.0 288.0
v 320.0 384.0 288.0
v 320.0 0.0 288.0
v 992.0 0.0 288.0
v 992.0 0.0 480.0
v 320.0 0.0 480.0
v 992.0 384.0 480.0
v 992.0 384.0 288.0
v 320.0 384.0 288.0
v 320.0 384.0 480.0
v 320.0 0.0 480.0
v 320.0 384.0 480.0
v 320.0 384.0 288.0
v 320.0 0.0 288.0
v 1024.0 0.0 512.0
v 992.0 0.0 512.0
v 992.0 0.0 96.0
v 1024.0 0.0 96.0
v 992.0 0.0 96.0
v 992.0 0.0 512.0
v 992.0 320.0 512.0
v 992.0 320.0 96.0
v 992.0 320.0 96.0
v 992.0 320.0 512.0
v 1024.0 320.0 512.0
v 1024.0 320.0 96.0
v 992.0 0.0 96.0
v 992.0 320.0 96.0
v 1024.0 320.0 96.0
v 1024.0 0.0 96.0
v 1024.0 384.0 -96.0
v 992.0 384.0 -96.0
v 992.0 384.0 512.0
v 1024.0 384.0 512.0
v 1024.0 320.0 -96.0
v 992.0 320.0 -96.0
v 992.0 384.0 -96.0
v 1024.0 384.0 -96.0
v 992.0 384.0 512.0
v 992.0 384.0 -96.0
v 992.0 320.0 -96.0
v 992.0 320.0 512.0
v 992.0 320.0 512.0
v 992.0 320.0 -96.0
v 1024.0 320.0 -96.0
v 1024.0 320.0 512.0
v 1024.0 384.0 -320.0
v 1024.0 0.0 -320.0
v 992.0 0.0 -320.0
v 992.0 384.0 -320.0
v 1024.0 0.0 -96.0
v 1024.0 384.0 -96.0
v 992.0 384.0 -96.0
v 992.0 0.0 -96.0
v 1024.0 0.0 -96.0
v 992.0 0.0 -96.0
v 992.0 0.0 -320.0
v 1024.0 0.0 -320.0
v 992.0 384.0 -96.0
v 1024.0 384.0 -96.0
v 1024.0 384.0 -320.0
v 992.0 384.0 -320.0
v 992.0 384.0 -96.0
v 992.0 384.0 -320.0
v 992.0 0.0 -320.0
v 992.0 0.0 -96.0
v 320.0 0.0 352.0
v 320.0 0.0 384.0
v 160.0 0.0 384.0
v 160.0 0.0 352.0
v 160.0 320.0 352.0
v 320.0 320.0 352.0
v 320.0 0.0 352.0
v 160.0 0.0 352.0
v 320.0 0.0 384.0
v 320.0 0.0 352.0
v 320.0 320.0 352.0
v 320.0 320.0 384.0
v 160.0 0.0 384.0
v 320.0 0.0 384.0
v 320.0 320.0 384.0
v 160.0 320.0 384.0
v 160.0 320.0 384.0
v 320.0 320.0 384.0
v 320.0 320.0 352.0
v 160.0 320.0 352.0
v 160.0 0.0 384.0
v 160.0 320.0 384.0
v 160.0 320.0 352.0
v 160.0 0.0 352.0
v -32.0 384.0 352.0000305175781
v -32.0 384.0 384.0000305175781
v 320.0 384.0 384.0
v 320.0 384.0 352.0
v 320.0 320.0 352.0
v -32.0 320.0 352.0000305175781
v -32.0 384.0 352.0000305175781
v 320.0 384.0 352.0
v -32.0 320.0 352.0000305175781
v -32.0 320.0 384.0000305175781
v -32.0 384.0 384.0000305175781
v -32.0 384.0 352.0000305175781
v 320.0 384.0 352.0
v 320.0 384.0 384.0
v 320.0 320.0 384.0
v 320.0 320.0 352.0
v 320.0 384.0 384.0
v -32.0 384.0 384.0000305175781
v -32.0 320.0 384.0000305175781
v 320.0 320.0 384.0
v 320.0 320.0 384.0
v -32.0 320.0 384.0000305175781
v -32.0 320.0 352.0000305175781
v 320.0 320.0 352.0
v -352.0 384.0 351.9999694824219
v -352.0 0.0 351.9999694824219
v -352.0 0.0 383.9999694824219
v -352.0 384.0 383.9999694824219
v -32.0 0.0 351.9999694824219
v -32.0 384.0 351.9999694824219
v -32.0 384.0 383.9999694824219
v -32.0 0.0 383.9999694824219
v -32.0 0.0 351.9999694824219
v -32.0 0.0 383.9999694824219
v -352.0 0.0 383.9999694824219
v -352.0 0.0 351.9999694824219
v -32.0 384.0 383.9999694824219
v -32.0 384.0 351.9999694824219
v -352.0 384.0 351.9999694824219
v -352.0 384.0 383.9999694824219
v -32.0 384.0 383.9999694824219
v -352.0 384.0 383.9999694824219
v -352.0 0.0 383.9999694824219
v -32.0 0.0 383.9999694824219
v -352.0 384.0 351.9999694824219
v -32.0 384.0 351.9999694824219
v -32.0 0.0 351.9999694824219
v -352.0 0.0 351.9999694824219
v 1024.0 384.0 384.0
v -352.0 384.0 384.0
v -352.0 384.0 -1024.0
v 1024.0 384.0 -1024.0
v 1024.0 384.0 384.0
v 1024.0 448.0 384.0
v -352.0 448.0 384.0
v -352.0 384.0 384.0
v 160.0000457763672 448.0 1792.0
v 160.0000457763672 416.0 1792.0
v 160.0000457763672 416.0 1421.71435546875
v 160.0000457763672 448.0 1421.71435546875
v 160.0000457763672 448.0 1792.0
v 160.0000457763672 448.0 1421.71435546875
v -480.0 448.0 1421.71435546875
v -480.0 448.0 1792.0
v -480.0 448.0 1421.71435546875
v 160.0000457763672 448.0 1421.71435546875
v 160.0000457763672 416.0 1421.71435546875
v -480.0 416.0 1421.71435546875
v 160.0000457763672 448.0 1792.0
v -480.0 448.0 1792.0
v -480.0 416.0 1792.0
v 160.0000457763672 416.0 1792.0
v -160.00003051757812 832.0 512.0
v -160.00003051757812 384.0 512.0
v -159.99996948242188 832.0 1216.0
v 160.00003051757812 832.0 1216.0
v 159.99996948242188 384.0 512.0
v 159.99996948242188 832.0 512.0
v 159.99996948242188 384.0 512.0
v -160.00003051757812 384.0 512.0
v -160.00003051757812 832.0 512.0
v 159.99996948242188 832.0 512.0
v 160.00003051757812 832.0 1216.0
v -159.99996948242188 832.0 1216.0
v -160.00003051757812 384.0 512.0
v 159.99996948242188 384.0 512.0
v -544.0 448.0 1472.0
v -544.0 480.0 1472.0
v -479.9999084472656 480.0 1472.0
v -479.9999084472656 448.0 1472.0
v -544.0 480.0 1792.0
v -479.9999084472656 480.0 1792.0
v -479.9999084472656 480.0 1472.0
v -544.0 480.0 1472.0
v -479.9999084472656 480.0 1472.0
v -479.9999084472656 480.0 1792.0
v -479.9999084472656 448.0 1792.0
v -479.9999084472656 448.0 1472.0
v -608.0 480.0 1472.0
v -608.0 512.0 1472.0
v -530.2855224609375 512.0 1472.0
v -530.2855224609375 480.0 1472.0
v -608.0 512.0 1792.0
v -530.2855224609375 512.0 1792.0
v -530.2855224609375 512.0 1472.0
v -608.0 512.0 1472.0
v -530.2855224609375 512.0 1472.0
v -530.2855224609375 512.0 1792.0
v -530.2855224609375 480.0 1792.0
v -530.2855224609375 480.0 1472.0
v -640.0 512.0 1472.0
v -640.0 544.0 1472.0
v -580.5712890625 544.0 1472.0
v -580.5712890625 512.0 1472.0
v -640.0 544.0 1792.0
v -580.5712890625 544.0 1792.0
v -580.5712890625 544.0 1472.0
v -640.0 544.0 1472.0
v -580.5712890625 544.0 1472.0
v -580.5712890625 544.0 1792.0
v -580.5712890625 512.0 1792.0
v -580.5712890625 512.0 1472.0
v -703.9999389648438 544.0 1472.0
v -703.9999389648438 576.0 1472.0
v -630.8569946289062 576.0 1472.0
v -630.8569946289062 544.0 1472.0
v -703.9999389648438 576.0 1792.0
v -630.8569946289062 576.0 1792.0
v -630.8569946289062 576.0 1472.0
v -703.9999389648438 576.0 1472.0
v -630.8569946289062 576.0 1472.0
v -630.8569946289062 576.0 1792.0
v -630.8569946289062 544.0 1792.0
v -630.8569946289062 544.0 1472.0
v -736.0 576.0 1472.0
v -736.0 608.0 1472.0
v -681.142822265625 608.0 1472.0
v -681.142822265625 576.0 1472.0
v -736.0 608.0 1792.0
v -681.142822265625 608.0 1792.0
v -681.142822265625 608.0 1472.0
v -736.0 608.0 1472.0
v -681.142822265625 608.0 1472.0
v -681.142822265625 608.0 1792.0
v -681.142822265625 576.0 1792.0
v -681.142822265625 576.0 1472.0
v -799.9999389648438 608.0 1472.0
v -799.9999389648438 640.0 1472.0
v -731.4282836914062 640.0 1472.0
v -731.4282836914062 608.0 1472.0
v -799.9999389648438 640.0 1792.0
v -731.4282836914062 640.0 1792.0
v -731.4282836914062 640.0 1472.0
v -799.9999389648438 640.0 1472.0
v -731.4282836914062 640.0 1472.0
v -731.4282836914062 640.0 1792.0
v -731.4282836914062 608.0 1792.0
v -731.4282836914062 608.0 1472.0
v -831.9999389648438 640.0 1472.0
v -831.9999389648438 672.0 1472.0
v -781.7142944335938 672.0 1472.0
v -781.7142944335938 640.0 1472.0
v -831.9999389648438 672.0 1792.0
v -781.7142944335938 672.0 1792.0
v -781.7142944335938 672.0 1472.0
v -831.9999389648438 672.0 1472.0
v -781.7142944335938 672.0 1472.0
v -781.7142944335938 672.0 1792.0
v -781.7142944335938 640.0 1792.0
v -781.7142944335938 640.0 1472.0
v -2272.0 896.0 1792.0
v -1184.0 896.0 1792.0
v -1184.0 896.0 32.0
v -2272.0 896.0 32.0
v -1280.0 1280.0 1824.0
v -2272.0 1280.0 1824.0
v -2272.0 1280.0 0.0
v -1280.0 1280.0 0.0
v -224.0 1280.0 1824.0
v -1280.0 1280.0 1824.0
v -1280.0 1280.0 0.0
v -224.0 1280.0 0.0
v 160.00003051757812 832.0 1792.0
v -160.00003051757812 832.0 1792.0
v -160.00003051757812 832.0 1216.0
v 160.00003051757812 832.0 1216.0
v -160.00003051757812 1152.0 1792.0
v -160.00003051757812 1152.0 1216.0
v -160.00003051757812 832.0 1216.0
v -160.00003051757812 832.0 1792.0
v -159.99990844726562 1280.0 1472.0
v -159.99990844726562 832.0 1472.0
v -863.9999389648438 1280.0 1472.0
v -863.9999389648438 1280.0 1792.0
v -863.9999389648438 1280.0 1472.0
v -159.99990844726562 832.0 1472.0
v -159.99990844726562 832.0 1792.0
v -191.99996948242188 895.0 1440.0
v -191.99996948242188 896.0 1440.0
v -1184.0 896.0 1440.0
v -1184.0 895.0 1440.0
v -191.99996948242188 895.0 1440.0
v -1184.0 895.0 1440.0
v -1184.0 895.0 32.0
v -191.99996948242188 895.0 32.0
v -1184.0 896.0 1440.0
v -191.99996948242188 896.0 1440.0
v -191.99996948242188 896.0 32.0
v -1184.0 896.0 32.0
v -1184.0 896.0 1440.0
v -1184.0 896.0 32.0
v -1184.0 895.0 32.0
v -1184.0 895.0 1440.0
v -896.0000610351562 672.0 1472.0
v -896.0000610351562 704.0 1472.0
v -832.0 704.0 1472.0
v -832.0 672.0 1472.0
v -896.0000610351562 704.0 1792.0
v -832.0 704.0 1792.0
v -832.0 704.0 1472.0
v -896.0000610351562 704.0 1472.0
v -832.0 704.0 1472.0
v -832.0 704.0 1792.0
v -832.0 672.0 1792.0
v -832.0 672.0 1472.0
v -960.0000610351562 704.0 1472.0
v -960.0000610351562 736.0 1472.0
v -882.2855834960938 736.0 1472.0
v -882.2855834960938 704.0 1472.0
v -960.0000610351562 736.0 1792.0
v -882.2855834960938 736.0 1792.0
v -882.2855834960938 736.0 1472.0
v -960.0000610351562 736.0 1472.0
v -882.2855834960938 736.0 1472.0
v -882.2855834960938 736.0 1792.0
v -882.2855834960938 704.0 1792.0
v -882.2855834960938 704.0 1472.0
v -992.0000610351562 736.0 1472.0
v -992.0000610351562 768.0 1472.0
v -932.5713500976562 768.0 1472.0
v -932.5713500976562 736.0 1472.0
v -992.0000610351562 768.0 1792.0
v -932.5713500976562 768.0 1792.0
v -932.5713500976562 768.0 1472.0
v -992.0000610351562 768.0 1472.0
v -932.5713500976562 768.0 1472.0
v -932.5713500976562 768.0 1792.0
v -932.5713500976562 736.0 1792.0
v -932.5713500976562 736.0 1472.0
v -1056.0 768.0 1472.0
v -1056.0 800.0 1472.0
v -982.8570556640625 800.0 1472.0
v -982.8570556640625 768.0 1472.0
v -1056.0 800.0 1792.0
v -982.8570556640625 800.0 1792.0
v -982.8570556640625 800.0 1472.0
v -1056.0 800.0 1472.0
v -982.8570556640625 800.0 1472.0
v -982.8570556640625 800.0 1792.0
v -982.8570556640625 768.0 1792.0
v -982.8570556640625 768.0 1472.0
v -1088.0 800.0 1472.0
v -1088.0 832.0 1472.0
v -1033.142822265625 832.0 1472.0
v -1033.142822265625 800.0 1472.0
v -1088.0 832.0 1792.0
v -1033.142822265625 832.0 1792.0
v -1033.142822265625 832.0 1472.0
v -1088.0 832.0 1472.0
v -1033.142822265625 832.0 1472.0
v -1033.142822265625 832.0 1792.0
v -1033.142822265625 800.0 1792.0
v -1033.142822265625 800.0 1472.0
v -1152.0 832.0 1472.0
v -1152.0 864.0 1472.0
v -1083.42822265625 864.0 1472.0
v -1083.42822265625 832.0 1472.0
v -1152.0 864.0 1792.0
v -1083.42822265625 864.0 1792.0
v -1083.42822265625 864.0 1472.0
v -1152.0 864.0 1472.0
v -1083.42822265625 864.0 1472.0
v -1083.42822265625 864.0 1792.0
v -1083.42822265625 832.0 1792.0
v -1083.42822265625 832.0 1472.0
v -1184.0 864.0 1472.0
v -1184.0 896.0 1472.0
v -1133.71435546875 896.0 1472.0
v -1133.71435546875 864.0 1472.0
v -1184.0 896.0 1792.0
v -1133.71435546875 896.0 1792.0
v -1133.71435546875 896.0 1472.0
v -1184.0 896.0 1472.0
v -1133.71435546875 896.0 1472.0
v -1133.71435546875 896.0 1792.0
v -1133.71435546875 864.0 1792.0
v -1133.71435546875 864.0 1472.0
v -159.99989318847656 0.0 848.0001220703125
v -159.99989318847656 32.0 848.0001220703125
v -159.99989318847656 32.0 770.28564453125
v -159.99989318847656 0.0 770.28564453125
v 160.00010681152344 32.0 848.0
v 160.00010681152344 32.0 770.2855224609375
v -159.99989318847656 32.0 770.28564453125
v -159.99989318847656 32.0 848.0001220703125
v -159.99989318847656 32.0 770.28564453125
v 160.00010681152344 32.0 770.2855224609375
v 160.00010681152344 0.0 770.2855224609375
v -159.99989318847656 0.0 770.28564453125
v -159.99993896484375 32.0 880.0000610351562
v -159.99993896484375 64.0 880.0000610351562
v -159.99993896484375 64.0 820.5713500976562
v -159.99993896484375 32.0 820.5713500976562
v 160.00006103515625 64.0 880.0000610351562
v 160.00006103515625 64.0 820.5713500976562
v -159.99993896484375 64.0 820.5713500976562
v -159.99993896484375 64.0 880.0000610351562
v -159.99993896484375 64.0 820.5713500976562
v 160.00006103515625 64.0 820.5713500976562
v 160.00006103515625 32.0 820.5713500976562
v -159.99993896484375 32.0 820.5713500976562
v -159.99993896484375 64.0 944.0
v -159.99993896484375 96.0 944.0
v -159.99993896484375 96.0 870.8571166992188
v -159.99993896484375 64.0 870.8571166992188
v 160.00006103515625 96.0 944.0
v 160.00006103515625 96.0 870.8569946289062
v -159.99993896484375 96.0 870.8571166992188
v -159.99993896484375 96.0 944.0
v -159.99993896484375 96.0 870.8571166992188
v 160.00006103515625 96.0 870.8569946289062
v 160.00006103515625 64.0 870.8569946289062
v -159.99993896484375 64.0 870.8571166992188
v -159.99993896484375 96.0 976.0001220703125
v -159.99993896484375 128.0 976.0001220703125
v -159.99993896484375 128.0 921.1429443359375
v -159.99993896484375 96.0 921.1429443359375
v 160.00009155273438 128.0 976.0001220703125
v 160.00009155273438 128.0 921.1429443359375
v -159.99993896484375 128.0 921.1429443359375
v -159.99993896484375 128.0 976.0001220703125
v -159.99993896484375 128.0 921.1429443359375
v 160.00009155273438 128.0 921.1429443359375
v 160.00009155273438 96.0 921.1429443359375
v -159.99993896484375 96.0 921.1429443359375
v -159.99993896484375 128.0 1040.0001220703125
v -159.99993896484375 160.0 1040.0001220703125
v -159.99993896484375 160.0 971.428466796875
v -159.99993896484375 128.0 971.428466796875
v 160.00006103515625 160.0 1040.0
v 160.00006103515625 160.0 971.4283447265625
v -159.99993896484375 160.0 971.428466796875
v -159.99993896484375 160.0 1040.0001220703125
v -159.99993896484375 160.0 971.428466796875
v 160.00006103515625 160.0 971.4283447265625
v 160.00006103515625 128.0 971.4283447265625
v -159.99993896484375 128.0 971.428466796875
v -159.99993896484375 160.0 1072.0
v -159.99993896484375 192.0 1072.0
v -159.99993896484375 192.0 1021.71435546875
v -159.99993896484375 160.0 1021.71435546875
v 160.00006103515625 192.0 1072.0
v 160.00006103515625 192.0 1021.71435546875
v -159.99993896484375 192.0 1021.71435546875
v -159.99993896484375 192.0 1072.0
v -159.99993896484375 192.0 1021.71435546875
v 160.00006103515625 192.0 1021.71435546875
v 160.00006103515625 160.0 1021.71435546875
v -159.99993896484375 160.0 1021.71435546875
v -159.99993896484375 192.0 1136.0001220703125
v -159.99993896484375 224.0 1136.0001220703125
v -159.99993896484375 224.0 1072.0001220703125
v -159.99993896484375 192.0 1072.0001220703125
v 160.00006103515625 224.0 1136.0001220703125
v 160.00006103515625 224.0 1072.0001220703125
v -159.99993896484375 224.0 1072.0001220703125
v -159.99993896484375 224.0 1136.0001220703125
v -159.99993896484375 224.0 1072.0001220703125
v 160.00006103515625 224.0 1072.0001220703125
v 160.00006103515625 192.0 1072.0001220703125
v -159.99993896484375 192.0 1072.0001220703125
v -159.99993896484375 224.0 1200.0001220703125
v -159.99993896484375 256.0 1200.0001220703125
v -159.99993896484375 256.0 1122.28564453125
v -159.99993896484375 224.0 1122.28564453125
v 160.00006103515625 256.0 1200.0
v 160.00006103515625 256.0 1122.2855224609375
v -159.99993896484375 256.0 1122.28564453125
v -159.99993896484375 256.0 1200.0001220703125
v -159.99993896484375 256.0 1122.28564453125
v 160.00006103515625 256.0 1122.2855224609375
v 160.00006103515625 224.0 1122.2855224609375
v -159.99993896484375 224.0 1122.28564453125
v -159.99993896484375 256.0 1232.0001220703125
v -159.99993896484375 288.0 1232.0001220703125
v -159.99993896484375 288.0 1172.5714111328125
v -159.99993896484375 256.0 1172.5714111328125
v 160.00006103515625 288.0 1232.0001220703125
v 160.00006103515625 288.0 1172.5714111328125
v -159.99993896484375 288.0 1172.5714111328125
v -159.99993896484375 288.0 1232.0001220703125
v -159.99993896484375 288.0 1172.5714111328125
v 160.00006103515625 288.0 1172.5714111328125
v 160.00006103515625 256.0 1172.5714111328125
v -159.99993896484375 256.0 1172.5714111328125
v -159.99993896484375 288.0 1296.0001220703125
v -159.99993896484375 320.0 1296.0001220703125
v -159.99993896484375 320.0 1222.857177734375
v -159.99993896484375 288.0 1222.857177734375
v 160.00006103515625 320.0 1296.0
v 160.00006103515625 320.0 1222.8570556640625
v -159.99993896484375 320.0 1222.857177734375
v -159.99993896484375 320.0 1296.0001220703125
v -159.99993896484375 320.0 1222.857177734375
v 160.00006103515625 320.0 1222.8570556640625
v 160.00006103515625 288.0 1222.8570556640625
v -159.99993896484375 288.0 1222.857177734375
v -159.99993896484375 320.0 1328.0
v -159.99993896484375 352.0 1328.0
v -159.99993896484375 352.0 1273.142822265625
v -159.99993896484375 320.0 1273.142822265625
v 160.00006103515625 352.0 1328.0
v 160.00006103515625 352.0 1273.142822265625
v -159.99993896484375 352.0 1273.142822265625
v -159.99993896484375 352.0 1328.0
v -159.99993896484375 352.0 1273.142822265625
v 160.00006103515625 352.0 1273.142822265625
v 160.00006103515625 320.0 1273.142822265625
v -159.99993896484375 320.0 1273.142822265625
v -159.99996948242188 352.0 1392.0
v -159.99996948242188 384.0 1392.0
v -159.99996948242188 384.0 1323.42822265625
v -159.99996948242188 352.0 1323.42822265625
v 160.00003051757812 384.0 1392.0
v 160.00003051757812 384.0 1323.42822265625
v -159.99996948242188 384.0 1323.42822265625
v -159.99996948242188 384.0 1392.0
v -159.99996948242188 384.0 1323.42822265625
v 160.00003051757812 384.0 1323.42822265625
v 160.00003051757812 352.0 1323.42822265625
v -159.99996948242188 352.0 1323.42822265625
v -159.99996948242188 384.0 1424.0
v -159.99996948242188 416.0 1424.0
v -159.99996948242188 416.0 1373.71435546875
v -159.99996948242188 384.0 1373.71435546875
v 160.00003051757812 416.0 1424.0
v 160.00003051757812 416.0 1373.71435546875
v -159.99996948242188 416.0 1373.71435546875
v -159.99996948242188 416.0 1424.0
v -159.99996948242188 416.0 1373.71435546875
v 160.00003051757812 416.0 1373.71435546875
v 160.00003051757812 384.0 1373.71435546875
v -159.99996948242188 384.0 1373.71435546875
v 160.00003051757812 448.0 384.0
v 160.00003051757812 384.0 384.0
v -160.00003051757812 384.0 384.0
v -160.00003051757812 448.0 384.0
v 160.00003051757812 384.0 512.0
v 160.00003051757812 448.0 512.0
v -160.00003051757812 448.0 512.0
v -160.00003051757812 384.0 512.0
v 160.00003051757812 384.0 512.0
v -160.00003051757812 384.0 512.0
v -160.00003051757812 384.0 384.0
v 160.00003051757812 384.0 384.0
v -160.00003051757812 448.0 512.0
v 160.00003051757812 448.0 512.0
v 160.00003051757812 448.0 384.0
v -160.00003051757812 448.0 384.0
v -160.00003051757812 448.0 512.0
v -160.00003051757812 448.0 384.0
v -160.00003051757812 384.0 384.0
v -160.00003051757812 384.0 512.0
v 160.00003051757812 448.0 384.0
v 160.00003051757812 448.0 512.0
v 160.00003051757812 384.0 512.0
v 160.00003051757812 384.0 384.0
v -318.0 176.0 0.0
v -320.0 176.0 0.0
v -320.0 176.0 96.0
v -318.0 176.0 96.0
v -320.0 47.0 0.0
v -318.0 47.0 0.0
v -318.0 47.0 96.0
v -320.0 47.0 96.0
v -320.0 47.0 0.0
v -320.0 47.0 96.0
v -320.0 176.0 96.0
v -320.0 176.0 0.0
v -318.0 47.0 96.0
v -318.0 47.0 0.0
v -318.0 176.0 0.0
v -318.0 176.0 96.0
v -318.0 47.0 96.0
v -318.0 176.0 96.0
v -320.0 176.0 96.0
v -320.0 47.0 96.0
v -318.0 176.0 0.0
v -318.0 47.0 0.0
v -320.0 47.0 0.0
v -320.0 176.0 0.0
v 639.0 176.0 286.0
v 639.0 176.0 288.0
v 735.0 176.0 288.0
v 735.0 176.0 286.0
v 639.0 47.0 288.0
v 639.0 47.0 286.0
v 735.0 47.0 286.0
v 735.0 47.0 288.0
v 639.0 47.0 288.0
v 735.0 47.0 288.0
v 735.0 176.0 288.0
v 639.0 176.0 288.0
v 735.0 47.0 286.0
v 639.0 47.0 286.0
v 639.0 176.0 286.0
v 735.0 176.0 286.0
v 735.0 47.0 286.0
v 735.0 176.0 286.0
v 735.0 176.0 288.0
v 735.0 47.0 288.0
v 639.0 176.0 286.0
v 639.0 47.0 286.0
v 639.0 47.0 288.0
v 639.0 176.0 288.0
v -318.0 176.0 -736.0
v -320.0 176.0 -736.0
v -320.0 176.0 -640.0
v -318.0 176.0 -640.0
v -320.0 47.0 -736.0
v -318.0 47.0 -736.0
v -318.0 47.0 -640.0
v -320.0 47.0 -640.0
v -320.0 47.0 -736.0
v -320.0 47.0 -640.0
v -320.0 176.0 -640.0
v -320.0 176.0 -736.0
v -318.0 47.0 -640.0
v -318.0 47.0 -736.0
v -318.0 176.0 -736.0
v -318.0 176.0 -640.0
v -318.0 47.0 -640.0
v -318.0 176.0 -640.0
v -320.0 176.0 -640.0
v -320.0 47.0 -640.0
v -318.0 176.0 -736.0
v -318.0 47.0 -736.0
v -320.0 47.0 -736.0
v -320.0 176.0 -736.0
v -160.0 -3.0517578125e-05 384.0
v -160.0 832.0 384.0
v -160.0 832.0 1440.0
v -160.0 -3.0517578125e-05 1440.0
v -192.0 832.0 384.0
v -192.0 -3.0517578125e-05 384.0
v -192.0 -3.0517578125e-05 1439.999755859375
v -192.0 832.0 1439.999755859375
v -192.0 -3.0517578125e-05 1439.999755859375
v -192.0 -3.0517578125e-05 384.0
v -160.0 -3.0517578125e-05 384.0
v -160.0 -3.0517578125e-05 1440.0
v -192.0 832.0 384.0
v -192.0 832.0 1439.999755859375
v -160.0 832.0 1440.0
v -160.0 832.0 384.0
v -160.0 832.0 1440.0
v -192.0 832.0 1439.999755859375
v -192.0 -3.0517578125e-05 1439.999755859375
v -160.0 -3.0517578125e-05 1440.0
v 160.0 832.0 384.0001220703125
v 160.0 0.0 384.0001220703125
v 160.0 0.0 1791.999755859375
v 160.0 832.0 1791.999755859375
v -2240.0 896.0 1792.0
v -2240.0 1280.0 1792.0
v -2272.0 1280.0 1792.0
v -2272.0 896.0 1792.0
v -2240.0 1280.0 31.99993896484375
v -2240.0 896.0 31.99993896484375
v -2272.0 896.0 31.99993896484375
v -2272.0 1280.0 31.99993896484375
v -2272.0 896.0 31.99993896484375
v -2240.0 896.0 31.99993896484375
v -2240.0 896.0 1792.0
v -2272.0 896.0 1792.0
v -2240.0 1280.0 31.99993896484375
v -2240.0 1280.0 1792.0
v -2240.0 896.0 1792.0
v -2240.0 896.0 31.99993896484375
v -2240.0 896.0 64.0
v -2240.0 896.0 32.0
v -192.0 896.0 32.0
v -192.0 896.0 64.0
v -192.0 1280.0 64.0
v -2240.0 1280.0 64.0
v -2240.0 896.0 64.0
v -192.0 896.0 64.0
v -2236.0 1088.0 992.0
v -2236.0 1076.611572265625 992.0
v -2240.0 1076.611572265625 992.0
v -2240.0 1088.0 992.0
v -2236.0 1076.611572265625 1792.0
v -2236.0 1088.0 1792.0
v -2240.0 1088.0 1792.0
v -2240.0 1076.611572265625 1792.0
v -2236.0 1076.611572265625 1792.0
v -2240.0 1076.611572265625 1792.0
v -2240.0 1076.611572265625 992.0
v -2236.0 1076.611572265625 992.0
v -2240.0 1088.0 1792.0
v -2236.0 1088.0 1792.0
v -2236.0 1088.0 992.0
v -2240.0 1088.0 992.0
v -2236.0 1088.0 992.0
v -2236.0 1088.0 1792.0
v -2236.0 1076.611572265625 1792.0
v -2236.0 1076.611572265625 992.0
v -1184.0 1280.0 976.0
v -1184.0 896.0 976.0
v -1280.0 896.0 976.0
v -1280.0 1280.0 976.0
v -1184.0 896.0 1072.0
v -1184.0 1280.0 1072.0
v -1280.0 1280.0 1072.0
v -1280.0 896.0 1072.0
v -1184.0 896.0 1072.0
v -1280.0 896.0 1072.0
v -1280.0 896.0 976.0
v -1184.0 896.0 976.0
v -1280.0 1280.0 1072.0
v -1184.0 1280.0 1072.0
v -1184.0 1280.0 976.0
v -1280.0 1280.0 976.0
v -1280.0 1280.0 1072.0
v -1280.0 1280.0 976.0
v -1280.0 896.0 976.0
v -1280.0 896.0 1072.0
v -1184.0 1280.0 976.0
v -1184.0 1280.0 1072.0
v -1184.0 896.0 1072.0
v -1184.0 896.0 976.0
v -1184.0 1280.0 400.0
v -1184.0 896.0 400.0
v -1280.0 896.0 400.0
v -1280.0 1280.0 400.0
v -1184.0 896.0 496.0
v -1184.0 1280.0 496.0
v -1280.0 1280.0 496.0
v -1280.0 896.0 496.0
v -1184.0 896.0 496.0
v -1280.0 896.0 496.0
v -1280.0 896.0 400.0
v -1184.0 896.0 400.0
v -1280.0 1280.0 496.0
v -1184.0 1280.0 496.0
v -1184.0 1280.0 400.0
v -1280.0 1280.0 400.0
v -1280.0 1280.0 496.0
v -1280.0 1280.0 400.0
v -1280.0 896.0 400.0
v -1280.0 896.0 496.0
v -1184.0 1280.0 400.0
v -1184.0 1280.0 496.0
v -1184.0 896.0 496.0
v -1184.0 896.0 400.0
v -1264.0 1280.0 64.0001220703125
v -1264.0 1272.0 64.0001220703125
v -1272.0 1272.0 64.0001220703125
v -1272.0 1280.0 64.0001220703125
v -1264.0 1272.0 1792.0
v -1264.0 1280.0 1792.0
v -1272.0 1280.0 1792.0
v -1272.0 1272.0 1792.0
v -1264.0 1272.0 1792.0
v -1272.0 1272.0 1792.0
v -1272.0 1272.0 64.0001220703125
v -1264.0 1272.0 64.0001220703125
v -1272.0 1280.0 1792.0
v -1264.0 1280.0 1792.0
v -1264.0 1280.0 64.0001220703125
v -1272.0 1280.0 64.0001220703125
v -1272.0 1280.0 1792.0
v -1272.0 1280.0 64.0001220703125
v -1272.0 1272.0 64.0001220703125
v -1272.0 1272.0 1792.0
v -1264.0 1280.0 64.0001220703125
v -1264.0 1280.0 1792.0
v -1264.0 1272.0 1792.0
v -1264.0 1272.0 64.0001220703125
v -224.0 1280.0 344.0
v -224.0 1216.0 344.0
v -228.0 1216.0 344.0
v -228.0 1280.0 344.0
v -224.0 1216.0 352.0
v -224.0 1280.0 352.0
v -228.0 1280.0 352.0
v -228.0 1216.0 352.0
v -224.0 1216.0 352.0
v -228.0 1216.0 352.0
v -228.0 1216.0 344.0
v -224.0 1216.0 344.0
v -228.0 1280.0 352.0
v -224.0 1280.0 352.0
v -224.0 1280.0 344.0
v -228.0 1280.0 344.0
v -228.0 1280.0 352.0
v -228.0 1280.0 344.0
v -228.0 1216.0 344.0
v -228.0 1216.0 352.0
v -224.0 1280.0 344.0
v -224.0 1280.0 352.0
v -224.0 1216.0 352.0
v -224.0 1216.0 344.0
v -224.0 1280.0 664.0
v -224.0 1216.0 664.0
v -228.0 1216.0 664.0
v -228.0 1280.0 664.0
v -224.0 1216.0 672.0
v -224.0 1280.0 672.0
v -228.0 1280.0 672.0
v -228.0 1216.0 672.0
v -224.0 1216.0 672.0
v -228.0 1216.0 672.0
v -228.0 1216.0 664.0
v -224.0 1216.0 664.0
v -228.0 1280.0 672.0
v -224.0 1280.0 672.0
v -224.0 1280.0 664.0
v -228.0 1280.0 664.0
v -228.0 1280.0 672.0
v -228.0 1280.0 664.0
v -228.0 1216.0 664.0
v -228.0 1216.0 672.0
v -224.0 1280.0 664.0
v -224.0 1280.0 672.0
v -224.0 1216.0 672.0
v -224.0 1216.0 664.0
v -224.0 1280.0 1024.0
v -224.0 896.0 1024.0
v -704.0 896.0 1024.0
v -704.0 1280.0 1024.0
v -224.0 896.0 1056.0
v -224.0 1280.0 1056.0
v -704.0 1280.0 1056.0
v -704.0 896.0 1056.0
v -224.0 896.0 1056.0
v -704.0 896.0 1056.0
v -704.0 896.0 1024.0
v -224.0 896.0 1024.0
v -704.0 1280.0 1056.0
v -224.0 1280.0 1056.0
v -224.0 1280.0 1024.0
v -704.0 1280.0 1024.0
v -704.0 1280.0 1056.0
v -704.0 1280.0 1024.0
v -704.0 896.0 1024.0
v -704.0 896.0 1056.0
v -224.0 1280.0 1024.0
v -224.0 1280.0 1056.0
v -224.0 896.0 1056.0
v -224.0 896.0 1024.0
v -704.0 1216.0 64.0
v -736.0 1216.0 64.0
v -736.0 1280.0 64.0
v -704.0 1280.0 64.0
v -704.0 1280.0 1056.0
v -736.0 1280.0 1056.0
v -736.0 1216.0 1056.0
v -704.0 1216.0 1056.0
v -704.0 1280.0 1056.0
v -704.0 1280.0 64.0
v -736.0 1280.0 64.0
v -736.0 1280.0 1056.0
v -736.0 1280.0 1056.0
v -736.0 1280.0 64.0
v -736.0 1216.0 64.0
v -736.0 1216.0 1056.0
v -704.0 1280.0 64.0
v -704.0 1280.0 1056.0
v -704.0 1216.0 1056.0
v -704.0 1216.0 64.0
v -736.0 1216.0 1056.0
v -736.0 1216.0 64.0
v -704.0 1216.0 64.0
v -704.0 1216.0 1056.0
v -736.0 1216.0 1056.0
v -736.0 896.0 1056.0
v -704.0 896.0 1056.0
v -704.0 1216.0 1056.0
v -736.0 896.0 832.0
v -704.0 896.0 832.0
v -704.0 896.0 1056.0
v -736.0 896.0 1056.0
v -736.0 896.0 832.0
v -736.0 896.0 1056.0
v -736.0 1216.0 1056.0
v -736.0 1216.0 832.0
v -704.0 1216.0 1056.0
v -704.0 896.0 1056.0
v -704.0 896.0 832.0
v -704.0 1216.0 832.0
v -704.0 1216.0 832.0
v -736.0 1216.0 832.0
v -736.0 1216.0 1056.0
v -704.0 1216.0 1056.0
v -736.0 896.0 832.0
v -736.0 1216.0 832.0
v -704.0 1216.0 832.0
v -704.0 896.0 832.0
v -704.0 896.0 640.0
v -736.0 896.0 640.0
v -736.0 896.0 544.0
v -704.0 896.0 544.0
v -736.0 896.0 640.0
v -736.0 1216.0 640.0
v -736.0 1216.0 544.0
v -736.0 896.0 544.0
v -704.0 1216.0 640.0
v -704.0 896.0 640.0
v -704.0 896.0 544.0
v -704.0 1216.0 544.0
v -736.0 1216.0 640.0
v -704.0 1216.0 640.0
v -704.0 1216.0 544.0
v -736.0 1216.0 544.0
v -736.0 1216.0 640.0
v -736.0 896.0 640.0
v -704.0 896.0 640.0
v -704.0 1216.0 640.0
v -736.0 896.0 544.0
v -736.0 1216.0 544.0
v -704.0 1216.0 544.0
v -704.0 896.0 544.0
v -736.0 896.0 544.0
v -736.0 896.0 360.0
v -704.0 896.0 360.0
v -704.0 896.0 544.0
v -736.0 1024.0 544.0
v -736.0 1024.0 360.0
v -736.0 896.0 360.0
v -736.0 896.0 544.0
v -704.0 896.0 544.0
v -704.0 896.0 360.0
v -704.0 1024.0 360.0
v -704.0 1024.0 544.0
v -704.0 1024.0 360.0
v -704.0 896.0 360.0
v -736.0 896.0 360.0
v -736.0 1024.0 360.0
v -704.0 1024.0 544.0
v -736.0 1024.0 544.0
v -736.0 896.0 544.0
v -704.0 896.0 544.0
v -736.0 1024.0 360.0
v -736.0 1024.0 544.0
v -704.0 1024.0 544.0
v -704.0 1024.0 360.0
v -704.0 896.0 64.0
v -736.0 896.0 64.0
v -736.0 1216.0 64.0
v -704.0 1216.0 64.0
v -736.0 896.0 64.0
v -704.0 896.0 64.0
v -704.0 896.0 160.0
v -736.0 896.0 160.0
v -736.0 1216.0 64.0
v -736.0 896.0 64.0
v -736.0 896.0 160.0
v -736.0 1216.0 160.0
v -704.0 896.0 64.0
v -704.0 1216.0 64.0
v -704.0 1216.0 160.0
v -704.0 896.0 160.0
v -704.0 1216.0 64.0
v -736.0 1216.0 64.0
v -736.0 1216.0 160.0
v -704.0 1216.0 160.0
v -704.0 896.0 160.0
v -704.0 1216.0 160.0
v -736.0 1216.0 160.0
v -736.0 896.0 160.0
v -704.0 896.0 360.0
v -736.0 896.0 360.0
v -736.0 896.0 344.0
v -704.0 896.0 344.0
v -736.0 896.0 360.0
v -736.0 1216.0 360.0
v -736.0 1216.0 344.0
v -736.0 896.0 344.0
v -704.0 1216.0 360.0
v -704.0 896.0 360.0
v -704.0 896.0 344.0
v -704.0 1216.0 344.0
v -736.0 1216.0 360.0
v -704.0 1216.0 360.0
v -704.0 1216.0 344.0
v -736.0 1216.0 344.0
v -736.0 1216.0 360.0
v -736.0 896.0 360.0
v -704.0 896.0 360.0
v -704.0 1216.0 360.0
v -736.0 896.0 344.0
v -736.0 1216.0 344.0
v -704.0 1216.0 344.0
v -704.0 896.0 344.0
v -736.0 896.0 344.0
v -736.0 896.0 160.0
v -704.0 896.0 160.0
v -704.0 896.0 344.0
v -736.0 1024.0 344.0
v -736.0 1024.0 160.0
v -736.0 896.0 160.0
v -736.0 896.0 344.0
v -704.0 896.0 344.0
v -704.0 896.0 160.0
v -704.0 1024.0 160.0
v -704.0 1024.0 344.0
v -704.0 1024.0 160.0
v -704.0 896.0 160.0
v -736.0 896.0 160.0
v -736.0 1024.0 160.0
v -704.0 1024.0 344.0
v -736.0 1024.0 344.0
v -736.0 896.0 344.0
v -704.0 896.0 344.0
v -736.0 1024.0 160.0
v -736.0 1024.0 344.0
v -704.0 1024.0 344.0
v -704.0 1024.0 160.0
v -224.0 1344.0 1256.0
v -224.0 1152.0 1256.0
v -232.0 1152.0 1256.0
v -232.0 1344.0 1256.0
v -224.0 1152.0 1272.0
v -224.0 1344.0 1272.0
v -232.0 1344.0 1272.0
v -232.0 1152.0 1272.0
v -224.0 1152.0 1272.0
v -232.0 1152.0 1272.0
v -232.0 1152.0 1256.0
v -224.0 1152.0 1256.0
v -232.0 1344.0 1272.0
v -224.0 1344.0 1272.0
v -224.0 1344.0 1256.0
v -232.0 1344.0 1256.0
v -232.0 1344.0 1272.0
v -232.0 1344.0 1256.0
v -232.0 1152.0 1256.0
v -232.0 1152.0 1272.0
v -224.0 1344.0 1256.0
v -224.0 1344.0 1272.0
v -224.0 1152.0 1272.0
v -224.0 1152.0 1256.0
v -224.0 1256.0 1056.0
v -224.0 1240.0 1056.0
v -232.0 1240.0 1056.0
v -232.0 1256.0 1056.0
v -224.0 1240.0 1256.0
v -224.0 1256.0 1256.0
v -232.0 1256.0 1256.0
v -232.0 1240.0 1256.0
v -224.0 1240.0 1256.0
v -232.0 1240.0 1256.0
v -232.0 1240.0 1056.0
v -224.0 1240.0 1056.0
v -232.0 1256.0 1256.0
v -224.0 1256.0 1256.0
v -224.0 1256.0 1056.0
v -232.0 1256.0 1056.0
v -232.0 1256.0 1256.0
v -232.0 1256.0 1056.0
v -232.0 1240.0 1056.0
v -232.0 1240.0 1256.0
v -224.0 1256.0 1056.0
v -224.0 1256.0 1256.0
v -224.0 1240.0 1256.0
v -224.0 1240.0 1056.0
v 192.0 416.0 1792.0
v 192.0 416.0 1824.0
v -1184.0 416.0 1824.0
v -1184.0 416.0 1792.0
v -1184.0 1280.0 1792.0
v 192.0 1280.0 1792.0
v 192.0 416.0 1792.0
v -1184.0 416.0 1792.0
v -192.0 896.0 1440.0
v -192.0 1344.0 1440.0
v -224.0 1344.0 1440.0
v -224.0 896.0 1440.0
v -192.0 896.0 1440.0
v -224.0 896.0 1440.0
v -224.0 896.0 64.0
v -192.0 896.0 64.0
v -224.0 1344.0 1440.0
v -224.0 1344.0 64.0
v -224.0 896.0 64.0
v -224.0 896.0 1440.0
v -159.99993896484375 1280.0 1440.0
v -159.99993896484375 416.0 1440.0
v -1184.0 416.0 1440.0
v -1184.0 1280.0 1440.0
v -159.99993896484375 416.0 1472.0
v -159.99993896484375 1280.0 1472.0
v -1184.0 1280.0 1472.0
v -1184.0 416.0 1472.0
v -159.99993896484375 416.0 1472.0
v -1184.0 416.0 1472.0
v -1184.0 416.0 1440.0
v -159.99993896484375 416.0 1440.0
v -1184.0 1280.0 1472.0
v -159.99993896484375 1280.0 1472.0
v -159.99993896484375 1280.0 1440.0
v -1184.0 1280.0 1440.0
v -1184.0 1280.0 1472.0
v -1184.0 1280.0 1440.0
v -1184.0 416.0 1440.0
v -1184.0 416.0 1472.0
v -159.99993896484375 1280.0 1440.0
v -159.99993896484375 1280.0 1472.0
v -159.99993896484375 416.0 1472.0
v -159.99993896484375 416.0 1440.0
v -1184.0 896.0 1792.0
v -1184.0 896.0 1824.0
v -2272.0 896.0 1824.0
v -2272.0 896.0 1792.0
v -2272.0 1280.0 1792.0
v -1184.0 1280.0 1792.0
v -1184.0 896.0 1792.0
v -2272.0 896.0 1792.0
v -224.0 1258.070556640625 71.727294921875
v -224.0 1256.0 72.0
v -224.0 1253.929443359375 71.727294921875
v -224.0 1260.0 70.92822265625
v -224.0 1261.6568603515625 69.65673828125
v -224.0 1262.92822265625 68.0
v -224.0 1263.7274169921875 66.070556640625
v -224.0 1264.0 64.0
v -224.0 1248.0 64.0
v -224.0 1248.2725830078125 66.070556640625
v -224.0 1249.07177734375 68.0
v -224.0 1250.3431396484375 69.65673828125
v -224.0 1252.0 70.92822265625
v -2240.0 1252.0 70.92822265625
v -2240.0 1253.929443359375 71.727294921875
v -2240.0 1256.0 72.0
v -2240.0 1250.3431396484375 69.65673828125
v -2240.0 1249.07177734375 68.0
v -2240.0 1248.2725830078125 66.070556640625
v -2240.0 1248.0 64.0
v -2240.0 1264.0 64.0
v -2240.0 1263.7274169921875 66.070556640625
v -2240.0 1262.92822265625 68.0
v -2240.0 1261.6568603515625 69.65673828125
v -2240.0 1260.0 70.92822265625
v -2240.0 1258.070556640625 71.727294921875
v -2240.0 1258.070556640625 71.727294921875
v -2240.0 1256.0 72.0
v -224.0 1256.0 72.0
v -224.0 1258.070556640625 71.727294921875
v -2240.0 1260.0 70.92822265625
v -2240.0 1258.070556640625 71.727294921875
v -224.0 1258.070556640625 71.727294921875
v -224.0 1260.0 70.92822265625
v -2240.0 1261.6568603515625 69.65673828125
v -2240.0 1260.0 70.92822265625
v -224.0 1260.0 70.92822265625
v -224.0 1261.6568603515625 69.65673828125
v -2240.0 1262.92822265625 68.0
v -2240.0 1261.6568603515625 69.65673828125
v -224.0 1261.6568603515625 69.65673828125
v -224.0 1262.92822265625 68.0
v -2240.0 1263.7274169921875 66.070556640625
v -2240.0 1262.92822265625 68.0
v -224.0 1262.92822265625 68.0
v -224.0 1263.7274169921875 66.070556640625
v -2240.0 1264.0 64.0
v -2240.0 1263.7274169921875 66.070556640625
v -224.0 1263.7274169921875 66.070556640625
v -224.0 1264.0 64.0
v -2240.0 1248.2725830078125 66.070556640625
v -2240.0 1248.0 64.0
v -224.0 1248.0 64.0
v -224.0 1248.2725830078125 66.070556640625
v -2240.0 1249.07177734375 68.0
v -2240.0 1248.2725830078125 66.070556640625
v -224.0 1248.2725830078125 66.070556640625
v -224.0 1249.07177734375 68.0
v -2240.0 1250.3431396484375 69.65673828125
v -2240.0 1249.07177734375 68.0
v -224.0 1249.07177734375 68.0
v -224.0 1250.3431396484375 69.65673828125
v -2240.0 1252.0 70.92822265625
v -2240.0 1250.3431396484375 69.65673828125
v -224.0 1250.3431396484375 69.65673828125
v -224.0 1252.0 70.92822265625
v -2240.0 1253.929443359375 71.727294921875
v -2240.0 1252.0 70.92822265625
v -224.0 1252.0 70.92822265625
v -224.0 1253.929443359375 71.727294921875
v -2240.0 1256.0 72.0
v -2240.0 1253.929443359375 71.727294921875
v -224.0 1253.929443359375 71.727294921875
v -224.0 1256.0 72.0
v -2240.0 1248.0 64.0
v -2240.0 1264.0 64.0
v -224.0 1264.0 64.0
v -224.0 1248.0 64.0
v -2240.0 1236.800048828125 459.99993896484375
v -2240.0 1275.199951171875 459.99993896484375
v -2240.0 1275.199951171875 435.99993896484375
v -2240.0 1236.800048828125 435.99993896484375
v -224.00006103515625 1275.199951171875 459.99993896484375
v -224.00006103515625 1236.800048828125 459.99993896484375
v -224.00006103515625 1236.800048828125 435.99993896484375
v -224.00006103515625 1275.199951171875 435.99993896484375
v -224.00006103515625 1275.199951171875 459.99993896484375
v -224.00006103515625 1275.199951171875 435.99993896484375
v -2240.0 1275.199951171875 435.99993896484375
v -2240.0 1275.199951171875 459.99993896484375
v -224.00006103515625 1236.800048828125 435.99993896484375
v -224.00006103515625 1236.800048828125 459.99993896484375
v -2240.0 1236.800048828125 459.99993896484375
v -2240.0 1236.800048828125 435.99993896484375
v -224.00006103515625 1236.800048828125 435.99993896484375
v -2240.0 1236.800048828125 435.99993896484375
v -2240.0 1275.199951171875 435.99993896484375
v -224.00006103515625 1275.199951171875 435.99993896484375
v -2240.0 1236.800048828125 459.99993896484375
v -224.00006103515625 1236.800048828125 459.99993896484375
v -224.00006103515625 1275.199951171875 459.99993896484375
v -2240.0 1275.199951171875 459.99993896484375
v -224.00006103515625 1236.800048828125 436.0
v -224.00006103515625 1236.800048828125 424.0
v -224.00006103515625 1237.1689453125 426.34112548828125
v -2240.0 1237.1689453125 426.34112548828125
v -2240.0 1236.800048828125 424.0
v -2240.0 1236.800048828125 436.0
v -2240.0 1236.800048828125 424.0
v -224.00006103515625 1236.800048828125 424.0
v -224.00006103515625 1236.800048828125 436.0
v -2240.0 1236.800048828125 436.0
v -2240.0 1237.1689453125 426.34112548828125
v -224.00006103515625 1237.1689453125 426.34112548828125
v -224.00006103515625 1236.800048828125 424.0
v -2240.0 1236.800048828125 424.0
v -224.00006103515625 1236.800048828125 436.00006103515625
v -224.00006103515625 1237.1689453125 426.3411865234375
v -224.00006103515625 1238.261474609375 428.59228515625
v -2240.0 1238.261474609375 428.59222412109375
v -2240.0 1237.1689453125 426.34112548828125
v -2240.0 1236.800048828125 436.0
v -2240.0 1238.261474609375 428.59222412109375
v -224.00006103515625 1238.261474609375 428.59228515625
v -224.00006103515625 1237.1689453125 426.3411865234375
v -2240.0 1237.1689453125 426.34112548828125
v -224.00006103515625 1236.800048828125 436.00006103515625
v -224.00006103515625 1238.2615966796875 428.59228515625
v -224.00006103515625 1240.035888671875 430.6668701171875
v -2240.0 1240.035888671875 430.6668701171875
v -2240.0 1238.2615966796875 428.59222412109375
v -2240.0 1236.800048828125 436.0
v -2240.0 1240.035888671875 430.6668701171875
v -224.00006103515625 1240.035888671875 430.6668701171875
v -224.00006103515625 1238.2615966796875 428.59228515625
v -2240.0 1238.2615966796875 428.59222412109375
v -224.00006103515625 1236.800048828125 436.0000915527344
v -224.00006103515625 1240.03564453125 430.6670227050781
v -224.00006103515625 1242.423583984375 432.4854431152344
v -2240.0 1242.423583984375 432.4854431152344
v -2240.0 1240.03564453125 430.6669006347656
v -2240.0 1236.800048828125 436.0000915527344
v -2240.0 1242.423583984375 432.4854431152344
v -224.00006103515625 1242.423583984375 432.4854431152344
v -224.00006103515625 1240.03564453125 430.6670227050781
v -2240.0 1240.03564453125 430.6669006347656
v -224.00006103515625 1236.800048828125 435.99993896484375
v -224.00006103515625 1242.423583984375 432.48529052734375
v -224.00006103515625 1245.3330078125 433.9776611328125
v -2240.0 1245.3330078125 433.97760009765625
v -2240.0 1242.423583984375 432.48529052734375
v -2240.0 1236.800048828125 435.99993896484375
v -2240.0 1245.3330078125 433.97760009765625
v -224.00006103515625 1245.3330078125 433.9776611328125
v -224.00006103515625 1242.423583984375 432.48529052734375
v -2240.0 1242.423583984375 432.48529052734375
v -224.00006103515625 1236.800048828125 435.99993896484375
v -224.00006103515625 1245.3330078125 433.9776611328125
v -224.00006103515625 1248.65234375 435.0865478515625
v -2240.0 1248.65234375 435.08642578125
v -2240.0 1245.3330078125 433.97760009765625
v -2240.0 1236.800048828125 435.99993896484375
v -2240.0 1248.65234375 435.08642578125
v -224.00006103515625 1248.65234375 435.0865478515625
v -224.00006103515625 1245.3330078125 433.9776611328125
v -2240.0 1245.3330078125 433.97760009765625
v -224.00006103515625 1236.7998046875 435.99993896484375
v -224.00006103515625 1248.6524658203125 435.0865478515625
v -224.00006103515625 1252.25439453125 435.7694091796875
v -2240.0 1252.25439453125 435.76934814453125
v -2240.0 1248.6524658203125 435.08648681640625
v -2240.0 1236.7998046875 435.99993896484375
v -2240.0 1252.25439453125 435.76934814453125
v -224.00006103515625 1252.25439453125 435.7694091796875
v -224.00006103515625 1248.6524658203125 435.0865478515625
v -2240.0 1248.6524658203125 435.08648681640625
v -224.00006103515625 1236.7998046875 436.0
v -224.00006103515625 1252.254150390625 435.76947021484375
v -224.00006103515625 1256.0 436.0
v -2240.0 1256.0 436.0
v -2240.0 1252.254150390625 435.7694091796875
v -2240.0 1236.7998046875 436.0
v -2240.0 1256.0 436.0
v -224.00006103515625 1256.0 436.0
v -224.00006103515625 1252.254150390625 435.76947021484375
v -2240.0 1252.254150390625 435.7694091796875
v -2240.0 1236.7998046875 436.0
v -224.00006103515625 1236.7998046875 436.0
v -224.00006103515625 1256.0 436.0
v -2240.0 1256.0 436.0
v -224.00006103515625 1275.2001953125 436.0
v -224.00006103515625 1256.0 436.0
v -224.00006103515625 1259.745849609375 435.76947021484375
v -2240.0 1259.745849609375 435.7694091796875
v -2240.0 1256.0 436.0
v -2240.0 1275.2001953125 436.0
v -2240.0 1256.0 436.0
v -224.00006103515625 1256.0 436.0
v -224.00006103515625 1275.2001953125 436.0
v -2240.0 1275.2001953125 436.0
v -2240.0 1259.745849609375 435.7694091796875
v -224.00006103515625 1259.745849609375 435.76947021484375
v -224.00006103515625 1256.0 436.0
v -2240.0 1256.0 436.0
v -224.00006103515625 1275.2000732421875 435.99993896484375
v -224.00006103515625 1259.74560546875 435.7694091796875
v -224.00006103515625 1263.34765625 435.0865478515625
v -2240.0 1263.34765625 435.08648681640625
v -2240.0 1259.74560546875 435.76934814453125
v -2240.0 1275.2000732421875 435.99993896484375
v -2240.0 1263.34765625 435.08648681640625
v -224.00006103515625 1263.34765625 435.0865478515625
v -224.00006103515625 1259.74560546875 435.7694091796875
v -2240.0 1259.74560546875 435.76934814453125
v -224.00006103515625 1275.2001953125 435.99993896484375
v -224.00006103515625 1263.34765625 435.0865478515625
v -224.00006103515625 1266.6669921875 433.9776611328125
v -2240.0 1266.6669921875 433.97760009765625
v -2240.0 1263.34765625 435.08642578125
v -2240.0 1275.2001953125 435.99993896484375
v -2240.0 1266.6669921875 433.97760009765625
v -224.00006103515625 1266.6669921875 433.9776611328125
v -224.00006103515625 1263.34765625 435.0865478515625
v -2240.0 1263.34765625 435.08642578125
v -224.00006103515625 1275.2001953125 435.99993896484375
v -224.00006103515625 1266.6669921875 433.9776611328125
v -224.00006103515625 1269.57666015625 432.48529052734375
v -2240.0 1269.57666015625 432.48529052734375
v -2240.0 1266.6669921875 433.97760009765625
v -2240.0 1275.2001953125 435.99993896484375
v -2240.0 1269.57666015625 432.48529052734375
v -224.00006103515625 1269.57666015625 432.48529052734375
v -224.00006103515625 1266.6669921875 433.9776611328125
v -2240.0 1266.6669921875 433.97760009765625
v -224.00006103515625 1275.199951171875 436.0000915527344
v -224.00006103515625 1269.576416015625 432.4854431152344
v -224.00006103515625 1271.96435546875 430.6670227050781
v -2240.0 1271.96435546875 430.6669006347656
v -2240.0 1269.576416015625 432.4854431152344
v -2240.0 1275.199951171875 436.0000915527344
v -2240.0 1271.96435546875 430.6669006347656
v -224.00006103515625 1271.96435546875 430.6670227050781
v -224.00006103515625 1269.576416015625 432.4854431152344
v -2240.0 1269.576416015625 432.4854431152344
v -224.00006103515625 1275.2000732421875 436.00006103515625
v -224.00006103515625 1271.9642333984375 430.6668701171875
v -224.00006103515625 1273.738525390625 428.59228515625
v -2240.0 1273.738525390625 428.59222412109375
v -2240.0 1271.9642333984375 430.6668701171875
v -2240.0 1275.2000732421875 436.0
v -2240.0 1273.738525390625 428.59222412109375
v -224.00006103515625 1273.738525390625 428.59228515625
v -224.00006103515625 1271.9642333984375 430.6668701171875
v -2240.0 1271.9642333984375 430.6668701171875
v -224.00006103515625 1275.199951171875 436.00006103515625
v -224.00006103515625 1273.738525390625 428.59228515625
v -224.00006103515625 1274.8310546875 426.3411865234375
v -2240.0 1274.8310546875 426.34112548828125
v -2240.0 1273.738525390625 428.59222412109375
v -2240.0 1275.199951171875 436.0
v -2240.0 1274.8310546875 426.34112548828125
v -224.00006103515625 1274.8310546875 426.3411865234375
v -224.00006103515625 1273.738525390625 428.59228515625
v -2240.0 1273.738525390625 428.59222412109375
v -224.00006103515625 1275.199951171875 436.0
v -224.00006103515625 1274.831298828125 426.34112548828125
v -224.00006103515625 1275.199951171875 424.0
v -2240.0 1275.199951171875 424.0
v -2240.0 1274.831298828125 426.34112548828125
v -2240.0 1275.199951171875 436.0
v -2240.0 1275.199951171875 424.0
v -224.00006103515625 1275.199951171875 424.0
v -224.00006103515625 1274.831298828125 426.34112548828125
v -2240.0 1274.831298828125 426.34112548828125
v -2240.0 1275.199951171875 436.0
v -224.00006103515625 1275.199951171875 436.0
v -224.00006103515625 1275.199951171875 424.0
v -2240.0 1275.199951171875 424.0
v -2240.0 1232.0 471.9998779296875
v -2240.0 1236.7998046875 471.9998779296875
v -2240.0 1236.7998046875 424.0
v -2240.0 1232.0 424.0
v -224.00006103515625 1236.7998046875 471.9998779296875
v -224.00006103515625 1232.0 471.9998779296875
v -224.00006103515625 1232.0 424.0
v -224.00006103515625 1236.7998046875 424.0
v -224.00006103515625 1236.7998046875 471.9998779296875
v -224.00006103515625 1236.7998046875 424.0
v -2240.0 1236.7998046875 424.0
v -2240.0 1236.7998046875 471.9998779296875
v -224.00006103515625 1232.0 424.0
v -224.00006103515625 1232.0 471.9998779296875
v -2240.0 1232.0 471.9998779296875
v -2240.0 1232.0 424.0
v -224.00006103515625 1232.0 424.0
v -2240.0 1232.0 424.0
v -2240.0 1236.7998046875 424.0
v -224.00006103515625 1236.7998046875 424.0
v -2240.0 1232.0 471.9998779296875
v -224.00006103515625 1232.0 471.9998779296875
v -224.00006103515625 1236.7998046875 471.9998779296875
v -2240.0 1236.7998046875 471.9998779296875
v -2240.0 1275.2001953125 471.9998779296875
v -2240.0 1280.0 471.9998779296875
v -2240.0 1280.0 424.0
v -2240.0 1275.2001953125 424.0
v -224.00006103515625 1280.0 471.9998779296875
v -224.00006103515625 1275.2001953125 471.9998779296875
v -224.00006103515625 1275.2001953125 424.0
v -224.00006103515625 1280.0 424.0
v -224.00006103515625 1280.0 471.9998779296875
v -224.00006103515625 1280.0 424.0
v -2240.0 1280.0 424.0
v -2240.0 1280.0 471.9998779296875
v -224.00006103515625 1275.2001953125 424.0
v -224.00006103515625 1275.2001953125 471.9998779296875
v -2240.0 1275.2001953125 471.9998779296875
v -2240.0 1275.2001953125 424.0
v -224.00006103515625 1275.2001953125 424.0
v -2240.0 1275.2001953125 424.0
v -2240.0 1280.0 424.0
v -224.00006103515625 1280.0 424.0
v -2240.0 1275.2001953125 471.9998779296875
v -224.00006103515625 1275.2001953125 471.9998779296875
v -224.00006103515625 1280.0 471.9998779296875
v -2240.0 1280.0 471.9998779296875
v -224.00006103515625 1275.199951171875 460.0
v -224.00006103515625 1275.199951171875 472.0
v -224.00006103515625 1274.8310546875 469.658935546875
v -2240.0 1274.8310546875 469.658935546875
v -2240.0 1275.199951171875 472.0
v -2240.0 1275.199951171875 460.0
v -2240.0 1275.199951171875 472.0
v -224.00006103515625 1275.199951171875 472.0
v -224.00006103515625 1275.199951171875 460.0
v -2240.0 1275.199951171875 460.0
v -2240.0 1274.8310546875 469.658935546875
v -224.00006103515625 1274.8310546875 469.658935546875
v -224.00006103515625 1275.199951171875 472.0
v -2240.0 1275.199951171875 472.0
v -224.00006103515625 1275.199951171875 460.0
v -224.00006103515625 1274.8310546875 469.658935546875
v -224.00006103515625 1273.738525390625 467.40771484375
v -2240.0 1273.738525390625 467.4078369140625
v -2240.0 1274.8310546875 469.658935546875
v -2240.0 1275.199951171875 460.00006103515625
v -2240.0 1273.738525390625 467.4078369140625
v -224.00006103515625 1273.738525390625 467.40771484375
v -224.00006103515625 1274.8310546875 469.658935546875
v -2240.0 1274.8310546875 469.658935546875
v -224.00006103515625 1275.199951171875 459.9999694824219
v -224.00006103515625 1273.738525390625 467.4077453613281
v -224.00006103515625 1271.964111328125 465.3331604003906
v -2240.0 1271.964111328125 465.3331604003906
v -2240.0 1273.738525390625 467.4077453613281
v -2240.0 1275.199951171875 460.0000305175781
v -2240.0 1271.964111328125 465.3331604003906
v -224.00006103515625 1271.964111328125 465.3331604003906
v -224.00006103515625 1273.738525390625 467.4077453613281
v -2240.0 1273.738525390625 467.4077453613281
v -224.00006103515625 1275.199951171875 460.0001220703125
v -224.00006103515625 1271.96435546875 465.333251953125
v -224.00006103515625 1269.576416015625 463.51483154296875
v -2240.0 1269.576416015625 463.51483154296875
v -2240.0 1271.96435546875 465.333251953125
v -2240.0 1275.199951171875 460.0001220703125
v -2240.0 1269.576416015625 463.51483154296875
v -224.00006103515625 1269.576416015625 463.51483154296875
v -224.00006103515625 1271.96435546875 465.333251953125
v -2240.0 1271.96435546875 465.333251953125
v -224.00006103515625 1275.2001953125 460.00006103515625
v -224.00006103515625 1269.57666015625 463.51470947265625
v -224.00006103515625 1266.6669921875 462.0223388671875
v -2240.0 1266.6669921875 462.02239990234375
v -2240.0 1269.57666015625 463.51470947265625
v -2240.0 1275.2001953125 460.00006103515625
v -2240.0 1266.6669921875 462.02239990234375
v -224.00006103515625 1266.6669921875 462.0223388671875
v -224.00006103515625 1269.57666015625 463.51470947265625
v -2240.0 1269.57666015625 463.51470947265625
v -224.00006103515625 1275.2001953125 460.00006103515625
v -224.00006103515625 1266.6669921875 462.0223388671875
v -224.00006103515625 1263.34765625 460.9134521484375
v -2240.0 1263.34765625 460.91357421875
v -2240.0 1266.6669921875 462.02239990234375
v -2240.0 1275.2001953125 460.00006103515625
v -2240.0 1263.34765625 460.91357421875
v -224.00006103515625 1263.34765625 460.9134521484375
v -224.00006103515625 1266.6669921875 462.0223388671875
v -2240.0 1266.6669921875 462.02239990234375
v -224.00006103515625 1275.2000732421875 460.00006103515625
v -224.00006103515625 1263.347412109375 460.9134521484375
v -224.00006103515625 1259.74560546875 460.2305908203125
v -2240.0 1259.74560546875 460.23065185546875
v -2240.0 1263.347412109375 460.91351318359375
v -2240.0 1275.2000732421875 460.00006103515625
v -2240.0 1259.74560546875 460.23065185546875
v -224.00006103515625 1259.74560546875 460.2305908203125
v -224.00006103515625 1263.347412109375 460.9134521484375
v -2240.0 1263.347412109375 460.91351318359375
v -224.00006103515625 1275.2001953125 460.00006103515625
v -224.00006103515625 1259.745849609375 460.23052978515625
v -224.00006103515625 1256.0 460.00006103515625
v -2240.0 1256.0 460.00006103515625
v -2240.0 1259.745849609375 460.23065185546875
v -2240.0 1275.2001953125 460.00006103515625
v -2240.0 1256.0 460.00006103515625
v -224.00006103515625 1256.0 460.00006103515625
v -224.00006103515625 1259.745849609375 460.23052978515625
v -2240.0 1259.745849609375 460.23065185546875
v -2240.0 1275.2001953125 460.00006103515625
v -224.00006103515625 1275.2001953125 460.00006103515625
v -224.00006103515625 1256.0 460.00006103515625
v -2240.0 1256.0 460.00006103515625
v -224.00006103515625 1236.7998046875 460.00006103515625
v -224.00006103515625 1256.0 460.00006103515625
v -224.00006103515625 1252.254150390625 460.23052978515625
v -2240.0 1252.254150390625 460.23065185546875
v -2240.0 1256.0 460.00006103515625
v -2240.0 1236.7998046875 460.00006103515625
v -2240.0 1256.0 460.00006103515625
v -224.00006103515625 1256.0 460.00006103515625
v -224.00006103515625 1236.7998046875 460.00006103515625
v -2240.0 1236.7998046875 460.00006103515625
v -2240.0 1252.254150390625 460.23065185546875
v -224.00006103515625 1252.254150390625 460.23052978515625
v -224.00006103515625 1256.0 460.00006103515625
v -2240.0 1256.0 460.00006103515625
v -224.00006103515625 1236.800048828125 460.00006103515625
v -224.00006103515625 1252.25439453125 460.2305908203125
v -224.00006103515625 1248.652587890625 460.9134521484375
v -2240.0 1248.652587890625 460.91351318359375
v -2240.0 1252.25439453125 460.23065185546875
v -2240.0 1236.800048828125 460.00006103515625
v -2240.0 1248.652587890625 460.91351318359375
v -224.00006103515625 1248.652587890625 460.9134521484375
v -224.00006103515625 1252.25439453125 460.2305908203125
v -2240.0 1252.25439453125 460.23065185546875
v -224.00006103515625 1236.7998046875 460.00006103515625
v -224.00006103515625 1248.65234375 460.9134521484375
v -224.00006103515625 1245.3330078125 462.0223388671875
v -2240.0 1245.3330078125 462.02239990234375
v -2240.0 1248.65234375 460.91357421875
v -2240.0 1236.7998046875 460.00006103515625
v -2240.0 1245.3330078125 462.02239990234375
v -224.00006103515625 1245.3330078125 462.0223388671875
v -224.00006103515625 1248.65234375 460.9134521484375
v -2240.0 1248.65234375 460.91357421875
v -224.00006103515625 1236.7998046875 460.00006103515625
v -224.00006103515625 1245.3330078125 462.0223388671875
v -224.00006103515625 1242.42333984375 463.51470947265625
v -2240.0 1242.42333984375 463.51470947265625
v -2240.0 1245.3330078125 462.02239990234375
v -2240.0 1236.7998046875 460.00006103515625
v -2240.0 1242.42333984375 463.51470947265625
v -224.00006103515625 1242.42333984375 463.51470947265625
v -224.00006103515625 1245.3330078125 462.0223388671875
v -2240.0 1245.3330078125 462.02239990234375
v -224.00006103515625 1236.800048828125 460.0001220703125
v -224.00006103515625 1242.423583984375 463.51483154296875
v -224.00006103515625 1240.03564453125 465.333251953125
v -2240.0 1240.03564453125 465.333251953125
v -2240.0 1242.423583984375 463.51483154296875
v -2240.0 1236.800048828125 460.0001220703125
v -2240.0 1240.03564453125 465.333251953125
v -224.00006103515625 1240.03564453125 465.333251953125
v -224.00006103515625 1242.423583984375 463.51483154296875
v -2240.0 1242.423583984375 463.51483154296875
v -224.00006103515625 1236.800048828125 459.9999694824219
v -224.00006103515625 1240.035888671875 465.3331604003906
v -224.00006103515625 1238.2615966796875 467.4077453613281
v -2240.0 1238.2615966796875 467.4077453613281
v -2240.0 1240.035888671875 465.3331604003906
v -2240.0 1236.800048828125 460.0000305175781
v -2240.0 1238.2615966796875 467.4077453613281
v -224.00006103515625 1238.2615966796875 467.4077453613281
v -224.00006103515625 1240.035888671875 465.3331604003906
v -2240.0 1240.035888671875 465.3331604003906
v -224.00006103515625 1236.800048828125 460.0
v -224.00006103515625 1238.261474609375 467.40771484375
v -224.00006103515625 1237.1689453125 469.658935546875
v -2240.0 1237.1689453125 469.658935546875
v -2240.0 1238.261474609375 467.4078369140625
v -2240.0 1236.800048828125 460.00006103515625
v -2240.0 1237.1689453125 469.658935546875
v -224.00006103515625 1237.1689453125 469.658935546875
v -224.00006103515625 1238.261474609375 467.40771484375
v -2240.0 1238.261474609375 467.4078369140625
v -224.00006103515625 1236.800048828125 460.0
v -224.00006103515625 1237.1689453125 469.658935546875
v -224.00006103515625 1236.800048828125 472.0
v -2240.0 1236.800048828125 472.0
v -2240.0 1237.1689453125 469.658935546875
v -2240.0 1236.800048828125 460.0
v -2240.0 1236.800048828125 472.0
v -224.00006103515625 1236.800048828125 472.0
v -224.00006103515625 1237.1689453125 469.658935546875
v -2240.0 1237.1689453125 469.658935546875
v -2240.0 1236.800048828125 460.0
v -224.00006103515625 1236.800048828125 460.0
v -224.00006103515625 1236.800048828125 472.0
v -2240.0 1236.800048828125 472.0
v -2240.0 1236.800048828125 1036.0
v -2240.0 1275.199951171875 1036.0
v -2240.0 1275.199951171875 1012.0
v -2240.0 1236.800048828125 1012.0
v -736.0 1275.199951171875 1036.0
v -736.0 1236.800048828125 1036.0
v -736.0 1236.800048828125 1012.0
v -736.0 1275.199951171875 1012.0
v -736.0 1275.199951171875 1036.0
v -736.0 1275.199951171875 1012.0
v -2240.0 1275.199951171875 1012.0
v -2240.0 1275.199951171875 1036.0
v -736.0 1236.800048828125 1012.0
v -736.0 1236.800048828125 1036.0
v -2240.0 1236.800048828125 1036.0
v -2240.0 1236.800048828125 1012.0
v -736.0 1236.800048828125 1012.0
v -2240.0 1236.800048828125 1012.0
v -2240.0 1275.199951171875 1012.0
v -736.0 1275.199951171875 1012.0
v -2240.0 1236.800048828125 1036.0
v -736.0 1236.800048828125 1036.0
v -736.0 1275.199951171875 1036.0
v -2240.0 1275.199951171875 1036.0
v -736.0 1236.800048828125 1012.0
v -736.0 1236.800048828125 1000.0
v -736.0 1237.1689453125 1002.341064453125
v -2240.0 1237.1689453125 1002.341064453125
v -2240.0 1236.800048828125 1000.0
v -2240.0 1236.800048828125 1012.0
v -2240.0 1236.800048828125 1000.0
v -736.0 1236.800048828125 1000.0
v -736.0 1236.800048828125 1012.0
v -2240.0 1236.800048828125 1012.0
v -2240.0 1237.1689453125 1002.341064453125
v -736.0 1237.1689453125 1002.341064453125
v -736.0 1236.800048828125 1000.0
v -2240.0 1236.800048828125 1000.0
v -736.0 1236.800048828125 1012.0001220703125
v -736.0 1237.1689453125 1002.34130859375
v -736.0 1238.261474609375 1004.59228515625
v -2240.0 1238.261474609375 1004.59228515625
v -2240.0 1237.1689453125 1002.3411865234375
v -2240.0 1236.800048828125 1012.0
v -2240.0 1238.261474609375 1004.59228515625
v -736.0 1238.261474609375 1004.59228515625
v -736.0 1237.1689453125 1002.34130859375
v -2240.0 1237.1689453125 1002.3411865234375
v -736.0 1236.800048828125 1012.0
v -736.0 1238.2615966796875 1004.59228515625
v -736.0 1240.035888671875 1006.6668701171875
v -2240.0 1240.035888671875 1006.6668701171875
v -2240.0 1238.2615966796875 1004.59228515625
v -2240.0 1236.800048828125 1012.0
v -2240.0 1240.035888671875 1006.6668701171875
v -736.0 1240.035888671875 1006.6668701171875
v -736.0 1238.2615966796875 1004.59228515625
v -2240.0 1238.2615966796875 1004.59228515625
v -736.0 1236.800048828125 1012.0
v -736.0 1240.03564453125 1006.6669921875
v -736.0 1242.423583984375 1008.4853515625
v -2240.0 1242.423583984375 1008.4853515625
v -2240.0 1240.03564453125 1006.6668701171875
v -2240.0 1236.800048828125 1012.0
v -2240.0 1242.423583984375 1008.4853515625
v -736.0 1242.423583984375 1008.4853515625
v -736.0 1240.03564453125 1006.6669921875
v -2240.0 1240.03564453125 1006.6668701171875
v -736.0 1236.800048828125 1012.0
v -736.0 1242.423583984375 1008.4853515625
v -736.0 1245.3330078125 1009.977783203125
v -2240.0 1245.3330078125 1009.9776611328125
v -2240.0 1242.423583984375 1008.4853515625
v -2240.0 1236.800048828125 1012.0
v -2240.0 1245.3330078125 1009.9776611328125
v -736.0 1245.3330078125 1009.977783203125
v -736.0 1242.423583984375 1008.4853515625
v -2240.0 1242.423583984375 1008.4853515625
v -736.0 1236.800048828125 1012.0
v -736.0 1245.3330078125 1009.9776611328125
v -736.0 1248.65234375 1011.0865478515625
v -2240.0 1248.65234375 1011.08642578125
v -2240.0 1245.3330078125 1009.9775390625
v -2240.0 1236.800048828125 1012.0
v -2240.0 1248.65234375 1011.08642578125
v -736.0 1248.65234375 1011.0865478515625
v -736.0 1245.3330078125 1009.9776611328125
v -2240.0 1245.3330078125 1009.9775390625
v -736.0 1236.7998046875 1012.0
v -736.0 1248.6524658203125 1011.0865478515625
v -736.0 1252.25439453125 1011.7694091796875
v -2240.0 1252.25439453125 1011.769287109375
v -2240.0 1248.6524658203125 1011.08642578125
v -2240.0 1236.7998046875 1012.0
v -2240.0 1252.25439453125 1011.769287109375
v -736.0 1252.25439453125 1011.7694091796875
v -736.0 1248.6524658203125 1011.0865478515625
v -2240.0 1248.6524658203125 1011.08642578125
v -736.0 1236.7998046875 1012.0
v -736.0 1252.254150390625 1011.76953125
v -736.0 1256.0 1012.0
v -2240.0 1256.0 1012.0
v -2240.0 1252.254150390625 1011.76953125
v -2240.0 1236.7998046875 1012.0
v -2240.0 1256.0 1012.0
v -736.0 1256.0 1012.0
v -736.0 1252.254150390625 1011.76953125
v -2240.0 1252.254150390625 1011.76953125
v -2240.0 1236.7998046875 1012.0
v -736.0 1236.7998046875 1012.0
v -736.0 1256.0 1012.0
v -2240.0 1256.0 1012.0
v -736.0 1275.2001953125 1012.0
v -736.0 1256.0 1012.0
v -736.0 1259.745849609375 1011.76953125
v -2240.0 1259.745849609375 1011.76953125
v -2240.0 1256.0 1012.0
v -2240.0 1275.2001953125 1012.0
v -2240.0 1256.0 1012.0
v -736.0 1256.0 1012.0
v -736.0 1275.2001953125 1012.0
v -2240.0 1275.2001953125 1012.0
v -2240.0 1259.745849609375 1011.76953125
v -736.0 1259.745849609375 1011.76953125
v -736.0 1256.0 1012.0
v -2240.0 1256.0 1012.0
v -736.0 1275.2000732421875 1012.0
v -736.0 1259.74560546875 1011.7694091796875
v -736.0 1263.34765625 1011.0865478515625
v -2240.0 1263.34765625 1011.08642578125
v -2240.0 1259.74560546875 1011.769287109375
v -2240.0 1275.2000732421875 1012.0
v -2240.0 1263.34765625 1011.08642578125
v -736.0 1263.34765625 1011.0865478515625
v -736.0 1259.74560546875 1011.7694091796875
v -2240.0 1259.74560546875 1011.769287109375
v -736.0 1275.2001953125 1012.0
v -736.0 1263.34765625 1011.0865478515625
v -736.0 1266.6669921875 1009.9776611328125
v -2240.0 1266.6669921875 1009.9775390625
v -2240.0 1263.34765625 1011.08642578125
v -2240.0 1275.2001953125 1012.0
v -2240.0 1266.6669921875 1009.9775390625
v -736.0 1266.6669921875 1009.9776611328125
v -736.0 1263.34765625 1011.0865478515625
v -2240.0 1263.34765625 1011.08642578125
v -736.0 1275.2001953125 1012.0
v -736.0 1266.6669921875 1009.977783203125
v -736.0 1269.57666015625 1008.4853515625
v -2240.0 1269.57666015625 1008.4853515625
v -2240.0 1266.6669921875 1009.9776611328125
v -2240.0 1275.2001953125 1012.0
v -2240.0 1269.57666015625 1008.4853515625
v -736.0 1269.57666015625 1008.4853515625
v -736.0 1266.6669921875 1009.977783203125
v -2240.0 1266.6669921875 1009.9776611328125
v -736.0 1275.199951171875 1012.0
v -736.0 1269.576416015625 1008.4853515625
v -736.0 1271.96435546875 1006.6669921875
v -2240.0 1271.96435546875 1006.6668701171875
v -2240.0 1269.576416015625 1008.4853515625
v -2240.0 1275.199951171875 1012.0
v -2240.0 1271.96435546875 1006.6668701171875
v -736.0 1271.96435546875 1006.6669921875
v -736.0 1269.576416015625 1008.4853515625
v -2240.0 1269.576416015625 1008.4853515625
v -736.0 1275.2000732421875 1012.0
v -736.0 1271.9642333984375 1006.6668701171875
v -736.0 1273.738525390625 1004.59228515625
v -2240.0 1273.738525390625 1004.59228515625
v -2240.0 1271.9642333984375 1006.6668701171875
v -2240.0 1275.2000732421875 1012.0
v -2240.0 1273.738525390625 1004.59228515625
v -736.0 1273.738525390625 1004.59228515625
v -736.0 1271.9642333984375 1006.6668701171875
v -2240.0 1271.9642333984375 1006.6668701171875
v -736.0 1275.199951171875 1012.0001220703125
v -736.0 1273.738525390625 1004.59228515625
v -736.0 1274.8310546875 1002.34130859375
v -2240.0 1274.8310546875 1002.3411865234375
v -2240.0 1273.738525390625 1004.59228515625
v -2240.0 1275.199951171875 1012.0
v -2240.0 1274.8310546875 1002.3411865234375
v -736.0 1274.8310546875 1002.34130859375
v -736.0 1273.738525390625 1004.59228515625
v -2240.0 1273.738525390625 1004.59228515625
v -736.0 1275.199951171875 1012.0
v -736.0 1274.831298828125 1002.341064453125
v -736.0 1275.199951171875 1000.0
v -2240.0 1275.199951171875 1000.0
v -2240.0 1274.831298828125 1002.341064453125
v -2240.0 1275.199951171875 1012.0
v -2240.0 1275.199951171875 1000.0
v -736.0 1275.199951171875 1000.0
v -736.0 1274.831298828125 1002.341064453125
v -2240.0 1274.831298828125 1002.341064453125
v -2240.0 1275.199951171875 1012.0
v -736.0 1275.199951171875 1012.0
v -736.0 1275.199951171875 1000.0
v -2240.0 1275.199951171875 1000.0
v -2240.0 1232.0 1048.0
v -2240.0 1236.7998046875 1048.0
v -2240.0 1236.7998046875 1000.0
v -2240.0 1232.0 1000.0
v -736.0 1236.7998046875 1048.0
v -736.0 1232.0 1048.0
v -736.0 1232.0 1000.0
v -736.0 1236.7998046875 1000.0
v -736.0 1236.7998046875 1048.0
v -736.0 1236.7998046875 1000.0
v -2240.0 1236.7998046875 1000.0
v -2240.0 1236.7998046875 1048.0
v -736.0 1232.0 1000.0
v -736.0 1232.0 1048.0
v -2240.0 1232.0 1048.0
v -2240.0 1232.0 1000.0
v -736.0 1232.0 1000.0
v -2240.0 1232.0 1000.0
v -2240.0 1236.7998046875 1000.0
v -736.0 1236.7998046875 1000.0
v -2240.0 1232.0 1048.0
v -736.0 1232.0 1048.0
v -736.0 1236.7998046875 1048.0
v -2240.0 1236.7998046875 1048.0
v -2240.0 1275.2001953125 1048.0
v -2240.0 1280.0 1048.0
v -2240.0 1280.0 1000.0
v -2240.0 1275.2001953125 1000.0
v -736.0 1280.0 1048.0
v -736.0 1275.2001953125 1048.0
v -736.0 1275.2001953125 1000.0
v -736.0 1280.0 1000.0
v -736.0 1280.0 1048.0
v -736.0 1280.0 1000.0
v -2240.0 1280.0 1000.0
v -2240.0 1280.0 1048.0
v -736.0 1275.2001953125 1000.0
v -736.0 1275.2001953125 1048.0
v -2240.0 1275.2001953125 1048.0
v -2240.0 1275.2001953125 1000.0
v -736.0 1275.2001953125 1000.0
v -2240.0 1275.2001953125 1000.0
v -2240.0 1280.0 1000.0
v -736.0 1280.0 1000.0
v -2240.0 1275.2001953125 1048.0
v -736.0 1275.2001953125 1048.0
v -736.0 1280.0 1048.0
v -2240.0 1280.0 1048.0
v -736.0 1275.199951171875 1036.0
v -736.0 1275.199951171875 1048.0
v -736.0 1274.8310546875 1045.658935546875
v -2240.0 1274.8310546875 1045.658935546875
v -2240.0 1275.199951171875 1048.0
v -2240.0 1275.199951171875 1036.0
v -2240.0 1275.199951171875 1048.0
v -736.0 1275.199951171875 1048.0
v -736.0 1275.199951171875 1036.0
v -2240.0 1275.199951171875 1036.0
v -2240.0 1274.8310546875 1045.658935546875
v -736.0 1274.8310546875 1045.658935546875
v -736.0 1275.199951171875 1048.0
v -2240.0 1275.199951171875 1048.0
v -736.0 1275.199951171875 1035.9998779296875
v -736.0 1274.8310546875 1045.65869140625
v -736.0 1273.738525390625 1043.40771484375
v -2240.0 1273.738525390625 1043.40771484375
v -2240.0 1274.8310546875 1045.6588134765625
v -2240.0 1275.199951171875 1036.0
v -2240.0 1273.738525390625 1043.40771484375
v -736.0 1273.738525390625 1043.40771484375
v -736.0 1274.8310546875 1045.65869140625
v -2240.0 1274.8310546875 1045.6588134765625
v -736.0 1275.199951171875 1036.0
v -736.0 1273.738525390625 1043.40771484375
v -736.0 1271.964111328125 1041.3331298828125
v -2240.0 1271.964111328125 1041.3331298828125
v -2240.0 1273.738525390625 1043.40771484375
v -2240.0 1275.199951171875 1036.0
v -2240.0 1271.964111328125 1041.3331298828125
v -736.0 1271.964111328125 1041.3331298828125
v -736.0 1273.738525390625 1043.40771484375
v -2240.0 1273.738525390625 1043.40771484375
v -736.0 1275.199951171875 1036.0001220703125
v -736.0 1271.96435546875 1041.333251953125
v -736.0 1269.576416015625 1039.514892578125
v -2240.0 1269.576416015625 1039.514892578125
v -2240.0 1271.96435546875 1041.333251953125
v -2240.0 1275.199951171875 1036.0001220703125
v -2240.0 1269.576416015625 1039.514892578125
v -736.0 1269.576416015625 1039.514892578125
v -736.0 1271.96435546875 1041.333251953125
v -2240.0 1271.96435546875 1041.333251953125
v -736.0 1275.2001953125 1036.0
v -736.0 1269.57666015625 1039.5146484375
v -736.0 1266.6669921875 1038.022216796875
v -2240.0 1266.6669921875 1038.0223388671875
v -2240.0 1269.57666015625 1039.5146484375
v -2240.0 1275.2001953125 1036.0
v -2240.0 1266.6669921875 1038.0223388671875
v -736.0 1266.6669921875 1038.022216796875
v -736.0 1269.57666015625 1039.5146484375
v -2240.0 1269.57666015625 1039.5146484375
v -736.0 1275.2001953125 1036.0
v -736.0 1266.6669921875 1038.0223388671875
v -736.0 1263.34765625 1036.9134521484375
v -2240.0 1263.34765625 1036.91357421875
v -2240.0 1266.6669921875 1038.0224609375
v -2240.0 1275.2001953125 1036.0
v -2240.0 1263.34765625 1036.91357421875
v -736.0 1263.34765625 1036.9134521484375
v -736.0 1266.6669921875 1038.0223388671875
v -2240.0 1266.6669921875 1038.0224609375
v -736.0 1275.2000732421875 1036.0
v -736.0 1263.347412109375 1036.9134521484375
v -736.0 1259.74560546875 1036.2305908203125
v -2240.0 1259.74560546875 1036.230712890625
v -2240.0 1263.347412109375 1036.91357421875
v -2240.0 1275.2000732421875 1036.0
v -2240.0 1259.74560546875 1036.230712890625
v -736.0 1259.74560546875 1036.2305908203125
v -736.0 1263.347412109375 1036.9134521484375
v -2240.0 1263.347412109375 1036.91357421875
v -736.0 1275.2001953125 1036.0
v -736.0 1259.745849609375 1036.23046875
v -736.0 1256.0 1036.0
v -2240.0 1256.0 1036.0
v -2240.0 1259.745849609375 1036.230712890625
v -2240.0 1275.2001953125 1036.0
v -2240.0 1256.0 1036.0
v -736.0 1256.0 1036.0
v -736.0 1259.745849609375 1036.23046875
v -2240.0 1259.745849609375 1036.230712890625
v -2240.0 1275.2001953125 1036.0
v -736.0 1275.2001953125 1036.0
v -736.0 1256.0 1036.0
v -2240.0 1256.0 1036.0
v -736.0 1236.7998046875 1036.0
v -736.0 1256.0 1036.0
v -736.0 1252.254150390625 1036.23046875
v -2240.0 1252.254150390625 1036.230712890625
v -2240.0 1256.0 1036.0
v -2240.0 1236.7998046875 1036.0
v -2240.0 1256.0 1036.0
v -736.0 1256.0 1036.0
v -736.0 1236.7998046875 1036.0
v -2240.0 1236.7998046875 1036.0
v -2240.0 1252.254150390625 1036.230712890625
v -736.0 1252.254150390625 1036.23046875
v -736.0 1256.0 1036.0
v -2240.0 1256.0 1036.0
v -736.0 1236.800048828125 1036.0
v -736.0 1252.25439453125 1036.2305908203125
v -736.0 1248.652587890625 1036.9134521484375
v -2240.0 1248.652587890625 1036.91357421875
v -2240.0 1252.25439453125 1036.230712890625
v -2240.0 1236.800048828125 1036.0
v -2240.0 1248.652587890625 1036.91357421875
v -736.0 1248.652587890625 1036.9134521484375
v -736.0 1252.25439453125 1036.2305908203125
v -2240.0 1252.25439453125 1036.230712890625
v -736.0 1236.7998046875 1036.0
v -736.0 1248.65234375 1036.9134521484375
v -736.0 1245.3330078125 1038.0223388671875
v -2240.0 1245.3330078125 1038.0224609375
v -2240.0 1248.65234375 1036.91357421875
v -2240.0 1236.7998046875 1036.0
v -2240.0 1245.3330078125 1038.0224609375
v -736.0 1245.3330078125 1038.0223388671875
v -736.0 1248.65234375 1036.9134521484375
v -2240.0 1248.65234375 1036.91357421875
v -736.0 1236.7998046875 1036.0
v -736.0 1245.3330078125 1038.022216796875
v -736.0 1242.42333984375 1039.5146484375
v -2240.0 1242.42333984375 1039.5146484375
v -2240.0 1245.3330078125 1038.0223388671875
v -2240.0 1236.7998046875 1036.0
v -2240.0 1242.42333984375 1039.5146484375
v -736.0 1242.42333984375 1039.5146484375
v -736.0 1245.3330078125 1038.022216796875
v -2240.0 1245.3330078125 1038.0223388671875
v -736.0 1236.800048828125 1036.0001220703125
v -736.0 1242.423583984375 1039.514892578125
v -736.0 1240.03564453125 1041.333251953125
v -2240.0 1240.03564453125 1041.333251953125
v -2240.0 1242.423583984375 1039.514892578125
v -2240.0 1236.800048828125 1036.0001220703125
v -2240.0 1240.03564453125 1041.333251953125
v -736.0 1240.03564453125 1041.333251953125
v -736.0 1242.423583984375 1039.514892578125
v -2240.0 1242.423583984375 1039.514892578125
v -736.0 1236.800048828125 1036.0
v -736.0 1240.035888671875 1041.3331298828125
v -736.0 1238.2615966796875 1043.40771484375
v -2240.0 1238.2615966796875 1043.40771484375
v -2240.0 1240.035888671875 1041.3331298828125
v -2240.0 1236.800048828125 1036.0
v -2240.0 1238.2615966796875 1043.40771484375
v -736.0 1238.2615966796875 1043.40771484375
v -736.0 1240.035888671875 1041.3331298828125
v -2240.0 1240.035888671875 1041.3331298828125
v -736.0 1236.800048828125 1035.9998779296875
v -736.0 1238.261474609375 1043.40771484375
v -736.0 1237.1689453125 1045.65869140625
v -2240.0 1237.1689453125 1045.6588134765625
v -2240.0 1238.261474609375 1043.40771484375
v -2240.0 1236.800048828125 1036.0
v -2240.0 1237.1689453125 1045.6588134765625
v -736.0 1237.1689453125 1045.65869140625
v -736.0 1238.261474609375 1043.40771484375
v -2240.0 1238.261474609375 1043.40771484375
v -736.0 1236.800048828125 1036.0
v -736.0 1237.1689453125 1045.658935546875
v -736.0 1236.800048828125 1048.0
v -2240.0 1236.800048828125 1048.0
v -2240.0 1237.1689453125 1045.658935546875
v -2240.0 1236.800048828125 1036.0
v -2240.0 1236.800048828125 1048.0
v -736.0 1236.800048828125 1048.0
v -736.0 1237.1689453125 1045.658935546875
v -2240.0 1237.1689453125 1045.658935546875
v -2240.0 1236.800048828125 1036.0
v -736.0 1236.800048828125 1036.0
v -736.0 1236.800048828125 1048.0
v -2240.0 1236.800048828125 1048.0
v -1220.0 1236.800048828125 1792.0
v -1220.0 1275.199951171875 1792.0
v -1244.0 1275.199951171875 1792.0
v -1244.0 1236.800048828125 1792.0
v -1220.0 1275.199951171875 64.00018310546875
v -1220.0 1236.800048828125 64.00018310546875
v -1244.0 1236.800048828125 64.00018310546875
v -1244.0 1275.199951171875 64.00018310546875
v -1220.0 1275.199951171875 64.00018310546875
v -1244.0 1275.199951171875 64.00018310546875
v -1244.0 1275.199951171875 1792.0
v -1220.0 1275.199951171875 1792.0
v -1244.0 1236.800048828125 64.00018310546875
v -1220.0 1236.800048828125 64.00018310546875
v -1220.0 1236.800048828125 1792.0
v -1244.0 1236.800048828125 1792.0
v -1244.0 1236.800048828125 64.00018310546875
v -1244.0 1236.800048828125 1792.0
v -1244.0 1275.199951171875 1792.0
v -1244.0 1275.199951171875 64.00018310546875
v -1220.0 1236.800048828125 1792.0
v -1220.0 1236.800048828125 64.00018310546875
v -1220.0 1275.199951171875 64.00018310546875
v -1220.0 1275.199951171875 1792.0
v -1244.0 1236.800048828125 64.00018310546875
v -1256.0 1236.800048828125 64.00018310546875
v -1253.658935546875 1237.1689453125 64.00018310546875
v -1253.6588134765625 1237.1689453125 1792.0
v -1256.0 1236.800048828125 1792.0
v -1244.0 1236.800048828125 1792.0
v -1256.0 1236.800048828125 1792.0
v -1256.0 1236.800048828125 64.00018310546875
v -1244.0 1236.800048828125 64.00018310546875
v -1244.0 1236.800048828125 1792.0
v -1253.6588134765625 1237.1689453125 1792.0
v -1253.658935546875 1237.1689453125 64.00018310546875
v -1256.0 1236.800048828125 64.00018310546875
v -1256.0 1236.800048828125 1792.0
v -1243.9998779296875 1236.800048828125 64.00018310546875
v -1253.6588134765625 1237.1689453125 64.00018310546875
v -1251.40771484375 1238.261474609375 64.00018310546875
v -1251.40771484375 1238.261474609375 1792.0
v -1253.6588134765625 1237.1689453125 1792.0
v -1243.9998779296875 1236.800048828125 1792.0
v -1251.40771484375 1238.261474609375 1792.0
v -1251.40771484375 1238.261474609375 64.00018310546875
v -1253.6588134765625 1237.1689453125 64.00018310546875
v -1253.6588134765625 1237.1689453125 1792.0
v -1244.0 1236.800048828125 64.00018310546875
v -1251.40771484375 1238.2615966796875 64.00018310546875
v -1249.3331298828125 1240.035888671875 64.00018310546875
v -1249.3331298828125 1240.035888671875 1792.0
v -1251.40771484375 1238.2615966796875 1792.0
v -1244.0 1236.800048828125 1792.0
v -1249.3331298828125 1240.035888671875 1792.0
v -1249.3331298828125 1240.035888671875 64.00018310546875
v -1251.40771484375 1238.2615966796875 64.00018310546875
v -1251.40771484375 1238.2615966796875 1792.0
v -1244.0 1236.800048828125 64.0
v -1249.3330078125 1240.03564453125 64.0
v -1247.5146484375 1242.423583984375 64.0
v -1247.5145263671875 1242.423583984375 1792.0
v -1249.3330078125 1240.03564453125 1792.0
v -1243.9998779296875 1236.800048828125 1792.0
v -1247.5145263671875 1242.423583984375 1792.0
v -1247.5146484375 1242.423583984375 64.0
v -1249.3330078125 1240.03564453125 64.0
v -1249.3330078125 1240.03564453125 1792.0
v -1244.0 1236.800048828125 64.00018310546875
v -1247.5146484375 1242.423583984375 64.00018310546875
v -1246.0223388671875 1245.3330078125 64.00018310546875
v -1246.0223388671875 1245.3330078125 1792.0
v -1247.5146484375 1242.423583984375 1792.0
v -1244.0 1236.800048828125 1792.0
v -1246.0223388671875 1245.3330078125 1792.0
v -1246.0223388671875 1245.3330078125 64.00018310546875
v -1247.5146484375 1242.423583984375 64.00018310546875
v -1247.5146484375 1242.423583984375 1792.0
v -1244.0001220703125 1236.800048828125 64.00018310546875
v -1246.0223388671875 1245.3330078125 64.00018310546875
v -1244.9134521484375 1248.65234375 64.00018310546875
v -1244.91357421875 1248.65234375 1792.0
v -1246.0223388671875 1245.3330078125 1792.0
v -1244.0 1236.800048828125 1792.0
v -1244.91357421875 1248.65234375 1792.0
v -1244.9134521484375 1248.65234375 64.00018310546875
v -1246.0223388671875 1245.3330078125 64.00018310546875
v -1246.0223388671875 1245.3330078125 1792.0
v -1244.0001220703125 1236.7998046875 64.00018310546875
v -1244.9134521484375 1248.6524658203125 64.00018310546875
v -1244.2305908203125 1252.25439453125 64.00018310546875
v -1244.2305908203125 1252.25439453125 1792.0
v -1244.9134521484375 1248.6524658203125 1792.0
v -1244.0 1236.7998046875 1792.0
v -1244.2305908203125 1252.25439453125 1792.0
v -1244.2305908203125 1252.25439453125 64.00018310546875
v -1244.9134521484375 1248.6524658203125 64.00018310546875
v -1244.9134521484375 1248.6524658203125 1792.0
v -1244.0 1236.7998046875 64.00018310546875
v -1244.23046875 1252.254150390625 64.00018310546875
v -1244.0 1256.0 64.00018310546875
v -1243.9998779296875 1256.0 1792.0
v -1244.23046875 1252.254150390625 1792.0
v -1243.9998779296875 1236.7998046875 1792.0
v -1243.9998779296875 1256.0 1792.0
v -1244.0 1256.0 64.00018310546875
v -1244.23046875 1252.254150390625 64.00018310546875
v -1244.23046875 1252.254150390625 1792.0
v -1243.9998779296875 1236.7998046875 1792.0
v -1244.0 1236.7998046875 64.00018310546875
v -1244.0 1256.0 64.00018310546875
v -1243.9998779296875 1256.0 1792.0
v -1244.0 1275.2001953125 64.00018310546875
v -1244.0 1256.0 64.00018310546875
v -1244.23046875 1259.745849609375 64.00018310546875
v -1244.23046875 1259.745849609375 1792.0
v -1243.9998779296875 1256.0 1792.0
v -1243.9998779296875 1275.2001953125 1792.0
v -1243.9998779296875 1256.0 1792.0
v -1244.0 1256.0 64.00018310546875
v -1244.0 1275.2001953125 64.00018310546875
v -1243.9998779296875 1275.2001953125 1792.0
v -1244.23046875 1259.745849609375 1792.0
v -1244.23046875 1259.745849609375 64.00018310546875
v -1244.0 1256.0 64.00018310546875
v -1243.9998779296875 1256.0 1792.0
v -1244.0001220703125 1275.2000732421875 64.00018310546875
v -1244.2305908203125 1259.74560546875 64.00018310546875
v -1244.9134521484375 1263.34765625 64.00018310546875
v -1244.9134521484375 1263.34765625 1792.0
v -1244.2305908203125 1259.74560546875 1792.0
v -1244.0 1275.2000732421875 1792.0
v -1244.9134521484375 1263.34765625 1792.0
v -1244.9134521484375 1263.34765625 64.00018310546875
v -1244.2305908203125 1259.74560546875 64.00018310546875
v -1244.2305908203125 1259.74560546875 1792.0
v -1244.0001220703125 1275.2001953125 64.00018310546875
v -1244.9134521484375 1263.34765625 64.00018310546875
v -1246.0223388671875 1266.6669921875 64.00018310546875
v -1246.0223388671875 1266.6669921875 1792.0
v -1244.91357421875 1263.34765625 1792.0
v -1244.0 1275.2001953125 1792.0
v -1246.0223388671875 1266.6669921875 1792.0
v -1246.0223388671875 1266.6669921875 64.00018310546875
v -1244.9134521484375 1263.34765625 64.00018310546875
v -1244.91357421875 1263.34765625 1792.0
v -1244.0 1275.2001953125 64.00018310546875
v -1246.0223388671875 1266.6669921875 64.00018310546875
v -1247.5146484375 1269.57666015625 64.00018310546875
v -1247.5146484375 1269.57666015625 1792.0
v -1246.0223388671875 1266.6669921875 1792.0
v -1244.0 1275.2001953125 1792.0
v -1247.5146484375 1269.57666015625 1792.0
v -1247.5146484375 1269.57666015625 64.00018310546875
v -1246.0223388671875 1266.6669921875 64.00018310546875
v -1246.0223388671875 1266.6669921875 1792.0
v -1244.0 1275.199951171875 64.0
v -1247.5146484375 1269.576416015625 64.0
v -1249.3330078125 1271.96435546875 64.0
v -1249.3330078125 1271.96435546875 1792.0
v -1247.5145263671875 1269.576416015625 1792.0
v -1243.9998779296875 1275.199951171875 1792.0
v -1249.3330078125 1271.96435546875 1792.0
v -1249.3330078125 1271.96435546875 64.0
v -1247.5146484375 1269.576416015625 64.0
v -1247.5145263671875 1269.576416015625 1792.0
v -1244.0 1275.2000732421875 64.00018310546875
v -1249.3331298828125 1271.9642333984375 64.00018310546875
v -1251.40771484375 1273.738525390625 64.00018310546875
v -1251.40771484375 1273.738525390625 1792.0
v -1249.3331298828125 1271.9642333984375 1792.0
v -1244.0 1275.2000732421875 1792.0
v -1251.40771484375 1273.738525390625 1792.0
v -1251.40771484375 1273.738525390625 64.00018310546875
v -1249.3331298828125 1271.9642333984375 64.00018310546875
v -1249.3331298828125 1271.9642333984375 1792.0
v -1243.9998779296875 1275.199951171875 64.00018310546875
v -1251.40771484375 1273.738525390625 64.00018310546875
v -1253.6588134765625 1274.8310546875 64.00018310546875
v -1253.6588134765625 1274.8310546875 1792.0
v -1251.40771484375 1273.738525390625 1792.0
v -1243.9998779296875 1275.199951171875 1792.0
v -1253.6588134765625 1274.8310546875 1792.0
v -1253.6588134765625 1274.8310546875 64.00018310546875
v -1251.40771484375 1273.738525390625 64.00018310546875
v -1251.40771484375 1273.738525390625 1792.0
v -1244.0 1275.199951171875 64.00018310546875
v -1253.658935546875 1274.831298828125 64.00018310546875
v -1256.0 1275.199951171875 64.00018310546875
v -1256.0 1275.199951171875 1792.0
v -1253.6588134765625 1274.831298828125 1792.0
v -1244.0 1275.199951171875 1792.0
v -1256.0 1275.199951171875 1792.0
v -1256.0 1275.199951171875 64.00018310546875
v -1253.658935546875 1274.831298828125 64.00018310546875
v -1253.6588134765625 1274.831298828125 1792.0
v -1244.0 1275.199951171875 1792.0
v -1244.0 1275.199951171875 64.00018310546875
v -1256.0 1275.199951171875 64.00018310546875
v -1256.0 1275.199951171875 1792.0
v -1208.0 1232.0 1792.0
v -1208.0 1236.7998046875 1792.0
v -1255.9998779296875 1236.7998046875 1792.0
v -1255.9998779296875 1232.0 1792.0
v -1208.0001220703125 1236.7998046875 64.00018310546875
v -1208.0001220703125 1232.0 64.00018310546875
v -1256.0 1232.0 64.00018310546875
v -1256.0 1236.7998046875 64.00018310546875
v -1208.0001220703125 1236.7998046875 64.00018310546875
v -1256.0 1236.7998046875 64.00018310546875
v -1255.9998779296875 1236.7998046875 1792.0
v -1208.0 1236.7998046875 1792.0
v -1256.0 1232.0 64.00018310546875
v -1208.0001220703125 1232.0 64.00018310546875
v -1208.0 1232.0 1792.0
v -1255.9998779296875 1232.0 1792.0
v -1256.0 1232.0 64.00018310546875
v -1255.9998779296875 1232.0 1792.0
v -1255.9998779296875 1236.7998046875 1792.0
v -1256.0 1236.7998046875 64.00018310546875
v -1208.0 1232.0 1792.0
v -1208.0001220703125 1232.0 64.00018310546875
v -1208.0001220703125 1236.7998046875 64.00018310546875
v -1208.0 1236.7998046875 1792.0
v -1208.0 1275.2001953125 1792.0
v -1208.0 1280.0 1792.0
v -1255.9998779296875 1280.0 1792.0
v -1255.9998779296875 1275.2001953125 1792.0
v -1208.0001220703125 1280.0 64.00018310546875
v -1208.0001220703125 1275.2001953125 64.00018310546875
v -1256.0 1275.2001953125 64.00018310546875
v -1256.0 1280.0 64.00018310546875
v -1208.0001220703125 1280.0 64.00018310546875
v -1256.0 1280.0 64.00018310546875
v -1255.9998779296875 1280.0 1792.0
v -1208.0 1280.0 1792.0
v -1256.0 1275.2001953125 64.00018310546875
v -1208.0001220703125 1275.2001953125 64.00018310546875
v -1208.0 1275.2001953125 1792.0
v -1255.9998779296875 1275.2001953125 1792.0
v -1256.0 1275.2001953125 64.00018310546875
v -1255.9998779296875 1275.2001953125 1792.0
v -1255.9998779296875 1280.0 1792.0
v -1256.0 1280.0 64.00018310546875
v -1208.0 1275.2001953125 1792.0
v -1208.0001220703125 1275.2001953125 64.00018310546875
v -1208.0001220703125 1280.0 64.00018310546875
v -1208.0 1280.0 1792.0
v -1220.0 1275.199951171875 64.00018310546875
v -1208.0 1275.199951171875 64.00018310546875
v -1210.3411865234375 1274.8310546875 64.00018310546875
v -1210.341064453125 1274.8310546875 1792.0
v -1208.0 1275.199951171875 1792.0
v -1220.0 1275.199951171875 1792.0
v -1208.0 1275.199951171875 1792.0
v -1208.0 1275.199951171875 64.00018310546875
v -1220.0 1275.199951171875 64.00018310546875
v -1220.0 1275.199951171875 1792.0
v -1210.341064453125 1274.8310546875 1792.0
v -1210.3411865234375 1274.8310546875 64.00018310546875
v -1208.0 1275.199951171875 64.00018310546875
v -1208.0 1275.199951171875 1792.0
v -1220.0001220703125 1275.199951171875 64.00018310546875
v -1210.34130859375 1274.8310546875 64.00018310546875
v -1212.5924072265625 1273.738525390625 64.00018310546875
v -1212.59228515625 1273.738525390625 1792.0
v -1210.3411865234375 1274.8310546875 1792.0
v -1220.0 1275.199951171875 1792.0
v -1212.59228515625 1273.738525390625 1792.0
v -1212.5924072265625 1273.738525390625 64.00018310546875
v -1210.34130859375 1274.8310546875 64.00018310546875
v -1210.3411865234375 1274.8310546875 1792.0
v -1220.0001220703125 1275.199951171875 64.00018310546875
v -1212.59228515625 1273.738525390625 64.00018310546875
v -1214.6668701171875 1271.964111328125 64.00018310546875
v -1214.6668701171875 1271.964111328125 1792.0
v -1212.5921630859375 1273.738525390625 1792.0
v -1220.0 1275.199951171875 1792.0
v -1214.6668701171875 1271.964111328125 1792.0
v -1214.6668701171875 1271.964111328125 64.00018310546875
v -1212.59228515625 1273.738525390625 64.00018310546875
v -1212.5921630859375 1273.738525390625 1792.0
v -1219.9998779296875 1275.199951171875 64.0
v -1214.666748046875 1271.96435546875 64.0
v -1216.4852294921875 1269.576416015625 64.0
v -1216.485107421875 1269.576416015625 1792.0
v -1214.6666259765625 1271.96435546875 1792.0
v -1219.999755859375 1275.199951171875 1792.0
v -1216.485107421875 1269.576416015625 1792.0
v -1216.4852294921875 1269.576416015625 64.0
v -1214.666748046875 1271.96435546875 64.0
v -1214.6666259765625 1271.96435546875 1792.0
v -1220.0 1275.2001953125 64.00018310546875
v -1216.4853515625 1269.57666015625 64.00018310546875
v -1217.977783203125 1266.6669921875 64.00018310546875
v -1217.9776611328125 1266.6669921875 1792.0
v -1216.4853515625 1269.57666015625 1792.0
v -1220.0 1275.2001953125 1792.0
v -1217.9776611328125 1266.6669921875 1792.0
v -1217.977783203125 1266.6669921875 64.00018310546875
v -1216.4853515625 1269.57666015625 64.00018310546875
v -1216.4853515625 1269.57666015625 1792.0
v -1220.0 1275.2001953125 64.00018310546875
v -1217.9776611328125 1266.6669921875 64.00018310546875
v -1219.0865478515625 1263.34765625 64.00018310546875
v -1219.08642578125 1263.34765625 1792.0
v -1217.9775390625 1266.6669921875 1792.0
v -1219.9998779296875 1275.2001953125 1792.0
v -1219.08642578125 1263.34765625 1792.0
v -1219.0865478515625 1263.34765625 64.00018310546875
v -1217.9776611328125 1266.6669921875 64.00018310546875
v -1217.9775390625 1266.6669921875 1792.0
v -1220.0 1275.2000732421875 64.00018310546875
v -1219.0865478515625 1263.347412109375 64.00018310546875
v -1219.7694091796875 1259.74560546875 64.00018310546875
v -1219.769287109375 1259.74560546875 1792.0
v -1219.08642578125 1263.347412109375 1792.0
v -1219.9998779296875 1275.2000732421875 1792.0
v -1219.769287109375 1259.74560546875 1792.0
v -1219.7694091796875 1259.74560546875 64.00018310546875
v -1219.0865478515625 1263.347412109375 64.00018310546875
v -1219.08642578125 1263.347412109375 1792.0
v -1220.0 1275.2001953125 64.00018310546875
v -1219.76953125 1259.745849609375 64.00018310546875
v -1220.0 1256.0 64.00018310546875
v -1219.9998779296875 1256.0 1792.0
v -1219.769287109375 1259.745849609375 1792.0
v -1219.9998779296875 1275.2001953125 1792.0
v -1219.9998779296875 1256.0 1792.0
v -1220.0 1256.0 64.00018310546875
v -1219.76953125 1259.745849609375 64.00018310546875
v -1219.769287109375 1259.745849609375 1792.0
v -1219.9998779296875 1275.2001953125 1792.0
v -1220.0 1275.2001953125 64.00018310546875
v -1220.0 1256.0 64.00018310546875
v -1219.9998779296875 1256.0 1792.0
v -1220.0 1236.7998046875 64.00018310546875
v -1220.0 1256.0 64.00018310546875
v -1219.76953125 1252.254150390625 64.00018310546875
v -1219.769287109375 1252.254150390625 1792.0
v -1219.9998779296875 1256.0 1792.0
v -1219.9998779296875 1236.7998046875 1792.0
v -1219.9998779296875 1256.0 1792.0
v -1220.0 1256.0 64.00018310546875
v -1220.0 1236.7998046875 64.00018310546875
v -1219.9998779296875 1236.7998046875 1792.0
v -1219.769287109375 1252.254150390625 1792.0
v -1219.76953125 1252.254150390625 64.00018310546875
v -1220.0 1256.0 64.00018310546875
v -1219.9998779296875 1256.0 1792.0
v -1220.0 1236.800048828125 64.00018310546875
v -1219.7694091796875 1252.25439453125 64.00018310546875
v -1219.0865478515625 1248.652587890625 64.00018310546875
v -1219.08642578125 1248.652587890625 1792.0
v -1219.769287109375 1252.25439453125 1792.0
v -1219.9998779296875 1236.800048828125 1792.0
v -1219.08642578125 1248.652587890625 1792.0
v -1219.0865478515625 1248.652587890625 64.00018310546875
v -1219.7694091796875 1252.25439453125 64.00018310546875
v -1219.769287109375 1252.25439453125 1792.0
v -1220.0 1236.7998046875 64.00018310546875
v -1219.0865478515625 1248.65234375 64.00018310546875
v -1217.9776611328125 1245.3330078125 64.00018310546875
v -1217.9775390625 1245.3330078125 1792.0
v -1219.08642578125 1248.65234375 1792.0
v -1219.9998779296875 1236.7998046875 1792.0
v -1217.9775390625 1245.3330078125 1792.0
v -1217.9776611328125 1245.3330078125 64.00018310546875
v -1219.0865478515625 1248.65234375 64.00018310546875
v -1219.08642578125 1248.65234375 1792.0
v -1220.0 1236.7998046875 64.00018310546875
v -1217.977783203125 1245.3330078125 64.00018310546875
v -1216.4853515625 1242.42333984375 64.00018310546875
v -1216.4853515625 1242.42333984375 1792.0
v -1217.9776611328125 1245.3330078125 1792.0
v -1220.0 1236.7998046875 1792.0
v -1216.4853515625 1242.42333984375 1792.0
v -1216.4853515625 1242.42333984375 64.00018310546875
v -1217.977783203125 1245.3330078125 64.00018310546875
v -1217.9776611328125 1245.3330078125 1792.0
v -1219.9998779296875 1236.800048828125 64.0
v -1216.4852294921875 1242.423583984375 64.0
v -1214.666748046875 1240.03564453125 64.0
v -1214.6666259765625 1240.03564453125 1792.0
v -1216.485107421875 1242.423583984375 1792.0
v -1219.999755859375 1236.800048828125 1792.0
v -1214.6666259765625 1240.03564453125 1792.0
v -1214.666748046875 1240.03564453125 64.0
v -1216.4852294921875 1242.423583984375 64.0
v -1216.485107421875 1242.423583984375 1792.0
v -1220.0001220703125 1236.800048828125 64.00018310546875
v -1214.6668701171875 1240.035888671875 64.00018310546875
v -1212.59228515625 1238.2615966796875 64.00018310546875
v -1212.5921630859375 1238.2615966796875 1792.0
v -1214.6668701171875 1240.035888671875 1792.0
v -1220.0 1236.800048828125 1792.0
v -1212.5921630859375 1238.2615966796875 1792.0
v -1212.59228515625 1238.2615966796875 64.00018310546875
v -1214.6668701171875 1240.035888671875 64.00018310546875
v -1214.6668701171875 1240.035888671875 1792.0
v -1220.0001220703125 1236.800048828125 64.00018310546875
v -1212.5924072265625 1238.261474609375 64.00018310546875
v -1210.34130859375 1237.1689453125 64.00018310546875
v -1210.3411865234375 1237.1689453125 1792.0
v -1212.59228515625 1238.261474609375 1792.0
v -1220.0 1236.800048828125 1792.0
v -1210.3411865234375 1237.1689453125 1792.0
v -1210.34130859375 1237.1689453125 64.00018310546875
v -1212.5924072265625 1238.261474609375 64.00018310546875
v -1212.59228515625 1238.261474609375 1792.0
v -1220.0 1236.800048828125 64.00018310546875
v -1210.3411865234375 1237.1689453125 64.00018310546875
v -1208.0 1236.800048828125 64.00018310546875
v -1208.0 1236.800048828125 1792.0
v -1210.341064453125 1237.1689453125 1792.0
v -1220.0 1236.800048828125 1792.0
v -1208.0 1236.800048828125 1792.0
v -1208.0 1236.800048828125 64.00018310546875
v -1210.3411865234375 1237.1689453125 64.00018310546875
v -1210.341064453125 1237.1689453125 1792.0
v -1220.0 1236.800048828125 1792.0
v -1220.0 1236.800048828125 64.00018310546875
v -1208.0 1236.800048828125 64.00018310546875
v -1208.0 1236.800048828125 1792.0
v -224.0 1216.0 208.0
v -224.0 896.0 208.0
v -232.0 896.0 208.0
v -232.0 1216.0 208.0
v -224.0 896.0 736.0
v -224.0 1216.0 736.0
v -232.0 1216.0 736.0
v -232.0 896.0 736.0
v -224.0 896.0 736.0
v -232.0 896.0 736.0
v -232.0 896.0 208.0
v -224.0 896.0 208.0
v -232.0 1216.0 736.0
v -224.0 1216.0 736.0
v -224.0 1216.0 208.0
v -232.0 1216.0 208.0
v -232.0 1216.0 736.0
v -232.0 1216.0 208.0
v -232.0 896.0 208.0
v -232.0 896.0 736.0
v -224.0 1216.0 208.0
v -224.0 1216.0 736.0
v -224.0 896.0 736.0
v -224.0 896.0 208.0
v -232.0 1070.0 616.0
v -232.0 1056.0 616.0
v -233.0 1056.0 616.0
v -233.0 1070.0 616.0
v -232.0 1056.0 648.0
v -232.0 1070.0 648.0
v -233.0 1070.0 648.0
v -233.0 1056.0 648.0
v -232.0 1056.0 648.0
v -233.0 1056.0 648.0
v -233.0 1056.0 616.0
v -232.0 1056.0 616.0
v -233.0 1070.0 648.0
v -232.0 1070.0 648.0
v -232.0 1070.0 616.0
v -233.0 1070.0 616.0
v -232.0 1152.0 616.0
v -232.0 1138.0 616.0
v -233.0 1138.0 616.0
v -233.0 1152.0 616.0
v -232.0 1138.0 648.0
v -232.0 1152.0 648.0
v -233.0 1152.0 648.0
v -233.0 1138.0 648.0
v -232.0 1138.0 648.0
v -233.0 1138.0 648.0
v -233.0 1138.0 616.0
v -232.0 1138.0 616.0
v -233.0 1152.0 648.0
v -232.0 1152.0 648.0
v -232.0 1152.0 616.0
v -233.0 1152.0 616.0
v -232.0 1070.0 552.0
v -232.0 1056.0 552.0
v -233.0 1056.0 552.0
v -233.0 1070.0 552.0
v -232.0 1056.0 584.0
v -232.0 1070.0 584.0
v -233.0 1070.0 584.0
v -233.0 1056.0 584.0
v -232.0 1056.0 584.0
v -233.0 1056.0 584.0
v -233.0 1056.0 552.0
v -232.0 1056.0 552.0
v -233.0 1070.0 584.0
v -232.0 1070.0 584.0
v -232.0 1070.0 552.0
v -233.0 1070.0 552.0
v -232.0 1152.0 552.0
v -232.0 1138.0 552.0
v -233.0 1138.0 552.0
v -233.0 1152.0 552.0
v -232.0 1138.0 584.0
v -232.0 1152.0 584.0
v -233.0 1152.0 584.0
v -233.0 1138.0 584.0
v -232.0 1138.0 584.0
v -233.0 1138.0 584.0
v -233.0 1138.0 552.0
v -232.0 1138.0 552.0
v -233.0 1152.0 584.0
v -232.0 1152.0 584.0
v -232.0 1152.0 552.0
v -233.0 1152.0 552.0
v -232.0 1070.0 488.0
v -232.0 1056.0 488.0
v -233.0 1056.0 488.0
v -233.0 1070.0 488.0
v -232.0 1056.0 520.0
v -232.0 1070.0 520.0
v -233.0 1070.0 520.0
v -233.0 1056.0 520.0
v -232.0 1056.0 520.0
v -233.0 1056.0 520.0
v -233.0 1056.0 488.0
v -232.0 1056.0 488.0
v -233.0 1070.0 520.0
v -232.0 1070.0 520.0
v -232.0 1070.0 488.0
v -233.0 1070.0 488.0
v -232.0 1152.0 488.0
v -232.0 1138.0 488.0
v -233.0 1138.0 488.0
v -233.0 1152.0 488.0
v -232.0 1138.0 520.0
v -232.0 1152.0 520.0
v -233.0 1152.0 520.0
v -233.0 1138.0 520.0
v -232.0 1138.0 520.0
v -233.0 1138.0 520.0
v -233.0 1138.0 488.0
v -232.0 1138.0 488.0
v -233.0 1152.0 520.0
v -232.0 1152.0 520.0
v -232.0 1152.0 488.0
v -233.0 1152.0 488.0
v -291.7208251953125 984.0 151.38232421875
v -291.7208251953125 896.0 151.38232421875
v -299.7208251953125 896.0 151.38232421875
v -299.7208251953125 984.0 151.38232421875
v -291.7208251953125 896.0 159.38232421875
v -291.7208251953125 984.0 159.38232421875
v -299.7208251953125 984.0 159.38232421875
v -299.7208251953125 896.0 159.38232421875
v -291.7208251953125 896.0 159.38232421875
v -299.7208251953125 896.0 159.38232421875
v -299.7208251953125 896.0 151.38232421875
v -291.7208251953125 896.0 151.38232421875
v -299.7208251953125 984.0 159.38232421875
v -291.7208251953125 984.0 159.38232421875
v -291.7208251953125 984.0 151.38232421875
v -299.7208251953125 984.0 151.38232421875
v -299.7208251953125 984.0 159.38232421875
v -299.7208251953125 984.0 151.38232421875
v -299.7208251953125 896.0 151.38232421875
v -299.7208251953125 896.0 159.38232421875
v -291.7208251953125 984.0 151.38232421875
v -291.7208251953125 984.0 159.38232421875
v -291.7208251953125 896.0 159.38232421875
v -291.7208251953125 896.0 151.38232421875
v -291.7208251953125 984.0 71.38231658935547
v -291.7208251953125 896.0 71.38231658935547
v -299.7208251953125 896.0 71.38231658935547
v -299.7208251953125 984.0 71.38231658935547
v -291.7208251953125 896.0 79.38231658935547
v -291.7208251953125 984.0 79.38231658935547
v -299.7208251953125 984.0 79.38231658935547
v -299.7208251953125 896.0 79.38231658935547
v -291.7208251953125 896.0 79.38231658935547
v -299.7208251953125 896.0 79.38231658935547
v -299.7208251953125 896.0 71.38231658935547
v -291.7208251953125 896.0 71.38231658935547
v -299.7208251953125 984.0 79.38231658935547
v -291.7208251953125 984.0 79.38231658935547
v -291.7208251953125 984.0 71.38231658935547
v -299.7208251953125 984.0 71.38231658935547
v -299.7208251953125 984.0 79.38231658935547
v -299.7208251953125 984.0 71.38231658935547
v -299.7208251953125 896.0 71.38231658935547
v -299.7208251953125 896.0 79.38231658935547
v -291.7208251953125 984.0 71.38231658935547
v -291.7208251953125 984.0 79.38231658935547
v -291.7208251953125 896.0 79.38231658935547
v -291.7208251953125 896.0 71.38231658935547
v -291.7208251953125 992.0 71.38231658935547
v -291.7208251953125 984.0 71.38231658935547
v -299.7208251953125 984.0 71.38231658935547
v -299.7208251953125 992.0 71.38231658935547
v -291.7208251953125 984.0 159.38232421875
v -291.7208251953125 992.0 159.38232421875
v -299.7208251953125 992.0 159.38232421875
v -299.7208251953125 984.0 159.38232421875
v -291.7208251953125 984.0 159.38232421875
v -299.7208251953125 984.0 159.38232421875
v -299.7208251953125 984.0 71.38231658935547
v -291.7208251953125 984.0 71.38231658935547
v -299.7208251953125 992.0 159.38232421875
v -291.7208251953125 992.0 159.38232421875
v -291.7208251953125 992.0 71.38231658935547
v -299.7208251953125 992.0 71.38231658935547
v -299.7208251953125 992.0 159.38232421875
v -299.7208251953125 992.0 71.38231658935547
v -299.7208251953125 984.0 71.38231658935547
v -299.7208251953125 984.0 159.38232421875
v -291.7208251953125 992.0 71.38231658935547
v -291.7208251953125 992.0 159.38232421875
v -291.7208251953125 984.0 159.38232421875
v -291.7208251953125 984.0 71.38231658935547
v -499.7208251953125 984.0 151.38232421875
v -499.7208251953125 896.0 151.38232421875
v -507.7208251953125 896.0 151.38232421875
v -507.7208251953125 984.0 151.38232421875
v -499.7208251953125 896.0 159.38232421875
v -499.7208251953125 984.0 159.38232421875
v -507.7208251953125 984.0 159.38232421875
v -507.7208251953125 896.0 159.38232421875
v -499.7208251953125 896.0 159.38232421875
v -507.7208251953125 896.0 159.38232421875
v -507.7208251953125 896.0 151.38232421875
v -499.7208251953125 896.0 151.38232421875
v -507.7208251953125 984.0 159.38232421875
v -499.7208251953125 984.0 159.38232421875
v -499.7208251953125 984.0 151.38232421875
v -507.7208251953125 984.0 151.38232421875
v -507.7208251953125 984.0 159.38232421875
v -507.7208251953125 984.0 151.38232421875
v -507.7208251953125 896.0 151.38232421875
v -507.7208251953125 896.0 159.38232421875
v -499.7208251953125 984.0 151.38232421875
v -499.7208251953125 984.0 159.38232421875
v -499.7208251953125 896.0 159.38232421875
v -499.7208251953125 896.0 151.38232421875
v -499.7208251953125 984.0 71.38233184814453
v -499.7208251953125 896.0 71.38233184814453
v -507.7208251953125 896.0 71.38233184814453
v -507.7208251953125 984.0 71.38233184814453
v -499.7208251953125 896.0 79.38233184814453
v -499.7208251953125 984.0 79.38233184814453
v -507.7208251953125 984.0 79.38233184814453
v -507.7208251953125 896.0 79.38233184814453
v -499.7208251953125 896.0 79.38233184814453
v -507.7208251953125 896.0 79.38233184814453
v -507.7208251953125 896.0 71.38233184814453
v -499.7208251953125 896.0 71.38233184814453
v -507.7208251953125 984.0 79.38233184814453
v -499.7208251953125 984.0 79.38233184814453
v -499.7208251953125 984.0 71.38233184814453
v -507.7208251953125 984.0 71.38233184814453
v -507.7208251953125 984.0 79.38233184814453
v -507.7208251953125 984.0 71.38233184814453
v -507.7208251953125 896.0 71.38233184814453
v -507.7208251953125 896.0 79.38233184814453
v -499.7208251953125 984.0 71.38233184814453
v -499.7208251953125 984.0 79.38233184814453
v -499.7208251953125 896.0 79.38233184814453
v -499.7208251953125 896.0 71.38233184814453
v -499.7208251953125 992.0 71.38233184814453
v -499.7208251953125 984.0 71.38233184814453
v -507.7208251953125 984.0 71.38233184814453
v -507.7208251953125 992.0 71.38233184814453
v -499.7208251953125 984.0 159.38232421875
v -499.7208251953125 992.0 159.38232421875
v -507.7208251953125 992.0 159.38232421875
v -507.7208251953125 984.0 159.38232421875
v -499.7208251953125 984.0 159.38232421875
v -507.7208251953125 984.0 159.38232421875
v -507.7208251953125 984.0 71.38233184814453
v -499.7208251953125 984.0 71.38233184814453
v -507.7208251953125 992.0 159.38232421875
v -499.7208251953125 992.0 159.38232421875
v -499.7208251953125 992.0 71.38233184814453
v -507.7208251953125 992.0 71.38233184814453
v -507.7208251953125 992.0 159.38232421875
v -507.7208251953125 992.0 71.38233184814453
v -507.7208251953125 984.0 71.38233184814453
v -507.7208251953125 984.0 159.38232421875
v -499.7208251953125 992.0 71.38233184814453
v -499.7208251953125 992.0 159.38232421875
v -499.7208251953125 984.0 159.38232421875
v -499.7208251953125 984.0 71.38233184814453
v -328.0 1007.9782104492188 604.0
v -328.0 895.9782104492188 604.0
v -328.0 895.9782104492188 735.5
v -328.0 1007.9782104492188 735.5
v -232.0 895.9782104492188 604.0
v -232.0 1023.978271484375 604.0
v -232.0 1023.978271484375 735.5
v -232.0 895.9782104492188 735.5
v -232.0 895.9782104492188 604.0
v -232.0 895.9782104492188 735.5
v -328.0 895.9782104492188 735.5
v -328.0 895.9782104492188 604.0
v -232.0 1023.978271484375 735.5
v -232.0 1023.978271484375 604.0
v -328.0 1007.9782104492188 604.0
v -328.0 1007.9782104492188 735.5
v -232.0 1023.978271484375 735.5
v -328.0 1007.9782104492188 735.5
v -328.0 895.9782104492188 735.5
v -232.0 895.9782104492188 735.5
v -328.0 1007.9782104492188 604.0
v -232.0 1023.978271484375 604.0
v -232.0 895.9782104492188 604.0
v -328.0 895.9782104492188 604.0
v -328.0 1007.9782104492188 472.0
v -328.0 895.9782104492188 472.0
v -328.0 895.9782104492188 603.5
v -328.0 1007.9782104492188 603.5
v -232.0 895.9782104492188 472.0
v -232.0 1023.978271484375 472.0
v -232.0 1023.978271484375 603.5
v -232.0 895.9782104492188 603.5
v -232.0 895.9782104492188 472.0
v -232.0 895.9782104492188 603.5
v -328.0 895.9782104492188 603.5
v -328.0 895.9782104492188 472.0
v -232.0 1023.978271484375 603.5
v -232.0 1023.978271484375 472.0
v -328.0 1007.9782104492188 472.0
v -328.0 1007.9782104492188 603.5
v -232.0 1023.978271484375 603.5
v -328.0 1007.9782104492188 603.5
v -328.0 895.9782104492188 603.5
v -232.0 895.9782104492188 603.5
v -328.0 1007.9782104492188 472.0
v -232.0 1023.978271484375 472.0
v -232.0 895.9782104492188 472.0
v -328.0 895.9782104492188 472.0
v -328.0 1007.9782104492188 206.0
v -328.0 895.9782104492188 206.0
v -328.0 895.9782104492188 337.5
v -328.0 1007.9782104492188 337.5
v -232.0 895.9782104492188 206.0
v -232.0 1023.978271484375 206.0
v -232.0 1023.978271484375 337.5
v -232.0 895.9782104492188 337.5
v -232.0 895.9782104492188 206.0
v -232.0 895.9782104492188 337.5
v -328.0 895.9782104492188 337.5
v -328.0 895.9782104492188 206.0
v -232.0 1023.978271484375 337.5
v -232.0 1023.978271484375 206.0
v -328.0 1007.9782104492188 206.0
v -328.0 1007.9782104492188 337.5
v -232.0 1023.978271484375 337.5
v -328.0 1007.9782104492188 337.5
v -328.0 895.9782104492188 337.5
v -232.0 895.9782104492188 337.5
v -328.0 1007.9782104492188 206.0
v -232.0 1023.978271484375 206.0
v -232.0 895.9782104492188 206.0
v -328.0 895.9782104492188 206.0
v -232.0 1136.0 352.0
v -232.0 1056.0 352.0
v -236.0 1056.0 352.0
v -236.0 1136.0 352.0
v -232.0 1056.0 448.0
v -232.0 1136.0 448.0
v -236.0 1136.0 448.0
v -236.0 1056.0 448.0
v -232.0 1056.0 448.0
v -236.0 1056.0 448.0
v -236.0 1056.0 352.0
v -232.0 1056.0 352.0
v -236.0 1136.0 448.0
v -232.0 1136.0 448.0
v -232.0 1136.0 352.0
v -236.0 1136.0 352.0
v -236.0 1136.0 448.0
v -236.0 1136.0 352.0
v -236.0 1056.0 352.0
v -236.0 1056.0 448.0
v -232.0 1136.0 352.0
v -232.0 1136.0 448.0
v -232.0 1056.0 448.0
v -232.0 1056.0 352.0
v -328.0 895.9782104492188 338.0
v -328.0 895.9782104492188 469.5
v -328.0 992.0 469.5
v -328.0 992.0 338.0
v -232.0 992.0 338.0
v -232.0 992.0 469.5
v -232.0 895.9782104492188 469.5
v -232.0 895.9782104492188 338.0
v -232.0 895.9782104492188 469.5
v -328.0 895.9782104492188 469.5
v -328.0 895.9782104492188 338.0
v -232.0 895.9782104492188 338.0
v -328.0 992.0 469.5
v -328.0 895.9782104492188 469.5
v -232.0 895.9782104492188 469.5
v -232.0 992.0 469.5
v -232.0 992.0 338.0
v -232.0 895.9782104492188 338.0
v -328.0 895.9782104492188 338.0
v -328.0 992.0 338.0
v -328.0 992.0 338.0
v -328.0 992.0 469.5
v -232.0 992.0 469.5
v -232.0 992.0 338.0
v -232.0 1023.978271484375 469.5
v -232.0 992.0 469.5
v -232.0 992.0 338.0
v -232.0 1023.978271484375 338.0
v -256.0 1019.978271484375 338.0
v -256.0 1019.978271484375 469.5
v -232.0 1023.978271484375 469.5
v -232.0 1023.978271484375 338.0
v -256.0 1019.978271484375 469.5
v -256.0 992.0 469.5
v -232.0 992.0 469.5
v -232.0 1023.978271484375 469.5
v -232.0 1023.978271484375 338.0
v -232.0 992.0 338.0
v -256.0 992.0 338.0
v -256.0 1019.978271484375 338.0
v -232.0 992.0 338.0
v -232.0 992.0 469.5
v -256.0 992.0 469.5
v -256.0 992.0 338.0
v -256.0 992.0 469.5
v -256.0 1019.978271484375 469.5
v -256.0 1019.978271484375 338.0
v -256.0 992.0 338.0
v -1324.0 1181.0 888.0
v -1324.0 1181.0 889.0
v -1324.0 1168.0 889.0
v -1324.0 1168.0 888.0
v -1329.0 1181.0 889.0
v -1329.0 1181.0 888.0
v -1329.0 1168.0 888.0
v -1329.0 1168.0 889.0
v -1329.0 1181.0 889.0
v -1329.0 1168.0 889.0
v -1324.0 1168.0 889.0
v -1324.0 1181.0 889.0
v -1329.0 1168.0 888.0
v -1329.0 1181.0 888.0
v -1324.0 1181.0 888.0
v -1324.0 1168.0 888.0
v -1329.0 1168.0 888.0
v -1324.0 1168.0 888.0
v -1324.0 1168.0 889.0
v -1329.0 1168.0 889.0
v -1324.0 1181.0 888.0
v -1329.0 1181.0 888.0
v -1329.0 1181.0 889.0
v -1324.0 1181.0 889.0
v -1316.0 1181.0 888.0
v -1316.0 1181.0 889.0
v -1316.0 1175.0 889.0
v -1316.0 1175.0 888.0
v -1321.0 1181.0 889.0
v -1321.0 1181.0 888.0
v -1321.0 1175.0 888.0
v -1321.0 1175.0 889.0
v -1321.0 1181.0 889.0
v -1321.0 1175.0 889.0
v -1316.0 1175.0 889.0
v -1316.0 1181.0 889.0
v -1321.0 1175.0 888.0
v -1321.0 1181.0 888.0
v -1316.0 1181.0 888.0
v -1316.0 1175.0 888.0
v -1321.0 1175.0 888.0
v -1316.0 1175.0 888.0
v -1316.0 1175.0 889.0
v -1321.0 1175.0 889.0
v -1316.0 1181.0 888.0
v -1321.0 1181.0 888.0
v -1321.0 1181.0 889.0
v -1316.0 1181.0 889.0
v -1316.0 1174.0 888.0
v -1316.0 1174.0 889.0
v -1316.0 1168.0 889.0
v -1316.0 1168.0 888.0
v -1321.0 1174.0 889.0
v -1321.0 1174.0 888.0
v -1321.0 1168.0 888.0
v -1321.0 1168.0 889.0
v -1321.0 1174.0 889.0
v -1321.0 1168.0 889.0
v -1316.0 1168.0 889.0
v -1316.0 1174.0 889.0
v -1321.0 1168.0 888.0
v -1321.0 1174.0 888.0
v -1316.0 1174.0 888.0
v -1316.0 1168.0 888.0
v -1321.0 1168.0 888.0
v -1316.0 1168.0 888.0
v -1316.0 1168.0 889.0
v -1321.0 1168.0 889.0
v -1316.0 1174.0 888.0
v -1321.0 1174.0 888.0
v -1321.0 1174.0 889.0
v -1316.0 1174.0 889.0
v -1288.0 1152.0 467.5
v -1288.0 1042.2763671875 467.5
v -1436.0 1042.2763671875 467.5
v -1436.0 1152.0 467.5
v -1288.0 1042.2763671875 524.108642578125
v -1288.0 1152.0 524.108642578125
v -1436.0 1152.0 524.108642578125
v -1436.0 1042.2763671875 524.108642578125
v -1288.0 1042.2763671875 524.108642578125
v -1436.0 1042.2763671875 524.108642578125
v -1436.0 1042.2763671875 467.5
v -1288.0 1042.2763671875 467.5
v -1436.0 1152.0 524.108642578125
v -1288.0 1152.0 524.108642578125
v -1288.0 1152.0 467.5
v -1436.0 1152.0 467.5
v -1436.0 1152.0 524.108642578125
v -1436.0 1152.0 467.5
v -1436.0 1042.2763671875 467.5
v -1436.0 1042.2763671875 524.108642578125
v -1288.0 1152.0 467.5
v -1288.0 1152.0 524.108642578125
v -1288.0 1042.2763671875 524.108642578125
v -1288.0 1042.2763671875 467.5
v -1436.0 1042.2763671875 524.108642578125
v -1436.0 895.978271484375 524.108642578125
v -1288.0 895.978271484375 524.108642578125
v -1288.0 1042.2763671875 524.108642578125
v -1436.0 895.9782104492188 467.5
v -1436.0 1042.2762451171875 467.5
v -1288.0 1042.2762451171875 467.5
v -1288.0 895.9782104492188 467.5
v -1436.0 895.9782104492188 467.5
v -1288.0 895.9782104492188 467.5
v -1288.0 895.978271484375 524.108642578125
v -1436.0 895.978271484375 524.108642578125
v -1288.0 1042.2762451171875 467.5
v -1436.0 1042.2762451171875 467.5
v -1436.0 1042.2763671875 524.108642578125
v -1288.0 1042.2763671875 524.108642578125
v -1288.0 1042.2762451171875 467.5
v -1288.0 1042.2763671875 524.108642578125
v -1288.0 895.978271484375 524.108642578125
v -1288.0 895.9782104492188 467.5
v -1436.0 1042.2763671875 524.108642578125
v -1436.0 1042.2762451171875 467.5
v -1436.0 895.9782104492188 467.5
v -1436.0 895.978271484375 524.108642578125
v -1436.0 1023.9890747070312 576.0
v -1436.0 895.9782104492188 576.0
v -1288.0 895.9782104492188 576.0
v -1288.0 1023.9890747070312 576.0
v -1436.0 895.9782104492188 524.108642578125
v -1436.0 1042.2763671875 524.108642578125
v -1288.0 1042.2763671875 524.108642578125
v -1288.0 895.9782104492188 524.108642578125
v -1436.0 895.9782104492188 524.108642578125
v -1288.0 895.9782104492188 524.108642578125
v -1288.0 895.9782104492188 576.0
v -1436.0 895.9782104492188 576.0
v -1288.0 1042.2763671875 524.108642578125
v -1436.0 1042.2763671875 524.108642578125
v -1436.0 1023.9890747070312 576.0
v -1288.0 1023.9890747070312 576.0
v -1288.0 1042.2763671875 524.108642578125
v -1288.0 1023.9890747070312 576.0
v -1288.0 895.9782104492188 576.0
v -1288.0 895.9782104492188 524.108642578125
v -1436.0 1023.9890747070312 576.0
v -1436.0 1042.2763671875 524.108642578125
v -1436.0 895.9782104492188 524.108642578125
v -1436.0 895.9782104492188 576.0
v -1016.0 1152.0 1027.5
v -1016.0 1042.2763671875 1027.5
v -1164.0 1042.2763671875 1027.5
v -1164.0 1152.0 1027.5
v -1016.0 1042.2763671875 1084.108642578125
v -1016.0 1152.0 1084.108642578125
v -1164.0 1152.0 1084.108642578125
v -1164.0 1042.2763671875 1084.108642578125
v -1016.0 1042.2763671875 1084.108642578125
v -1164.0 1042.2763671875 1084.108642578125
v -1164.0 1042.2763671875 1027.5
v -1016.0 1042.2763671875 1027.5
v -1164.0 1152.0 1084.108642578125
v -1016.0 1152.0 1084.108642578125
v -1016.0 1152.0 1027.5
v -1164.0 1152.0 1027.5
v -1164.0 1152.0 1084.108642578125
v -1164.0 1152.0 1027.5
v -1164.0 1042.2763671875 1027.5
v -1164.0 1042.2763671875 1084.108642578125
v -1016.0 1152.0 1027.5
v -1016.0 1152.0 1084.108642578125
v -1016.0 1042.2763671875 1084.108642578125
v -1016.0 1042.2763671875 1027.5
v -1164.0 1042.2763671875 1084.108642578125
v -1164.0 895.978271484375 1084.108642578125
v -1016.0 895.978271484375 1084.108642578125
v -1016.0 1042.2763671875 1084.108642578125
v -1164.0 895.9782104492188 1027.5
v -1164.0 1042.2762451171875 1027.5
v -1016.0 1042.2762451171875 1027.5
v -1016.0 895.9782104492188 1027.5
v -1164.0 895.9782104492188 1027.5
v -1016.0 895.9782104492188 1027.5
v -1016.0 895.978271484375 1084.108642578125
v -1164.0 895.978271484375 1084.108642578125
v -1016.0 1042.2762451171875 1027.5
v -1164.0 1042.2762451171875 1027.5
v -1164.0 1042.2763671875 1084.108642578125
v -1016.0 1042.2763671875 1084.108642578125
v -1016.0 1042.2762451171875 1027.5
v -1016.0 1042.2763671875 1084.108642578125
v -1016.0 895.978271484375 1084.108642578125
v -1016.0 895.9782104492188 1027.5
v -1164.0 1042.2763671875 1084.108642578125
v -1164.0 1042.2762451171875 1027.5
v -1164.0 895.9782104492188 1027.5
v -1164.0 895.978271484375 1084.108642578125
v -1164.0 1023.9890747070312 1136.0
v -1164.0 895.9782104492188 1136.0
v -1016.0 895.9782104492188 1136.0
v -1016.0 1023.9890747070312 1136.0
v -1164.0 895.9782104492188 1084.108642578125
v -1164.0 1042.2763671875 1084.108642578125
v -1016.0 1042.2763671875 1084.108642578125
v -1016.0 895.9782104492188 1084.108642578125
v -1164.0 895.9782104492188 1084.108642578125
v -1016.0 895.9782104492188 1084.108642578125
v -1016.0 895.9782104492188 1136.0
v -1164.0 895.9782104492188 1136.0
v -1016.0 1042.2763671875 1084.108642578125
v -1164.0 1042.2763671875 1084.108642578125
v -1164.0 1023.9890747070312 1136.0
v -1016.0 1023.9890747070312 1136.0
v -1016.0 1042.2763671875 1084.108642578125
v -1016.0 1023.9890747070312 1136.0
v -1016.0 895.9782104492188 1136.0
v -1016.0 895.9782104492188 1084.108642578125
v -1164.0 1023.9890747070312 1136.0
v -1164.0 1042.2763671875 1084.108642578125
v -1164.0 895.9782104492188 1084.108642578125
v -1164.0 895.9782104492188 1136.0
v -1052.0 1181.0 324.0
v -1052.0 1181.0 325.0
v -1052.0 1168.0 325.0
v -1052.0 1168.0 324.0
v -1057.0 1181.0 325.0
v -1057.0 1181.0 324.0
v -1057.0 1168.0 324.0
v -1057.0 1168.0 325.0
v -1057.0 1181.0 325.0
v -1057.0 1168.0 325.0
v -1052.0 1168.0 325.0
v -1052.0 1181.0 325.0
v -1057.0 1168.0 324.0
v -1057.0 1181.0 324.0
v -1052.0 1181.0 324.0
v -1052.0 1168.0 324.0
v -1057.0 1168.0 324.0
v -1052.0 1168.0 324.0
v -1052.0 1168.0 325.0
v -1057.0 1168.0 325.0
v -1052.0 1181.0 324.0
v -1057.0 1181.0 324.0
v -1057.0 1181.0 325.0
v -1052.0 1181.0 325.0
v -1044.0 1181.0 324.0
v -1044.0 1181.0 325.0
v -1044.0 1175.0 325.0
v -1044.0 1175.0 324.0
v -1049.0 1181.0 325.0
v -1049.0 1181.0 324.0
v -1049.0 1175.0 324.0
v -1049.0 1175.0 325.0
v -1049.0 1181.0 325.0
v -1049.0 1175.0 325.0
v -1044.0 1175.0 325.0
v -1044.0 1181.0 325.0
v -1049.0 1175.0 324.0
v -1049.0 1181.0 324.0
v -1044.0 1181.0 324.0
v -1044.0 1175.0 324.0
v -1049.0 1175.0 324.0
v -1044.0 1175.0 324.0
v -1044.0 1175.0 325.0
v -1049.0 1175.0 325.0
v -1044.0 1181.0 324.0
v -1049.0 1181.0 324.0
v -1049.0 1181.0 325.0
v -1044.0 1181.0 325.0
v -1044.0 1174.0 324.0
v -1044.0 1174.0 325.0
v -1044.0 1168.0 325.0
v -1044.0 1168.0 324.0
v -1049.0 1174.0 325.0
v -1049.0 1174.0 324.0
v -1049.0 1168.0 324.0
v -1049.0 1168.0 325.0
v -1049.0 1174.0 325.0
v -1049.0 1168.0 325.0
v -1044.0 1168.0 325.0
v -1044.0 1174.0 325.0
v -1049.0 1168.0 324.0
v -1049.0 1174.0 324.0
v -1044.0 1174.0 324.0
v -1044.0 1168.0 324.0
v -1049.0 1168.0 324.0
v -1044.0 1168.0 324.0
v -1044.0 1168.0 325.0
v -1049.0 1168.0 325.0
v -1044.0 1174.0 324.0
v -1049.0 1174.0 324.0
v -1049.0 1174.0 325.0
v -1044.0 1174.0 325.0
v -1596.0 1152.0 448.0
v -1596.0 1042.2763671875 448.0
v -1448.0 1042.2763671875 448.0
v -1448.0 1152.0 448.0
v -1596.0 1042.2763671875 391.391357421875
v -1596.0 1152.0 391.391357421875
v -1448.0 1152.0 391.391357421875
v -1448.0 1042.2763671875 391.391357421875
v -1596.0 1042.2763671875 391.391357421875
v -1448.0 1042.2763671875 391.391357421875
v -1448.0 1042.2763671875 448.0
v -1596.0 1042.2763671875 448.0
v -1448.0 1152.0 391.391357421875
v -1596.0 1152.0 391.391357421875
v -1596.0 1152.0 448.0
v -1448.0 1152.0 448.0
v -1448.0 1152.0 391.391357421875
v -1448.0 1152.0 448.0
v -1448.0 1042.2763671875 448.0
v -1448.0 1042.2763671875 391.391357421875
v -1596.0 1152.0 448.0
v -1596.0 1152.0 391.391357421875
v -1596.0 1042.2763671875 391.391357421875
v -1596.0 1042.2763671875 448.0
v -1448.0 1042.2763671875 391.391357421875
v -1448.0 895.978271484375 391.391357421875
v -1596.0 895.978271484375 391.391357421875
v -1596.0 1042.2763671875 391.391357421875
v -1448.0 895.9782104492188 448.0
v -1448.0 1042.2762451171875 448.0
v -1596.0 1042.2762451171875 448.0
v -1596.0 895.9782104492188 448.0
v -1448.0 895.9782104492188 448.0
v -1596.0 895.9782104492188 448.0
v -1596.0 895.978271484375 391.391357421875
v -1448.0 895.978271484375 391.391357421875
v -1596.0 1042.2762451171875 448.0
v -1448.0 1042.2762451171875 448.0
v -1448.0 1042.2763671875 391.391357421875
v -1596.0 1042.2763671875 391.391357421875
v -1596.0 1042.2762451171875 448.0
v -1596.0 1042.2763671875 391.391357421875
v -1596.0 895.978271484375 391.391357421875
v -1596.0 895.9782104492188 448.0
v -1448.0 1042.2763671875 391.391357421875
v -1448.0 1042.2762451171875 448.0
v -1448.0 895.9782104492188 448.0
v -1448.0 895.978271484375 391.391357421875
v -1448.0 1023.9890747070312 339.5
v -1448.0 895.9782104492188 339.5
v -1596.0 895.9782104492188 339.5
v -1596.0 1023.9890747070312 339.5
v -1448.0 895.9782104492188 391.391357421875
v -1448.0 1042.2763671875 391.391357421875
v -1596.0 1042.2763671875 391.391357421875
v -1596.0 895.9782104492188 391.391357421875
v -1448.0 895.9782104492188 391.391357421875
v -1596.0 895.9782104492188 391.391357421875
v -1596.0 895.9782104492188 339.5
v -1448.0 895.9782104492188 339.5
v -1596.0 1042.2763671875 391.391357421875
v -1448.0 1042.2763671875 391.391357421875
v -1448.0 1023.9890747070312 339.5
v -1596.0 1023.9890747070312 339.5
v -1596.0 1042.2763671875 391.391357421875
v -1596.0 1023.9890747070312 339.5
v -1596.0 895.9782104492188 339.5
v -1596.0 895.9782104492188 391.391357421875
v -1448.0 1023.9890747070312 339.5
v -1448.0 1042.2763671875 391.391357421875
v -1448.0 895.9782104492188 391.391357421875
v -1448.0 895.9782104492188 339.5
v -1016.0 1152.0 451.5
v -1016.0 1042.2763671875 451.5
v -1164.0 1042.2763671875 451.5
v -1164.0 1152.0 451.5
v -1016.0 1042.2763671875 508.108642578125
v -1016.0 1152.0 508.108642578125
v -1164.0 1152.0 508.108642578125
v -1164.0 1042.2763671875 508.108642578125
v -1016.0 1042.2763671875 508.108642578125
v -1164.0 1042.2763671875 508.108642578125
v -1164.0 1042.2763671875 451.5
v -1016.0 1042.2763671875 451.5
v -1164.0 1152.0 508.108642578125
v -1016.0 1152.0 508.108642578125
v -1016.0 1152.0 451.5
v -1164.0 1152.0 451.5
v -1164.0 1152.0 508.108642578125
v -1164.0 1152.0 451.5
v -1164.0 1042.2763671875 451.5
v -1164.0 1042.2763671875 508.108642578125
v -1016.0 1152.0 451.5
v -1016.0 1152.0 508.108642578125
v -1016.0 1042.2763671875 508.108642578125
v -1016.0 1042.2763671875 451.5
v -1164.0 1042.2763671875 508.108642578125
v -1164.0 895.978271484375 508.108642578125
v -1016.0 895.978271484375 508.108642578125
v -1016.0 1042.2763671875 508.108642578125
v -1164.0 895.9782104492188 451.5
v -1164.0 1042.2762451171875 451.5
v -1016.0 1042.2762451171875 451.5
v -1016.0 895.9782104492188 451.5
v -1164.0 895.9782104492188 451.5
v -1016.0 895.9782104492188 451.5
v -1016.0 895.978271484375 508.108642578125
v -1164.0 895.978271484375 508.108642578125
v -1016.0 1042.2762451171875 451.5
v -1164.0 1042.2762451171875 451.5
v -1164.0 1042.2763671875 508.108642578125
v -1016.0 1042.2763671875 508.108642578125
v -1016.0 1042.2762451171875 451.5
v -1016.0 1042.2763671875 508.108642578125
v -1016.0 895.978271484375 508.108642578125
v -1016.0 895.9782104492188 451.5
v -1164.0 1042.2763671875 508.108642578125
v -1164.0 1042.2762451171875 451.5
v -1164.0 895.9782104492188 451.5
v -1164.0 895.978271484375 508.108642578125
v -1164.0 1023.9890747070312 560.0
v -1164.0 895.9782104492188 560.0
v -1016.0 895.9782104492188 560.0
v -1016.0 1023.9890747070312 560.0
v -1164.0 895.9782104492188 508.108642578125
v -1164.0 1042.2763671875 508.108642578125
v -1016.0 1042.2763671875 508.108642578125
v -1016.0 895.9782104492188 508.108642578125
v -1164.0 895.9782104492188 508.108642578125
v -1016.0 895.9782104492188 508.108642578125
v -1016.0 895.9782104492188 560.0
v -1164.0 895.9782104492188 560.0
v -1016.0 1042.2763671875 508.108642578125
v -1164.0 1042.2763671875 508.108642578125
v -1164.0 1023.9890747070312 560.0
v -1016.0 1023.9890747070312 560.0
v -1016.0 1042.2763671875 508.108642578125
v -1016.0 1023.9890747070312 560.0
v -1016.0 895.9782104492188 560.0
v -1016.0 895.9782104492188 508.108642578125
v -1164.0 1023.9890747070312 560.0
v -1164.0 1042.2763671875 508.108642578125
v -1164.0 895.9782104492188 508.108642578125
v -1164.0 895.9782104492188 560.0
v -1024.0 1216.0 896.0
v -1024.0 896.0 896.0
v -1176.0 896.0 896.0
v -1176.0 1216.0 896.0
v -1024.0 896.0 1016.0
v -1024.0 1216.0 1016.0
v -1176.0 1216.0 1016.0
v -1176.0 896.0 1016.0
v -1024.0 896.0 1016.0
v -1176.0 896.0 1016.0
v -1176.0 896.0 896.0
v -1024.0 896.0 896.0
v -1176.0 1216.0 1016.0
v -1024.0 1216.0 1016.0
v -1024.0 1216.0 896.0
v -1176.0 1216.0 896.0
v -1176.0 1216.0 1016.0
v -1176.0 1216.0 896.0
v -1176.0 896.0 896.0
v -1176.0 896.0 1016.0
v -1024.0 1216.0 896.0
v -1024.0 1216.0 1016.0
v -1024.0 896.0 1016.0
v -1024.0 896.0 896.0
v -1286.0 1216.0 889.0
v -1286.0 896.0 889.0
v -1438.0 896.0 889.0
v -1438.0 1216.0 889.0
v -1286.0 896.0 1009.0
v -1286.0 1216.0 1009.0
v -1438.0 1216.0 1009.0
v -1438.0 896.0 1009.0
v -1286.0 896.0 1009.0
v -1438.0 896.0 1009.0
v -1438.0 896.0 889.0
v -1286.0 896.0 889.0
v -1438.0 1216.0 1009.0
v -1286.0 1216.0 1009.0
v -1286.0 1216.0 889.0
v -1438.0 1216.0 889.0
v -1438.0 1216.0 1009.0
v -1438.0 1216.0 889.0
v -1438.0 896.0 889.0
v -1438.0 896.0 1009.0
v -1286.0 1216.0 889.0
v -1286.0 1216.0 1009.0
v -1286.0 896.0 1009.0
v -1286.0 896.0 889.0
v -1286.0 1216.0 329.0
v -1286.0 896.0 329.0
v -1438.0 896.0 329.0
v -1438.0 1216.0 329.0
v -1286.0 896.0 449.0
v -1286.0 1216.0 449.0
v -1438.0 1216.0 449.0
v -1438.0 896.0 449.0
v -1286.0 896.0 449.0
v -1438.0 896.0 449.0
v -1438.0 896.0 329.0
v -1286.0 896.0 329.0
v -1438.0 1216.0 449.0
v -1286.0 1216.0 449.0
v -1286.0 1216.0 329.0
v -1438.0 1216.0 329.0
v -1438.0 1216.0 449.0
v -1438.0 1216.0 329.0
v -1438.0 896.0 329.0
v -1438.0 896.0 449.0
v -1286.0 1216.0 329.0
v -1286.0 1216.0 449.0
v -1286.0 896.0 449.0
v -1286.0 896.0 329.0
v -1018.0 1216.0 325.0
v -1018.0 896.0 325.0
v -1170.0 896.0 325.0
v -1170.0 1216.0 325.0
v -1018.0 896.0 445.0
v -1018.0 1216.0 445.0
v -1170.0 1216.0 445.0
v -1170.0 896.0 445.0
v -1018.0 896.0 445.0
v -1170.0 896.0 445.0
v -1170.0 896.0 325.0
v -1018.0 896.0 325.0
v -1170.0 1216.0 445.0
v -1018.0 1216.0 445.0
v -1018.0 1216.0 325.0
v -1170.0 1216.0 325.0
v -1170.0 1216.0 445.0
v -1170.0 1216.0 325.0
v -1170.0 896.0 325.0
v -1170.0 896.0 445.0
v -1018.0 1216.0 325.0
v -1018.0 1216.0 445.0
v -1018.0 896.0 445.0
v -1018.0 896.0 325.0
v -1438.0 1216.0 1137.0
v -1438.0 896.0 1137.0
v -1286.0 896.0 1137.0
v -1286.0 1216.0 1137.0
v -1438.0 896.0 1017.0
v -1438.0 1216.0 1017.0
v -1286.0 1216.0 1017.0
v -1286.0 896.0 1017.0
v -1438.0 896.0 1017.0
v -1286.0 896.0 1017.0
v -1286.0 896.0 1137.0
v -1438.0 896.0 1137.0
v -1286.0 1216.0 1017.0
v -1438.0 1216.0 1017.0
v -1438.0 1216.0 1137.0
v -1286.0 1216.0 1137.0
v -1286.0 1216.0 1017.0
v -1286.0 1216.0 1137.0
v -1286.0 896.0 1137.0
v -1286.0 896.0 1017.0
v -1438.0 1216.0 1137.0
v -1438.0 1216.0 1017.0
v -1438.0 896.0 1017.0
v -1438.0 896.0 1137.0
v -1598.0 1216.0 593.0
v -1598.0 896.0 593.0
v -1446.0 896.0 593.0
v -1446.0 1216.0 593.0
v -1598.0 896.0 473.0
v -1598.0 1216.0 473.0
v -1446.0 1216.0 473.0
v -1446.0 896.0 473.0
v -1598.0 896.0 473.0
v -1446.0 896.0 473.0
v -1446.0 896.0 593.0
v -1598.0 896.0 593.0
v -1446.0 1216.0 473.0
v -1598.0 1216.0 473.0
v -1598.0 1216.0 593.0
v -1446.0 1216.0 593.0
v -1446.0 1216.0 473.0
v -1446.0 1216.0 593.0
v -1446.0 896.0 593.0
v -1446.0 896.0 473.0
v -1598.0 1216.0 593.0
v -1598.0 1216.0 473.0
v -1598.0 896.0 473.0
v -1598.0 896.0 593.0
v -236.0 1056.0 320.00048828125
v -232.0 1056.0 320.00048828125
v -232.0 1136.0 320.00048828125
v -236.0 1136.0 320.00048828125
v -232.0 1056.0 308.0009765625
v -232.0 1056.0 320.00048828125
v -236.0 1056.0 320.00048828125
v -236.0 1056.0 308.0009765625
v -236.0 1136.0 308.0009765625
v -236.0 1136.0 320.00048828125
v -232.0 1136.0 320.00048828125
v -232.0 1136.0 308.0009765625
v -232.0 1136.0 320.00048828125
v -232.0 1056.0 320.00048828125
v -232.0 1056.0 308.0009765625
v -232.0 1136.0 308.0009765625
v -236.0 1136.0 308.0009765625
v -236.0 1056.0 308.0009765625
v -236.0 1056.0 320.00048828125
v -236.0 1136.0 320.00048828125
v -236.0 1056.0 308.0009765625
v -236.0 1136.0 308.0009765625
v -232.0 1136.0 308.0009765625
v -232.0 1056.0 308.0009765625
v -232.0 1136.0 224.00048828125
v -232.0 1056.0 224.00048828125
v -236.0 1056.0 224.00048828125
v -236.0 1136.0 224.00048828125
v -236.0 1056.0 224.00048828125
v -232.0 1056.0 224.00048828125
v -232.0 1056.0 236.0009765625
v -236.0 1056.0 236.0009765625
v -232.0 1136.0 224.00048828125
v -236.0 1136.0 224.00048828125
v -236.0 1136.0 236.0009765625
v -232.0 1136.0 236.0009765625
v -232.0 1056.0 236.0009765625
v -232.0 1056.0 224.00048828125
v -232.0 1136.0 224.00048828125
v -232.0 1136.0 236.0009765625
v -236.0 1136.0 224.00048828125
v -236.0 1056.0 224.00048828125
v -236.0 1056.0 236.0009765625
v -236.0 1136.0 236.0009765625
v -232.0 1056.0 236.0009765625
v -232.0 1136.0 236.0009765625
v -236.0 1136.0 236.0009765625
v -236.0 1056.0 236.0009765625
v -232.0 1056.0 308.0009765625
v -236.0 1056.0 308.0009765625
v -236.0 1056.0 236.0009765625
v -232.0 1056.0 236.0009765625
v -232.0 1056.0 308.0009765625
v -232.0 1056.0 236.0009765625
v -232.0 1068.0 236.0009765625
v -232.0 1068.0 308.0009765625
v -236.0 1056.0 236.0009765625
v -236.0 1056.0 308.0009765625
v -236.0 1068.0 308.0009765625
v -236.0 1068.0 236.0009765625
v -236.0 1068.0 308.0009765625
v -236.0 1056.0 308.0009765625
v -232.0 1056.0 308.0009765625
v -232.0 1068.0 308.0009765625
v -236.0 1068.0 236.0009765625
v -232.0 1068.0 236.0009765625
v -232.0 1056.0 236.0009765625
v -236.0 1056.0 236.0009765625
v -232.0 1068.0 308.0009765625
v -232.0 1068.0 236.0009765625
v -236.0 1068.0 236.0009765625
v -236.0 1068.0 308.0009765625
v -232.0 1136.0 308.0009765625
v -232.0 1136.0 236.0009765625
v -236.0 1136.0 236.0009765625
v -236.0 1136.0 308.0009765625
v -232.0 1124.0 236.0009765625
v -232.0 1136.0 236.0009765625
v -232.0 1136.0 308.0009765625
v -232.0 1124.0 308.0009765625
v -236.0 1136.0 308.0009765625
v -236.0 1136.0 236.0009765625
v -236.0 1124.0 236.0009765625
v -236.0 1124.0 308.0009765625
v -232.0 1136.0 308.0009765625
v -236.0 1136.0 308.0009765625
v -236.0 1124.0 308.0009765625
v -232.0 1124.0 308.0009765625
v -236.0 1136.0 236.0009765625
v -232.0 1136.0 236.0009765625
v -232.0 1124.0 236.0009765625
v -236.0 1124.0 236.0009765625
v -236.0 1124.0 308.0009765625
v -236.0 1124.0 236.0009765625
v -232.0 1124.0 236.0009765625
v -232.0 1124.0 308.0009765625
v -233.0 1208.0 416.0
v -233.0 1160.0 416.0
v -232.0 1160.0 416.0
v -232.0 1208.0 416.0
v -233.0 1160.0 264.0
v -233.0 1208.0 264.0
v -232.0 1208.0 264.0
v -232.0 1160.0 264.0
v -233.0 1160.0 264.0
v -232.0 1160.0 264.0
v -232.0 1160.0 416.0
v -233.0 1160.0 416.0
v -232.0 1208.0 264.0
v -233.0 1208.0 264.0
v -233.0 1208.0 416.0
v -232.0 1208.0 416.0
v -232.0 1208.0 264.0
v -232.0 1208.0 416.0
v -232.0 1160.0 416.0
v -232.0 1160.0 264.0
v -233.0 1208.0 416.0
v -233.0 1208.0 264.0
v -233.0 1160.0 264.0
v -233.0 1160.0 416.0
v -716.0 1024.0 160.0
v -722.0 1024.0 160.0
v -722.0 1216.0 160.0
v -716.0 1216.0 160.0
v -722.0 1024.0 162.0
v -722.0 1024.0 160.0
v -716.0 1024.0 160.0
v -716.0 1024.0 162.0
v -716.0 1216.0 162.0
v -716.0 1216.0 160.0
v -722.0 1216.0 160.0
v -722.0 1216.0 162.0
v -722.0 1216.0 160.0
v -722.0 1024.0 160.0
v -722.0 1024.0 162.0
v -722.0 1216.0 162.0
v -716.0 1216.0 162.0
v -716.0 1024.0 162.0
v -716.0 1024.0 160.0
v -716.0 1216.0 160.0
v -716.0 1024.0 162.0
v -716.0 1216.0 162.0
v -722.0 1216.0 162.0
v -722.0 1024.0 162.0
v -722.0 1216.0 344.0
v -722.0 1024.0 344.0
v -716.0 1024.0 344.0
v -716.0 1216.0 344.0
v -716.0 1024.0 344.0
v -722.0 1024.0 344.0
v -722.0 1024.0 342.0
v -716.0 1024.0 342.0
v -722.0 1216.0 344.0
v -716.0 1216.0 344.0
v -716.0 1216.0 342.0
v -722.0 1216.0 342.0
v -722.0 1024.0 342.0
v -722.0 1024.0 344.0
v -722.0 1216.0 344.0
v -722.0 1216.0 342.0
v -716.0 1216.0 344.0
v -716.0 1024.0 344.0
v -716.0 1024.0 342.0
v -716.0 1216.0 342.0
v -722.0 1024.0 342.0
v -722.0 1216.0 342.0
v -716.0 1216.0 342.0
v -716.0 1024.0 342.0
v -722.0 1024.0 162.0
v -716.0 1024.0 162.0
v -716.0 1024.0 342.0
v -722.0 1024.0 342.0
v -722.0 1024.0 162.0
v -722.0 1024.0 342.0
v -722.0 1026.0 342.0
v -722.0 1026.0 162.0
v -716.0 1024.0 342.0
v -716.0 1024.0 162.0
v -716.0 1026.0 162.0
v -716.0 1026.0 342.0
v -716.0 1026.0 162.0
v -716.0 1024.0 162.0
v -722.0 1024.0 162.0
v -722.0 1026.0 162.0
v -716.0 1026.0 342.0
v -722.0 1026.0 342.0
v -722.0 1024.0 342.0
v -716.0 1024.0 342.0
v -722.0 1026.0 162.0
v -722.0 1026.0 342.0
v -716.0 1026.0 342.0
v -716.0 1026.0 162.0
v -722.0 1216.0 162.0
v -722.0 1216.0 342.0
v -716.0 1216.0 342.0
v -716.0 1216.0 162.0
v -722.0 1214.0 342.0
v -722.0 1216.0 342.0
v -722.0 1216.0 162.0
v -722.0 1214.0 162.0
v -716.0 1216.0 162.0
v -716.0 1216.0 342.0
v -716.0 1214.0 342.0
v -716.0 1214.0 162.0
v -722.0 1216.0 162.0
v -716.0 1216.0 162.0
v -716.0 1214.0 162.0
v -722.0 1214.0 162.0
v -716.0 1216.0 342.0
v -722.0 1216.0 342.0
v -722.0 1214.0 342.0
v -716.0 1214.0 342.0
v -716.0 1214.0 162.0
v -716.0 1214.0 342.0
v -722.0 1214.0 342.0
v -722.0 1214.0 162.0
v -716.0 1024.0 360.0
v -722.0 1024.0 360.0
v -722.0 1216.0 360.0
v -716.0 1216.0 360.0
v -722.0 1024.0 362.0
v -722.0 1024.0 360.0
v -716.0 1024.0 360.0
v -716.0 1024.0 362.0
v -716.0 1216.0 362.0
v -716.0 1216.0 360.0
v -722.0 1216.0 360.0
v -722.0 1216.0 362.0
v -722.0 1216.0 360.0
v -722.0 1024.0 360.0
v -722.0 1024.0 362.0
v -722.0 1216.0 362.0
v -716.0 1216.0 362.0
v -716.0 1024.0 362.0
v -716.0 1024.0 360.0
v -716.0 1216.0 360.0
v -716.0 1024.0 362.0
v -716.0 1216.0 362.0
v -722.0 1216.0 362.0
v -722.0 1024.0 362.0
v -722.0 1216.0 544.0
v -722.0 1024.0 544.0
v -716.0 1024.0 544.0
v -716.0 1216.0 544.0
v -716.0 1024.0 544.0
v -722.0 1024.0 544.0
v -722.0 1024.0 542.0
v -716.0 1024.0 542.0
v -722.0 1216.0 544.0
v -716.0 1216.0 544.0
v -716.0 1216.0 542.0
v -722.0 1216.0 542.0
v -722.0 1024.0 542.0
v -722.0 1024.0 544.0
v -722.0 1216.0 544.0
v -722.0 1216.0 542.0
v -716.0 1216.0 544.0
v -716.0 1024.0 544.0
v -716.0 1024.0 542.0
v -716.0 1216.0 542.0
v -722.0 1024.0 542.0
v -722.0 1216.0 542.0
v -716.0 1216.0 542.0
v -716.0 1024.0 542.0
v -722.0 1024.0 362.0
v -716.0 1024.0 362.0
v -716.0 1024.0 542.0
v -722.0 1024.0 542.0
v -722.0 1024.0 362.0
v -722.0 1024.0 542.0
v -722.0 1026.0 542.0
v -722.0 1026.0 362.0
v -716.0 1024.0 542.0
v -716.0 1024.0 362.0
v -716.0 1026.0 362.0
v -716.0 1026.0 542.0
v -716.0 1026.0 362.0
v -716.0 1024.0 362.0
v -722.0 1024.0 362.0
v -722.0 1026.0 362.0
v -716.0 1026.0 542.0
v -722.0 1026.0 542.0
v -722.0 1024.0 542.0
v -716.0 1024.0 542.0
v -722.0 1026.0 362.0
v -722.0 1026.0 542.0
v -716.0 1026.0 542.0
v -716.0 1026.0 362.0
v -722.0 1216.0 362.0
v -722.0 1216.0 542.0
v -716.0 1216.0 542.0
v -716.0 1216.0 362.0
v -722.0 1214.0 542.0
v -722.0 1216.0 542.0
v -722.0 1216.0 362.0
v -722.0 1214.0 362.0
v -716.0 1216.0 362.0
v -716.0 1216.0 542.0
v -716.0 1214.0 542.0
v -716.0 1214.0 362.0
v -722.0 1216.0 362.0
v -716.0 1216.0 362.0
v -716.0 1214.0 362.0
v -722.0 1214.0 362.0
v -716.0 1216.0 542.0
v -722.0 1216.0 542.0
v -722.0 1214.0 542.0
v -716.0 1214.0 542.0
v -716.0 1214.0 362.0
v -716.0 1214.0 542.0
v -722.0 1214.0 542.0
v -722.0 1214.0 362.0
v -511.720703125 1000.0 163.00001525878906
v -511.720703125 992.0 163.00001525878906
v -287.0 992.0 162.99998474121094
v -287.0 1000.0 162.99998474121094
v -511.720703125 992.0 67.38233947753906
v -511.720703125 1000.0 67.38233947753906
v -287.0 1000.0 67.38230895996094
v -287.0 992.0 67.38230895996094
v -511.720703125 992.0 67.38233947753906
v -287.0 992.0 67.38230895996094
v -287.0 992.0 162.99998474121094
v -511.720703125 992.0 163.00001525878906
v -287.0 1000.0 67.38230895996094
v -511.720703125 1000.0 67.38233947753906
v -511.720703125 1000.0 163.00001525878906
v -287.0 1000.0 162.99998474121094
v -287.0 1000.0 67.38230895996094
v -287.0 1000.0 162.99998474121094
v -287.0 992.0 162.99998474121094
v -287.0 992.0 67.38230895996094
v -511.720703125 1000.0 163.00001525878906
v -511.720703125 1000.0 67.38233947753906
v -511.720703125 992.0 67.38233947753906
v -511.720703125 992.0 163.00001525878906
v 127.0 380.0 353.0
v 127.0 324.0 353.0
v 127.0 324.0 351.0
v 127.0 380.0 351.0
v -1.0 324.0 353.0
v -1.0 380.0 353.0
v -1.0 380.0 351.0
v -1.0 324.0 351.0
v -1.0 324.0 353.0
v -1.0 324.0 351.0
v 127.0 324.0 351.0
v 127.0 324.0 353.0
v -1.0 380.0 351.0
v -1.0 380.0 353.0
v 127.0 380.0 353.0
v 127.0 380.0 351.0
v -1.0 380.0 351.0
v 127.0 380.0 351.0
v 127.0 324.0 351.0
v -1.0 324.0 351.0
v 127.0 380.0 353.0
v -1.0 380.0 353.0
v -1.0 324.0 353.0
v 127.0 324.0 353.0
v 264.0 320.0 353.0
v 264.0 256.0 353.0
v 264.0 256.0 351.0
v 264.0 320.0 351.0
v 176.0 256.0 353.0
v 176.0 320.0 353.0
v 176.0 320.0 351.0
v 176.0 256.0 351.0
v 176.0 256.0 353.0
v 176.0 256.0 351.0
v 264.0 256.0 351.0
v 264.0 256.0 353.0
v 176.0 320.0 351.0
v 176.0 320.0 353.0
v 264.0 320.0 353.0
v 264.0 320.0 351.0
v 176.0 320.0 351.0
v 264.0 320.0 351.0
v 264.0 256.0 351.0
v 176.0 256.0 351.0
v 264.0 320.0 353.0
v 176.0 320.0 353.0
v 176.0 256.0 353.0
v 264.0 256.0 353.0
v -233.0 1070.0 648.0
v -233.0 1070.0 616.0
v -233.0 1056.0 616.0
v -233.0 1056.0 648.0
v -232.0 1070.0 616.0
v -232.0 1070.0 648.0
v -232.0 1056.0 648.0
v -232.0 1056.0 616.0
v -233.0 1152.0 648.0
v -233.0 1152.0 616.0
v -233.0 1138.0 616.0
v -233.0 1138.0 648.0
v -232.0 1152.0 616.0
v -232.0 1152.0 648.0
v -232.0 1138.0 648.0
v -232.0 1138.0 616.0
v -233.0 1070.0 584.0
v -233.0 1070.0 552.0
v -233.0 1056.0 552.0
v -233.0 1056.0 584.0
v -232.0 1070.0 552.0
v -232.0 1070.0 584.0
v -232.0 1056.0 584.0
v -232.0 1056.0 552.0
v -233.0 1152.0 584.0
v -233.0 1152.0 552.0
v -233.0 1138.0 552.0
v -233.0 1138.0 584.0
v -232.0 1152.0 552.0
v -232.0 1152.0 584.0
v -232.0 1138.0 584.0
v -232.0 1138.0 552.0
v -233.0 1070.0 520.0
v -233.0 1070.0 488.0
v -233.0 1056.0 488.0
v -233.0 1056.0 520.0
v -232.0 1070.0 488.0
v -232.0 1070.0 520.0
v -232.0 1056.0 520.0
v -232.0 1056.0 488.0
v -233.0 1152.0 520.0
v -233.0 1152.0 488.0
v -233.0 1138.0 488.0
v -233.0 1138.0 520.0
v -232.0 1152.0 488.0
v -232.0 1152.0 520.0
v -232.0 1138.0 520.0
v -232.0 1138.0 488.0
v -232.0 1193.0 481.0
v -232.0 1164.0 481.0
v -233.0 1164.0 481.0
v -233.0 1193.0 481.0
v -232.0 1164.0 528.0
v -232.0 1193.0 528.0
v -233.0 1193.0 528.0
v -233.0 1164.0 528.0
v -232.0 1164.0 528.0
v -233.0 1164.0 528.0
v -233.0 1164.0 481.0
v -232.0 1164.0 481.0
v -233.0 1193.0 528.0
v -232.0 1193.0 528.0
v -232.0 1193.0 481.0
v -233.0 1193.0 481.0
v -233.0 1193.0 528.0
v -233.0 1193.0 481.0
v -233.0 1164.0 481.0
v -233.0 1164.0 528.0
v -232.0 1193.0 481.0
v -232.0 1193.0 528.0
v -232.0 1164.0 528.0
v -232.0 1164.0 481.0
v -232.0 1193.0 545.0
v -232.0 1164.0 545.0
v -233.0 1164.0 545.0
v -233.0 1193.0 545.0
v -232.0 1164.0 592.0
v -232.0 1193.0 592.0
v -233.0 1193.0 592.0
v -233.0 1164.0 592.0
v -232.0 1164.0 592.0
v -233.0 1164.0 592.0
v -233.0 1164.0 545.0
v -232.0 1164.0 545.0
v -233.0 1193.0 592.0
v -232.0 1193.0 592.0
v -232.0 1193.0 545.0
v -233.0 1193.0 545.0
v -233.0 1193.0 592.0
v -233.0 1193.0 545.0
v -233.0 1164.0 545.0
v -233.0 1164.0 592.0
v -232.0 1193.0 545.0
v -232.0 1193.0 592.0
v -232.0 1164.0 592.0
v -232.0 1164.0 545.0
v -232.0 1193.0 609.0
v -232.0 1164.0 609.0
v -233.0 1164.0 609.0
v -233.0 1193.0 609.0
v -232.0 1164.0 656.0
v -232.0 1193.0 656.0
v -233.0 1193.0 656.0
v -233.0 1164.0 656.0
v -232.0 1164.0 656.0
v -233.0 1164.0 656.0
v -233.0 1164.0 609.0
v -232.0 1164.0 609.0
v -233.0 1193.0 656.0
v -232.0 1193.0 656.0
v -232.0 1193.0 609.0
v -233.0 1193.0 609.0
v -233.0 1193.0 656.0
v -233.0 1193.0 609.0
v -233.0 1164.0 609.0
v -233.0 1164.0 656.0
v -232.0 1193.0 609.0
v -232.0 1193.0 656.0
v -232.0 1164.0 656.0
v -232.0 1164.0 609.0
v 160.91201782226562 711.9120483398438 1601.0
v 157.08792114257812 711.9120483398438 1601.0
v 157.08792114257812 735.9120483398438 1601.0
v 160.91201782226562 735.9120483398438 1601.0
v 157.08792114257812 711.9120483398438 1641.0
v 160.91201782226562 711.9120483398438 1641.0
v 160.91201782226562 735.9120483398438 1641.0
v 157.08792114257812 735.9120483398438 1641.0
v 157.08792114257812 711.9120483398438 1641.0
v 157.08792114257812 735.9120483398438 1641.0
v 157.08792114257812 735.9120483398438 1601.0
v 157.08792114257812 711.9120483398438 1601.0
v 160.91201782226562 735.9120483398438 1641.0
v 160.91201782226562 711.9120483398438 1641.0
v 160.91201782226562 711.9120483398438 1601.0
v 160.91201782226562 735.9120483398438 1601.0
v 160.91201782226562 735.9120483398438 1641.0
v 160.91201782226562 735.9120483398438 1601.0
v 157.08792114257812 735.9120483398438 1601.0
v 157.08792114257812 735.9120483398438 1641.0
v 160.91201782226562 711.9120483398438 1601.0
v 160.91201782226562 711.9120483398438 1641.0
v 157.08792114257812 711.9120483398438 1641.0
v 157.08792114257812 711.9120483398438 1601.0
v 160.91201782226562 631.912109375 1089.0
v 157.08792114257812 631.912109375 1089.0
v 157.08792114257812 655.912109375 1089.0
v 160.91201782226562 655.912109375 1089.0
v 157.08792114257812 631.912109375 1129.0
v 160.91201782226562 631.912109375 1129.0
v 160.91201782226562 655.912109375 1129.0
v 157.08792114257812 655.912109375 1129.0
v 157.08792114257812 631.912109375 1129.0
v 157.08792114257812 655.912109375 1129.0
v 157.08792114257812 655.912109375 1089.0
v 157.08792114257812 631.912109375 1089.0
v 160.91201782226562 655.912109375 1129.0
v 160.91201782226562 631.912109375 1129.0
v 160.91201782226562 631.912109375 1089.0
v 160.91201782226562 655.912109375 1089.0
v 160.91201782226562 655.912109375 1129.0
v 160.91201782226562 655.912109375 1089.0
v 157.08792114257812 655.912109375 1089.0
v 157.08792114257812 655.912109375 1129.0
v 160.91201782226562 631.912109375 1089.0
v 160.91201782226562 631.912109375 1129.0
v 157.08792114257812 631.912109375 1129.0
v 157.08792114257812 631.912109375 1089.0
v 160.91201782226562 327.9120178222656 609.0
v 157.08792114257812 327.9120178222656 609.0
v 157.08792114257812 351.9120178222656 609.0
v 160.91201782226562 351.9120178222656 609.0
v 157.08792114257812 327.9120178222656 649.0
v 160.91201782226562 327.9120178222656 649.0
v 160.91201782226562 351.9120178222656 649.0
v 157.08792114257812 351.9120178222656 649.0
v 157.08792114257812 327.9120178222656 649.0
v 157.08792114257812 351.9120178222656 649.0
v 157.08792114257812 351.9120178222656 609.0
v 157.08792114257812 327.9120178222656 609.0
v 160.91201782226562 351.9120178222656 649.0
v 160.91201782226562 327.9120178222656 649.0
v 160.91201782226562 327.9120178222656 609.0
v 160.91201782226562 351.9120178222656 609.0
v 160.91201782226562 351.9120178222656 649.0
v 160.91201782226562 351.9120178222656 609.0
v 157.08792114257812 351.9120178222656 609.0
v 157.08792114257812 351.9120178222656 649.0
v 160.91201782226562 327.9120178222656 609.0
v 160.91201782226562 327.9120178222656 649.0
v 157.08792114257812 327.9120178222656 649.0
v 157.08792114257812 327.9120178222656 609.0
v -297.04400634765625 807.9120483398438 1792.9559326171875
v -297.04400634765625 807.9120483398438 1789.1318359375
v -297.04400634765625 831.9120483398438 1789.1318359375
v -297.04400634765625 831.9120483398438 1792.9559326171875
v -337.04400634765625 807.9120483398438 1789.1319580078125
v -337.04400634765625 807.9120483398438 1792.9560546875
v -337.04400634765625 831.9120483398438 1792.9560546875
v -337.04400634765625 831.9120483398438 1789.1319580078125
v -337.04400634765625 807.9120483398438 1789.1319580078125
v -337.04400634765625 831.9120483398438 1789.1319580078125
v -297.04400634765625 831.9120483398438 1789.1318359375
v -297.04400634765625 807.9120483398438 1789.1318359375
v -337.04400634765625 831.9120483398438 1792.9560546875
v -337.04400634765625 807.9120483398438 1792.9560546875
v -297.04400634765625 807.9120483398438 1792.9559326171875
v -297.04400634765625 831.9120483398438 1792.9559326171875
v -337.04400634765625 831.9120483398438 1792.9560546875
v -297.04400634765625 831.9120483398438 1792.9559326171875
v -297.04400634765625 831.9120483398438 1789.1318359375
v -337.04400634765625 831.9120483398438 1789.1319580078125
v -297.04400634765625 807.9120483398438 1792.9559326171875
v -337.04400634765625 807.9120483398438 1792.9560546875
v -337.04400634765625 807.9120483398438 1789.1319580078125
v -297.04400634765625 807.9120483398438 1789.1318359375
v -809.0440063476562 1127.912109375 1792.9559326171875
v -809.0440063476562 1127.912109375 1789.1318359375
v -809.0440063476562 1151.912109375 1789.1318359375
v -809.0440063476562 1151.912109375 1792.9559326171875
v -849.0440063476562 1127.912109375 1789.1319580078125
v -849.0440063476562 1127.912109375 1792.9560546875
v -849.0440063476562 1151.912109375 1792.9560546875
v -849.0440063476562 1151.912109375 1789.1319580078125
v -849.0440063476562 1127.912109375 1789.1319580078125
v -849.0440063476562 1151.912109375 1789.1319580078125
v -809.0440063476562 1151.912109375 1789.1318359375
v -809.0440063476562 1127.912109375 1789.1318359375
v -849.0440063476562 1151.912109375 1792.9560546875
v -849.0440063476562 1127.912109375 1792.9560546875
v -809.0440063476562 1127.912109375 1792.9559326171875
v -809.0440063476562 1151.912109375 1792.9559326171875
v -849.0440063476562 1151.912109375 1792.9560546875
v -809.0440063476562 1151.912109375 1792.9559326171875
v -809.0440063476562 1151.912109375 1789.1318359375
v -849.0440063476562 1151.912109375 1789.1319580078125
v -809.0440063476562 1127.912109375 1792.9559326171875
v -849.0440063476562 1127.912109375 1792.9560546875
v -849.0440063476562 1127.912109375 1789.1319580078125
v -809.0440063476562 1127.912109375 1789.1318359375
v 10.999969482421875 385.8240661621094 -399.0
v 10.999969482421875 381.9999694824219 -399.0
v -13.000030517578125 381.9999694824219 -399.0
v -13.000030517578125 385.8240661621094 -399.0
v 10.999969482421875 381.9999694824219 -359.0
v 10.999969482421875 385.8240661621094 -359.0
v -13.000030517578125 385.8240661621094 -359.0
v -13.000030517578125 381.9999694824219 -359.0
v 10.999969482421875 381.9999694824219 -359.0
v -13.000030517578125 381.9999694824219 -359.0
v -13.000030517578125 381.9999694824219 -399.0
v 10.999969482421875 381.9999694824219 -399.0
v -13.000030517578125 385.8240661621094 -359.0
v 10.999969482421875 385.8240661621094 -359.0
v 10.999969482421875 385.8240661621094 -399.0
v -13.000030517578125 385.8240661621094 -399.0
v -13.000030517578125 385.8240661621094 -359.0
v -13.000030517578125 385.8240661621094 -399.0
v -13.000030517578125 381.9999694824219 -399.0
v -13.000030517578125 381.9999694824219 -359.0
v 10.999969482421875 385.8240661621094 -399.0
v 10.999969482421875 385.8240661621094 -359.0
v 10.999969482421875 381.9999694824219 -359.0
v 10.999969482421875 381.9999694824219 -399.0
v 330.9999694824219 385.8240661621094 -15.0
v 330.9999694824219 381.9999694824219 -15.0
v 330.9999694824219 381.9999694824219 9.000000953674316
v 330.9999694824219 385.8240661621094 9.000000953674316
v 370.9999694824219 381.9999694824219 -15.0
v 370.9999694824219 385.8240661621094 -15.0
v 370.9999694824219 385.8240661621094 8.999999046325684
v 370.9999694824219 381.9999694824219 8.999999046325684
v 370.9999694824219 381.9999694824219 -15.0
v 370.9999694824219 381.9999694824219 8.999999046325684
v 330.9999694824219 381.9999694824219 9.000000953674316
v 330.9999694824219 381.9999694824219 -15.0
v 370.9999694824219 385.8240661621094 8.999999046325684
v 370.9999694824219 385.8240661621094 -15.0
v 330.9999694824219 385.8240661621094 -15.0
v 330.9999694824219 385.8240661621094 9.000000953674316
v 370.9999694824219 385.8240661621094 8.999999046325684
v 330.9999694824219 385.8240661621094 9.000000953674316
v 330.9999694824219 381.9999694824219 9.000000953674316
v 370.9999694824219 381.9999694824219 8.999999046325684
v 330.9999694824219 385.8240661621094 -15.0
v 370.9999694824219 385.8240661621094 -15.0
v 370.9999694824219 381.9999694824219 -15.0
v 330.9999694824219 381.9999694824219 -15.0
v -1429.0 1281.8240966796875 1241.0
v -1429.0 1278.0 1241.0
v -1429.0 1278.0 1265.0
v -1429.0 1281.8240966796875 1265.0
v -1389.0 1278.0 1241.0
v -1389.0 1281.8240966796875 1241.0
v -1389.0 1281.8240966796875 1265.0
v -1389.0 1278.0 1265.0
v -1389.0 1278.0 1241.0
v -1389.0 1278.0 1265.0
v -1429.0 1278.0 1265.0
v -1429.0 1278.0 1241.0
v -1389.0 1281.8240966796875 1265.0
v -1389.0 1281.8240966796875 1241.0
v -1429.0 1281.8240966796875 1241.0
v -1429.0 1281.8240966796875 1265.0
v -1389.0 1281.8240966796875 1265.0
v -1429.0 1281.8240966796875 1265.0
v -1429.0 1278.0 1265.0
v -1389.0 1278.0 1265.0
v -1429.0 1281.8240966796875 1241.0
v -1389.0 1281.8240966796875 1241.0
v -1389.0 1278.0 1241.0
v -1429.0 1278.0 1241.0
v -1429.0 1281.8240966796875 729.0
v -1429.0 1278.0 729.0
v -1429.0 1278.0 753.0
v -1429.0 1281.8240966796875 753.0
v -1389.0 1278.0 729.0
v -1389.0 1281.8240966796875 729.0
v -1389.0 1281.8240966796875 753.0
v -1389.0 1278.0 753.0
v -1389.0 1278.0 729.0
v -1389.0 1278.0 753.0
v -1429.0 1278.0 753.0
v -1429.0 1278.0 729.0
v -1389.0 1281.8240966796875 753.0
v -1389.0 1281.8240966796875 729.0
v -1429.0 1281.8240966796875 729.0
v -1429.0 1281.8240966796875 753.0
v -1389.0 1281.8240966796875 753.0
v -1429.0 1281.8240966796875 753.0
v -1429.0 1278.0 753.0
v -1389.0 1278.0 753.0
v -1429.0 1281.8240966796875 729.0
v -1389.0 1281.8240966796875 729.0
v -1389.0 1278.0 729.0
v -1429.0 1278.0 729.0
v -477.0 1233.8240966796875 437.0
v -477.0 1230.0 437.0
v -477.0 1230.0 461.0
v -477.0 1233.8240966796875 461.0
v -437.0 1230.0 437.0
v -437.0 1233.8240966796875 437.0
v -437.0 1233.8240966796875 461.0
v -437.0 1230.0 461.0
v -437.0 1230.0 437.0
v -437.0 1230.0 461.0
v -477.0 1230.0 461.0
v -477.0 1230.0 437.0
v -437.0 1233.8240966796875 461.0
v -437.0 1233.8240966796875 437.0
v -477.0 1233.8240966796875 437.0
v -477.0 1233.8240966796875 461.0
v -437.0 1233.8240966796875 461.0
v -477.0 1233.8240966796875 461.0
v -477.0 1230.0 461.0
v -437.0 1230.0 461.0
v -477.0 1233.8240966796875 437.0
v -437.0 1233.8240966796875 437.0
v -437.0 1230.0 437.0
v -477.0 1230.0 437.0
v -232.0 1124.0 308.0009765625
v -232.0 1068.0 308.0009765625
v -232.0 1068.0 236.0009765625
v -232.0 1124.0 236.0009765625
v -232.0 1124.0 236.0009765625
v -232.0 1068.0 236.0009765625
v -233.0 1068.0 236.0009765625
v -233.0 1124.0 236.0009765625
v -233.0 1068.0 308.0009765625
v -232.0 1068.0 308.0009765625
v -232.0 1124.0 308.0009765625
v -233.0 1124.0 308.0009765625
v -233.0 1068.0 308.0009765625
v -233.0 1068.0 236.0009765625
v -232.0 1068.0 236.0009765625
v -232.0 1068.0 308.0009765625
v -233.0 1124.0 308.0009765625
v -232.0 1124.0 308.0009765625
v -232.0 1124.0 236.0009765625
v -233.0 1124.0 236.0009765625
v -233.0 1068.0 308.0009765625
v -233.0 1124.0 308.0009765625
v -233.0 1124.0 236.0009765625
v -233.0 1068.0 236.0009765625
vt 0.04545599967241287 0.4965609908103943
vt 0.9556919932365417 0.5189749896526337
vt 0.955715000629425 0.4963250160217285
vt 0.7116870284080505 0.5188950002193451
vt 0.04556899890303612 0.5192759931087494
vt 0.7576940059661865 0.04267698526382446
vt 0.24419599771499634 0.011480987071990967
vt 0.24419599771499634 0.04342198371887207
vt 0.7576940059661865 0.011480987071990967
vt 0.01685599982738495 0.016722023487091064
vt 0.9850350022315979 0.016721010208129883
vt 0.00942699983716011 0.9532519988715649
vt 0.016482999548316002 0.513592004776001
vt 0.04553600028157234 0.9576350003480911
vt 0.9558429718017578 0.9578039981424809
vt 0.7117570042610168 0.9579450003802776
vt 0.9558500051498413 0.9844629997387528
vt 0.04559199884533882 0.9853539997711778
vt 0.9845920205116272 0.5131810009479523
vt 0.9906359910964966 0.9536029994487762
vt 0.9779899716377258 0.4829379916191101
vt 0.06492400169372559 0.4589639902114868
vt 0.015536000020802021 0.48290497064590454
vt 0.9286019802093506 0.45899397134780884
vt 0.06492400169372559 0.07772701978683472
vt 0.015536000020802021 0.05364501476287842
vt 0.977990984916687 0.05364501476287842
vt 0.9286019802093506 0.07772701978683472
vt 0.06492400169372559 0.46020299196243286
vt 0.9286019802093506 0.46020299196243286
vt 0.08723600208759308 0.8797729983925819
vt 0.6695610284805298 0.8792520016431808
vt 0.7538639903068542 0.8791769966483116
vt 0.10366199910640717 0.5945940017700195
vt 0.6522560119628906 0.8691049963235855
vt 0.6522560119628906 0.5945940017700195
vt 0.10448899865150452 0.869595006108284
vt 0.6695610284805298 0.5874649882316589
vt 0.7538639903068542 0.5874649882316589
vt 0.9335259795188904 0.5874649882316589
vt 0.9333739876747131 0.8790159970521927
vt 0.08635599911212921 0.5874649882316589
vt 0.7609850168228149 0.5965409874916077
vt 0.9262650012969971 0.8650339990854263
vt 0.9264050126075745 0.5965409874916077
vt 0.7609850168228149 0.8651819974184036
vt 0.04545599967241287 0.4965609908103943
vt 0.9556919932365417 0.5189749896526337
vt 0.955715000629425 0.4963250160217285
vt 0.7116870284080505 0.5188950002193451
vt 0.04556899890303612 0.5192759931087494
vt 0.7576940059661865 0.04267698526382446
vt 0.24419599771499634 0.011480987071990967
vt 0.24419599771499634 0.04342198371887207
vt 0.7576940059661865 0.011480987071990967
vt 0.01685599982738495 0.016722023487091064
vt 0.9850350022315979 0.016721010208129883
vt 0.00942699983716011 0.9532519988715649
vt 0.016482999548316002 0.513592004776001
vt 0.04553600028157234 0.9576350003480911
vt 0.9558429718017578 0.9578039981424809
vt 0.7117570042610168 0.9579450003802776
vt 0.9558500051498413 0.9844629997387528
vt 0.04559199884533882 0.9853539997711778
vt 0.9845920205116272 0.5131810009479523
vt 0.9906359910964966 0.9536029994487762
vt 0.9779899716377258 0.4829379916191101
vt 0.06492400169372559 0.4589639902114868
vt 0.015536000020802021 0.48290497064590454
vt 0.9286019802093506 0.45899397134780884
vt 0.06492400169372559 0.07772701978683472
vt 0.015536000020802021 0.05364501476287842
vt 0.977990984916687 0.05364501476287842
vt 0.9286019802093506 0.07772701978683472
vt 0.06492400169372559 0.46020299196243286
vt 0.9286019802093506 0.46020299196243286
vt 0.08723600208759308 0.8797729983925819
vt 0.6695610284805298 0.8792520016431808
vt 0.7538639903068542 0.8791769966483116
vt 0.10366199910640717 0.5945940017700195
vt 0.6522560119628906 0.8691049963235855
vt 0.6522560119628906 0.5945940017700195
vt 0.10448899865150452 0.869595006108284
vt 0.6695610284805298 0.5874649882316589
vt 0.7538639903068542 0.5874649882316589
vt 0.9335259795188904 0.5874649882316589
vt 0.9333739876747131 0.8790159970521927
vt 0.08635599911212921 0.5874649882316589
vt 0.7609850168228149 0.5965409874916077
vt 0.9262650012969971 0.8650339990854263
vt 0.9264050126075745 0.5965409874916077
vt 0.7609850168228149 0.8651819974184036
vt 2.5 0.84375
vt 2.5 1.0
vt -0.859375 1.0
vt -0.859375 0.84375
vt -0.859375 2.953125
vt 2.5 2.953125
vt 2.5 -1.5
vt -0.859375 -1.5
vt 0.26408451795578003 -1.8141505718231201
vt -0.26408451795578003 -1.8141505718231201
vt -0.26408451795578003 -1.7261223793029785
vt 0.26408451795578003 -1.7261223793029785
vt -2.7288732528686523 1.8830325603485107
vt -2.7288732528686523 2.059088945388794
vt -2.816901445388794 2.059088945388794
vt -2.816901445388794 1.8830325603485107
vt -2.816901445388794 1.8830325603485107
vt -2.816901445388794 2.059088945388794
vt -2.7288732528686523 2.059088945388794
vt -2.7288732528686523 1.8830325603485107
vt 0.26408451795578003 -1.6601011753082275
vt -0.26408451795578003 -1.6601011753082275
vt -0.26408451795578003 -1.7481293678283691
vt 0.26408451795578003 -1.7481293678283691
vt 0.2613336443901062 1.8830325603485107
vt 0.2613336443901062 2.059088945388794
vt -0.26683539152145386 2.059088945388794
vt -0.26683539152145386 1.8830325603485107
vt -0.26408451795578003 -1.7261223793029785
vt -0.9683098793029785 -1.7261223793029785
vt -0.9683098793029785 -1.8141505718231201
vt -0.26408451795578003 -1.8141505718231201
vt -2.7288732528686523 2.059088945388794
vt -2.816901445388794 2.059088945388794
vt -2.816901445388794 1.0027508803177625
vt -2.7288732528686523 1.0027508803177625
vt -0.9683098793029785 -1.7261223793029785
vt -0.26408451795578003 -1.7261223793029785
vt -0.26408451795578003 -1.8141505718231201
vt -0.9683098793029785 -1.8141505718231201
vt -2.816901445388794 1.0027508803177625
vt -2.816901445388794 2.059088945388794
vt -2.7288732528686523 2.059088945388794
vt -2.7288732528686523 1.0027508803177625
vt -0.19256162643432617 1.0027508803177625
vt -0.19256162643432617 2.059088945388794
vt -0.8967869877815247 2.059088945388794
vt -0.8967869877815247 1.0027508803177625
vt 2.065911054611206 1.0027508803177625
vt 2.065911054611206 2.059088945388794
vt 0.1292913556098938 2.059088945388794
vt 0.1292913556098938 1.0027508803177625
vt 2.816901445388794 0.12246918678283691
vt 0.8802816867828369 0.12246918678283691
vt 0.8802816867828369 -1.8141505718231201
vt 2.816901445388794 -1.8141505718231201
vt -1.0838468074798584 2.059088945388794
vt -3.0204665660858154 2.059088945388794
vt -3.0204665660858154 1.0027508803177625
vt -1.0838468074798584 1.0027508803177625
vt -2.81415057182312 1.0027508803177625
vt -2.81415057182312 2.059088945388794
vt 0.8830322027206421 2.059088945388794
vt 0.8830322027206421 1.0027508803177625
vt -0.8802816867828369 -1.7261223793029785
vt -0.8802816867828369 1.9710603952407837
vt -0.9683098793029785 1.9710607528686523
vt -0.9683098793029785 -1.7261223793029785
vt -0.8802816867828369 1.9710603952407837
vt -0.8802816867828369 -1.7261223793029785
vt -0.9683098793029785 -1.7261223793029785
vt -0.9683098793029785 1.9710607528686523
vt -0.8802816867828369 2.059088945388794
vt -0.9683098793029785 2.059088945388794
vt -0.9683098793029785 1.0027508803177625
vt -0.8802816867828369 1.0027508803177625
vt -0.9683098793029785 2.059088945388794
vt -0.8802816867828369 2.059088945388794
vt -0.8802816867828369 1.0027508803177625
vt -0.9683098793029785 1.0027508803177625
vt 0.8802816867828369 -1.8141505718231201
vt 0.26408451795578003 -1.8141505718231201
vt 0.26408451795578003 -1.7261223793029785
vt 0.8802816867828369 -1.7261223793029785
vt -2.7288732528686523 1.0027508803177625
vt -2.7288732528686523 2.059088945388794
vt -2.816901445388794 2.059088945388794
vt -2.816901445388794 1.0027508803177625
vt -2.816901445388794 1.0027508803177625
vt -2.816901445388794 2.059088945388794
vt -2.7288732528686523 2.059088945388794
vt -2.7288732528686523 1.0027508803177625
vt 0.8802816867828369 -1.7261223793029785
vt 0.26408451795578003 -1.7261223793029785
vt 0.26408451795578003 -1.8141505718231201
vt 0.8802816867828369 -1.8141505718231201
vt 0.8197623491287231 1.0027508803177625
vt 0.8197623491287231 2.059088945388794
vt 0.20356515049934387 2.059088945388794
vt 0.20356515049934387 1.0027508803177625
vt 2.913182258605957 2.059088945388794
vt 2.913182258605957 1.0027508803177625
vt 1.0645906925201416 1.0027508803177625
vt 1.0645906925201416 2.059088945388794
vt 0.8802816867828369 1.795004427433014
vt 2.7288732528686523 1.795004427433014
vt 2.7288732528686523 2.323173403739929
vt 0.8802816867828369 2.323173403739929
vt 2.7288732528686523 2.323173403739929
vt 2.7288732528686523 1.795004427433014
vt 0.8802816867828369 1.795004427433014
vt 0.8802816867828369 2.323173403739929
vt 1.3204225301742554 1.0027508803177625
vt 1.3204225301742554 2.059088945388794
vt 0.7922535538673401 2.059088945388794
vt 0.7922535538673401 1.0027508803177625
vt 2.816901445388794 2.411201596260071
vt 2.7288732528686523 2.411201596260071
vt 2.7288732528686523 1.2668353915214539
vt 2.816901445388794 1.2668353915214539
vt 0.26408451795578003 1.0027508803177625
vt 1.408450722694397 1.0027508803177625
vt 1.408450722694397 1.8830325603485107
vt 0.26408451795578003 1.8830325603485107
vt 2.7288732528686523 1.2668353915214539
vt 2.7288732528686523 2.411201596260071
vt 2.816901445388794 2.411201596260071
vt 2.816901445388794 1.2668353915214539
vt 2.7288732528686523 1.0027508803177625
vt 2.7288732528686523 1.8830325603485107
vt 2.816901445388794 1.8830325603485107
vt 2.816901445388794 1.0027508803177625
vt 2.816901445388794 0.7386663556098938
vt 2.7288732528686523 0.7386663556098938
vt 2.7288732528686523 2.411201596260071
vt 2.816901445388794 2.411201596260071
vt 2.816901445388794 1.8830325603485107
vt 2.7288732528686523 1.8830325603485107
vt 2.7288732528686523 2.059088945388794
vt 2.816901445388794 2.059088945388794
vt 1.408450722694397 2.059088945388794
vt -0.26408451795578003 2.059088945388794
vt -0.26408451795578003 1.8830325603485107
vt 1.408450722694397 1.8830325603485107
vt 1.4084506034851074 -1.6711046695709229
vt -0.2640846371650696 -1.6711046695709229
vt -0.2640846371650696 -1.7591328620910645
vt 1.4084506034851074 -1.7591328620910645
vt 2.816901445388794 2.059088945388794
vt 2.816901445388794 1.0027508803177625
vt 2.7288732528686523 1.0027508803177625
vt 2.7288732528686523 2.059088945388794
vt 2.816901445388794 1.0027508803177625
vt 2.816901445388794 2.059088945388794
vt 2.7288732528686523 2.059088945388794
vt 2.7288732528686523 1.0027508803177625
vt 2.816901445388794 0.7386663556098938
vt 2.7288732528686523 0.7386663556098938
vt 2.7288732528686523 0.12246918678283691
vt 2.816901445388794 0.12246918678283691
vt 2.7288732528686523 0.7386663556098938
vt 2.816901445388794 0.7386663556098938
vt 2.816901445388794 0.12246918678283691
vt 2.7288732528686523 0.12246918678283691
vt -0.1953125 2.059088945388794
vt -0.8115096688270569 2.059088945388794
vt -0.8115096688270569 1.0027508803177625
vt -0.1953125 1.0027508803177625
vt 4.665493011474609 1.9710607528686523
vt 4.665493011474609 2.059088945388794
vt 4.2253522872924805 2.059088945388794
vt 4.2253522872924805 1.9710607528686523
vt 0.27508801221847534 1.8830325603485107
vt 0.7152288556098938 1.8830325603485107
vt 0.7152288556098938 1.0027508803177625
vt 0.27508801221847534 1.0027508803177625
vt 4.841549396514893 1.0027508803177625
vt 4.753520965576172 1.0027508803177625
vt 4.753520965576172 1.8830325603485107
vt 4.841549396514893 1.8830325603485107
vt 0.4401407241821289 1.0027508803177625
vt 0.8802815675735474 1.0027508803177625
vt 0.8802815675735474 1.8830325603485107
vt 0.4401407241821289 1.8830325603485107
vt 4.2253522872924805 2.059088945388794
vt 4.665493011474609 2.059088945388794
vt 4.665493011474609 1.9710607528686523
vt 4.2253522872924805 1.9710607528686523
vt 4.841549396514893 1.0027508803177625
vt 4.841549396514893 1.8830325603485107
vt 4.753520965576172 1.8830325603485107
vt 4.753520965576172 1.0027508803177625
vt 3.697183132171631 1.9710608124732971
vt 3.697183132171631 2.059088945388794
vt 4.665493011474609 2.059088945388794
vt 4.665493011474609 1.9710607528686523
vt 0.7152288556098938 1.8830325603485107
vt -0.25308099389076233 1.8830325603485107
vt -0.25308099389076233 2.059088945388794
vt 0.7152288556098938 2.059088945388794
vt 4.75352144241333 1.8830325603485107
vt 4.841549396514893 1.8830325603485107
vt 4.841549396514893 2.059088945388794
vt 4.75352144241333 2.059088945388794
vt 4.753520965576172 2.059088945388794
vt 4.841549396514893 2.059088945388794
vt 4.841549396514893 1.8830325603485107
vt 4.753520965576172 1.8830325603485107
vt 0.8802816271781921 2.059088945388794
vt -0.0880281999707222 2.059088945388794
vt -0.0880281999707222 1.8830325603485107
vt 0.8802816271781921 1.8830325603485107
vt 0.8802816867828369 1.990316927433014
vt -0.08802817016839981 1.990316927433014
vt -0.08802817016839981 1.902288794517517
vt 0.8802816867828369 1.9022887349128723
vt 4.753520965576172 2.059088945388794
vt 4.753520965576172 1.0027508803177625
vt 4.841549396514893 1.0027508803177625
vt 4.841549396514893 2.059088945388794
vt 4.753520965576172 1.0027508803177625
vt 4.753520965576172 2.059088945388794
vt 4.841549396514893 2.059088945388794
vt 4.841549396514893 1.0027508803177625
vt 3.697183132171631 1.9710606336593628
vt 3.697183132171631 2.0590888261795044
vt 2.816901445388794 2.0590888261795044
vt 2.816901445388794 1.9710606336593628
vt 3.697183132171631 2.0590888261795044
vt 3.697183132171631 1.9710606336593628
vt 2.816901445388794 1.9710606336593628
vt 2.816901445388794 2.0590888261795044
vt -0.08802822232246399 2.059088945388794
vt -0.9683099389076233 2.059088945388794
vt -0.9683099389076233 1.0027508803177625
vt -0.08802822232246399 1.0027508803177625
vt -1.1333626508712769 2.059088945388794
vt -0.25308099389076233 2.059088945388794
vt -0.25308099389076233 1.0027508803177625
vt -1.1333626508712769 1.0027508803177625
vt 1.5 1.748046875
vt -1.1875 1.748046875
vt -1.1875 -1.001953125
vt 1.5 -1.001953125
vt 4.0 2.5
vt 4.0 2.75
vt -1.375 2.75
vt -1.375 2.5
vt 7.0 2.75
vt 7.0 2.625
vt 5.553571701049805 2.625
vt 5.553571701049805 2.75
vt 0.6250001788139343 8.0
vt 0.6250001788139343 6.553571701049805
vt -1.875 6.553571701049805
vt -1.875 8.0
vt -1.875 2.75
vt 0.6250001788139343 2.75
vt 0.6250001788139343 2.625
vt -1.875 2.625
vt 0.6250001788139343 2.75
vt -1.875 2.75
vt -1.875 2.625
vt 0.6250001788139343 2.625
vt 2.0 4.25
vt 2.0 2.5
vt 4.75 4.25
vt 4.75 4.25
vt 2.0 2.5
vt 2.0 4.25
vt 0.6249998807907104 2.5
vt -0.6250001192092896 2.5
vt -0.6250001192092896 4.25
vt 0.6249998807907104 4.25
vt 0.6250001192092896 5.75
vt -0.6249998807907104 5.75
vt -0.6250001192092896 3.0
vt 0.6249998807907104 3.0
vt -0.8750002384185791 2.75
vt -0.8750002384185791 2.875
vt -0.6249998807907104 2.875
vt -0.6249998807907104 2.75
vt -0.8750002384185791 8.0
vt -0.6249998807907104 8.0
vt -0.6249998807907104 6.75
vt -0.8750002384185791 6.75
vt 5.75 2.875
vt 7.0 2.875
vt 7.0 2.75
vt 5.75 2.75
vt -1.125000238418579 2.875
vt -1.125000238418579 3.0
vt -0.8214280605316162 3.0
vt -0.8214280605316162 2.875
vt -1.125000238418579 8.0
vt -0.8214280605316162 8.0
vt -0.8214280605316162 6.75
vt -1.125000238418579 6.75
vt 5.75 3.0
vt 7.0 3.0
vt 7.0 2.875
vt 5.75 2.875
vt -1.250000238418579 3.0
vt -1.250000238418579 3.125
vt -1.0178568363189697 3.125
vt -1.0178568363189697 3.0
vt -1.250000238418579 8.0
vt -1.0178568363189697 8.0
vt -1.0178568363189697 6.75
vt -1.250000238418579 6.75
vt 5.75 3.125
vt 7.0 3.125
vt 7.0 3.0
vt 5.75 3.0
vt -1.5 3.125
vt -1.5 3.25
vt -1.2142853736877441 3.25
vt -1.2142853736877441 3.125
vt -1.5 8.0
vt -1.2142853736877441 8.0
vt -1.2142853736877441 6.75
vt -1.5 6.75
vt 5.75 3.25
vt 7.0 3.25
vt 7.0 3.125
vt 5.75 3.125
vt -1.6250001192092896 3.25
vt -1.6250001192092896 3.375
vt -1.4107142686843872 3.375
vt -1.4107142686843872 3.25
vt -1.6250001192092896 8.0
vt -1.4107142686843872 8.0
vt -1.4107142686843872 6.75
vt -1.6250001192092896 6.75
vt 5.75 3.375
vt 7.0 3.375
vt 7.0 3.25
vt 5.75 3.25
vt -1.875 3.375
vt -1.875 3.5
vt -1.6071419715881348 3.5
vt -1.6071419715881348 3.375
vt -1.875 8.0
vt -1.6071419715881348 8.0
vt -1.6071419715881348 6.75
vt -1.875 6.75
vt 5.75 3.5
vt 7.0 3.5
vt 7.0 3.375
vt 5.75 3.375
vt -2.0 3.5
vt -2.0 3.625
vt -1.8035717010498047 3.625
vt -1.8035717010498047 3.5
vt -2.0 8.0
vt -1.8035717010498047 8.0
vt -1.8035717010498047 6.75
vt -2.0 6.75
vt 5.75 3.625
vt 7.0 3.625
vt 7.0 3.5
vt 5.75 3.5
vt -8.75 10.125
vt -4.5 10.125
vt -4.5 3.25
vt -8.75 3.25
vt -5.0 8.125
vt -8.875 8.125
vt -8.875 1.0
vt -5.0 1.0
vt -0.75 10.25
vt -4.875 10.25
vt -4.875 3.125
vt -0.75 3.125
vt 0.6250001192092896 8.0
vt -0.6250001192092896 8.0
vt -0.6250001192092896 5.75
vt 0.6250001192092896 5.75
vt 7.0 5.5
vt 4.75 5.5
vt 4.75 4.25
vt 7.0 4.25
vt 0.6250001192092896 6.0
vt 0.6250001192092896 4.25
vt -2.125 6.0
vt -2.125 8.0
vt -2.125 6.75
vt 0.6250001192092896 6.75
vt 0.6250001192092896 8.0
vt -3.0 -2.50390625
vt -3.0 -2.5
vt -6.875 -2.5
vt -6.875 -2.50390625
vt -3.0 8.75
vt -6.875 8.75
vt -6.875 3.25
vt -3.0 3.25
vt -6.875 8.75
vt -3.0 8.75
vt -3.0 3.25
vt -6.875 3.25
vt 7.75 -2.5
vt 2.25 -2.5
vt 2.25 -2.50390625
vt 7.75 -2.50390625
vt -0.8750002384185791 2.75
vt -0.8750002384185791 2.875
vt -0.625 2.875
vt -0.625 2.75
vt -0.8750002384185791 8.0
vt -0.625 8.0
vt -0.625 6.75
vt -0.8750002384185791 6.75
vt 5.75 2.875
vt 7.0 2.875
vt 7.0 2.75
vt 5.75 2.75
vt -1.125000238418579 2.875
vt -1.125000238418579 3.0
vt -0.8214280605316162 3.0
vt -0.8214280605316162 2.875
vt -1.125000238418579 8.0
vt -0.8214280605316162 8.0
vt -0.8214280605316162 6.75
vt -1.125000238418579 6.75
vt 5.75 3.0
vt 7.0 3.0
vt 7.0 2.875
vt 5.75 2.875
vt -1.250000238418579 3.0
vt -1.250000238418579 3.125
vt -1.0178568363189697 3.125
vt -1.0178568363189697 3.0
vt -1.250000238418579 8.0
vt -1.0178568363189697 8.0
vt -1.0178568363189697 6.75
vt -1.250000238418579 6.75
vt 5.75 3.125
vt 7.0 3.125
vt 7.0 3.0
vt 5.75 3.0
vt -1.5 3.125
vt -1.5 3.25
vt -1.2142853736877441 3.25
vt -1.2142853736877441 3.125
vt -1.5 8.0
vt -1.2142853736877441 8.0
vt -1.2142853736877441 6.75
vt -1.5 6.75
vt 5.75 3.25
vt 7.0 3.25
vt 7.0 3.125
vt 5.75 3.125
vt -1.625 3.25
vt -1.625 3.375
vt -1.4107141494750977 3.375
vt -1.4107141494750977 3.25
vt -1.625 8.0
vt -1.4107141494750977 8.0
vt -1.4107141494750977 6.75
vt -1.625 6.75
vt 5.75 3.375
vt 7.0 3.375
vt 7.0 3.25
vt 5.75 3.25
vt -1.875000238418579 3.375
vt -1.875000238418579 3.5
vt -1.6071417331695557 3.5
vt -1.6071417331695557 3.375
vt -1.875000238418579 8.0
vt -1.6071417331695557 8.0
vt -1.6071417331695557 6.75
vt -1.875000238418579 6.75
vt 5.75 3.5
vt 7.0 3.5
vt 7.0 3.375
vt 5.75 3.375
vt -2.0 3.5
vt -2.0 3.625
vt -1.8035717010498047 3.625
vt -1.8035717010498047 3.5
vt -2.0 8.0
vt -1.8035717010498047 8.0
vt -1.8035717010498047 6.75
vt -2.0 6.75
vt 5.75 3.625
vt 7.0 3.625
vt 7.0 3.5
vt 5.75 3.5
vt -1.1250004768371582 2.875
vt -1.1250004768371582 3.0
vt -0.8214282989501953 3.0
vt -0.8214282989501953 2.875
vt -1.125 8.000000476837158
vt -0.8214278221130371 8.000000476837158
vt -0.8214282989501953 6.750000476837158
vt -1.1250004768371582 6.750000476837158
vt 5.750000476837158 3.0
vt 7.000000476837158 3.0
vt 7.000000476837158 2.875
vt 5.750000476837158 2.875
vt -1.250000238418579 3.0
vt -1.250000238418579 3.125
vt -1.0178568363189697 3.125
vt -1.0178568363189697 3.0
vt -1.250000238418579 8.0
vt -1.0178568363189697 8.0
vt -1.0178568363189697 6.75
vt -1.250000238418579 6.75
vt 5.749999523162842 3.125
vt 6.999999523162842 3.125
vt 6.999999523162842 3.0
vt 5.749999523162842 3.0
vt -1.5 3.125
vt -1.5 3.25
vt -1.2142856121063232 3.25
vt -1.2142856121063232 3.125
vt -1.5 8.0
vt -1.214285135269165 8.0
vt -1.2142856121063232 6.75
vt -1.5 6.75
vt 5.75 3.25
vt 7.0 3.25
vt 7.0 3.125
vt 5.75 3.125
vt -1.625 3.25
vt -1.625 3.375
vt -1.4107141494750977 3.375
vt -1.4107141494750977 3.25
vt -1.625 7.999999523162842
vt -1.4107141494750977 7.999999523162842
vt -1.4107141494750977 6.749999523162842
vt -1.625 6.749999523162842
vt 5.75 3.375
vt 7.0 3.375
vt 7.0 3.25
vt 5.75 3.25
vt 6.250000953674316 3.375
vt 6.250000953674316 3.5
vt 5.982142448425293 3.5
vt 5.982142448425293 3.375
vt 2.812500476837158 11.4375
vt 2.812500476837158 11.169641494750977
vt 1.5625004768371582 11.169642448425293
vt 1.5625004768371582 11.4375
vt 5.75 3.5
vt 7.0 3.5
vt 7.0 3.375
vt 5.75 3.375
vt -2.0 3.5
vt -2.0 3.625
vt -1.8035717010498047 3.625
vt -1.8035717010498047 3.5
vt -2.0 8.0
vt -1.8035717010498047 8.0
vt -1.8035717010498047 6.75
vt -2.0 6.75
vt 5.75 3.625
vt 7.0 3.625
vt 7.0 3.5
vt 5.75 3.5
vt -0.875 2.75
vt -0.875 2.875
vt -0.625 2.875
vt -0.625 2.75
vt -0.875 7.999999523162842
vt -0.625 7.999999523162842
vt -0.625 6.749999523162842
vt -0.875 6.749999523162842
vt 5.75 2.875
vt 7.0 2.875
vt 7.0 2.75
vt 5.75 2.75
vt -1.1250004768371582 2.875
vt -1.1250004768371582 3.0
vt -0.8214282989501953 3.0
vt -0.8214282989501953 2.875
vt -1.125 8.0
vt -0.8214278221130371 8.0
vt -0.8214282989501953 6.75
vt -1.1250004768371582 6.75
vt 5.75 3.0
vt 7.0 3.0
vt 7.0 2.875
vt 5.75 2.875
vt -1.2500004768371582 3.0
vt -1.2500004768371582 3.125
vt -1.0178570747375488 3.125
vt -1.0178570747375488 3.0
vt -1.2500004768371582 7.999999523162842
vt -1.0178570747375488 7.999999523162842
vt -1.0178570747375488 6.749999523162842
vt -1.2500004768371582 6.749999523162842
vt 5.75 3.125
vt 7.0 3.125
vt 7.0 3.0
vt 5.75 3.0
vt -1.5 3.125
vt -1.5 3.25
vt -1.2142853736877441 3.25
vt -1.2142853736877441 3.125
vt -1.4999995231628418 7.999999523162842
vt -1.214284896850586 7.999999523162842
vt -1.2142853736877441 6.749999523162842
vt -1.5 6.749999523162842
vt 5.75 3.25
vt 7.0 3.25
vt 7.0 3.125
vt 5.75 3.125
vt -1.625 3.25
vt -1.625 3.375
vt -1.4107141494750977 3.375
vt -1.4107141494750977 3.25
vt -1.625 8.0
vt -1.4107141494750977 8.0
vt -1.4107141494750977 6.75
vt -1.625 6.75
vt 5.750000476837158 3.375
vt 7.000000476837158 3.375
vt 7.000000476837158 3.25
vt 5.750000476837158 3.25
vt -1.875000238418579 3.375
vt -1.875000238418579 3.5
vt -1.6071417331695557 3.5
vt -1.6071417331695557 3.375
vt -1.875000238418579 8.0
vt -1.6071417331695557 8.0
vt -1.6071417331695557 6.75
vt -1.875000238418579 6.75
vt 5.75 3.5
vt 7.0 3.5
vt 7.0 3.375
vt 5.75 3.375
vt -2.0 3.5
vt -2.0 3.625
vt -1.8035717010498047 3.625
vt -1.8035717010498047 3.5
vt -2.0 8.0
vt -1.8035717010498047 8.0
vt -1.8035717010498047 6.75
vt -2.0 6.75
vt 5.75 3.625
vt 7.0 3.625
vt 7.0 3.5
vt 5.75 3.5
vt 0.6250001192092896 2.75
vt 0.6250001192092896 2.5
vt -0.6250001192092896 2.5
vt -0.6250001192092896 2.75
vt 0.6250001192092896 2.5
vt 0.6250001192092896 2.75
vt -0.6250001192092896 2.75
vt -0.6250001192092896 2.5
vt 0.6250001192092896 3.0
vt -0.6250001192092896 3.0
vt -0.6250001192092896 2.5
vt 0.6250001192092896 2.5
vt -0.6250001192092896 3.0
vt 0.6250001192092896 3.0
vt 0.6250001192092896 2.5
vt -0.6250001192092896 2.5
vt 2.0 2.75
vt 1.5 2.75
vt 1.5 2.5
vt 2.0 2.5
vt 1.5 2.75
vt 2.0 2.75
vt 2.0 2.5
vt 1.5 2.5
vt -3.4022393226623535 4.09298849105835
vt -3.4237725734710693 4.09298849105835
vt -3.4237725734710693 4.865935325622559
vt -3.4022393226623535 4.865935325622559
vt -3.4237725734710693 4.09298849105835
vt -3.4022393226623535 4.09298849105835
vt -3.4022393226623535 4.865935325622559
vt -3.4237725734710693 4.865935325622559
vt 0.021533161401748657 2.7874398231506348
vt 1.0551248788833618 2.7874398231506348
vt 1.0551248788833618 3.826087236404419
vt 0.021533161401748657 3.826087236404419
vt 1.0120586156845093 1.998389720916748
vt -0.021533161401748657 1.998389720916748
vt -0.021533161401748657 3.0370371341705322
vt 1.0120586156845093 3.0370371341705322
vt -3.4022393226623535 4.47829532623291
vt -3.4022393226623535 5.516942501068115
vt -3.4237725734710693 5.516942501068115
vt -3.4237725734710693 4.47829532623291
vt -3.4022393226623535 5.516942501068115
vt -3.4022393226623535 4.47829532623291
vt -3.4237725734710693 4.47829532623291
vt -3.4237725734710693 5.516942501068115
vt 6.901378154754639 6.690431594848633
vt 6.901378154754639 6.706534385681152
vt 7.934969902038574 6.706534385681152
vt 7.934969902038574 6.690431594848633
vt 6.901378154754639 6.706534385681152
vt 6.901378154754639 6.690431594848633
vt 7.934969902038574 6.690431594848633
vt 7.934969902038574 6.706534385681152
vt 6.901378154754639 2.787439703941345
vt 7.934969902038574 2.787439703941345
vt 7.934969902038574 3.82608699798584
vt 6.901378154754639 3.82608699798584
vt 8.021102905273438 1.9742351770401
vt 6.987511157989502 1.9742351770401
vt 6.987511157989502 3.0128824710845947
vt 8.021102905273438 3.0128824710845947
vt 3.445305824279785 4.4702441692352295
vt 3.445305824279785 5.508891582489014
vt 3.466838836669922 5.508891582489014
vt 3.466838836669922 4.4702441692352295
vt 3.445305824279785 5.508891582489014
vt 3.445305824279785 4.4702441692352295
vt 3.466838836669922 4.4702441692352295
vt 3.466838836669922 5.508891582489014
vt -3.4022393226623535 -1.8329377174377441
vt -3.4237725734710693 -1.8329377174377441
vt -3.4237725734710693 -1.0599908828735352
vt -3.4022393226623535 -1.0599908828735352
vt -3.4237725734710693 -1.8329377174377441
vt -3.4022393226623535 -1.8329377174377441
vt -3.4022393226623535 -1.0599908828735352
vt -3.4237725734710693 -1.0599908828735352
vt -7.902670383453369 2.7874398231506348
vt -6.869078636169434 2.7874398231506348
vt -6.869078636169434 3.826087236404419
vt -7.902670383453369 3.826087236404419
vt -6.99827766418457 1.9742351770401
vt -8.031868934631348 1.9742351770401
vt -8.031868934631348 3.0128824710845947
vt -6.99827766418457 3.0128824710845947
vt -3.4022393226623535 4.47829532623291
vt -3.4022393226623535 5.516942501068115
vt -3.4237725734710693 5.516942501068115
vt -3.4237725734710693 4.47829532623291
vt -3.4022393226623535 5.516942501068115
vt -3.4022393226623535 4.47829532623291
vt -3.4237725734710693 4.47829532623291
vt -3.4237725734710693 5.516942501068115
vt 2.1126761436462402 0.8954663723707199
vt 2.1126761436462402 5.472931385040283
vt 7.922535419464111 5.472931385040283
vt 7.922535419464111 0.8954663723707199
vt 2.1126761436462402 5.472931385040283
vt 2.1126761436462402 0.8954663723707199
vt 7.922533988952637 0.8954663723707199
vt 7.922533988952637 5.472931385040283
vt -1.0563380718231201 8.818000316619873
vt -1.0563380718231201 3.0081427097320557
vt -0.8802816867828369 3.0081427097320557
vt -0.8802816867828369 8.818001747131348
vt -1.0563380718231201 3.0081427097320557
vt -1.0563380718231201 8.818000316619873
vt -0.8802816867828369 8.818001747131348
vt -0.8802816867828369 3.0081427097320557
vt -0.8802816867828369 5.472931385040283
vt -1.0563380718231201 5.472931385040283
vt -1.0563380718231201 0.8954663723707199
vt -0.8802816867828369 0.8954663723707199
vt 2.1126768589019775 5.472931385040283
vt 2.1126768589019775 0.8954665437340736
vt 9.859153747558594 0.8954665437340736
vt 9.859153747558594 5.472931385040283
vt -12.14788818359375 -4.034111499786377
vt -12.14788818359375 -1.9214353561401367
vt -12.323944091796875 -1.9214353561401367
vt -12.323944091796875 -4.034111499786377
vt -12.14788818359375 -1.9214353561401367
vt -12.14788818359375 -4.034111499786377
vt -12.323944091796875 -4.034111499786377
vt -12.323944091796875 -1.9214353561401367
vt -12.323944091796875 4.064480304718018
vt -12.14788818359375 4.064480304718018
vt -12.14788818359375 13.747579574584961
vt -12.323944091796875 13.747579574584961
vt 3.169013738632202 -1.9214353561401367
vt 12.852112770080566 -1.9214353561401367
vt 12.852112770080566 -4.034111499786377
vt 3.169013738632202 -4.034111499786377
vt -12.14788818359375 2.6560299396514893
vt -12.14788818359375 2.4799736738204956
vt -0.8802817463874817 2.4799736738204956
vt -0.8802817463874817 2.6560299396514893
vt -0.8802817463874817 -1.9214353561401367
vt -12.14788818359375 -1.9214353561401367
vt -12.14788818359375 -4.034111499786377
vt -0.8802817463874817 -4.034111499786377
vt -8.609375 -1.75
vt -8.609375 -1.7944860458374023
vt -8.625 -1.7944860458374023
vt -8.625 -1.75
vt -8.609375 -1.7944860458374023
vt -8.609375 -1.75
vt -8.625 -1.75
vt -8.625 -1.7944860458374023
vt -8.609375 10.125
vt -8.625 10.125
vt -8.625 7.0
vt -8.609375 7.0
vt -8.625 10.125
vt -8.609375 10.125
vt -8.609375 7.0
vt -8.625 7.0
vt 6.0 -1.75
vt 9.125 -1.75
vt 9.125 -1.7944860458374023
vt 6.0 -1.7944860458374023
vt -4.5 -1.0
vt -4.5 -2.5
vt -4.875 -2.5
vt -4.875 -1.0
vt -4.5 -2.5
vt -4.5 -1.0
vt -4.875 -1.0
vt -4.875 -2.5
vt -4.5 6.75
vt -4.875 6.75
vt -4.875 6.375
vt -4.5 6.375
vt -4.875 6.75
vt -4.5 6.75
vt -4.5 6.375
vt -4.875 6.375
vt 5.75 -1.0
vt 5.375 -1.0
vt 5.375 -2.5
vt 5.75 -2.5
vt 5.375 -1.0
vt 5.75 -1.0
vt 5.75 -2.5
vt 5.375 -2.5
vt -4.5 -1.0
vt -4.5 -2.5
vt -4.875 -2.5
vt -4.875 -1.0
vt -4.5 -2.5
vt -4.5 -1.0
vt -4.875 -1.0
vt -4.875 -2.5
vt -4.5 4.5
vt -4.875 4.5
vt -4.875 4.125
vt -4.5 4.125
vt -4.875 4.5
vt -4.5 4.5
vt -4.5 4.125
vt -4.875 4.125
vt 3.5 -1.0
vt 3.125 -1.0
vt 3.125 -2.5
vt 3.5 -2.5
vt 3.125 -1.0
vt 3.5 -1.0
vt 3.5 -2.5
vt 3.125 -2.5
vt -4.8125 -1.0
vt -4.8125 -1.03125
vt -4.84375 -1.03125
vt -4.84375 -1.0
vt -4.8125 -1.03125
vt -4.8125 -1.0
vt -4.84375 -1.0
vt -4.84375 -1.03125
vt -4.8125 11.5
vt -4.84375 11.5
vt -4.84375 4.750000476837158
vt -4.8125 4.750000476837158
vt -4.84375 11.5
vt -4.8125 11.5
vt -4.8125 4.750000476837158
vt -4.84375 4.750000476837158
vt 10.5 -1.0
vt 3.750000476837158 -1.0
vt 3.750000476837158 -1.03125
vt 10.5 -1.03125
vt 3.750000476837158 -1.0
vt 10.5 -1.0
vt 10.5 -1.03125
vt 3.750000476837158 -1.03125
vt -0.75 -1.0
vt -0.75 -1.25
vt -0.765625 -1.25
vt -0.765625 -1.0
vt -0.75 -1.25
vt -0.75 -1.0
vt -0.765625 -1.0
vt -0.765625 -1.25
vt -0.75 4.5
vt -0.765625 4.5
vt -0.765625 4.46875
vt -0.75 4.46875
vt -0.765625 4.5
vt -0.75 4.5
vt -0.75 4.46875
vt -0.765625 4.46875
vt 3.5 -1.0
vt 3.46875 -1.0
vt 3.46875 -1.25
vt 3.5 -1.25
vt 3.46875 -1.0
vt 3.5 -1.0
vt 3.5 -1.25
vt 3.46875 -1.25
vt -0.75 -1.0
vt -0.75 -1.25
vt -0.765625 -1.25
vt -0.765625 -1.0
vt -0.75 -1.25
vt -0.75 -1.0
vt -0.765625 -1.0
vt -0.765625 -1.25
vt -0.75 4.5
vt -0.765625 4.5
vt -0.765625 4.46875
vt -0.75 4.46875
vt -0.765625 4.5
vt -0.75 4.5
vt -0.75 4.46875
vt -0.765625 4.46875
vt 3.5 -1.0
vt 3.46875 -1.0
vt 3.46875 -1.25
vt 3.5 -1.25
vt 3.46875 -1.0
vt 3.5 -1.0
vt 3.5 -1.25
vt 3.46875 -1.25
vt -1.125 -1.0
vt -1.125 -2.5
vt -3.0 -2.5
vt -3.0 -1.0
vt -1.125 -2.5
vt -1.125 -1.0
vt -3.0 -1.0
vt -3.0 -2.5
vt -1.125 7.25
vt -3.0 7.25
vt -3.0 7.125
vt -1.125 7.125
vt -3.0 7.25
vt -1.125 7.25
vt -1.125 7.125
vt -3.0 7.125
vt 6.25 -1.0
vt 6.125 -1.0
vt 6.125 -2.5
vt 6.25 -2.5
vt 6.125 -1.0
vt 6.25 -1.0
vt 6.25 -2.5
vt 6.125 -2.5
vt -2.625 -1.25
vt -2.75 -1.25
vt -2.75 -1.0
vt -2.625 -1.0
vt -2.625 -1.0
vt -2.75 -1.0
vt -2.75 -1.25
vt -2.625 -1.25
vt -2.625 7.25
vt -2.625 3.375
vt -2.75 3.375
vt -2.75 7.25
vt 6.25 -1.0
vt 2.375 -1.0
vt 2.375 -1.25
vt 6.25 -1.25
vt 2.375 -1.0
vt 6.25 -1.0
vt 6.25 -1.25
vt 2.375 -1.25
vt -2.75 7.25
vt -2.75 3.375
vt -2.625 3.375
vt -2.625 7.25
vt -2.75 -1.25
vt -2.75 -2.5
vt -2.625 -2.5
vt -2.625 -1.25
vt -2.75 6.375
vt -2.625 6.375
vt -2.625 7.25
vt -2.75 7.25
vt 5.375 -2.5
vt 6.25 -2.5
vt 6.25 -1.25
vt 5.375 -1.25
vt 6.25 -1.25
vt 6.25 -2.5
vt 5.375 -2.5
vt 5.375 -1.25
vt -2.625 6.375
vt -2.75 6.375
vt -2.75 7.25
vt -2.625 7.25
vt -2.75 -2.5
vt -2.75 -1.25
vt -2.625 -1.25
vt -2.625 -2.5
vt -2.625 5.625
vt -2.75 5.625
vt -2.75 5.25
vt -2.625 5.25
vt 4.625 -2.5
vt 4.625 -1.25
vt 4.25 -1.25
vt 4.25 -2.5
vt 4.625 -1.25
vt 4.625 -2.5
vt 4.25 -2.5
vt 4.25 -1.25
vt -2.75 5.625
vt -2.625 5.625
vt -2.625 5.25
vt -2.75 5.25
vt -2.75 -1.25
vt -2.75 -2.5
vt -2.625 -2.5
vt -2.625 -1.25
vt -2.75 -2.5
vt -2.75 -1.25
vt -2.625 -1.25
vt -2.625 -2.5
vt -2.75 5.25
vt -2.75 4.53125
vt -2.625 4.53125
vt -2.625 5.25
vt 4.25 -2.0
vt 3.53125 -2.0
vt 3.53125 -2.5
vt 4.25 -2.5
vt 4.25 -2.5
vt 3.53125 -2.5
vt 3.53125 -2.0
vt 4.25 -2.0
vt -2.625 -2.0
vt -2.625 -2.5
vt -2.75 -2.5
vt -2.75 -2.0
vt -2.625 -2.0
vt -2.75 -2.0
vt -2.75 -2.5
vt -2.625 -2.5
vt -2.75 4.53125
vt -2.75 5.25
vt -2.625 5.25
vt -2.625 4.53125
vt -2.625 -2.5
vt -2.75 -2.5
vt -2.75 -1.25
vt -2.625 -1.25
vt -2.75 3.375
vt -2.625 3.375
vt -2.625 3.75
vt -2.75 3.75
vt 2.375 -1.25
vt 2.375 -2.5
vt 2.75 -2.5
vt 2.75 -1.25
vt 2.375 -2.5
vt 2.375 -1.25
vt 2.75 -1.25
vt 2.75 -2.5
vt -2.625 3.375
vt -2.75 3.375
vt -2.75 3.75
vt -2.625 3.75
vt -2.625 -2.5
vt -2.625 -1.25
vt -2.75 -1.25
vt -2.75 -2.5
vt -2.625 4.53125
vt -2.75 4.53125
vt -2.75 4.46875
vt -2.625 4.46875
vt 3.53125 -2.5
vt 3.53125 -1.25
vt 3.46875 -1.25
vt 3.46875 -2.5
vt 3.53125 -1.25
vt 3.53125 -2.5
vt 3.46875 -2.5
vt 3.46875 -1.25
vt -2.75 4.53125
vt -2.625 4.53125
vt -2.625 4.46875
vt -2.75 4.46875
vt -2.75 -1.25
vt -2.75 -2.5
vt -2.625 -2.5
vt -2.625 -1.25
vt -2.75 -2.5
vt -2.75 -1.25
vt -2.625 -1.25
vt -2.625 -2.5
vt -2.75 4.46875
vt -2.75 3.75
vt -2.625 3.75
vt -2.625 4.46875
vt 3.46875 -2.0
vt 2.75 -2.0
vt 2.75 -2.5
vt 3.46875 -2.5
vt 3.46875 -2.5
vt 2.75 -2.5
vt 2.75 -2.0
vt 3.46875 -2.0
vt -2.625 -2.0
vt -2.625 -2.5
vt -2.75 -2.5
vt -2.75 -2.0
vt -2.625 -2.0
vt -2.75 -2.0
vt -2.75 -2.5
vt -2.625 -2.5
vt -2.75 3.75
vt -2.75 4.46875
vt -2.625 4.46875
vt -2.625 3.75
vt -1.5 -2.5
vt -1.5 -4.0
vt -1.5625 -4.0
vt -1.5625 -2.5
vt -1.5 -4.0
vt -1.5 -2.5
vt -1.5625 -2.5
vt -1.5625 -4.0
vt -1.5 14.75
vt -1.5625 14.75
vt -1.5625 14.625
vt -1.5 14.625
vt -1.5625 14.75
vt -1.5 14.75
vt -1.5 14.625
vt -1.5625 14.625
vt 13.75 -2.5
vt 13.625 -2.5
vt 13.625 -4.0
vt 13.75 -4.0
vt 13.625 -2.5
vt 13.75 -2.5
vt 13.75 -4.0
vt 13.625 -4.0
vt -0.75 -0.75
vt -0.75 -0.8125
vt -0.78125 -0.8125
vt -0.78125 -0.75
vt -0.75 -0.8125
vt -0.75 -0.75
vt -0.78125 -0.75
vt -0.78125 -0.8125
vt -0.75 8.625
vt -0.78125 8.625
vt -0.78125 7.84375
vt -0.75 7.84375
vt -0.78125 8.625
vt -0.75 8.625
vt -0.75 7.84375
vt -0.78125 7.84375
vt 7.625 -0.75
vt 6.84375 -0.75
vt 6.84375 -0.8125
vt 7.625 -0.8125
vt 6.84375 -0.75
vt 7.625 -0.75
vt 7.625 -0.8125
vt 6.84375 -0.8125
vt 1.0563380718231201 10.754621505737305
vt 1.0563380718231201 10.930678367614746
vt -6.514084815979004 10.930678367614746
vt -6.514084815979004 10.754621505737305
vt -6.514084815979004 7.937719821929932
vt 1.0563380718231201 7.937719821929932
vt 1.0563380718231201 3.184199094772339
vt -6.514084815979004 3.184199094772339
vt -0.75 4.5
vt -0.75 6.25
vt -0.875 6.25
vt -0.875 4.5
vt -0.75 6.625
vt -0.875 6.625
vt -0.875 1.25
vt -0.75 1.25
vt 5.625 6.25
vt 0.25 6.25
vt 0.25 4.5
vt 5.625 4.5
vt -0.6249997615814209 6.0
vt -0.6249997615814209 2.625
vt -4.625 2.625
vt -4.625 6.0
vt -0.6249997615814209 2.625
vt -0.6249997615814209 6.0
vt -4.625 6.0
vt -4.625 2.625
vt -0.6249997615814209 6.75
vt -4.625 6.75
vt -4.625 6.625
vt -0.6249997615814209 6.625
vt -4.625 6.75
vt -0.6249997615814209 6.75
vt -0.6249997615814209 6.625
vt -4.625 6.625
vt 5.75 6.0
vt 5.625 6.0
vt 5.625 2.625
vt 5.75 2.625
vt 5.625 6.0
vt 5.75 6.0
vt 5.75 2.625
vt 5.625 2.625
vt 1.056337833404541 10.754621505737305
vt 1.056337833404541 10.930678367614746
vt -4.929577350616455 10.930678367614746
vt -4.929577350616455 10.754621505737305
vt -4.929577350616455 7.937719821929932
vt 1.056337833404541 7.937719821929932
vt 1.056337833404541 5.825043678283691
vt -4.929577350616455 5.825043678283691
vt 0.6400923728942871 -0.0428309440612793
vt 0.640625 -0.046875
vt 0.6400923728942871 -0.0509190559387207
vt 0.6385316848754883 -0.0390625
vt 0.6360483169555664 -0.03582644462585449
vt 0.6328125 -0.03334331512451172
vt 0.6290440559387207 -0.03178238868713379
vt 0.625 -0.03125
vt 0.625 -0.0625
vt 0.6290440559387207 -0.06196761131286621
vt 0.6328125 -0.06040668487548828
vt 0.6360483169555664 -0.05792355537414551
vt 0.6385316848754883 -0.0546875
vt 0.6385316848754883 -0.0546875
vt 0.6400923728942871 -0.0509190559387207
vt 0.640625 -0.046875
vt 0.6360483169555664 -0.05792355537414551
vt 0.6328125 -0.06040668487548828
vt 0.6290440559387207 -0.06196761131286621
vt 0.625 -0.0625
vt 0.625 -0.03125
vt 0.6290440559387207 -0.03178238868713379
vt 0.6328125 -0.03334331512451172
vt 0.6360483169555664 -0.03582644462585449
vt 0.6385316848754883 -0.0390625
vt 0.6400923728942871 -0.0428309440612793
vt -4.3125 -0.0428309440612793
vt -4.3125 -0.046875
vt -0.375 -0.046875
vt -0.375 -0.0428309440612793
vt -4.3125 -0.0390625
vt -4.3125 -0.0428309440612793
vt -0.375 -0.0428309440612793
vt -0.375 -0.0390625
vt -4.3125 -0.03582644462585449
vt -4.3125 -0.0390625
vt -0.375 -0.0390625
vt -0.375 -0.03582644462585449
vt -4.3125 1.6328125
vt -4.3125 1.6360483169555664
vt -0.375 1.6360483169555664
vt -0.375 1.6328125
vt -4.3125 1.6290440559387207
vt -4.3125 1.6328125
vt -0.375 1.6328125
vt -0.375 1.6290440559387207
vt -4.3125 1.625
vt -4.3125 1.6290440559387207
vt -0.375 1.6290440559387207
vt -0.375 1.625
vt -4.3125 1.6290440559387207
vt -4.3125 1.625
vt -0.375 1.625
vt -0.375 1.6290440559387207
vt -4.3125 1.6328125
vt -4.3125 1.6290440559387207
vt -0.375 1.6290440559387207
vt -0.375 1.6328125
vt -4.3125 1.6360483169555664
vt -4.3125 1.6328125
vt -0.375 1.6328125
vt -0.375 1.6360483169555664
vt -4.3125 -0.0546875
vt -4.3125 -0.05792355537414551
vt -0.375 -0.05792355537414551
vt -0.375 -0.0546875
vt -4.3125 -0.0509190559387207
vt -4.3125 -0.0546875
vt -0.375 -0.0546875
vt -0.375 -0.0509190559387207
vt -4.3125 -0.046875
vt -4.3125 -0.0509190559387207
vt -0.375 -0.0509190559387207
vt -0.375 -0.046875
vt -4.3125 -0.0625
vt -4.3125 -0.03125
vt -0.375 -0.03125
vt -0.375 -0.0625
vt 3.234374761581421 -1.1687498092651367
vt 3.234374761581421 -1.0187501907348633
vt 3.140624761581421 -1.0187501907348633
vt 3.140624761581421 -1.1687498092651367
vt 3.234374761581421 -1.0187501907348633
vt 3.234374761581421 -1.1687498092651367
vt 3.140624761581421 -1.1687498092651367
vt 3.140624761581421 -1.0187501907348633
vt -0.7500002384185791 4.234374761581421
vt -0.7500002384185791 4.140624761581421
vt -8.625 4.140624761581421
vt -8.625 4.234374761581421
vt -0.7500002384185791 4.140624761581421
vt -0.7500002384185791 4.234374761581421
vt -8.625 4.234374761581421
vt -8.625 4.140624761581421
vt -0.7500002384185791 -1.1687498092651367
vt -8.625 -1.1687498092651367
vt -8.625 -1.0187501907348633
vt -0.7500002384185791 -1.0187501907348633
vt -8.625 -1.1687498092651367
vt -0.7500002384185791 -1.1687498092651367
vt -0.7500002384185791 -1.0187501907348633
vt -8.625 -1.0187501907348633
vt 3.140625 -1.1687498092651367
vt 3.09375 -1.1687498092651367
vt 3.1028950214385986 -1.1673088073730469
vt 3.1028950214385986 -1.1673088073730469
vt 3.09375 -1.1687498092651367
vt 3.140625 -1.1687498092651367
vt -8.625 4.09375
vt -0.7500002384185791 4.09375
vt -0.7500002384185791 4.140625
vt -8.625 4.140625
vt -8.625 4.102895021438599
vt -0.7500002384185791 4.102895021438599
vt -0.7500002384185791 4.09375
vt -8.625 4.09375
vt 3.140625238418579 -1.1687498092651367
vt 3.1028952598571777 -1.1673088073730469
vt 3.1116886138916016 -1.163041114807129
vt 3.1116883754730225 -1.163041114807129
vt 3.1028950214385986 -1.1673088073730469
vt 3.140625 -1.1687498092651367
vt -8.625 4.1116883754730225
vt -0.7500002384185791 4.111688613891602
vt -0.7500002384185791 4.102895259857178
vt -8.625 4.102895021438599
vt 3.140625238418579 -1.1687498092651367
vt 3.1116886138916016 -1.1630406379699707
vt 3.1197924613952637 -1.1561098098754883
vt 3.1197924613952637 -1.1561098098754883
vt 3.1116883754730225 -1.1630406379699707
vt 3.140625 -1.1687498092651367
vt -8.625 4.119792461395264
vt -0.7500002384185791 4.119792461395264
vt -0.7500002384185791 4.111688613891602
vt -8.625 4.1116883754730225
vt 3.140625238418579 -1.1687498092651367
vt 3.119792938232422 -1.1561107635498047
vt 3.1268961429595947 -1.1467828750610352
vt 3.1268961429595947 -1.1467828750610352
vt 3.1197924613952637 -1.1561107635498047
vt 3.140625238418579 -1.1687498092651367
vt -8.625 -1.1467828750610352
vt -0.7500002384185791 -1.1467828750610352
vt -0.7500002384185791 -1.1561107635498047
vt -8.625 -1.1561107635498047
vt 3.140624761581421 -1.1687498092651367
vt 3.1268956661224365 -1.1467828750610352
vt 3.132725238800049 -1.1354179382324219
vt 3.1327250003814697 -1.1354179382324219
vt 3.1268956661224365 -1.1467828750610352
vt 3.140624761581421 -1.1687498092651367
vt -8.625 -1.1354179382324219
vt -0.7500002384185791 -1.1354179382324219
vt -0.7500002384185791 -1.1467828750610352
vt -8.625 -1.1467828750610352
vt 3.140624761581421 -1.1687498092651367
vt 3.132725238800049 -1.1354179382324219
vt 3.137056827545166 -1.1224517822265625
vt 3.137056350708008 -1.1224517822265625
vt 3.1327250003814697 -1.1354179382324219
vt 3.140624761581421 -1.1687498092651367
vt -8.625 -1.1224517822265625
vt -0.7500002384185791 -1.1224517822265625
vt -0.7500002384185791 -1.1354179382324219
vt -8.625 -1.1354179382324219
vt 3.140624761581421 -1.1687507629394531
vt 3.137056827545166 -1.1224513053894043
vt 3.1397242546081543 -1.1083812713623047
vt 3.139724016189575 -1.1083812713623047
vt 3.137056589126587 -1.1224513053894043
vt 3.140624761581421 -1.1687507629394531
vt -8.625 -1.1083812713623047
vt -0.7500002384185791 -1.1083812713623047
vt -0.7500002384185791 -1.1224513053894043
vt -8.625 -1.1224513053894043
vt 3.140625 -1.1687507629394531
vt 3.1397244930267334 -1.108382225036621
vt 3.140625 -1.09375
vt 3.140625 -1.09375
vt 3.1397242546081543 -1.108382225036621
vt 3.140625 -1.1687507629394531
vt -8.625 -1.09375
vt -0.7500002384185791 -1.09375
vt -0.7500002384185791 -1.108382225036621
vt -8.625 -1.108382225036621
vt -8.625 -1.1687507629394531
vt -0.7500002384185791 -1.1687507629394531
vt -0.7500002384185791 -1.09375
vt -8.625 -1.09375
vt 3.140625 -1.0187492370605469
vt 3.140625 -1.09375
vt 3.1397244930267334 -1.079117774963379
vt 3.1397242546081543 -1.079117774963379
vt 3.140625 -1.09375
vt 3.140625 -1.0187492370605469
vt -8.625 -1.09375
vt -0.7500002384185791 -1.09375
vt -0.7500002384185791 -1.0187492370605469
vt -8.625 -1.0187492370605469
vt -8.625 -1.079117774963379
vt -0.7500002384185791 -1.079117774963379
vt -0.7500002384185791 -1.09375
vt -8.625 -1.09375
vt 3.140624761581421 -1.018749713897705
vt 3.1397242546081543 -1.0791187286376953
vt 3.137056827545166 -1.0650482177734375
vt 3.137056589126587 -1.0650482177734375
vt 3.139724016189575 -1.0791187286376953
vt 3.140624761581421 -1.018749713897705
vt -8.625 -1.0650482177734375
vt -0.7500002384185791 -1.0650482177734375
vt -0.7500002384185791 -1.0791187286376953
vt -8.625 -1.0791187286376953
vt 3.140624761581421 -1.0187492370605469
vt 3.137056827545166 -1.0650482177734375
vt 3.132725238800049 -1.0520820617675781
vt 3.1327250003814697 -1.0520820617675781
vt 3.137056350708008 -1.0650482177734375
vt 3.140624761581421 -1.0187492370605469
vt -8.625 -1.0520820617675781
vt -0.7500002384185791 -1.0520820617675781
vt -0.7500002384185791 -1.0650482177734375
vt -8.625 -1.0650482177734375
vt 3.140624761581421 -1.0187492370605469
vt 3.132725238800049 -1.0520820617675781
vt 3.1268956661224365 -1.0407161712646484
vt 3.1268956661224365 -1.0407161712646484
vt 3.1327250003814697 -1.0520820617675781
vt 3.140624761581421 -1.0187492370605469
vt -8.625 -1.0407161712646484
vt -0.7500002384185791 -1.0407161712646484
vt -0.7500002384185791 -1.0520820617675781
vt -8.625 -1.0520820617675781
vt 3.140625238418579 -1.0187501907348633
vt 3.1268961429595947 -1.0407171249389648
vt 3.119792938232422 -1.0313892364501953
vt 3.1197924613952637 -1.0313892364501953
vt 3.1268961429595947 -1.0407171249389648
vt 3.140625238418579 -1.0187501907348633
vt -8.625 -1.0313892364501953
vt -0.7500002384185791 -1.0313892364501953
vt -0.7500002384185791 -1.0407171249389648
vt -8.625 -1.0407171249389648
vt 3.140625238418579 -1.018749713897705
vt 3.1197924613952637 -1.0313897132873535
vt 3.1116886138916016 -1.024458885192871
vt 3.1116883754730225 -1.024458885192871
vt 3.1197924613952637 -1.0313897132873535
vt 3.140625 -1.018749713897705
vt -8.625 4.1116883754730225
vt -0.7500002384185791 4.111688613891602
vt -0.7500002384185791 4.119792461395264
vt -8.625 4.119792461395264
vt 3.140625238418579 -1.0187501907348633
vt 3.1116886138916016 -1.024458885192871
vt 3.1028952598571777 -1.0201911926269531
vt 3.1028950214385986 -1.0201911926269531
vt 3.1116883754730225 -1.024458885192871
vt 3.140625 -1.0187501907348633
vt -8.625 4.102895021438599
vt -0.7500002384185791 4.102895259857178
vt -0.7500002384185791 4.111688613891602
vt -8.625 4.1116883754730225
vt 3.140625 -1.0187501907348633
vt 3.1028950214385986 -1.0201902389526367
vt 3.09375 -1.0187501907348633
vt 3.09375 -1.0187501907348633
vt 3.1028950214385986 -1.0201902389526367
vt 3.140625 -1.0187501907348633
vt -8.625 4.09375
vt -0.7500002384185791 4.09375
vt -0.7500002384185791 4.102895021438599
vt -8.625 4.102895021438599
vt -8.625 4.140625
vt -0.7500002384185791 4.140625
vt -0.7500002384185791 4.09375
vt -8.625 4.09375
vt 3.281249523162842 -1.1875
vt 3.281249523162842 -1.1687507629394531
vt 3.09375 -1.1687507629394531
vt 3.09375 -1.1875
vt 3.281249523162842 -1.1687507629394531
vt 3.281249523162842 -1.1875
vt 3.09375 -1.1875
vt 3.09375 -1.1687507629394531
vt -0.7500002384185791 4.281249523162842
vt -0.7500002384185791 4.09375
vt -8.625 4.09375
vt -8.625 4.281249523162842
vt -0.7500002384185791 4.09375
vt -0.7500002384185791 4.281249523162842
vt -8.625 4.281249523162842
vt -8.625 4.09375
vt -0.7500002384185791 -1.1875
vt -8.625 -1.1875
vt -8.625 -1.1687507629394531
vt -0.7500002384185791 -1.1687507629394531
vt -8.625 -1.1875
vt -0.7500002384185791 -1.1875
vt -0.7500002384185791 -1.1687507629394531
vt -8.625 -1.1687507629394531
vt 3.281249523162842 -1.0187492370605469
vt 3.281249523162842 -1.0
vt 3.09375 -1.0
vt 3.09375 -1.0187492370605469
vt 3.281249523162842 -1.0
vt 3.281249523162842 -1.0187492370605469
vt 3.09375 -1.0187492370605469
vt 3.09375 -1.0
vt -0.7500002384185791 4.281249523162842
vt -0.7500002384185791 4.09375
vt -8.625 4.09375
vt -8.625 4.281249523162842
vt -0.7500002384185791 4.09375
vt -0.7500002384185791 4.281249523162842
vt -8.625 4.281249523162842
vt -8.625 4.09375
vt -0.7500002384185791 -1.0187492370605469
vt -8.625 -1.0187492370605469
vt -8.625 -1.0
vt -0.7500002384185791 -1.0
vt -8.625 -1.0187492370605469
vt -0.7500002384185791 -1.0187492370605469
vt -0.7500002384185791 -1.0
vt -8.625 -1.0
vt 3.234375 -1.0187501907348633
vt 3.28125 -1.0187501907348633
vt 3.2721052169799805 -1.0201911926269531
vt 3.2721052169799805 -1.0201911926269531
vt 3.28125 -1.0187501907348633
vt 3.234375 -1.0187501907348633
vt -8.625 4.28125
vt -0.7500002384185791 4.28125
vt -0.7500002384185791 4.234375
vt -8.625 4.234375
vt -8.625 4.2721052169799805
vt -0.7500002384185791 4.2721052169799805
vt -0.7500002384185791 4.28125
vt -8.625 4.28125
vt 3.234374761581421 -1.0187501907348633
vt 3.2721049785614014 -1.0201911926269531
vt 3.2633111476898193 -1.024458885192871
vt 3.2633116245269775 -1.024458885192871
vt 3.2721049785614014 -1.0201911926269531
vt 3.234375 -1.0187501907348633
vt -8.625 4.2633116245269775
vt -0.7500002384185791 4.263311147689819
vt -0.7500002384185791 4.272104978561401
vt -8.625 4.272104978561401
vt 3.234374761581421 -1.0187501907348633
vt 3.2633113861083984 -1.024458885192871
vt 3.2552075386047363 -1.0313901901245117
vt 3.2552075386047363 -1.0313901901245117
vt 3.2633113861083984 -1.024458885192871
vt 3.234375 -1.0187501907348633
vt -8.625 4.255207538604736
vt -0.7500002384185791 4.255207538604736
vt -0.7500002384185791 4.263311386108398
vt -8.625 4.263311386108398
vt 3.234375476837158 -1.0187501907348633
vt 3.2552080154418945 -1.0313892364501953
vt 3.2481048107147217 -1.0407171249389648
vt 3.2481048107147217 -1.0407171249389648
vt 3.2552080154418945 -1.0313892364501953
vt 3.234375476837158 -1.0187501907348633
vt -8.625 -1.0407171249389648
vt -0.7500002384185791 -1.0407171249389648
vt -0.7500002384185791 -1.0313892364501953
vt -8.625 -1.0313892364501953
vt 3.234375238418579 -1.0187492370605469
vt 3.2481043338775635 -1.0407161712646484
vt 3.242274761199951 -1.0520820617675781
vt 3.2422749996185303 -1.0520820617675781
vt 3.2481043338775635 -1.0407161712646484
vt 3.234375238418579 -1.0187492370605469
vt -8.625 -1.0520820617675781
vt -0.7500002384185791 -1.0520820617675781
vt -0.7500002384185791 -1.0407161712646484
vt -8.625 -1.0407161712646484
vt 3.234375238418579 -1.0187492370605469
vt 3.242274761199951 -1.0520820617675781
vt 3.237943172454834 -1.0650482177734375
vt 3.237943649291992 -1.0650482177734375
vt 3.2422749996185303 -1.0520820617675781
vt 3.234375238418579 -1.0187492370605469
vt -8.625 -1.0650482177734375
vt -0.7500002384185791 -1.0650482177734375
vt -0.7500002384185791 -1.0520820617675781
vt -8.625 -1.0520820617675781
vt 3.234375238418579 -1.018749713897705
vt 3.237943172454834 -1.065049171447754
vt 3.2352757453918457 -1.0791187286376953
vt 3.235275983810425 -1.0791187286376953
vt 3.237943410873413 -1.065049171447754
vt 3.234375238418579 -1.018749713897705
vt -8.625 -1.0791187286376953
vt -0.7500002384185791 -1.0791187286376953
vt -0.7500002384185791 -1.065049171447754
vt -8.625 -1.065049171447754
vt 3.234375238418579 -1.0187492370605469
vt 3.2352755069732666 -1.079117774963379
vt 3.234375238418579 -1.09375
vt 3.234375238418579 -1.09375
vt 3.235275983810425 -1.079117774963379
vt 3.234375238418579 -1.0187492370605469
vt -8.625 -1.09375
vt -0.7500002384185791 -1.09375
vt -0.7500002384185791 -1.079117774963379
vt -8.625 -1.079117774963379
vt -8.625 -1.0187492370605469
vt -0.7500002384185791 -1.0187492370605469
vt -0.7500002384185791 -1.09375
vt -8.625 -1.09375
vt 3.234375238418579 -1.1687507629394531
vt 3.234375238418579 -1.09375
vt 3.2352755069732666 -1.108382225036621
vt 3.235275983810425 -1.108382225036621
vt 3.234375238418579 -1.09375
vt 3.234375238418579 -1.1687507629394531
vt -8.625 -1.09375
vt -0.7500002384185791 -1.09375
vt -0.7500002384185791 -1.1687507629394531
vt -8.625 -1.1687507629394531
vt -8.625 -1.108382225036621
vt -0.7500002384185791 -1.108382225036621
vt -0.7500002384185791 -1.09375
vt -8.625 -1.09375
vt 3.234375238418579 -1.1687498092651367
vt 3.2352757453918457 -1.1083812713623047
vt 3.237943172454834 -1.122450828552246
vt 3.237943410873413 -1.122450828552246
vt 3.235275983810425 -1.1083812713623047
vt 3.234375238418579 -1.1687498092651367
vt -8.625 -1.122450828552246
vt -0.7500002384185791 -1.122450828552246
vt -0.7500002384185791 -1.1083812713623047
vt -8.625 -1.1083812713623047
vt 3.234375238418579 -1.1687507629394531
vt 3.237943172454834 -1.1224517822265625
vt 3.242274761199951 -1.1354179382324219
vt 3.2422749996185303 -1.1354179382324219
vt 3.237943649291992 -1.1224517822265625
vt 3.234375238418579 -1.1687507629394531
vt -8.625 -1.1354179382324219
vt -0.7500002384185791 -1.1354179382324219
vt -0.7500002384185791 -1.1224517822265625
vt -8.625 -1.1224517822265625
vt 3.234375238418579 -1.1687507629394531
vt 3.242274761199951 -1.1354179382324219
vt 3.2481043338775635 -1.1467838287353516
vt 3.2481043338775635 -1.1467838287353516
vt 3.2422749996185303 -1.1354179382324219
vt 3.234375238418579 -1.1687507629394531
vt -8.625 -1.1467838287353516
vt -0.7500002384185791 -1.1467838287353516
vt -0.7500002384185791 -1.1354179382324219
vt -8.625 -1.1354179382324219
vt 3.234375476837158 -1.1687498092651367
vt 3.2481048107147217 -1.1467828750610352
vt 3.2552080154418945 -1.1561107635498047
vt 3.2552080154418945 -1.1561107635498047
vt 3.2481048107147217 -1.1467828750610352
vt 3.234375476837158 -1.1687498092651367
vt -8.625 -1.1561107635498047
vt -0.7500002384185791 -1.1561107635498047
vt -0.7500002384185791 -1.1467828750610352
vt -8.625 -1.1467828750610352
vt 3.234374761581421 -1.1687498092651367
vt 3.2552075386047363 -1.1561098098754883
vt 3.2633113861083984 -1.1630406379699707
vt 3.2633113861083984 -1.1630406379699707
vt 3.2552075386047363 -1.1561098098754883
vt 3.234375 -1.1687498092651367
vt -8.625 4.263311386108398
vt -0.7500002384185791 4.263311386108398
vt -0.7500002384185791 4.255207538604736
vt -8.625 4.255207538604736
vt 3.234374761581421 -1.1687498092651367
vt 3.2633111476898193 -1.163041114807129
vt 3.2721049785614014 -1.1673088073730469
vt 3.2721049785614014 -1.1673088073730469
vt 3.2633116245269775 -1.163041114807129
vt 3.234375 -1.1687498092651367
vt -8.625 4.272104978561401
vt -0.7500002384185791 4.272104978561401
vt -0.7500002384185791 4.263311147689819
vt -8.625 4.2633116245269775
vt 3.234375 -1.1687498092651367
vt 3.2721052169799805 -1.1673088073730469
vt 3.28125 -1.1687498092651367
vt 3.28125 -1.1687498092651367
vt 3.2721052169799805 -1.1673088073730469
vt 3.234375 -1.1687498092651367
vt -8.625 4.28125
vt -0.7500002384185791 4.28125
vt -0.7500002384185791 4.2721052169799805
vt -8.625 4.2721052169799805
vt -8.625 4.234375
vt -0.7500002384185791 4.234375
vt -0.7500002384185791 4.28125
vt -8.625 4.28125
vt 5.484375 -1.1687498092651367
vt 5.484375 -1.0187501907348633
vt 5.390625 -1.0187501907348633
vt 5.390625 -1.1687498092651367
vt 5.484375 -1.0187501907348633
vt 5.484375 -1.1687498092651367
vt 5.390625 -1.1687498092651367
vt 5.390625 -1.0187501907348633
vt -2.75 6.484375
vt -2.75 6.390625
vt -8.625 6.390625
vt -8.625 6.484375
vt -2.75 6.390625
vt -2.75 6.484375
vt -8.625 6.484375
vt -8.625 6.390625
vt -2.75 -1.1687498092651367
vt -8.625 -1.1687498092651367
vt -8.625 -1.0187501907348633
vt -2.75 -1.0187501907348633
vt -8.625 -1.1687498092651367
vt -2.75 -1.1687498092651367
vt -2.75 -1.0187501907348633
vt -8.625 -1.0187501907348633
vt 5.390625 -1.1687498092651367
vt 5.34375 -1.1687498092651367
vt 5.3528947830200195 -1.1673088073730469
vt 5.3528947830200195 -1.1673088073730469
vt 5.34375 -1.1687498092651367
vt 5.390625 -1.1687498092651367
vt -8.625 6.34375
vt -2.75 6.34375
vt -2.75 6.390625
vt -8.625 6.390625
vt -8.625 6.3528947830200195
vt -2.75 6.3528947830200195
vt -2.75 6.34375
vt -8.625 6.34375
vt 5.390625476837158 -1.1687498092651367
vt 5.352895736694336 -1.1673088073730469
vt 5.361688613891602 -1.163041114807129
vt 5.361688613891602 -1.163041114807129
vt 5.352895259857178 -1.1673088073730469
vt 5.390625 -1.1687498092651367
vt -8.625 6.361688613891602
vt -2.75 6.361688613891602
vt -2.75 6.352895736694336
vt -8.625 6.352895259857178
vt 5.390625 -1.1687498092651367
vt 5.361688613891602 -1.1630406379699707
vt 5.369792461395264 -1.1561098098754883
vt 5.369792461395264 -1.1561098098754883
vt 5.361688613891602 -1.1630406379699707
vt 5.390625 -1.1687498092651367
vt -8.625 6.369792461395264
vt -2.75 6.369792461395264
vt -2.75 6.361688613891602
vt -8.625 6.361688613891602
vt 5.390625 -1.1687498092651367
vt 5.369792938232422 -1.1561107635498047
vt 5.376895904541016 -1.1467828750610352
vt 5.376895904541016 -1.1467828750610352
vt 5.369792461395264 -1.1561107635498047
vt 5.390625 -1.1687498092651367
vt -8.625 -1.1467828750610352
vt -2.75 -1.1467828750610352
vt -2.75 -1.1561107635498047
vt -8.625 -1.1561107635498047
vt 5.390625 -1.1687498092651367
vt 5.376895904541016 -1.1467828750610352
vt 5.382725715637207 -1.1354179382324219
vt 5.382725238800049 -1.1354179382324219
vt 5.376895904541016 -1.1467828750610352
vt 5.390625 -1.1687498092651367
vt -8.625 -1.1354179382324219
vt -2.75 -1.1354179382324219
vt -2.75 -1.1467828750610352
vt -8.625 -1.1467828750610352
vt 5.390625 -1.1687498092651367
vt 5.382725238800049 -1.1354179382324219
vt 5.387056827545166 -1.1224517822265625
vt 5.387056350708008 -1.1224517822265625
vt 5.382724761962891 -1.1354179382324219
vt 5.390625 -1.1687498092651367
vt -8.625 -1.1224517822265625
vt -2.75 -1.1224517822265625
vt -2.75 -1.1354179382324219
vt -8.625 -1.1354179382324219
vt 5.390625 -1.1687507629394531
vt 5.387056827545166 -1.1224513053894043
vt 5.389724254608154 -1.1083812713623047
vt 5.389723777770996 -1.1083812713623047
vt 5.387056350708008 -1.1224513053894043
vt 5.390625 -1.1687507629394531
vt -8.625 -1.1083812713623047
vt -2.75 -1.1083812713623047
vt -2.75 -1.1224513053894043
vt -8.625 -1.1224513053894043
vt 5.390625 -1.1687507629394531
vt 5.3897247314453125 -1.108382225036621
vt 5.390625 -1.09375
vt 5.390625 -1.09375
vt 5.3897247314453125 -1.108382225036621
vt 5.390625 -1.1687507629394531
vt -8.625 -1.09375
vt -2.75 -1.09375
vt -2.75 -1.108382225036621
vt -8.625 -1.108382225036621
vt -8.625 -1.1687507629394531
vt -2.75 -1.1687507629394531
vt -2.75 -1.09375
vt -8.625 -1.09375
vt 5.390625 -1.0187492370605469
vt 5.390625 -1.09375
vt 5.3897247314453125 -1.079117774963379
vt 5.3897247314453125 -1.079117774963379
vt 5.390625 -1.09375
vt 5.390625 -1.0187492370605469
vt -8.625 -1.09375
vt -2.75 -1.09375
vt -2.75 -1.0187492370605469
vt -8.625 -1.0187492370605469
vt -8.625 -1.079117774963379
vt -2.75 -1.079117774963379
vt -2.75 -1.09375
vt -8.625 -1.09375
vt 5.390625 -1.018749713897705
vt 5.389724254608154 -1.0791187286376953
vt 5.387056827545166 -1.0650482177734375
vt 5.387056350708008 -1.0650482177734375
vt 5.389723777770996 -1.0791187286376953
vt 5.390625 -1.018749713897705
vt -8.625 -1.0650482177734375
vt -2.75 -1.0650482177734375
vt -2.75 -1.0791187286376953
vt -8.625 -1.0791187286376953
vt 5.390625 -1.0187492370605469
vt 5.387056827545166 -1.0650482177734375
vt 5.382725238800049 -1.0520820617675781
vt 5.382724761962891 -1.0520820617675781
vt 5.387056350708008 -1.0650482177734375
vt 5.390625 -1.0187492370605469
vt -8.625 -1.0520820617675781
vt -2.75 -1.0520820617675781
vt -2.75 -1.0650482177734375
vt -8.625 -1.0650482177734375
vt 5.390625 -1.0187492370605469
vt 5.382725715637207 -1.0520820617675781
vt 5.376895904541016 -1.0407161712646484
vt 5.376895904541016 -1.0407161712646484
vt 5.382725238800049 -1.0520820617675781
vt 5.390625 -1.0187492370605469
vt -8.625 -1.0407161712646484
vt -2.75 -1.0407161712646484
vt -2.75 -1.0520820617675781
vt -8.625 -1.0520820617675781
vt 5.390625 -1.0187501907348633
vt 5.376895904541016 -1.0407171249389648
vt 5.369792938232422 -1.0313892364501953
vt 5.369792461395264 -1.0313892364501953
vt 5.376895904541016 -1.0407171249389648
vt 5.390625 -1.0187501907348633
vt -8.625 -1.0313892364501953
vt -2.75 -1.0313892364501953
vt -2.75 -1.0407171249389648
vt -8.625 -1.0407171249389648
vt 5.390625 -1.018749713897705
vt 5.369792461395264 -1.0313897132873535
vt 5.361688613891602 -1.024458885192871
vt 5.361688613891602 -1.024458885192871
vt 5.369792461395264 -1.0313897132873535
vt 5.390625 -1.018749713897705
vt -8.625 6.361688613891602
vt -2.75 6.361688613891602
vt -2.75 6.369792461395264
vt -8.625 6.369792461395264
vt 5.390625476837158 -1.0187501907348633
vt 5.361688613891602 -1.024458885192871
vt 5.352895736694336 -1.0201911926269531
vt 5.352895259857178 -1.0201911926269531
vt 5.361688613891602 -1.024458885192871
vt 5.390625 -1.0187501907348633
vt -8.625 6.352895259857178
vt -2.75 6.352895736694336
vt -2.75 6.361688613891602
vt -8.625 6.361688613891602
vt 5.390625 -1.0187501907348633
vt 5.3528947830200195 -1.0201902389526367
vt 5.34375 -1.0187501907348633
vt 5.34375 -1.0187501907348633
vt 5.3528947830200195 -1.0201902389526367
vt 5.390625 -1.0187501907348633
vt -8.625 6.34375
vt -2.75 6.34375
vt -2.75 6.3528947830200195
vt -8.625 6.3528947830200195
vt -8.625 6.390625
vt -2.75 6.390625
vt -2.75 6.34375
vt -8.625 6.34375
vt 5.53125 -1.1875
vt 5.53125 -1.1687507629394531
vt 5.34375 -1.1687507629394531
vt 5.34375 -1.1875
vt 5.53125 -1.1687507629394531
vt 5.53125 -1.1875
vt 5.34375 -1.1875
vt 5.34375 -1.1687507629394531
vt -2.75 6.53125
vt -2.75 6.34375
vt -8.625 6.34375
vt -8.625 6.53125
vt -2.75 6.34375
vt -2.75 6.53125
vt -8.625 6.53125
vt -8.625 6.34375
vt -2.75 -1.1875
vt -8.625 -1.1875
vt -8.625 -1.1687507629394531
vt -2.75 -1.1687507629394531
vt -8.625 -1.1875
vt -2.75 -1.1875
vt -2.75 -1.1687507629394531
vt -8.625 -1.1687507629394531
vt 5.53125 -1.0187492370605469
vt 5.53125 -1.0
vt 5.34375 -1.0
vt 5.34375 -1.0187492370605469
vt 5.53125 -1.0
vt 5.53125 -1.0187492370605469
vt 5.34375 -1.0187492370605469
vt 5.34375 -1.0
vt -2.75 6.53125
vt -2.75 6.34375
vt -8.625 6.34375
vt -8.625 6.53125
vt -2.75 6.34375
vt -2.75 6.53125
vt -8.625 6.53125
vt -8.625 6.34375
vt -2.75 -1.0187492370605469
vt -8.625 -1.0187492370605469
vt -8.625 -1.0
vt -2.75 -1.0
vt -8.625 -1.0187492370605469
vt -2.75 -1.0187492370605469
vt -2.75 -1.0
vt -8.625 -1.0
vt 5.484375 -1.0187501907348633
vt 5.53125 -1.0187501907348633
vt 5.5221052169799805 -1.0201911926269531
vt 5.5221052169799805 -1.0201911926269531
vt 5.53125 -1.0187501907348633
vt 5.484375 -1.0187501907348633
vt -8.625 6.53125
vt -2.75 6.53125
vt -2.75 6.484375
vt -8.625 6.484375
vt -8.625 6.5221052169799805
vt -2.75 6.5221052169799805
vt -2.75 6.53125
vt -8.625 6.53125
vt 5.484374523162842 -1.0187501907348633
vt 5.522104263305664 -1.0201911926269531
vt 5.513311386108398 -1.024458885192871
vt 5.513311386108398 -1.024458885192871
vt 5.522104740142822 -1.0201911926269531
vt 5.484375 -1.0187501907348633
vt -8.625 6.513311386108398
vt -2.75 6.513311386108398
vt -2.75 6.522104263305664
vt -8.625 6.522104740142822
vt 5.484375 -1.0187501907348633
vt 5.513311386108398 -1.024458885192871
vt 5.505207538604736 -1.0313901901245117
vt 5.505207538604736 -1.0313901901245117
vt 5.513311386108398 -1.024458885192871
vt 5.484375 -1.0187501907348633
vt -8.625 6.505207538604736
vt -2.75 6.505207538604736
vt -2.75 6.513311386108398
vt -8.625 6.513311386108398
vt 5.484375476837158 -1.0187501907348633
vt 5.5052080154418945 -1.0313892364501953
vt 5.498105049133301 -1.0407171249389648
vt 5.498105049133301 -1.0407171249389648
vt 5.5052080154418945 -1.0313892364501953
vt 5.484375476837158 -1.0187501907348633
vt -8.625 -1.0407171249389648
vt -2.75 -1.0407171249389648
vt -2.75 -1.0313892364501953
vt -8.625 -1.0313892364501953
vt 5.484375 -1.0187492370605469
vt 5.498104095458984 -1.0407161712646484
vt 5.492274284362793 -1.0520820617675781
vt 5.492274761199951 -1.0520820617675781
vt 5.498104095458984 -1.0407161712646484
vt 5.484375 -1.0187492370605469
vt -8.625 -1.0520820617675781
vt -2.75 -1.0520820617675781
vt -2.75 -1.0407161712646484
vt -8.625 -1.0407161712646484
vt 5.484375 -1.0187492370605469
vt 5.492274761199951 -1.0520820617675781
vt 5.487943172454834 -1.0650482177734375
vt 5.487943649291992 -1.0650482177734375
vt 5.492275238037109 -1.0520820617675781
vt 5.484375 -1.0187492370605469
vt -8.625 -1.0650482177734375
vt -2.75 -1.0650482177734375
vt -2.75 -1.0520820617675781
vt -8.625 -1.0520820617675781
vt 5.484375 -1.018749713897705
vt 5.487943172454834 -1.065049171447754
vt 5.485275745391846 -1.0791187286376953
vt 5.485276222229004 -1.0791187286376953
vt 5.487943649291992 -1.065049171447754
vt 5.484375 -1.018749713897705
vt -8.625 -1.0791187286376953
vt -2.75 -1.0791187286376953
vt -2.75 -1.065049171447754
vt -8.625 -1.065049171447754
vt 5.484375 -1.0187492370605469
vt 5.4852752685546875 -1.079117774963379
vt 5.484375 -1.09375
vt 5.484375 -1.09375
vt 5.485276222229004 -1.079117774963379
vt 5.484375 -1.0187492370605469
vt -8.625 -1.09375
vt -2.75 -1.09375
vt -2.75 -1.079117774963379
vt -8.625 -1.079117774963379
vt -8.625 -1.0187492370605469
vt -2.75 -1.0187492370605469
vt -2.75 -1.09375
vt -8.625 -1.09375
vt 5.484375 -1.1687507629394531
vt 5.484375 -1.09375
vt 5.4852752685546875 -1.108382225036621
vt 5.485276222229004 -1.108382225036621
vt 5.484375 -1.09375
vt 5.484375 -1.1687507629394531
vt -8.625 -1.09375
vt -2.75 -1.09375
vt -2.75 -1.1687507629394531
vt -8.625 -1.1687507629394531
vt -8.625 -1.108382225036621
vt -2.75 -1.108382225036621
vt -2.75 -1.09375
vt -8.625 -1.09375
vt 5.484375 -1.1687498092651367
vt 5.485275745391846 -1.1083812713623047
vt 5.487943172454834 -1.122450828552246
vt 5.487943649291992 -1.122450828552246
vt 5.485276222229004 -1.1083812713623047
vt 5.484375 -1.1687498092651367
vt -8.625 -1.122450828552246
vt -2.75 -1.122450828552246
vt -2.75 -1.1083812713623047
vt -8.625 -1.1083812713623047
vt 5.484375 -1.1687507629394531
vt 5.487943172454834 -1.1224517822265625
vt 5.492274761199951 -1.1354179382324219
vt 5.492275238037109 -1.1354179382324219
vt 5.487943649291992 -1.1224517822265625
vt 5.484375 -1.1687507629394531
vt -8.625 -1.1354179382324219
vt -2.75 -1.1354179382324219
vt -2.75 -1.1224517822265625
vt -8.625 -1.1224517822265625
vt 5.484375 -1.1687507629394531
vt 5.492274284362793 -1.1354179382324219
vt 5.498104095458984 -1.1467838287353516
vt 5.498104095458984 -1.1467838287353516
vt 5.492274761199951 -1.1354179382324219
vt 5.484375 -1.1687507629394531
vt -8.625 -1.1467838287353516
vt -2.75 -1.1467838287353516
vt -2.75 -1.1354179382324219
vt -8.625 -1.1354179382324219
vt 5.484375476837158 -1.1687498092651367
vt 5.498105049133301 -1.1467828750610352
vt 5.5052080154418945 -1.1561107635498047
vt 5.5052080154418945 -1.1561107635498047
vt 5.498105049133301 -1.1467828750610352
vt 5.484375476837158 -1.1687498092651367
vt -8.625 -1.1561107635498047
vt -2.75 -1.1561107635498047
vt -2.75 -1.1467828750610352
vt -8.625 -1.1467828750610352
vt 5.484375 -1.1687498092651367
vt 5.505207538604736 -1.1561098098754883
vt 5.513311386108398 -1.1630406379699707
vt 5.513311386108398 -1.1630406379699707
vt 5.505207538604736 -1.1561098098754883
vt 5.484375 -1.1687498092651367
vt -8.625 6.513311386108398
vt -2.75 6.513311386108398
vt -2.75 6.505207538604736
vt -8.625 6.505207538604736
vt 5.484374523162842 -1.1687498092651367
vt 5.513311386108398 -1.163041114807129
vt 5.522104263305664 -1.1673088073730469
vt 5.522104740142822 -1.1673088073730469
vt 5.513311386108398 -1.163041114807129
vt 5.484375 -1.1687498092651367
vt -8.625 6.522104740142822
vt -2.75 6.522104263305664
vt -2.75 6.513311386108398
vt -8.625 6.513311386108398
vt 5.484375 -1.1687498092651367
vt 5.5221052169799805 -1.1673088073730469
vt 5.53125 -1.1687498092651367
vt 5.53125 -1.1687498092651367
vt 5.5221052169799805 -1.1673088073730469
vt 5.484375 -1.1687498092651367
vt -8.625 6.53125
vt -2.75 6.53125
vt -2.75 6.5221052169799805
vt -8.625 6.5221052169799805
vt -8.625 6.484375
vt -2.75 6.484375
vt -2.75 6.53125
vt -8.625 6.53125
vt -4.765625 -1.1687498092651367
vt -4.765625 -1.0187501907348633
vt -4.859375 -1.0187501907348633
vt -4.859375 -1.1687498092651367
vt -4.765625 -1.0187501907348633
vt -4.765625 -1.1687498092651367
vt -4.859375 -1.1687498092651367
vt -4.859375 -1.0187501907348633
vt -4.640625 3.2500007152557373
vt -4.734375 3.2500007152557373
vt -4.734375 10.0
vt -4.640625 10.0
vt -4.734375 3.2500007152557373
vt -4.640625 3.2500007152557373
vt -4.640625 10.0
vt -4.734375 10.0
vt 2.3750007152557373 -1.1687498092651367
vt 9.125 -1.1687498092651367
vt 9.125 -1.0187501907348633
vt 2.3750007152557373 -1.0187501907348633
vt 9.125 -1.1687498092651367
vt 2.3750007152557373 -1.1687498092651367
vt 2.3750007152557373 -1.0187501907348633
vt 9.125 -1.0187501907348633
vt -4.859375 -1.1687498092651367
vt -4.90625 -1.1687498092651367
vt -4.8971052169799805 -1.1673088073730469
vt -4.897104740142822 -1.1673088073730469
vt -4.90625 -1.1687498092651367
vt -4.859375 -1.1687498092651367
vt -4.78125 10.0
vt -4.78125 3.2500007152557373
vt -4.734375 3.2500007152557373
vt -4.734375 10.0
vt -4.772104740142822 10.0
vt -4.7721052169799805 3.2500007152557373
vt -4.78125 3.2500007152557373
vt -4.78125 10.0
vt -4.859374523162842 -1.1687498092651367
vt -4.897104740142822 -1.1673088073730469
vt -4.888311386108398 -1.163041114807129
vt -4.888311386108398 -1.163041114807129
vt -4.897104740142822 -1.1673088073730469
vt -4.859374523162842 -1.1687498092651367
vt -4.763311386108398 10.0
vt -4.763311386108398 3.2500007152557373
vt -4.772104740142822 3.2500007152557373
vt -4.772104740142822 10.0
vt -4.859375 -1.1687498092651367
vt -4.888311386108398 -1.1630406379699707
vt -4.880207538604736 -1.1561098098754883
vt -4.880207538604736 -1.1561098098754883
vt -4.888311386108398 -1.1630406379699707
vt -4.859375 -1.1687498092651367
vt -4.755207538604736 10.0
vt -4.755207538604736 3.2500007152557373
vt -4.763311386108398 3.2500007152557373
vt -4.763311386108398 10.0
vt -4.859375 -1.1687498092651367
vt -4.880207061767578 -1.1561107635498047
vt -4.873104095458984 -1.1467828750610352
vt -4.873103618621826 -1.1467828750610352
vt -4.880207061767578 -1.1561107635498047
vt -4.859374523162842 -1.1687498092651367
vt 9.125 -1.1467828750610352
vt 2.375 -1.1467828750610352
vt 2.375 -1.1561107635498047
vt 9.125 -1.1561107635498047
vt -4.859375 -1.1687498092651367
vt -4.873104095458984 -1.1467828750610352
vt -4.867274761199951 -1.1354179382324219
vt -4.867274761199951 -1.1354179382324219
vt -4.873104095458984 -1.1467828750610352
vt -4.859375 -1.1687498092651367
vt 9.125 -1.1354179382324219
vt 2.3750007152557373 -1.1354179382324219
vt 2.3750007152557373 -1.1467828750610352
vt 9.125 -1.1467828750610352
vt -4.859375476837158 -1.1687498092651367
vt -4.867274761199951 -1.1354179382324219
vt -4.862943172454834 -1.1224517822265625
vt -4.862943649291992 -1.1224517822265625
vt -4.867274761199951 -1.1354179382324219
vt -4.859375 -1.1687498092651367
vt 9.125 -1.1224517822265625
vt 2.3750007152557373 -1.1224517822265625
vt 2.3750007152557373 -1.1354179382324219
vt 9.125 -1.1354179382324219
vt -4.859375476837158 -1.1687507629394531
vt -4.862943172454834 -1.1224513053894043
vt -4.860275745391846 -1.1083812713623047
vt -4.860275745391846 -1.1083812713623047
vt -4.862943172454834 -1.1224513053894043
vt -4.859375 -1.1687507629394531
vt 9.125 -1.1083812713623047
vt 2.3750007152557373 -1.1083812713623047
vt 2.3750007152557373 -1.1224513053894043
vt 9.125 -1.1224513053894043
vt -4.859375 -1.1687507629394531
vt -4.8602752685546875 -1.108382225036621
vt -4.859375 -1.09375
vt -4.859374523162842 -1.09375
vt -4.8602752685546875 -1.108382225036621
vt -4.859374523162842 -1.1687507629394531
vt 9.125 -1.09375
vt 2.3750007152557373 -1.09375
vt 2.3750007152557373 -1.108382225036621
vt 9.125 -1.108382225036621
vt 9.125 -1.1687507629394531
vt 2.3750007152557373 -1.1687507629394531
vt 2.3750007152557373 -1.09375
vt 9.125 -1.09375
vt -4.859375 -1.0187492370605469
vt -4.859375 -1.09375
vt -4.8602752685546875 -1.079117774963379
vt -4.8602752685546875 -1.079117774963379
vt -4.859374523162842 -1.09375
vt -4.859374523162842 -1.0187492370605469
vt 9.125 -1.09375
vt 2.3750007152557373 -1.09375
vt 2.3750007152557373 -1.0187492370605469
vt 9.125 -1.0187492370605469
vt 9.125 -1.079117774963379
vt 2.3750007152557373 -1.079117774963379
vt 2.3750007152557373 -1.09375
vt 9.125 -1.09375
vt -4.859375476837158 -1.018749713897705
vt -4.860275745391846 -1.0791187286376953
vt -4.862943172454834 -1.0650482177734375
vt -4.862943172454834 -1.0650482177734375
vt -4.860275745391846 -1.0791187286376953
vt -4.859375 -1.018749713897705
vt 9.125 -1.0650482177734375
vt 2.3750007152557373 -1.0650482177734375
vt 2.3750007152557373 -1.0791187286376953
vt 9.125 -1.0791187286376953
vt -4.859375476837158 -1.0187492370605469
vt -4.862943172454834 -1.0650482177734375
vt -4.867274761199951 -1.0520820617675781
vt -4.867274761199951 -1.0520820617675781
vt -4.862943649291992 -1.0650482177734375
vt -4.859375 -1.0187492370605469
vt 9.125 -1.0520820617675781
vt 2.3750007152557373 -1.0520820617675781
vt 2.3750007152557373 -1.0650482177734375
vt 9.125 -1.0650482177734375
vt -4.859375 -1.0187492370605469
vt -4.867274761199951 -1.0520820617675781
vt -4.873104095458984 -1.0407161712646484
vt -4.873104095458984 -1.0407161712646484
vt -4.867274761199951 -1.0520820617675781
vt -4.859375 -1.0187492370605469
vt 9.125 -1.0407161712646484
vt 2.3750007152557373 -1.0407161712646484
vt 2.3750007152557373 -1.0520820617675781
vt 9.125 -1.0520820617675781
vt -4.859375 -1.0187501907348633
vt -4.873104095458984 -1.0407171249389648
vt -4.880207061767578 -1.0313892364501953
vt -4.880207061767578 -1.0313892364501953
vt -4.873103618621826 -1.0407171249389648
vt -4.859374523162842 -1.0187501907348633
vt 9.125 -1.0313892364501953
vt 2.375 -1.0313892364501953
vt 2.375 -1.0407171249389648
vt 9.125 -1.0407171249389648
vt -4.859375 -1.018749713897705
vt -4.880207538604736 -1.0313897132873535
vt -4.888311386108398 -1.024458885192871
vt -4.888311386108398 -1.024458885192871
vt -4.880207538604736 -1.0313897132873535
vt -4.859375 -1.018749713897705
vt -4.763311386108398 10.0
vt -4.763311386108398 3.2500007152557373
vt -4.755207538604736 3.2500007152557373
vt -4.755207538604736 10.0
vt -4.859374523162842 -1.0187501907348633
vt -4.888311386108398 -1.024458885192871
vt -4.897104740142822 -1.0201911926269531
vt -4.897104740142822 -1.0201911926269531
vt -4.888311386108398 -1.024458885192871
vt -4.859374523162842 -1.0187501907348633
vt -4.772104740142822 10.0
vt -4.772104740142822 3.2500007152557373
vt -4.763311386108398 3.2500007152557373
vt -4.763311386108398 10.0
vt -4.859375 -1.0187501907348633
vt -4.8971052169799805 -1.0201902389526367
vt -4.90625 -1.0187501907348633
vt -4.90625 -1.0187501907348633
vt -4.897104740142822 -1.0201902389526367
vt -4.859375 -1.0187501907348633
vt -4.78125 10.0
vt -4.78125 3.2500007152557373
vt -4.7721052169799805 3.2500007152557373
vt -4.772104740142822 10.0
vt -4.734375 10.0
vt -4.734375 3.2500007152557373
vt -4.78125 3.2500007152557373
vt -4.78125 10.0
vt -4.71875 -1.1875
vt -4.71875 -1.1687507629394531
vt -4.906249523162842 -1.1687507629394531
vt -4.906249523162842 -1.1875
vt -4.718750476837158 -1.1687507629394531
vt -4.718750476837158 -1.1875
vt -4.90625 -1.1875
vt -4.90625 -1.1687507629394531
vt -4.593750476837158 3.2500007152557373
vt -4.78125 3.2500007152557373
vt -4.781249523162842 10.0
vt -4.59375 10.0
vt -4.78125 3.2500007152557373
vt -4.593750476837158 3.2500007152557373
vt -4.59375 10.0
vt -4.781249523162842 10.0
vt 2.3750007152557373 -1.1875
vt 9.125 -1.1875
vt 9.125 -1.1687507629394531
vt 2.3750007152557373 -1.1687507629394531
vt 9.125 -1.1875
vt 2.3750007152557373 -1.1875
vt 2.3750007152557373 -1.1687507629394531
vt 9.125 -1.1687507629394531
vt -4.71875 -1.0187492370605469
vt -4.71875 -1.0
vt -4.906249523162842 -1.0
vt -4.906249523162842 -1.0187492370605469
vt -4.718750476837158 -1.0
vt -4.718750476837158 -1.0187492370605469
vt -4.90625 -1.0187492370605469
vt -4.90625 -1.0
vt -4.593750476837158 3.2500007152557373
vt -4.78125 3.2500007152557373
vt -4.781249523162842 10.0
vt -4.59375 10.0
vt -4.78125 3.2500007152557373
vt -4.593750476837158 3.2500007152557373
vt -4.59375 10.0
vt -4.781249523162842 10.0
vt 2.3750007152557373 -1.0187492370605469
vt 9.125 -1.0187492370605469
vt 9.125 -1.0
vt 2.3750007152557373 -1.0
vt 9.125 -1.0187492370605469
vt 2.3750007152557373 -1.0187492370605469
vt 2.3750007152557373 -1.0
vt 9.125 -1.0
vt -4.765625 -1.0187501907348633
vt -4.71875 -1.0187501907348633
vt -4.727895259857178 -1.0201911926269531
vt -4.7278947830200195 -1.0201911926269531
vt -4.71875 -1.0187501907348633
vt -4.765625 -1.0187501907348633
vt -4.59375 10.0
vt -4.59375 3.2500007152557373
vt -4.640625 3.2500007152557373
vt -4.640625 10.0
vt -4.6028947830200195 10.0
vt -4.602895259857178 3.2500007152557373
vt -4.59375 3.2500007152557373
vt -4.59375 10.0
vt -4.765625476837158 -1.0187501907348633
vt -4.727895736694336 -1.0201911926269531
vt -4.73668909072876 -1.024458885192871
vt -4.736688613891602 -1.024458885192871
vt -4.727895259857178 -1.0201911926269531
vt -4.765625 -1.0187501907348633
vt -4.611688613891602 10.0
vt -4.61168909072876 3.2500007152557373
vt -4.602895736694336 3.2500007152557373
vt -4.602895259857178 10.0
vt -4.765625476837158 -1.0187501907348633
vt -4.736688613891602 -1.024458885192871
vt -4.744792461395264 -1.0313901901245117
vt -4.744792461395264 -1.0313901901245117
vt -4.736688137054443 -1.024458885192871
vt -4.765625 -1.0187501907348633
vt -4.619792461395264 10.0
vt -4.619792461395264 3.2500007152557373
vt -4.611688613891602 3.2500007152557373
vt -4.611688137054443 10.0
vt -4.765624523162842 -1.0187501907348633
vt -4.7447919845581055 -1.0313892364501953
vt -4.751895427703857 -1.0407171249389648
vt -4.751894950866699 -1.0407171249389648
vt -4.744791507720947 -1.0313892364501953
vt -4.765624046325684 -1.0187501907348633
vt 9.125 -1.0407171249389648
vt 2.375 -1.0407171249389648
vt 2.375 -1.0313892364501953
vt 9.125 -1.0313892364501953
vt -4.765625 -1.0187492370605469
vt -4.751895904541016 -1.0407161712646484
vt -4.757725715637207 -1.0520820617675781
vt -4.757725238800049 -1.0520820617675781
vt -4.751895904541016 -1.0407161712646484
vt -4.765625 -1.0187492370605469
vt 9.125 -1.0520820617675781
vt 2.3750007152557373 -1.0520820617675781
vt 2.3750007152557373 -1.0407161712646484
vt 9.125 -1.0407161712646484
vt -4.765625 -1.0187492370605469
vt -4.757725238800049 -1.0520820617675781
vt -4.762056827545166 -1.0650482177734375
vt -4.762056350708008 -1.0650482177734375
vt -4.757724761962891 -1.0520820617675781
vt -4.765624523162842 -1.0187492370605469
vt 9.125 -1.0650482177734375
vt 2.3750007152557373 -1.0650482177734375
vt 2.3750007152557373 -1.0520820617675781
vt 9.125 -1.0520820617675781
vt -4.765625 -1.018749713897705
vt -4.762056827545166 -1.065049171447754
vt -4.764724254608154 -1.0791187286376953
vt -4.764723777770996 -1.0791187286376953
vt -4.762056350708008 -1.065049171447754
vt -4.765624523162842 -1.018749713897705
vt 9.125 -1.0791187286376953
vt 2.3750007152557373 -1.0791187286376953
vt 2.3750007152557373 -1.065049171447754
vt 9.125 -1.065049171447754
vt -4.765625 -1.0187492370605469
vt -4.7647247314453125 -1.079117774963379
vt -4.765625 -1.09375
vt -4.765624523162842 -1.09375
vt -4.764723777770996 -1.079117774963379
vt -4.765624523162842 -1.0187492370605469
vt 9.125 -1.09375
vt 2.3750007152557373 -1.09375
vt 2.3750007152557373 -1.079117774963379
vt 9.125 -1.079117774963379
vt 9.125 -1.0187492370605469
vt 2.3750007152557373 -1.0187492370605469
vt 2.3750007152557373 -1.09375
vt 9.125 -1.09375
vt -4.765625 -1.1687507629394531
vt -4.765625 -1.09375
vt -4.7647247314453125 -1.108382225036621
vt -4.764723777770996 -1.108382225036621
vt -4.765624523162842 -1.09375
vt -4.765624523162842 -1.1687507629394531
vt 9.125 -1.09375
vt 2.3750007152557373 -1.09375
vt 2.3750007152557373 -1.1687507629394531
vt 9.125 -1.1687507629394531
vt 9.125 -1.108382225036621
vt 2.3750007152557373 -1.108382225036621
vt 2.3750007152557373 -1.09375
vt 9.125 -1.09375
vt -4.765625 -1.1687498092651367
vt -4.764724254608154 -1.1083812713623047
vt -4.762056827545166 -1.122450828552246
vt -4.762056350708008 -1.122450828552246
vt -4.764723777770996 -1.1083812713623047
vt -4.765624523162842 -1.1687498092651367
vt 9.125 -1.122450828552246
vt 2.3750007152557373 -1.122450828552246
vt 2.3750007152557373 -1.1083812713623047
vt 9.125 -1.1083812713623047
vt -4.765625 -1.1687507629394531
vt -4.762056827545166 -1.1224517822265625
vt -4.757725238800049 -1.1354179382324219
vt -4.757724761962891 -1.1354179382324219
vt -4.762056350708008 -1.1224517822265625
vt -4.765624523162842 -1.1687507629394531
vt 9.125 -1.1354179382324219
vt 2.3750007152557373 -1.1354179382324219
vt 2.3750007152557373 -1.1224517822265625
vt 9.125 -1.1224517822265625
vt -4.765625 -1.1687507629394531
vt -4.757725715637207 -1.1354179382324219
vt -4.751895904541016 -1.1467838287353516
vt -4.751895904541016 -1.1467838287353516
vt -4.757725238800049 -1.1354179382324219
vt -4.765625 -1.1687507629394531
vt 9.125 -1.1467838287353516
vt 2.3750007152557373 -1.1467838287353516
vt 2.3750007152557373 -1.1354179382324219
vt 9.125 -1.1354179382324219
vt -4.765624523162842 -1.1687498092651367
vt -4.751895427703857 -1.1467828750610352
vt -4.7447919845581055 -1.1561107635498047
vt -4.744791507720947 -1.1561107635498047
vt -4.751894950866699 -1.1467828750610352
vt -4.765624046325684 -1.1687498092651367
vt 9.125 -1.1561107635498047
vt 2.375 -1.1561107635498047
vt 2.375 -1.1467828750610352
vt 9.125 -1.1467828750610352
vt -4.765625476837158 -1.1687498092651367
vt -4.744792461395264 -1.1561098098754883
vt -4.736688613891602 -1.1630406379699707
vt -4.736688137054443 -1.1630406379699707
vt -4.744792461395264 -1.1561098098754883
vt -4.765625 -1.1687498092651367
vt -4.611688137054443 10.0
vt -4.611688613891602 3.2500007152557373
vt -4.619792461395264 3.2500007152557373
vt -4.619792461395264 10.0
vt -4.765625476837158 -1.1687498092651367
vt -4.73668909072876 -1.163041114807129
vt -4.727895736694336 -1.1673088073730469
vt -4.727895259857178 -1.1673088073730469
vt -4.736688613891602 -1.163041114807129
vt -4.765625 -1.1687498092651367
vt -4.602895259857178 10.0
vt -4.602895736694336 3.2500007152557373
vt -4.61168909072876 3.2500007152557373
vt -4.611688613891602 10.0
vt -4.765625 -1.1687498092651367
vt -4.727895259857178 -1.1673088073730469
vt -4.71875 -1.1687498092651367
vt -4.71875 -1.1687498092651367
vt -4.7278947830200195 -1.1673088073730469
vt -4.765625 -1.1687498092651367
vt -4.59375 10.0
vt -4.59375 3.2500007152557373
vt -4.602895259857178 3.2500007152557373
vt -4.6028947830200195 10.0
vt -4.640625 10.0
vt -4.640625 3.2500007152557373
vt -4.59375 3.2500007152557373
vt -4.59375 10.0
vt -0.375 -0.125
vt -0.375 -0.75
vt -0.390625 -0.75
vt -0.390625 -0.125
vt -0.375 -0.75
vt -0.375 -0.125
vt -0.390625 -0.125
vt -0.390625 -0.75
vt -0.375 3.25
vt -0.390625 3.25
vt -0.390625 2.21875
vt -0.375 2.21875
vt -0.390625 3.25
vt -0.375 3.25
vt -0.375 2.21875
vt -0.390625 2.21875
vt 2.25 -0.125
vt 1.21875 -0.125
vt 1.21875 -0.75
vt 2.25 -0.75
vt 1.21875 -0.125
vt 2.25 -0.125
vt 2.25 -0.75
vt 1.21875 -0.75
vt 0.4638671875 -0.52099609375
vt 0.4638671875 -0.55517578125
vt 0.46630859375 -0.55517578125
vt 0.46630859375 -0.52099609375
vt 0.91064453125 -0.55517578125
vt 0.91064453125 -0.52099609375
vt 0.9130859375 -0.52099609375
vt 0.9130859375 -0.55517578125
vt 0.771484375 3.95654296875
vt 0.77392578125 3.95654296875
vt 0.77392578125 3.87841796875
vt 0.771484375 3.87841796875
vt 0.76416015625 3.95654296875
vt 0.76171875 3.95654296875
vt 0.76171875 3.87841796875
vt 0.76416015625 3.87841796875
vt 0.4638671875 -0.52099609375
vt 0.4638671875 -0.55517578125
vt 0.46630859375 -0.55517578125
vt 0.46630859375 -0.52099609375
vt 0.91064453125 -0.55517578125
vt 0.91064453125 -0.52099609375
vt 0.9130859375 -0.52099609375
vt 0.9130859375 -0.55517578125
vt 0.771484375 3.95654296875
vt 0.77392578125 3.95654296875
vt 0.77392578125 3.87841796875
vt 0.771484375 3.87841796875
vt 0.76416015625 3.95654296875
vt 0.76171875 3.95654296875
vt 0.76171875 3.87841796875
vt 0.76416015625 3.87841796875
vt 0.4638671875 -0.52099609375
vt 0.4638671875 -0.55517578125
vt 0.46630859375 -0.55517578125
vt 0.46630859375 -0.52099609375
vt 0.91064453125 -0.55517578125
vt 0.91064453125 -0.52099609375
vt 0.9130859375 -0.52099609375
vt 0.9130859375 -0.55517578125
vt 0.771484375 3.95654296875
vt 0.77392578125 3.95654296875
vt 0.77392578125 3.87841796875
vt 0.771484375 3.87841796875
vt 0.76416015625 3.95654296875
vt 0.76171875 3.95654296875
vt 0.76171875 3.87841796875
vt 0.76416015625 3.87841796875
vt 0.4638671875 -0.52099609375
vt 0.4638671875 -0.55517578125
vt 0.46630859375 -0.55517578125
vt 0.46630859375 -0.52099609375
vt 0.91064453125 -0.55517578125
vt 0.91064453125 -0.52099609375
vt 0.9130859375 -0.52099609375
vt 0.9130859375 -0.55517578125
vt 0.771484375 3.95654296875
vt 0.77392578125 3.95654296875
vt 0.77392578125 3.87841796875
vt 0.771484375 3.87841796875
vt 0.76416015625 3.95654296875
vt 0.76171875 3.95654296875
vt 0.76171875 3.87841796875
vt 0.76416015625 3.87841796875
vt 0.4638671875 -0.52099609375
vt 0.4638671875 -0.55517578125
vt 0.46630859375 -0.55517578125
vt 0.46630859375 -0.52099609375
vt 0.91064453125 -0.55517578125
vt 0.91064453125 -0.52099609375
vt 0.9130859375 -0.52099609375
vt 0.9130859375 -0.55517578125
vt 0.771484375 3.95654296875
vt 0.77392578125 3.95654296875
vt 0.77392578125 3.87841796875
vt 0.771484375 3.87841796875
vt 0.76416015625 3.95654296875
vt 0.76171875 3.95654296875
vt 0.76171875 3.87841796875
vt 0.76416015625 3.87841796875
vt 0.4638671875 -0.52099609375
vt 0.4638671875 -0.55517578125
vt 0.46630859375 -0.55517578125
vt 0.46630859375 -0.52099609375
vt 0.91064453125 -0.55517578125
vt 0.91064453125 -0.52099609375
vt 0.9130859375 -0.52099609375
vt 0.9130859375 -0.55517578125
vt 0.771484375 3.95654296875
vt 0.77392578125 3.95654296875
vt 0.77392578125 3.87841796875
vt 0.771484375 3.87841796875
vt 0.76416015625 3.95654296875
vt 0.76171875 3.95654296875
vt 0.76171875 3.87841796875
vt 0.76416015625 3.87841796875
vt -1.1395344734191895 4.84375
vt -1.1395344734191895 4.5
vt -1.1707844734191895 4.5
vt -1.1707844734191895 4.84375
vt -1.1395344734191895 4.5
vt -1.1395344734191895 4.84375
vt -1.1707844734191895 4.84375
vt -1.1707844734191895 4.5
vt -1.1395344734191895 1.6225872039794922
vt -1.1707844734191895 1.6225872039794922
vt -1.1707844734191895 1.5913372039794922
vt -1.1395344734191895 1.5913372039794922
vt -1.1707844734191895 1.6225872039794922
vt -1.1395344734191895 1.6225872039794922
vt -1.1395344734191895 1.5913372039794922
vt -1.1707844734191895 1.5913372039794922
vt 0.6225872039794922 4.84375
vt 0.5913372039794922 4.84375
vt 0.5913372039794922 4.5
vt 0.6225872039794922 4.5
vt 0.5913372039794922 4.84375
vt 0.6225872039794922 4.84375
vt 0.6225872039794922 4.5
vt 0.5913372039794922 4.5
vt -1.1395344734191895 4.84375
vt -1.1395344734191895 4.5
vt -1.1707844734191895 4.5
vt -1.1707844734191895 4.84375
vt -1.1395344734191895 4.5
vt -1.1395344734191895 4.84375
vt -1.1707844734191895 4.84375
vt -1.1707844734191895 4.5
vt -1.1395344734191895 1.3100871741771698
vt -1.1707844734191895 1.3100871741771698
vt -1.1707844734191895 1.2788371741771698
vt -1.1395344734191895 1.2788371741771698
vt -1.1707844734191895 1.3100871741771698
vt -1.1395344734191895 1.3100871741771698
vt -1.1395344734191895 1.2788371741771698
vt -1.1707844734191895 1.2788371741771698
vt 0.3100871741771698 4.84375
vt 0.2788371741771698 4.84375
vt 0.2788371741771698 4.5
vt 0.3100871741771698 4.5
vt 0.2788371741771698 4.84375
vt 0.3100871741771698 4.84375
vt 0.3100871741771698 4.5
vt 0.2788371741771698 4.5
vt -1.1395344734191895 4.875
vt -1.1395344734191895 4.84375
vt -1.1707844734191895 4.84375
vt -1.1707844734191895 4.875
vt -1.1395344734191895 4.84375
vt -1.1395344734191895 4.875
vt -1.1707844734191895 4.875
vt -1.1707844734191895 4.84375
vt -1.1395344734191895 1.6225872039794922
vt -1.1707844734191895 1.6225872039794922
vt -1.1707844734191895 1.2788371741771698
vt -1.1395344734191895 1.2788371741771698
vt -1.1707844734191895 1.6225872039794922
vt -1.1395344734191895 1.6225872039794922
vt -1.1395344734191895 1.2788371741771698
vt -1.1707844734191895 1.2788371741771698
vt 0.6225872039794922 4.875
vt 0.2788371741771698 4.875
vt 0.2788371741771698 4.84375
vt 0.6225872039794922 4.84375
vt 0.2788371741771698 4.875
vt 0.6225872039794922 4.875
vt 0.6225872039794922 4.84375
vt 0.2788371741771698 4.84375
vt -1.9520344734191895 4.84375
vt -1.9520344734191895 4.5
vt -1.9832844734191895 4.5
vt -1.9832844734191895 4.84375
vt -1.9520344734191895 4.5
vt -1.9520344734191895 4.84375
vt -1.9832844734191895 4.84375
vt -1.9832844734191895 4.5
vt -1.9520344734191895 1.6225872039794922
vt -1.9832844734191895 1.6225872039794922
vt -1.9832844734191895 1.5913372039794922
vt -1.9520344734191895 1.5913372039794922
vt -1.9832844734191895 1.6225872039794922
vt -1.9520344734191895 1.6225872039794922
vt -1.9520344734191895 1.5913372039794922
vt -1.9832844734191895 1.5913372039794922
vt 0.6225872039794922 4.84375
vt 0.5913372039794922 4.84375
vt 0.5913372039794922 4.5
vt 0.6225872039794922 4.5
vt 0.5913372039794922 4.84375
vt 0.6225872039794922 4.84375
vt 0.6225872039794922 4.5
vt 0.5913372039794922 4.5
vt -1.9520344734191895 4.84375
vt -1.9520344734191895 4.5
vt -1.9832844734191895 4.5
vt -1.9832844734191895 4.84375
vt -1.9520344734191895 4.5
vt -1.9520344734191895 4.84375
vt -1.9832844734191895 4.84375
vt -1.9832844734191895 4.5
vt -1.9520344734191895 1.3100872337818146
vt -1.9832844734191895 1.3100872337818146
vt -1.9832844734191895 1.2788372337818146
vt -1.9520344734191895 1.2788372337818146
vt -1.9832844734191895 1.3100872337818146
vt -1.9520344734191895 1.3100872337818146
vt -1.9520344734191895 1.2788372337818146
vt -1.9832844734191895 1.2788372337818146
vt 0.3100872337818146 4.84375
vt 0.2788372337818146 4.84375
vt 0.2788372337818146 4.5
vt 0.3100872337818146 4.5
vt 0.2788372337818146 4.84375
vt 0.3100872337818146 4.84375
vt 0.3100872337818146 4.5
vt 0.2788372337818146 4.5
vt -1.9520344734191895 4.875
vt -1.9520344734191895 4.84375
vt -1.9832844734191895 4.84375
vt -1.9832844734191895 4.875
vt -1.9520344734191895 4.84375
vt -1.9520344734191895 4.875
vt -1.9832844734191895 4.875
vt -1.9832844734191895 4.84375
vt -1.9520344734191895 1.6225872039794922
vt -1.9832844734191895 1.6225872039794922
vt -1.9832844734191895 1.2788372337818146
vt -1.9520344734191895 1.2788372337818146
vt -1.9832844734191895 1.6225872039794922
vt -1.9520344734191895 1.6225872039794922
vt -1.9520344734191895 1.2788372337818146
vt -1.9832844734191895 1.2788372337818146
vt 0.6225872039794922 4.875
vt 0.2788372337818146 4.875
vt 0.2788372337818146 4.84375
vt 0.6225872039794922 4.84375
vt 0.2788372337818146 4.875
vt 0.6225872039794922 4.875
vt 0.6225872039794922 4.84375
vt 0.2788372337818146 4.84375
vt -2.997296094894409 -1.6777622699737549
vt -2.997296094894409 -1.9947912693023682
vt -2.50338077545166 -1.9947912693023682
vt -2.50338077545166 -1.6777622699737549
vt 3.482421875 -1.999999761581421
vt 3.482421875 -1.4999995231628418
vt 3.99609375 -1.4999995231628418
vt 3.99609375 -1.999999761581421
vt -19.685546875 20.703125
vt -19.685546875 21.216796875
vt -20.060546875 21.216796875
vt -20.060546875 20.703125
vt 2.0328774452209473 1.627367377281189
vt 2.460937261581421 1.627367377281189
vt 2.460937261581421 1.3432764410972595
vt 2.0328774452209473 1.3432764410972595
vt 8.984375 -1.4999990463256836
vt 8.515625 -1.5624992847442627
vt 8.515625 -1.9999992847442627
vt 8.984375 -1.9999992847442627
vt 8.5205078125 -1.5624992847442627
vt 8.9892578125 -1.4999990463256836
vt 8.9892578125 -1.9999992847442627
vt 8.5205078125 -1.9999992847442627
vt 3.504357099533081 -1.4740197658538818
vt 3.504357099533081 -1.7910487651824951
vt 3.99827241897583 -1.7910487651824951
vt 3.99827241897583 -1.4740197658538818
vt 3.490234375 -1.999999761581421
vt 3.490234375 -1.4999995231628418
vt 4.00390625 -1.4999995231628418
vt 4.00390625 -1.999999761581421
vt -19.685546875 20.7109375
vt -19.685546875 21.224609375
vt -20.060546875 21.224609375
vt -20.060546875 20.7109375
vt 2.0263671875 1.627367377281189
vt 2.4544270038604736 1.627367377281189
vt 2.4544270038604736 1.3432764410972595
vt 2.0263671875 1.3432764410972595
vt 8.984375 -1.4999990463256836
vt 8.515625 -1.5624992847442627
vt 8.515625 -1.9999992847442627
vt 8.984375 -1.9999992847442627
vt 8.5205078125 -1.5624992847442627
vt 8.9892578125 -1.4999990463256836
vt 8.9892578125 -1.9999992847442627
vt 8.5205078125 -1.9999992847442627
vt 10.012530326843262 -1.6777622699737549
vt 10.012530326843262 -1.9947912693023682
vt 10.497126579284668 -1.9947912693023682
vt 10.497126579284668 -1.6777622699737549
vt 3.474609375 -1.999999761581421
vt 3.474609375 -1.4999995231628418
vt 3.98828125 -1.4999995231628418
vt 3.98828125 -1.999999761581421
vt -19.685546875 20.6953125
vt -19.685546875 21.208984375
vt -20.060546875 21.208984375
vt -20.060546875 20.6953125
vt 2.0393879413604736 1.627367377281189
vt 2.4674477577209473 1.627367377281189
vt 2.4674477577209473 1.3432764410972595
vt 2.0393879413604736 1.3432764410972595
vt 8.984375 -1.4999990463256836
vt 8.515625 -1.5624992847442627
vt 8.515625 -1.9999992847442627
vt 8.984375 -1.9999992847442627
vt 8.5205078125 -1.5624992847442627
vt 8.9892578125 -1.4999990463256836
vt 8.9892578125 -1.9999992847442627
vt 8.5205078125 -1.9999992847442627
vt -0.7360197305679321 -0.208984375
vt -0.7360197305679321 -0.365234375
vt -0.7442434430122375 -0.365234375
vt -0.7442434430122375 -0.208984375
vt -0.7360197305679321 -0.365234375
vt -0.7360197305679321 -0.208984375
vt -0.7442434430122375 -0.208984375
vt -0.7442434430122375 -0.365234375
vt -0.7360197305679321 2.728515625
vt -0.7442434430122375 2.728515625
vt -0.7442434430122375 2.541015625
vt -0.7360197305679321 2.541015625
vt -0.7442434430122375 2.728515625
vt -0.7360197305679321 2.728515625
vt -0.7360197305679321 2.541015625
vt -0.7442434430122375 2.541015625
vt 1.4514803886413574 -0.208984375
vt 1.254111886024475 -0.208984375
vt 1.254111886024475 -0.365234375
vt 1.4514803886413574 -0.365234375
vt 1.254111886024475 -0.208984375
vt 1.4514803886413574 -0.208984375
vt 1.4514803886413574 -0.365234375
vt 1.254111886024475 -0.365234375
vt 3.5123696327209473 -1.6515793800354004
vt 3.9404296875 -1.6515793800354004
vt 3.9404296875 -1.3674240112304688
vt 3.5123696327209473 -1.3674240112304688
vt 3.5123696327209473 -1.3674240112304688
vt 3.9404296875 -1.3674240112304688
vt 3.9404296875 -1.6515793800354004
vt 3.5123696327209473 -1.6515793800354004
vt -0.016276061534881592 4.0051491260528564
vt -0.3287760019302368 4.0051491260528564
vt -0.3287760019302368 3.6160037517547607
vt -0.016276061534881592 3.6160037517547607
vt -0.3287760019302368 -1.3674240112304688
vt -0.3287760019302368 -1.6515793800354004
vt -0.016276061534881592 -1.6515793800354004
vt -0.016276061534881592 -1.3674240112304688
vt -0.016276061534881592 -1.3674240112304688
vt -0.016276061534881592 -1.6515793800354004
vt -0.3287760019302368 -1.6515793800354004
vt -0.3287760019302368 -1.3674240112304688
vt 3.5611977577209473 1.8759468793869019
vt 3.9892578125 1.8759468793869019
vt 3.9892578125 1.5918560028076172
vt 3.5611977577209473 1.5918560028076172
vt 3.9404296875 -1.2727913856506348
vt 3.9404296875 -1.3674240112304688
vt 3.5123696327209473 -1.3674240112304688
vt 3.5123696327209473 -1.2727913856506348
vt 3.5123696327209473 1.6628787517547607
vt 3.9404296875 1.6628787517547607
vt 3.9404296875 1.5918560028076172
vt 3.5123696327209473 1.5918560028076172
vt -0.09440106153488159 -1.2846283912658691
vt -0.09440106153488159 -1.3674240112304688
vt -0.016276061534881592 -1.3674240112304688
vt -0.016276061534881592 -1.2727913856506348
vt -0.016276061534881592 -1.2727913856506348
vt -0.016276061534881592 -1.3674240112304688
vt -0.09440106153488159 -1.3674240112304688
vt -0.09440106153488159 -1.2846283912658691
vt -0.016276061534881592 3.6160037517547607
vt -0.016276061534881592 4.0051491260528564
vt -0.09440106153488159 4.0051491260528564
vt -0.09440106153488159 3.6160037517547607
vt 3.9892578125 -1.3674240112304688
vt 3.9892578125 -1.2846283912658691
vt 3.5611977577209473 -1.2846283912658691
vt 3.5611977577209473 -1.3674240112304688
vt 3.6523449420928955 -0.5429692268371582
vt 3.6572277545928955 -0.5429692268371582
vt 3.6572277545928955 -0.6064457893371582
vt 3.6523449420928955 -0.6064457893371582
vt 3.6572277545928955 -0.5429692268371582
vt 3.6523449420928955 -0.5429692268371582
vt 3.6523449420928955 -0.6064457893371582
vt 3.6572277545928955 -0.6064457893371582
vt -4.956052780151367 -0.5429692268371582
vt -4.956052780151367 -0.6064457893371582
vt -4.931638717651367 -0.6064457893371582
vt -4.931638717651367 -0.5429692268371582
vt -4.956052780151367 -0.6064457893371582
vt -4.956052780151367 -0.5429692268371582
vt -4.931638717651367 -0.5429692268371582
vt -4.931638717651367 -0.6064457893371582
vt -9.672850608825684 6.122069358825684
vt -9.648436546325684 6.122069358825684
vt -9.648436546325684 6.126952171325684
vt -9.672850608825684 6.126952171325684
vt -9.648436546325684 6.122069358825684
vt -9.672850608825684 6.122069358825684
vt -9.672850608825684 6.126952171325684
vt -9.648436546325684 6.126952171325684
vt 3.6523449420928955 -0.5673832893371582
vt 3.6572277545928955 -0.5673832893371582
vt 3.6572277545928955 -0.5966801643371582
vt 3.6523449420928955 -0.5966801643371582
vt 3.6572277545928955 -0.5673832893371582
vt 3.6523449420928955 -0.5673832893371582
vt 3.6523449420928955 -0.5966801643371582
vt 3.6572277545928955 -0.5966801643371582
vt -4.956052780151367 -0.5673832893371582
vt -4.956052780151367 -0.5966801643371582
vt -4.931638717651367 -0.5966801643371582
vt -4.931638717651367 -0.5673832893371582
vt -4.956052780151367 -0.5966801643371582
vt -4.956052780151367 -0.5673832893371582
vt -4.931638717651367 -0.5673832893371582
vt -4.931638717651367 -0.5966801643371582
vt -9.633788108825684 6.161131858825684
vt -9.609374046325684 6.161131858825684
vt -9.609374046325684 6.166014671325684
vt -9.633788108825684 6.166014671325684
vt -9.609374046325684 6.161131858825684
vt -9.633788108825684 6.161131858825684
vt -9.633788108825684 6.166014671325684
vt -9.609374046325684 6.166014671325684
vt 3.6523449420928955 -0.5673832893371582
vt 3.6572277545928955 -0.5673832893371582
vt 3.6572277545928955 -0.5966801643371582
vt 3.6523449420928955 -0.5966801643371582
vt 3.6572277545928955 -0.5673832893371582
vt 3.6523449420928955 -0.5673832893371582
vt 3.6523449420928955 -0.5966801643371582
vt 3.6572277545928955 -0.5966801643371582
vt -4.956052780151367 -0.5673832893371582
vt -4.956052780151367 -0.5966801643371582
vt -4.931638717651367 -0.5966801643371582
vt -4.931638717651367 -0.5673832893371582
vt -4.956052780151367 -0.5966801643371582
vt -4.956052780151367 -0.5673832893371582
vt -4.931638717651367 -0.5673832893371582
vt -4.931638717651367 -0.5966801643371582
vt -9.633788108825684 6.161131858825684
vt -9.609374046325684 6.161131858825684
vt -9.609374046325684 6.166014671325684
vt -9.633788108825684 6.166014671325684
vt -9.609374046325684 6.161131858825684
vt -9.633788108825684 6.161131858825684
vt -9.633788108825684 6.166014671325684
vt -9.609374046325684 6.166014671325684
vt -3.038194417953491 -1.001953125
vt -3.038194417953491 -1.3368029594421387
vt -3.4970240592956543 -1.3368029594421387
vt -3.4970240592956543 -1.001953125
vt -4.5149736404418945 -1.37699556350708
vt -4.5149736404418945 -1.0368306636810303
vt -4.996744632720947 -1.0368306636810303
vt -4.996744632720947 -1.37699556350708
vt -4.4296875 4.480751991271973
vt -5.0078125 4.480751991271973
vt -5.0078125 4.333333730697632
vt -4.4296875 4.333333730697632
vt -3.4784228801727295 4.4807517528533936
vt -3.0195932388305664 4.4807517528533936
vt -3.0195932388305664 4.333333492279053
vt -3.4784228801727295 4.333333492279053
vt 4.681636333465576 -1.0416102409362793
vt 4.506138324737549 -1.0416102409362793
vt 4.506138324737549 -1.3273487091064453
vt 4.681636333465576 -1.3273487091064453
vt -1.4436848163604736 -0.19791650772094727
vt -1.2594118118286133 -0.19791650772094727
vt -1.2594118118286133 -0.4836549758911133
vt -1.4436848163604736 -0.4836549758911133
vt -12.0 -1.5806772708892822
vt -12.0 -1.994791030883789
vt -11.421875 -1.994791030883789
vt -11.421875 -1.5806772708892822
vt -3.4970240592956543 -1.7832696437835693
vt -3.4970240592956543 -1.3368034362792969
vt -3.038194417953491 -1.3368034362792969
vt -3.038194417953491 -1.7832696437835693
vt -14.40625 17.000001907348633
vt -13.828125 17.000001907348633
vt -13.828125 17.22113037109375
vt -14.40625 17.22113037109375
vt -3.83203125 -1.0078144073486328
vt -4.41015625 -1.0078144073486328
vt -4.41015625 -0.786686897277832
vt -3.83203125 -0.786686897277832
vt -1.4436848163604736 -1.2254834175109863
vt -1.2594118118286133 -1.2254829406738281
vt -1.2594118118286133 -1.7969598770141602
vt -1.4436848163604736 -1.7969601154327393
vt 4.681636333465576 -1.4285225868225098
vt 4.506138324737549 -1.428523063659668
vt 4.506138324737549 -1.999999761581421
vt 4.681636333465576 -1.9999995231628418
vt -3.4830727577209473 -1.3871867656707764
vt -3.4830727577209473 -1.784045934677124
vt -3.0013017654418945 -1.784045934677124
vt -3.0013017654418945 -1.3871867656707764
vt 3.49609375 -1.999999761581421
vt 3.49609375 -1.4285225868225098
vt 4.07421875 -1.4285225868225098
vt 4.07421875 -1.999999761581421
vt -14.40625 17.221126556396484
vt -13.828125 17.221126556396484
vt -13.828125 17.423828125
vt -14.40625 17.423828125
vt 2.008463144302368 1.6259031295776367
vt 2.490234136581421 1.6259031295776367
vt 2.490234136581421 1.4650297164916992
vt 2.008463144302368 1.4650297164916992
vt -1.2594118118286133 -1.2254829406738281
vt -1.0904946327209473 -1.2969176769256592
vt -1.0904946327209473 -1.7969601154327393
vt -1.2594118118286133 -1.7969601154327393
vt 4.842509746551514 -1.4999573230743408
vt 4.681636333465576 -1.4285225868225098
vt 4.681636333465576 -1.999999761581421
vt 4.842509746551514 -1.999999761581421
vt -3.0381946563720703 -1.001953125
vt -3.0381946563720703 -1.3368029594421387
vt -3.497023820877075 -1.3368029594421387
vt -3.497023820877075 -1.001953125
vt -4.5149736404418945 -1.37699556350708
vt -4.5149736404418945 -1.0368306636810303
vt -4.996744632720947 -1.0368306636810303
vt -4.996744632720947 -1.37699556350708
vt -4.4296875 4.480752229690552
vt -5.0078125 4.480752229690552
vt -5.0078125 4.333333730697632
vt -4.4296875 4.333333730697632
vt -3.4784226417541504 4.4807517528533936
vt -3.0195934772491455 4.4807517528533936
vt -3.0195934772491455 4.333333253860474
vt -3.4784226417541504 4.333333253860474
vt 4.681636333465576 -1.0416102409362793
vt 4.506138324737549 -1.0416102409362793
vt 4.506138324737549 -1.3273487091064453
vt 4.681636333465576 -1.3273487091064453
vt -1.4436845779418945 -0.19791650772094727
vt -1.2594118118286133 -0.19791650772094727
vt -1.2594118118286133 -0.4836549758911133
vt -1.4436845779418945 -0.4836549758911133
vt -12.0 -1.5806772708892822
vt -12.0 -1.994791030883789
vt -11.421875 -1.994791030883789
vt -11.421875 -1.5806772708892822
vt -3.497023820877075 -1.7832696437835693
vt -3.497023820877075 -1.3368034362792969
vt -3.0381946563720703 -1.3368034362792969
vt -3.0381946563720703 -1.7832696437835693
vt -14.40625 17.000001907348633
vt -13.828125 17.000001907348633
vt -13.828125 17.22113037109375
vt -14.40625 17.22113037109375
vt -3.83203125 -1.0078144073486328
vt -4.41015625 -1.0078144073486328
vt -4.41015625 -0.786686897277832
vt -3.83203125 -0.786686897277832
vt -1.4436845779418945 -1.2254834175109863
vt -1.2594118118286133 -1.2254829406738281
vt -1.2594118118286133 -1.7969598770141602
vt -1.4436845779418945 -1.7969601154327393
vt 4.681636333465576 -1.4285225868225098
vt 4.506138324737549 -1.428523063659668
vt 4.506138324737549 -1.999999761581421
vt 4.681636333465576 -1.9999995231628418
vt -3.4830729961395264 -1.3871867656707764
vt -3.4830729961395264 -1.784045934677124
vt -3.0013020038604736 -1.784045934677124
vt -3.0013020038604736 -1.3871867656707764
vt 3.49609375 -1.999999761581421
vt 3.49609375 -1.4285225868225098
vt 4.07421875 -1.4285225868225098
vt 4.07421875 -1.999999761581421
vt -14.40625 17.221126556396484
vt -13.828125 17.221126556396484
vt -13.828125 17.423828125
vt -14.40625 17.423828125
vt 2.008463144302368 1.6259033679962158
vt 2.490234136581421 1.6259033679962158
vt 2.490234136581421 1.4650297164916992
vt 2.008463144302368 1.4650297164916992
vt -1.2594118118286133 -1.2254829406738281
vt -1.0904946327209473 -1.2969176769256592
vt -1.0904946327209473 -1.7969601154327393
vt -1.2594118118286133 -1.7969601154327393
vt 4.842510223388672 -1.4999573230743408
vt 4.681636333465576 -1.4285225868225098
vt 4.681636333465576 -1.999999761581421
vt 4.842510223388672 -1.999999761581421
vt 3.6523449420928955 -0.5429692268371582
vt 3.6572277545928955 -0.5429692268371582
vt 3.6572277545928955 -0.6064457893371582
vt 3.6523449420928955 -0.6064457893371582
vt 3.6572277545928955 -0.5429692268371582
vt 3.6523449420928955 -0.5429692268371582
vt 3.6523449420928955 -0.6064457893371582
vt 3.6572277545928955 -0.6064457893371582
vt -4.956052780151367 -0.5429692268371582
vt -4.956052780151367 -0.6064457893371582
vt -4.931638717651367 -0.6064457893371582
vt -4.931638717651367 -0.5429692268371582
vt -4.956052780151367 -0.6064457893371582
vt -4.956052780151367 -0.5429692268371582
vt -4.931638717651367 -0.5429692268371582
vt -4.931638717651367 -0.6064457893371582
vt -9.672849655151367 6.122069358825684
vt -9.648435592651367 6.122069358825684
vt -9.648435592651367 6.126952171325684
vt -9.672849655151367 6.126952171325684
vt -9.648435592651367 6.122069358825684
vt -9.672849655151367 6.122069358825684
vt -9.672849655151367 6.126952171325684
vt -9.648435592651367 6.126952171325684
vt 3.6523449420928955 -0.5673832893371582
vt 3.6572277545928955 -0.5673832893371582
vt 3.6572277545928955 -0.5966801643371582
vt 3.6523449420928955 -0.5966801643371582
vt 3.6572277545928955 -0.5673832893371582
vt 3.6523449420928955 -0.5673832893371582
vt 3.6523449420928955 -0.5966801643371582
vt 3.6572277545928955 -0.5966801643371582
vt -4.956052780151367 -0.5673832893371582
vt -4.956052780151367 -0.5966801643371582
vt -4.931638717651367 -0.5966801643371582
vt -4.931638717651367 -0.5673832893371582
vt -4.956052780151367 -0.5966801643371582
vt -4.956052780151367 -0.5673832893371582
vt -4.931638717651367 -0.5673832893371582
vt -4.931638717651367 -0.5966801643371582
vt -9.633787155151367 6.161131858825684
vt -9.609373092651367 6.161131858825684
vt -9.609373092651367 6.166014671325684
vt -9.633787155151367 6.166014671325684
vt -9.609373092651367 6.161131858825684
vt -9.633787155151367 6.161131858825684
vt -9.633787155151367 6.166014671325684
vt -9.609373092651367 6.166014671325684
vt 3.6523449420928955 -0.5673832893371582
vt 3.6572277545928955 -0.5673832893371582
vt 3.6572277545928955 -0.5966801643371582
vt 3.6523449420928955 -0.5966801643371582
vt 3.6572277545928955 -0.5673832893371582
vt 3.6523449420928955 -0.5673832893371582
vt 3.6523449420928955 -0.5966801643371582
vt 3.6572277545928955 -0.5966801643371582
vt -4.956052780151367 -0.5673832893371582
vt -4.956052780151367 -0.5966801643371582
vt -4.931638717651367 -0.5966801643371582
vt -4.931638717651367 -0.5673832893371582
vt -4.956052780151367 -0.5966801643371582
vt -4.956052780151367 -0.5673832893371582
vt -4.931638717651367 -0.5673832893371582
vt -4.931638717651367 -0.5966801643371582
vt -9.633787155151367 6.161131858825684
vt -9.609373092651367 6.161131858825684
vt -9.609373092651367 6.166014671325684
vt -9.633787155151367 6.166014671325684
vt -9.609373092651367 6.161131858825684
vt -9.633787155151367 6.161131858825684
vt -9.633787155151367 6.166014671325684
vt -9.609373092651367 6.166014671325684
vt -3.0381946563720703 -1.001953125
vt -3.0381946563720703 -1.3368029594421387
vt -3.497023582458496 -1.3368029594421387
vt -3.497023582458496 -1.001953125
vt -4.5149736404418945 -1.37699556350708
vt -4.5149736404418945 -1.0368306636810303
vt -4.996744632720947 -1.0368306636810303
vt -4.996744632720947 -1.37699556350708
vt -4.4296875 4.480751991271973
vt -5.0078125 4.480751991271973
vt -5.0078125 4.333333492279053
vt -4.4296875 4.333333492279053
vt -3.478422164916992 4.4807515144348145
vt -3.0195932388305664 4.4807515144348145
vt -3.0195932388305664 4.3333330154418945
vt -3.478422164916992 4.3333330154418945
vt 4.681636810302734 -1.0416102409362793
vt 4.506138801574707 -1.0416102409362793
vt 4.506138801574707 -1.3273487091064453
vt 4.681636810302734 -1.3273487091064453
vt -1.443684697151184 -0.19791650772094727
vt -1.2594118118286133 -0.19791650772094727
vt -1.2594118118286133 -0.4836549758911133
vt -1.443684697151184 -0.4836549758911133
vt -12.0 -1.5806772708892822
vt -12.0 -1.994791030883789
vt -11.421875 -1.994791030883789
vt -11.421875 -1.5806772708892822
vt -3.497023582458496 -1.7832696437835693
vt -3.497023582458496 -1.3368034362792969
vt -3.0381946563720703 -1.3368034362792969
vt -3.0381946563720703 -1.7832696437835693
vt -14.40625 17.0
vt -13.828125 17.0
vt -13.828125 17.221128463745117
vt -14.40625 17.221128463745117
vt -3.83203125 -1.0078144073486328
vt -4.41015625 -1.0078144073486328
vt -4.41015625 -0.786686897277832
vt -3.83203125 -0.7866867780685425
vt -1.443684697151184 -1.2254834175109863
vt -1.2594118118286133 -1.2254829406738281
vt -1.2594118118286133 -1.7969598770141602
vt -1.443684697151184 -1.7969601154327393
vt 4.681636810302734 -1.4285225868225098
vt 4.506138801574707 -1.428523063659668
vt 4.506138801574707 -1.999999761581421
vt 4.681636810302734 -1.9999995231628418
vt -3.4830727577209473 -1.3871867656707764
vt -3.4830727577209473 -1.784045934677124
vt -3.0013017654418945 -1.784045934677124
vt -3.0013017654418945 -1.3871867656707764
vt 3.49609375 -1.999999761581421
vt 3.49609375 -1.4285225868225098
vt 4.07421875 -1.4285225868225098
vt 4.07421875 -1.999999761581421
vt -14.40625 17.221128463745117
vt -13.828125 17.221128463745117
vt -13.828125 17.423828125
vt -14.40625 17.423828125
vt 2.0084633827209473 1.6259032487869263
vt 2.490234375 1.6259032487869263
vt 2.490234375 1.4650298357009888
vt 2.0084633827209473 1.4650298357009888
vt -1.2594118118286133 -1.2254829406738281
vt -1.0904946327209473 -1.2969176769256592
vt -1.0904946327209473 -1.7969601154327393
vt -1.2594118118286133 -1.7969601154327393
vt 4.842510223388672 -1.4999573230743408
vt 4.681636810302734 -1.4285225868225098
vt 4.681636810302734 -1.999999761581421
vt 4.842510223388672 -1.999999761581421
vt -3.0381946563720703 -1.001953125
vt -3.0381946563720703 -1.3368029594421387
vt -3.497023820877075 -1.3368029594421387
vt -3.497023820877075 -1.001953125
vt -4.5149736404418945 -1.37699556350708
vt -4.5149736404418945 -1.0368306636810303
vt -4.996744632720947 -1.0368306636810303
vt -4.996744632720947 -1.37699556350708
vt -4.4296875 4.480751991271973
vt -5.0078125 4.480751991271973
vt -5.0078125 4.333333730697632
vt -4.4296875 4.333333730697632
vt -3.4784226417541504 4.4807515144348145
vt -3.0195934772491455 4.4807515144348145
vt -3.0195934772491455 4.333333253860474
vt -3.4784226417541504 4.333333253860474
vt 4.681636333465576 -1.0416102409362793
vt 4.506138324737549 -1.0416102409362793
vt 4.506138324737549 -1.3273487091064453
vt 4.681636333465576 -1.3273487091064453
vt -1.4436848163604736 -0.19791650772094727
vt -1.2594119310379028 -0.19791650772094727
vt -1.2594119310379028 -0.4836549758911133
vt -1.4436848163604736 -0.4836549758911133
vt -12.0 -1.5806772708892822
vt -12.0 -1.994791030883789
vt -11.421875 -1.994791030883789
vt -11.421875 -1.5806772708892822
vt -3.497023820877075 -1.7832696437835693
vt -3.497023820877075 -1.3368034362792969
vt -3.0381946563720703 -1.3368034362792969
vt -3.0381946563720703 -1.7832696437835693
vt -14.40625 17.000001907348633
vt -13.828125 17.000001907348633
vt -13.828125 17.22113037109375
vt -14.40625 17.22113037109375
vt -3.83203125 -1.0078144073486328
vt -4.41015625 -1.0078144073486328
vt -4.41015625 -0.786686897277832
vt -3.83203125 -0.786686897277832
vt -1.4436848163604736 -1.2254834175109863
vt -1.2594119310379028 -1.2254829406738281
vt -1.2594119310379028 -1.7969598770141602
vt -1.4436848163604736 -1.7969601154327393
vt 4.681636333465576 -1.4285225868225098
vt 4.506138324737549 -1.428523063659668
vt 4.506138324737549 -1.999999761581421
vt 4.681636333465576 -1.9999995231628418
vt -3.4830729961395264 -1.3871867656707764
vt -3.4830729961395264 -1.784045934677124
vt -3.0013020038604736 -1.784045934677124
vt -3.0013020038604736 -1.3871867656707764
vt 3.49609375 -1.999999761581421
vt 3.49609375 -1.4285225868225098
vt 4.07421875 -1.4285225868225098
vt 4.07421875 -1.999999761581421
vt -14.40625 17.221126556396484
vt -13.828125 17.221126556396484
vt -13.828125 17.423828125
vt -14.40625 17.423828125
vt 2.008462905883789 1.6259034872055054
vt 2.490233898162842 1.6259033679962158
vt 2.490233898162842 1.4650298357009888
vt 2.008462905883789 1.4650299549102783
vt -1.2594119310379028 -1.2254829406738281
vt -1.0904947519302368 -1.2969176769256592
vt -1.0904947519302368 -1.7969601154327393
vt -1.2594119310379028 -1.7969601154327393
vt 4.842510223388672 -1.4999573230743408
vt 4.681636333465576 -1.4285225868225098
vt 4.681636333465576 -1.999999761581421
vt 4.842510223388672 -1.999999761581421
vt -3.5026040077209473 -1.0027282238006592
vt -3.5026040077209473 -1.9947917461395264
vt -3.9973957538604736 -1.9947917461395264
vt -3.9973957538604736 -1.0027282238006592
vt -4.00390625 -0.9934275150299072
vt -4.00390625 -0.001363992691040039
vt -4.498697757720947 -0.001363992691040039
vt -4.498697757720947 -0.9934275150299072
vt -5.40625 5.875000476837158
vt -6.0 5.875000476837158
vt -6.0 5.406250476837158
vt -5.40625 5.406250476837158
vt -5.50390625 5.99609375
vt -4.91015625 5.99609375
vt -4.91015625 5.52734375
vt -5.50390625 5.52734375
vt 3.9908852577209473 -1.0032052993774414
vt 3.6002602577209473 -1.0032052993774414
vt 3.6002602577209473 -1.8044872283935547
vt 3.9908852577209473 -1.8044872283935547
vt 3.6002602577209473 -1.0032052993774414
vt 3.9908852577209473 -1.0032052993774414
vt 3.9908852577209473 -1.8044872283935547
vt 3.6002602577209473 -1.8044872283935547
vt -3.5026028156280518 -1.0027282238006592
vt -3.5026028156280518 -1.9947917461395264
vt -3.997394323348999 -1.9947917461395264
vt -3.997394323348999 -1.0027282238006592
vt -4.003904819488525 -0.9934275150299072
vt -4.003904819488525 -0.001363992691040039
vt -4.498696327209473 -0.001363992691040039
vt -4.498696327209473 -0.9934275150299072
vt -5.406248569488525 5.875000953674316
vt -5.999998569488525 5.875000953674316
vt -5.999998569488525 5.406250953674316
vt -5.406248569488525 5.406250953674316
vt -5.503904819488525 5.996094703674316
vt -4.910154819488525 5.996094703674316
vt -4.910154819488525 5.527344703674316
vt -5.503904819488525 5.527344703674316
vt 3.9908864498138428 -1.0032052993774414
vt 3.6002614498138428 -1.0032052993774414
vt 3.6002614498138428 -1.8044872283935547
vt 3.9908864498138428 -1.8044872283935547
vt 3.6002614498138428 -1.0032052993774414
vt 3.9908864498138428 -1.0032052993774414
vt 3.9908864498138428 -1.8044872283935547
vt 3.6002614498138428 -1.8044872283935547
vt -3.50260329246521 -1.0027282238006592
vt -3.50260329246521 -1.9947917461395264
vt -3.9973948001861572 -1.9947917461395264
vt -3.9973948001861572 -1.0027282238006592
vt -4.003905296325684 -0.9934275150299072
vt -4.003905296325684 -0.001363992691040039
vt -4.498696804046631 -0.001363992691040039
vt -4.498696804046631 -0.9934275150299072
vt -5.406249046325684 5.875000953674316
vt -5.999999046325684 5.875000953674316
vt -5.999999046325684 5.406250953674316
vt -5.406249046325684 5.406250953674316
vt -5.503905296325684 5.996094703674316
vt -4.910155296325684 5.996094703674316
vt -4.910155296325684 5.527344703674316
vt -5.503905296325684 5.527344703674316
vt 3.990886688232422 -1.0032052993774414
vt 3.600261688232422 -1.0032052993774414
vt 3.600261688232422 -1.8044872283935547
vt 3.990886688232422 -1.8044872283935547
vt 3.600261688232422 -1.0032052993774414
vt 3.990886688232422 -1.0032052993774414
vt 3.990886688232422 -1.8044872283935547
vt 3.600261688232422 -1.8044872283935547
vt -3.50260329246521 -1.0027282238006592
vt -3.50260329246521 -1.9947917461395264
vt -3.9973950386047363 -1.9947917461395264
vt -3.9973950386047363 -1.0027282238006592
vt -4.003905296325684 -0.9934275150299072
vt -4.003905296325684 -0.001363992691040039
vt -4.498696804046631 -0.001363992691040039
vt -4.498696804046631 -0.9934275150299072
vt -5.406249046325684 5.875000953674316
vt -5.999999046325684 5.875000953674316
vt -5.999999046325684 5.406250953674316
vt -5.406249046325684 5.406250953674316
vt -5.503905296325684 5.996094703674316
vt -4.910155296325684 5.996094703674316
vt -4.910155296325684 5.527344703674316
vt -5.503905296325684 5.527344703674316
vt 3.9908862113952637 -1.0032052993774414
vt 3.6002612113952637 -1.0032052993774414
vt 3.6002612113952637 -1.8044872283935547
vt 3.9908862113952637 -1.8044872283935547
vt 3.6002612113952637 -1.0032052993774414
vt 3.9908862113952637 -1.0032052993774414
vt 3.9908862113952637 -1.8044872283935547
vt 3.6002612113952637 -1.8044872283935547
vt -3.502603054046631 -1.0027282238006592
vt -3.502603054046631 -1.9947917461395264
vt -3.997394561767578 -1.9947917461395264
vt -3.997394561767578 -1.0027282238006592
vt -4.003904819488525 -0.9934275150299072
vt -4.003904819488525 -0.001363992691040039
vt -4.498696327209473 -0.001363992691040039
vt -4.498696327209473 -0.9934275150299072
vt -5.406248569488525 5.875000476837158
vt -5.999998569488525 5.875000476837158
vt -5.999998569488525 5.406250476837158
vt -5.406248569488525 5.406250476837158
vt -5.503904819488525 5.996094226837158
vt -4.910154819488525 5.996094226837158
vt -4.910154819488525 5.527344226837158
vt -5.503904819488525 5.527344226837158
vt 3.9908862113952637 -1.0032052993774414
vt 3.6002612113952637 -1.0032052993774414
vt 3.6002612113952637 -1.8044872283935547
vt 3.9908862113952637 -1.8044872283935547
vt 3.6002612113952637 -1.0032052993774414
vt 3.9908862113952637 -1.0032052993774414
vt 3.9908862113952637 -1.8044872283935547
vt 3.6002612113952637 -1.8044872283935547
vt -3.502603054046631 -1.0027282238006592
vt -3.502603054046631 -1.9947917461395264
vt -3.997394561767578 -1.9947917461395264
vt -3.997394561767578 -1.0027282238006592
vt -4.003904819488525 -0.9934275150299072
vt -4.003904819488525 -0.001363992691040039
vt -4.498696327209473 -0.001363992691040039
vt -4.498696327209473 -0.9934275150299072
vt -5.406249046325684 5.875000476837158
vt -5.999999046325684 5.875000476837158
vt -5.999999046325684 5.406250476837158
vt -5.406249046325684 5.406250476837158
vt -5.503905296325684 5.996094226837158
vt -4.910155296325684 5.996094226837158
vt -4.910155296325684 5.527344226837158
vt -5.503905296325684 5.527344226837158
vt 3.9908864498138428 -1.0032052993774414
vt 3.6002614498138428 -1.0032052993774414
vt 3.6002614498138428 -1.8044872283935547
vt 3.9908864498138428 -1.8044872283935547
vt 3.600261688232422 -1.0032052993774414
vt 3.990886688232422 -1.0032052993774414
vt 3.990886688232422 -1.8044872283935547
vt 3.600261688232422 -1.8044872283935547
vt 8.822943687438965 20.634765625
vt 8.814971923828125 20.634765625
vt 8.814971923828125 20.791015625
vt 8.822943687438965 20.791015625
vt 8.814971923828125 12.111328125
vt 8.814971923828125 12.087891578674316
vt 8.822943687438965 12.087891578674316
vt 8.822943687438965 12.111328125
vt 8.822943687438965 12.111328125
vt 8.822943687438965 12.087891578674316
vt 8.814971923828125 12.087891578674316
vt 8.814971923828125 12.111328125
vt 12.043606758117676 20.791015625
vt 12.043606758117676 20.634765625
vt 12.067522048950195 20.634765625
vt 12.067522048950195 20.791015625
vt 12.067522048950195 20.791015625
vt 12.067522048950195 20.634765625
vt 12.043606758117676 20.634765625
vt 12.043606758117676 20.791015625
vt 8.822943687438965 20.634765625
vt 8.822943687438965 20.791015625
vt 8.814971923828125 20.791015625
vt 8.814971923828125 20.634765625
vt 8.814970970153809 20.791015625
vt 8.814970970153809 20.634765625
vt 8.822942733764648 20.634765625
vt 8.822942733764648 20.791015625
vt 8.822942733764648 12.275391578674316
vt 8.814970970153809 12.275391578674316
vt 8.814970970153809 12.251953125
vt 8.822942733764648 12.251953125
vt 8.814970970153809 12.275391578674316
vt 8.822942733764648 12.275391578674316
vt 8.822942733764648 12.251953125
vt 8.814970970153809 12.251953125
vt 12.211016654968262 20.634765625
vt 12.234933853149414 20.634765625
vt 12.234933853149414 20.791015625
vt 12.211016654968262 20.791015625
vt 12.234933853149414 20.791015625
vt 12.234933853149414 20.634765625
vt 12.211016654968262 20.634765625
vt 12.211016654968262 20.791015625
vt 8.814970970153809 20.634765625
vt 8.814970970153809 20.791015625
vt 8.822942733764648 20.791015625
vt 8.822942733764648 20.634765625
vt 8.814971923828125 12.111328125
vt 8.822943687438965 12.111328125
vt 8.822943687438965 12.251953125
vt 8.814971923828125 12.251953125
vt 12.067522048950195 20.634765625
vt 12.211016654968262 20.634765625
vt 12.211016654968262 20.658203125
vt 12.067522048950195 20.658203125
vt 12.211016654968262 20.634765625
vt 12.067522048950195 20.634765625
vt 12.067522048950195 20.658203125
vt 12.211016654968262 20.658203125
vt 8.822943687438965 20.658203125
vt 8.822943687438965 20.634765625
vt 8.814971923828125 20.634765625
vt 8.814971923828125 20.658203125
vt 8.822943687438965 20.658203125
vt 8.814971923828125 20.658203125
vt 8.814971923828125 20.634765625
vt 8.822943687438965 20.634765625
vt 8.814971923828125 12.111328125
vt 8.814971923828125 12.251953125
vt 8.822943687438965 12.251953125
vt 8.822943687438965 12.111328125
vt 8.814971923828125 12.111328125
vt 8.814971923828125 12.251953125
vt 8.822943687438965 12.251953125
vt 8.822943687438965 12.111328125
vt 12.211016654968262 20.767578125
vt 12.211016654968262 20.791015625
vt 12.067522048950195 20.791015625
vt 12.067522048950195 20.767578125
vt 12.067522048950195 20.791015625
vt 12.211016654968262 20.791015625
vt 12.211016654968262 20.767578125
vt 12.067522048950195 20.767578125
vt 8.814971923828125 20.791015625
vt 8.822943687438965 20.791015625
vt 8.822943687438965 20.767578125
vt 8.814971923828125 20.767578125
vt 8.822943687438965 20.791015625
vt 8.814971923828125 20.791015625
vt 8.814971923828125 20.767578125
vt 8.822943687438965 20.767578125
vt 8.822943687438965 12.111328125
vt 8.822943687438965 12.251953125
vt 8.814971923828125 12.251953125
vt 8.814971923828125 12.111328125
vt -1.58203125 -3.296875
vt -1.58203125 -3.609375
vt -1.5885416269302368 -3.609375
vt -1.5885416269302368 -3.296875
vt -1.5820313692092896 -3.609375
vt -1.5820313692092896 -3.296875
vt -1.5885417461395264 -3.296875
vt -1.5885417461395264 -3.609375
vt -1.5820313692092896 57.953121185302734
vt -1.5885417461395264 57.953121185302734
vt -1.5885416269302368 56.963539123535156
vt -1.58203125 56.963539123535156
vt -1.5885417461395264 57.953121185302734
vt -1.5820313692092896 57.953121185302734
vt -1.58203125 56.963539123535156
vt -1.5885416269302368 56.963539123535156
vt 2.63671875 -3.296875
vt 1.6471357345581055 -3.296875
vt 1.6471357345581055 -3.609375
vt 2.63671875 -3.609375
vt 1.6471357345581055 -3.296875
vt 2.63671875 -3.296875
vt 2.63671875 -3.609375
vt 1.6471357345581055 -3.609375
vt -1.4140625 -0.5
vt -1.42578125 -0.5
vt -1.42578125 -0.125
vt -1.4140625 -0.125
vt -1.42578125 2.37890625
vt -1.42578125 2.375
vt -1.4140625 2.375
vt -1.4140625 2.37890625
vt -1.4140625 2.37890625
vt -1.4140625 2.375
vt -1.42578125 2.375
vt -1.42578125 2.37890625
vt 1.375 -0.125
vt 1.375 -0.5
vt 1.37890625 -0.5
vt 1.37890625 -0.125
vt 1.37890625 -0.125
vt 1.37890625 -0.5
vt 1.375 -0.5
vt 1.375 -0.125
vt -1.4140625 -0.5
vt -1.4140625 -0.125
vt -1.42578125 -0.125
vt -1.42578125 -0.5
vt -1.42578125 -0.125
vt -1.42578125 -0.5
vt -1.4140625 -0.5
vt -1.4140625 -0.125
vt -1.4140625 2.734375
vt -1.42578125 2.734375
vt -1.42578125 2.73046875
vt -1.4140625 2.73046875
vt -1.42578125 2.734375
vt -1.4140625 2.734375
vt -1.4140625 2.73046875
vt -1.42578125 2.73046875
vt 1.73046875 -0.5
vt 1.734375 -0.5
vt 1.734375 -0.125
vt 1.73046875 -0.125
vt 1.734375 -0.125
vt 1.734375 -0.5
vt 1.73046875 -0.5
vt 1.73046875 -0.125
vt -1.42578125 -0.5
vt -1.42578125 -0.125
vt -1.4140625 -0.125
vt -1.4140625 -0.5
vt -1.42578125 2.37890625
vt -1.4140625 2.37890625
vt -1.4140625 2.73046875
vt -1.42578125 2.73046875
vt 1.37890625 -0.5
vt 1.73046875 -0.5
vt 1.73046875 -0.49609375
vt 1.37890625 -0.49609375
vt 1.73046875 -0.5
vt 1.37890625 -0.5
vt 1.37890625 -0.49609375
vt 1.73046875 -0.49609375
vt -1.4140625 -0.49609375
vt -1.4140625 -0.5
vt -1.42578125 -0.5
vt -1.42578125 -0.49609375
vt -1.4140625 -0.49609375
vt -1.42578125 -0.49609375
vt -1.42578125 -0.5
vt -1.4140625 -0.5
vt -1.42578125 2.37890625
vt -1.42578125 2.73046875
vt -1.4140625 2.73046875
vt -1.4140625 2.37890625
vt -1.42578125 2.37890625
vt -1.42578125 2.73046875
vt -1.4140625 2.73046875
vt -1.4140625 2.37890625
vt 1.73046875 -0.12890625
vt 1.73046875 -0.125
vt 1.37890625 -0.125
vt 1.37890625 -0.12890625
vt 1.37890625 -0.125
vt 1.73046875 -0.125
vt 1.73046875 -0.12890625
vt 1.37890625 -0.12890625
vt -1.42578125 -0.125
vt -1.4140625 -0.125
vt -1.4140625 -0.12890625
vt -1.42578125 -0.12890625
vt -1.4140625 -0.125
vt -1.42578125 -0.125
vt -1.42578125 -0.12890625
vt -1.4140625 -0.12890625
vt -1.4140625 2.37890625
vt -1.4140625 2.73046875
vt -1.42578125 2.73046875
vt -1.42578125 2.37890625
vt -1.4140625 -0.5
vt -1.42578125 -0.5
vt -1.42578125 -0.125
vt -1.4140625 -0.125
vt -1.42578125 2.76953125
vt -1.42578125 2.765625
vt -1.4140625 2.765625
vt -1.4140625 2.76953125
vt -1.4140625 2.76953125
vt -1.4140625 2.765625
vt -1.42578125 2.765625
vt -1.42578125 2.76953125
vt 1.765625 -0.125
vt 1.765625 -0.5
vt 1.76953125 -0.5
vt 1.76953125 -0.125
vt 1.76953125 -0.125
vt 1.76953125 -0.5
vt 1.765625 -0.5
vt 1.765625 -0.125
vt -1.4140625 -0.5
vt -1.4140625 -0.125
vt -1.42578125 -0.125
vt -1.42578125 -0.5
vt -1.42578125 -0.125
vt -1.42578125 -0.5
vt -1.4140625 -0.5
vt -1.4140625 -0.125
vt -1.4140625 3.125
vt -1.42578125 3.125
vt -1.42578125 3.12109375
vt -1.4140625 3.12109375
vt -1.42578125 3.125
vt -1.4140625 3.125
vt -1.4140625 3.12109375
vt -1.42578125 3.12109375
vt 2.12109375 -0.5
vt 2.125 -0.5
vt 2.125 -0.125
vt 2.12109375 -0.125
vt 2.125 -0.125
vt 2.125 -0.5
vt 2.12109375 -0.5
vt 2.12109375 -0.125
vt -1.42578125 -0.5
vt -1.42578125 -0.125
vt -1.4140625 -0.125
vt -1.4140625 -0.5
vt -1.42578125 2.76953125
vt -1.4140625 2.76953125
vt -1.4140625 3.12109375
vt -1.42578125 3.12109375
vt 1.76953125 -0.5
vt 2.12109375 -0.5
vt 2.12109375 -0.49609375
vt 1.76953125 -0.49609375
vt 2.12109375 -0.5
vt 1.76953125 -0.5
vt 1.76953125 -0.49609375
vt 2.12109375 -0.49609375
vt -1.4140625 -0.49609375
vt -1.4140625 -0.5
vt -1.42578125 -0.5
vt -1.42578125 -0.49609375
vt -1.4140625 -0.49609375
vt -1.42578125 -0.49609375
vt -1.42578125 -0.5
vt -1.4140625 -0.5
vt -1.42578125 2.76953125
vt -1.42578125 3.12109375
vt -1.4140625 3.12109375
vt -1.4140625 2.76953125
vt -1.42578125 2.76953125
vt -1.42578125 3.12109375
vt -1.4140625 3.12109375
vt -1.4140625 2.76953125
vt 2.12109375 -0.12890625
vt 2.12109375 -0.125
vt 1.76953125 -0.125
vt 1.76953125 -0.12890625
vt 1.76953125 -0.125
vt 2.12109375 -0.125
vt 2.12109375 -0.12890625
vt 1.76953125 -0.12890625
vt -1.42578125 -0.125
vt -1.4140625 -0.125
vt -1.4140625 -0.12890625
vt -1.42578125 -0.12890625
vt -1.4140625 -0.125
vt -1.42578125 -0.125
vt -1.42578125 -0.12890625
vt -1.4140625 -0.12890625
vt -1.4140625 2.76953125
vt -1.4140625 3.12109375
vt -1.42578125 3.12109375
vt -1.42578125 2.76953125
vt 7.8125 4.060317754745483
vt 7.75 4.060317754745483
vt 7.75 2.304687261581421
vt 7.8125 2.304687261581421
vt -3.9978179931640625 7.8125
vt -3.9978179931640625 7.875
vt -2.2421875 7.875
vt -2.2421875 7.8125
vt -3.9978179931640625 1.526424527168274
vt -2.2421875 1.5264242887496948
vt -2.2421875 2.2734373807907104
vt -3.9978179931640625 2.2734376192092896
vt 0.5264244079589844 3.2421875
vt 0.5264247059822083 4.9978179931640625
vt 1.273437738418579 4.9978179931640625
vt 1.2734375 3.2421875
vt 0.5264242887496948 7.875
vt 1.2734373807907104 7.875
vt 1.2734373807907104 7.8125
vt 0.5264242887496948 7.8125
vt 1.2734376192092896 7.875
vt 0.5264245271682739 7.875
vt 0.5264245271682739 7.8125
vt 1.2734376192092896 7.8125
vt -0.043402791023254395 1.4644097089767456
vt -0.043402791023254395 1.2213542461395264
vt -0.034722328186035156 1.2213542461395264
vt -0.034722328186035156 1.4644097089767456
vt -0.043402791023254395 1.2213542461395264
vt -0.043402791023254395 1.4644097089767456
vt -0.034722328186035156 1.4644097089767456
vt -0.034722328186035156 1.2213542461395264
vt -3.0251739025115967 1.516492486000061
vt -3.0251739025115967 1.5078120231628418
vt -3.5807294845581055 1.5078120231628418
vt -3.5807294845581055 1.516492486000061
vt 1.4800348281860352 5.483506679534912
vt 1.4800348281860352 5.4921875
vt 0.9244792461395264 5.4921875
vt 0.9244792461395264 5.483506679534912
vt 3.4114584922790527 1.7335069179534912
vt 3.9670138359069824 1.7335069179534912
vt 3.9670138359069824 1.490451455116272
vt 3.4114584922790527 1.490451455116272
vt -3.5807290077209473 1.4644097089767456
vt -3.0251734256744385 1.4644097089767456
vt -3.0251734256744385 1.2213542461395264
vt -3.5807290077209473 1.2213542461395264
vt -0.043402791023254395 1.4817708730697632
vt -0.043402791023254395 1.2039930820465088
vt -0.034722328186035156 1.2039930820465088
vt -0.034722328186035156 1.4817708730697632
vt -0.043402791023254395 1.2039930820465088
vt -0.043402791023254395 1.4817708730697632
vt -0.034722328186035156 1.4817708730697632
vt -0.034722328186035156 1.2039930820465088
vt -3.0295138359069824 1.516492486000061
vt -3.0295138359069824 1.5078120231628418
vt -3.4114584922790527 1.5078120231628418
vt -3.4114584922790527 1.516492486000061
vt 1.4756945371627808 5.483506679534912
vt 1.4756945371627808 5.4921875
vt 1.0937501192092896 5.4921875
vt 1.0937501192092896 5.483506679534912
vt 1.0069445371627808 2.7447917461395264
vt 1.388888955116272 2.7447917461395264
vt 1.388888955116272 2.467013955116272
vt 1.0069445371627808 2.467013955116272
vt -3.4114580154418945 1.4817708730697632
vt -3.0295138359069824 1.4817708730697632
vt -3.0295138359069824 1.2039930820465088
vt -3.4114580154418945 1.2039930820465088
vt -5.2001953125 -2.0419921875
vt -5.0439453125 -2.0419921875
vt -5.0439453125 -2.1103515625
vt -5.2001953125 -2.1103515625
vt -5.0439453125 -2.0419921875
vt -5.2001953125 -2.0419921875
vt -5.2001953125 -2.1103515625
vt -5.0439453125 -2.1103515625
vt -5.2001953125 -2.14453125
vt -5.0439453125 -2.14453125
vt -5.0439453125 -2.212890625
vt -5.2001953125 -2.212890625
vt -5.0439453125 -2.0419921875
vt -5.2001953125 -2.0419921875
vt -5.2001953125 -2.1103515625
vt -5.0439453125 -2.1103515625
vt -5.2001953125 -2.0419921875
vt -5.0439453125 -2.0419921875
vt -5.0439453125 -2.1103515625
vt -5.2001953125 -2.1103515625
vt -5.0439453125 -2.0419921875
vt -5.2001953125 -2.0419921875
vt -5.2001953125 -2.1103515625
vt -5.0439453125 -2.1103515625
vt -5.2001953125 -2.14453125
vt -5.0439453125 -2.14453125
vt -5.0439453125 -2.212890625
vt -5.2001953125 -2.212890625
vt -5.0439453125 -2.0419921875
vt -5.2001953125 -2.0419921875
vt -5.2001953125 -2.1103515625
vt -5.0439453125 -2.1103515625
vt -5.2001953125 -2.0419921875
vt -5.0439453125 -2.0419921875
vt -5.0439453125 -2.1103515625
vt -5.2001953125 -2.1103515625
vt -5.0439453125 -2.0419921875
vt -5.2001953125 -2.0419921875
vt -5.2001953125 -2.1103515625
vt -5.0439453125 -2.1103515625
vt -5.2001953125 -2.14453125
vt -5.0439453125 -2.14453125
vt -5.0439453125 -2.212890625
vt -5.2001953125 -2.212890625
vt -5.0439453125 -2.0419921875
vt -5.2001953125 -2.0419921875
vt -5.2001953125 -2.1103515625
vt -5.0439453125 -2.1103515625
vt 1.0400390625 -3.8291015625
vt 1.0400390625 -3.970703125
vt 1.044921875 -3.970703125
vt 1.044921875 -3.8291015625
vt 1.23046875 -3.970703125
vt 1.23046875 -3.8291015625
vt 1.2353515625 -3.8291015625
vt 1.2353515625 -3.970703125
vt -5.4638671875 2.1572264432907104
vt -5.4638671875 2.1621092557907104
vt -5.234375 2.1621092557907104
vt -5.234375 2.1572264432907104
vt -5.9716796875 0.03320300579071045
vt -5.9716796875 0.02832019329071045
vt -5.7421875 0.02832019329071045
vt -5.7421875 0.03320300579071045
vt -5.9716796875 -3.8291015625
vt -5.7421875 -3.8291015625
vt -5.7421875 -3.970703125
vt -5.9716796875 -3.970703125
vt -5.087890625 -1.9931640625
vt -5.3173828125 -1.9931640625
vt -5.3173828125 -2.134765625
vt -5.087890625 -2.134765625
vt 1.0400390625 -3.8291015625
vt 1.0400390625 -3.970703125
vt 1.044921875 -3.970703125
vt 1.044921875 -3.8291015625
vt 1.23046875 -3.970703125
vt 1.23046875 -3.8291015625
vt 1.2353515625 -3.8291015625
vt 1.2353515625 -3.970703125
vt -5.4638671875 2.1572264432907104
vt -5.4638671875 2.1621092557907104
vt -5.234375 2.1621092557907104
vt -5.234375 2.1572264432907104
vt -5.9716796875 0.03320300579071045
vt -5.9716796875 0.02832019329071045
vt -5.7421875 0.02832019329071045
vt -5.7421875 0.03320300579071045
vt -5.4638671875 -3.8291015625
vt -5.234375 -3.8291015625
vt -5.234375 -3.970703125
vt -5.4638671875 -3.970703125
vt -5.087890625 -1.9931640625
vt -5.3173828125 -1.9931640625
vt -5.3173828125 -2.134765625
vt -5.087890625 -2.134765625
vt 1.0400390625 -3.8291015625
vt 1.0400390625 -3.970703125
vt 1.044921875 -3.970703125
vt 1.044921875 -3.8291015625
vt 1.23046875 -3.970703125
vt 1.23046875 -3.8291015625
vt 1.2353515625 -3.8291015625
vt 1.2353515625 -3.970703125
vt -5.4638671875 2.1572264432907104
vt -5.4638671875 2.1621092557907104
vt -5.234375 2.1621092557907104
vt -5.234375 2.1572264432907104
vt -5.9716796875 0.03320300579071045
vt -5.9716796875 0.02832019329071045
vt -5.7421875 0.02832019329071045
vt -5.7421875 0.03320300579071045
vt -5.7177734375 -3.8291015625
vt -5.48828125 -3.8291015625
vt -5.48828125 -3.970703125
vt -5.7177734375 -3.970703125
vt -5.087890625 -1.9931640625
vt -5.3173828125 -1.9931640625
vt -5.3173828125 -2.134765625
vt -5.087890625 -2.134765625
vt 1.4289063215255737 -1.2536582946777344
vt 1.410689353942871 -1.2536582946777344
vt 1.410689353942871 -1.139328956604004
vt 1.4289063215255737 -1.139328956604004
vt 1.410689353942871 -1.2536582946777344
vt 1.4289063215255737 -1.2536582946777344
vt 1.4289063215255737 -1.139328956604004
vt 1.410689353942871 -1.139328956604004
vt -0.3431973457336426 -1.2536582946777344
vt -0.3431973457336426 -1.139328956604004
vt -0.1526484489440918 -1.139328956604004
vt -0.1526484489440918 -1.2536582946777344
vt -0.3431973457336426 -1.139328956604004
vt -0.3431973457336426 -1.2536582946777344
vt -0.1526484489440918 -1.2536582946777344
vt -0.1526484489440918 -1.139328956604004
vt -0.3431973457336426 2.214539051055908
vt -0.1526484489440918 2.214539051055908
vt -0.1526484489440918 2.1963220834732056
vt -0.3431973457336426 2.1963220834732056
vt -0.1526484489440918 2.214539051055908
vt -0.3431973457336426 2.214539051055908
vt -0.3431973457336426 2.1963220834732056
vt -0.1526484489440918 2.1963220834732056
vt 1.4289064407348633 -1.2536582946777344
vt 1.410689353942871 -1.2536582946777344
vt 1.410689353942871 -1.139328956604004
vt 1.4289064407348633 -1.139328956604004
vt 1.410689353942871 -1.2536582946777344
vt 1.4289064407348633 -1.2536582946777344
vt 1.4289064407348633 -1.139328956604004
vt 1.410689353942871 -1.139328956604004
vt -0.3431973457336426 -1.2536582946777344
vt -0.3431973457336426 -1.139328956604004
vt -0.1526484489440918 -1.139328956604004
vt -0.1526484489440918 -1.2536582946777344
vt -0.3431973457336426 -1.139328956604004
vt -0.3431973457336426 -1.2536582946777344
vt -0.1526484489440918 -1.2536582946777344
vt -0.1526484489440918 -1.139328956604004
vt -0.3431973457336426 2.214539051055908
vt -0.1526484489440918 2.214539051055908
vt -0.1526484489440918 2.1963220834732056
vt -0.3431973457336426 2.1963220834732056
vt -0.1526484489440918 2.214539051055908
vt -0.3431973457336426 2.214539051055908
vt -0.3431973457336426 2.1963220834732056
vt -0.1526484489440918 2.1963220834732056
vt 1.4289064407348633 -1.2536585330963135
vt 1.410689353942871 -1.2536585330963135
vt 1.410689353942871 -1.139329195022583
vt 1.4289064407348633 -1.139329195022583
vt 1.410689353942871 -1.2536585330963135
vt 1.4289064407348633 -1.2536585330963135
vt 1.4289064407348633 -1.139329195022583
vt 1.410689353942871 -1.139329195022583
vt -0.3431971073150635 -1.2536585330963135
vt -0.3431971073150635 -1.139329195022583
vt -0.1526482105255127 -1.139329195022583
vt -0.1526482105255127 -1.2536585330963135
vt -0.3431971073150635 -1.139329195022583
vt -0.3431971073150635 -1.2536585330963135
vt -0.1526482105255127 -1.2536585330963135
vt -0.1526482105255127 -1.139329195022583
vt -0.3431971073150635 2.214539051055908
vt -0.1526482105255127 2.214539051055908
vt -0.1526482105255127 2.1963220834732056
vt -0.3431971073150635 2.1963220834732056
vt -0.1526482105255127 2.214539051055908
vt -0.3431971073150635 2.214539051055908
vt -0.3431971073150635 2.1963220834732056
vt -0.1526482105255127 2.1963220834732056
vt 1.4289064407348633 -1.2536585330963135
vt 1.410689353942871 -1.2536585330963135
vt 1.410689353942871 -1.139329195022583
vt 1.4289064407348633 -1.139329195022583
vt 1.4106903076171875 -1.2536585330963135
vt 1.4289064407348633 -1.2536585330963135
vt 1.4289064407348633 -1.139329195022583
vt 1.4106903076171875 -1.139329195022583
vt -0.343197226524353 -1.2536585330963135
vt -0.343197226524353 -1.139329195022583
vt -0.1526484489440918 -1.139329195022583
vt -0.1526484489440918 -1.2536585330963135
vt -0.343197226524353 -1.139329195022583
vt -0.343197226524353 -1.2536585330963135
vt -0.1526484489440918 -1.2536585330963135
vt -0.1526484489440918 -1.139329195022583
vt -0.343197226524353 2.214539051055908
vt -0.1526484489440918 2.214539051055908
vt -0.1526484489440918 2.196321964263916
vt -0.343197226524353 2.1963229179382324
vt -0.1526484489440918 2.214539051055908
vt -0.343197226524353 2.214539051055908
vt -0.343197226524353 2.1963229179382324
vt -0.1526484489440918 2.196321964263916
vt 1.4289064407348633 -1.2536582946777344
vt 1.410689353942871 -1.2536582946777344
vt 1.410689353942871 -1.139328956604004
vt 1.4289064407348633 -1.139328956604004
vt 1.4106903076171875 -1.2536582946777344
vt 1.4289064407348633 -1.2536582946777344
vt 1.4289064407348633 -1.139328956604004
vt 1.4106903076171875 -1.139328956604004
vt -0.3431973457336426 -1.2536582946777344
vt -0.3431973457336426 -1.139328956604004
vt -0.1526484489440918 -1.139328956604004
vt -0.1526484489440918 -1.2536582946777344
vt -0.3431973457336426 -1.139328956604004
vt -0.3431973457336426 -1.2536582946777344
vt -0.1526484489440918 -1.2536582946777344
vt -0.1526484489440918 -1.139328956604004
vt -0.3431973457336426 2.214539051055908
vt -0.1526484489440918 2.214539051055908
vt -0.1526484489440918 2.196321964263916
vt -0.3431973457336426 2.1963229179382324
vt -0.1526484489440918 2.214539051055908
vt -0.3431973457336426 2.214539051055908
vt -0.3431973457336426 2.1963229179382324
vt -0.1526484489440918 2.196321964263916
vt 1.4289062023162842 -1.2536585330963135
vt 1.410689353942871 -1.2536585330963135
vt 1.410689353942871 -1.139329195022583
vt 1.4289062023162842 -1.139329195022583
vt 1.410689353942871 -1.2536585330963135
vt 1.4289062023162842 -1.2536585330963135
vt 1.4289062023162842 -1.139329195022583
vt 1.410689353942871 -1.139329195022583
vt -0.3431971073150635 -1.2536585330963135
vt -0.3431971073150635 -1.139329195022583
vt -0.15264832973480225 -1.139329195022583
vt -0.15264832973480225 -1.2536585330963135
vt -0.3431971073150635 -1.139329195022583
vt -0.3431971073150635 -1.2536585330963135
vt -0.15264832973480225 -1.2536585330963135
vt -0.15264832973480225 -1.139329195022583
vt -0.3431971073150635 2.214539051055908
vt -0.15264832973480225 2.214539051055908
vt -0.15264832973480225 2.196322202682495
vt -0.3431971073150635 2.196322202682495
vt -0.15264832973480225 2.214539051055908
vt -0.3431971073150635 2.214539051055908
vt -0.3431971073150635 2.196322202682495
vt -0.15264832973480225 2.196322202682495
vt 1.4289062023162842 -1.2536585330963135
vt 1.410689353942871 -1.2536585330963135
vt 1.410689353942871 -1.139329195022583
vt 1.4289062023162842 -1.139329195022583
vt 1.410689353942871 -1.2536585330963135
vt 1.4289062023162842 -1.2536585330963135
vt 1.4289062023162842 -1.139329195022583
vt 1.410689353942871 -1.139329195022583
vt -0.3431971073150635 -1.2536585330963135
vt -0.3431971073150635 -1.139329195022583
vt -0.15264832973480225 -1.139329195022583
vt -0.15264832973480225 -1.2536585330963135
vt -0.3431971073150635 -1.139329195022583
vt -0.3431971073150635 -1.2536585330963135
vt -0.15264832973480225 -1.2536585330963135
vt -0.15264832973480225 -1.139329195022583
vt -0.3431971073150635 2.2145389318466187
vt -0.15264832973480225 2.2145389318466187
vt -0.15264832973480225 2.1963220834732056
vt -0.3431971073150635 2.1963220834732056
vt -0.15264832973480225 2.2145389318466187
vt -0.3431971073150635 2.2145389318466187
vt -0.3431971073150635 2.1963220834732056
vt -0.15264832973480225 2.1963220834732056
vt 1.4289069175720215 -1.2536587715148926
vt 1.4106898307800293 -1.2536587715148926
vt 1.4106898307800293 -1.139329433441162
vt 1.4289069175720215 -1.139329433441162
vt 1.4106898307800293 -1.2536587715148926
vt 1.4289069175720215 -1.2536587715148926
vt 1.4289069175720215 -1.139329433441162
vt 1.4106898307800293 -1.139329433441162
vt -0.3431968688964844 -1.2536587715148926
vt -0.3431968688964844 -1.139329433441162
vt -0.1526479721069336 -1.139329433441162
vt -0.1526479721069336 -1.2536587715148926
vt -0.3431968688964844 -1.139329433441162
vt -0.3431968688964844 -1.2536587715148926
vt -0.1526479721069336 -1.2536587715148926
vt -0.1526479721069336 -1.139329433441162
vt -0.3431968688964844 2.2145400047302246
vt -0.1526479721069336 2.2145400047302246
vt -0.1526479721069336 2.1963229179382324
vt -0.3431968688964844 2.1963229179382324
vt -0.1526479721069336 2.2145400047302246
vt -0.3431968688964844 2.2145400047302246
vt -0.3431968688964844 2.1963229179382324
vt -0.1526479721069336 2.1963229179382324
vt 1.4289069175720215 -1.2536590099334717
vt 1.4106898307800293 -1.2536590099334717
vt 1.4106898307800293 -1.1393296718597412
vt 1.4289069175720215 -1.1393296718597412
vt 1.4106898307800293 -1.2536590099334717
vt 1.4289069175720215 -1.2536590099334717
vt 1.4289069175720215 -1.1393296718597412
vt 1.4106898307800293 -1.1393296718597412
vt -0.3431973457336426 -1.2536590099334717
vt -0.3431973457336426 -1.1393296718597412
vt -0.1526484489440918 -1.1393296718597412
vt -0.1526484489440918 -1.2536590099334717
vt -0.3431973457336426 -1.1393296718597412
vt -0.3431973457336426 -1.2536590099334717
vt -0.1526484489440918 -1.2536590099334717
vt -0.1526484489440918 -1.1393296718597412
vt -0.3431973457336426 2.2145400047302246
vt -0.1526484489440918 2.2145400047302246
vt -0.1526484489440918 2.1963229179382324
vt -0.3431973457336426 2.1963229179382324
vt -0.1526484489440918 2.2145400047302246
vt -0.3431973457336426 2.2145400047302246
vt -0.3431973457336426 2.1963229179382324
vt -0.1526484489440918 2.1963229179382324
vt 1.4289064407348633 -1.2536585330963135
vt 1.410689353942871 -1.2536585330963135
vt 1.410689353942871 -1.139329195022583
vt 1.4289064407348633 -1.139329195022583
vt 1.410689353942871 -1.2536585330963135
vt 1.4289064407348633 -1.2536585330963135
vt 1.4289064407348633 -1.139329195022583
vt 1.410689353942871 -1.139329195022583
vt -0.3431973457336426 -1.2536585330963135
vt -0.3431973457336426 -1.139329195022583
vt -0.1526484489440918 -1.139329195022583
vt -0.1526484489440918 -1.2536585330963135
vt -0.3431973457336426 -1.139329195022583
vt -0.3431973457336426 -1.2536585330963135
vt -0.1526484489440918 -1.2536585330963135
vt -0.1526484489440918 -1.139329195022583
vt -0.3431973457336426 2.214539051055908
vt -0.1526484489440918 2.214539051055908
vt -0.1526484489440918 2.196321964263916
vt -0.3431973457336426 2.196321964263916
vt -0.1526484489440918 2.214539051055908
vt -0.3431973457336426 2.214539051055908
vt -0.3431973457336426 2.196321964263916
vt -0.1526484489440918 2.196321964263916
vt 78.0 181.0
vt 78.0 180.0
vt 79.0 180.0
vt 79.0 181.0
vt 3976.000244140625 181.0
vt 3976.000244140625 180.0
vt 3977.000244140625 180.0
vt 3977.000244140625 181.0
vt 3977.000244140625 180.0
vt 3976.000244140625 180.0
vt 3976.000244140625 181.0
vt 3977.000244140625 181.0
vt 3977.000244140625 79.55554962158203
vt 3977.000244140625 80.55554962158203
vt 3976.000244140625 80.55554962158203
vt 3976.000244140625 79.55554962158203
vt 3977.000244140625 79.55554962158203
vt 3976.000244140625 79.55554962158203
vt 3976.000244140625 80.55554962158203
vt 3977.000244140625 80.55554962158203
vt 78.0 180.0
vt 78.0 181.0
vt 79.0 181.0
vt 79.0 180.0

g RoomMesh_Geometry
f 1/1 2/2 3/3
f 1/1 4/4 2/2
f 1/1 5/5 4/4
f 6/6 7/7 8/8
f 6/6 9/9 7/7
f 10/10 8/8 7/7
f 9/9 6/6 11/11
f 12/12 5/5 13/13
f 12/12 14/14 5/5
f 14/14 15/15 16/16
f 14/14 17/17 15/15
f 14/14 18/18 17/17
f 19/19 15/15 20/20
f 19/19 2/2 15/15
f 21/21 22/22 23/23
f 21/21 24/24 22/22
f 23/23 25/25 26/26
f 23/23 22/22 25/25
f 27/27 24/24 21/21
f 27/27 28/28 24/24
f 27/27 25/25 28/28
f 27/27 26/26 25/25
f 29/29 28/28 25/25
f 29/29 30/30 28/28
f 31/31 16/16 32/32
f 31/31 14/14 16/16
f 32/32 16/16 33/33
f 34/34 35/35 36/36
f 34/34 37/37 35/35
f 38/38 33/33 39/39
f 38/38 32/32 33/33
f 40/40 15/15 2/2
f 40/40 41/41 15/15
f 5/5 38/38 4/4
f 5/5 42/42 38/38
f 4/4 38/38 39/39
f 5/5 31/31 42/42
f 5/5 14/14 31/31
f 33/33 15/15 41/41
f 33/33 16/16 15/15
f 43/43 44/44 45/45
f 43/43 46/46 44/44
f 4/4 40/40 2/2
f 4/4 39/39 40/40
f 42/42 36/36 38/38
f 42/42 34/34 36/36
f 38/38 35/35 32/32
f 38/38 36/36 35/35
f 32/32 37/37 31/31
f 32/32 35/35 37/37
f 31/31 34/34 42/42
f 31/31 37/37 34/34
f 39/39 45/45 40/40
f 39/39 43/43 45/45
f 40/40 44/44 41/41
f 40/40 45/45 44/44
f 41/41 46/46 33/33
f 41/41 44/44 46/46
f 33/33 43/43 39/39
f 33/33 46/46 43/43
f 47/47 48/48 49/49
f 47/47 50/50 48/48
f 47/47 51/51 50/50
f 52/52 53/53 54/54
f 52/52 55/55 53/53
f 56/56 54/54 53/53
f 55/55 52/52 57/57
f 58/58 51/51 59/59
f 58/58 60/60 51/51
f 60/60 61/61 62/62
f 60/60 63/63 61/61
f 60/60 64/64 63/63
f 65/65 61/61 66/66
f 65/65 48/48 61/61
f 67/67 68/68 69/69
f 67/67 70/70 68/68
f 69/69 71/71 72/72
f 69/69 68/68 71/71
f 73/73 70/70 67/67
f 73/73 74/74 70/70
f 73/73 71/71 74/74
f 73/73 72/72 71/71
f 75/75 74/74 71/71
f 75/75 76/76 74/74
f 77/77 62/62 78/78
f 77/77 60/60 62/62
f 78/78 62/62 79/79
f 80/80 81/81 82/82
f 80/80 83/83 81/81
f 84/84 79/79 85/85
f 84/84 78/78 79/79
f 86/86 61/61 48/48
f 86/86 87/87 61/61
f 51/51 84/84 50/50
f 51/51 88/88 84/84
f 50/50 84/84 85/85
f 51/51 77/77 88/88
f 51/51 60/60 77/77
f 79/79 61/61 87/87
f 79/79 62/62 61/61
f 89/89 90/90 91/91
f 89/89 92/92 90/90
f 50/50 86/86 48/48
f 50/50 85/85 86/86
f 88/88 82/82 84/84
f 88/88 80/80 82/82
f 84/84 81/81 78/78
f 84/84 82/82 81/81
f 78/78 83/83 77/77
f 78/78 81/81 83/83
f 77/77 80/80 88/88
f 77/77 83/83 80/80
f 85/85 91/91 86/86
f 85/85 89/89 91/91
f 86/86 90/90 87/87
f 86/86 91/91 90/90
f 87/87 92/92 79/79
f 87/87 90/90 92/92
f 79/79 89/89 85/85
f 79/79 92/92 89/89
f 93/93 94/94 95/95
f 96/96 93/93 95/95
f 97/97 98/98 99/99
f 100/100 97/97 99/99
f 101/101 102/102 103/103
f 104/104 101/101 103/103
f 105/105 106/106 107/107
f 108/108 105/105 107/107
f 109/109 110/110 111/111
f 112/112 109/109 111/111
f 113/113 114/114 115/115
f 116/116 113/113 115/115
f 117/117 118/118 119/119
f 120/120 117/117 119/119
f 121/121 122/122 123/123
f 124/124 121/121 123/123
f 125/125 126/126 127/127
f 128/128 125/125 127/127
f 129/129 130/130 131/131
f 132/132 129/129 131/131
f 133/133 134/134 135/135
f 136/136 133/133 135/135
f 137/137 138/138 139/139
f 140/140 137/137 139/139
f 141/141 142/142 143/143
f 144/144 141/141 143/143
f 145/145 146/146 147/147
f 148/148 145/145 147/147
f 149/149 150/150 151/151
f 152/152 149/149 151/151
f 153/153 154/154 155/155
f 156/156 153/153 155/155
f 157/157 158/158 159/159
f 160/160 157/157 159/159
f 161/161 162/162 163/163
f 164/164 161/161 163/163
f 165/165 166/166 167/167
f 168/168 165/165 167/167
f 169/169 170/170 171/171
f 172/172 169/169 171/171
f 173/173 174/174 175/175
f 176/176 173/173 175/175
f 177/177 178/178 179/179
f 180/180 177/177 179/179
f 181/181 182/182 183/183
f 184/184 181/181 183/183
f 185/185 186/186 187/187
f 188/188 185/185 187/187
f 189/189 190/190 191/191
f 192/192 189/189 191/191
f 193/193 194/194 195/195
f 196/196 193/193 195/195
f 197/197 198/198 199/199
f 200/200 197/197 199/199
f 201/201 202/202 203/203
f 204/204 201/201 203/203
f 205/205 206/206 207/207
f 208/208 205/205 207/207
f 209/209 210/210 211/211
f 212/212 209/209 211/211
f 213/213 214/214 215/215
f 216/216 213/213 215/215
f 217/217 218/218 219/219
f 220/220 217/217 219/219
f 221/221 222/222 223/223
f 224/224 221/221 223/223
f 225/225 226/226 227/227
f 228/228 225/225 227/227
f 229/229 230/230 231/231
f 232/232 229/229 231/231
f 233/233 234/234 235/235
f 236/236 233/233 235/235
f 237/237 238/238 239/239
f 240/240 237/237 239/239
f 241/241 242/242 243/243
f 244/244 241/241 243/243
f 245/245 246/246 247/247
f 248/248 245/245 247/247
f 249/249 250/250 251/251
f 252/252 249/249 251/251
f 253/253 254/254 255/255
f 256/256 253/253 255/255
f 257/257 258/258 259/259
f 260/260 257/257 259/259
f 261/261 262/262 263/263
f 264/264 261/261 263/263
f 265/265 266/266 267/267
f 268/268 265/265 267/267
f 269/269 270/270 271/271
f 272/272 269/269 271/271
f 273/273 274/274 275/275
f 276/276 273/273 275/275
f 277/277 278/278 279/279
f 280/280 277/277 279/279
f 281/281 282/282 283/283
f 284/284 281/281 283/283
f 285/285 286/286 287/287
f 288/288 285/285 287/287
f 289/289 290/290 291/291
f 292/292 289/289 291/291
f 293/293 294/294 295/295
f 296/296 293/293 295/295
f 297/297 298/298 299/299
f 300/300 297/297 299/299
f 301/301 302/302 303/303
f 304/304 301/301 303/303
f 305/305 306/306 307/307
f 308/308 305/305 307/307
f 309/309 310/310 311/311
f 312/312 309/309 311/311
f 313/313 314/314 315/315
f 316/316 313/313 315/315
f 317/317 318/318 319/319
f 320/320 317/317 319/319
f 321/321 322/322 323/323
f 324/324 321/321 323/323
f 325/325 326/326 327/327
f 328/328 325/325 327/327
f 329/329 330/330 331/331
f 332/332 329/329 331/331
f 333/333 334/334 335/335
f 336/336 333/333 335/335
f 337/337 338/338 339/339
f 340/340 337/337 339/339
f 341/341 342/342 343/343
f 344/344 341/341 343/343
f 345/345 346/346 347/347
f 348/348 345/345 347/347
f 349/349 350/350 351/351
f 352/352 349/349 351/351
f 353/353 354/354 355/355
f 356/356 353/353 355/355
f 357/357 358/358 359/359
f 360/360 361/361 362/362
f 363/363 364/364 365/365
f 366/366 363/363 365/365
f 367/367 368/368 369/369
f 370/370 367/367 369/369
f 371/371 372/372 373/373
f 374/374 371/371 373/373
f 375/375 376/376 377/377
f 378/378 375/375 377/377
f 379/379 380/380 381/381
f 382/382 379/379 381/381
f 383/383 384/384 385/385
f 386/386 383/383 385/385
f 387/387 388/388 389/389
f 390/390 387/387 389/389
f 391/391 392/392 393/393
f 394/394 391/391 393/393
f 395/395 396/396 397/397
f 398/398 395/395 397/397
f 399/399 400/400 401/401
f 402/402 399/399 401/401
f 403/403 404/404 405/405
f 406/406 403/403 405/405
f 407/407 408/408 409/409
f 410/410 407/407 409/409
f 411/411 412/412 413/413
f 414/414 411/411 413/413
f 415/415 416/416 417/417
f 418/418 415/415 417/417
f 419/419 420/420 421/421
f 422/422 419/419 421/421
f 423/423 424/424 425/425
f 426/426 423/423 425/425
f 427/427 428/428 429/429
f 430/430 427/427 429/429
f 431/431 432/432 433/433
f 434/434 431/431 433/433
f 435/435 436/436 437/437
f 438/438 435/435 437/437
f 439/439 440/440 441/441
f 442/442 439/439 441/441
f 443/443 444/444 445/445
f 446/446 443/443 445/445
f 447/447 448/448 449/449
f 450/450 447/447 449/449
f 451/451 452/452 453/453
f 454/454 451/451 453/453
f 455/455 456/456 457/457
f 458/458 455/455 457/457
f 459/459 460/460 461/461
f 462/462 459/459 461/461
f 463/463 464/464 465/465
f 466/466 463/463 465/465
f 467/467 468/468 469/469
f 470/470 467/467 469/469
f 471/471 472/472 473/473
f 474/474 471/471 473/473
f 475/475 476/476 477/477
f 478/478 479/479 480/480
f 481/481 478/478 480/480
f 482/482 483/483 484/484
f 485/485 482/482 484/484
f 486/486 487/487 488/488
f 489/489 486/486 488/488
f 490/490 491/491 492/492
f 493/493 490/490 492/492
f 494/494 495/495 496/496
f 497/497 494/494 496/496
f 498/498 499/499 500/500
f 501/501 498/498 500/500
f 502/502 503/503 504/504
f 505/505 502/502 504/504
f 506/506 507/507 508/508
f 509/509 506/506 508/508
f 510/510 511/511 512/512
f 513/513 510/510 512/512
f 514/514 515/515 516/516
f 517/517 514/514 516/516
f 518/518 519/519 520/520
f 521/521 518/518 520/520
f 522/522 523/523 524/524
f 525/525 522/522 524/524
f 526/526 527/527 528/528
f 529/529 526/526 528/528
f 530/530 531/531 532/532
f 533/533 530/530 532/532
f 534/534 535/535 536/536
f 537/537 534/534 536/536
f 538/538 539/539 540/540
f 541/541 538/538 540/540
f 542/542 543/543 544/544
f 545/545 542/542 544/544
f 546/546 547/547 548/548
f 549/549 546/546 548/548
f 550/550 551/551 552/552
f 553/553 550/550 552/552
f 554/554 555/555 556/556
f 557/557 554/554 556/556
f 558/558 559/559 560/560
f 561/561 558/558 560/560
f 562/562 563/563 564/564
f 565/565 562/562 564/564
f 566/566 567/567 568/568
f 569/569 566/566 568/568
f 570/570 571/571 572/572
f 573/573 570/570 572/572
f 574/574 575/575 576/576
f 577/577 574/574 576/576
f 578/578 579/579 580/580
f 581/581 578/578 580/580
f 582/582 583/583 584/584
f 585/585 582/582 584/584
f 586/586 587/587 588/588
f 589/589 586/586 588/588
f 590/590 591/591 592/592
f 593/593 590/590 592/592
f 594/594 595/595 596/596
f 597/597 594/594 596/596
f 598/598 599/599 600/600
f 601/601 598/598 600/600
f 602/602 603/603 604/604
f 605/605 602/602 604/604
f 606/606 607/607 608/608
f 609/609 606/606 608/608
f 610/610 611/611 612/612
f 613/613 610/610 612/612
f 614/614 615/615 616/616
f 617/617 614/614 616/616
f 618/618 619/619 620/620
f 621/621 618/618 620/620
f 622/622 623/623 624/624
f 625/625 622/622 624/624
f 626/626 627/627 628/628
f 629/629 626/626 628/628
f 630/630 631/631 632/632
f 633/633 630/630 632/632
f 634/634 635/635 636/636
f 637/637 634/634 636/636
f 638/638 639/639 640/640
f 641/641 638/638 640/640
f 642/642 643/643 644/644
f 645/645 642/642 644/644
f 646/646 647/647 648/648
f 649/649 646/646 648/648
f 650/650 651/651 652/652
f 653/653 650/650 652/652
f 654/654 655/655 656/656
f 657/657 654/654 656/656
f 658/658 659/659 660/660
f 661/661 658/658 660/660
f 662/662 663/663 664/664
f 665/665 662/662 664/664
f 666/666 667/667 668/668
f 669/669 666/666 668/668
f 670/670 671/671 672/672
f 673/673 670/670 672/672
f 674/674 675/675 676/676
f 677/677 674/674 676/676
f 678/678 679/679 680/680
f 681/681 678/678 680/680
f 682/682 683/683 684/684
f 685/685 682/682 684/684
f 686/686 687/687 688/688
f 689/689 686/686 688/688
f 690/690 691/691 692/692
f 693/693 690/690 692/692
f 694/694 695/695 696/696
f 697/697 694/694 696/696
f 698/698 699/699 700/700
f 701/701 698/698 700/700
f 702/702 703/703 704/704
f 705/705 702/702 704/704
f 706/706 707/707 708/708
f 709/709 706/706 708/708
f 710/710 711/711 712/712
f 713/713 710/710 712/712
f 714/714 715/715 716/716
f 717/717 714/714 716/716
f 718/718 719/719 720/720
f 721/721 718/718 720/720
f 722/722 723/723 724/724
f 725/725 722/722 724/724
f 726/726 727/727 728/728
f 729/729 726/726 728/728
f 730/730 731/731 732/732
f 733/733 730/730 732/732
f 734/734 735/735 736/736
f 737/737 734/734 736/736
f 738/738 739/739 740/740
f 741/741 738/738 740/740
f 742/742 743/743 744/744
f 745/745 742/742 744/744
f 746/746 747/747 748/748
f 749/749 746/746 748/748
f 750/750 751/751 752/752
f 753/753 750/750 752/752
f 754/754 755/755 756/756
f 757/757 754/754 756/756
f 758/758 759/759 760/760
f 761/761 758/758 760/760
f 762/762 763/763 764/764
f 765/765 762/762 764/764
f 766/766 767/767 768/768
f 769/769 766/766 768/768
f 770/770 771/771 772/772
f 773/773 770/770 772/772
f 774/774 775/775 776/776
f 777/777 774/774 776/776
f 778/778 779/779 780/780
f 781/781 778/778 780/780
f 782/782 783/783 784/784
f 785/785 782/782 784/784
f 786/786 787/787 788/788
f 789/789 786/786 788/788
f 790/790 791/791 792/792
f 793/793 790/790 792/792
f 794/794 795/795 796/796
f 797/797 794/794 796/796
f 798/798 799/799 800/800
f 801/801 798/798 800/800
f 802/802 803/803 804/804
f 805/805 802/802 804/804
f 806/806 807/807 808/808
f 809/809 806/806 808/808
f 810/810 811/811 812/812
f 813/813 810/810 812/812
f 814/814 815/815 816/816
f 817/817 814/814 816/816
f 818/818 819/819 820/820
f 821/821 818/818 820/820
f 822/822 823/823 824/824
f 825/825 822/822 824/824
f 826/826 827/827 828/828
f 829/829 826/826 828/828
f 830/830 831/831 832/832
f 833/833 830/830 832/832
f 834/834 835/835 836/836
f 837/837 834/834 836/836
f 838/838 839/839 840/840
f 841/841 838/838 840/840
f 842/842 843/843 844/844
f 845/845 842/842 844/844
f 846/846 847/847 848/848
f 849/849 846/846 848/848
f 850/850 851/851 852/852
f 853/853 850/850 852/852
f 854/854 855/855 856/856
f 857/857 854/854 856/856
f 858/858 859/859 860/860
f 861/861 858/858 860/860
f 862/862 863/863 864/864
f 865/865 862/862 864/864
f 866/866 867/867 868/868
f 869/869 866/866 868/868
f 870/870 871/871 872/872
f 873/873 870/870 872/872
f 874/874 875/875 876/876
f 877/877 874/874 876/876
f 878/878 879/879 880/880
f 881/881 878/878 880/880
f 882/882 883/883 884/884
f 885/885 882/882 884/884
f 886/886 887/887 888/888
f 889/889 886/886 888/888
f 890/890 891/891 892/892
f 893/893 890/890 892/892
f 894/894 895/895 896/896
f 897/897 894/894 896/896
f 898/898 899/899 900/900
f 901/901 898/898 900/900
f 902/902 903/903 904/904
f 905/905 902/902 904/904
f 906/906 907/907 908/908
f 909/909 906/906 908/908
f 910/910 911/911 912/912
f 913/913 910/910 912/912
f 914/914 915/915 916/916
f 917/917 914/914 916/916
f 918/918 919/919 920/920
f 921/921 918/918 920/920
f 922/922 923/923 924/924
f 925/925 922/922 924/924
f 926/926 927/927 928/928
f 929/929 926/926 928/928
f 930/930 931/931 932/932
f 933/933 930/930 932/932
f 934/934 935/935 936/936
f 937/937 934/934 936/936
f 938/938 939/939 940/940
f 941/941 938/938 940/940
f 942/942 943/943 944/944
f 945/945 942/942 944/944
f 946/946 947/947 948/948
f 949/949 946/946 948/948
f 950/950 951/951 952/952
f 953/953 950/950 952/952
f 954/954 955/955 956/956
f 957/957 954/954 956/956
f 958/958 959/959 960/960
f 961/961 958/958 960/960
f 962/962 963/963 964/964
f 965/965 962/962 964/964
f 966/966 967/967 968/968
f 969/969 966/966 968/968
f 970/970 971/971 972/972
f 973/973 970/970 972/972
f 974/974 975/975 976/976
f 977/977 974/974 976/976
f 978/978 979/979 980/980
f 981/981 978/978 980/980
f 982/982 983/983 984/984
f 985/985 982/982 984/984
f 986/986 987/987 988/988
f 989/989 986/986 988/988
f 990/990 991/991 992/992
f 993/993 990/990 992/992
f 994/994 995/995 996/996
f 997/997 994/994 996/996
f 998/998 999/999 1000/1000
f 1001/1001 998/998 1000/1000
f 1002/1002 1003/1003 1004/1004
f 1005/1005 1002/1002 1004/1004
f 1006/1006 1007/1007 1008/1008
f 1009/1009 1006/1006 1008/1008
f 1010/1010 1011/1011 1012/1012
f 1013/1013 1010/1010 1012/1012
f 1014/1014 1015/1015 1016/1016
f 1017/1017 1014/1014 1016/1016
f 1018/1018 1019/1019 1020/1020
f 1021/1021 1018/1018 1020/1020
f 1022/1022 1023/1023 1024/1024
f 1025/1025 1022/1022 1024/1024
f 1026/1026 1027/1027 1028/1028
f 1029/1029 1026/1026 1028/1028
f 1030/1030 1031/1031 1032/1032
f 1033/1033 1030/1030 1032/1032
f 1034/1034 1035/1035 1036/1036
f 1037/1037 1034/1034 1036/1036
f 1038/1038 1039/1039 1040/1040
f 1041/1041 1038/1038 1040/1040
f 1042/1042 1043/1043 1044/1044
f 1045/1045 1042/1042 1044/1044
f 1046/1046 1047/1047 1048/1048
f 1049/1049 1046/1046 1048/1048
f 1050/1050 1051/1051 1052/1052
f 1053/1053 1050/1050 1052/1052
f 1054/1054 1055/1055 1056/1056
f 1057/1057 1054/1054 1056/1056
f 1058/1058 1059/1059 1060/1060
f 1061/1061 1058/1058 1060/1060
f 1062/1062 1063/1063 1064/1064
f 1065/1065 1062/1062 1064/1064
f 1066/1066 1067/1067 1068/1068
f 1069/1069 1066/1066 1068/1068
f 1070/1070 1071/1071 1072/1072
f 1073/1073 1070/1070 1072/1072
f 1074/1074 1075/1075 1076/1076
f 1077/1077 1074/1074 1076/1076
f 1078/1078 1079/1079 1080/1080
f 1081/1081 1078/1078 1080/1080
f 1082/1082 1083/1083 1084/1084
f 1085/1085 1082/1082 1084/1084
f 1086/1086 1087/1087 1088/1088
f 1089/1089 1086/1086 1088/1088
f 1090/1090 1091/1091 1092/1092
f 1093/1093 1090/1090 1092/1092
f 1094/1094 1095/1095 1096/1096
f 1097/1097 1094/1094 1096/1096
f 1098/1098 1099/1099 1100/1100
f 1101/1101 1098/1098 1100/1100
f 1102/1102 1103/1103 1104/1104
f 1105/1105 1102/1102 1104/1104
f 1106/1106 1107/1107 1108/1108
f 1109/1109 1106/1106 1108/1108
f 1110/1110 1111/1111 1112/1112
f 1113/1113 1110/1110 1112/1112
f 1114/1114 1115/1115 1116/1116
f 1117/1117 1114/1114 1116/1116
f 1118/1118 1119/1119 1120/1120
f 1121/1121 1118/1118 1120/1120
f 1122/1122 1123/1123 1124/1124
f 1125/1125 1122/1122 1124/1124
f 1126/1126 1127/1127 1128/1128
f 1129/1129 1126/1126 1128/1128
f 1130/1130 1131/1131 1132/1132
f 1133/1133 1130/1130 1132/1132
f 1134/1134 1135/1135 1136/1136
f 1137/1137 1134/1134 1136/1136
f 1138/1138 1139/1139 1140/1140
f 1141/1141 1138/1138 1140/1140
f 1142/1142 1143/1143 1144/1144
f 1145/1145 1142/1142 1144/1144
f 1146/1146 1147/1147 1148/1148
f 1149/1149 1146/1146 1148/1148
f 1150/1150 1151/1151 1152/1152
f 1153/1153 1150/1150 1152/1152
f 1154/1154 1155/1155 1156/1156
f 1157/1157 1154/1154 1156/1156
f 1158/1158 1159/1159 1160/1160
f 1161/1161 1158/1158 1160/1160
f 1162/1162 1163/1163 1164/1164
f 1165/1165 1162/1162 1164/1164
f 1166/1166 1167/1167 1168/1168
f 1169/1169 1166/1166 1168/1168
f 1170/1170 1171/1171 1172/1172
f 1173/1173 1170/1170 1172/1172
f 1174/1174 1175/1175 1176/1176
f 1177/1177 1174/1174 1176/1176
f 1178/1178 1179/1179 1180/1180
f 1181/1181 1178/1178 1180/1180
f 1182/1182 1183/1183 1184/1184
f 1185/1185 1182/1182 1184/1184
f 1186/1186 1187/1187 1188/1188
f 1189/1189 1186/1186 1188/1188
f 1190/1190 1191/1191 1192/1192
f 1193/1193 1190/1190 1192/1192
f 1194/1194 1195/1195 1196/1196
f 1197/1197 1194/1194 1196/1196
f 1198/1198 1199/1199 1200/1200
f 1201/1201 1198/1198 1200/1200
f 1202/1202 1203/1203 1204/1204
f 1205/1205 1202/1202 1204/1204
f 1206/1206 1207/1207 1208/1208
f 1209/1209 1206/1206 1208/1208
f 1210/1210 1211/1211 1212/1212
f 1213/1213 1210/1210 1212/1212
f 1214/1214 1215/1215 1216/1216
f 1217/1217 1214/1214 1216/1216
f 1218/1218 1219/1219 1220/1220
f 1221/1221 1218/1218 1220/1220
f 1222/1222 1223/1223 1224/1224
f 1225/1225 1222/1222 1224/1224
f 1226/1226 1227/1227 1228/1228
f 1229/1229 1226/1226 1228/1228
f 1230/1230 1231/1231 1232/1232
f 1233/1233 1230/1230 1232/1232
f 1234/1234 1235/1235 1236/1236
f 1237/1237 1234/1234 1236/1236
f 1238/1238 1239/1239 1240/1240
f 1241/1241 1238/1238 1240/1240
f 1242/1242 1243/1243 1244/1244
f 1245/1245 1242/1242 1244/1244
f 1246/1246 1247/1247 1248/1248
f 1249/1249 1246/1246 1248/1248
f 1250/1250 1251/1251 1252/1252
f 1253/1253 1250/1250 1252/1252
f 1254/1254 1255/1255 1256/1256
f 1257/1257 1254/1254 1256/1256
f 1258/1258 1259/1259 1260/1260
f 1261/1261 1258/1258 1260/1260
f 1262/1262 1263/1263 1264/1264
f 1265/1265 1262/1262 1264/1264
f 1266/1266 1267/1267 1268/1268
f 1269/1269 1266/1266 1268/1268
f 1270/1270 1271/1271 1272/1272
f 1273/1273 1270/1270 1272/1272
f 1274/1274 1275/1275 1276/1276
f 1277/1277 1274/1274 1276/1276
f 1278/1278 1279/1279 1280/1280
f 1281/1281 1278/1278 1280/1280
f 1282/1282 1283/1283 1284/1284
f 1285/1285 1282/1282 1284/1284
f 1286/1286 1287/1287 1288/1288
f 1289/1289 1286/1286 1288/1288
f 1290/1290 1291/1291 1292/1292
f 1293/1293 1290/1290 1292/1292
f 1294/1294 1295/1295 1296/1296
f 1297/1297 1294/1294 1296/1296
f 1298/1298 1299/1299 1300/1300
f 1301/1301 1298/1298 1300/1300
f 1302/1302 1303/1303 1304/1304
f 1305/1305 1302/1302 1304/1304
f 1306/1306 1307/1307 1308/1308
f 1309/1309 1306/1306 1308/1308
f 1310/1310 1311/1311 1312/1312
f 1313/1313 1310/1310 1312/1312
f 1314/1314 1315/1315 1316/1316
f 1317/1317 1314/1314 1316/1316
f 1318/1318 1317/1317 1316/1316
f 1319/1319 1318/1318 1316/1316
f 1320/1320 1319/1319 1316/1316
f 1321/1321 1320/1320 1316/1316
f 1322/1322 1321/1321 1316/1316
f 1323/1323 1322/1322 1316/1316
f 1324/1324 1323/1323 1316/1316
f 1325/1325 1324/1324 1316/1316
f 1326/1326 1325/1325 1316/1316
f 1327/1327 1328/1328 1329/1329
f 1330/1330 1327/1327 1329/1329
f 1331/1331 1330/1330 1329/1329
f 1332/1332 1331/1331 1329/1329
f 1333/1333 1332/1332 1329/1329
f 1334/1334 1333/1333 1329/1329
f 1335/1335 1334/1334 1329/1329
f 1336/1336 1335/1335 1329/1329
f 1337/1337 1336/1336 1329/1329
f 1338/1338 1337/1337 1329/1329
f 1339/1339 1338/1338 1329/1329
f 1340/1340 1341/1341 1342/1342
f 1343/1343 1340/1340 1342/1342
f 1344/1344 1345/1345 1346/1346
f 1347/1347 1344/1344 1346/1346
f 1348/1348 1349/1349 1350/1350
f 1351/1351 1348/1348 1350/1350
f 1352/1352 1353/1353 1354/1354
f 1355/1355 1352/1352 1354/1354
f 1356/1356 1357/1357 1358/1358
f 1359/1359 1356/1356 1358/1358
f 1360/1360 1361/1361 1362/1362
f 1363/1363 1360/1360 1362/1362
f 1364/1364 1365/1365 1366/1366
f 1367/1367 1364/1364 1366/1366
f 1368/1368 1369/1369 1370/1370
f 1371/1371 1368/1368 1370/1370
f 1372/1372 1373/1373 1374/1374
f 1375/1375 1372/1372 1374/1374
f 1376/1376 1377/1377 1378/1378
f 1379/1379 1376/1376 1378/1378
f 1380/1380 1381/1381 1382/1382
f 1383/1383 1380/1380 1382/1382
f 1384/1384 1385/1385 1386/1386
f 1387/1387 1384/1384 1386/1386
f 1388/1388 1389/1389 1390/1390
f 1391/1391 1388/1388 1390/1390
f 1392/1392 1393/1393 1394/1394
f 1395/1395 1392/1392 1394/1394
f 1396/1396 1397/1397 1398/1398
f 1399/1399 1396/1396 1398/1398
f 1400/1400 1401/1401 1402/1402
f 1403/1403 1400/1400 1402/1402
f 1404/1404 1405/1405 1406/1406
f 1407/1407 1404/1404 1406/1406
f 1408/1408 1409/1409 1410/1410
f 1411/1411 1408/1408 1410/1410
f 1412/1412 1413/1413 1414/1414
f 1415/1415 1412/1412 1414/1414
f 1416/1416 1417/1417 1418/1418
f 1419/1419 1420/1420 1421/1421
f 1422/1422 1423/1423 1424/1424
f 1425/1425 1422/1422 1424/1424
f 1426/1426 1427/1427 1428/1428
f 1429/1429 1426/1426 1428/1428
f 1430/1430 1431/1431 1432/1432
f 1433/1433 1434/1434 1435/1435
f 1436/1436 1437/1437 1438/1438
f 1439/1439 1436/1436 1438/1438
f 1440/1440 1441/1441 1442/1442
f 1443/1443 1444/1444 1445/1445
f 1446/1446 1447/1447 1448/1448
f 1449/1449 1446/1446 1448/1448
f 1450/1450 1451/1451 1452/1452
f 1453/1453 1454/1454 1455/1455
f 1456/1456 1457/1457 1458/1458
f 1459/1459 1456/1456 1458/1458
f 1460/1460 1461/1461 1462/1462
f 1463/1463 1464/1464 1465/1465
f 1466/1466 1467/1467 1468/1468
f 1469/1469 1466/1466 1468/1468
f 1470/1470 1471/1471 1472/1472
f 1473/1473 1474/1474 1475/1475
f 1476/1476 1477/1477 1478/1478
f 1479/1479 1476/1476 1478/1478
f 1480/1480 1481/1481 1482/1482
f 1483/1483 1484/1484 1485/1485
f 1486/1486 1487/1487 1488/1488
f 1489/1489 1486/1486 1488/1488
f 1490/1490 1491/1491 1492/1492
f 1493/1493 1494/1494 1495/1495
f 1496/1496 1497/1497 1498/1498
f 1499/1499 1496/1496 1498/1498
f 1500/1500 1501/1501 1502/1502
f 1503/1503 1500/1500 1502/1502
f 1504/1504 1505/1505 1506/1506
f 1507/1507 1508/1508 1509/1509
f 1510/1510 1511/1511 1512/1512
f 1513/1513 1510/1510 1512/1512
f 1514/1514 1515/1515 1516/1516
f 1517/1517 1514/1514 1516/1516
f 1518/1518 1519/1519 1520/1520
f 1521/1521 1522/1522 1523/1523
f 1524/1524 1525/1525 1526/1526
f 1527/1527 1524/1524 1526/1526
f 1528/1528 1529/1529 1530/1530
f 1531/1531 1532/1532 1533/1533
f 1534/1534 1535/1535 1536/1536
f 1537/1537 1534/1534 1536/1536
f 1538/1538 1539/1539 1540/1540
f 1541/1541 1542/1542 1543/1543
f 1544/1544 1545/1545 1546/1546
f 1547/1547 1544/1544 1546/1546
f 1548/1548 1549/1549 1550/1550
f 1551/1551 1552/1552 1553/1553
f 1554/1554 1555/1555 1556/1556
f 1557/1557 1554/1554 1556/1556
f 1558/1558 1559/1559 1560/1560
f 1561/1561 1562/1562 1563/1563
f 1564/1564 1565/1565 1566/1566
f 1567/1567 1564/1564 1566/1566
f 1568/1568 1569/1569 1570/1570
f 1571/1571 1572/1572 1573/1573
f 1574/1574 1575/1575 1576/1576
f 1577/1577 1574/1574 1576/1576
f 1578/1578 1579/1579 1580/1580
f 1581/1581 1582/1582 1583/1583
f 1584/1584 1585/1585 1586/1586
f 1587/1587 1584/1584 1586/1586
f 1588/1588 1589/1589 1590/1590
f 1591/1591 1588/1588 1590/1590
f 1592/1592 1593/1593 1594/1594
f 1595/1595 1592/1592 1594/1594
f 1596/1596 1597/1597 1598/1598
f 1599/1599 1596/1596 1598/1598
f 1600/1600 1601/1601 1602/1602
f 1603/1603 1600/1600 1602/1602
f 1604/1604 1605/1605 1606/1606
f 1607/1607 1604/1604 1606/1606
f 1608/1608 1609/1609 1610/1610
f 1611/1611 1608/1608 1610/1610
f 1612/1612 1613/1613 1614/1614
f 1615/1615 1612/1612 1614/1614
f 1616/1616 1617/1617 1618/1618
f 1619/1619 1616/1616 1618/1618
f 1620/1620 1621/1621 1622/1622
f 1623/1623 1620/1620 1622/1622
f 1624/1624 1625/1625 1626/1626
f 1627/1627 1624/1624 1626/1626
f 1628/1628 1629/1629 1630/1630
f 1631/1631 1628/1628 1630/1630
f 1632/1632 1633/1633 1634/1634
f 1635/1635 1632/1632 1634/1634
f 1636/1636 1637/1637 1638/1638
f 1639/1639 1636/1636 1638/1638
f 1640/1640 1641/1641 1642/1642
f 1643/1643 1644/1644 1645/1645
f 1646/1646 1647/1647 1648/1648
f 1649/1649 1646/1646 1648/1648
f 1650/1650 1651/1651 1652/1652
f 1653/1653 1650/1650 1652/1652
f 1654/1654 1655/1655 1656/1656
f 1657/1657 1658/1658 1659/1659
f 1660/1660 1661/1661 1662/1662
f 1663/1663 1660/1660 1662/1662
f 1664/1664 1665/1665 1666/1666
f 1667/1667 1668/1668 1669/1669
f 1670/1670 1671/1671 1672/1672
f 1673/1673 1670/1670 1672/1672
f 1674/1674 1675/1675 1676/1676
f 1677/1677 1678/1678 1679/1679
f 1680/1680 1681/1681 1682/1682
f 1683/1683 1680/1680 1682/1682
f 1684/1684 1685/1685 1686/1686
f 1687/1687 1688/1688 1689/1689
f 1690/1690 1691/1691 1692/1692
f 1693/1693 1690/1690 1692/1692
f 1694/1694 1695/1695 1696/1696
f 1697/1697 1698/1698 1699/1699
f 1700/1700 1701/1701 1702/1702
f 1703/1703 1700/1700 1702/1702
f 1704/1704 1705/1705 1706/1706
f 1707/1707 1708/1708 1709/1709
f 1710/1710 1711/1711 1712/1712
f 1713/1713 1710/1710 1712/1712
f 1714/1714 1715/1715 1716/1716
f 1717/1717 1718/1718 1719/1719
f 1720/1720 1721/1721 1722/1722
f 1723/1723 1720/1720 1722/1722
f 1724/1724 1725/1725 1726/1726
f 1727/1727 1724/1724 1726/1726
f 1728/1728 1729/1729 1730/1730
f 1731/1731 1732/1732 1733/1733
f 1734/1734 1735/1735 1736/1736
f 1737/1737 1734/1734 1736/1736
f 1738/1738 1739/1739 1740/1740
f 1741/1741 1738/1738 1740/1740
f 1742/1742 1743/1743 1744/1744
f 1745/1745 1746/1746 1747/1747
f 1748/1748 1749/1749 1750/1750
f 1751/1751 1748/1748 1750/1750
f 1752/1752 1753/1753 1754/1754
f 1755/1755 1756/1756 1757/1757
f 1758/1758 1759/1759 1760/1760
f 1761/1761 1758/1758 1760/1760
f 1762/1762 1763/1763 1764/1764
f 1765/1765 1766/1766 1767/1767
f 1768/1768 1769/1769 1770/1770
f 1771/1771 1768/1768 1770/1770
f 1772/1772 1773/1773 1774/1774
f 1775/1775 1776/1776 1777/1777
f 1778/1778 1779/1779 1780/1780
f 1781/1781 1778/1778 1780/1780
f 1782/1782 1783/1783 1784/1784
f 1785/1785 1786/1786 1787/1787
f 1788/1788 1789/1789 1790/1790
f 1791/1791 1788/1788 1790/1790
f 1792/1792 1793/1793 1794/1794
f 1795/1795 1796/1796 1797/1797
f 1798/1798 1799/1799 1800/1800
f 1801/1801 1798/1798 1800/1800
f 1802/1802 1803/1803 1804/1804
f 1805/1805 1806/1806 1807/1807
f 1808/1808 1809/1809 1810/1810
f 1811/1811 1808/1808 1810/1810
f 1812/1812 1813/1813 1814/1814
f 1815/1815 1812/1812 1814/1814
f 1816/1816 1817/1817 1818/1818
f 1819/1819 1816/1816 1818/1818
f 1820/1820 1821/1821 1822/1822
f 1823/1823 1820/1820 1822/1822
f 1824/1824 1825/1825 1826/1826
f 1827/1827 1824/1824 1826/1826
f 1828/1828 1829/1829 1830/1830
f 1831/1831 1828/1828 1830/1830
f 1832/1832 1833/1833 1834/1834
f 1835/1835 1832/1832 1834/1834
f 1836/1836 1837/1837 1838/1838
f 1839/1839 1836/1836 1838/1838
f 1840/1840 1841/1841 1842/1842
f 1843/1843 1844/1844 1845/1845
f 1846/1846 1847/1847 1848/1848
f 1849/1849 1846/1846 1848/1848
f 1850/1850 1851/1851 1852/1852
f 1853/1853 1850/1850 1852/1852
f 1854/1854 1855/1855 1856/1856
f 1857/1857 1858/1858 1859/1859
f 1860/1860 1861/1861 1862/1862
f 1863/1863 1860/1860 1862/1862
f 1864/1864 1865/1865 1866/1866
f 1867/1867 1868/1868 1869/1869
f 1870/1870 1871/1871 1872/1872
f 1873/1873 1870/1870 1872/1872
f 1874/1874 1875/1875 1876/1876
f 1877/1877 1878/1878 1879/1879
f 1880/1880 1881/1881 1882/1882
f 1883/1883 1880/1880 1882/1882
f 1884/1884 1885/1885 1886/1886
f 1887/1887 1888/1888 1889/1889
f 1890/1890 1891/1891 1892/1892
f 1893/1893 1890/1890 1892/1892
f 1894/1894 1895/1895 1896/1896
f 1897/1897 1898/1898 1899/1899
f 1900/1900 1901/1901 1902/1902
f 1903/1903 1900/1900 1902/1902
f 1904/1904 1905/1905 1906/1906
f 1907/1907 1908/1908 1909/1909
f 1910/1910 1911/1911 1912/1912
f 1913/1913 1910/1910 1912/1912
f 1914/1914 1915/1915 1916/1916
f 1917/1917 1918/1918 1919/1919
f 1920/1920 1921/1921 1922/1922
f 1923/1923 1920/1920 1922/1922
f 1924/1924 1925/1925 1926/1926
f 1927/1927 1924/1924 1926/1926
f 1928/1928 1929/1929 1930/1930
f 1931/1931 1932/1932 1933/1933
f 1934/1934 1935/1935 1936/1936
f 1937/1937 1934/1934 1936/1936
f 1938/1938 1939/1939 1940/1940
f 1941/1941 1938/1938 1940/1940
f 1942/1942 1943/1943 1944/1944
f 1945/1945 1946/1946 1947/1947
f 1948/1948 1949/1949 1950/1950
f 1951/1951 1948/1948 1950/1950
f 1952/1952 1953/1953 1954/1954
f 1955/1955 1956/1956 1957/1957
f 1958/1958 1959/1959 1960/1960
f 1961/1961 1958/1958 1960/1960
f 1962/1962 1963/1963 1964/1964
f 1965/1965 1966/1966 1967/1967
f 1968/1968 1969/1969 1970/1970
f 1971/1971 1968/1968 1970/1970
f 1972/1972 1973/1973 1974/1974
f 1975/1975 1976/1976 1977/1977
f 1978/1978 1979/1979 1980/1980
f 1981/1981 1978/1978 1980/1980
f 1982/1982 1983/1983 1984/1984
f 1985/1985 1986/1986 1987/1987
f 1988/1988 1989/1989 1990/1990
f 1991/1991 1988/1988 1990/1990
f 1992/1992 1993/1993 1994/1994
f 1995/1995 1996/1996 1997/1997
f 1998/1998 1999/1999 2000/2000
f 2001/2001 1998/1998 2000/2000
f 2002/2002 2003/2003 2004/2004
f 2005/2005 2006/2006 2007/2007
f 2008/2008 2009/2009 2010/2010
f 2011/2011 2008/2008 2010/2010
f 2012/2012 2013/2013 2014/2014
f 2015/2015 2012/2012 2014/2014
f 2016/2016 2017/2017 2018/2018
f 2019/2019 2016/2016 2018/2018
f 2020/2020 2021/2021 2022/2022
f 2023/2023 2020/2020 2022/2022
f 2024/2024 2025/2025 2026/2026
f 2027/2027 2024/2024 2026/2026
f 2028/2028 2029/2029 2030/2030
f 2031/2031 2028/2028 2030/2030
f 2032/2032 2033/2033 2034/2034
f 2035/2035 2032/2032 2034/2034
f 2036/2036 2037/2037 2038/2038
f 2039/2039 2036/2036 2038/2038
f 2040/2040 2041/2041 2042/2042
f 2043/2043 2040/2040 2042/2042
f 2044/2044 2045/2045 2046/2046
f 2047/2047 2044/2044 2046/2046
f 2048/2048 2049/2049 2050/2050
f 2051/2051 2048/2048 2050/2050
f 2052/2052 2053/2053 2054/2054
f 2055/2055 2052/2052 2054/2054
f 2056/2056 2057/2057 2058/2058
f 2059/2059 2056/2056 2058/2058
f 2060/2060 2061/2061 2062/2062
f 2063/2063 2060/2060 2062/2062
f 2064/2064 2065/2065 2066/2066
f 2067/2067 2068/2068 2069/2069
f 2070/2070 2071/2071 2072/2072
f 2073/2073 2070/2070 2072/2072
f 2074/2074 2075/2075 2076/2076
f 2077/2077 2074/2074 2076/2076
f 2078/2078 2079/2079 2080/2080
f 2081/2081 2082/2082 2083/2083
f 2084/2084 2085/2085 2086/2086
f 2087/2087 2084/2084 2086/2086
f 2088/2088 2089/2089 2090/2090
f 2091/2091 2092/2092 2093/2093
f 2094/2094 2095/2095 2096/2096
f 2097/2097 2094/2094 2096/2096
f 2098/2098 2099/2099 2100/2100
f 2101/2101 2102/2102 2103/2103
f 2104/2104 2105/2105 2106/2106
f 2107/2107 2104/2104 2106/2106
f 2108/2108 2109/2109 2110/2110
f 2111/2111 2112/2112 2113/2113
f 2114/2114 2115/2115 2116/2116
f 2117/2117 2114/2114 2116/2116
f 2118/2118 2119/2119 2120/2120
f 2121/2121 2122/2122 2123/2123
f 2124/2124 2125/2125 2126/2126
f 2127/2127 2124/2124 2126/2126
f 2128/2128 2129/2129 2130/2130
f 2131/2131 2132/2132 2133/2133
f 2134/2134 2135/2135 2136/2136
f 2137/2137 2134/2134 2136/2136
f 2138/2138 2139/2139 2140/2140
f 2141/2141 2142/2142 2143/2143
f 2144/2144 2145/2145 2146/2146
f 2147/2147 2144/2144 2146/2146
f 2148/2148 2149/2149 2150/2150
f 2151/2151 2148/2148 2150/2150
f 2152/2152 2153/2153 2154/2154
f 2155/2155 2156/2156 2157/2157
f 2158/2158 2159/2159 2160/2160
f 2161/2161 2158/2158 2160/2160
f 2162/2162 2163/2163 2164/2164
f 2165/2165 2162/2162 2164/2164
f 2166/2166 2167/2167 2168/2168
f 2169/2169 2170/2170 2171/2171
f 2172/2172 2173/2173 2174/2174
f 2175/2175 2172/2172 2174/2174
f 2176/2176 2177/2177 2178/2178
f 2179/2179 2180/2180 2181/2181
f 2182/2182 2183/2183 2184/2184
f 2185/2185 2182/2182 2184/2184
f 2186/2186 2187/2187 2188/2188
f 2189/2189 2190/2190 2191/2191
f 2192/2192 2193/2193 2194/2194
f 2195/2195 2192/2192 2194/2194
f 2196/2196 2197/2197 2198/2198
f 2199/2199 2200/2200 2201/2201
f 2202/2202 2203/2203 2204/2204
f 2205/2205 2202/2202 2204/2204
f 2206/2206 2207/2207 2208/2208
f 2209/2209 2210/2210 2211/2211
f 2212/2212 2213/2213 2214/2214
f 2215/2215 2212/2212 2214/2214
f 2216/2216 2217/2217 2218/2218
f 2219/2219 2220/2220 2221/2221
f 2222/2222 2223/2223 2224/2224
f 2225/2225 2222/2222 2224/2224
f 2226/2226 2227/2227 2228/2228
f 2229/2229 2230/2230 2231/2231
f 2232/2232 2233/2233 2234/2234
f 2235/2235 2232/2232 2234/2234
f 2236/2236 2237/2237 2238/2238
f 2239/2239 2236/2236 2238/2238
f 2240/2240 2241/2241 2242/2242
f 2243/2243 2240/2240 2242/2242
f 2244/2244 2245/2245 2246/2246
f 2247/2247 2244/2244 2246/2246
f 2248/2248 2249/2249 2250/2250
f 2251/2251 2248/2248 2250/2250
f 2252/2252 2253/2253 2254/2254
f 2255/2255 2252/2252 2254/2254
f 2256/2256 2257/2257 2258/2258
f 2259/2259 2256/2256 2258/2258
f 2260/2260 2261/2261 2262/2262
f 2263/2263 2260/2260 2262/2262
f 2264/2264 2265/2265 2266/2266
f 2267/2267 2268/2268 2269/2269
f 2270/2270 2271/2271 2272/2272
f 2273/2273 2270/2270 2272/2272
f 2274/2274 2275/2275 2276/2276
f 2277/2277 2274/2274 2276/2276
f 2278/2278 2279/2279 2280/2280
f 2281/2281 2282/2282 2283/2283
f 2284/2284 2285/2285 2286/2286
f 2287/2287 2284/2284 2286/2286
f 2288/2288 2289/2289 2290/2290
f 2291/2291 2292/2292 2293/2293
f 2294/2294 2295/2295 2296/2296
f 2297/2297 2294/2294 2296/2296
f 2298/2298 2299/2299 2300/2300
f 2301/2301 2302/2302 2303/2303
f 2304/2304 2305/2305 2306/2306
f 2307/2307 2304/2304 2306/2306
f 2308/2308 2309/2309 2310/2310
f 2311/2311 2312/2312 2313/2313
f 2314/2314 2315/2315 2316/2316
f 2317/2317 2314/2314 2316/2316
f 2318/2318 2319/2319 2320/2320
f 2321/2321 2322/2322 2323/2323
f 2324/2324 2325/2325 2326/2326
f 2327/2327 2324/2324 2326/2326
f 2328/2328 2329/2329 2330/2330
f 2331/2331 2332/2332 2333/2333
f 2334/2334 2335/2335 2336/2336
f 2337/2337 2334/2334 2336/2336
f 2338/2338 2339/2339 2340/2340
f 2341/2341 2342/2342 2343/2343
f 2344/2344 2345/2345 2346/2346
f 2347/2347 2344/2344 2346/2346
f 2348/2348 2349/2349 2350/2350
f 2351/2351 2348/2348 2350/2350
f 2352/2352 2353/2353 2354/2354
f 2355/2355 2356/2356 2357/2357
f 2358/2358 2359/2359 2360/2360
f 2361/2361 2358/2358 2360/2360
f 2362/2362 2363/2363 2364/2364
f 2365/2365 2362/2362 2364/2364
f 2366/2366 2367/2367 2368/2368
f 2369/2369 2370/2370 2371/2371
f 2372/2372 2373/2373 2374/2374
f 2375/2375 2372/2372 2374/2374
f 2376/2376 2377/2377 2378/2378
f 2379/2379 2380/2380 2381/2381
f 2382/2382 2383/2383 2384/2384
f 2385/2385 2382/2382 2384/2384
f 2386/2386 2387/2387 2388/2388
f 2389/2389 2390/2390 2391/2391
f 2392/2392 2393/2393 2394/2394
f 2395/2395 2392/2392 2394/2394
f 2396/2396 2397/2397 2398/2398
f 2399/2399 2400/2400 2401/2401
f 2402/2402 2403/2403 2404/2404
f 2405/2405 2402/2402 2404/2404
f 2406/2406 2407/2407 2408/2408
f 2409/2409 2410/2410 2411/2411
f 2412/2412 2413/2413 2414/2414
f 2415/2415 2412/2412 2414/2414
f 2416/2416 2417/2417 2418/2418
f 2419/2419 2420/2420 2421/2421
f 2422/2422 2423/2423 2424/2424
f 2425/2425 2422/2422 2424/2424
f 2426/2426 2427/2427 2428/2428
f 2429/2429 2430/2430 2431/2431
f 2432/2432 2433/2433 2434/2434
f 2435/2435 2432/2432 2434/2434
f 2436/2436 2437/2437 2438/2438
f 2439/2439 2436/2436 2438/2438
f 2440/2440 2441/2441 2442/2442
f 2443/2443 2440/2440 2442/2442
f 2444/2444 2445/2445 2446/2446
f 2447/2447 2444/2444 2446/2446
f 2448/2448 2449/2449 2450/2450
f 2451/2451 2448/2448 2450/2450
f 2452/2452 2453/2453 2454/2454
f 2455/2455 2452/2452 2454/2454
f 2456/2456 2457/2457 2458/2458
f 2459/2459 2456/2456 2458/2458
f 2460/2460 2461/2461 2462/2462
f 2463/2463 2460/2460 2462/2462
f 2464/2464 2465/2465 2466/2466
f 2467/2467 2464/2464 2466/2466
f 2468/2468 2469/2469 2470/2470
f 2471/2471 2468/2468 2470/2470
f 2472/2472 2473/2473 2474/2474
f 2475/2475 2472/2472 2474/2474
f 2476/2476 2477/2477 2478/2478
f 2479/2479 2476/2476 2478/2478
f 2480/2480 2481/2481 2482/2482
f 2483/2483 2480/2480 2482/2482
f 2484/2484 2485/2485 2486/2486
f 2487/2487 2484/2484 2486/2486
f 2488/2488 2489/2489 2490/2490
f 2491/2491 2492/2492 2493/2493
f 2494/2494 2495/2495 2496/2496
f 2497/2497 2494/2494 2496/2496
f 2498/2498 2499/2499 2500/2500
f 2501/2501 2498/2498 2500/2500
f 2502/2502 2503/2503 2504/2504
f 2505/2505 2506/2506 2507/2507
f 2508/2508 2509/2509 2510/2510
f 2511/2511 2508/2508 2510/2510
f 2512/2512 2513/2513 2514/2514
f 2515/2515 2516/2516 2517/2517
f 2518/2518 2519/2519 2520/2520
f 2521/2521 2518/2518 2520/2520
f 2522/2522 2523/2523 2524/2524
f 2525/2525 2526/2526 2527/2527
f 2528/2528 2529/2529 2530/2530
f 2531/2531 2528/2528 2530/2530
f 2532/2532 2533/2533 2534/2534
f 2535/2535 2536/2536 2537/2537
f 2538/2538 2539/2539 2540/2540
f 2541/2541 2538/2538 2540/2540
f 2542/2542 2543/2543 2544/2544
f 2545/2545 2546/2546 2547/2547
f 2548/2548 2549/2549 2550/2550
f 2551/2551 2548/2548 2550/2550
f 2552/2552 2553/2553 2554/2554
f 2555/2555 2556/2556 2557/2557
f 2558/2558 2559/2559 2560/2560
f 2561/2561 2558/2558 2560/2560
f 2562/2562 2563/2563 2564/2564
f 2565/2565 2566/2566 2567/2567
f 2568/2568 2569/2569 2570/2570
f 2571/2571 2568/2568 2570/2570
f 2572/2572 2573/2573 2574/2574
f 2575/2575 2572/2572 2574/2574
f 2576/2576 2577/2577 2578/2578
f 2579/2579 2580/2580 2581/2581
f 2582/2582 2583/2583 2584/2584
f 2585/2585 2582/2582 2584/2584
f 2586/2586 2587/2587 2588/2588
f 2589/2589 2586/2586 2588/2588
f 2590/2590 2591/2591 2592/2592
f 2593/2593 2594/2594 2595/2595
f 2596/2596 2597/2597 2598/2598
f 2599/2599 2596/2596 2598/2598
f 2600/2600 2601/2601 2602/2602
f 2603/2603 2604/2604 2605/2605
f 2606/2606 2607/2607 2608/2608
f 2609/2609 2606/2606 2608/2608
f 2610/2610 2611/2611 2612/2612
f 2613/2613 2614/2614 2615/2615
f 2616/2616 2617/2617 2618/2618
f 2619/2619 2616/2616 2618/2618
f 2620/2620 2621/2621 2622/2622
f 2623/2623 2624/2624 2625/2625
f 2626/2626 2627/2627 2628/2628
f 2629/2629 2626/2626 2628/2628
f 2630/2630 2631/2631 2632/2632
f 2633/2633 2634/2634 2635/2635
f 2636/2636 2637/2637 2638/2638
f 2639/2639 2636/2636 2638/2638
f 2640/2640 2641/2641 2642/2642
f 2643/2643 2644/2644 2645/2645
f 2646/2646 2647/2647 2648/2648
f 2649/2649 2646/2646 2648/2648
f 2650/2650 2651/2651 2652/2652
f 2653/2653 2654/2654 2655/2655
f 2656/2656 2657/2657 2658/2658
f 2659/2659 2656/2656 2658/2658
f 2660/2660 2661/2661 2662/2662
f 2663/2663 2660/2660 2662/2662
f 2664/2664 2665/2665 2666/2666
f 2667/2667 2664/2664 2666/2666
f 2668/2668 2669/2669 2670/2670
f 2671/2671 2668/2668 2670/2670
f 2672/2672 2673/2673 2674/2674
f 2675/2675 2672/2672 2674/2674
f 2676/2676 2677/2677 2678/2678
f 2679/2679 2676/2676 2678/2678
f 2680/2680 2681/2681 2682/2682
f 2683/2683 2680/2680 2682/2682
f 2684/2684 2685/2685 2686/2686
f 2687/2687 2684/2684 2686/2686
f 2688/2688 2689/2689 2690/2690
f 2691/2691 2688/2688 2690/2690
f 2692/2692 2693/2693 2694/2694
f 2695/2695 2692/2692 2694/2694
f 2696/2696 2697/2697 2698/2698
f 2699/2699 2696/2696 2698/2698
f 2700/2700 2701/2701 2702/2702
f 2703/2703 2700/2700 2702/2702
f 2704/2704 2705/2705 2706/2706
f 2707/2707 2704/2704 2706/2706
f 2708/2708 2709/2709 2710/2710
f 2711/2711 2708/2708 2710/2710
f 2712/2712 2713/2713 2714/2714
f 2715/2715 2712/2712 2714/2714
f 2716/2716 2717/2717 2718/2718
f 2719/2719 2716/2716 2718/2718
f 2720/2720 2721/2721 2722/2722
f 2723/2723 2720/2720 2722/2722
f 2724/2724 2725/2725 2726/2726
f 2727/2727 2724/2724 2726/2726
f 2728/2728 2729/2729 2730/2730
f 2731/2731 2728/2728 2730/2730
f 2732/2732 2733/2733 2734/2734
f 2735/2735 2732/2732 2734/2734
f 2736/2736 2737/2737 2738/2738
f 2739/2739 2736/2736 2738/2738
f 2740/2740 2741/2741 2742/2742
f 2743/2743 2740/2740 2742/2742
f 2744/2744 2745/2745 2746/2746
f 2747/2747 2744/2744 2746/2746
f 2748/2748 2749/2749 2750/2750
f 2751/2751 2748/2748 2750/2750
f 2752/2752 2753/2753 2754/2754
f 2755/2755 2752/2752 2754/2754
f 2756/2756 2757/2757 2758/2758
f 2759/2759 2756/2756 2758/2758
f 2760/2760 2761/2761 2762/2762
f 2763/2763 2760/2760 2762/2762
f 2764/2764 2765/2765 2766/2766
f 2767/2767 2764/2764 2766/2766
f 2768/2768 2769/2769 2770/2770
f 2771/2771 2768/2768 2770/2770
f 2772/2772 2773/2773 2774/2774
f 2775/2775 2772/2772 2774/2774
f 2776/2776 2777/2777 2778/2778
f 2779/2779 2776/2776 2778/2778
f 2780/2780 2781/2781 2782/2782
f 2783/2783 2780/2780 2782/2782
f 2784/2784 2785/2785 2786/2786
f 2787/2787 2784/2784 2786/2786
f 2788/2788 2789/2789 2790/2790
f 2791/2791 2788/2788 2790/2790
f 2792/2792 2793/2793 2794/2794
f 2795/2795 2792/2792 2794/2794
f 2796/2796 2797/2797 2798/2798
f 2799/2799 2796/2796 2798/2798
f 2800/2800 2801/2801 2802/2802
f 2803/2803 2800/2800 2802/2802
f 2804/2804 2805/2805 2806/2806
f 2807/2807 2804/2804 2806/2806
f 2808/2808 2809/2809 2810/2810
f 2811/2811 2808/2808 2810/2810
f 2812/2812 2813/2813 2814/2814
f 2815/2815 2812/2812 2814/2814
f 2816/2816 2817/2817 2818/2818
f 2819/2819 2816/2816 2818/2818
f 2820/2820 2821/2821 2822/2822
f 2823/2823 2820/2820 2822/2822
f 2824/2824 2825/2825 2826/2826
f 2827/2827 2824/2824 2826/2826
f 2828/2828 2829/2829 2830/2830
f 2831/2831 2828/2828 2830/2830
f 2832/2832 2833/2833 2834/2834
f 2835/2835 2832/2832 2834/2834
f 2836/2836 2837/2837 2838/2838
f 2839/2839 2836/2836 2838/2838
f 2840/2840 2841/2841 2842/2842
f 2843/2843 2840/2840 2842/2842
f 2844/2844 2845/2845 2846/2846
f 2847/2847 2844/2844 2846/2846
f 2848/2848 2849/2849 2850/2850
f 2851/2851 2848/2848 2850/2850
f 2852/2852 2853/2853 2854/2854
f 2855/2855 2852/2852 2854/2854
f 2856/2856 2857/2857 2858/2858
f 2859/2859 2856/2856 2858/2858
f 2860/2860 2861/2861 2862/2862
f 2863/2863 2860/2860 2862/2862
f 2864/2864 2865/2865 2866/2866
f 2867/2867 2864/2864 2866/2866
f 2868/2868 2869/2869 2870/2870
f 2871/2871 2868/2868 2870/2870
f 2872/2872 2873/2873 2874/2874
f 2875/2875 2872/2872 2874/2874
f 2876/2876 2877/2877 2878/2878
f 2879/2879 2876/2876 2878/2878
f 2880/2880 2881/2881 2882/2882
f 2883/2883 2880/2880 2882/2882
f 2884/2884 2885/2885 2886/2886
f 2887/2887 2884/2884 2886/2886
f 2888/2888 2889/2889 2890/2890
f 2891/2891 2888/2888 2890/2890
f 2892/2892 2893/2893 2894/2894
f 2895/2895 2892/2892 2894/2894
f 2896/2896 2897/2897 2898/2898
f 2899/2899 2896/2896 2898/2898
f 2900/2900 2901/2901 2902/2902
f 2903/2903 2900/2900 2902/2902
f 2904/2904 2905/2905 2906/2906
f 2907/2907 2904/2904 2906/2906
f 2908/2908 2909/2909 2910/2910
f 2911/2911 2908/2908 2910/2910
f 2912/2912 2913/2913 2914/2914
f 2915/2915 2912/2912 2914/2914
f 2916/2916 2917/2917 2918/2918
f 2919/2919 2916/2916 2918/2918
f 2920/2920 2921/2921 2922/2922
f 2923/2923 2920/2920 2922/2922
f 2924/2924 2925/2925 2926/2926
f 2927/2927 2924/2924 2926/2926
f 2928/2928 2929/2929 2930/2930
f 2931/2931 2928/2928 2930/2930
f 2932/2932 2933/2933 2934/2934
f 2935/2935 2932/2932 2934/2934
f 2936/2936 2937/2937 2938/2938
f 2939/2939 2936/2936 2938/2938
f 2940/2940 2941/2941 2942/2942
f 2943/2943 2940/2940 2942/2942
f 2944/2944 2945/2945 2946/2946
f 2947/2947 2944/2944 2946/2946
f 2948/2948 2949/2949 2950/2950
f 2951/2951 2948/2948 2950/2950
f 2952/2952 2953/2953 2954/2954
f 2955/2955 2952/2952 2954/2954
f 2956/2956 2957/2957 2958/2958
f 2959/2959 2956/2956 2958/2958
f 2960/2960 2961/2961 2962/2962
f 2963/2963 2960/2960 2962/2962
f 2964/2964 2965/2965 2966/2966
f 2967/2967 2964/2964 2966/2966
f 2968/2968 2969/2969 2970/2970
f 2971/2971 2968/2968 2970/2970
f 2972/2972 2973/2973 2974/2974
f 2975/2975 2972/2972 2974/2974
f 2976/2976 2977/2977 2978/2978
f 2979/2979 2976/2976 2978/2978
f 2980/2980 2981/2981 2982/2982
f 2983/2983 2980/2980 2982/2982
f 2984/2984 2985/2985 2986/2986
f 2987/2987 2984/2984 2986/2986
f 2988/2988 2989/2989 2990/2990
f 2991/2991 2988/2988 2990/2990
f 2992/2992 2993/2993 2994/2994
f 2995/2995 2992/2992 2994/2994
f 2996/2996 2997/2997 2998/2998
f 2999/2999 2996/2996 2998/2998
f 3000/3000 3001/3001 3002/3002
f 3003/3003 3000/3000 3002/3002
f 3004/3004 3005/3005 3006/3006
f 3007/3007 3004/3004 3006/3006
f 3008/3008 3009/3009 3010/3010
f 3011/3011 3008/3008 3010/3010
f 3012/3012 3013/3013 3014/3014
f 3015/3015 3012/3012 3014/3014
f 3016/3016 3017/3017 3018/3018
f 3019/3019 3016/3016 3018/3018
f 3020/3020 3021/3021 3022/3022
f 3023/3023 3020/3020 3022/3022
f 3024/3024 3025/3025 3026/3026
f 3027/3027 3024/3024 3026/3026
f 3028/3028 3029/3029 3030/3030
f 3031/3031 3028/3028 3030/3030
f 3032/3032 3033/3033 3034/3034
f 3035/3035 3032/3032 3034/3034
f 3036/3036 3037/3037 3038/3038
f 3039/3039 3036/3036 3038/3038
f 3040/3040 3041/3041 3042/3042
f 3043/3043 3040/3040 3042/3042
f 3044/3044 3045/3045 3046/3046
f 3047/3047 3044/3044 3046/3046
f 3048/3048 3049/3049 3050/3050
f 3051/3051 3048/3048 3050/3050
f 3052/3052 3053/3053 3054/3054
f 3055/3055 3052/3052 3054/3054
f 3056/3056 3057/3057 3058/3058
f 3059/3059 3056/3056 3058/3058
f 3060/3060 3061/3061 3062/3062
f 3063/3063 3060/3060 3062/3062
f 3064/3064 3065/3065 3066/3066
f 3067/3067 3064/3064 3066/3066
f 3068/3068 3069/3069 3070/3070
f 3071/3071 3068/3068 3070/3070
f 3072/3072 3073/3073 3074/3074
f 3075/3075 3072/3072 3074/3074
f 3076/3076 3077/3077 3078/3078
f 3079/3079 3076/3076 3078/3078
f 3080/3080 3081/3081 3082/3082
f 3083/3083 3080/3080 3082/3082
f 3084/3084 3085/3085 3086/3086
f 3087/3087 3084/3084 3086/3086
f 3088/3088 3089/3089 3090/3090
f 3091/3091 3088/3088 3090/3090
f 3092/3092 3093/3093 3094/3094
f 3095/3095 3092/3092 3094/3094
f 3096/3096 3097/3097 3098/3098
f 3099/3099 3096/3096 3098/3098
f 3100/3100 3101/3101 3102/3102
f 3103/3103 3100/3100 3102/3102
f 3104/3104 3105/3105 3106/3106
f 3107/3107 3104/3104 3106/3106
f 3108/3108 3109/3109 3110/3110
f 3111/3111 3108/3108 3110/3110
f 3112/3112 3113/3113 3114/3114
f 3115/3115 3112/3112 3114/3114
f 3116/3116 3117/3117 3118/3118
f 3119/3119 3116/3116 3118/3118
f 3120/3120 3121/3121 3122/3122
f 3123/3123 3120/3120 3122/3122
f 3124/3124 3125/3125 3126/3126
f 3127/3127 3124/3124 3126/3126
f 3128/3128 3129/3129 3130/3130
f 3131/3131 3128/3128 3130/3130
f 3132/3132 3133/3133 3134/3134
f 3135/3135 3132/3132 3134/3134
f 3136/3136 3137/3137 3138/3138
f 3139/3139 3136/3136 3138/3138
f 3140/3140 3141/3141 3142/3142
f 3143/3143 3140/3140 3142/3142
f 3144/3144 3145/3145 3146/3146
f 3147/3147 3144/3144 3146/3146
f 3148/3148 3149/3149 3150/3150
f 3151/3151 3148/3148 3150/3150
f 3152/3152 3153/3153 3154/3154
f 3155/3155 3152/3152 3154/3154
f 3156/3156 3157/3157 3158/3158
f 3159/3159 3156/3156 3158/3158
f 3160/3160 3161/3161 3162/3162
f 3163/3163 3160/3160 3162/3162
f 3164/3164 3165/3165 3166/3166
f 3167/3167 3164/3164 3166/3166
f 3168/3168 3169/3169 3170/3170
f 3171/3171 3168/3168 3170/3170
f 3172/3172 3173/3173 3174/3174
f 3175/3175 3172/3172 3174/3174
f 3176/3176 3177/3177 3178/3178
f 3179/3179 3176/3176 3178/3178
f 3180/3180 3181/3181 3182/3182
f 3183/3183 3180/3180 3182/3182
f 3184/3184 3185/3185 3186/3186
f 3187/3187 3184/3184 3186/3186
f 3188/3188 3189/3189 3190/3190
f 3191/3191 3188/3188 3190/3190
f 3192/3192 3193/3193 3194/3194
f 3195/3195 3192/3192 3194/3194
f 3196/3196 3197/3197 3198/3198
f 3199/3199 3196/3196 3198/3198
f 3200/3200 3201/3201 3202/3202
f 3203/3203 3200/3200 3202/3202
f 3204/3204 3205/3205 3206/3206
f 3207/3207 3204/3204 3206/3206
f 3208/3208 3209/3209 3210/3210
f 3211/3211 3208/3208 3210/3210
f 3212/3212 3213/3213 3214/3214
f 3215/3215 3212/3212 3214/3214
f 3216/3216 3217/3217 3218/3218
f 3219/3219 3216/3216 3218/3218
f 3220/3220 3221/3221 3222/3222
f 3223/3223 3220/3220 3222/3222
f 3224/3224 3225/3225 3226/3226
f 3227/3227 3224/3224 3226/3226
f 3228/3228 3229/3229 3230/3230
f 3231/3231 3228/3228 3230/3230
f 3232/3232 3233/3233 3234/3234
f 3235/3235 3232/3232 3234/3234
f 3236/3236 3237/3237 3238/3238
f 3239/3239 3236/3236 3238/3238
f 3240/3240 3241/3241 3242/3242
f 3243/3243 3240/3240 3242/3242
f 3244/3244 3245/3245 3246/3246
f 3247/3247 3244/3244 3246/3246
f 3248/3248 3249/3249 3250/3250
f 3251/3251 3248/3248 3250/3250
f 3252/3252 3253/3253 3254/3254
f 3255/3255 3252/3252 3254/3254
f 3256/3256 3257/3257 3258/3258
f 3259/3259 3256/3256 3258/3258
f 3260/3260 3261/3261 3262/3262
f 3263/3263 3260/3260 3262/3262
f 3264/3264 3265/3265 3266/3266
f 3267/3267 3264/3264 3266/3266
f 3268/3268 3269/3269 3270/3270
f 3271/3271 3268/3268 3270/3270
f 3272/3272 3273/3273 3274/3274
f 3275/3275 3272/3272 3274/3274
f 3276/3276 3277/3277 3278/3278
f 3279/3279 3276/3276 3278/3278
f 3280/3280 3281/3281 3282/3282
f 3283/3283 3280/3280 3282/3282
f 3284/3284 3285/3285 3286/3286
f 3287/3287 3284/3284 3286/3286
f 3288/3288 3289/3289 3290/3290
f 3291/3291 3288/3288 3290/3290
f 3292/3292 3293/3293 3294/3294
f 3295/3295 3292/3292 3294/3294
f 3296/3296 3297/3297 3298/3298
f 3299/3299 3296/3296 3298/3298
f 3300/3300 3301/3301 3302/3302
f 3303/3303 3300/3300 3302/3302
f 3304/3304 3305/3305 3306/3306
f 3307/3307 3304/3304 3306/3306
f 3308/3308 3309/3309 3310/3310
f 3311/3311 3308/3308 3310/3310
f 3312/3312 3313/3313 3314/3314
f 3315/3315 3312/3312 3314/3314
f 3316/3316 3317/3317 3318/3318
f 3319/3319 3316/3316 3318/3318
f 3320/3320 3321/3321 3322/3322
f 3323/3323 3320/3320 3322/3322
f 3324/3324 3325/3325 3326/3326
f 3327/3327 3324/3324 3326/3326
f 3328/3328 3329/3329 3330/3330
f 3331/3331 3328/3328 3330/3330
f 3332/3332 3333/3333 3334/3334
f 3335/3335 3332/3332 3334/3334
f 3336/3336 3337/3337 3338/3338
f 3339/3339 3336/3336 3338/3338
f 3340/3340 3341/3341 3342/3342
f 3343/3343 3340/3340 3342/3342
f 3344/3344 3345/3345 3346/3346
f 3347/3347 3344/3344 3346/3346
f 3348/3348 3349/3349 3350/3350
f 3351/3351 3348/3348 3350/3350
f 3352/3352 3353/3353 3354/3354
f 3355/3355 3352/3352 3354/3354
f 3356/3356 3357/3357 3358/3358
f 3359/3359 3356/3356 3358/3358
f 3360/3360 3361/3361 3362/3362
f 3363/3363 3360/3360 3362/3362
f 3364/3364 3365/3365 3366/3366
f 3367/3367 3364/3364 3366/3366
f 3368/3368 3369/3369 3370/3370
f 3371/3371 3368/3368 3370/3370
f 3372/3372 3373/3373 3374/3374
f 3375/3375 3372/3372 3374/3374
f 3376/3376 3377/3377 3378/3378
f 3379/3379 3376/3376 3378/3378
f 3380/3380 3381/3381 3382/3382
f 3383/3383 3380/3380 3382/3382
f 3384/3384 3385/3385 3386/3386
f 3387/3387 3384/3384 3386/3386
f 3388/3388 3389/3389 3390/3390
f 3391/3391 3388/3388 3390/3390
f 3392/3392 3393/3393 3394/3394
f 3395/3395 3392/3392 3394/3394
f 3396/3396 3397/3397 3398/3398
f 3399/3399 3396/3396 3398/3398
f 3400/3400 3401/3401 3402/3402
f 3403/3403 3400/3400 3402/3402
f 3404/3404 3405/3405 3406/3406
f 3407/3407 3404/3404 3406/3406
f 3408/3408 3409/3409 3410/3410
f 3411/3411 3408/3408 3410/3410
f 3412/3412 3413/3413 3414/3414
f 3415/3415 3412/3412 3414/3414
f 3416/3416 3417/3417 3418/3418
f 3419/3419 3416/3416 3418/3418
f 3420/3420 3421/3421 3422/3422
f 3423/3423 3420/3420 3422/3422
f 3424/3424 3425/3425 3426/3426
f 3427/3427 3424/3424 3426/3426
f 3428/3428 3429/3429 3430/3430
f 3431/3431 3428/3428 3430/3430
f 3432/3432 3433/3433 3434/3434
f 3435/3435 3432/3432 3434/3434
f 3436/3436 3437/3437 3438/3438
f 3439/3439 3436/3436 3438/3438
f 3440/3440 3441/3441 3442/3442
f 3443/3443 3440/3440 3442/3442
f 3444/3444 3445/3445 3446/3446
f 3447/3447 3444/3444 3446/3446
f 3448/3448 3449/3449 3450/3450
f 3451/3451 3448/3448 3450/3450
f 3452/3452 3453/3453 3454/3454
f 3455/3455 3452/3452 3454/3454
f 3456/3456 3457/3457 3458/3458
f 3459/3459 3456/3456 3458/3458
f 3460/3460 3461/3461 3462/3462
f 3463/3463 3460/3460 3462/3462
f 3464/3464 3465/3465 3466/3466
f 3467/3467 3464/3464 3466/3466
f 3468/3468 3469/3469 3470/3470
f 3471/3471 3468/3468 3470/3470
f 3472/3472 3473/3473 3474/3474
f 3475/3475 3472/3472 3474/3474
f 3476/3476 3477/3477 3478/3478
f 3479/3479 3476/3476 3478/3478
f 3480/3480 3481/3481 3482/3482
f 3483/3483 3480/3480 3482/3482
f 3484/3484 3485/3485 3486/3486
f 3487/3487 3484/3484 3486/3486
f 3488/3488 3489/3489 3490/3490
f 3491/3491 3488/3488 3490/3490
f 3492/3492 3493/3493 3494/3494
f 3495/3495 3492/3492 3494/3494
f 3496/3496 3497/3497 3498/3498
f 3499/3499 3496/3496 3498/3498
f 3500/3500 3501/3501 3502/3502
f 3503/3503 3500/3500 3502/3502
f 3504/3504 3505/3505 3506/3506
f 3507/3507 3504/3504 3506/3506
f 3508/3508 3509/3509 3510/3510
f 3511/3511 3508/3508 3510/3510
f 3512/3512 3513/3513 3514/3514
f 3515/3515 3512/3512 3514/3514
f 3516/3516 3517/3517 3518/3518
f 3519/3519 3516/3516 3518/3518
f 3520/3520 3521/3521 3522/3522
f 3523/3523 3520/3520 3522/3522
f 3524/3524 3525/3525 3526/3526
f 3527/3527 3524/3524 3526/3526
f 3528/3528 3529/3529 3530/3530
f 3531/3531 3528/3528 3530/3530
f 3532/3532 3533/3533 3534/3534
f 3535/3535 3532/3532 3534/3534
f 3536/3536 3537/3537 3538/3538
f 3539/3539 3536/3536 3538/3538
f 3540/3540 3541/3541 3542/3542
f 3543/3543 3540/3540 3542/3542
f 3544/3544 3545/3545 3546/3546
f 3547/3547 3544/3544 3546/3546
f 3548/3548 3549/3549 3550/3550
f 3551/3551 3548/3548 3550/3550
f 3552/3552 3553/3553 3554/3554
f 3555/3555 3552/3552 3554/3554
f 3556/3556 3557/3557 3558/3558
f 3559/3559 3556/3556 3558/3558
f 3560/3560 3561/3561 3562/3562
f 3563/3563 3560/3560 3562/3562
f 3564/3564 3565/3565 3566/3566
f 3567/3567 3564/3564 3566/3566
f 3568/3568 3569/3569 3570/3570
f 3571/3571 3568/3568 3570/3570
f 3572/3572 3573/3573 3574/3574
f 3575/3575 3572/3572 3574/3574
f 3576/3576 3577/3577 3578/3578
f 3579/3579 3576/3576 3578/3578
f 3580/3580 3581/3581 3582/3582
f 3583/3583 3580/3580 3582/3582
f 3584/3584 3585/3585 3586/3586
f 3587/3587 3584/3584 3586/3586
f 3588/3588 3589/3589 3590/3590
f 3591/3591 3588/3588 3590/3590
f 3592/3592 3593/3593 3594/3594
f 3595/3595 3592/3592 3594/3594
f 3596/3596 3597/3597 3598/3598
f 3599/3599 3596/3596 3598/3598
f 3600/3600 3601/3601 3602/3602
f 3603/3603 3600/3600 3602/3602
f 3604/3604 3605/3605 3606/3606
f 3607/3607 3604/3604 3606/3606
f 3608/3608 3609/3609 3610/3610
f 3611/3611 3608/3608 3610/3610
f 3612/3612 3613/3613 3614/3614
f 3615/3615 3612/3612 3614/3614
f 3616/3616 3617/3617 3618/3618
f 3619/3619 3616/3616 3618/3618
f 3620/3620 3621/3621 3622/3622
f 3623/3623 3620/3620 3622/3622
f 3624/3624 3625/3625 3626/3626
f 3627/3627 3624/3624 3626/3626
f 3628/3628 3629/3629 3630/3630
f 3631/3631 3628/3628 3630/3630
f 3632/3632 3633/3633 3634/3634
f 3635/3635 3632/3632 3634/3634
f 3636/3636 3637/3637 3638/3638
f 3639/3639 3636/3636 3638/3638
f 3640/3640 3641/3641 3642/3642
f 3643/3643 3640/3640 3642/3642
f 3644/3644 3645/3645 3646/3646
f 3647/3647 3644/3644 3646/3646
f 3648/3648 3649/3649 3650/3650
f 3651/3651 3648/3648 3650/3650
f 3652/3652 3653/3653 3654/3654
f 3655/3655 3652/3652 3654/3654
f 3656/3656 3657/3657 3658/3658
f 3659/3659 3656/3656 3658/3658
f 3660/3660 3661/3661 3662/3662
f 3663/3663 3660/3660 3662/3662
f 3664/3664 3665/3665 3666/3666
f 3667/3667 3664/3664 3666/3666
f 3668/3668 3669/3669 3670/3670
f 3671/3671 3668/3668 3670/3670
f 3672/3672 3673/3673 3674/3674
f 3675/3675 3672/3672 3674/3674
f 3676/3676 3677/3677 3678/3678
f 3679/3679 3676/3676 3678/3678
f 3680/3680 3681/3681 3682/3682
f 3683/3683 3680/3680 3682/3682
f 3684/3684 3685/3685 3686/3686
f 3687/3687 3684/3684 3686/3686
f 3688/3688 3689/3689 3690/3690
f 3691/3691 3688/3688 3690/3690
f 3692/3692 3693/3693 3694/3694
f 3695/3695 3692/3692 3694/3694
f 3696/3696 3697/3697 3698/3698
f 3699/3699 3696/3696 3698/3698
f 3700/3700 3701/3701 3702/3702
f 3703/3703 3700/3700 3702/3702
f 3704/3704 3705/3705 3706/3706
f 3707/3707 3704/3704 3706/3706
f 3708/3708 3709/3709 3710/3710
f 3711/3711 3708/3708 3710/3710
f 3712/3712 3713/3713 3714/3714
f 3715/3715 3712/3712 3714/3714
f 3716/3716 3717/3717 3718/3718
f 3719/3719 3716/3716 3718/3718
f 3720/3720 3721/3721 3722/3722
f 3723/3723 3720/3720 3722/3722
f 3724/3724 3725/3725 3726/3726
f 3727/3727 3724/3724 3726/3726
f 3728/3728 3729/3729 3730/3730
f 3731/3731 3728/3728 3730/3730
f 3732/3732 3733/3733 3734/3734
f 3735/3735 3732/3732 3734/3734
f 3736/3736 3737/3737 3738/3738
f 3739/3739 3736/3736 3738/3738
f 3740/3740 3741/3741 3742/3742
f 3743/3743 3740/3740 3742/3742
f 3744/3744 3745/3745 3746/3746
f 3747/3747 3744/3744 3746/3746
f 3748/3748 3749/3749 3750/3750
f 3751/3751 3748/3748 3750/3750
f 3752/3752 3753/3753 3754/3754
f 3755/3755 3752/3752 3754/3754
f 3756/3756 3757/3757 3758/3758
f 3759/3759 3756/3756 3758/3758
f 3760/3760 3761/3761 3762/3762
f 3763/3763 3760/3760 3762/3762
f 3764/3764 3765/3765 3766/3766
f 3767/3767 3764/3764 3766/3766
f 3768/3768 3769/3769 3770/3770
f 3771/3771 3768/3768 3770/3770
f 3772/3772 3773/3773 3774/3774
f 3775/3775 3772/3772 3774/3774
f 3776/3776 3777/3777 3778/3778
f 3779/3779 3776/3776 3778/3778
f 3780/3780 3781/3781 3782/3782
f 3783/3783 3780/3780 3782/3782
f 3784/3784 3785/3785 3786/3786
f 3787/3787 3784/3784 3786/3786
f 3788/3788 3789/3789 3790/3790
f 3791/3791 3788/3788 3790/3790
f 3792/3792 3793/3793 3794/3794
f 3795/3795 3792/3792 3794/3794
f 3796/3796 3797/3797 3798/3798
f 3799/3799 3796/3796 3798/3798
f 3800/3800 3801/3801 3802/3802
f 3803/3803 3800/3800 3802/3802
f 3804/3804 3805/3805 3806/3806
f 3807/3807 3804/3804 3806/3806
f 3808/3808 3809/3809 3810/3810
f 3811/3811 3808/3808 3810/3810
f 3812/3812 3813/3813 3814/3814
f 3815/3815 3812/3812 3814/3814
f 3816/3816 3817/3817 3818/3818
f 3819/3819 3816/3816 3818/3818
f 3820/3820 3821/3821 3822/3822
f 3823/3823 3820/3820 3822/3822
f 3824/3824 3825/3825 3826/3826
f 3827/3827 3824/3824 3826/3826
f 3828/3828 3829/3829 3830/3830
f 3831/3831 3828/3828 3830/3830
f 3832/3832 3833/3833 3834/3834
f 3835/3835 3832/3832 3834/3834
f 3836/3836 3837/3837 3838/3838
f 3839/3839 3836/3836 3838/3838
f 3840/3840 3841/3841 3842/3842
f 3843/3843 3840/3840 3842/3842
f 3844/3844 3845/3845 3846/3846
f 3847/3847 3844/3844 3846/3846
f 3848/3848 3849/3849 3850/3850
f 3851/3851 3848/3848 3850/3850
f 3852/3852 3853/3853 3854/3854
f 3855/3855 3852/3852 3854/3854
f 3856/3856 3857/3857 3858/3858
f 3859/3859 3856/3856 3858/3858
f 3860/3860 3861/3861 3862/3862
f 3863/3863 3860/3860 3862/3862
f 3864/3864 3865/3865 3866/3866
f 3867/3867 3864/3864 3866/3866
f 3868/3868 3869/3869 3870/3870
f 3871/3871 3868/3868 3870/3870
f 3872/3872 3873/3873 3874/3874
f 3875/3875 3872/3872 3874/3874
f 3876/3876 3877/3877 3878/3878
f 3879/3879 3876/3876 3878/3878
f 3880/3880 3881/3881 3882/3882
f 3883/3883 3880/3880 3882/3882
f 3884/3884 3885/3885 3886/3886
f 3887/3887 3884/3884 3886/3886
f 3888/3888 3889/3889 3890/3890
f 3891/3891 3888/3888 3890/3890
f 3892/3892 3893/3893 3894/3894
f 3895/3895 3892/3892 3894/3894
f 3896/3896 3897/3897 3898/3898
f 3899/3899 3896/3896 3898/3898
f 3900/3900 3901/3901 3902/3902
f 3903/3903 3900/3900 3902/3902
f 3904/3904 3905/3905 3906/3906
f 3907/3907 3904/3904 3906/3906
f 3908/3908 3909/3909 3910/3910
f 3911/3911 3908/3908 3910/3910
f 3912/3912 3913/3913 3914/3914
f 3915/3915 3912/3912 3914/3914
f 3916/3916 3917/3917 3918/3918
f 3919/3919 3916/3916 3918/3918
f 3920/3920 3921/3921 3922/3922
f 3923/3923 3920/3920 3922/3922
f 3924/3924 3925/3925 3926/3926
f 3927/3927 3924/3924 3926/3926
f 3928/3928 3929/3929 3930/3930
f 3931/3931 3928/3928 3930/3930
f 3932/3932 3933/3933 3934/3934
f 3935/3935 3932/3932 3934/3934
f 3936/3936 3937/3937 3938/3938
f 3939/3939 3936/3936 3938/3938
f 3940/3940 3941/3941 3942/3942
f 3943/3943 3940/3940 3942/3942
f 3944/3944 3945/3945 3946/3946
f 3947/3947 3944/3944 3946/3946
f 3948/3948 3949/3949 3950/3950
f 3951/3951 3948/3948 3950/3950
f 3952/3952 3953/3953 3954/3954
f 3955/3955 3952/3952 3954/3954
f 3956/3956 3957/3957 3958/3958
f 3959/3959 3956/3956 3958/3958
f 3960/3960 3961/3961 3962/3962
f 3963/3963 3960/3960 3962/3962
f 3964/3964 3965/3965 3966/3966
f 3967/3967 3964/3964 3966/3966
f 3968/3968 3969/3969 3970/3970
f 3971/3971 3968/3968 3970/3970
f 3972/3972 3973/3973 3974/3974
f 3975/3975 3972/3972 3974/3974
f 3976/3976 3977/3977 3978/3978
f 3979/3979 3976/3976 3978/3978
f 3980/3980 3981/3981 3982/3982
f 3983/3983 3980/3980 3982/3982
f 3984/3984 3985/3985 3986/3986
f 3987/3987 3984/3984 3986/3986
f 3988/3988 3989/3989 3990/3990
f 3991/3991 3988/3988 3990/3990
f 3992/3992 3993/3993 3994/3994
f 3995/3995 3992/3992 3994/3994
f 3996/3996 3997/3997 3998/3998
f 3999/3999 3996/3996 3998/3998
f 4000/4000 4001/4001 4002/4002
f 4003/4003 4000/4000 4002/4002
f 4004/4004 4005/4005 4006/4006
f 4007/4007 4004/4004 4006/4006
f 4008/4008 4009/4009 4010/4010
f 4011/4011 4008/4008 4010/4010
f 4012/4012 4013/4013 4014/4014
f 4015/4015 4012/4012 4014/4014
f 4016/4016 4017/4017 4018/4018
f 4019/4019 4016/4016 4018/4018
f 4020/4020 4021/4021 4022/4022
f 4023/4023 4020/4020 4022/4022
f 4024/4024 4025/4025 4026/4026
f 4027/4027 4024/4024 4026/4026
f 4028/4028 4029/4029 4030/4030
f 4031/4031 4028/4028 4030/4030
f 4032/4032 4033/4033 4034/4034
f 4035/4035 4032/4032 4034/4034
f 4036/4036 4037/4037 4038/4038
f 4039/4039 4036/4036 4038/4038
f 4040/4040 4041/4041 4042/4042
f 4043/4043 4040/4040 4042/4042
f 4044/4044 4045/4045 4046/4046
f 4047/4047 4044/4044 4046/4046
f 4048/4048 4049/4049 4050/4050
f 4051/4051 4048/4048 4050/4050
f 4052/4052 4053/4053 4054/4054
f 4055/4055 4052/4052 4054/4054
f 4056/4056 4057/4057 4058/4058
f 4059/4059 4056/4056 4058/4058
f 4060/4060 4061/4061 4062/4062
f 4063/4063 4060/4060 4062/4062
f 4064/4064 4065/4065 4066/4066
f 4067/4067 4064/4064 4066/4066
f 4068/4068 4069/4069 4070/4070
f 4071/4071 4068/4068 4070/4070
f 4072/4072 4073/4073 4074/4074
f 4075/4075 4072/4072 4074/4074
f 4076/4076 4077/4077 4078/4078
f 4079/4079 4076/4076 4078/4078
f 4080/4080 4081/4081 4082/4082
f 4083/4083 4080/4080 4082/4082
f 4084/4084 4085/4085 4086/4086
f 4087/4087 4084/4084 4086/4086
f 4088/4088 4089/4089 4090/4090
f 4091/4091 4088/4088 4090/4090
f 4092/4092 4093/4093 4094/4094
f 4095/4095 4092/4092 4094/4094
f 4096/4096 4097/4097 4098/4098
f 4099/4099 4096/4096 4098/4098
f 4100/4100 4101/4101 4102/4102
f 4103/4103 4100/4100 4102/4102
f 4104/4104 4105/4105 4106/4106
f 4107/4107 4104/4104 4106/4106
f 4108/4108 4109/4109 4110/4110
f 4111/4111 4108/4108 4110/4110
f 4112/4112 4113/4113 4114/4114
f 4115/4115 4112/4112 4114/4114
f 4116/4116 4117/4117 4118/4118
f 4119/4119 4116/4116 4118/4118
f 4120/4120 4121/4121 4122/4122
f 4123/4123 4120/4120 4122/4122
f 4124/4124 4125/4125 4126/4126
f 4127/4127 4124/4124 4126/4126
f 4128/4128 4129/4129 4130/4130
f 4131/4131 4128/4128 4130/4130
f 4132/4132 4133/4133 4134/4134
f 4135/4135 4132/4132 4134/4134
f 4136/4136 4137/4137 4138/4138
f 4139/4139 4136/4136 4138/4138
f 4140/4140 4141/4141 4142/4142
f 4143/4143 4140/4140 4142/4142
f 4144/4144 4145/4145 4146/4146
f 4147/4147 4144/4144 4146/4146
f 4148/4148 4149/4149 4150/4150
f 4151/4151 4148/4148 4150/4150
f 4152/4152 4153/4153 4154/4154
f 4155/4155 4152/4152 4154/4154
f 4156/4156 4157/4157 4158/4158
f 4159/4159 4156/4156 4158/4158
f 4160/4160 4161/4161 4162/4162
f 4163/4163 4160/4160 4162/4162
f 4164/4164 4165/4165 4166/4166
f 4167/4167 4164/4164 4166/4166
f 4168/4168 4169/4169 4170/4170
f 4171/4171 4168/4168 4170/4170
f 4172/4172 4173/4173 4174/4174
f 4175/4175 4172/4172 4174/4174
f 4176/4176 4177/4177 4178/4178
f 4179/4179 4176/4176 4178/4178
f 4180/4180 4181/4181 4182/4182
f 4183/4183 4180/4180 4182/4182
f 4184/4184 4185/4185 4186/4186
f 4187/4187 4184/4184 4186/4186
f 4188/4188 4189/4189 4190/4190
f 4191/4191 4188/4188 4190/4190
f 4192/4192 4193/4193 4194/4194
f 4195/4195 4192/4192 4194/4194
f 4196/4196 4197/4197 4198/4198
f 4199/4199 4196/4196 4198/4198
f 4200/4200 4201/4201 4202/4202
f 4203/4203 4200/4200 4202/4202
f 4204/4204 4205/4205 4206/4206
f 4207/4207 4204/4204 4206/4206
f 4208/4208 4209/4209 4210/4210
f 4211/4211 4208/4208 4210/4210
f 4212/4212 4213/4213 4214/4214
f 4215/4215 4212/4212 4214/4214
f 4216/4216 4217/4217 4218/4218
f 4219/4219 4216/4216 4218/4218
f 4220/4220 4221/4221 4222/4222
f 4223/4223 4220/4220 4222/4222
f 4224/4224 4225/4225 4226/4226
f 4227/4227 4224/4224 4226/4226
f 4228/4228 4229/4229 4230/4230
f 4231/4231 4228/4228 4230/4230
f 4232/4232 4233/4233 4234/4234
f 4235/4235 4232/4232 4234/4234
f 4236/4236 4237/4237 4238/4238
f 4239/4239 4236/4236 4238/4238
f 4240/4240 4241/4241 4242/4242
f 4243/4243 4240/4240 4242/4242
f 4244/4244 4245/4245 4246/4246
f 4247/4247 4244/4244 4246/4246
f 4248/4248 4249/4249 4250/4250
f 4251/4251 4248/4248 4250/4250
f 4252/4252 4253/4253 4254/4254
f 4255/4255 4252/4252 4254/4254
f 4256/4256 4257/4257 4258/4258
f 4259/4259 4256/4256 4258/4258
f 4260/4260 4261/4261 4262/4262
f 4263/4263 4260/4260 4262/4262
f 4264/4264 4265/4265 4266/4266
f 4267/4267 4264/4264 4266/4266
f 4268/4268 4269/4269 4270/4270
f 4271/4271 4268/4268 4270/4270
f 4272/4272 4273/4273 4274/4274
f 4275/4275 4272/4272 4274/4274
f 4276/4276 4277/4277 4278/4278
f 4279/4279 4276/4276 4278/4278
f 4280/4280 4281/4281 4282/4282
f 4283/4283 4280/4280 4282/4282
f 4284/4284 4285/4285 4286/4286
f 4287/4287 4284/4284 4286/4286
f 4288/4288 4289/4289 4290/4290
f 4291/4291 4288/4288 4290/4290
f 4292/4292 4293/4293 4294/4294
f 4295/4295 4292/4292 4294/4294
f 4296/4296 4297/4297 4298/4298
f 4299/4299 4296/4296 4298/4298
f 4300/4300 4301/4301 4302/4302
f 4303/4303 4300/4300 4302/4302
f 4304/4304 4305/4305 4306/4306
f 4307/4307 4304/4304 4306/4306
f 4308/4308 4309/4309 4310/4310
f 4311/4311 4308/4308 4310/4310
f 4312/4312 4313/4313 4314/4314
f 4315/4315 4312/4312 4314/4314
f 4316/4316 4317/4317 4318/4318
f 4319/4319 4316/4316 4318/4318
f 4320/4320 4321/4321 4322/4322
f 4323/4323 4320/4320 4322/4322
f 4324/4324 4325/4325 4326/4326
f 4327/4327 4324/4324 4326/4326
f 4328/4328 4329/4329 4330/4330
f 4331/4331 4328/4328 4330/4330
f 4332/4332 4333/4333 4334/4334
f 4335/4335 4332/4332 4334/4334
f 4336/4336 4337/4337 4338/4338
f 4339/4339 4336/4336 4338/4338
f 4340/4340 4341/4341 4342/4342
f 4343/4343 4340/4340 4342/4342
f 4344/4344 4345/4345 4346/4346
f 4347/4347 4344/4344 4346/4346
f 4348/4348 4349/4349 4350/4350
f 4351/4351 4348/4348 4350/4350
f 4352/4352 4353/4353 4354/4354
f 4355/4355 4352/4352 4354/4354
f 4356/4356 4357/4357 4358/4358
f 4359/4359 4356/4356 4358/4358
f 4360/4360 4361/4361 4362/4362
f 4363/4363 4360/4360 4362/4362
f 4364/4364 4365/4365 4366/4366
f 4367/4367 4364/4364 4366/4366
f 4368/4368 4369/4369 4370/4370
f 4371/4371 4368/4368 4370/4370
f 4372/4372 4373/4373 4374/4374
f 4375/4375 4372/4372 4374/4374
f 4376/4376 4377/4377 4378/4378
f 4379/4379 4376/4376 4378/4378
f 4380/4380 4381/4381 4382/4382
f 4383/4383 4380/4380 4382/4382
f 4384/4384 4385/4385 4386/4386
f 4387/4387 4384/4384 4386/4386
f 4388/4388 4389/4389 4390/4390
f 4391/4391 4388/4388 4390/4390
f 4392/4392 4393/4393 4394/4394
f 4395/4395 4392/4392 4394/4394
f 4396/4396 4397/4397 4398/4398
f 4399/4399 4396/4396 4398/4398
f 4400/4400 4401/4401 4402/4402
f 4403/4403 4400/4400 4402/4402
f 4404/4404 4405/4405 4406/4406
f 4407/4407 4404/4404 4406/4406
f 4408/4408 4409/4409 4410/4410
f 4411/4411 4408/4408 4410/4410
f 4412/4412 4413/4413 4414/4414
f 4415/4415 4412/4412 4414/4414
