# SCP CB Converted Room Mesh

v -703.9959716796875 101.83953857421875 -416.5008239746094
v -725.887451171875 97.29644775390625 -371.042724609375
v -703.9960327148438 97.29644775390625 -366.046142578125
v -743.4430541992188 97.29644775390625 -385.0428466796875
v -753.1856689453125 97.29644775390625 -405.2735900878906
v -753.1856689453125 97.29644775390625 -427.7280578613281
v -743.4430541992188 97.29644775390625 -447.95880126953125
v -725.887451171875 97.29644775390625 -461.95892333984375
v -703.9959716796875 97.29644775390625 -466.95550537109375
v -682.1045532226562 97.29644775390625 -461.95892333984375
v -664.5489501953125 97.29644775390625 -447.95880126953125
v -654.8063354492188 97.29644775390625 -427.72802734375
v -654.8063354492188 97.29644775390625 -405.2735900878906
v -664.5490112304688 97.29644775390625 -385.0428466796875
v -682.1046142578125 97.29644775390625 -371.042724609375
v -743.4430541992188 84.56695556640625 -334.58819580078125
v -703.9960327148438 84.56695556640625 -325.58465576171875
v -775.0771484375 84.56695556640625 -359.8155517578125
v -792.6326904296875 84.56695556640625 -396.27008056640625
v -792.6326904296875 84.56695556640625 -436.7315673828125
v -775.0771484375 84.56695556640625 -473.18609619140625
v -743.4430541992188 84.56695556640625 -498.4134521484375
v -703.9959716796875 84.56695556640625 -507.4169921875
v -664.5489501953125 84.56695556640625 -498.4134521484375
v -632.9148559570312 84.56695556640625 -473.18609619140625
v -615.3593139648438 84.56695556640625 -436.73150634765625
v -615.3593139648438 84.56695556640625 -396.27001953125
v -632.9149169921875 84.56695556640625 -359.81549072265625
v -664.549072265625 84.56695556640625 -334.5881652832031
v -753.1856689453125 66.1722412109375 -314.3574523925781
v -703.9960327148438 66.1722412109375 -303.1302185058594
v -792.6326904296875 66.1722412109375 -345.8153991699219
v -814.524169921875 66.1722412109375 -391.27349853515625
v -814.524169921875 66.1722412109375 -441.7281494140625
v -792.6326904296875 66.1722412109375 -487.18621826171875
v -753.1856689453125 66.1722412109375 -518.6441650390625
v -703.9959716796875 66.1722412109375 -529.8713989257812
v -654.8063354492188 66.1722412109375 -518.6441650390625
v -615.3592529296875 66.1722412109375 -487.1861877441406
v -593.4678344726562 66.1722412109375 -441.72808837890625
v -593.4678955078125 66.1722412109375 -391.2734375
v -615.359375 66.1722412109375 -345.8153381347656
v -654.8064575195312 66.1722412109375 -314.3573913574219
v -753.1856689453125 -429.6463317871094 -314.3573913574219
v -703.9960327148438 66.1722412109375 -303.1302185058594
v -753.1856689453125 66.1722412109375 -314.3574523925781
v -703.9960327148438 66.1722412109375 -303.1302185058594
v -703.9960327148438 -429.6463317871094 -303.13018798828125
v -792.6326904296875 -429.6463317871094 -345.81536865234375
v -753.1856689453125 66.1722412109375 -314.3574523925781
v -792.6326904296875 66.1722412109375 -345.8153991699219
v -753.1856689453125 66.1722412109375 -314.3574523925781
v -814.524169921875 -429.6463317871094 -391.2734375
v -792.6326904296875 66.1722412109375 -345.8153991699219
v -814.524169921875 66.1722412109375 -391.27349853515625
v -792.6326904296875 66.1722412109375 -345.8153991699219
v -814.524169921875 -429.6463317871094 -441.72808837890625
v -814.524169921875 66.1722412109375 -391.27349853515625
v -814.524169921875 66.1722412109375 -441.7281494140625
v -792.6326904296875 -429.6463317871094 -487.1861572265625
v -814.524169921875 66.1722412109375 -441.7281494140625
v -792.6326904296875 66.1722412109375 -487.18621826171875
v -753.1856689453125 -429.6463623046875 -518.6441040039062
v -792.6326904296875 66.1722412109375 -487.18621826171875
v -753.1856689453125 66.1722412109375 -518.6441650390625
v -792.6326904296875 66.1722412109375 -487.18621826171875
v -703.9959716796875 -429.6463623046875 -529.871337890625
v -753.1856689453125 66.1722412109375 -518.6441650390625
v -703.9959716796875 66.1722412109375 -529.8713989257812
v -753.1856689453125 66.1722412109375 -518.6441650390625
v -654.8063354492188 -429.6463623046875 -518.6441040039062
v -703.9959716796875 66.1722412109375 -529.8713989257812
v -654.8063354492188 66.1722412109375 -518.6441650390625
v -703.9959716796875 66.1722412109375 -529.8713989257812
v -703.9959716796875 -429.6463623046875 -529.871337890625
v -615.3592529296875 -429.6463317871094 -487.1861267089844
v -654.8063354492188 66.1722412109375 -518.6441650390625
v -615.3592529296875 66.1722412109375 -487.1861877441406
v -654.8063354492188 66.1722412109375 -518.6441650390625
v -593.4678344726562 -429.6463317871094 -441.72802734375
v -615.3592529296875 66.1722412109375 -487.1861877441406
v -593.4678344726562 66.1722412109375 -441.72808837890625
v -593.4678955078125 -429.6463317871094 -391.2733459472656
v -593.4678344726562 66.1722412109375 -441.72808837890625
v -593.4678955078125 66.1722412109375 -391.2734375
v -593.4678344726562 66.1722412109375 -441.72808837890625
v -615.359375 -429.6463317871094 -345.8152770996094
v -593.4678955078125 66.1722412109375 -391.2734375
v -615.359375 66.1722412109375 -345.8153381347656
v -654.8064575195312 -429.6463317871094 -314.3573303222656
v -615.359375 66.1722412109375 -345.8153381347656
v -654.8064575195312 66.1722412109375 -314.3573913574219
v -654.8064575195312 66.1722412109375 -314.3573913574219
v -703.9960327148438 66.1722412109375 -303.1302185058594
v -654.8064575195312 66.1722412109375 -314.3573913574219
v -743.4430541992188 -448.041015625 -334.588134765625
v -703.9960327148438 -429.6463317871094 -303.13018798828125
v -753.1856689453125 -429.6463317871094 -314.3573913574219
v -703.9960327148438 -429.6463317871094 -303.13018798828125
v -703.9960327148438 -448.041015625 -325.5846252441406
v -775.0770874023438 -448.041015625 -359.81549072265625
v -753.1856689453125 -429.6463317871094 -314.3573913574219
v -792.6326904296875 -429.6463317871094 -345.81536865234375
v -753.1856689453125 -429.6463317871094 -314.3573913574219
v -792.6326904296875 -448.041015625 -396.27001953125
v -792.6326904296875 -429.6463317871094 -345.81536865234375
v -814.524169921875 -429.6463317871094 -391.2734375
v -792.6326904296875 -429.6463317871094 -345.81536865234375
v -792.6326904296875 -448.041015625 -436.73150634765625
v -814.524169921875 -429.6463317871094 -391.2734375
v -814.524169921875 -429.6463317871094 -441.72808837890625
v -814.524169921875 -429.6463317871094 -391.2734375
v -775.0771484375 -448.041015625 -473.18603515625
v -814.524169921875 -429.6463317871094 -441.72808837890625
v -792.6326904296875 -429.6463317871094 -487.1861572265625
v -743.4430541992188 -448.041015625 -498.4133605957031
v -792.6326904296875 -429.6463317871094 -487.1861572265625
v -753.1856689453125 -429.6463623046875 -518.6441040039062
v -792.6326904296875 -429.6463317871094 -487.1861572265625
v -703.9959716796875 -448.041015625 -507.4169006347656
v -753.1856689453125 -429.6463623046875 -518.6441040039062
v -703.9959716796875 -429.6463623046875 -529.871337890625
v -753.1856689453125 -429.6463623046875 -518.6441040039062
v -664.5489501953125 -448.041015625 -498.4133605957031
v -703.9959716796875 -429.6463623046875 -529.871337890625
v -654.8063354492188 -429.6463623046875 -518.6441040039062
v -703.9959716796875 -429.6463623046875 -529.871337890625
v -632.9148559570312 -448.041015625 -473.18603515625
v -654.8063354492188 -429.6463623046875 -518.6441040039062
v -615.3592529296875 -429.6463317871094 -487.1861267089844
v -654.8063354492188 -429.6463623046875 -518.6441040039062
v -615.3593139648438 -448.041015625 -436.7314453125
v -615.3592529296875 -429.6463317871094 -487.1861267089844
v -593.4678344726562 -429.6463317871094 -441.72802734375
v -615.3592529296875 -429.6463317871094 -487.1861267089844
v -615.3593139648438 -448.041015625 -396.26995849609375
v -593.4678344726562 -429.6463317871094 -441.72802734375
v -593.4678955078125 -429.6463317871094 -391.2733459472656
v -593.4678344726562 -429.6463317871094 -441.72802734375
v -632.9149169921875 -448.041015625 -359.8153991699219
v -593.4678955078125 -429.6463317871094 -391.2733459472656
v -615.359375 -429.6463317871094 -345.8152770996094
v -593.4678955078125 -429.6463317871094 -391.2733459472656
v -664.549072265625 -448.041015625 -334.5881042480469
v -615.359375 -429.6463317871094 -345.8152770996094
v -654.8064575195312 -429.6463317871094 -314.3573303222656
v -654.8064575195312 -429.6463317871094 -314.3573303222656
v -703.9960327148438 -429.6463317871094 -303.13018798828125
v -654.8064575195312 -429.6463317871094 -314.3573303222656
v -725.887451171875 -460.7705078125 -371.0426940917969
v -703.9960327148438 -460.7705078125 -366.0461120605469
v -743.4430541992188 -460.7705078125 -385.04278564453125
v -753.1856689453125 -460.7705078125 -405.2735595703125
v -753.1856689453125 -460.7705078125 -427.72796630859375
v -743.4430541992188 -460.7705078125 -447.9587097167969
v -725.887451171875 -460.7705078125 -461.95880126953125
v -703.9959716796875 -460.7705078125 -466.95538330078125
v -682.1045532226562 -460.7705078125 -461.95880126953125
v -664.5489501953125 -460.7705078125 -447.9587097167969
v -654.8063354492188 -460.7705078125 -427.72796630859375
v -654.806396484375 -460.7705078125 -405.27349853515625
v -664.5490112304688 -460.7705078125 -385.0427551269531
v -682.1046142578125 -460.7705078125 -371.04266357421875
v -703.9959716796875 -465.3136291503906 -416.5007629394531
v -651.495361328125 -458.1227111816406 -493.00799560546875
v -627.48876953125 -458.1227111816406 -469.0013732910156
v -651.495361328125 -458.1227111816406 -469.0013732910156
v -627.48876953125 -458.1227111816406 -493.00799560546875
v -651.495361328125 -458.1227111816406 -493.00799560546875
v -627.48876953125 -426.2312927246094 -493.00799560546875
v -627.48876953125 -458.1227111816406 -493.00799560546875
v -651.495361328125 -426.2312927246094 -493.00799560546875
v -627.48876953125 -458.1227111816406 -493.00799560546875
v -627.48876953125 -426.2312927246094 -469.00140380859375
v -627.48876953125 -458.1227111816406 -469.0013732910156
v -627.48876953125 -426.2312927246094 -493.00799560546875
v -627.48876953125 -458.1227111816406 -469.0013732910156
v -651.495361328125 -426.2312927246094 -469.00140380859375
v -651.495361328125 -458.1227111816406 -469.0013732910156
v -627.48876953125 -426.2312927246094 -469.00140380859375
v -651.495361328125 -458.1227111816406 -469.0013732910156
v -651.495361328125 -426.2312927246094 -493.00799560546875
v -651.495361328125 -458.1227111816406 -493.00799560546875
v -651.495361328125 -426.2312927246094 -469.00140380859375
v -627.5136108398438 -512.0409545898438 -481.00469970703125
v -629.80126953125 -457.017333984375 -473.96392822265625
v -629.80126953125 -512.0409545898438 -473.96392822265625
v -627.5136108398438 -457.017333984375 -481.00469970703125
v -635.79052734375 -457.017333984375 -469.61248779296875
v -635.79052734375 -512.0409545898438 -469.61248779296875
v -643.193603515625 -457.017333984375 -469.61248779296875
v -643.193603515625 -512.0409545898438 -469.61248779296875
v -649.182861328125 -457.017333984375 -473.96392822265625
v -649.182861328125 -512.0409545898438 -473.96392822265625
v -651.4705200195312 -457.017333984375 -481.00469970703125
v -651.4705200195312 -512.0409545898438 -481.00469970703125
v -649.182861328125 -457.017333984375 -488.04547119140625
v -649.182861328125 -512.0409545898438 -488.04547119140625
v -643.193603515625 -457.017333984375 -492.3968811035156
v -643.193603515625 -512.0409545898438 -492.3968811035156
v -635.79052734375 -457.017333984375 -492.3968811035156
v -635.79052734375 -512.0409545898438 -492.3968811035156
v -629.80126953125 -457.017333984375 -488.0454406738281
v -629.80126953125 -512.0409545898438 -488.0454406738281
v -629.80126953125 -512.0409545898438 -488.0454406738281
v -629.80126953125 -457.017333984375 -488.0454406738281
v -774.085205078125 -483.48992919921875 -486.5899353027344
v -760.0673217773438 -483.48992919921875 -472.57208251953125
v -760.0673217773438 -483.48992919921875 -486.5899353027344
v -774.085205078125 -483.48992919921875 -472.57208251953125
v -647.9246826171875 -483.48992919921875 -486.5899353027344
v -647.9246826171875 -483.48992919921875 -472.57208251953125
v -633.9068603515625 -483.48992919921875 -472.57208251953125
v -633.9068603515625 -483.48992919921875 -486.5899353027344
v -760.0673217773438 -483.48992919921875 -360.4294128417969
v -774.085205078125 -483.48992919921875 -360.4294128417969
v -633.9068603515625 -483.48992919921875 -360.4294128417969
v -647.9246826171875 -483.48992919921875 -360.4294128417969
v -760.0673217773438 -483.48992919921875 -346.4115905761719
v -774.085205078125 -483.48992919921875 -346.4115905761719
v -647.9246826171875 -483.48992919921875 -346.4115905761719
v -633.9068603515625 -483.48992919921875 -346.4115905761719
v -774.085205078125 -491.19903564453125 -472.57208251953125
v -774.085205078125 -491.19903564453125 -486.5899353027344
v -774.085205078125 -491.19903564453125 -486.5899353027344
v -760.0673217773438 -491.19903564453125 -486.5899353027344
v -647.9246826171875 -483.48992919921875 -486.5899353027344
v -647.9246826171875 -491.19903564453125 -486.5899353027344
v -633.9068603515625 -491.19903564453125 -486.5899353027344
v -633.9068603515625 -491.19903564453125 -486.5899353027344
v -633.9068603515625 -491.19903564453125 -472.57208251953125
v -633.9068603515625 -491.19903564453125 -360.4294128417969
v -633.9068603515625 -491.19903564453125 -346.4115905761719
v -633.9068603515625 -491.19903564453125 -346.4115905761719
v -647.9246826171875 -491.19903564453125 -346.4115905761719
v -760.0673217773438 -491.19903564453125 -346.4115905761719
v -774.085205078125 -491.19903564453125 -346.4115905761719
v -774.085205078125 -491.19903564453125 -346.4115905761719
v -774.085205078125 -491.19903564453125 -360.4294128417969
v -760.0673217773438 -491.19903564453125 -472.57208251953125
v -760.0673217773438 -491.19903564453125 -360.4294128417969
v -760.0673217773438 -491.19903564453125 -360.4294128417969
v -647.9246826171875 -491.19903564453125 -360.4294128417969
v -647.9246826171875 -491.19903564453125 -360.4294128417969
v -647.9246826171875 -483.48992919921875 -472.57208251953125
v -647.9246826171875 -491.19903564453125 -472.57208251953125
v -647.9246826171875 -491.19903564453125 -472.57208251953125
v -760.0673217773438 -491.19903564453125 -472.57208251953125
v -647.9246826171875 -483.48992919921875 -472.57208251953125
v -647.9246826171875 -491.19903564453125 -472.57208251953125
v -760.0673217773438 -491.19903564453125 -486.5899353027344
v -647.9246826171875 -491.19903564453125 -486.5899353027344
v -760.0673217773438 -491.19903564453125 -472.57208251953125
v -633.9068603515625 -491.19903564453125 -486.5899353027344
v -633.9068603515625 -491.19903564453125 -472.57208251953125
v -647.9246826171875 -491.19903564453125 -360.4294128417969
v -633.9068603515625 -491.19903564453125 -360.4294128417969
v -633.9068603515625 -491.19903564453125 -346.4115905761719
v -647.9246826171875 -491.19903564453125 -346.4115905761719
v -760.0673217773438 -491.19903564453125 -360.4294128417969
v -760.0673217773438 -491.19903564453125 -346.4115905761719
v -774.085205078125 -491.19903564453125 -360.4294128417969
v -774.085205078125 -491.19903564453125 -472.57208251953125
v -774.085205078125 -491.19903564453125 -486.5899353027344
v -774.085205078125 -491.19903564453125 -346.4115905761719
v -756.521484375 -512.0409545898438 -481.00469970703125
v -758.8091430664062 -457.017333984375 -473.96392822265625
v -758.8091430664062 -512.0409545898438 -473.96392822265625
v -756.521484375 -457.017333984375 -481.00469970703125
v -764.7984008789062 -457.017333984375 -469.61248779296875
v -764.7984008789062 -512.0409545898438 -469.61248779296875
v -772.2014770507812 -457.017333984375 -469.61248779296875
v -772.2014770507812 -512.0409545898438 -469.61248779296875
v -778.1907348632812 -457.017333984375 -473.96392822265625
v -778.1907348632812 -512.0409545898438 -473.96392822265625
v -780.4783935546875 -457.017333984375 -481.00469970703125
v -780.4783935546875 -512.0409545898438 -481.00469970703125
v -778.1907348632812 -457.017333984375 -488.04547119140625
v -778.1907348632812 -512.0409545898438 -488.04547119140625
v -778.1907348632812 -512.0409545898438 -488.04547119140625
v -772.2014770507812 -457.017333984375 -492.3968811035156
v -772.2014770507812 -512.0409545898438 -492.3968811035156
v -778.1907348632812 -457.017333984375 -488.04547119140625
v -764.7984008789062 -457.017333984375 -492.3968811035156
v -764.7984008789062 -512.0409545898438 -492.3968811035156
v -758.8091430664062 -457.017333984375 -488.0454406738281
v -758.8091430664062 -512.0409545898438 -488.0454406738281
v -780.5032348632812 -458.1227111816406 -493.00799560546875
v -756.4966430664062 -458.1227111816406 -469.0013732910156
v -780.5032348632812 -458.1227111816406 -469.0013732910156
v -756.4966430664062 -458.1227111816406 -493.00799560546875
v -780.5032348632812 -458.1227111816406 -493.00799560546875
v -756.4966430664062 -426.2312927246094 -493.00799560546875
v -756.4966430664062 -458.1227111816406 -493.00799560546875
v -780.5032348632812 -426.2312927246094 -493.00799560546875
v -756.4966430664062 -458.1227111816406 -493.00799560546875
v -756.4966430664062 -426.2312927246094 -469.00140380859375
v -756.4966430664062 -458.1227111816406 -469.0013732910156
v -756.4966430664062 -426.2312927246094 -493.00799560546875
v -756.4966430664062 -458.1227111816406 -469.0013732910156
v -780.5032348632812 -426.2312927246094 -469.00140380859375
v -780.5032348632812 -458.1227111816406 -469.0013732910156
v -756.4966430664062 -426.2312927246094 -469.00140380859375
v -780.5032348632812 -458.1227111816406 -469.0013732910156
v -780.5032348632812 -426.2312927246094 -493.00799560546875
v -780.5032348632812 -458.1227111816406 -493.00799560546875
v -780.5032348632812 -426.2312927246094 -469.00140380859375
v -780.5032348632812 -458.1227111816406 -364.0001220703125
v -756.4966430664062 -458.1227111816406 -339.9935302734375
v -780.5032348632812 -458.1227111816406 -339.9935302734375
v -756.4966430664062 -458.1227111816406 -364.0001220703125
v -780.5032348632812 -458.1227111816406 -364.0001220703125
v -756.4966430664062 -426.2312927246094 -364.0001220703125
v -756.4966430664062 -458.1227111816406 -364.0001220703125
v -780.5032348632812 -426.2312927246094 -364.0001220703125
v -756.4966430664062 -458.1227111816406 -364.0001220703125
v -756.4966430664062 -426.2312927246094 -339.9935302734375
v -756.4966430664062 -458.1227111816406 -339.9935302734375
v -756.4966430664062 -426.2312927246094 -364.0001220703125
v -756.4966430664062 -458.1227111816406 -339.9935302734375
v -780.5032348632812 -426.2312927246094 -339.9935302734375
v -780.5032348632812 -458.1227111816406 -339.9935302734375
v -756.4966430664062 -426.2312927246094 -339.9935302734375
v -780.5032348632812 -458.1227111816406 -339.9935302734375
v -780.5032348632812 -426.2312927246094 -364.0001220703125
v -780.5032348632812 -458.1227111816406 -364.0001220703125
v -780.5032348632812 -426.2312927246094 -339.9935302734375
v -756.521484375 -512.0409545898438 -351.996826171875
v -758.8091430664062 -457.017333984375 -344.9560546875
v -758.8091430664062 -512.0409545898438 -344.9560546875
v -756.521484375 -457.017333984375 -351.996826171875
v -764.7984008789062 -457.017333984375 -340.6046447753906
v -764.7984008789062 -512.0409545898438 -340.6046447753906
v -772.2014770507812 -457.017333984375 -340.6046447753906
v -772.2014770507812 -512.0409545898438 -340.6046447753906
v -778.1907348632812 -457.017333984375 -344.9560546875
v -778.1907348632812 -512.0409545898438 -344.9560546875
v -780.4783935546875 -457.017333984375 -351.996826171875
v -780.4783935546875 -512.0409545898438 -351.996826171875
v -778.1907348632812 -457.017333984375 -359.0375671386719
v -778.1907348632812 -512.0409545898438 -359.0375671386719
v -778.1907348632812 -512.0409545898438 -359.0375671386719
v -772.2014770507812 -457.017333984375 -363.3890075683594
v -772.2014770507812 -512.0409545898438 -363.3890075683594
v -778.1907348632812 -457.017333984375 -359.0375671386719
v -764.7984008789062 -457.017333984375 -363.3890075683594
v -764.7984008789062 -512.0409545898438 -363.3890075683594
v -758.8091430664062 -457.017333984375 -359.0375671386719
v -758.8091430664062 -512.0409545898438 -359.0375671386719
v -627.5136108398438 -512.0409545898438 -351.996826171875
v -629.80126953125 -457.017333984375 -344.9560546875
v -629.80126953125 -512.0409545898438 -344.9560546875
v -627.5136108398438 -457.017333984375 -351.996826171875
v -635.79052734375 -457.017333984375 -340.6046447753906
v -635.79052734375 -512.0409545898438 -340.6046447753906
v -643.193603515625 -457.017333984375 -340.6046447753906
v -643.193603515625 -512.0409545898438 -340.6046447753906
v -649.182861328125 -457.017333984375 -344.9560546875
v -649.182861328125 -512.0409545898438 -344.9560546875
v -651.4705200195312 -457.017333984375 -351.996826171875
v -651.4705200195312 -512.0409545898438 -351.996826171875
v -649.182861328125 -457.017333984375 -359.0375671386719
v -649.182861328125 -512.0409545898438 -359.0375671386719
v -643.193603515625 -457.017333984375 -363.3890075683594
v -643.193603515625 -512.0409545898438 -363.3890075683594
v -635.79052734375 -457.017333984375 -363.3890075683594
v -635.79052734375 -512.0409545898438 -363.3890075683594
v -629.80126953125 -457.017333984375 -359.0375671386719
v -629.80126953125 -512.0409545898438 -359.0375671386719
v -629.80126953125 -512.0409545898438 -359.0375671386719
v -629.80126953125 -457.017333984375 -359.0375671386719
v -651.495361328125 -458.1227111816406 -364.0001220703125
v -627.48876953125 -458.1227111816406 -339.9935302734375
v -651.495361328125 -458.1227111816406 -339.9935302734375
v -627.48876953125 -458.1227111816406 -364.0001220703125
v -651.495361328125 -458.1227111816406 -364.0001220703125
v -627.48876953125 -426.2312927246094 -364.0001220703125
v -627.48876953125 -458.1227111816406 -364.0001220703125
v -651.495361328125 -426.2312927246094 -364.0001220703125
v -627.48876953125 -458.1227111816406 -364.0001220703125
v -627.48876953125 -426.2312927246094 -339.9935302734375
v -627.48876953125 -458.1227111816406 -339.9935302734375
v -627.48876953125 -426.2312927246094 -364.0001220703125
v -627.48876953125 -458.1227111816406 -339.9935302734375
v -651.495361328125 -426.2312927246094 -339.9935302734375
v -651.495361328125 -458.1227111816406 -339.9935302734375
v -627.48876953125 -426.2312927246094 -339.9935302734375
v -651.495361328125 -458.1227111816406 -339.9935302734375
v -651.495361328125 -426.2312927246094 -364.0001220703125
v -651.495361328125 -458.1227111816406 -364.0001220703125
v -651.495361328125 -426.2312927246094 -339.9935302734375
v -703.9959716796875 -475.3599853515625 -416.5007629394531
v -703.9959716796875 -475.3599853515625 -368.9764709472656
v -731.9300537109375 -475.3599853515625 -378.05279541015625
v -749.1942749023438 -475.3599853515625 -401.81494140625
v -749.1942749023438 -475.3599853515625 -431.18658447265625
v -731.9300537109375 -475.3599853515625 -454.9486999511719
v -703.9959716796875 -475.3599853515625 -464.0250244140625
v -676.0618896484375 -475.3599853515625 -454.94866943359375
v -658.7977294921875 -475.3599853515625 -431.1865234375
v -658.7977294921875 -475.3599853515625 -401.81488037109375
v -676.06201171875 -475.3599853515625 -378.052734375
v -703.9959716796875 -459.8097229003906 -368.9764709472656
v -676.06201171875 -475.3599853515625 -378.052734375
v -676.06201171875 -459.8097229003906 -378.052734375
v -703.9959716796875 -475.3599853515625 -368.9764709472656
v -658.7977294921875 -475.3599853515625 -401.81488037109375
v -658.7977294921875 -459.8097229003906 -401.81488037109375
v -676.06201171875 -475.3599853515625 -378.052734375
v -658.7977294921875 -475.3599853515625 -431.1865234375
v -658.7977294921875 -459.8097229003906 -431.1865234375
v -658.7977294921875 -475.3599853515625 -401.81488037109375
v -676.0618896484375 -475.3599853515625 -454.94866943359375
v -676.0618896484375 -459.8097229003906 -454.94866943359375
v -658.7977294921875 -475.3599853515625 -431.1865234375
v -703.9959716796875 -475.3599853515625 -464.0250244140625
v -703.9959716796875 -459.8097229003906 -464.0250244140625
v -676.0618896484375 -475.3599853515625 -454.94866943359375
v -731.9300537109375 -475.3599853515625 -454.9486999511719
v -731.9300537109375 -459.8097229003906 -454.9486999511719
v -703.9959716796875 -475.3599853515625 -464.0250244140625
v -731.9300537109375 -459.8097229003906 -454.9486999511719
v -749.1942749023438 -475.3599853515625 -431.18658447265625
v -749.1942749023438 -459.8097229003906 -431.18658447265625
v -731.9300537109375 -475.3599853515625 -454.9486999511719
v -749.1942749023438 -475.3599853515625 -401.81494140625
v -749.1942749023438 -459.8097229003906 -401.81494140625
v -749.1942749023438 -475.3599853515625 -431.18658447265625
v -731.9300537109375 -475.3599853515625 -378.05279541015625
v -731.9300537109375 -459.8097229003906 -378.05279541015625
v -749.1942749023438 -475.3599853515625 -401.81494140625
v -731.9300537109375 -475.3599853515625 -378.05279541015625
v -703.9959716796875 -475.3599853515625 -368.9764709472656
v -703.9960327148438 112.97064208984375 -416.5008239746094
v -703.9959716796875 112.97064208984375 -368.9765625
v -676.0619506835938 112.97064208984375 -378.0528564453125
v -658.7977294921875 112.97064208984375 -401.8150329589844
v -658.7977294921875 112.97064208984375 -431.1866455078125
v -676.0619506835938 112.97064208984375 -454.94879150390625
v -703.9960327148438 112.97064208984375 -464.02508544921875
v -731.9301147460938 112.97064208984375 -454.94873046875
v -749.1942749023438 112.97064208984375 -431.1865539550781
v -749.1942749023438 112.97064208984375 -401.81494140625
v -731.9299926757812 112.97064208984375 -378.0528259277344
v -703.9959716796875 96.30230712890625 -368.9765625
v -731.9299926757812 112.97064208984375 -378.0528259277344
v -731.9299926757812 96.30230712890625 -378.0528259277344
v -731.9299926757812 112.97064208984375 -378.0528259277344
v -703.9959716796875 112.97064208984375 -368.9765625
v -749.1942749023438 112.97064208984375 -401.81494140625
v -749.1942138671875 96.30230712890625 -401.81494140625
v -731.9299926757812 112.97064208984375 -378.0528259277344
v -749.1942749023438 112.97064208984375 -431.1865539550781
v -749.1942749023438 96.30230712890625 -431.1865539550781
v -749.1942749023438 112.97064208984375 -401.81494140625
v -731.9301147460938 112.97064208984375 -454.94873046875
v -731.9301147460938 96.30230712890625 -454.94873046875
v -749.1942749023438 112.97064208984375 -431.1865539550781
v -731.9301147460938 96.30230712890625 -454.94873046875
v -703.9960327148438 112.97064208984375 -464.02508544921875
v -703.9960327148438 96.30230712890625 -464.02508544921875
v -703.9960327148438 112.97064208984375 -464.02508544921875
v -731.9301147460938 96.30230712890625 -454.94873046875
v -731.9301147460938 112.97064208984375 -454.94873046875
v -676.0619506835938 112.97064208984375 -454.94879150390625
v -676.0619506835938 96.30230712890625 -454.94879150390625
v -676.0619506835938 112.97064208984375 -454.94879150390625
v -703.9960327148438 112.97064208984375 -464.02508544921875
v -658.7977294921875 112.97064208984375 -431.1866455078125
v -658.7977294921875 96.30230712890625 -431.1866455078125
v -658.7977294921875 112.97064208984375 -431.1866455078125
v -676.0619506835938 112.97064208984375 -454.94879150390625
v -658.7977294921875 112.97064208984375 -401.8150329589844
v -658.7977294921875 96.30230712890625 -401.8150329589844
v -658.7977294921875 112.97064208984375 -431.1866455078125
v -676.0619506835938 112.97064208984375 -378.0528564453125
v -676.0619506835938 96.30230712890625 -378.0528564453125
v -658.7977294921875 112.97064208984375 -401.8150329589844
v -676.0619506835938 112.97064208984375 -378.0528564453125
v -703.9959716796875 112.97064208984375 -368.9765625
v -676.0619506835938 112.97064208984375 -378.0528564453125
v 704.0040283203125 101.8394775390625 -416.5008239746094
v 682.112548828125 97.29638671875 -371.042724609375
v 704.0039672851562 97.29638671875 -366.046142578125
v 664.5569458007812 97.29638671875 -385.0428466796875
v 654.8143310546875 97.29638671875 -405.2735900878906
v 654.8143310546875 97.29638671875 -427.7280578613281
v 664.5569458007812 97.29638671875 -447.95880126953125
v 682.112548828125 97.29638671875 -461.95892333984375
v 704.0040283203125 97.29638671875 -466.95550537109375
v 725.8954467773438 97.29638671875 -461.95892333984375
v 743.4510498046875 97.29638671875 -447.95880126953125
v 753.1936645507812 97.29638671875 -427.72802734375
v 753.1936645507812 97.29638671875 -405.2735900878906
v 743.4509887695312 97.29638671875 -385.0428466796875
v 725.8953857421875 97.29638671875 -371.042724609375
v 664.5569458007812 84.56689453125 -334.58819580078125
v 704.0039672851562 84.56689453125 -325.58465576171875
v 632.9228515625 84.56689453125 -359.8155517578125
v 615.3673095703125 84.56689453125 -396.27008056640625
v 615.3673095703125 84.56689453125 -436.7315673828125
v 632.9228515625 84.56689453125 -473.18609619140625
v 664.5569458007812 84.56689453125 -498.4134521484375
v 704.0040283203125 84.56689453125 -507.4169921875
v 743.4510498046875 84.56689453125 -498.4134521484375
v 775.0851440429688 84.56689453125 -473.18609619140625
v 792.6406860351562 84.56689453125 -436.73150634765625
v 792.6406860351562 84.56689453125 -396.27001953125
v 775.0850830078125 84.56689453125 -359.81549072265625
v 743.450927734375 84.56689453125 -334.5881652832031
v 654.8143310546875 66.17218017578125 -314.3574523925781
v 704.0039672851562 66.17218017578125 -303.1302185058594
v 615.3673095703125 66.17218017578125 -345.8153991699219
v 593.475830078125 66.17218017578125 -391.27349853515625
v 593.475830078125 66.17218017578125 -441.7281494140625
v 615.3673095703125 66.17218017578125 -487.18621826171875
v 654.8143310546875 66.17218017578125 -518.6441650390625
v 704.0040283203125 66.17218017578125 -529.8713989257812
v 753.1936645507812 66.17218017578125 -518.6441650390625
v 792.6407470703125 66.17218017578125 -487.1861877441406
v 814.5321655273438 66.17218017578125 -441.72808837890625
v 814.5321044921875 66.17218017578125 -391.2734375
v 792.640625 66.17218017578125 -345.8153381347656
v 753.1935424804688 66.17218017578125 -314.3573913574219
v 654.8143310546875 -429.6463928222656 -314.3573913574219
v 704.0039672851562 66.17218017578125 -303.1302185058594
v 654.8143310546875 66.17218017578125 -314.3574523925781
v 704.0039672851562 66.17218017578125 -303.1302185058594
v 704.0039672851562 -429.6463928222656 -303.13018798828125
v 615.3673095703125 -429.6463928222656 -345.81536865234375
v 654.8143310546875 66.17218017578125 -314.3574523925781
v 615.3673095703125 66.17218017578125 -345.8153991699219
v 654.8143310546875 66.17218017578125 -314.3574523925781
v 593.475830078125 -429.6463928222656 -391.2734375
v 615.3673095703125 66.17218017578125 -345.8153991699219
v 593.475830078125 66.17218017578125 -391.27349853515625
v 615.3673095703125 66.17218017578125 -345.8153991699219
v 593.475830078125 -429.6463928222656 -441.72808837890625
v 593.475830078125 66.17218017578125 -391.27349853515625
v 593.475830078125 66.17218017578125 -441.7281494140625
v 615.3673095703125 -429.6463928222656 -487.1861572265625
v 593.475830078125 66.17218017578125 -441.7281494140625
v 615.3673095703125 66.17218017578125 -487.18621826171875
v 654.8143310546875 -429.64642333984375 -518.6441040039062
v 615.3673095703125 66.17218017578125 -487.18621826171875
v 654.8143310546875 66.17218017578125 -518.6441650390625
v 615.3673095703125 66.17218017578125 -487.18621826171875
v 704.0040283203125 -429.64642333984375 -529.871337890625
v 654.8143310546875 66.17218017578125 -518.6441650390625
v 704.0040283203125 66.17218017578125 -529.8713989257812
v 654.8143310546875 66.17218017578125 -518.6441650390625
v 753.1936645507812 -429.64642333984375 -518.6441040039062
v 704.0040283203125 66.17218017578125 -529.8713989257812
v 753.1936645507812 66.17218017578125 -518.6441650390625
v 704.0040283203125 66.17218017578125 -529.8713989257812
v 704.0040283203125 -429.64642333984375 -529.871337890625
v 792.6407470703125 -429.6463928222656 -487.1861267089844
v 753.1936645507812 66.17218017578125 -518.6441650390625
v 792.6407470703125 66.17218017578125 -487.1861877441406
v 753.1936645507812 66.17218017578125 -518.6441650390625
v 814.5321655273438 -429.6463928222656 -441.72802734375
v 792.6407470703125 66.17218017578125 -487.1861877441406
v 814.5321655273438 66.17218017578125 -441.72808837890625
v 814.5321044921875 -429.6463928222656 -391.2733459472656
v 814.5321655273438 66.17218017578125 -441.72808837890625
v 814.5321044921875 66.17218017578125 -391.2734375
v 814.5321655273438 66.17218017578125 -441.72808837890625
v 792.640625 -429.6463928222656 -345.8152770996094
v 814.5321044921875 66.17218017578125 -391.2734375
v 792.640625 66.17218017578125 -345.8153381347656
v 753.1935424804688 -429.6463928222656 -314.3573303222656
v 792.640625 66.17218017578125 -345.8153381347656
v 753.1935424804688 66.17218017578125 -314.3573913574219
v 753.1935424804688 66.17218017578125 -314.3573913574219
v 704.0039672851562 66.17218017578125 -303.1302185058594
v 753.1935424804688 66.17218017578125 -314.3573913574219
v 664.5569458007812 -448.04107666015625 -334.588134765625
v 704.0039672851562 -429.6463928222656 -303.13018798828125
v 654.8143310546875 -429.6463928222656 -314.3573913574219
v 704.0039672851562 -429.6463928222656 -303.13018798828125
v 704.0039672851562 -448.04107666015625 -325.5846252441406
v 632.9229125976562 -448.04107666015625 -359.81549072265625
v 654.8143310546875 -429.6463928222656 -314.3573913574219
v 615.3673095703125 -429.6463928222656 -345.81536865234375
v 654.8143310546875 -429.6463928222656 -314.3573913574219
v 615.3673095703125 -448.04107666015625 -396.27001953125
v 615.3673095703125 -429.6463928222656 -345.81536865234375
v 593.475830078125 -429.6463928222656 -391.2734375
v 615.3673095703125 -429.6463928222656 -345.81536865234375
v 615.3673095703125 -448.04107666015625 -436.73150634765625
v 593.475830078125 -429.6463928222656 -391.2734375
v 593.475830078125 -429.6463928222656 -441.72808837890625
v 593.475830078125 -429.6463928222656 -391.2734375
v 632.9228515625 -448.04107666015625 -473.18603515625
v 593.475830078125 -429.6463928222656 -441.72808837890625
v 615.3673095703125 -429.6463928222656 -487.1861572265625
v 664.5569458007812 -448.04107666015625 -498.4133605957031
v 615.3673095703125 -429.6463928222656 -487.1861572265625
v 654.8143310546875 -429.64642333984375 -518.6441040039062
v 615.3673095703125 -429.6463928222656 -487.1861572265625
v 704.0040283203125 -448.04107666015625 -507.4169006347656
v 654.8143310546875 -429.64642333984375 -518.6441040039062
v 704.0040283203125 -429.64642333984375 -529.871337890625
v 654.8143310546875 -429.64642333984375 -518.6441040039062
v 743.4510498046875 -448.04107666015625 -498.4133605957031
v 704.0040283203125 -429.64642333984375 -529.871337890625
v 753.1936645507812 -429.64642333984375 -518.6441040039062
v 704.0040283203125 -429.64642333984375 -529.871337890625
v 775.0851440429688 -448.04107666015625 -473.18603515625
v 753.1936645507812 -429.64642333984375 -518.6441040039062
v 792.6407470703125 -429.6463928222656 -487.1861267089844
v 753.1936645507812 -429.64642333984375 -518.6441040039062
v 792.6406860351562 -448.04107666015625 -436.7314453125
v 792.6407470703125 -429.6463928222656 -487.1861267089844
v 814.5321655273438 -429.6463928222656 -441.72802734375
v 792.6407470703125 -429.6463928222656 -487.1861267089844
v 792.6406860351562 -448.04107666015625 -396.26995849609375
v 814.5321655273438 -429.6463928222656 -441.72802734375
v 814.5321044921875 -429.6463928222656 -391.2733459472656
v 814.5321655273438 -429.6463928222656 -441.72802734375
v 775.0850830078125 -448.04107666015625 -359.8153991699219
v 814.5321044921875 -429.6463928222656 -391.2733459472656
v 792.640625 -429.6463928222656 -345.8152770996094
v 814.5321044921875 -429.6463928222656 -391.2733459472656
v 743.450927734375 -448.04107666015625 -334.5881042480469
v 792.640625 -429.6463928222656 -345.8152770996094
v 753.1935424804688 -429.6463928222656 -314.3573303222656
v 753.1935424804688 -429.6463928222656 -314.3573303222656
v 704.0039672851562 -429.6463928222656 -303.13018798828125
v 753.1935424804688 -429.6463928222656 -314.3573303222656
v 682.112548828125 -460.77056884765625 -371.0426940917969
v 704.0039672851562 -460.77056884765625 -366.0461120605469
v 664.5569458007812 -460.77056884765625 -385.04278564453125
v 654.8143310546875 -460.77056884765625 -405.2735595703125
v 654.8143310546875 -460.77056884765625 -427.72796630859375
v 664.5569458007812 -460.77056884765625 -447.9587097167969
v 682.112548828125 -460.77056884765625 -461.95880126953125
v 704.0040283203125 -460.77056884765625 -466.95538330078125
v 725.8954467773438 -460.77056884765625 -461.95880126953125
v 743.4510498046875 -460.77056884765625 -447.9587097167969
v 753.1936645507812 -460.77056884765625 -427.72796630859375
v 753.193603515625 -460.77056884765625 -405.27349853515625
v 743.4509887695312 -460.77056884765625 -385.0427551269531
v 725.8953857421875 -460.77056884765625 -371.04266357421875
v 704.0040283203125 -465.3136901855469 -416.5007629394531
v 756.504638671875 -458.1227722167969 -493.00799560546875
v 780.51123046875 -458.1227722167969 -469.0013732910156
v 756.504638671875 -458.1227722167969 -469.0013732910156
v 780.51123046875 -458.1227722167969 -493.00799560546875
v 756.504638671875 -458.1227722167969 -493.00799560546875
v 780.51123046875 -426.2313537597656 -493.00799560546875
v 780.51123046875 -458.1227722167969 -493.00799560546875
v 756.504638671875 -426.2313537597656 -493.00799560546875
v 780.51123046875 -458.1227722167969 -493.00799560546875
v 780.51123046875 -426.2313537597656 -469.00140380859375
v 780.51123046875 -458.1227722167969 -469.0013732910156
v 780.51123046875 -426.2313537597656 -493.00799560546875
v 780.51123046875 -458.1227722167969 -469.0013732910156
v 756.504638671875 -426.2313537597656 -469.00140380859375
v 756.504638671875 -458.1227722167969 -469.0013732910156
v 780.51123046875 -426.2313537597656 -469.00140380859375
v 756.504638671875 -458.1227722167969 -469.0013732910156
v 756.504638671875 -426.2313537597656 -493.00799560546875
v 756.504638671875 -458.1227722167969 -493.00799560546875
v 756.504638671875 -426.2313537597656 -469.00140380859375
v 780.4863891601562 -512.041015625 -481.00469970703125
v 778.19873046875 -457.01739501953125 -473.96392822265625
v 778.19873046875 -512.041015625 -473.96392822265625
v 780.4863891601562 -457.01739501953125 -481.00469970703125
v 772.20947265625 -457.01739501953125 -469.61248779296875
v 772.20947265625 -512.041015625 -469.61248779296875
v 764.806396484375 -457.01739501953125 -469.61248779296875
v 764.806396484375 -512.041015625 -469.61248779296875
v 758.817138671875 -457.01739501953125 -473.96392822265625
v 758.817138671875 -512.041015625 -473.96392822265625
v 756.5294799804688 -457.01739501953125 -481.00469970703125
v 756.5294799804688 -512.041015625 -481.00469970703125
v 758.817138671875 -457.01739501953125 -488.04547119140625
v 758.817138671875 -512.041015625 -488.04547119140625
v 764.806396484375 -457.01739501953125 -492.3968811035156
v 764.806396484375 -512.041015625 -492.3968811035156
v 772.20947265625 -457.01739501953125 -492.3968811035156
v 772.20947265625 -512.041015625 -492.3968811035156
v 778.19873046875 -457.01739501953125 -488.0454406738281
v 778.19873046875 -512.041015625 -488.0454406738281
v 778.19873046875 -512.041015625 -488.0454406738281
v 778.19873046875 -457.01739501953125 -488.0454406738281
v 633.914794921875 -483.489990234375 -486.5899353027344
v 647.9326782226562 -483.489990234375 -472.57208251953125
v 647.9326782226562 -483.489990234375 -486.5899353027344
v 633.914794921875 -483.489990234375 -472.57208251953125
v 760.0753173828125 -483.489990234375 -486.5899353027344
v 760.0753173828125 -483.489990234375 -472.57208251953125
v 774.0931396484375 -483.489990234375 -472.57208251953125
v 774.0931396484375 -483.489990234375 -486.5899353027344
v 647.9326782226562 -483.489990234375 -360.4294128417969
v 633.914794921875 -483.489990234375 -360.4294128417969
v 774.0931396484375 -483.489990234375 -360.4294128417969
v 760.0753173828125 -483.489990234375 -360.4294128417969
v 647.9326782226562 -483.489990234375 -346.4115905761719
v 633.914794921875 -483.489990234375 -346.4115905761719
v 760.0753173828125 -483.489990234375 -346.4115905761719
v 774.0931396484375 -483.489990234375 -346.4115905761719
v 633.914794921875 -491.1990966796875 -472.57208251953125
v 633.914794921875 -491.1990966796875 -486.5899353027344
v 633.914794921875 -491.1990966796875 -486.5899353027344
v 647.9326782226562 -491.1990966796875 -486.5899353027344
v 760.0753173828125 -483.489990234375 -486.5899353027344
v 760.0753173828125 -491.1990966796875 -486.5899353027344
v 774.0931396484375 -491.1990966796875 -486.5899353027344
v 774.0931396484375 -491.1990966796875 -486.5899353027344
v 774.0931396484375 -491.1990966796875 -472.57208251953125
v 774.0931396484375 -491.1990966796875 -360.4294128417969
v 774.0931396484375 -491.1990966796875 -346.4115905761719
v 774.0931396484375 -491.1990966796875 -346.4115905761719
v 760.0753173828125 -491.1990966796875 -346.4115905761719
v 647.9326782226562 -491.1990966796875 -346.4115905761719
v 633.914794921875 -491.1990966796875 -346.4115905761719
v 633.914794921875 -491.1990966796875 -346.4115905761719
v 633.914794921875 -491.1990966796875 -360.4294128417969
v 647.9326782226562 -491.1990966796875 -472.57208251953125
v 647.9326782226562 -491.1990966796875 -360.4294128417969
v 647.9326782226562 -491.1990966796875 -360.4294128417969
v 760.0753173828125 -491.1990966796875 -360.4294128417969
v 760.0753173828125 -491.1990966796875 -360.4294128417969
v 760.0753173828125 -483.489990234375 -472.57208251953125
v 760.0753173828125 -491.1990966796875 -472.57208251953125
v 760.0753173828125 -491.1990966796875 -472.57208251953125
v 647.9326782226562 -491.1990966796875 -472.57208251953125
v 760.0753173828125 -483.489990234375 -472.57208251953125
v 760.0753173828125 -491.1990966796875 -472.57208251953125
v 647.9326782226562 -491.1990966796875 -486.5899353027344
v 760.0753173828125 -491.1990966796875 -486.5899353027344
v 647.9326782226562 -491.1990966796875 -472.57208251953125
v 774.0931396484375 -491.1990966796875 -486.5899353027344
v 774.0931396484375 -491.1990966796875 -472.57208251953125
v 760.0753173828125 -491.1990966796875 -360.4294128417969
v 774.0931396484375 -491.1990966796875 -360.4294128417969
v 774.0931396484375 -491.1990966796875 -346.4115905761719
v 760.0753173828125 -491.1990966796875 -346.4115905761719
v 647.9326782226562 -491.1990966796875 -360.4294128417969
v 647.9326782226562 -491.1990966796875 -346.4115905761719
v 633.914794921875 -491.1990966796875 -360.4294128417969
v 633.914794921875 -491.1990966796875 -472.57208251953125
v 633.914794921875 -491.1990966796875 -486.5899353027344
v 633.914794921875 -491.1990966796875 -346.4115905761719
v 651.478515625 -512.041015625 -481.00469970703125
v 649.1908569335938 -457.01739501953125 -473.96392822265625
v 649.1908569335938 -512.041015625 -473.96392822265625
v 651.478515625 -457.01739501953125 -481.00469970703125
v 643.2015991210938 -457.01739501953125 -469.61248779296875
v 643.2015991210938 -512.041015625 -469.61248779296875
v 635.7985229492188 -457.01739501953125 -469.61248779296875
v 635.7985229492188 -512.041015625 -469.61248779296875
v 629.8092651367188 -457.01739501953125 -473.96392822265625
v 629.8092651367188 -512.041015625 -473.96392822265625
v 627.5216064453125 -457.01739501953125 -481.00469970703125
v 627.5216064453125 -512.041015625 -481.00469970703125
v 629.8092651367188 -457.01739501953125 -488.04547119140625
v 629.8092651367188 -512.041015625 -488.04547119140625
v 629.8092651367188 -512.041015625 -488.04547119140625
v 635.7985229492188 -457.01739501953125 -492.3968811035156
v 635.7985229492188 -512.041015625 -492.3968811035156
v 629.8092651367188 -457.01739501953125 -488.04547119140625
v 643.2015991210938 -457.01739501953125 -492.3968811035156
v 643.2015991210938 -512.041015625 -492.3968811035156
v 649.1908569335938 -457.01739501953125 -488.0454406738281
v 649.1908569335938 -512.041015625 -488.0454406738281
v 627.4967651367188 -458.1227722167969 -493.00799560546875
v 651.5033569335938 -458.1227722167969 -469.0013732910156
v 627.4967651367188 -458.1227722167969 -469.0013732910156
v 651.5033569335938 -458.1227722167969 -493.00799560546875
v 627.4967651367188 -458.1227722167969 -493.00799560546875
v 651.5033569335938 -426.2313537597656 -493.00799560546875
v 651.5033569335938 -458.1227722167969 -493.00799560546875
v 627.4967651367188 -426.2313537597656 -493.00799560546875
v 651.5033569335938 -458.1227722167969 -493.00799560546875
v 651.5033569335938 -426.2313537597656 -469.00140380859375
v 651.5033569335938 -458.1227722167969 -469.0013732910156
v 651.5033569335938 -426.2313537597656 -493.00799560546875
v 651.5033569335938 -458.1227722167969 -469.0013732910156
v 627.4967651367188 -426.2313537597656 -469.00140380859375
v 627.4967651367188 -458.1227722167969 -469.0013732910156
v 651.5033569335938 -426.2313537597656 -469.00140380859375
v 627.4967651367188 -458.1227722167969 -469.0013732910156
v 627.4967651367188 -426.2313537597656 -493.00799560546875
v 627.4967651367188 -458.1227722167969 -493.00799560546875
v 627.4967651367188 -426.2313537597656 -469.00140380859375
v 627.4967651367188 -458.1227722167969 -364.0001220703125
v 651.5033569335938 -458.1227722167969 -339.9935302734375
v 627.4967651367188 -458.1227722167969 -339.9935302734375
v 651.5033569335938 -458.1227722167969 -364.0001220703125
v 627.4967651367188 -458.1227722167969 -364.0001220703125
v 651.5033569335938 -426.2313537597656 -364.0001220703125
v 651.5033569335938 -458.1227722167969 -364.0001220703125
v 627.4967651367188 -426.2313537597656 -364.0001220703125
v 651.5033569335938 -458.1227722167969 -364.0001220703125
v 651.5033569335938 -426.2313537597656 -339.9935302734375
v 651.5033569335938 -458.1227722167969 -339.9935302734375
v 651.5033569335938 -426.2313537597656 -364.0001220703125
v 651.5033569335938 -458.1227722167969 -339.9935302734375
v 627.4967651367188 -426.2313537597656 -339.9935302734375
v 627.4967651367188 -458.1227722167969 -339.9935302734375
v 651.5033569335938 -426.2313537597656 -339.9935302734375
v 627.4967651367188 -458.1227722167969 -339.9935302734375
v 627.4967651367188 -426.2313537597656 -364.0001220703125
v 627.4967651367188 -458.1227722167969 -364.0001220703125
v 627.4967651367188 -426.2313537597656 -339.9935302734375
v 651.478515625 -512.041015625 -351.996826171875
v 649.1908569335938 -457.01739501953125 -344.9560546875
v 649.1908569335938 -512.041015625 -344.9560546875
v 651.478515625 -457.01739501953125 -351.996826171875
v 643.2015991210938 -457.01739501953125 -340.6046447753906
v 643.2015991210938 -512.041015625 -340.6046447753906
v 635.7985229492188 -457.01739501953125 -340.6046447753906
v 635.7985229492188 -512.041015625 -340.6046447753906
v 629.8092651367188 -457.01739501953125 -344.9560546875
v 629.8092651367188 -512.041015625 -344.9560546875
v 627.5216064453125 -457.01739501953125 -351.996826171875
v 627.5216064453125 -512.041015625 -351.996826171875
v 629.8092651367188 -457.01739501953125 -359.0375671386719
v 629.8092651367188 -512.041015625 -359.0375671386719
v 629.8092651367188 -512.041015625 -359.0375671386719
v 635.7985229492188 -457.01739501953125 -363.3890075683594
v 635.7985229492188 -512.041015625 -363.3890075683594
v 629.8092651367188 -457.01739501953125 -359.0375671386719
v 643.2015991210938 -457.01739501953125 -363.3890075683594
v 643.2015991210938 -512.041015625 -363.3890075683594
v 649.1908569335938 -457.01739501953125 -359.0375671386719
v 649.1908569335938 -512.041015625 -359.0375671386719
v 780.4863891601562 -512.041015625 -351.996826171875
v 778.19873046875 -457.01739501953125 -344.9560546875
v 778.19873046875 -512.041015625 -344.9560546875
v 780.4863891601562 -457.01739501953125 -351.996826171875
v 772.20947265625 -457.01739501953125 -340.6046447753906
v 772.20947265625 -512.041015625 -340.6046447753906
v 764.806396484375 -457.01739501953125 -340.6046447753906
v 764.806396484375 -512.041015625 -340.6046447753906
v 758.817138671875 -457.01739501953125 -344.9560546875
v 758.817138671875 -512.041015625 -344.9560546875
v 756.5294799804688 -457.01739501953125 -351.996826171875
v 756.5294799804688 -512.041015625 -351.996826171875
v 758.817138671875 -457.01739501953125 -359.0375671386719
v 758.817138671875 -512.041015625 -359.0375671386719
v 764.806396484375 -457.01739501953125 -363.3890075683594
v 764.806396484375 -512.041015625 -363.3890075683594
v 772.20947265625 -457.01739501953125 -363.3890075683594
v 772.20947265625 -512.041015625 -363.3890075683594
v 778.19873046875 -457.01739501953125 -359.0375671386719
v 778.19873046875 -512.041015625 -359.0375671386719
v 778.19873046875 -512.041015625 -359.0375671386719
v 778.19873046875 -457.01739501953125 -359.0375671386719
v 756.504638671875 -458.1227722167969 -364.0001220703125
v 780.51123046875 -458.1227722167969 -339.9935302734375
v 756.504638671875 -458.1227722167969 -339.9935302734375
v 780.51123046875 -458.1227722167969 -364.0001220703125
v 756.504638671875 -458.1227722167969 -364.0001220703125
v 780.51123046875 -426.2313537597656 -364.0001220703125
v 780.51123046875 -458.1227722167969 -364.0001220703125
v 756.504638671875 -426.2313537597656 -364.0001220703125
v 780.51123046875 -458.1227722167969 -364.0001220703125
v 780.51123046875 -426.2313537597656 -339.9935302734375
v 780.51123046875 -458.1227722167969 -339.9935302734375
v 780.51123046875 -426.2313537597656 -364.0001220703125
v 780.51123046875 -458.1227722167969 -339.9935302734375
v 756.504638671875 -426.2313537597656 -339.9935302734375
v 756.504638671875 -458.1227722167969 -339.9935302734375
v 780.51123046875 -426.2313537597656 -339.9935302734375
v 756.504638671875 -458.1227722167969 -339.9935302734375
v 756.504638671875 -426.2313537597656 -364.0001220703125
v 756.504638671875 -458.1227722167969 -364.0001220703125
v 756.504638671875 -426.2313537597656 -339.9935302734375
v 704.0040283203125 -475.36004638671875 -416.5007629394531
v 704.0040283203125 -475.36004638671875 -368.9764709472656
v 676.0699462890625 -475.36004638671875 -378.05279541015625
v 658.8057250976562 -475.36004638671875 -401.81494140625
v 658.8057250976562 -475.36004638671875 -431.18658447265625
v 676.0699462890625 -475.36004638671875 -454.9486999511719
v 704.0040283203125 -475.36004638671875 -464.0250244140625
v 731.9381103515625 -475.36004638671875 -454.94866943359375
v 749.2022705078125 -475.36004638671875 -431.1865234375
v 749.2022705078125 -475.36004638671875 -401.81488037109375
v 731.93798828125 -475.36004638671875 -378.052734375
v 704.0040283203125 -459.8097839355469 -368.9764709472656
v 731.93798828125 -475.36004638671875 -378.052734375
v 731.93798828125 -459.8097839355469 -378.052734375
v 704.0040283203125 -475.36004638671875 -368.9764709472656
v 749.2022705078125 -475.36004638671875 -401.81488037109375
v 749.2022705078125 -459.8097839355469 -401.81488037109375
v 731.93798828125 -475.36004638671875 -378.052734375
v 749.2022705078125 -475.36004638671875 -431.1865234375
v 749.2022705078125 -459.8097839355469 -431.1865234375
v 749.2022705078125 -475.36004638671875 -401.81488037109375
v 731.9381103515625 -475.36004638671875 -454.94866943359375
v 731.9381103515625 -459.8097839355469 -454.94866943359375
v 749.2022705078125 -475.36004638671875 -431.1865234375
v 704.0040283203125 -475.36004638671875 -464.0250244140625
v 704.0040283203125 -459.8097839355469 -464.0250244140625
v 731.9381103515625 -475.36004638671875 -454.94866943359375
v 676.0699462890625 -475.36004638671875 -454.9486999511719
v 676.0699462890625 -459.8097839355469 -454.9486999511719
v 704.0040283203125 -475.36004638671875 -464.0250244140625
v 676.0699462890625 -459.8097839355469 -454.9486999511719
v 658.8057250976562 -475.36004638671875 -431.18658447265625
v 658.8057250976562 -459.8097839355469 -431.18658447265625
v 676.0699462890625 -475.36004638671875 -454.9486999511719
v 658.8057250976562 -475.36004638671875 -401.81494140625
v 658.8057250976562 -459.8097839355469 -401.81494140625
v 658.8057250976562 -475.36004638671875 -431.18658447265625
v 676.0699462890625 -475.36004638671875 -378.05279541015625
v 676.0699462890625 -459.8097839355469 -378.05279541015625
v 658.8057250976562 -475.36004638671875 -401.81494140625
v 676.0699462890625 -475.36004638671875 -378.05279541015625
v 704.0040283203125 -475.36004638671875 -368.9764709472656
v 704.0039672851562 112.9705810546875 -416.5008239746094
v 704.0040283203125 112.9705810546875 -368.9765625
v 731.9380493164062 112.9705810546875 -378.0528564453125
v 749.2022705078125 112.9705810546875 -401.8150329589844
v 749.2022705078125 112.9705810546875 -431.1866455078125
v 731.9380493164062 112.9705810546875 -454.94879150390625
v 704.0039672851562 112.9705810546875 -464.02508544921875
v 676.0698852539062 112.9705810546875 -454.94873046875
v 658.8057250976562 112.9705810546875 -431.1865539550781
v 658.8057250976562 112.9705810546875 -401.81494140625
v 676.0700073242188 112.9705810546875 -378.0528259277344
v 704.0040283203125 96.30224609375 -368.9765625
v 676.0700073242188 112.9705810546875 -378.0528259277344
v 676.0700073242188 96.30224609375 -378.0528259277344
v 676.0700073242188 112.9705810546875 -378.0528259277344
v 704.0040283203125 112.9705810546875 -368.9765625
v 658.8057250976562 112.9705810546875 -401.81494140625
v 658.8057861328125 96.30224609375 -401.81494140625
v 676.0700073242188 112.9705810546875 -378.0528259277344
v 658.8057250976562 112.9705810546875 -431.1865539550781
v 658.8057250976562 96.30224609375 -431.1865539550781
v 658.8057250976562 112.9705810546875 -401.81494140625
v 676.0698852539062 112.9705810546875 -454.94873046875
v 676.0698852539062 96.30224609375 -454.94873046875
v 658.8057250976562 112.9705810546875 -431.1865539550781
v 676.0698852539062 96.30224609375 -454.94873046875
v 704.0039672851562 112.9705810546875 -464.02508544921875
v 704.0039672851562 96.30224609375 -464.02508544921875
v 704.0039672851562 112.9705810546875 -464.02508544921875
v 676.0698852539062 96.30224609375 -454.94873046875
v 676.0698852539062 112.9705810546875 -454.94873046875
v 731.9380493164062 112.9705810546875 -454.94879150390625
v 731.9380493164062 96.30224609375 -454.94879150390625
v 731.9380493164062 112.9705810546875 -454.94879150390625
v 704.0039672851562 112.9705810546875 -464.02508544921875
v 749.2022705078125 112.9705810546875 -431.1866455078125
v 749.2022705078125 96.30224609375 -431.1866455078125
v 749.2022705078125 112.9705810546875 -431.1866455078125
v 731.9380493164062 112.9705810546875 -454.94879150390625
v 749.2022705078125 112.9705810546875 -401.8150329589844
v 749.2022705078125 96.30224609375 -401.8150329589844
v 749.2022705078125 112.9705810546875 -431.1866455078125
v 731.9380493164062 112.9705810546875 -378.0528564453125
v 731.9380493164062 96.30224609375 -378.0528564453125
v 749.2022705078125 112.9705810546875 -401.8150329589844
v 731.9380493164062 112.9705810546875 -378.0528564453125
v 704.0040283203125 112.9705810546875 -368.9765625
v 731.9380493164062 112.9705810546875 -378.0528564453125
v 1024.0 384.0 352.0
v 1024.0 385.0 352.0
v -1024.0 385.0 352.0
v -1024.0 384.0 352.0
v 1024.0 384.0 352.0
v -1024.0 384.0 352.0
v -1024.0 384.0 -1024.0
v 1024.0 384.0 -1024.0
v -768.0 -16.0 -64.0
v -992.0 -128.0 -64.0
v -992.0 -16.0 -64.0
v -992.0 -16.0 64.0
v -992.0 -128.0 64.0
v -768.0 -16.0 64.0
v -992.0 -128.0 -64.0
v -992.0 -128.0 64.0
v -992.0 -16.0 64.0
v -992.0 -16.0 -64.0
v -768.0 -16.0 -64.0
v -768.0 -16.0 64.0
v -992.0 -128.0 64.0
v -992.0 -128.0 -64.0
v -992.0 -16.0 -64.0
v -992.0 -16.0 64.0
v -768.0 -16.0 64.0
v -768.0 -16.0 -64.0
v 64.0 -16.0 -768.0
v 64.00000762939453 -128.0 -992.0
v 64.00000762939453 -16.0 -992.0
v -63.999996185302734 -16.0 -992.0
v -63.999996185302734 -128.0 -992.0
v -64.00000762939453 -16.0 -768.0
v 64.00000762939453 -128.0 -992.0
v -63.999996185302734 -128.0 -992.0
v -63.999996185302734 -16.0 -992.0
v 64.00000762939453 -16.0 -992.0
v 64.0 -16.0 -768.0
v -64.00000762939453 -16.0 -768.0
v -63.999996185302734 -128.0 -992.0
v 64.00000762939453 -128.0 -992.0
v 64.00000762939453 -16.0 -992.0
v -63.999996185302734 -16.0 -992.0
v -64.00000762939453 -16.0 -768.0
v 64.0 -16.0 -768.0
v 768.0 -16.0 64.00000762939453
v 992.0 -128.0 63.9999885559082
v 992.0 -16.0 63.9999885559082
v 992.0 -16.0 -64.00000762939453
v 992.0 -128.0 -64.00000762939453
v 768.0 -16.0 -63.9999885559082
v 992.0 -128.0 63.9999885559082
v 992.0 -128.0 -64.00000762939453
v 992.0 -16.0 -64.00000762939453
v 992.0 -16.0 63.9999885559082
v 768.0 -16.0 64.00000762939453
v 768.0 -16.0 -63.9999885559082
v 992.0 -128.0 -64.00000762939453
v 992.0 -128.0 63.9999885559082
v 992.0 -16.0 63.9999885559082
v 992.0 -16.0 -64.00000762939453
v 768.0 -16.0 -63.9999885559082
v 768.0 -16.0 64.00000762939453
v -448.0 -16.0 64.00000762939453
v -224.0 -128.0 63.9999885559082
v -224.0 -16.0 63.9999885559082
v -224.0 -16.0 -64.00000762939453
v -224.0 -128.0 -64.00000762939453
v -448.0 -16.0 -63.9999885559082
v -224.0 -128.0 63.9999885559082
v -224.0 -128.0 -64.00000762939453
v -224.0 -16.0 -64.00000762939453
v -224.0 -16.0 63.9999885559082
v -448.0 -16.0 64.00000762939453
v -448.0 -16.0 -63.9999885559082
v -224.0 -128.0 -64.00000762939453
v -224.0 -128.0 63.9999885559082
v -224.0 -16.0 63.9999885559082
v -224.0 -16.0 -64.00000762939453
v -448.0 -16.0 -63.9999885559082
v -448.0 -16.0 64.00000762939453
v 448.0 -16.0 -64.0
v 224.0 -128.0 -64.0
v 224.0 -16.0 -64.0
v 224.0 -16.0 64.0
v 224.0 -128.0 64.0
v 448.0 -16.0 64.0
v 224.0 -128.0 -64.0
v 224.0 -128.0 64.0
v 224.0 -16.0 64.0
v 224.0 -16.0 -64.0
v 448.0 -16.0 -64.0
v 448.0 -16.0 64.0
v 224.0 -128.0 64.0
v 224.0 -128.0 -64.0
v 224.0 -16.0 -64.0
v 224.0 -16.0 64.0
v 448.0 -16.0 64.0
v 448.0 -16.0 -64.0
v -64.00000762939453 -16.0 -448.0
v -63.999996185302734 -128.0 -224.0
v -63.999996185302734 -16.0 -224.0
v 64.00000762939453 -16.0 -224.0
v 64.00000762939453 -128.0 -224.0
v 63.999996185302734 -16.0 -448.0
v -63.999996185302734 -128.0 -224.0
v 64.00000762939453 -128.0 -224.0
v 64.00000762939453 -16.0 -224.0
v -63.999996185302734 -16.0 -224.0
v -64.00000762939453 -16.0 -448.0
v 63.999996185302734 -16.0 -448.0
v 64.00000762939453 -128.0 -224.0
v -63.999996185302734 -128.0 -224.0
v -63.999996185302734 -16.0 -224.0
v 64.00000762939453 -16.0 -224.0
v 63.999996185302734 -16.0 -448.0
v -64.00000762939453 -16.0 -448.0
v 1024.0 -960.0 -992.0
v -1024.0 -960.0 -992.0
v -1024.0 -960.0 -1024.0
v 1024.0 -960.0 -1024.0
v -1024.0 -0.0001220703125 -992.0
v 1024.0 -0.0001220703125 -992.0
v 1024.0 -0.0001220703125 -1024.0
v -1024.0 -0.0001220703125 -1024.0
v 1024.0 -960.0 -992.0
v 1024.0 -0.0001220703125 -992.0
v -1024.0 -0.0001220703125 -992.0
v -1024.0 -960.0 -992.0
v -1024.0 -960.0 -992.0
v -992.0 -960.0 -992.0
v -992.0 -960.0 319.99993896484375
v -1024.0 -960.0 320.0
v -1024.0 -960.0 -992.0
v -1024.0 -0.0001220703125 -992.0
v -992.0 -0.0001220703125 -992.0
v -992.0 -960.0 -992.0
v -992.0 -0.0001220703125 319.99993896484375
v -992.0 -960.0 319.99993896484375
v -992.0 -960.0 -992.0
v -992.0 -0.0001220703125 -992.0
v -992.0 -0.0001220703125 -992.0
v -1024.0 -0.0001220703125 -992.0
v -1024.0 -0.0001220703125 320.0
v -992.0 -0.0001220703125 319.99993896484375
v -992.0 -960.0 319.99993896484375
v -992.0 -0.0001220703125 319.99993896484375
v -1024.0 -0.0001220703125 320.0
v -1024.0 -960.0 320.0
v 1024.0 -960.0 352.0
v -1024.0 -960.0 352.0
v -1024.0 -960.0 320.0
v 1024.0 -960.0 320.0
v -1024.0 -960.0 352.0
v -1024.0 -0.0001220703125 352.0
v -1024.0 -0.0001220703125 320.0
v -1024.0 -960.0 320.0
v 1024.0 -0.0001220703125 352.0
v 1024.0 -960.0 352.0
v 1024.0 -960.0 320.0
v 1024.0 -0.0001220703125 320.0
v -1024.0 -960.0 320.0
v -1024.0 -0.0001220703125 320.0
v 1024.0 -0.0001220703125 320.0
v 1024.0 -960.0 320.0
v 992.0 -960.0 319.9998779296875
v 992.0 -960.0 -992.0000610351562
v 1024.0 -960.0 -992.0000610351562
v 1024.0 -960.0 320.0
v 992.0 -960.0 -992.0000610351562
v 992.0 -0.0001220703125 -992.0000610351562
v 1024.0 -0.0001220703125 -992.0000610351562
v 1024.0 -960.0 -992.0000610351562
v 992.0 -0.0001220703125 -992.0000610351562
v 992.0 -960.0 -992.0000610351562
v 992.0 -960.0 319.9998779296875
v 992.0 -0.0001220703125 319.9998779296875
v 1024.0 -0.0001220703125 -992.0000610351562
v 992.0 -0.0001220703125 -992.0000610351562
v 992.0 -0.0001220703125 319.9998779296875
v 1024.0 -0.0001220703125 320.0
v 1024.0 -960.0 320.0
v 1024.0 -0.0001220703125 320.0
v 992.0 -0.0001220703125 319.9998779296875
v 992.0 -960.0 319.9998779296875
v 224.0 384.0 -224.0
v 224.0 -960.0 -224.0
v -224.00001525878906 -960.0 -224.0
v -224.00001525878906 384.0 -224.0
v 224.0 -960.0 320.0
v -224.00001525878906 -960.0 320.0
v -224.00001525878906 -960.0 -224.0
v 224.0 -960.0 -224.0
v -224.00001525878906 384.0 320.0
v -224.00001525878906 384.0 -224.0
v -224.00001525878906 -960.0 -224.0
v -224.00001525878906 -960.0 320.0
v 224.0 384.0 -224.0
v 224.0 384.0 320.0
v 224.0 -960.0 320.0
v 224.0 -960.0 -224.0
v -576.0 -512.0 -544.0
v -576.0 -960.0 -544.0
v -992.0 -960.0 -544.0
v -992.0 -512.0 -544.0
v -576.0 -960.0 -288.0
v -576.0 -512.0 -288.0
v -992.0 -512.0 -288.0
v -992.0 -960.0 -288.0
v -576.0 -960.0 -288.0
v -992.0 -960.0 -288.0
v -992.0 -960.0 -544.0
v -576.0 -960.0 -544.0
v -992.0 -512.0 -288.0
v -576.0 -512.0 -288.0
v -576.0 -512.0 -544.0
v -992.0 -512.0 -544.0
v -992.0 -512.0 -288.0
v -992.0 -512.0 -544.0
v -992.0 -960.0 -544.0
v -992.0 -960.0 -288.0
v -576.0 -512.0 -544.0
v -576.0 -512.0 -288.0
v -576.0 -960.0 -288.0
v -576.0 -960.0 -544.0
v 992.0 -512.0 -544.0
v 992.0 -960.0 -544.0
v 576.0 -960.0 -544.0
v 576.0 -512.0 -544.0
v 992.0 -960.0 -288.0
v 992.0 -512.0 -288.0
v 576.0 -512.0 -288.0
v 576.0 -960.0 -288.0
v 992.0 -960.0 -288.0
v 576.0 -960.0 -288.0
v 576.0 -960.0 -544.0
v 992.0 -960.0 -544.0
v 576.0 -512.0 -288.0
v 992.0 -512.0 -288.0
v 992.0 -512.0 -544.0
v 576.0 -512.0 -544.0
v 576.0 -512.0 -288.0
v 576.0 -512.0 -544.0
v 576.0 -960.0 -544.0
v 576.0 -960.0 -288.0
v 992.0 -512.0 -544.0
v 992.0 -512.0 -288.0
v 992.0 -960.0 -288.0
v 992.0 -960.0 -544.0
v -96.0 320.0 -992.0
v -96.0 384.0 -992.0
v -96.0 384.0 -1024.0
v -96.0 320.0 -1024.0
v 96.0 320.0 -1024.0
v 96.0 384.0 -1024.0
v 96.0 384.0 -992.0
v 96.0 320.0 -992.0
v 96.0 320.0 -992.0
v -96.0 320.0 -992.0
v -96.0 320.0 -1024.0
v 96.0 320.0 -1024.0
v 96.0 320.0 -992.0
v 96.0 384.0 -992.0
v -96.0 384.0 -992.0
v -96.0 320.0 -992.0
v -96.0 0.0 -992.0
v -1024.0 0.0 -992.0
v -1024.0 0.0 -1024.0
v -96.0 0.0 -1024.0
v -1024.0 384.0 -992.0
v -96.0 384.0 -992.0
v -96.0 384.0 -1024.0
v -1024.0 384.0 -1024.0
v -96.0 0.0 -1024.0
v -96.0 384.0 -1024.0
v -96.0 384.0 -992.0
v -96.0 0.0 -992.0
v -96.0 0.0 -992.0
v -96.0 384.0 -992.0
v -1024.0 384.0 -992.0
v -1024.0 0.0 -992.0
v 1024.0 0.0 -992.0
v 96.0 0.0 -992.0
v 96.0 0.0 -1024.0
v 1024.0 0.0 -1024.0
v 1024.0 384.0 -1024.0
v 96.0 384.0 -1024.0
v 96.0 384.0 -992.0
v 1024.0 384.0 -992.0
v 96.0 384.0 -992.0
v 96.0 384.0 -1024.0
v 96.0 0.0 -1024.0
v 96.0 0.0 -992.0
v 1024.0 0.0 -992.0
v 1024.0 384.0 -992.0
v 96.0 384.0 -992.0
v 96.0 0.0 -992.0
v -1024.0 320.0 -96.0
v -1024.0 384.0 -96.0
v -992.0 384.0 -96.0
v -992.0 320.0 -96.0
v -1024.0 320.0 96.0
v -992.0 320.0 96.0
v -992.0 384.0 96.0
v -1024.0 384.0 96.0
v -992.0 384.0 -96.0
v -992.0 384.0 96.0
v -992.0 320.0 96.0
v -992.0 320.0 -96.0
v -1024.0 320.0 96.0
v -1024.0 320.0 -96.0
v -992.0 320.0 -96.0
v -992.0 320.0 96.0
v -1024.0 0.0 -992.0
v -992.0 0.0 -992.0
v -992.0 0.0 -96.00006103515625
v -1024.0 0.0 -96.0
v -1024.0 0.0 -992.0
v -1024.0 384.0 -992.0
v -992.0 384.0 -992.0
v -992.0 0.0 -992.0
v -992.0 384.0 -96.00006103515625
v -992.0 0.0 -96.00006103515625
v -992.0 0.0 -992.0
v -992.0 384.0 -992.0
v -992.0 384.0 -992.0
v -1024.0 384.0 -992.0
v -1024.0 384.0 -96.0
v -992.0 384.0 -96.00006103515625
v -992.0 0.0 -96.00006103515625
v -992.0 384.0 -96.00006103515625
v -1024.0 384.0 -96.0
v -1024.0 0.0 -96.0
v -992.0 0.0 319.9999084472656
v -1024.0 0.0 319.9999084472656
v -1024.0 0.0 95.99984741210938
v -992.0 0.0 95.99984741210938
v -992.0 384.0 319.9999084472656
v -1024.0 384.0 319.9999084472656
v -1024.0 0.0 319.9999084472656
v -992.0 0.0 319.9999084472656
v -992.0 384.0 319.9999084472656
v -992.0 0.0 319.9999084472656
v -992.0 0.0 95.99984741210938
v -992.0 384.0 95.99984741210938
v -1024.0 384.0 95.99984741210938
v -1024.0 384.0 319.9999084472656
v -992.0 384.0 319.9999084472656
v -992.0 384.0 95.99984741210938
v -1024.0 0.0 95.99984741210938
v -1024.0 384.0 95.99984741210938
v -992.0 384.0 95.99984741210938
v -992.0 0.0 95.99984741210938
v 992.0 0.0 -96.00003051757812
v 992.0 0.0 -992.0
v 1024.0 0.0 -992.0
v 1024.0 0.0 -95.99993896484375
v 992.0 0.0 -992.0
v 992.0 384.0 -992.0
v 1024.0 384.0 -992.0
v 1024.0 0.0 -992.0
v 992.0 384.0 -992.0
v 992.0 0.0 -992.0
v 992.0 0.0 -96.00003051757812
v 992.0 384.0 -96.00003051757812
v 1024.0 384.0 -992.0
v 992.0 384.0 -992.0
v 992.0 384.0 -96.00003051757812
v 1024.0 384.0 -95.99993896484375
v 1024.0 0.0 -95.99993896484375
v 1024.0 384.0 -95.99993896484375
v 992.0 384.0 -96.00003051757812
v 992.0 0.0 -96.00003051757812
v 1024.0 0.0 320.0
v 992.0 0.0 320.0
v 992.0 0.0 96.00001525878906
v 1024.0 0.0 96.00001525878906
v 992.0 0.0 320.0
v 1024.0 0.0 320.0
v 1024.0 384.0 320.0
v 992.0 384.0 320.0
v 992.0 0.0 96.00001525878906
v 992.0 0.0 320.0
v 992.0 384.0 320.0
v 992.0 384.0 96.00001525878906
v 992.0 384.0 96.00001525878906
v 992.0 384.0 320.0
v 1024.0 384.0 320.0
v 1024.0 384.0 96.00001525878906
v 992.0 0.0 96.00001525878906
v 992.0 384.0 96.00001525878906
v 1024.0 384.0 96.00001525878906
v 1024.0 0.0 96.00001525878906
v -1024.0 0.0 320.0
v -1024.0 384.0 320.0
v 1024.0 384.0 320.0
v 1024.0 0.0 320.0
v 992.0 384.0 96.0
v 992.0 384.0 -96.0
v 992.0 320.0 -96.0
v 992.0 320.0 96.0
v 992.0 320.0 -96.0
v 992.0 384.0 -96.0
v 1024.0 384.0 -96.0
v 1024.0 320.0 -96.0
v 992.0 320.0 96.0
v 1024.0 320.0 96.0
v 1024.0 384.0 96.0
v 992.0 384.0 96.0
v 992.0 320.0 96.0
v 992.0 320.0 -96.0
v 1024.0 320.0 -96.0
v 1024.0 320.0 96.0
v 104.0 0.0 -992.0
v 104.0 -8.0 -992.0
v -104.0 -8.0 -992.0
v -104.0 0.0 -992.0
v 104.0 -8.0 -224.0
v 104.0 0.0 -224.0
v -104.0 0.0 -224.0
v -104.0 -8.0 -224.0
v -104.0 0.0 -224.0
v 104.0 0.0 -224.0
v 104.0 0.0 -992.0
v -104.0 0.0 -992.0
v -104.0 0.0 -224.0
v -104.0 0.0 -992.0
v -104.0 -8.0 -992.0
v -104.0 -8.0 -224.0
v 104.0 0.0 -992.0
v 104.0 0.0 -224.0
v 104.0 -8.0 -224.0
v 104.0 -8.0 -992.0
v -224.0 0.0 -104.0
v -224.0 -8.0 -104.0
v -992.0 -8.0 -104.0
v -992.0 0.0 -104.0
v -224.0 -8.0 104.0
v -224.0 0.0 104.0
v -992.0 0.0 104.0
v -992.0 -8.0 104.0
v -992.0 0.0 104.0
v -224.0 0.0 104.0
v -224.0 0.0 -104.0
v -992.0 0.0 -104.0
v -992.0 0.0 104.0
v -992.0 0.0 -104.0
v -992.0 -8.0 -104.0
v -992.0 -8.0 104.0
v -224.0 0.0 -104.0
v -224.0 0.0 104.0
v -224.0 -8.0 104.0
v -224.0 -8.0 -104.0
v -104.00003051757812 0.0 -760.0
v -760.0 0.0 -103.99996948242188
v -103.99996948242188 0.0 -104.00003051757812
v -760.0 0.0 -103.99996948242188
v -760.0 -8.0 -103.99996948242188
v -103.99996948242188 -8.0 -104.00003051757812
v -103.99996948242188 0.0 -104.00003051757812
v -104.00003051757812 0.0 -760.0
v -104.00003051757812 -8.0 -760.0
v -760.0 -8.0 -103.99996948242188
v -760.0 0.0 -103.99996948242188
v -103.99996948242188 0.0 -104.00003051757812
v -103.99996948242188 -8.0 -104.00003051757812
v -104.00003051757812 -8.0 -760.0
v -104.00003051757812 0.0 -760.0
v 224.0 -8.0 -104.0
v 224.0 0.0 -104.0
v 992.0 0.0 -104.0
v 992.0 -8.0 -104.0
v 224.0 0.0 104.0
v 224.0 -8.0 104.0
v 992.0 -8.0 104.0
v 992.0 0.0 104.0
v 224.0 0.0 104.0
v 992.0 0.0 104.0
v 992.0 0.0 -104.0
v 224.0 0.0 -104.0
v 992.0 0.0 -104.0
v 992.0 0.0 104.0
v 992.0 -8.0 104.0
v 992.0 -8.0 -104.0
v 224.0 0.0 104.0
v 224.0 0.0 -104.0
v 224.0 -8.0 -104.0
v 224.0 -8.0 104.0
v 104.0 0.0 -104.00003051757812
v 760.0 0.0 -103.99996948242188
v 104.0 0.0 -760.0
v 760.0 -8.0 -103.99996948242188
v 760.0 0.0 -103.99996948242188
v 104.0 0.0 -104.00003051757812
v 104.0 -8.0 -104.00003051757812
v 104.0 -8.0 -760.0
v 104.0 0.0 -760.0
v 760.0 0.0 -103.99996948242188
v 760.0 -8.0 -103.99996948242188
v 104.0 -8.0 -104.00003051757812
v 104.0 0.0 -104.00003051757812
v 104.0 0.0 -760.0
v 104.0 -8.0 -760.0
v -224.0 344.0 -208.0
v -224.0 72.0 -208.0
v -232.0 72.0 -208.0
v -232.0 344.0 -208.0
v -224.0 72.0 304.0
v -224.0 344.0 304.0
v -232.0 344.0 304.0
v -232.0 72.0 304.0
v -224.0 72.0 304.0
v -232.0 72.0 304.0
v -232.0 72.0 -208.0
v -224.0 72.0 -208.0
v -232.0 344.0 304.0
v -224.0 344.0 304.0
v -224.0 344.0 -208.0
v -232.0 344.0 -208.0
v -232.0 344.0 304.0
v -232.0 344.0 -208.0
v -232.0 72.0 -208.0
v -232.0 72.0 304.0
v -224.0 344.0 -208.0
v -224.0 344.0 304.0
v -224.0 72.0 304.0
v -224.0 72.0 -208.0
v 232.0 344.0 -208.0
v 232.0 72.0 -208.0
v 224.0 72.0 -208.0
v 224.0 344.0 -208.0
v 232.0 72.0 304.0
v 232.0 344.0 304.0
v 224.0 344.0 304.0
v 224.0 72.0 304.0
v 232.0 72.0 304.0
v 224.0 72.0 304.0
v 224.0 72.0 -208.0
v 232.0 72.0 -208.0
v 224.0 344.0 304.0
v 232.0 344.0 304.0
v 232.0 344.0 -208.0
v 224.0 344.0 -208.0
v 224.0 344.0 304.0
v 224.0 344.0 -208.0
v 224.0 72.0 -208.0
v 224.0 72.0 304.0
v 232.0 344.0 -208.0
v 232.0 344.0 304.0
v 232.0 72.0 304.0
v 232.0 72.0 -208.0
v 208.0 344.0 -232.0
v 208.0 72.0 -232.0
v -208.0 72.0 -232.0
v -208.0 344.0 -232.0
v 208.0 72.0 -224.0
v 208.0 344.0 -224.0
v -208.0 344.0 -224.0
v -208.0 72.0 -224.0
v 208.0 72.0 -224.0
v -208.0 72.0 -224.0
v -208.0 72.0 -232.0
v 208.0 72.0 -232.0
v -208.0 344.0 -224.0
v 208.0 344.0 -224.0
v 208.0 344.0 -232.0
v -208.0 344.0 -232.0
v -208.0 344.0 -224.0
v -208.0 344.0 -232.0
v -208.0 72.0 -232.0
v -208.0 72.0 -224.0
v 208.0 344.0 -232.0
v 208.0 344.0 -224.0
v 208.0 72.0 -224.0
v 208.0 72.0 -232.0
v -928.0 128.0 96.0
v -928.0 0.0 96.0
v -936.0 0.0 96.0
v -936.0 128.0 96.0
v -928.0 0.0 104.0
v -928.0 128.0 104.0
v -936.0 128.0 104.0
v -936.0 0.0 104.0
v -928.0 0.0 104.0
v -936.0 0.0 104.0
v -936.0 0.0 96.0
v -928.0 0.0 96.0
v -936.0 128.0 104.0
v -928.0 128.0 104.0
v -928.0 128.0 96.0
v -936.0 128.0 96.0
v -936.0 128.0 104.0
v -936.0 128.0 96.0
v -936.0 0.0 96.0
v -936.0 0.0 104.0
v -928.0 128.0 96.0
v -928.0 128.0 104.0
v -928.0 0.0 104.0
v -928.0 0.0 96.0
v -864.0 128.0 96.0
v -864.0 0.0 96.0
v -872.0 0.0 96.0
v -872.0 128.0 96.0
v -864.0 0.0 104.0
v -864.0 128.0 104.0
v -872.0 128.0 104.0
v -872.0 0.0 104.0
v -864.0 0.0 104.0
v -872.0 0.0 104.0
v -872.0 0.0 96.0
v -864.0 0.0 96.0
v -872.0 128.0 104.0
v -864.0 128.0 104.0
v -864.0 128.0 96.0
v -872.0 128.0 96.0
v -872.0 128.0 104.0
v -872.0 128.0 96.0
v -872.0 0.0 96.0
v -872.0 0.0 104.0
v -864.0 128.0 96.0
v -864.0 128.0 104.0
v -864.0 0.0 104.0
v -864.0 0.0 96.0
v -800.0 128.0 96.0
v -800.0 0.0 96.0
v -808.0 0.0 96.0
v -808.0 128.0 96.0
v -800.0 0.0 104.0
v -800.0 128.0 104.0
v -808.0 128.0 104.0
v -808.0 0.0 104.0
v -800.0 0.0 104.0
v -808.0 0.0 104.0
v -808.0 0.0 96.0
v -800.0 0.0 96.0
v -808.0 128.0 104.0
v -800.0 128.0 104.0
v -800.0 128.0 96.0
v -808.0 128.0 96.0
v -808.0 128.0 104.0
v -808.0 128.0 96.0
v -808.0 0.0 96.0
v -808.0 0.0 104.0
v -800.0 128.0 96.0
v -800.0 128.0 104.0
v -800.0 0.0 104.0
v -800.0 0.0 96.0
v -736.0 128.0 96.0
v -736.0 0.0 96.0
v -744.0 0.0 96.0
v -744.0 128.0 96.0
v -736.0 0.0 104.0
v -736.0 128.0 104.0
v -744.0 128.0 104.0
v -744.0 0.0 104.0
v -736.0 0.0 104.0
v -744.0 0.0 104.0
v -744.0 0.0 96.0
v -736.0 0.0 96.0
v -744.0 128.0 104.0
v -736.0 128.0 104.0
v -736.0 128.0 96.0
v -744.0 128.0 96.0
v -744.0 128.0 104.0
v -744.0 128.0 96.0
v -744.0 0.0 96.0
v -744.0 0.0 104.0
v -736.0 128.0 96.0
v -736.0 128.0 104.0
v -736.0 0.0 104.0
v -736.0 0.0 96.0
v -672.0 128.0 96.0
v -672.0 0.0 96.0
v -680.0 0.0 96.0
v -680.0 128.0 96.0
v -672.0 0.0 104.0
v -672.0 128.0 104.0
v -680.0 128.0 104.0
v -680.0 0.0 104.0
v -672.0 0.0 104.0
v -680.0 0.0 104.0
v -680.0 0.0 96.0
v -672.0 0.0 96.0
v -680.0 128.0 104.0
v -672.0 128.0 104.0
v -672.0 128.0 96.0
v -680.0 128.0 96.0
v -680.0 128.0 104.0
v -680.0 128.0 96.0
v -680.0 0.0 96.0
v -680.0 0.0 104.0
v -672.0 128.0 96.0
v -672.0 128.0 104.0
v -672.0 0.0 104.0
v -672.0 0.0 96.0
v -608.0 128.0 96.0
v -608.0 0.0 96.0
v -616.0 0.0 96.0
v -616.0 128.0 96.0
v -608.0 0.0 104.0
v -608.0 128.0 104.0
v -616.0 128.0 104.0
v -616.0 0.0 104.0
v -608.0 0.0 104.0
v -616.0 0.0 104.0
v -616.0 0.0 96.0
v -608.0 0.0 96.0
v -616.0 128.0 104.0
v -608.0 128.0 104.0
v -608.0 128.0 96.0
v -616.0 128.0 96.0
v -616.0 128.0 104.0
v -616.0 128.0 96.0
v -616.0 0.0 96.0
v -616.0 0.0 104.0
v -608.0 128.0 96.0
v -608.0 128.0 104.0
v -608.0 0.0 104.0
v -608.0 0.0 96.0
v -544.0 128.0 96.0
v -544.0 0.0 96.0
v -552.0 0.0 96.0
v -552.0 128.0 96.0
v -544.0 0.0 104.0
v -544.0 128.0 104.0
v -552.0 128.0 104.0
v -552.0 0.0 104.0
v -544.0 0.0 104.0
v -552.0 0.0 104.0
v -552.0 0.0 96.0
v -544.0 0.0 96.0
v -552.0 128.0 104.0
v -544.0 128.0 104.0
v -544.0 128.0 96.0
v -552.0 128.0 96.0
v -552.0 128.0 104.0
v -552.0 128.0 96.0
v -552.0 0.0 96.0
v -552.0 0.0 104.0
v -544.0 128.0 96.0
v -544.0 128.0 104.0
v -544.0 0.0 104.0
v -544.0 0.0 96.0
v -480.0 128.0 96.0
v -480.0 0.0 96.0
v -488.0 0.0 96.0
v -488.0 128.0 96.0
v -480.0 0.0 104.0
v -480.0 128.0 104.0
v -488.0 128.0 104.0
v -488.0 0.0 104.0
v -480.0 0.0 104.0
v -488.0 0.0 104.0
v -488.0 0.0 96.0
v -480.0 0.0 96.0
v -488.0 128.0 104.0
v -480.0 128.0 104.0
v -480.0 128.0 96.0
v -488.0 128.0 96.0
v -488.0 128.0 104.0
v -488.0 128.0 96.0
v -488.0 0.0 96.0
v -488.0 0.0 104.0
v -480.0 128.0 96.0
v -480.0 128.0 104.0
v -480.0 0.0 104.0
v -480.0 0.0 96.0
v -416.0 128.0 96.0
v -416.0 0.0 96.0
v -424.0 0.0 96.0
v -424.0 128.0 96.0
v -416.0 0.0 104.0
v -416.0 128.0 104.0
v -424.0 128.0 104.0
v -424.0 0.0 104.0
v -416.0 0.0 104.0
v -424.0 0.0 104.0
v -424.0 0.0 96.0
v -416.0 0.0 96.0
v -424.0 128.0 104.0
v -416.0 128.0 104.0
v -416.0 128.0 96.0
v -424.0 128.0 96.0
v -424.0 128.0 104.0
v -424.0 128.0 96.0
v -424.0 0.0 96.0
v -424.0 0.0 104.0
v -416.0 128.0 96.0
v -416.0 128.0 104.0
v -416.0 0.0 104.0
v -416.0 0.0 96.0
v -352.0 128.0 96.0
v -352.0 0.0 96.0
v -360.0 0.0 96.0
v -360.0 128.0 96.0
v -352.0 0.0 104.0
v -352.0 128.0 104.0
v -360.0 128.0 104.0
v -360.0 0.0 104.0
v -352.0 0.0 104.0
v -360.0 0.0 104.0
v -360.0 0.0 96.0
v -352.0 0.0 96.0
v -360.0 128.0 104.0
v -352.0 128.0 104.0
v -352.0 128.0 96.0
v -360.0 128.0 96.0
v -360.0 128.0 104.0
v -360.0 128.0 96.0
v -360.0 0.0 96.0
v -360.0 0.0 104.0
v -352.0 128.0 96.0
v -352.0 128.0 104.0
v -352.0 0.0 104.0
v -352.0 0.0 96.0
v -288.0 128.0 96.0
v -288.0 0.0 96.0
v -296.0 0.0 96.0
v -296.0 128.0 96.0
v -288.0 0.0 104.0
v -288.0 128.0 104.0
v -296.0 128.0 104.0
v -296.0 0.0 104.0
v -288.0 0.0 104.0
v -296.0 0.0 104.0
v -296.0 0.0 96.0
v -288.0 0.0 96.0
v -296.0 128.0 104.0
v -288.0 128.0 104.0
v -288.0 128.0 96.0
v -296.0 128.0 96.0
v -296.0 128.0 104.0
v -296.0 128.0 96.0
v -296.0 0.0 96.0
v -296.0 0.0 104.0
v -288.0 128.0 96.0
v -288.0 128.0 104.0
v -288.0 0.0 104.0
v -288.0 0.0 96.0
v -928.0 128.0 -104.0
v -928.0 0.0 -104.0
v -936.0 0.0 -104.0
v -936.0 128.0 -104.0
v -928.0 0.0 -96.0
v -928.0 128.0 -96.0
v -936.0 128.0 -96.0
v -936.0 0.0 -96.0
v -928.0 0.0 -96.0
v -936.0 0.0 -96.0
v -936.0 0.0 -104.0
v -928.0 0.0 -104.0
v -936.0 128.0 -96.0
v -928.0 128.0 -96.0
v -928.0 128.0 -104.0
v -936.0 128.0 -104.0
v -936.0 128.0 -96.0
v -936.0 128.0 -104.0
v -936.0 0.0 -104.0
v -936.0 0.0 -96.0
v -928.0 128.0 -104.0
v -928.0 128.0 -96.0
v -928.0 0.0 -96.0
v -928.0 0.0 -104.0
v -864.0 128.0 -104.0
v -864.0 0.0 -104.0
v -872.0 0.0 -104.0
v -872.0 128.0 -104.0
v -864.0 0.0 -96.0
v -864.0 128.0 -96.0
v -872.0 128.0 -96.0
v -872.0 0.0 -96.0
v -864.0 0.0 -96.0
v -872.0 0.0 -96.0
v -872.0 0.0 -104.0
v -864.0 0.0 -104.0
v -872.0 128.0 -96.0
v -864.0 128.0 -96.0
v -864.0 128.0 -104.0
v -872.0 128.0 -104.0
v -872.0 128.0 -96.0
v -872.0 128.0 -104.0
v -872.0 0.0 -104.0
v -872.0 0.0 -96.0
v -864.0 128.0 -104.0
v -864.0 128.0 -96.0
v -864.0 0.0 -96.0
v -864.0 0.0 -104.0
v -800.0 128.0 -104.0
v -800.0 0.0 -104.0
v -808.0 0.0 -104.0
v -808.0 128.0 -104.0
v -800.0 0.0 -96.0
v -800.0 128.0 -96.0
v -808.0 128.0 -96.0
v -808.0 0.0 -96.0
v -800.0 0.0 -96.0
v -808.0 0.0 -96.0
v -808.0 0.0 -104.0
v -800.0 0.0 -104.0
v -808.0 128.0 -96.0
v -800.0 128.0 -96.0
v -800.0 128.0 -104.0
v -808.0 128.0 -104.0
v -808.0 128.0 -96.0
v -808.0 128.0 -104.0
v -808.0 0.0 -104.0
v -808.0 0.0 -96.0
v -800.0 128.0 -104.0
v -800.0 128.0 -96.0
v -800.0 0.0 -96.0
v -800.0 0.0 -104.0
v -96.00003051757812 128.0 -984.0
v -96.00003051757812 0.0 -984.0
v -96.00003051757812 0.0 -992.0
v -96.00003051757812 128.0 -992.0
v -104.00003051757812 0.0 -984.0
v -104.00003051757812 128.0 -984.0
v -104.00003051757812 128.0 -992.0
v -104.00003051757812 0.0 -992.0
v -104.00003051757812 0.0 -984.0
v -104.00003051757812 0.0 -992.0
v -96.00003051757812 0.0 -992.0
v -96.00003051757812 0.0 -984.0
v -104.00003051757812 128.0 -992.0
v -104.00003051757812 128.0 -984.0
v -96.00003051757812 128.0 -984.0
v -96.00003051757812 128.0 -992.0
v -104.00003051757812 128.0 -992.0
v -96.00003051757812 128.0 -992.0
v -96.00003051757812 0.0 -992.0
v -104.00003051757812 0.0 -992.0
v -96.00003051757812 128.0 -984.0
v -104.00003051757812 128.0 -984.0
v -104.00003051757812 0.0 -984.0
v -96.00003051757812 0.0 -984.0
v -96.0 128.0 -920.0
v -96.0 0.0 -920.0
v -96.0 0.0 -928.0
v -96.0 128.0 -928.0
v -104.0 0.0 -920.0
v -104.0 128.0 -920.0
v -104.0 128.0 -928.0
v -104.0 0.0 -928.0
v -104.0 0.0 -920.0
v -104.0 0.0 -928.0
v -96.0 0.0 -928.0
v -96.0 0.0 -920.0
v -104.0 128.0 -928.0
v -104.0 128.0 -920.0
v -96.0 128.0 -920.0
v -96.0 128.0 -928.0
v -104.0 128.0 -928.0
v -96.0 128.0 -928.0
v -96.0 0.0 -928.0
v -104.0 0.0 -928.0
v -96.0 128.0 -920.0
v -104.0 128.0 -920.0
v -104.0 0.0 -920.0
v -96.0 0.0 -920.0
v -96.0 128.0 -856.0
v -96.0 0.0 -856.0
v -96.0 0.0 -864.0
v -96.0 128.0 -864.0
v -104.0 0.0 -856.0
v -104.0 128.0 -856.0
v -104.0 128.0 -864.0
v -104.0 0.0 -864.0
v -104.0 0.0 -856.0
v -104.0 0.0 -864.0
v -96.0 0.0 -864.0
v -96.0 0.0 -856.0
v -104.0 128.0 -864.0
v -104.0 128.0 -856.0
v -96.0 128.0 -856.0
v -96.0 128.0 -864.0
v -104.0 128.0 -864.0
v -96.0 128.0 -864.0
v -96.0 0.0 -864.0
v -104.0 0.0 -864.0
v -96.0 128.0 -856.0
v -104.0 128.0 -856.0
v -104.0 0.0 -856.0
v -96.0 0.0 -856.0
v -96.0 128.0 -792.0
v -96.0 0.0 -792.0
v -96.0 0.0 -800.0
v -96.0 128.0 -800.0
v -104.0 0.0 -792.0
v -104.0 128.0 -792.0
v -104.0 128.0 -800.0
v -104.0 0.0 -800.0
v -104.0 0.0 -792.0
v -104.0 0.0 -800.0
v -96.0 0.0 -800.0
v -96.0 0.0 -792.0
v -104.0 128.0 -800.0
v -104.0 128.0 -792.0
v -96.0 128.0 -792.0
v -96.0 128.0 -800.0
v -104.0 128.0 -800.0
v -96.0 128.0 -800.0
v -96.0 0.0 -800.0
v -104.0 0.0 -800.0
v -96.0 128.0 -792.0
v -104.0 128.0 -792.0
v -104.0 0.0 -792.0
v -96.0 0.0 -792.0
v -108.0 -12.0 -223.99996948242188
v -108.0 4.0 -223.99996948242188
v -108.0 4.0 -992.0
v -108.0 -12.0 -992.0
v -92.0 4.0 -223.99996948242188
v -92.0 -12.0 -223.99996948242188
v -92.0 -12.0 -992.0
v -92.0 4.0 -992.0
v -92.0 -12.0 -992.0
v -92.0 -12.0 -223.99996948242188
v -108.0 -12.0 -223.99996948242188
v -108.0 -12.0 -992.0
v -92.0 4.0 -223.99996948242188
v -92.0 4.0 -992.0
v -108.0 4.0 -992.0
v -108.0 4.0 -223.99996948242188
v -108.0 4.0 -992.0
v -92.0 4.0 -992.0
v -92.0 -12.0 -992.0
v -108.0 -12.0 -992.0
v -92.0 4.0 -223.99996948242188
v -108.0 4.0 -223.99996948242188
v -108.0 -12.0 -223.99996948242188
v -92.0 -12.0 -223.99996948242188
v -992.0 -120.88912200927734 -674.6964721679688
v -992.0 -118.12293243408203 -673.2179565429688
v -992.0 -115.12144470214844 -672.3074340820312
v -992.0 -123.31370544433594 -676.686279296875
v -992.0 -125.30351257324219 -679.1109008789062
v -992.0 -126.78207397460938 -681.8770751953125
v -992.0 -127.69256591796875 -684.8785400390625
v -992.0 -128.0 -688.0
v -992.0 -127.69256591796875 -691.1214599609375
v -992.0 -126.78207397460938 -694.1229248046875
v -992.0 -125.30351257324219 -696.8890991210938
v -992.0 -123.31371307373047 -699.313720703125
v -992.0 -120.88912200927734 -701.3035278320312
v -992.0 -118.12293243408203 -702.7820434570312
v -992.0 -115.12144470214844 -703.6925659179688
v -992.0 -112.0 -704.0
v -992.0 -108.87855529785156 -703.6925659179688
v -992.0 -105.87706756591797 -702.7821044921875
v -992.0 -103.11087799072266 -701.3035278320312
v -992.0 -100.68629455566406 -699.313720703125
v -992.0 -98.69648742675781 -696.8890991210938
v -992.0 -97.21792602539062 -694.1229248046875
v -992.0 -96.30743408203125 -691.1214599609375
v -992.0 -96.0 -688.0
v -992.0 -96.30743408203125 -684.8785400390625
v -992.0 -97.21792602539062 -681.8770751953125
v -992.0 -98.69648742675781 -679.1109008789062
v -992.0 -100.68629455566406 -676.686279296875
v -992.0 -103.11087799072266 -674.6964721679688
v -992.0 -105.87706756591797 -673.2179565429688
v -992.0 -108.87855529785156 -672.3074340820312
v -992.0 -112.0 -672.0
v 991.9999389648438 -105.87706756591797 -673.2179565429688
v 991.9999389648438 -108.87855529785156 -672.3074340820312
v 991.9999389648438 -112.0 -672.0
v 991.9999389648438 -103.11087799072266 -674.6964721679688
v 991.9999389648438 -100.68629455566406 -676.686279296875
v 991.9999389648438 -98.69648742675781 -679.1109008789062
v 991.9999389648438 -97.21792602539062 -681.8770751953125
v 991.9999389648438 -96.30743408203125 -684.8785400390625
v 991.9999389648438 -96.0 -688.0
v 991.9999389648438 -96.30743408203125 -691.1214599609375
v 991.9999389648438 -97.21792602539062 -694.1229248046875
v 991.9999389648438 -98.69648742675781 -696.8890991210938
v 991.9999389648438 -100.68629455566406 -699.313720703125
v 991.9999389648438 -103.11087799072266 -701.3035278320312
v 991.9999389648438 -105.87706756591797 -702.7821044921875
v 991.9999389648438 -108.87855529785156 -703.6925659179688
v 991.9999389648438 -112.0 -704.0
v 991.9999389648438 -115.12144470214844 -703.6925659179688
v 991.9999389648438 -118.12293243408203 -702.7820434570312
v 991.9999389648438 -120.88912200927734 -701.3035278320312
v 991.9999389648438 -123.31371307373047 -699.313720703125
v 991.9999389648438 -125.30351257324219 -696.8890991210938
v 991.9999389648438 -126.78207397460938 -694.1229248046875
v 991.9999389648438 -127.69256591796875 -691.1214599609375
v 991.9999389648438 -128.0 -688.0
v 991.9999389648438 -127.69256591796875 -684.8785400390625
v 991.9999389648438 -126.78207397460938 -681.8770751953125
v 991.9999389648438 -125.30351257324219 -679.1109008789062
v 991.9999389648438 -123.31370544433594 -676.686279296875
v 991.9999389648438 -120.88912200927734 -674.6964721679688
v 991.9999389648438 -118.12293243408203 -673.2179565429688
v 991.9999389648438 -115.12144470214844 -672.3074340820312
v 991.9999389648438 -108.87855529785156 -672.3074340820312
v -992.0 -108.87855529785156 -672.3074340820312
v -992.0 -112.0 -672.0
v 991.9999389648438 -112.0 -672.0
v 991.9999389648438 -105.87706756591797 -673.2179565429688
v -992.0 -105.87706756591797 -673.2179565429688
v -992.0 -108.87855529785156 -672.3074340820312
v 991.9999389648438 -108.87855529785156 -672.3074340820312
v 991.9999389648438 -103.11087799072266 -674.6964721679688
v -992.0 -103.11087799072266 -674.6964721679688
v -992.0 -105.87706756591797 -673.2179565429688
v 991.9999389648438 -105.87706756591797 -673.2179565429688
v 991.9999389648438 -100.68629455566406 -676.686279296875
v -992.0 -100.68629455566406 -676.686279296875
v -992.0 -103.11087799072266 -674.6964721679688
v 991.9999389648438 -103.11087799072266 -674.6964721679688
v 991.9999389648438 -98.69648742675781 -679.1109008789062
v -992.0 -98.69648742675781 -679.1109008789062
v -992.0 -100.68629455566406 -676.686279296875
v 991.9999389648438 -100.68629455566406 -676.686279296875
v 991.9999389648438 -97.21792602539062 -681.8770751953125
v -992.0 -97.21792602539062 -681.8770751953125
v -992.0 -98.69648742675781 -679.1109008789062
v 991.9999389648438 -98.69648742675781 -679.1109008789062
v 991.9999389648438 -96.30743408203125 -684.8785400390625
v -992.0 -96.30743408203125 -684.8785400390625
v -992.0 -97.21792602539062 -681.8770751953125
v 991.9999389648438 -97.21792602539062 -681.8770751953125
v 991.9999389648438 -96.0 -688.0
v -992.0 -96.0 -688.0
v -992.0 -96.30743408203125 -684.8785400390625
v 991.9999389648438 -96.30743408203125 -684.8785400390625
v 991.9999389648438 -96.30743408203125 -691.1214599609375
v -992.0 -96.30743408203125 -691.1214599609375
v -992.0 -96.0 -688.0
v 991.9999389648438 -96.0 -688.0
v 991.9999389648438 -97.21792602539062 -694.1229248046875
v -992.0 -97.21792602539062 -694.1229248046875
v -992.0 -96.30743408203125 -691.1214599609375
v 991.9999389648438 -96.30743408203125 -691.1214599609375
v 991.9999389648438 -98.69648742675781 -696.8890991210938
v -992.0 -98.69648742675781 -696.8890991210938
v -992.0 -97.21792602539062 -694.1229248046875
v 991.9999389648438 -97.21792602539062 -694.1229248046875
v 991.9999389648438 -100.68629455566406 -699.313720703125
v -992.0 -100.68629455566406 -699.313720703125
v -992.0 -98.69648742675781 -696.8890991210938
v 991.9999389648438 -98.69648742675781 -696.8890991210938
v 991.9999389648438 -103.11087799072266 -701.3035278320312
v -992.0 -103.11087799072266 -701.3035278320312
v -992.0 -100.68629455566406 -699.313720703125
v 991.9999389648438 -100.68629455566406 -699.313720703125
v 991.9999389648438 -105.87706756591797 -702.7821044921875
v -992.0 -105.87706756591797 -702.7821044921875
v -992.0 -103.11087799072266 -701.3035278320312
v 991.9999389648438 -103.11087799072266 -701.3035278320312
v 991.9999389648438 -108.87855529785156 -703.6925659179688
v -992.0 -108.87855529785156 -703.6925659179688
v -992.0 -105.87706756591797 -702.7821044921875
v 991.9999389648438 -105.87706756591797 -702.7821044921875
v 991.9999389648438 -112.0 -704.0
v -992.0 -112.0 -704.0
v -992.0 -108.87855529785156 -703.6925659179688
v 991.9999389648438 -108.87855529785156 -703.6925659179688
v 991.9999389648438 -115.12144470214844 -703.6925659179688
v -992.0 -115.12144470214844 -703.6925659179688
v -992.0 -112.0 -704.0
v 991.9999389648438 -112.0 -704.0
v 991.9999389648438 -118.12293243408203 -702.7820434570312
v -992.0 -118.12293243408203 -702.7820434570312
v -992.0 -115.12144470214844 -703.6925659179688
v 991.9999389648438 -115.12144470214844 -703.6925659179688
v 991.9999389648438 -120.88912200927734 -701.3035278320312
v -992.0 -120.88912200927734 -701.3035278320312
v -992.0 -118.12293243408203 -702.7820434570312
v 991.9999389648438 -118.12293243408203 -702.7820434570312
v 991.9999389648438 -123.31371307373047 -699.313720703125
v -992.0 -123.31371307373047 -699.313720703125
v -992.0 -120.88912200927734 -701.3035278320312
v 991.9999389648438 -120.88912200927734 -701.3035278320312
v 991.9999389648438 -125.30351257324219 -696.8890991210938
v -992.0 -125.30351257324219 -696.8890991210938
v -992.0 -123.31371307373047 -699.313720703125
v 991.9999389648438 -123.31371307373047 -699.313720703125
v 991.9999389648438 -126.78207397460938 -694.1229248046875
v -992.0 -126.78207397460938 -694.1229248046875
v -992.0 -125.30351257324219 -696.8890991210938
v 991.9999389648438 -125.30351257324219 -696.8890991210938
v 991.9999389648438 -127.69256591796875 -691.1214599609375
v -992.0 -127.69256591796875 -691.1214599609375
v -992.0 -126.78207397460938 -694.1229248046875
v 991.9999389648438 -126.78207397460938 -694.1229248046875
v 991.9999389648438 -128.0 -688.0
v -992.0 -128.0 -688.0
v -992.0 -127.69256591796875 -691.1214599609375
v 991.9999389648438 -127.69256591796875 -691.1214599609375
v 991.9999389648438 -127.69256591796875 -684.8785400390625
v -992.0 -127.69256591796875 -684.8785400390625
v -992.0 -128.0 -688.0
v 991.9999389648438 -128.0 -688.0
v 991.9999389648438 -126.78207397460938 -681.8770751953125
v -992.0 -126.78207397460938 -681.8770751953125
v -992.0 -127.69256591796875 -684.8785400390625
v 991.9999389648438 -127.69256591796875 -684.8785400390625
v 991.9999389648438 -125.30351257324219 -679.1109008789062
v -992.0 -125.30351257324219 -679.1109008789062
v -992.0 -126.78207397460938 -681.8770751953125
v 991.9999389648438 -126.78207397460938 -681.8770751953125
v 991.9999389648438 -123.31370544433594 -676.686279296875
v -992.0 -123.31370544433594 -676.686279296875
v -992.0 -125.30351257324219 -679.1109008789062
v 991.9999389648438 -125.30351257324219 -679.1109008789062
v 991.9999389648438 -120.88912200927734 -674.6964721679688
v -992.0 -120.88912200927734 -674.6964721679688
v -992.0 -123.31370544433594 -676.686279296875
v 991.9999389648438 -123.31370544433594 -676.686279296875
v 991.9999389648438 -118.12293243408203 -673.2179565429688
v -992.0 -118.12293243408203 -673.2179565429688
v -992.0 -120.88912200927734 -674.6964721679688
v 991.9999389648438 -120.88912200927734 -674.6964721679688
v 991.9999389648438 -115.12144470214844 -672.3074340820312
v -992.0 -115.12144470214844 -672.3074340820312
v -992.0 -118.12293243408203 -673.2179565429688
v 991.9999389648438 -118.12293243408203 -673.2179565429688
v 991.9999389648438 -112.0 -672.0
v -992.0 -112.0 -672.0
v -992.0 -115.12144470214844 -672.3074340820312
v 991.9999389648438 -115.12144470214844 -672.3074340820312
v 517.5432739257812 -98.0 -690.2960205078125
v 517.8847045898438 -97.99999237060547 -689.1704711914062
v 518.0 -97.99998474121094 -687.9999389648438
v 516.9888916015625 -98.00001525878906 -691.3333740234375
v 516.24267578125 -98.0 -692.2426147460938
v 515.3333740234375 -97.99999237060547 -692.9887084960938
v 514.296142578125 -98.00000762939453 -693.543212890625
v 513.1705322265625 -98.0 -693.8846435546875
v 512.0 -98.0 -693.9999389648438
v 510.8294677734375 -98.00000762939453 -693.8846435546875
v 509.70391845703125 -98.0 -693.543212890625
v 508.6666259765625 -98.0 -692.9887084960938
v 507.75738525390625 -98.00000762939453 -692.2426147460938
v 507.01116943359375 -97.99999237060547 -691.3333740234375
v 506.45672607421875 -97.99999237060547 -690.2960205078125
v 506.11529541015625 -97.99999237060547 -689.1704711914062
v 506.0 -98.0 -687.9999389648438
v 506.11529541015625 -97.99999237060547 -686.8294067382812
v 506.45672607421875 -97.99999237060547 -685.703857421875
v 507.01116943359375 -97.99999237060547 -684.66650390625
v 507.75738525390625 -98.00000762939453 -683.7572631835938
v 508.6666259765625 -98.0 -683.0111694335938
v 509.70391845703125 -98.0 -682.4566650390625
v 510.8294677734375 -98.00000762939453 -682.115234375
v 512.0 -98.0 -681.9999389648438
v 513.1705322265625 -98.0 -682.115234375
v 514.296142578125 -98.00000762939453 -682.4566650390625
v 515.3333740234375 -97.99999237060547 -683.0111694335938
v 516.24267578125 -98.0 -683.7572631835938
v 516.9888916015625 -98.00001525878906 -684.66650390625
v 517.5432739257812 -98.0 -685.703857421875
v 517.8847045898438 -97.99999237060547 -686.8294067382812
v 517.8847045898438 -97.99999237060547 -686.8294067382812
v 518.0 -97.99998474121094 -687.9999389648438
v 518.0 -92.99999237060547 -687.9999389648438
v 517.8847045898438 -92.99998474121094 -686.8294067382812
v 517.5432739257812 -98.0 -685.703857421875
v 517.8847045898438 -97.99999237060547 -686.8294067382812
v 517.8847045898438 -92.99998474121094 -686.8294067382812
v 517.5433349609375 -93.00000762939453 -685.703857421875
v 516.9888916015625 -98.00001525878906 -684.66650390625
v 517.5432739257812 -98.0 -685.703857421875
v 517.5433349609375 -93.00000762939453 -685.703857421875
v 516.9888305664062 -93.0 -684.66650390625
v 516.24267578125 -98.0 -683.7572631835938
v 516.9888916015625 -98.00001525878906 -684.66650390625
v 516.9888305664062 -93.0 -684.66650390625
v 516.24267578125 -93.00000762939453 -683.7572631835938
v 515.3333740234375 -97.99999237060547 -683.0111694335938
v 516.24267578125 -98.0 -683.7572631835938
v 516.24267578125 -93.00000762939453 -683.7572631835938
v 515.3333740234375 -93.0 -683.0111694335938
v 514.296142578125 -98.00000762939453 -682.4566650390625
v 515.3333740234375 -97.99999237060547 -683.0111694335938
v 515.3333740234375 -93.0 -683.0111694335938
v 514.296142578125 -93.0 -682.4566650390625
v 513.1705322265625 -98.0 -682.115234375
v 514.296142578125 -98.00000762939453 -682.4566650390625
v 514.296142578125 -93.0 -682.4566650390625
v 513.1705322265625 -93.00000762939453 -682.115234375
v 512.0 -98.0 -681.9999389648438
v 513.1705322265625 -98.0 -682.115234375
v 513.1705322265625 -93.00000762939453 -682.115234375
v 512.0 -93.00001525878906 -681.9999389648438
v 510.8294677734375 -98.00000762939453 -682.115234375
v 512.0 -98.0 -681.9999389648438
v 512.0 -93.00001525878906 -681.9999389648438
v 510.8294677734375 -92.99999237060547 -682.115234375
v 509.70391845703125 -98.0 -682.4566650390625
v 510.8294677734375 -98.00000762939453 -682.115234375
v 510.8294677734375 -92.99999237060547 -682.115234375
v 509.70391845703125 -93.0 -682.4566650390625
v 508.6666259765625 -98.0 -683.0111694335938
v 509.70391845703125 -98.0 -682.4566650390625
v 509.70391845703125 -93.0 -682.4566650390625
v 508.6666259765625 -92.99998474121094 -683.0111694335938
v 507.75738525390625 -98.00000762939453 -683.7572631835938
v 508.6666259765625 -98.0 -683.0111694335938
v 508.6666259765625 -92.99998474121094 -683.0111694335938
v 507.75732421875 -92.99999237060547 -683.7572631835938
v 507.01116943359375 -97.99999237060547 -684.66650390625
v 507.75738525390625 -98.00000762939453 -683.7572631835938
v 507.75732421875 -92.99999237060547 -683.7572631835938
v 507.01123046875 -93.0 -684.66650390625
v 506.45672607421875 -97.99999237060547 -685.703857421875
v 507.01116943359375 -97.99999237060547 -684.66650390625
v 507.01123046875 -93.0 -684.66650390625
v 506.4566650390625 -92.99998474121094 -685.703857421875
v 506.11529541015625 -97.99999237060547 -686.8294067382812
v 506.45672607421875 -97.99999237060547 -685.703857421875
v 506.4566650390625 -92.99998474121094 -685.703857421875
v 506.11529541015625 -93.0 -686.8294067382812
v 506.0 -98.0 -687.9999389648438
v 506.11529541015625 -97.99999237060547 -686.8294067382812
v 506.11529541015625 -93.0 -686.8294067382812
v 506.0 -92.99998474121094 -687.9999389648438
v 506.11529541015625 -97.99999237060547 -689.1704711914062
v 506.0 -98.0 -687.9999389648438
v 506.0 -92.99998474121094 -687.9999389648438
v 506.11529541015625 -93.0 -689.1704711914062
v 506.45672607421875 -97.99999237060547 -690.2960205078125
v 506.11529541015625 -97.99999237060547 -689.1704711914062
v 506.11529541015625 -93.0 -689.1704711914062
v 506.4566650390625 -92.99998474121094 -690.2960205078125
v 507.01116943359375 -97.99999237060547 -691.3333740234375
v 506.45672607421875 -97.99999237060547 -690.2960205078125
v 506.4566650390625 -92.99998474121094 -690.2960205078125
v 507.01123046875 -93.0 -691.3333740234375
v 507.75738525390625 -98.00000762939453 -692.2426147460938
v 507.01116943359375 -97.99999237060547 -691.3333740234375
v 507.01123046875 -93.0 -691.3333740234375
v 507.75732421875 -92.99999237060547 -692.2426147460938
v 508.6666259765625 -98.0 -692.9887084960938
v 507.75738525390625 -98.00000762939453 -692.2426147460938
v 507.75732421875 -92.99999237060547 -692.2426147460938
v 508.6666259765625 -92.99998474121094 -692.9887084960938
v 509.70391845703125 -98.0 -693.543212890625
v 508.6666259765625 -98.0 -692.9887084960938
v 508.6666259765625 -92.99998474121094 -692.9887084960938
v 509.70391845703125 -93.0 -693.543212890625
v 510.8294677734375 -98.00000762939453 -693.8846435546875
v 509.70391845703125 -98.0 -693.543212890625
v 509.70391845703125 -93.0 -693.543212890625
v 510.8294677734375 -92.99999237060547 -693.8846435546875
v 512.0 -98.0 -693.9999389648438
v 510.8294677734375 -98.00000762939453 -693.8846435546875
v 510.8294677734375 -92.99999237060547 -693.8846435546875
v 512.0 -93.00001525878906 -693.9999389648438
v 513.1705322265625 -98.0 -693.8846435546875
v 512.0 -98.0 -693.9999389648438
v 512.0 -93.00001525878906 -693.9999389648438
v 513.1705322265625 -93.00000762939453 -693.8846435546875
v 514.296142578125 -98.00000762939453 -693.543212890625
v 513.1705322265625 -98.0 -693.8846435546875
v 513.1705322265625 -93.00000762939453 -693.8846435546875
v 514.296142578125 -93.0 -693.543212890625
v 515.3333740234375 -97.99999237060547 -692.9887084960938
v 514.296142578125 -98.00000762939453 -693.543212890625
v 514.296142578125 -93.0 -693.543212890625
v 515.3333740234375 -93.0 -692.9887084960938
v 516.24267578125 -98.0 -692.2426147460938
v 515.3333740234375 -97.99999237060547 -692.9887084960938
v 515.3333740234375 -93.0 -692.9887084960938
v 516.24267578125 -93.00000762939453 -692.2426147460938
v 516.9888916015625 -98.00001525878906 -691.3333740234375
v 516.24267578125 -98.0 -692.2426147460938
v 516.24267578125 -93.00000762939453 -692.2426147460938
v 516.9888305664062 -93.0 -691.3333740234375
v 517.5432739257812 -98.0 -690.2960205078125
v 516.9888916015625 -98.00001525878906 -691.3333740234375
v 516.9888305664062 -93.0 -691.3333740234375
v 517.5433349609375 -93.00000762939453 -690.2960205078125
v 517.8847045898438 -97.99999237060547 -689.1704711914062
v 517.5432739257812 -98.0 -690.2960205078125
v 517.5433349609375 -93.00000762939453 -690.2960205078125
v 517.8847045898438 -92.99998474121094 -689.1704711914062
v 518.0 -97.99998474121094 -687.9999389648438
v 517.8847045898438 -97.99999237060547 -689.1704711914062
v 517.8847045898438 -92.99998474121094 -689.1704711914062
v 518.0 -92.99999237060547 -687.9999389648438
v 518.0 -82.0 -687.9998779296875
v 517.884765625 -82.00000762939453 -689.17041015625
v 517.5432739257812 -81.99999237060547 -690.2959594726562
v 517.884765625 -82.00000762939453 -686.829345703125
v 517.5432739257812 -81.99999237060547 -685.7037963867188
v 516.9888305664062 -82.00000762939453 -684.6664428710938
v 516.62841796875 -81.99999237060547 -684.227294921875
v 517.2755126953125 -82.00000762939453 -690.7969970703125
v 518.0 -92.99999237060547 -687.9998779296875
v 518.0 -82.0 -687.9998779296875
v 517.884765625 -82.00000762939453 -686.829345703125
v 517.8847045898438 -93.0 -686.829345703125
v 517.8847045898438 -93.0 -686.829345703125
v 517.884765625 -82.00000762939453 -686.829345703125
v 517.5432739257812 -81.99999237060547 -685.7037963867188
v 517.5432739257812 -93.00000762939453 -685.7037963867188
v 517.5432739257812 -93.00000762939453 -685.7037963867188
v 517.5432739257812 -81.99999237060547 -685.7037963867188
v 516.9888305664062 -82.00000762939453 -684.6664428710938
v 516.9888305664062 -93.0 -684.6664428710938
v 516.9888305664062 -93.0 -684.6664428710938
v 516.9888305664062 -82.00000762939453 -684.6664428710938
v 516.62841796875 -81.99999237060547 -684.227294921875
v 516.62841796875 -92.99999237060547 -684.227294921875
v 517.2755126953125 -93.0 -690.7969970703125
v 517.2755126953125 -82.00000762939453 -690.7969970703125
v 517.5432739257812 -81.99999237060547 -690.2959594726562
v 517.5432739257812 -93.00000762939453 -690.2959594726562
v 517.5432739257812 -93.00000762939453 -690.2959594726562
v 517.5432739257812 -81.99999237060547 -690.2959594726562
v 517.884765625 -82.00000762939453 -689.17041015625
v 517.8847045898438 -93.0 -689.17041015625
v 517.8847045898438 -93.0 -689.17041015625
v 517.884765625 -82.00000762939453 -689.17041015625
v 518.0 -82.0 -687.9998779296875
v 518.0 -92.99999237060547 -687.9998779296875
v 517.5432739257812 -93.00000762939453 -685.7037963867188
v 516.9888305664062 -93.0 -684.6664428710938
v 516.62841796875 -92.99999237060547 -684.227294921875
v 517.8847045898438 -93.0 -686.829345703125
v 518.0 -92.99999237060547 -687.9998779296875
v 517.8847045898438 -93.0 -689.17041015625
v 517.5432739257812 -93.00000762939453 -690.2959594726562
v 517.2755126953125 -93.0 -690.7969970703125
v 516.62841796875 -92.99999237060547 -684.227294921875
v 516.62841796875 -81.99999237060547 -684.227294921875
v 517.2755126953125 -82.00000762939453 -690.7969970703125
v 517.2755126953125 -93.0 -690.7969970703125
v 516.2426147460938 -82.0 -683.7572021484375
v 516.62841796875 -82.00000762939453 -684.227294921875
v 516.9039306640625 -82.0 -687.0244140625
v 515.8033447265625 -82.0 -683.396728515625
v 516.62841796875 -82.00000762939453 -684.227294921875
v 516.2426147460938 -82.0 -683.7572021484375
v 516.24267578125 -93.00001525878906 -683.7572021484375
v 516.62841796875 -93.0 -684.227294921875
v 516.24267578125 -93.00001525878906 -683.7572021484375
v 516.2426147460938 -82.0 -683.7572021484375
v 515.8033447265625 -82.0 -683.396728515625
v 515.8033447265625 -93.0000228881836 -683.396728515625
v 516.62841796875 -93.0 -684.227294921875
v 516.24267578125 -93.00001525878906 -683.7572021484375
v 515.8033447265625 -93.0000228881836 -683.396728515625
v 516.9039306640625 -93.00001525878906 -687.0245361328125
v 516.9039306640625 -82.0 -687.0244140625
v 516.62841796875 -82.00000762939453 -684.227294921875
v 516.62841796875 -93.0 -684.227294921875
v 516.9039306640625 -93.00001525878906 -687.0245361328125
v 515.8033447265625 -93.0000228881836 -683.396728515625
v 515.8033447265625 -82.0 -683.396728515625
v 516.9039306640625 -82.0 -687.0244140625
v 516.9039306640625 -93.00001525878906 -687.0245361328125
v 515.3334350585938 -82.00003814697266 -683.0111083984375
v 515.8033447265625 -82.0000228881836 -683.396728515625
v 516.619384765625 -82.0000228881836 -686.0864868164062
v 514.832763671875 -82.0000228881836 -682.7434692382812
v 515.3334350585938 -82.00003814697266 -683.0111083984375
v 515.3334350585938 -93.00003051757812 -683.0111083984375
v 515.8033447265625 -93.0000228881836 -683.396728515625
v 515.8033447265625 -82.0000228881836 -683.396728515625
v 514.832763671875 -82.0000228881836 -682.7434692382812
v 514.832763671875 -93.00001525878906 -682.7434692382812
v 515.3334350585938 -93.00003051757812 -683.0111083984375
v 515.3334350585938 -82.00003814697266 -683.0111083984375
v 515.8033447265625 -93.0000228881836 -683.396728515625
v 515.3334350585938 -93.00003051757812 -683.0111083984375
v 514.832763671875 -93.00001525878906 -682.7434692382812
v 516.619384765625 -93.0000228881836 -686.0864868164062
v 516.619384765625 -82.0000228881836 -686.0864868164062
v 515.8033447265625 -82.0000228881836 -683.396728515625
v 515.8033447265625 -93.0000228881836 -683.396728515625
v 516.619384765625 -93.0000228881836 -686.0864868164062
v 514.832763671875 -93.00001525878906 -682.7434692382812
v 514.832763671875 -82.0000228881836 -682.7434692382812
v 516.619384765625 -82.0000228881836 -686.0864868164062
v 516.619384765625 -93.0000228881836 -686.0864868164062
v 514.296142578125 -82.0000228881836 -682.4566650390625
v 514.8328247070312 -82.00003814697266 -682.7435302734375
v 516.1575927734375 -82.0000228881836 -685.222412109375
v 513.7523193359375 -82.0000228881836 -682.2916259765625
v 514.296142578125 -93.00001525878906 -682.4566650390625
v 514.832763671875 -93.00000762939453 -682.7435302734375
v 514.8328247070312 -82.00003814697266 -682.7435302734375
v 514.296142578125 -82.0000228881836 -682.4566650390625
v 513.7523193359375 -93.00001525878906 -682.2916259765625
v 514.296142578125 -93.00001525878906 -682.4566650390625
v 514.296142578125 -82.0000228881836 -682.4566650390625
v 513.7523193359375 -82.0000228881836 -682.2916259765625
v 514.832763671875 -93.00000762939453 -682.7435302734375
v 514.296142578125 -93.00001525878906 -682.4566650390625
v 513.7523193359375 -93.00001525878906 -682.2916259765625
v 516.157470703125 -93.00001525878906 -685.22216796875
v 516.1575927734375 -82.0000228881836 -685.222412109375
v 514.8328247070312 -82.00003814697266 -682.7435302734375
v 514.832763671875 -93.00000762939453 -682.7435302734375
v 516.157470703125 -93.00001525878906 -685.22216796875
v 513.7523193359375 -93.00001525878906 -682.2916259765625
v 513.7523193359375 -82.0000228881836 -682.2916259765625
v 516.1575927734375 -82.0000228881836 -685.222412109375
v 516.157470703125 -93.00001525878906 -685.22216796875
v 513.1705322265625 -82.0 -682.115234375
v 513.7522583007812 -82.00000762939453 -682.2916870117188
v 515.53515625 -82.00000762939453 -684.4640502929688
v 512.6051635742188 -82.00000762939453 -682.0595703125
v 513.1705322265625 -93.00001525878906 -682.115234375
v 513.7522583007812 -93.00000762939453 -682.2916870117188
v 513.7522583007812 -82.00000762939453 -682.2916870117188
v 513.1705322265625 -82.0 -682.115234375
v 513.1705322265625 -93.00001525878906 -682.115234375
v 513.1705322265625 -82.0 -682.115234375
v 512.6051635742188 -82.00000762939453 -682.0595703125
v 512.6051635742188 -93.0000228881836 -682.0595703125
v 513.7522583007812 -93.00000762939453 -682.2916870117188
v 513.1705322265625 -93.00001525878906 -682.115234375
v 512.6051635742188 -93.0000228881836 -682.0595703125
v 515.5352783203125 -92.99999237060547 -684.4642333984375
v 515.53515625 -82.00000762939453 -684.4640502929688
v 513.7522583007812 -82.00000762939453 -682.2916870117188
v 513.7522583007812 -93.00000762939453 -682.2916870117188
v 515.5352783203125 -92.99999237060547 -684.4642333984375
v 512.6051635742188 -93.0000228881836 -682.0595703125
v 512.6051635742188 -82.00000762939453 -682.0595703125
v 515.53515625 -82.00000762939453 -684.4640502929688
v 515.5352783203125 -92.99999237060547 -684.4642333984375
v 512.0 -82.00003814697266 -682.0
v 512.6051635742188 -82.00003814697266 -682.0595703125
v 514.7779541015625 -82.00003051757812 -683.8426513671875
v 511.4349365234375 -82.0000228881836 -682.0556640625
v 512.6051635742188 -82.00003814697266 -682.0595703125
v 512.0 -82.00003814697266 -682.0
v 512.0 -93.00001525878906 -682.0
v 512.6051025390625 -93.00001525878906 -682.0595703125
v 512.0 -93.00001525878906 -682.0
v 512.0 -82.00003814697266 -682.0
v 511.4349365234375 -82.0000228881836 -682.0556640625
v 511.4349365234375 -93.0000228881836 -682.0556640625
v 512.6051025390625 -93.00001525878906 -682.0595703125
v 512.0 -93.00001525878906 -682.0
v 511.4349365234375 -93.0000228881836 -682.0556640625
v 514.7778930664062 -93.00003051757812 -683.8426513671875
v 514.7779541015625 -82.00003051757812 -683.8426513671875
v 512.6051635742188 -82.00003814697266 -682.0595703125
v 512.6051025390625 -93.00001525878906 -682.0595703125
v 514.7778930664062 -93.00003051757812 -683.8426513671875
v 511.4349365234375 -93.0000228881836 -682.0556640625
v 511.4349365234375 -82.0000228881836 -682.0556640625
v 514.7779541015625 -82.00003051757812 -683.8426513671875
v 514.7778930664062 -93.00003051757812 -683.8426513671875
v 510.8294677734375 -82.0000228881836 -682.115234375
v 511.43499755859375 -82.0000228881836 -682.0555419921875
v 513.91357421875 -82.00003051757812 -683.3804931640625
v 510.285400390625 -82.0000228881836 -682.2802734375
v 510.8294677734375 -82.0000228881836 -682.115234375
v 510.8294677734375 -93.00001525878906 -682.115234375
v 511.43499755859375 -93.0000228881836 -682.0555419921875
v 511.43499755859375 -82.0000228881836 -682.0555419921875
v 510.285400390625 -82.0000228881836 -682.2802734375
v 510.285400390625 -93.00003814697266 -682.2802734375
v 510.8294677734375 -93.00001525878906 -682.115234375
v 510.8294677734375 -82.0000228881836 -682.115234375
v 511.43499755859375 -93.0000228881836 -682.0555419921875
v 510.8294677734375 -93.00001525878906 -682.115234375
v 510.285400390625 -93.00003814697266 -682.2802734375
v 513.9136352539062 -93.00003051757812 -683.380615234375
v 513.91357421875 -82.00003051757812 -683.3804931640625
v 511.43499755859375 -82.0000228881836 -682.0555419921875
v 511.43499755859375 -93.0000228881836 -682.0555419921875
v 513.9136352539062 -93.00003051757812 -683.380615234375
v 510.285400390625 -93.00003814697266 -682.2802734375
v 510.285400390625 -82.0000228881836 -682.2802734375
v 513.91357421875 -82.00003051757812 -683.3804931640625
v 513.9136352539062 -93.00003051757812 -683.380615234375
v 509.70391845703125 -82.00003051757812 -682.4566650390625
v 510.285400390625 -82.0000228881836 -682.2802734375
v 512.9755249023438 -82.0000228881836 -683.0960693359375
v 509.203125 -82.0000228881836 -682.724365234375
v 509.703857421875 -93.00000762939453 -682.4566650390625
v 510.285400390625 -93.00001525878906 -682.2802734375
v 510.285400390625 -82.0000228881836 -682.2802734375
v 509.70391845703125 -82.00003051757812 -682.4566650390625
v 509.203125 -93.00001525878906 -682.724365234375
v 509.703857421875 -93.00000762939453 -682.4566650390625
v 509.70391845703125 -82.00003051757812 -682.4566650390625
v 509.203125 -82.0000228881836 -682.724365234375
v 510.285400390625 -93.00001525878906 -682.2802734375
v 509.703857421875 -93.00000762939453 -682.4566650390625
v 509.203125 -93.00001525878906 -682.724365234375
v 512.975341796875 -93.0000228881836 -683.0960693359375
v 512.9755249023438 -82.0000228881836 -683.0960693359375
v 510.285400390625 -82.0000228881836 -682.2802734375
v 510.285400390625 -93.00001525878906 -682.2802734375
v 512.975341796875 -93.0000228881836 -683.0960693359375
v 509.203125 -93.00001525878906 -682.724365234375
v 509.203125 -82.0000228881836 -682.724365234375
v 512.9755249023438 -82.0000228881836 -683.0960693359375
v 512.975341796875 -93.0000228881836 -683.0960693359375
v 508.6666259765625 -82.0 -683.0111083984375
v 509.20318603515625 -82.00000762939453 -682.724365234375
v 511.9998779296875 -82.0 -682.9998779296875
v 508.2271728515625 -82.00000762939453 -683.3717041015625
v 508.6666259765625 -93.0 -683.0111083984375
v 509.20318603515625 -93.0 -682.724365234375
v 509.20318603515625 -82.00000762939453 -682.724365234375
v 508.6666259765625 -82.0 -683.0111083984375
v 508.6666259765625 -93.0 -683.0111083984375
v 508.6666259765625 -82.0 -683.0111083984375
v 508.2271728515625 -82.00000762939453 -683.3717041015625
v 508.2271728515625 -93.0 -683.3717041015625
v 509.20318603515625 -93.0 -682.724365234375
v 508.6666259765625 -93.0 -683.0111083984375
v 508.2271728515625 -93.0 -683.3717041015625
v 511.99945068359375 -93.0 -682.9998779296875
v 511.9998779296875 -82.0 -682.9998779296875
v 509.20318603515625 -82.00000762939453 -682.724365234375
v 509.20318603515625 -93.0 -682.724365234375
v 511.99945068359375 -93.0 -682.9998779296875
v 508.2271728515625 -93.0 -683.3717041015625
v 508.2271728515625 -82.00000762939453 -683.3717041015625
v 511.9998779296875 -82.0 -682.9998779296875
v 511.99945068359375 -93.0 -682.9998779296875
v 507.75732421875 -82.00000762939453 -683.7572021484375
v 508.2271728515625 -82.00000762939453 -683.3717041015625
v 511.0247802734375 -82.00000762939453 -683.095947265625
v 507.3973388671875 -81.99999237060547 -684.1959228515625
v 508.2271728515625 -82.00000762939453 -683.3717041015625
v 507.75732421875 -82.00000762939453 -683.7572021484375
v 507.75732421875 -93.0 -683.7572021484375
v 508.2271728515625 -93.0 -683.3717041015625
v 507.75732421875 -93.0 -683.7572021484375
v 507.75732421875 -82.00000762939453 -683.7572021484375
v 507.3973388671875 -81.99999237060547 -684.1959228515625
v 507.3973388671875 -93.00000762939453 -684.1959228515625
v 508.2271728515625 -93.0 -683.3717041015625
v 507.75732421875 -93.0 -683.7572021484375
v 507.3973388671875 -93.00000762939453 -684.1959228515625
v 511.0245361328125 -92.99998474121094 -683.095947265625
v 511.0247802734375 -82.00000762939453 -683.095947265625
v 508.2271728515625 -82.00000762939453 -683.3717041015625
v 508.2271728515625 -93.0 -683.3717041015625
v 511.0245361328125 -92.99998474121094 -683.095947265625
v 507.3973388671875 -93.00000762939453 -684.1959228515625
v 507.3973388671875 -81.99999237060547 -684.1959228515625
v 511.0247802734375 -82.00000762939453 -683.095947265625
v 511.0245361328125 -92.99998474121094 -683.095947265625
v 507.01116943359375 -81.99999237060547 -684.6665649414062
v 507.3973388671875 -81.99999237060547 -684.1959838867188
v 510.0865478515625 -82.0 -683.3805541992188
v 506.7432861328125 -82.00000762939453 -685.167724609375
v 507.01116943359375 -81.99999237060547 -684.6665649414062
v 507.01116943359375 -93.00000762939453 -684.6665649414062
v 507.3973388671875 -93.00000762939453 -684.1959838867188
v 507.3973388671875 -81.99999237060547 -684.1959838867188
v 506.7432861328125 -82.00000762939453 -685.167724609375
v 506.7432861328125 -93.0 -685.167724609375
v 507.01116943359375 -93.00000762939453 -684.6665649414062
v 507.01116943359375 -81.99999237060547 -684.6665649414062
v 507.3973388671875 -93.00000762939453 -684.1959838867188
v 507.01116943359375 -93.00000762939453 -684.6665649414062
v 506.7432861328125 -93.0 -685.167724609375
v 510.086669921875 -93.0 -683.3804931640625
v 510.0865478515625 -82.0 -683.3805541992188
v 507.3973388671875 -81.99999237060547 -684.1959838867188
v 507.3973388671875 -93.00000762939453 -684.1959838867188
v 510.086669921875 -93.0 -683.3804931640625
v 506.7432861328125 -93.0 -685.167724609375
v 506.7432861328125 -82.00000762939453 -685.167724609375
v 510.0865478515625 -82.0 -683.3805541992188
v 510.086669921875 -93.0 -683.3804931640625
v 506.4566650390625 -82.00001525878906 -685.703857421875
v 506.7432861328125 -82.00003051757812 -685.1676635742188
v 509.2222900390625 -82.00004577636719 -683.842529296875
v 506.29180908203125 -82.00004577636719 -686.2474975585938
v 506.45672607421875 -93.00003051757812 -685.703857421875
v 506.7432861328125 -93.0000228881836 -685.1676635742188
v 506.7432861328125 -82.00003051757812 -685.1676635742188
v 506.4566650390625 -82.00001525878906 -685.703857421875
v 506.291748046875 -93.00001525878906 -686.2474975585938
v 506.45672607421875 -93.00003051757812 -685.703857421875
v 506.4566650390625 -82.00001525878906 -685.703857421875
v 506.29180908203125 -82.00004577636719 -686.2474975585938
v 506.7432861328125 -93.0000228881836 -685.1676635742188
v 506.45672607421875 -93.00003051757812 -685.703857421875
v 506.291748046875 -93.00001525878906 -686.2474975585938
v 509.22235107421875 -93.00003051757812 -683.8424682617188
v 509.2222900390625 -82.00004577636719 -683.842529296875
v 506.7432861328125 -82.00003051757812 -685.1676635742188
v 506.7432861328125 -93.0000228881836 -685.1676635742188
v 509.22235107421875 -93.00003051757812 -683.8424682617188
v 506.291748046875 -93.00001525878906 -686.2474975585938
v 506.29180908203125 -82.00004577636719 -686.2474975585938
v 509.2222900390625 -82.00004577636719 -683.842529296875
v 509.22235107421875 -93.00003051757812 -683.8424682617188
v 506.115234375 -82.00001525878906 -686.829345703125
v 506.291748046875 -82.0 -686.2474365234375
v 508.464599609375 -82.00001525878906 -684.4642333984375
v 506.0595703125 -82.00003051757812 -687.39453125
v 506.115234375 -93.00000762939453 -686.829345703125
v 506.291748046875 -93.00001525878906 -686.2474365234375
v 506.291748046875 -82.0 -686.2474365234375
v 506.115234375 -82.00001525878906 -686.829345703125
v 506.115234375 -93.00000762939453 -686.829345703125
v 506.115234375 -82.00001525878906 -686.829345703125
v 506.0595703125 -82.00003051757812 -687.39453125
v 506.0595703125 -93.0 -687.39453125
v 506.291748046875 -93.00001525878906 -686.2474365234375
v 506.115234375 -93.00000762939453 -686.829345703125
v 506.0595703125 -93.0 -687.39453125
v 508.46453857421875 -93.00001525878906 -684.4642944335938
v 508.464599609375 -82.00001525878906 -684.4642333984375
v 506.291748046875 -82.0 -686.2474365234375
v 506.291748046875 -93.00001525878906 -686.2474365234375
v 508.46453857421875 -93.00001525878906 -684.4642944335938
v 506.0595703125 -93.0 -687.39453125
v 506.0595703125 -82.00003051757812 -687.39453125
v 508.464599609375 -82.00001525878906 -684.4642333984375
v 508.46453857421875 -93.00001525878906 -684.4642944335938
v 506.0 -82.00001525878906 -688.0
v 506.0595703125 -82.0 -687.3946533203125
v 507.842529296875 -82.00000762939453 -685.2222900390625
v 506.0556640625 -82.0 -688.5654296875
v 506.0595703125 -82.0 -687.3946533203125
v 506.0 -82.00001525878906 -688.0
v 505.9999694824219 -92.99998474121094 -688.0
v 506.0595703125 -92.99999237060547 -687.3946533203125
v 505.9999694824219 -92.99998474121094 -688.0
v 506.0 -82.00001525878906 -688.0
v 506.0556640625 -82.0 -688.5654296875
v 506.0556640625 -93.0 -688.5654296875
v 506.0595703125 -92.99999237060547 -687.3946533203125
v 505.9999694824219 -92.99998474121094 -688.0
v 506.0556640625 -93.0 -688.5654296875
v 507.842529296875 -93.00000762939453 -685.2222900390625
v 507.842529296875 -82.00000762939453 -685.2222900390625
v 506.0595703125 -82.0 -687.3946533203125
v 506.0595703125 -92.99999237060547 -687.3946533203125
v 507.842529296875 -93.00000762939453 -685.2222900390625
v 506.0556640625 -93.0 -688.5654296875
v 506.0556640625 -82.0 -688.5654296875
v 507.842529296875 -82.00000762939453 -685.2222900390625
v 507.842529296875 -93.00000762939453 -685.2222900390625
v 507.380615234375 -82.0 -686.086669921875
v 506.2801513671875 -82.0 -689.7140502929688
v 506.115234375 -81.99998474121094 -689.1705322265625
v 506.0556640625 -82.0 -688.5654907226562
v 506.115234375 -81.99998474121094 -689.1705322265625
v 506.11529541015625 -93.0 -689.1705322265625
v 506.0556640625 -93.0 -688.5654907226562
v 506.0556640625 -82.0 -688.5654907226562
v 506.2801513671875 -82.0 -689.7140502929688
v 506.2801513671875 -92.99999237060547 -689.7140502929688
v 506.11529541015625 -93.0 -689.1705322265625
v 506.115234375 -81.99998474121094 -689.1705322265625
v 506.0556640625 -93.0 -688.5654907226562
v 506.11529541015625 -93.0 -689.1705322265625
v 506.2801513671875 -92.99999237060547 -689.7140502929688
v 507.380615234375 -93.00001525878906 -686.0866088867188
v 507.380615234375 -82.0 -686.086669921875
v 506.0556640625 -82.0 -688.5654907226562
v 506.0556640625 -93.0 -688.5654907226562
v 507.380615234375 -93.00001525878906 -686.0866088867188
v 506.2801513671875 -92.99999237060547 -689.7140502929688
v 506.2801513671875 -82.0 -689.7140502929688
v 507.380615234375 -82.0 -686.086669921875
v 507.380615234375 -93.00001525878906 -686.0866088867188
v 506.4566650390625 -82.00001525878906 -690.2960205078125
v 506.2801513671875 -82.00003051757812 -689.7139892578125
v 507.0960693359375 -82.0000228881836 -687.0244140625
v 506.7244873046875 -82.00003051757812 -690.7970581054688
v 506.4566650390625 -93.00003051757812 -690.2960205078125
v 506.2801513671875 -93.0000228881836 -689.7139892578125
v 506.2801513671875 -82.00003051757812 -689.7139892578125
v 506.4566650390625 -82.00001525878906 -690.2960205078125
v 506.7244873046875 -93.00003051757812 -690.7970581054688
v 506.4566650390625 -93.00003051757812 -690.2960205078125
v 506.4566650390625 -82.00001525878906 -690.2960205078125
v 506.7244873046875 -82.00003051757812 -690.7970581054688
v 506.2801513671875 -93.0000228881836 -689.7139892578125
v 506.4566650390625 -93.00003051757812 -690.2960205078125
v 506.7244873046875 -93.00003051757812 -690.7970581054688
v 507.0960693359375 -93.0000228881836 -687.0243530273438
v 507.0960693359375 -82.0000228881836 -687.0244140625
v 506.2801513671875 -82.00003051757812 -689.7139892578125
v 506.2801513671875 -93.0000228881836 -689.7139892578125
v 507.0960693359375 -93.0000228881836 -687.0243530273438
v 506.7244873046875 -93.00003051757812 -690.7970581054688
v 506.7244873046875 -82.00003051757812 -690.7970581054688
v 507.0960693359375 -82.0000228881836 -687.0244140625
v 507.0960693359375 -93.0000228881836 -687.0243530273438
v 507.01123046875 -82.00003814697266 -691.3333740234375
v 506.72454833984375 -82.00003051757812 -690.7969970703125
v 507.0 -82.00003051757812 -687.9998779296875
v 507.37158203125 -82.0000228881836 -691.7724609375
v 507.01123046875 -93.00003051757812 -691.3333740234375
v 506.7244873046875 -93.00003051757812 -690.7969970703125
v 506.72454833984375 -82.00003051757812 -690.7969970703125
v 507.01123046875 -82.00003814697266 -691.3333740234375
v 507.01123046875 -93.00003051757812 -691.3333740234375
v 507.01123046875 -82.00003814697266 -691.3333740234375
v 507.37158203125 -82.0000228881836 -691.7724609375
v 507.37158203125 -93.00003814697266 -691.7724609375
v 506.7244873046875 -93.00003051757812 -690.7969970703125
v 507.01123046875 -93.00003051757812 -691.3333740234375
v 507.37158203125 -93.00003814697266 -691.7724609375
v 507.0 -93.0000228881836 -687.9998779296875
v 507.0 -82.00003051757812 -687.9998779296875
v 506.72454833984375 -82.00003051757812 -690.7969970703125
v 506.7244873046875 -93.00003051757812 -690.7969970703125
v 507.0 -93.0000228881836 -687.9998779296875
v 507.37158203125 -93.00003814697266 -691.7724609375
v 507.37158203125 -82.0000228881836 -691.7724609375
v 507.0 -82.00003051757812 -687.9998779296875
v 507.0 -93.0000228881836 -687.9998779296875
v 507.75732421875 -82.00003051757812 -692.2425537109375
v 507.37158203125 -82.0000228881836 -691.7724609375
v 507.0960693359375 -82.0000228881836 -688.9754638671875
v 508.196533203125 -82.00003051757812 -692.60302734375
v 507.37158203125 -82.0000228881836 -691.7724609375
v 507.75732421875 -82.00003051757812 -692.2425537109375
v 507.75732421875 -93.0000228881836 -692.2425537109375
v 507.37158203125 -93.00003814697266 -691.7724609375
v 507.75732421875 -93.0000228881836 -692.2425537109375
v 507.75732421875 -82.00003051757812 -692.2425537109375
v 508.196533203125 -82.00003051757812 -692.60302734375
v 508.196533203125 -93.0000228881836 -692.60302734375
v 507.37158203125 -93.00003814697266 -691.7724609375
v 507.75732421875 -93.0000228881836 -692.2425537109375
v 508.196533203125 -93.0000228881836 -692.60302734375
v 507.0960693359375 -93.00001525878906 -688.9754638671875
v 507.0960693359375 -82.0000228881836 -688.9754638671875
v 507.37158203125 -82.0000228881836 -691.7724609375
v 507.37158203125 -93.00003814697266 -691.7724609375
v 507.0960693359375 -93.00001525878906 -688.9754638671875
v 508.196533203125 -93.0000228881836 -692.60302734375
v 508.196533203125 -82.00003051757812 -692.60302734375
v 507.0960693359375 -82.0000228881836 -688.9754638671875
v 507.0960693359375 -93.00001525878906 -688.9754638671875
v 508.66650390625 -81.99999237060547 -692.98876953125
v 508.196533203125 -82.0 -692.60302734375
v 507.3804931640625 -82.0 -689.9130859375
v 509.1673583984375 -81.99999237060547 -693.2564697265625
v 508.66650390625 -81.99999237060547 -692.98876953125
v 508.66650390625 -92.99999237060547 -692.98876953125
v 508.19647216796875 -92.99999237060547 -692.60302734375
v 508.196533203125 -82.0 -692.60302734375
v 509.1673583984375 -81.99999237060547 -693.2564697265625
v 509.1673583984375 -93.00000762939453 -693.2564697265625
v 508.66650390625 -92.99999237060547 -692.98876953125
v 508.66650390625 -81.99999237060547 -692.98876953125
v 508.19647216796875 -92.99999237060547 -692.60302734375
v 508.66650390625 -92.99999237060547 -692.98876953125
v 509.1673583984375 -93.00000762939453 -693.2564697265625
v 507.380615234375 -93.0 -689.9134521484375
v 507.3804931640625 -82.0 -689.9130859375
v 508.196533203125 -82.0 -692.60302734375
v 508.19647216796875 -92.99999237060547 -692.60302734375
v 507.380615234375 -93.0 -689.9134521484375
v 509.1673583984375 -93.00000762939453 -693.2564697265625
v 509.1673583984375 -81.99999237060547 -693.2564697265625
v 507.3804931640625 -82.0 -689.9130859375
v 507.380615234375 -93.0 -689.9134521484375
v 509.7039794921875 -82.00003051757812 -693.543212890625
v 509.16748046875 -82.00003814697266 -693.2564697265625
v 507.8428955078125 -82.00001525878906 -690.7781982421875
v 510.2476806640625 -82.0000228881836 -693.7081298828125
v 509.70391845703125 -93.00000762939453 -693.543212890625
v 509.16748046875 -93.00000762939453 -693.2564697265625
v 509.16748046875 -82.00003814697266 -693.2564697265625
v 509.7039794921875 -82.00003051757812 -693.543212890625
v 510.2476806640625 -93.00001525878906 -693.7081298828125
v 509.70391845703125 -93.00000762939453 -693.543212890625
v 509.7039794921875 -82.00003051757812 -693.543212890625
v 510.2476806640625 -82.0000228881836 -693.7081298828125
v 509.16748046875 -93.00000762939453 -693.2564697265625
v 509.70391845703125 -93.00000762939453 -693.543212890625
v 510.2476806640625 -93.00001525878906 -693.7081298828125
v 507.8426513671875 -93.0000228881836 -690.77783203125
v 507.8428955078125 -82.00001525878906 -690.7781982421875
v 509.16748046875 -82.00003814697266 -693.2564697265625
v 509.16748046875 -93.00000762939453 -693.2564697265625
v 507.8426513671875 -93.0000228881836 -690.77783203125
v 510.2476806640625 -93.00001525878906 -693.7081298828125
v 510.2476806640625 -82.0000228881836 -693.7081298828125
v 507.8428955078125 -82.00001525878906 -690.7781982421875
v 507.8426513671875 -93.0000228881836 -690.77783203125
v 510.8294677734375 -82.00000762939453 -693.8846435546875
v 510.24761962890625 -82.00000762939453 -693.7081298828125
v 508.4642333984375 -82.00000762939453 -691.53515625
v 511.3946533203125 -82.00001525878906 -693.9403076171875
v 510.8294677734375 -93.0 -693.8846435546875
v 510.24761962890625 -93.0 -693.7081298828125
v 510.24761962890625 -82.00000762939453 -693.7081298828125
v 510.8294677734375 -82.00000762939453 -693.8846435546875
v 510.8294677734375 -93.0 -693.8846435546875
v 510.8294677734375 -82.00000762939453 -693.8846435546875
v 511.3946533203125 -82.00001525878906 -693.9403076171875
v 511.3946533203125 -93.00000762939453 -693.9403076171875
v 510.24761962890625 -93.0 -693.7081298828125
v 510.8294677734375 -93.0 -693.8846435546875
v 511.3946533203125 -93.00000762939453 -693.9403076171875
v 508.46466064453125 -93.00001525878906 -691.53564453125
v 508.4642333984375 -82.00000762939453 -691.53515625
v 510.24761962890625 -82.00000762939453 -693.7081298828125
v 510.24761962890625 -93.0 -693.7081298828125
v 508.46466064453125 -93.00001525878906 -691.53564453125
v 511.3946533203125 -93.00000762939453 -693.9403076171875
v 511.3946533203125 -82.00001525878906 -693.9403076171875
v 508.4642333984375 -82.00000762939453 -691.53515625
v 508.46466064453125 -93.00001525878906 -691.53564453125
v 512.0 -82.00001525878906 -694.0
v 511.3946533203125 -82.00000762939453 -693.9403686523438
v 509.22216796875 -82.0000228881836 -692.1573486328125
v 512.5651245117188 -82.0000228881836 -693.9443359375
v 511.3946533203125 -82.00000762939453 -693.9403686523438
v 512.0 -82.00001525878906 -694.0
v 512.0 -93.00001525878906 -694.0
v 511.3946533203125 -93.0000228881836 -693.9403686523438
v 512.0 -93.00001525878906 -694.0
v 512.0 -82.00001525878906 -694.0
v 512.5651245117188 -82.0000228881836 -693.9443359375
v 512.5651245117188 -93.00001525878906 -693.9443359375
v 511.3946533203125 -93.0000228881836 -693.9403686523438
v 512.0 -93.00001525878906 -694.0
v 512.5651245117188 -93.00001525878906 -693.9443359375
v 509.22174072265625 -93.0 -692.1571044921875
v 509.22216796875 -82.0000228881836 -692.1573486328125
v 511.3946533203125 -82.00000762939453 -693.9403686523438
v 511.3946533203125 -93.0000228881836 -693.9403686523438
v 509.22174072265625 -93.0 -692.1571044921875
v 512.5651245117188 -93.00001525878906 -693.9443359375
v 512.5651245117188 -82.0000228881836 -693.9443359375
v 509.22216796875 -82.0000228881836 -692.1573486328125
v 509.22174072265625 -93.0 -692.1571044921875
v 513.1705322265625 -81.99999237060547 -693.8846435546875
v 512.5650634765625 -82.0 -693.9442138671875
v 510.086669921875 -81.99999237060547 -692.619384765625
v 513.714599609375 -81.99999237060547 -693.7196044921875
v 513.1705322265625 -81.99999237060547 -693.8846435546875
v 513.1705322265625 -93.00000762939453 -693.8846435546875
v 512.5650634765625 -92.99999237060547 -693.9442138671875
v 512.5650634765625 -82.0 -693.9442138671875
v 513.714599609375 -81.99999237060547 -693.7196044921875
v 513.714599609375 -92.99998474121094 -693.7196044921875
v 513.1705322265625 -93.00000762939453 -693.8846435546875
v 513.1705322265625 -81.99999237060547 -693.8846435546875
v 512.5650634765625 -92.99999237060547 -693.9442138671875
v 513.1705322265625 -93.00000762939453 -693.8846435546875
v 513.714599609375 -92.99998474121094 -693.7196044921875
v 510.086669921875 -92.99998474121094 -692.619384765625
v 510.086669921875 -81.99999237060547 -692.619384765625
v 512.5650634765625 -82.0 -693.9442138671875
v 512.5650634765625 -92.99999237060547 -693.9442138671875
v 510.086669921875 -92.99998474121094 -692.619384765625
v 513.714599609375 -92.99998474121094 -693.7196044921875
v 513.714599609375 -81.99999237060547 -693.7196044921875
v 510.086669921875 -81.99999237060547 -692.619384765625
v 510.086669921875 -92.99998474121094 -692.619384765625
v 514.296142578125 -82.00003051757812 -693.543212890625
v 513.7147216796875 -82.0000228881836 -693.7196044921875
v 511.02490234375 -82.00001525878906 -692.90380859375
v 514.7967529296875 -82.00003051757812 -693.2755126953125
v 514.296142578125 -93.00003051757812 -693.543212890625
v 513.7147216796875 -93.00003814697266 -693.7196044921875
v 513.7147216796875 -82.0000228881836 -693.7196044921875
v 514.296142578125 -82.00003051757812 -693.543212890625
v 514.7967529296875 -93.0000228881836 -693.2755126953125
v 514.296142578125 -93.00003051757812 -693.543212890625
v 514.296142578125 -82.00003051757812 -693.543212890625
v 514.7967529296875 -82.00003051757812 -693.2755126953125
v 513.7147216796875 -93.00003814697266 -693.7196044921875
v 514.296142578125 -93.00003051757812 -693.543212890625
v 514.7967529296875 -93.0000228881836 -693.2755126953125
v 511.0247802734375 -93.00001525878906 -692.90380859375
v 511.02490234375 -82.00001525878906 -692.90380859375
v 513.7147216796875 -82.0000228881836 -693.7196044921875
v 513.7147216796875 -93.00003814697266 -693.7196044921875
v 511.0247802734375 -93.00001525878906 -692.90380859375
v 514.7967529296875 -93.0000228881836 -693.2755126953125
v 514.7967529296875 -82.00003051757812 -693.2755126953125
v 511.02490234375 -82.00001525878906 -692.90380859375
v 511.0247802734375 -93.00001525878906 -692.90380859375
v 515.3334350585938 -82.00003051757812 -692.98876953125
v 514.7967529296875 -82.0000228881836 -693.275634765625
v 511.9996337890625 -82.0000228881836 -693.0
v 515.77294921875 -82.00003814697266 -692.6280517578125
v 515.3334350585938 -93.0000228881836 -692.98876953125
v 514.7967529296875 -93.00001525878906 -693.275634765625
v 514.7967529296875 -82.0000228881836 -693.275634765625
v 515.3334350585938 -82.00003051757812 -692.98876953125
v 515.3334350585938 -93.0000228881836 -692.98876953125
v 515.3334350585938 -82.00003051757812 -692.98876953125
v 515.77294921875 -82.00003814697266 -692.6280517578125
v 515.77294921875 -93.00001525878906 -692.6280517578125
v 514.7967529296875 -93.00001525878906 -693.275634765625
v 515.3334350585938 -93.0000228881836 -692.98876953125
v 515.77294921875 -93.00001525878906 -692.6280517578125
v 511.9996337890625 -93.0000228881836 -693.0
v 511.9996337890625 -82.0000228881836 -693.0
v 514.7967529296875 -82.0000228881836 -693.275634765625
v 514.7967529296875 -93.00001525878906 -693.275634765625
v 511.9996337890625 -93.0000228881836 -693.0
v 515.77294921875 -93.00001525878906 -692.6280517578125
v 515.77294921875 -82.00003814697266 -692.6280517578125
v 511.9996337890625 -82.0000228881836 -693.0
v 511.9996337890625 -93.0000228881836 -693.0
v 516.24267578125 -82.00001525878906 -692.2425537109375
v 515.77294921875 -82.00001525878906 -692.6280517578125
v 512.9755859375 -82.00001525878906 -692.9036865234375
v 516.6026611328125 -82.00000762939453 -691.803955078125
v 515.77294921875 -82.00001525878906 -692.6280517578125
v 516.24267578125 -82.00001525878906 -692.2425537109375
v 516.24267578125 -93.00000762939453 -692.2425537109375
v 515.77294921875 -93.00001525878906 -692.6280517578125
v 516.24267578125 -93.00000762939453 -692.2425537109375
v 516.24267578125 -82.00001525878906 -692.2425537109375
v 516.6026611328125 -82.00000762939453 -691.803955078125
v 516.6026611328125 -93.0000228881836 -691.803955078125
v 515.77294921875 -93.00001525878906 -692.6280517578125
v 516.24267578125 -93.00000762939453 -692.2425537109375
v 516.6026611328125 -93.0000228881836 -691.803955078125
v 512.9759521484375 -93.00000762939453 -692.9036865234375
v 512.9755859375 -82.00001525878906 -692.9036865234375
v 515.77294921875 -82.00001525878906 -692.6280517578125
v 515.77294921875 -93.00001525878906 -692.6280517578125
v 512.9759521484375 -93.00000762939453 -692.9036865234375
v 516.6026611328125 -93.0000228881836 -691.803955078125
v 516.6026611328125 -82.00000762939453 -691.803955078125
v 512.9755859375 -82.00001525878906 -692.9036865234375
v 512.9759521484375 -93.00000762939453 -692.9036865234375
v 516.9888916015625 -82.00000762939453 -691.3333740234375
v 516.6026611328125 -82.00000762939453 -691.803955078125
v 513.913330078125 -82.0 -692.6195068359375
v 517.2567138671875 -82.0 -690.8321533203125
v 516.9888916015625 -82.00000762939453 -691.3333740234375
v 516.9888305664062 -93.0 -691.3333740234375
v 516.6026611328125 -92.9999771118164 -691.803955078125
v 516.6026611328125 -82.00000762939453 -691.803955078125
v 517.2567138671875 -82.0 -690.8321533203125
v 517.2567138671875 -92.99999237060547 -690.8321533203125
v 516.9888305664062 -93.0 -691.3333740234375
v 516.9888916015625 -82.00000762939453 -691.3333740234375
v 516.6026611328125 -92.9999771118164 -691.803955078125
v 516.9888305664062 -93.0 -691.3333740234375
v 517.2567138671875 -92.99999237060547 -690.8321533203125
v 513.9129638671875 -92.99999237060547 -692.61962890625
v 513.913330078125 -82.0 -692.6195068359375
v 516.6026611328125 -82.00000762939453 -691.803955078125
v 516.6026611328125 -92.9999771118164 -691.803955078125
v 513.9129638671875 -92.99999237060547 -692.61962890625
v 517.2567138671875 -92.99999237060547 -690.8321533203125
v 517.2567138671875 -82.0 -690.8321533203125
v 513.913330078125 -82.0 -692.6195068359375
v 513.9129638671875 -92.99999237060547 -692.61962890625
v 517.2755126953125 -82.00000762939453 -690.7969970703125
v 517.2567138671875 -82.0000228881836 -690.8320922851562
v 514.77783203125 -82.0000228881836 -692.1572265625
v 517.212646484375 -82.00000762939453 -690.1590576171875
v 517.2755126953125 -93.0000228881836 -690.7969970703125
v 517.2567749023438 -93.00003814697266 -690.8320922851562
v 517.2567138671875 -82.0000228881836 -690.8320922851562
v 517.2755126953125 -82.00000762939453 -690.7969970703125
v 517.2567749023438 -93.00003814697266 -690.8320922851562
v 517.2755126953125 -93.0000228881836 -690.7969970703125
v 517.212646484375 -93.0000228881836 -690.1590576171875
v 514.77783203125 -93.00003051757812 -692.1572265625
v 517.212646484375 -82.00000762939453 -690.1590576171875
v 517.212646484375 -93.0000228881836 -690.1590576171875
v 517.2755126953125 -93.0000228881836 -690.7969970703125
v 517.2755126953125 -82.00000762939453 -690.7969970703125
v 514.77783203125 -82.0000228881836 -692.1572265625
v 517.2567138671875 -82.0000228881836 -690.8320922851562
v 517.2567749023438 -93.00003814697266 -690.8320922851562
v 514.77783203125 -93.00003051757812 -692.1572265625
v 517.212646484375 -93.0000228881836 -690.1590576171875
v 517.212646484375 -82.00000762939453 -690.1590576171875
v 514.77783203125 -82.0000228881836 -692.1572265625
v 514.77783203125 -93.00003051757812 -692.1572265625
v 517.154052734375 -81.99999237060547 -689.5635986328125
v 517.212646484375 -82.00001525878906 -690.1591796875
v 515.53564453125 -82.00000762939453 -691.5354614257812
v 515.53564453125 -93.0 -691.5354614257812
v 517.212646484375 -93.00000762939453 -690.1591796875
v 517.154052734375 -93.00001525878906 -689.5635375976562
v 517.154052734375 -93.00001525878906 -689.5635375976562
v 517.212646484375 -93.00000762939453 -690.1591796875
v 517.212646484375 -82.00001525878906 -690.1591796875
v 517.154052734375 -81.99999237060547 -689.5635986328125
v 515.53564453125 -82.00000762939453 -691.5354614257812
v 517.212646484375 -82.00001525878906 -690.1591796875
v 517.212646484375 -93.00000762939453 -690.1591796875
v 515.53564453125 -93.0 -691.5354614257812
v 517.154052734375 -93.00001525878906 -689.5635375976562
v 517.154052734375 -81.99999237060547 -689.5635986328125
v 515.53564453125 -82.00000762939453 -691.5354614257812
v 515.53564453125 -93.0 -691.5354614257812
v 516.157470703125 -82.0000228881836 -690.77783203125
v 517.0999145507812 -82.0000228881836 -689.0142822265625
v 517.154052734375 -82.00003814697266 -689.5635986328125
v 516.1573486328125 -93.00001525878906 -690.77783203125
v 517.154052734375 -93.00003051757812 -689.5634765625
v 517.0999755859375 -93.00003814697266 -689.0142822265625
v 517.0999755859375 -93.00003814697266 -689.0142822265625
v 517.154052734375 -93.00003051757812 -689.5634765625
v 517.154052734375 -82.00003814697266 -689.5635986328125
v 517.0999145507812 -82.0000228881836 -689.0142822265625
v 516.157470703125 -82.0000228881836 -690.77783203125
v 517.154052734375 -82.00003814697266 -689.5635986328125
v 517.154052734375 -93.00003051757812 -689.5634765625
v 516.1573486328125 -93.00001525878906 -690.77783203125
v 517.0999755859375 -93.00003814697266 -689.0142822265625
v 517.0999145507812 -82.0000228881836 -689.0142822265625
v 516.157470703125 -82.0000228881836 -690.77783203125
v 516.1573486328125 -93.00001525878906 -690.77783203125
v 517.0489501953125 -82.00001525878906 -688.4971923828125
v 517.099853515625 -81.99999237060547 -689.0142211914062
v 516.619384765625 -82.00000762939453 -689.913330078125
v 516.619384765625 -92.99998474121094 -689.9132690429688
v 517.099853515625 -92.99999237060547 -689.0142211914062
v 517.0489501953125 -92.99998474121094 -688.4972534179688
v 517.0489501953125 -92.99998474121094 -688.4972534179688
v 517.099853515625 -92.99999237060547 -689.0142211914062
v 517.099853515625 -81.99999237060547 -689.0142211914062
v 517.0489501953125 -82.00001525878906 -688.4971923828125
v 516.619384765625 -82.00000762939453 -689.913330078125
v 517.099853515625 -81.99999237060547 -689.0142211914062
v 517.099853515625 -92.99999237060547 -689.0142211914062
v 516.619384765625 -92.99998474121094 -689.9132690429688
v 517.0489501953125 -92.99998474121094 -688.4972534179688
v 517.0489501953125 -82.00001525878906 -688.4971923828125
v 516.619384765625 -82.00000762939453 -689.913330078125
v 516.619384765625 -92.99998474121094 -689.9132690429688
v 517.0 -82.0000228881836 -688.0000610351562
v 517.0489501953125 -82.00001525878906 -688.4972534179688
v 516.9039306640625 -82.0000228881836 -688.975341796875
v 516.9039306640625 -93.0 -688.9754028320312
v 517.0489501953125 -93.00003051757812 -688.497314453125
v 517.0 -93.00001525878906 -688.0000610351562
v 517.0 -93.00001525878906 -688.0000610351562
v 517.0489501953125 -93.00003051757812 -688.497314453125
v 517.0489501953125 -82.00001525878906 -688.4972534179688
v 517.0 -82.0000228881836 -688.0000610351562
v 516.9039306640625 -82.0000228881836 -688.975341796875
v 517.0489501953125 -82.00001525878906 -688.4972534179688
v 517.0489501953125 -93.00003051757812 -688.497314453125
v 516.9039306640625 -93.0 -688.9754028320312
v 517.0 -93.00001525878906 -688.0000610351562
v 517.0 -82.0000228881836 -688.0000610351562
v 516.9039306640625 -82.0000228881836 -688.975341796875
v 516.9039306640625 -93.0 -688.9754028320312
v -506.45672607421875 -98.0 -690.2960205078125
v -506.11529541015625 -97.99999237060547 -689.1704711914062
v -506.0 -97.99998474121094 -687.9999389648438
v -507.0111083984375 -98.00001525878906 -691.3333740234375
v -507.75732421875 -98.0 -692.2426147460938
v -508.6666259765625 -97.99999237060547 -692.9887084960938
v -509.703857421875 -98.00000762939453 -693.543212890625
v -510.8294677734375 -98.0 -693.8846435546875
v -512.0 -98.0 -693.9999389648438
v -513.1705322265625 -98.00000762939453 -693.8846435546875
v -514.2960815429688 -98.0 -693.543212890625
v -515.3333740234375 -98.0 -692.9887084960938
v -516.2426147460938 -98.00000762939453 -692.2426147460938
v -516.9888305664062 -97.99999237060547 -691.3333740234375
v -517.5432739257812 -97.99999237060547 -690.2960205078125
v -517.8847045898438 -97.99999237060547 -689.1704711914062
v -518.0 -98.0 -687.9999389648438
v -517.8847045898438 -97.99999237060547 -686.8294067382812
v -517.5432739257812 -97.99999237060547 -685.703857421875
v -516.9888305664062 -97.99999237060547 -684.66650390625
v -516.2426147460938 -98.00000762939453 -683.7572631835938
v -515.3333740234375 -98.0 -683.0111694335938
v -514.2960815429688 -98.0 -682.4566650390625
v -513.1705322265625 -98.00000762939453 -682.115234375
v -512.0 -98.0 -681.9999389648438
v -510.8294677734375 -98.0 -682.115234375
v -509.703857421875 -98.00000762939453 -682.4566650390625
v -508.6666259765625 -97.99999237060547 -683.0111694335938
v -507.75732421875 -98.0 -683.7572631835938
v -507.0111083984375 -98.00001525878906 -684.66650390625
v -506.45672607421875 -98.0 -685.703857421875
v -506.11529541015625 -97.99999237060547 -686.8294067382812
v -506.11529541015625 -97.99999237060547 -686.8294067382812
v -506.0 -97.99998474121094 -687.9999389648438
v -506.0 -92.99999237060547 -687.9999389648438
v -506.11529541015625 -92.99998474121094 -686.8294067382812
v -506.45672607421875 -98.0 -685.703857421875
v -506.11529541015625 -97.99999237060547 -686.8294067382812
v -506.11529541015625 -92.99998474121094 -686.8294067382812
v -506.4566650390625 -93.00000762939453 -685.703857421875
v -507.0111083984375 -98.00001525878906 -684.66650390625
v -506.45672607421875 -98.0 -685.703857421875
v -506.4566650390625 -93.00000762939453 -685.703857421875
v -507.01116943359375 -93.0 -684.66650390625
v -507.75732421875 -98.0 -683.7572631835938
v -507.0111083984375 -98.00001525878906 -684.66650390625
v -507.01116943359375 -93.0 -684.66650390625
v -507.75732421875 -93.00000762939453 -683.7572631835938
v -508.6666259765625 -97.99999237060547 -683.0111694335938
v -507.75732421875 -98.0 -683.7572631835938
v -507.75732421875 -93.00000762939453 -683.7572631835938
v -508.6666259765625 -93.0 -683.0111694335938
v -509.703857421875 -98.00000762939453 -682.4566650390625
v -508.6666259765625 -97.99999237060547 -683.0111694335938
v -508.6666259765625 -93.0 -683.0111694335938
v -509.703857421875 -93.0 -682.4566650390625
v -510.8294677734375 -98.0 -682.115234375
v -509.703857421875 -98.00000762939453 -682.4566650390625
v -509.703857421875 -93.0 -682.4566650390625
v -510.8294677734375 -93.00000762939453 -682.115234375
v -512.0 -98.0 -681.9999389648438
v -510.8294677734375 -98.0 -682.115234375
v -510.8294677734375 -93.00000762939453 -682.115234375
v -512.0 -93.00001525878906 -681.9999389648438
v -513.1705322265625 -98.00000762939453 -682.115234375
v -512.0 -98.0 -681.9999389648438
v -512.0 -93.00001525878906 -681.9999389648438
v -513.1705322265625 -92.99999237060547 -682.115234375
v -514.2960815429688 -98.0 -682.4566650390625
v -513.1705322265625 -98.00000762939453 -682.115234375
v -513.1705322265625 -92.99999237060547 -682.115234375
v -514.2960815429688 -93.0 -682.4566650390625
v -515.3333740234375 -98.0 -683.0111694335938
v -514.2960815429688 -98.0 -682.4566650390625
v -514.2960815429688 -93.0 -682.4566650390625
v -515.3333740234375 -92.99998474121094 -683.0111694335938
v -516.2426147460938 -98.00000762939453 -683.7572631835938
v -515.3333740234375 -98.0 -683.0111694335938
v -515.3333740234375 -92.99998474121094 -683.0111694335938
v -516.24267578125 -92.99999237060547 -683.7572631835938
v -516.9888305664062 -97.99999237060547 -684.66650390625
v -516.2426147460938 -98.00000762939453 -683.7572631835938
v -516.24267578125 -92.99999237060547 -683.7572631835938
v -516.98876953125 -93.0 -684.66650390625
v -517.5432739257812 -97.99999237060547 -685.703857421875
v -516.9888305664062 -97.99999237060547 -684.66650390625
v -516.98876953125 -93.0 -684.66650390625
v -517.5433349609375 -92.99998474121094 -685.703857421875
v -517.8847045898438 -97.99999237060547 -686.8294067382812
v -517.5432739257812 -97.99999237060547 -685.703857421875
v -517.5433349609375 -92.99998474121094 -685.703857421875
v -517.8847045898438 -93.0 -686.8294067382812
v -518.0 -98.0 -687.9999389648438
v -517.8847045898438 -97.99999237060547 -686.8294067382812
v -517.8847045898438 -93.0 -686.8294067382812
v -518.0 -92.99998474121094 -687.9999389648438
v -517.8847045898438 -97.99999237060547 -689.1704711914062
v -518.0 -98.0 -687.9999389648438
v -518.0 -92.99998474121094 -687.9999389648438
v -517.8847045898438 -93.0 -689.1704711914062
v -517.5432739257812 -97.99999237060547 -690.2960205078125
v -517.8847045898438 -97.99999237060547 -689.1704711914062
v -517.8847045898438 -93.0 -689.1704711914062
v -517.5433349609375 -92.99998474121094 -690.2960205078125
v -516.9888305664062 -97.99999237060547 -691.3333740234375
v -517.5432739257812 -97.99999237060547 -690.2960205078125
v -517.5433349609375 -92.99998474121094 -690.2960205078125
v -516.98876953125 -93.0 -691.3333740234375
v -516.2426147460938 -98.00000762939453 -692.2426147460938
v -516.9888305664062 -97.99999237060547 -691.3333740234375
v -516.98876953125 -93.0 -691.3333740234375
v -516.24267578125 -92.99999237060547 -692.2426147460938
v -515.3333740234375 -98.0 -692.9887084960938
v -516.2426147460938 -98.00000762939453 -692.2426147460938
v -516.24267578125 -92.99999237060547 -692.2426147460938
v -515.3333740234375 -92.99998474121094 -692.9887084960938
v -514.2960815429688 -98.0 -693.543212890625
v -515.3333740234375 -98.0 -692.9887084960938
v -515.3333740234375 -92.99998474121094 -692.9887084960938
v -514.2960815429688 -93.0 -693.543212890625
v -513.1705322265625 -98.00000762939453 -693.8846435546875
v -514.2960815429688 -98.0 -693.543212890625
v -514.2960815429688 -93.0 -693.543212890625
v -513.1705322265625 -92.99999237060547 -693.8846435546875
v -512.0 -98.0 -693.9999389648438
v -513.1705322265625 -98.00000762939453 -693.8846435546875
v -513.1705322265625 -92.99999237060547 -693.8846435546875
v -512.0 -93.00001525878906 -693.9999389648438
v -510.8294677734375 -98.0 -693.8846435546875
v -512.0 -98.0 -693.9999389648438
v -512.0 -93.00001525878906 -693.9999389648438
v -510.8294677734375 -93.00000762939453 -693.8846435546875
v -509.703857421875 -98.00000762939453 -693.543212890625
v -510.8294677734375 -98.0 -693.8846435546875
v -510.8294677734375 -93.00000762939453 -693.8846435546875
v -509.703857421875 -93.0 -693.543212890625
v -508.6666259765625 -97.99999237060547 -692.9887084960938
v -509.703857421875 -98.00000762939453 -693.543212890625
v -509.703857421875 -93.0 -693.543212890625
v -508.6666259765625 -93.0 -692.9887084960938
v -507.75732421875 -98.0 -692.2426147460938
v -508.6666259765625 -97.99999237060547 -692.9887084960938
v -508.6666259765625 -93.0 -692.9887084960938
v -507.75732421875 -93.00000762939453 -692.2426147460938
v -507.0111083984375 -98.00001525878906 -691.3333740234375
v -507.75732421875 -98.0 -692.2426147460938
v -507.75732421875 -93.00000762939453 -692.2426147460938
v -507.01116943359375 -93.0 -691.3333740234375
v -506.45672607421875 -98.0 -690.2960205078125
v -507.0111083984375 -98.00001525878906 -691.3333740234375
v -507.01116943359375 -93.0 -691.3333740234375
v -506.4566650390625 -93.00000762939453 -690.2960205078125
v -506.11529541015625 -97.99999237060547 -689.1704711914062
v -506.45672607421875 -98.0 -690.2960205078125
v -506.4566650390625 -93.00000762939453 -690.2960205078125
v -506.11529541015625 -92.99998474121094 -689.1704711914062
v -506.0 -97.99998474121094 -687.9999389648438
v -506.11529541015625 -97.99999237060547 -689.1704711914062
v -506.11529541015625 -92.99998474121094 -689.1704711914062
v -506.0 -92.99999237060547 -687.9999389648438
v -506.0 -82.0 -687.9998779296875
v -506.115234375 -82.00000762939453 -689.17041015625
v -506.45672607421875 -81.99999237060547 -690.2959594726562
v -506.115234375 -82.00000762939453 -686.829345703125
v -506.45672607421875 -81.99999237060547 -685.7037963867188
v -507.01116943359375 -82.00000762939453 -684.6664428710938
v -507.37158203125 -81.99999237060547 -684.227294921875
v -506.7244873046875 -82.00000762939453 -690.7969970703125
v -506.0 -92.99999237060547 -687.9998779296875
v -506.0 -82.0 -687.9998779296875
v -506.115234375 -82.00000762939453 -686.829345703125
v -506.11529541015625 -93.0 -686.829345703125
v -506.11529541015625 -93.0 -686.829345703125
v -506.115234375 -82.00000762939453 -686.829345703125
v -506.45672607421875 -81.99999237060547 -685.7037963867188
v -506.45672607421875 -93.00000762939453 -685.7037963867188
v -506.45672607421875 -93.00000762939453 -685.7037963867188
v -506.45672607421875 -81.99999237060547 -685.7037963867188
v -507.01116943359375 -82.00000762939453 -684.6664428710938
v -507.01116943359375 -93.0 -684.6664428710938
v -507.01116943359375 -93.0 -684.6664428710938
v -507.01116943359375 -82.00000762939453 -684.6664428710938
v -507.37158203125 -81.99999237060547 -684.227294921875
v -507.37158203125 -92.99999237060547 -684.227294921875
v -506.7244873046875 -93.0 -690.7969970703125
v -506.7244873046875 -82.00000762939453 -690.7969970703125
v -506.45672607421875 -81.99999237060547 -690.2959594726562
v -506.45672607421875 -93.00000762939453 -690.2959594726562
v -506.45672607421875 -93.00000762939453 -690.2959594726562
v -506.45672607421875 -81.99999237060547 -690.2959594726562
v -506.115234375 -82.00000762939453 -689.17041015625
v -506.11529541015625 -93.0 -689.17041015625
v -506.11529541015625 -93.0 -689.17041015625
v -506.115234375 -82.00000762939453 -689.17041015625
v -506.0 -82.0 -687.9998779296875
v -506.0 -92.99999237060547 -687.9998779296875
v -506.45672607421875 -93.00000762939453 -685.7037963867188
v -507.01116943359375 -93.0 -684.6664428710938
v -507.37158203125 -92.99999237060547 -684.227294921875
v -506.11529541015625 -93.0 -686.829345703125
v -506.0 -92.99999237060547 -687.9998779296875
v -506.11529541015625 -93.0 -689.17041015625
v -506.45672607421875 -93.00000762939453 -690.2959594726562
v -506.7244873046875 -93.0 -690.7969970703125
v -507.37158203125 -92.99999237060547 -684.227294921875
v -507.37158203125 -81.99999237060547 -684.227294921875
v -506.7244873046875 -82.00000762939453 -690.7969970703125
v -506.7244873046875 -93.0 -690.7969970703125
v -507.75738525390625 -82.0 -683.7572021484375
v -507.37158203125 -82.00000762939453 -684.227294921875
v -507.0960693359375 -82.0 -687.0244140625
v -508.1966552734375 -82.0 -683.396728515625
v -507.37158203125 -82.00000762939453 -684.227294921875
v -507.75738525390625 -82.0 -683.7572021484375
v -507.75732421875 -93.00001525878906 -683.7572021484375
v -507.37158203125 -93.0 -684.227294921875
v -507.75732421875 -93.00001525878906 -683.7572021484375
v -507.75738525390625 -82.0 -683.7572021484375
v -508.1966552734375 -82.0 -683.396728515625
v -508.1966552734375 -93.0000228881836 -683.396728515625
v -507.37158203125 -93.0 -684.227294921875
v -507.75732421875 -93.00001525878906 -683.7572021484375
v -508.1966552734375 -93.0000228881836 -683.396728515625
v -507.0960693359375 -93.00001525878906 -687.0245361328125
v -507.0960693359375 -82.0 -687.0244140625
v -507.37158203125 -82.00000762939453 -684.227294921875
v -507.37158203125 -93.0 -684.227294921875
v -507.0960693359375 -93.00001525878906 -687.0245361328125
v -508.1966552734375 -93.0000228881836 -683.396728515625
v -508.1966552734375 -82.0 -683.396728515625
v -507.0960693359375 -82.0 -687.0244140625
v -507.0960693359375 -93.00001525878906 -687.0245361328125
v -508.66656494140625 -82.00003814697266 -683.0111083984375
v -508.1966552734375 -82.0000228881836 -683.396728515625
v -507.380615234375 -82.0000228881836 -686.0864868164062
v -509.167236328125 -82.0000228881836 -682.7434692382812
v -508.66656494140625 -82.00003814697266 -683.0111083984375
v -508.66656494140625 -93.00003051757812 -683.0111083984375
v -508.1966552734375 -93.0000228881836 -683.396728515625
v -508.1966552734375 -82.0000228881836 -683.396728515625
v -509.167236328125 -82.0000228881836 -682.7434692382812
v -509.167236328125 -93.00001525878906 -682.7434692382812
v -508.66656494140625 -93.00003051757812 -683.0111083984375
v -508.66656494140625 -82.00003814697266 -683.0111083984375
v -508.1966552734375 -93.0000228881836 -683.396728515625
v -508.66656494140625 -93.00003051757812 -683.0111083984375
v -509.167236328125 -93.00001525878906 -682.7434692382812
v -507.380615234375 -93.0000228881836 -686.0864868164062
v -507.380615234375 -82.0000228881836 -686.0864868164062
v -508.1966552734375 -82.0000228881836 -683.396728515625
v -508.1966552734375 -93.0000228881836 -683.396728515625
v -507.380615234375 -93.0000228881836 -686.0864868164062
v -509.167236328125 -93.00001525878906 -682.7434692382812
v -509.167236328125 -82.0000228881836 -682.7434692382812
v -507.380615234375 -82.0000228881836 -686.0864868164062
v -507.380615234375 -93.0000228881836 -686.0864868164062
v -509.703857421875 -82.0000228881836 -682.4566650390625
v -509.16717529296875 -82.00003814697266 -682.7435302734375
v -507.8424072265625 -82.0000228881836 -685.222412109375
v -510.2476806640625 -82.0000228881836 -682.2916259765625
v -509.703857421875 -93.00001525878906 -682.4566650390625
v -509.167236328125 -93.00000762939453 -682.7435302734375
v -509.16717529296875 -82.00003814697266 -682.7435302734375
v -509.703857421875 -82.0000228881836 -682.4566650390625
v -510.2476806640625 -93.00001525878906 -682.2916259765625
v -509.703857421875 -93.00001525878906 -682.4566650390625
v -509.703857421875 -82.0000228881836 -682.4566650390625
v -510.2476806640625 -82.0000228881836 -682.2916259765625
v -509.167236328125 -93.00000762939453 -682.7435302734375
v -509.703857421875 -93.00001525878906 -682.4566650390625
v -510.2476806640625 -93.00001525878906 -682.2916259765625
v -507.842529296875 -93.00001525878906 -685.22216796875
v -507.8424072265625 -82.0000228881836 -685.222412109375
v -509.16717529296875 -82.00003814697266 -682.7435302734375
v -509.167236328125 -93.00000762939453 -682.7435302734375
v -507.842529296875 -93.00001525878906 -685.22216796875
v -510.2476806640625 -93.00001525878906 -682.2916259765625
v -510.2476806640625 -82.0000228881836 -682.2916259765625
v -507.8424072265625 -82.0000228881836 -685.222412109375
v -507.842529296875 -93.00001525878906 -685.22216796875
v -510.8294677734375 -82.0 -682.115234375
v -510.24774169921875 -82.00000762939453 -682.2916870117188
v -508.46484375 -82.00000762939453 -684.4640502929688
v -511.39483642578125 -82.00000762939453 -682.0595703125
v -510.8294677734375 -93.00001525878906 -682.115234375
v -510.24774169921875 -93.00000762939453 -682.2916870117188
v -510.24774169921875 -82.00000762939453 -682.2916870117188
v -510.8294677734375 -82.0 -682.115234375
v -510.8294677734375 -93.00001525878906 -682.115234375
v -510.8294677734375 -82.0 -682.115234375
v -511.39483642578125 -82.00000762939453 -682.0595703125
v -511.39483642578125 -93.0000228881836 -682.0595703125
v -510.24774169921875 -93.00000762939453 -682.2916870117188
v -510.8294677734375 -93.00001525878906 -682.115234375
v -511.39483642578125 -93.0000228881836 -682.0595703125
v -508.4647216796875 -92.99999237060547 -684.4642333984375
v -508.46484375 -82.00000762939453 -684.4640502929688
v -510.24774169921875 -82.00000762939453 -682.2916870117188
v -510.24774169921875 -93.00000762939453 -682.2916870117188
v -508.4647216796875 -92.99999237060547 -684.4642333984375
v -511.39483642578125 -93.0000228881836 -682.0595703125
v -511.39483642578125 -82.00000762939453 -682.0595703125
v -508.46484375 -82.00000762939453 -684.4640502929688
v -508.4647216796875 -92.99999237060547 -684.4642333984375
v -512.0 -82.00003814697266 -682.0
v -511.39483642578125 -82.00003814697266 -682.0595703125
v -509.2220458984375 -82.00003051757812 -683.8426513671875
v -512.5650634765625 -82.0000228881836 -682.0556640625
v -511.39483642578125 -82.00003814697266 -682.0595703125
v -512.0 -82.00003814697266 -682.0
v -512.0 -93.00001525878906 -682.0
v -511.3948974609375 -93.00001525878906 -682.0595703125
v -512.0 -93.00001525878906 -682.0
v -512.0 -82.00003814697266 -682.0
v -512.5650634765625 -82.0000228881836 -682.0556640625
v -512.5650634765625 -93.0000228881836 -682.0556640625
v -511.3948974609375 -93.00001525878906 -682.0595703125
v -512.0 -93.00001525878906 -682.0
v -512.5650634765625 -93.0000228881836 -682.0556640625
v -509.22210693359375 -93.00003051757812 -683.8426513671875
v -509.2220458984375 -82.00003051757812 -683.8426513671875
v -511.39483642578125 -82.00003814697266 -682.0595703125
v -511.3948974609375 -93.00001525878906 -682.0595703125
v -509.22210693359375 -93.00003051757812 -683.8426513671875
v -512.5650634765625 -93.0000228881836 -682.0556640625
v -512.5650634765625 -82.0000228881836 -682.0556640625
v -509.2220458984375 -82.00003051757812 -683.8426513671875
v -509.22210693359375 -93.00003051757812 -683.8426513671875
v -513.1705322265625 -82.0000228881836 -682.115234375
v -512.5650024414062 -82.0000228881836 -682.0555419921875
v -510.08642578125 -82.00003051757812 -683.3804931640625
v -513.714599609375 -82.0000228881836 -682.2802734375
v -513.1705322265625 -82.0000228881836 -682.115234375
v -513.1705322265625 -93.00001525878906 -682.115234375
v -512.5650024414062 -93.0000228881836 -682.0555419921875
v -512.5650024414062 -82.0000228881836 -682.0555419921875
v -513.714599609375 -82.0000228881836 -682.2802734375
v -513.714599609375 -93.00003814697266 -682.2802734375
v -513.1705322265625 -93.00001525878906 -682.115234375
v -513.1705322265625 -82.0000228881836 -682.115234375
v -512.5650024414062 -93.0000228881836 -682.0555419921875
v -513.1705322265625 -93.00001525878906 -682.115234375
v -513.714599609375 -93.00003814697266 -682.2802734375
v -510.08636474609375 -93.00003051757812 -683.380615234375
v -510.08642578125 -82.00003051757812 -683.3804931640625
v -512.5650024414062 -82.0000228881836 -682.0555419921875
v -512.5650024414062 -93.0000228881836 -682.0555419921875
v -510.08636474609375 -93.00003051757812 -683.380615234375
v -513.714599609375 -93.00003814697266 -682.2802734375
v -513.714599609375 -82.0000228881836 -682.2802734375
v -510.08642578125 -82.00003051757812 -683.3804931640625
v -510.08636474609375 -93.00003051757812 -683.380615234375
v -514.2960815429688 -82.00003051757812 -682.4566650390625
v -513.714599609375 -82.0000228881836 -682.2802734375
v -511.02447509765625 -82.0000228881836 -683.0960693359375
v -514.796875 -82.0000228881836 -682.724365234375
v -514.296142578125 -93.00000762939453 -682.4566650390625
v -513.714599609375 -93.00001525878906 -682.2802734375
v -513.714599609375 -82.0000228881836 -682.2802734375
v -514.2960815429688 -82.00003051757812 -682.4566650390625
v -514.796875 -93.00001525878906 -682.724365234375
v -514.296142578125 -93.00000762939453 -682.4566650390625
v -514.2960815429688 -82.00003051757812 -682.4566650390625
v -514.796875 -82.0000228881836 -682.724365234375
v -513.714599609375 -93.00001525878906 -682.2802734375
v -514.296142578125 -93.00000762939453 -682.4566650390625
v -514.796875 -93.00001525878906 -682.724365234375
v -511.024658203125 -93.0000228881836 -683.0960693359375
v -511.02447509765625 -82.0000228881836 -683.0960693359375
v -513.714599609375 -82.0000228881836 -682.2802734375
v -513.714599609375 -93.00001525878906 -682.2802734375
v -511.024658203125 -93.0000228881836 -683.0960693359375
v -514.796875 -93.00001525878906 -682.724365234375
v -514.796875 -82.0000228881836 -682.724365234375
v -511.02447509765625 -82.0000228881836 -683.0960693359375
v -511.024658203125 -93.0000228881836 -683.0960693359375
v -515.3333740234375 -82.0 -683.0111083984375
v -514.7968139648438 -82.00000762939453 -682.724365234375
v -512.0001220703125 -82.0 -682.9998779296875
v -515.7728271484375 -82.00000762939453 -683.3717041015625
v -515.3333740234375 -93.0 -683.0111083984375
v -514.7968139648438 -93.0 -682.724365234375
v -514.7968139648438 -82.00000762939453 -682.724365234375
v -515.3333740234375 -82.0 -683.0111083984375
v -515.3333740234375 -93.0 -683.0111083984375
v -515.3333740234375 -82.0 -683.0111083984375
v -515.7728271484375 -82.00000762939453 -683.3717041015625
v -515.7728271484375 -93.0 -683.3717041015625
v -514.7968139648438 -93.0 -682.724365234375
v -515.3333740234375 -93.0 -683.0111083984375
v -515.7728271484375 -93.0 -683.3717041015625
v -512.0005493164062 -93.0 -682.9998779296875
v -512.0001220703125 -82.0 -682.9998779296875
v -514.7968139648438 -82.00000762939453 -682.724365234375
v -514.7968139648438 -93.0 -682.724365234375
v -512.0005493164062 -93.0 -682.9998779296875
v -515.7728271484375 -93.0 -683.3717041015625
v -515.7728271484375 -82.00000762939453 -683.3717041015625
v -512.0001220703125 -82.0 -682.9998779296875
v -512.0005493164062 -93.0 -682.9998779296875
v -516.24267578125 -82.00000762939453 -683.7572021484375
v -515.7728271484375 -82.00000762939453 -683.3717041015625
v -512.9752197265625 -82.00000762939453 -683.095947265625
v -516.6026611328125 -81.99999237060547 -684.1959228515625
v -515.7728271484375 -82.00000762939453 -683.3717041015625
v -516.24267578125 -82.00000762939453 -683.7572021484375
v -516.24267578125 -93.0 -683.7572021484375
v -515.7728271484375 -93.0 -683.3717041015625
v -516.24267578125 -93.0 -683.7572021484375
v -516.24267578125 -82.00000762939453 -683.7572021484375
v -516.6026611328125 -81.99999237060547 -684.1959228515625
v -516.6026611328125 -93.00000762939453 -684.1959228515625
v -515.7728271484375 -93.0 -683.3717041015625
v -516.24267578125 -93.0 -683.7572021484375
v -516.6026611328125 -93.00000762939453 -684.1959228515625
v -512.9754638671875 -92.99998474121094 -683.095947265625
v -512.9752197265625 -82.00000762939453 -683.095947265625
v -515.7728271484375 -82.00000762939453 -683.3717041015625
v -515.7728271484375 -93.0 -683.3717041015625
v -512.9754638671875 -92.99998474121094 -683.095947265625
v -516.6026611328125 -93.00000762939453 -684.1959228515625
v -516.6026611328125 -81.99999237060547 -684.1959228515625
v -512.9752197265625 -82.00000762939453 -683.095947265625
v -512.9754638671875 -92.99998474121094 -683.095947265625
v -516.9888305664062 -81.99999237060547 -684.6665649414062
v -516.6026611328125 -81.99999237060547 -684.1959838867188
v -513.9134521484375 -82.0 -683.3805541992188
v -517.2567138671875 -82.00000762939453 -685.167724609375
v -516.9888305664062 -81.99999237060547 -684.6665649414062
v -516.9888305664062 -93.00000762939453 -684.6665649414062
v -516.6026611328125 -93.00000762939453 -684.1959838867188
v -516.6026611328125 -81.99999237060547 -684.1959838867188
v -517.2567138671875 -82.00000762939453 -685.167724609375
v -517.2567138671875 -93.0 -685.167724609375
v -516.9888305664062 -93.00000762939453 -684.6665649414062
v -516.9888305664062 -81.99999237060547 -684.6665649414062
v -516.6026611328125 -93.00000762939453 -684.1959838867188
v -516.9888305664062 -93.00000762939453 -684.6665649414062
v -517.2567138671875 -93.0 -685.167724609375
v -513.913330078125 -93.0 -683.3804931640625
v -513.9134521484375 -82.0 -683.3805541992188
v -516.6026611328125 -81.99999237060547 -684.1959838867188
v -516.6026611328125 -93.00000762939453 -684.1959838867188
v -513.913330078125 -93.0 -683.3804931640625
v -517.2567138671875 -93.0 -685.167724609375
v -517.2567138671875 -82.00000762939453 -685.167724609375
v -513.9134521484375 -82.0 -683.3805541992188
v -513.913330078125 -93.0 -683.3804931640625
v -517.5433349609375 -82.00001525878906 -685.703857421875
v -517.2567138671875 -82.00003051757812 -685.1676635742188
v -514.7777099609375 -82.00004577636719 -683.842529296875
v -517.7081909179688 -82.00004577636719 -686.2474975585938
v -517.5432739257812 -93.00003051757812 -685.703857421875
v -517.2567138671875 -93.0000228881836 -685.1676635742188
v -517.2567138671875 -82.00003051757812 -685.1676635742188
v -517.5433349609375 -82.00001525878906 -685.703857421875
v -517.708251953125 -93.00001525878906 -686.2474975585938
v -517.5432739257812 -93.00003051757812 -685.703857421875
v -517.5433349609375 -82.00001525878906 -685.703857421875
v -517.7081909179688 -82.00004577636719 -686.2474975585938
v -517.2567138671875 -93.0000228881836 -685.1676635742188
v -517.5432739257812 -93.00003051757812 -685.703857421875
v -517.708251953125 -93.00001525878906 -686.2474975585938
v -514.7776489257812 -93.00003051757812 -683.8424682617188
v -514.7777099609375 -82.00004577636719 -683.842529296875
v -517.2567138671875 -82.00003051757812 -685.1676635742188
v -517.2567138671875 -93.0000228881836 -685.1676635742188
v -514.7776489257812 -93.00003051757812 -683.8424682617188
v -517.708251953125 -93.00001525878906 -686.2474975585938
v -517.7081909179688 -82.00004577636719 -686.2474975585938
v -514.7777099609375 -82.00004577636719 -683.842529296875
v -514.7776489257812 -93.00003051757812 -683.8424682617188
v -517.884765625 -82.00001525878906 -686.829345703125
v -517.708251953125 -82.0 -686.2474365234375
v -515.535400390625 -82.00001525878906 -684.4642333984375
v -517.9404296875 -82.00003051757812 -687.39453125
v -517.884765625 -93.00000762939453 -686.829345703125
v -517.708251953125 -93.00001525878906 -686.2474365234375
v -517.708251953125 -82.0 -686.2474365234375
v -517.884765625 -82.00001525878906 -686.829345703125
v -517.884765625 -93.00000762939453 -686.829345703125
v -517.884765625 -82.00001525878906 -686.829345703125
v -517.9404296875 -82.00003051757812 -687.39453125
v -517.9404296875 -93.0 -687.39453125
v -517.708251953125 -93.00001525878906 -686.2474365234375
v -517.884765625 -93.00000762939453 -686.829345703125
v -517.9404296875 -93.0 -687.39453125
v -515.5354614257812 -93.00001525878906 -684.4642944335938
v -515.535400390625 -82.00001525878906 -684.4642333984375
v -517.708251953125 -82.0 -686.2474365234375
v -517.708251953125 -93.00001525878906 -686.2474365234375
v -515.5354614257812 -93.00001525878906 -684.4642944335938
v -517.9404296875 -93.0 -687.39453125
v -517.9404296875 -82.00003051757812 -687.39453125
v -515.535400390625 -82.00001525878906 -684.4642333984375
v -515.5354614257812 -93.00001525878906 -684.4642944335938
v -518.0 -82.00001525878906 -688.0
v -517.9404296875 -82.0 -687.3946533203125
v -516.157470703125 -82.00000762939453 -685.2222900390625
v -517.9443359375 -82.0 -688.5654296875
v -517.9404296875 -82.0 -687.3946533203125
v -518.0 -82.00001525878906 -688.0
v -518.0 -92.99998474121094 -688.0
v -517.9404296875 -92.99999237060547 -687.3946533203125
v -518.0 -92.99998474121094 -688.0
v -518.0 -82.00001525878906 -688.0
v -517.9443359375 -82.0 -688.5654296875
v -517.9443359375 -93.0 -688.5654296875
v -517.9404296875 -92.99999237060547 -687.3946533203125
v -518.0 -92.99998474121094 -688.0
v -517.9443359375 -93.0 -688.5654296875
v -516.157470703125 -93.00000762939453 -685.2222900390625
v -516.157470703125 -82.00000762939453 -685.2222900390625
v -517.9404296875 -82.0 -687.3946533203125
v -517.9404296875 -92.99999237060547 -687.3946533203125
v -516.157470703125 -93.00000762939453 -685.2222900390625
v -517.9443359375 -93.0 -688.5654296875
v -517.9443359375 -82.0 -688.5654296875
v -516.157470703125 -82.00000762939453 -685.2222900390625
v -516.157470703125 -93.00000762939453 -685.2222900390625
v -516.619384765625 -82.0 -686.086669921875
v -517.7198486328125 -82.0 -689.7140502929688
v -517.884765625 -81.99998474121094 -689.1705322265625
v -517.9443359375 -82.0 -688.5654907226562
v -517.884765625 -81.99998474121094 -689.1705322265625
v -517.8847045898438 -93.0 -689.1705322265625
v -517.9443359375 -93.0 -688.5654907226562
v -517.9443359375 -82.0 -688.5654907226562
v -517.7198486328125 -82.0 -689.7140502929688
v -517.7198486328125 -92.99999237060547 -689.7140502929688
v -517.8847045898438 -93.0 -689.1705322265625
v -517.884765625 -81.99998474121094 -689.1705322265625
v -517.9443359375 -93.0 -688.5654907226562
v -517.8847045898438 -93.0 -689.1705322265625
v -517.7198486328125 -92.99999237060547 -689.7140502929688
v -516.619384765625 -93.00001525878906 -686.0866088867188
v -516.619384765625 -82.0 -686.086669921875
v -517.9443359375 -82.0 -688.5654907226562
v -517.9443359375 -93.0 -688.5654907226562
v -516.619384765625 -93.00001525878906 -686.0866088867188
v -517.7198486328125 -92.99999237060547 -689.7140502929688
v -517.7198486328125 -82.0 -689.7140502929688
v -516.619384765625 -82.0 -686.086669921875
v -516.619384765625 -93.00001525878906 -686.0866088867188
v -517.5433349609375 -82.00001525878906 -690.2960205078125
v -517.7198486328125 -82.00003051757812 -689.7139892578125
v -516.9039306640625 -82.0000228881836 -687.0244140625
v -517.2755126953125 -82.00003051757812 -690.7970581054688
v -517.5433349609375 -93.00003051757812 -690.2960205078125
v -517.7198486328125 -93.0000228881836 -689.7139892578125
v -517.7198486328125 -82.00003051757812 -689.7139892578125
v -517.5433349609375 -82.00001525878906 -690.2960205078125
v -517.2755126953125 -93.00003051757812 -690.7970581054688
v -517.5433349609375 -93.00003051757812 -690.2960205078125
v -517.5433349609375 -82.00001525878906 -690.2960205078125
v -517.2755126953125 -82.00003051757812 -690.7970581054688
v -517.7198486328125 -93.0000228881836 -689.7139892578125
v -517.5433349609375 -93.00003051757812 -690.2960205078125
v -517.2755126953125 -93.00003051757812 -690.7970581054688
v -516.9039306640625 -93.0000228881836 -687.0243530273438
v -516.9039306640625 -82.0000228881836 -687.0244140625
v -517.7198486328125 -82.00003051757812 -689.7139892578125
v -517.7198486328125 -93.0000228881836 -689.7139892578125
v -516.9039306640625 -93.0000228881836 -687.0243530273438
v -517.2755126953125 -93.00003051757812 -690.7970581054688
v -517.2755126953125 -82.00003051757812 -690.7970581054688
v -516.9039306640625 -82.0000228881836 -687.0244140625
v -516.9039306640625 -93.0000228881836 -687.0243530273438
v -516.98876953125 -82.00003814697266 -691.3333740234375
v -517.2754516601562 -82.00003051757812 -690.7969970703125
v -517.0 -82.00003051757812 -687.9998779296875
v -516.62841796875 -82.0000228881836 -691.7724609375
v -516.98876953125 -93.00003051757812 -691.3333740234375
v -517.2755126953125 -93.00003051757812 -690.7969970703125
v -517.2754516601562 -82.00003051757812 -690.7969970703125
v -516.98876953125 -82.00003814697266 -691.3333740234375
v -516.98876953125 -93.00003051757812 -691.3333740234375
v -516.98876953125 -82.00003814697266 -691.3333740234375
v -516.62841796875 -82.0000228881836 -691.7724609375
v -516.62841796875 -93.00003814697266 -691.7724609375
v -517.2755126953125 -93.00003051757812 -690.7969970703125
v -516.98876953125 -93.00003051757812 -691.3333740234375
v -516.62841796875 -93.00003814697266 -691.7724609375
v -517.0 -93.0000228881836 -687.9998779296875
v -517.0 -82.00003051757812 -687.9998779296875
v -517.2754516601562 -82.00003051757812 -690.7969970703125
v -517.2755126953125 -93.00003051757812 -690.7969970703125
v -517.0 -93.0000228881836 -687.9998779296875
v -516.62841796875 -93.00003814697266 -691.7724609375
v -516.62841796875 -82.0000228881836 -691.7724609375
v -517.0 -82.00003051757812 -687.9998779296875
v -517.0 -93.0000228881836 -687.9998779296875
v -516.24267578125 -82.00003051757812 -692.2425537109375
v -516.62841796875 -82.0000228881836 -691.7724609375
v -516.9039306640625 -82.0000228881836 -688.9754638671875
v -515.803466796875 -82.00003051757812 -692.60302734375
v -516.62841796875 -82.0000228881836 -691.7724609375
v -516.24267578125 -82.00003051757812 -692.2425537109375
v -516.24267578125 -93.0000228881836 -692.2425537109375
v -516.62841796875 -93.00003814697266 -691.7724609375
v -516.24267578125 -93.0000228881836 -692.2425537109375
v -516.24267578125 -82.00003051757812 -692.2425537109375
v -515.803466796875 -82.00003051757812 -692.60302734375
v -515.803466796875 -93.0000228881836 -692.60302734375
v -516.62841796875 -93.00003814697266 -691.7724609375
v -516.24267578125 -93.0000228881836 -692.2425537109375
v -515.803466796875 -93.0000228881836 -692.60302734375
v -516.9039306640625 -93.00001525878906 -688.9754638671875
v -516.9039306640625 -82.0000228881836 -688.9754638671875
v -516.62841796875 -82.0000228881836 -691.7724609375
v -516.62841796875 -93.00003814697266 -691.7724609375
v -516.9039306640625 -93.00001525878906 -688.9754638671875
v -515.803466796875 -93.0000228881836 -692.60302734375
v -515.803466796875 -82.00003051757812 -692.60302734375
v -516.9039306640625 -82.0000228881836 -688.9754638671875
v -516.9039306640625 -93.00001525878906 -688.9754638671875
v -515.33349609375 -81.99999237060547 -692.98876953125
v -515.803466796875 -82.0 -692.60302734375
v -516.6195068359375 -82.0 -689.9130859375
v -514.8326416015625 -81.99999237060547 -693.2564697265625
v -515.33349609375 -81.99999237060547 -692.98876953125
v -515.33349609375 -92.99999237060547 -692.98876953125
v -515.8035278320312 -92.99999237060547 -692.60302734375
v -515.803466796875 -82.0 -692.60302734375
v -514.8326416015625 -81.99999237060547 -693.2564697265625
v -514.8326416015625 -93.00000762939453 -693.2564697265625
v -515.33349609375 -92.99999237060547 -692.98876953125
v -515.33349609375 -81.99999237060547 -692.98876953125
v -515.8035278320312 -92.99999237060547 -692.60302734375
v -515.33349609375 -92.99999237060547 -692.98876953125
v -514.8326416015625 -93.00000762939453 -693.2564697265625
v -516.619384765625 -93.0 -689.9134521484375
v -516.6195068359375 -82.0 -689.9130859375
v -515.803466796875 -82.0 -692.60302734375
v -515.8035278320312 -92.99999237060547 -692.60302734375
v -516.619384765625 -93.0 -689.9134521484375
v -514.8326416015625 -93.00000762939453 -693.2564697265625
v -514.8326416015625 -81.99999237060547 -693.2564697265625
v -516.6195068359375 -82.0 -689.9130859375
v -516.619384765625 -93.0 -689.9134521484375
v -514.2960205078125 -82.00003051757812 -693.543212890625
v -514.83251953125 -82.00003814697266 -693.2564697265625
v -516.1571044921875 -82.00001525878906 -690.7781982421875
v -513.7523193359375 -82.0000228881836 -693.7081298828125
v -514.2960815429688 -93.00000762939453 -693.543212890625
v -514.83251953125 -93.00000762939453 -693.2564697265625
v -514.83251953125 -82.00003814697266 -693.2564697265625
v -514.2960205078125 -82.00003051757812 -693.543212890625
v -513.7523193359375 -93.00001525878906 -693.7081298828125
v -514.2960815429688 -93.00000762939453 -693.543212890625
v -514.2960205078125 -82.00003051757812 -693.543212890625
v -513.7523193359375 -82.0000228881836 -693.7081298828125
v -514.83251953125 -93.00000762939453 -693.2564697265625
v -514.2960815429688 -93.00000762939453 -693.543212890625
v -513.7523193359375 -93.00001525878906 -693.7081298828125
v -516.1573486328125 -93.0000228881836 -690.77783203125
v -516.1571044921875 -82.00001525878906 -690.7781982421875
v -514.83251953125 -82.00003814697266 -693.2564697265625
v -514.83251953125 -93.00000762939453 -693.2564697265625
v -516.1573486328125 -93.0000228881836 -690.77783203125
v -513.7523193359375 -93.00001525878906 -693.7081298828125
v -513.7523193359375 -82.0000228881836 -693.7081298828125
v -516.1571044921875 -82.00001525878906 -690.7781982421875
v -516.1573486328125 -93.0000228881836 -690.77783203125
v -513.1705322265625 -82.00000762939453 -693.8846435546875
v -513.7523803710938 -82.00000762939453 -693.7081298828125
v -515.5357666015625 -82.00000762939453 -691.53515625
v -512.6053466796875 -82.00001525878906 -693.9403076171875
v -513.1705322265625 -93.0 -693.8846435546875
v -513.7523803710938 -93.0 -693.7081298828125
v -513.7523803710938 -82.00000762939453 -693.7081298828125
v -513.1705322265625 -82.00000762939453 -693.8846435546875
v -513.1705322265625 -93.0 -693.8846435546875
v -513.1705322265625 -82.00000762939453 -693.8846435546875
v -512.6053466796875 -82.00001525878906 -693.9403076171875
v -512.6053466796875 -93.00000762939453 -693.9403076171875
v -513.7523803710938 -93.0 -693.7081298828125
v -513.1705322265625 -93.0 -693.8846435546875
v -512.6053466796875 -93.00000762939453 -693.9403076171875
v -515.5353393554688 -93.00001525878906 -691.53564453125
v -515.5357666015625 -82.00000762939453 -691.53515625
v -513.7523803710938 -82.00000762939453 -693.7081298828125
v -513.7523803710938 -93.0 -693.7081298828125
v -515.5353393554688 -93.00001525878906 -691.53564453125
v -512.6053466796875 -93.00000762939453 -693.9403076171875
v -512.6053466796875 -82.00001525878906 -693.9403076171875
v -515.5357666015625 -82.00000762939453 -691.53515625
v -515.5353393554688 -93.00001525878906 -691.53564453125
v -512.0 -82.00001525878906 -694.0
v -512.6053466796875 -82.00000762939453 -693.9403686523438
v -514.77783203125 -82.0000228881836 -692.1573486328125
v -511.43487548828125 -82.0000228881836 -693.9443359375
v -512.6053466796875 -82.00000762939453 -693.9403686523438
v -512.0 -82.00001525878906 -694.0
v -512.0 -93.00001525878906 -694.0
v -512.6053466796875 -93.0000228881836 -693.9403686523438
v -512.0 -93.00001525878906 -694.0
v -512.0 -82.00001525878906 -694.0
v -511.43487548828125 -82.0000228881836 -693.9443359375
v -511.43487548828125 -93.00001525878906 -693.9443359375
v -512.6053466796875 -93.0000228881836 -693.9403686523438
v -512.0 -93.00001525878906 -694.0
v -511.43487548828125 -93.00001525878906 -693.9443359375
v -514.7782592773438 -93.0 -692.1571044921875
v -514.77783203125 -82.0000228881836 -692.1573486328125
v -512.6053466796875 -82.00000762939453 -693.9403686523438
v -512.6053466796875 -93.0000228881836 -693.9403686523438
v -514.7782592773438 -93.0 -692.1571044921875
v -511.43487548828125 -93.00001525878906 -693.9443359375
v -511.43487548828125 -82.0000228881836 -693.9443359375
v -514.77783203125 -82.0000228881836 -692.1573486328125
v -514.7782592773438 -93.0 -692.1571044921875
v -510.8294677734375 -81.99999237060547 -693.8846435546875
v -511.4349365234375 -82.0 -693.9442138671875
v -513.913330078125 -81.99999237060547 -692.619384765625
v -510.285400390625 -81.99999237060547 -693.7196044921875
v -510.8294677734375 -81.99999237060547 -693.8846435546875
v -510.8294677734375 -93.00000762939453 -693.8846435546875
v -511.4349365234375 -92.99999237060547 -693.9442138671875
v -511.4349365234375 -82.0 -693.9442138671875
v -510.285400390625 -81.99999237060547 -693.7196044921875
v -510.285400390625 -92.99998474121094 -693.7196044921875
v -510.8294677734375 -93.00000762939453 -693.8846435546875
v -510.8294677734375 -81.99999237060547 -693.8846435546875
v -511.4349365234375 -92.99999237060547 -693.9442138671875
v -510.8294677734375 -93.00000762939453 -693.8846435546875
v -510.285400390625 -92.99998474121094 -693.7196044921875
v -513.913330078125 -92.99998474121094 -692.619384765625
v -513.913330078125 -81.99999237060547 -692.619384765625
v -511.4349365234375 -82.0 -693.9442138671875
v -511.4349365234375 -92.99999237060547 -693.9442138671875
v -513.913330078125 -92.99998474121094 -692.619384765625
v -510.285400390625 -92.99998474121094 -693.7196044921875
v -510.285400390625 -81.99999237060547 -693.7196044921875
v -513.913330078125 -81.99999237060547 -692.619384765625
v -513.913330078125 -92.99998474121094 -692.619384765625
v -509.703857421875 -82.00003051757812 -693.543212890625
v -510.2852783203125 -82.0000228881836 -693.7196044921875
v -512.97509765625 -82.00001525878906 -692.90380859375
v -509.2032470703125 -82.00003051757812 -693.2755126953125
v -509.703857421875 -93.00003051757812 -693.543212890625
v -510.2852783203125 -93.00003814697266 -693.7196044921875
v -510.2852783203125 -82.0000228881836 -693.7196044921875
v -509.703857421875 -82.00003051757812 -693.543212890625
v -509.2032470703125 -93.0000228881836 -693.2755126953125
v -509.703857421875 -93.00003051757812 -693.543212890625
v -509.703857421875 -82.00003051757812 -693.543212890625
v -509.2032470703125 -82.00003051757812 -693.2755126953125
v -510.2852783203125 -93.00003814697266 -693.7196044921875
v -509.703857421875 -93.00003051757812 -693.543212890625
v -509.2032470703125 -93.0000228881836 -693.2755126953125
v -512.9752197265625 -93.00001525878906 -692.90380859375
v -512.97509765625 -82.00001525878906 -692.90380859375
v -510.2852783203125 -82.0000228881836 -693.7196044921875
v -510.2852783203125 -93.00003814697266 -693.7196044921875
v -512.9752197265625 -93.00001525878906 -692.90380859375
v -509.2032470703125 -93.0000228881836 -693.2755126953125
v -509.2032470703125 -82.00003051757812 -693.2755126953125
v -512.97509765625 -82.00001525878906 -692.90380859375
v -512.9752197265625 -93.00001525878906 -692.90380859375
v -508.66656494140625 -82.00003051757812 -692.98876953125
v -509.2032470703125 -82.0000228881836 -693.275634765625
v -512.0003662109375 -82.0000228881836 -693.0
v -508.22705078125 -82.00003814697266 -692.6280517578125
v -508.66656494140625 -93.0000228881836 -692.98876953125
v -509.2032470703125 -93.00001525878906 -693.275634765625
v -509.2032470703125 -82.0000228881836 -693.275634765625
v -508.66656494140625 -82.00003051757812 -692.98876953125
v -508.66656494140625 -93.0000228881836 -692.98876953125
v -508.66656494140625 -82.00003051757812 -692.98876953125
v -508.22705078125 -82.00003814697266 -692.6280517578125
v -508.22705078125 -93.00001525878906 -692.6280517578125
v -509.2032470703125 -93.00001525878906 -693.275634765625
v -508.66656494140625 -93.0000228881836 -692.98876953125
v -508.22705078125 -93.00001525878906 -692.6280517578125
v -512.0003662109375 -93.0000228881836 -693.0
v -512.0003662109375 -82.0000228881836 -693.0
v -509.2032470703125 -82.0000228881836 -693.275634765625
v -509.2032470703125 -93.00001525878906 -693.275634765625
v -512.0003662109375 -93.0000228881836 -693.0
v -508.22705078125 -93.00001525878906 -692.6280517578125
v -508.22705078125 -82.00003814697266 -692.6280517578125
v -512.0003662109375 -82.0000228881836 -693.0
v -512.0003662109375 -93.0000228881836 -693.0
v -507.75732421875 -82.00001525878906 -692.2425537109375
v -508.22705078125 -82.00001525878906 -692.6280517578125
v -511.0244140625 -82.00001525878906 -692.9036865234375
v -507.3973388671875 -82.00000762939453 -691.803955078125
v -508.22705078125 -82.00001525878906 -692.6280517578125
v -507.75732421875 -82.00001525878906 -692.2425537109375
v -507.75732421875 -93.00000762939453 -692.2425537109375
v -508.22705078125 -93.00001525878906 -692.6280517578125
v -507.75732421875 -93.00000762939453 -692.2425537109375
v -507.75732421875 -82.00001525878906 -692.2425537109375
v -507.3973388671875 -82.00000762939453 -691.803955078125
v -507.3973388671875 -93.0000228881836 -691.803955078125
v -508.22705078125 -93.00001525878906 -692.6280517578125
v -507.75732421875 -93.00000762939453 -692.2425537109375
v -507.3973388671875 -93.0000228881836 -691.803955078125
v -511.0240478515625 -93.00000762939453 -692.9036865234375
v -511.0244140625 -82.00001525878906 -692.9036865234375
v -508.22705078125 -82.00001525878906 -692.6280517578125
v -508.22705078125 -93.00001525878906 -692.6280517578125
v -511.0240478515625 -93.00000762939453 -692.9036865234375
v -507.3973388671875 -93.0000228881836 -691.803955078125
v -507.3973388671875 -82.00000762939453 -691.803955078125
v -511.0244140625 -82.00001525878906 -692.9036865234375
v -511.0240478515625 -93.00000762939453 -692.9036865234375
v -507.0111083984375 -82.00000762939453 -691.3333740234375
v -507.3973388671875 -82.00000762939453 -691.803955078125
v -510.086669921875 -82.0 -692.6195068359375
v -506.7432861328125 -82.0 -690.8321533203125
v -507.0111083984375 -82.00000762939453 -691.3333740234375
v -507.01116943359375 -93.0 -691.3333740234375
v -507.3973388671875 -92.9999771118164 -691.803955078125
v -507.3973388671875 -82.00000762939453 -691.803955078125
v -506.7432861328125 -82.0 -690.8321533203125
v -506.7432861328125 -92.99999237060547 -690.8321533203125
v -507.01116943359375 -93.0 -691.3333740234375
v -507.0111083984375 -82.00000762939453 -691.3333740234375
v -507.3973388671875 -92.9999771118164 -691.803955078125
v -507.01116943359375 -93.0 -691.3333740234375
v -506.7432861328125 -92.99999237060547 -690.8321533203125
v -510.0870361328125 -92.99999237060547 -692.61962890625
v -510.086669921875 -82.0 -692.6195068359375
v -507.3973388671875 -82.00000762939453 -691.803955078125
v -507.3973388671875 -92.9999771118164 -691.803955078125
v -510.0870361328125 -92.99999237060547 -692.61962890625
v -506.7432861328125 -92.99999237060547 -690.8321533203125
v -506.7432861328125 -82.0 -690.8321533203125
v -510.086669921875 -82.0 -692.6195068359375
v -510.0870361328125 -92.99999237060547 -692.61962890625
v -506.7244873046875 -82.00000762939453 -690.7969970703125
v -506.7432861328125 -82.0000228881836 -690.8320922851562
v -509.22216796875 -82.0000228881836 -692.1572265625
v -506.787353515625 -82.00000762939453 -690.1590576171875
v -506.7244873046875 -93.0000228881836 -690.7969970703125
v -506.74322509765625 -93.00003814697266 -690.8320922851562
v -506.7432861328125 -82.0000228881836 -690.8320922851562
v -506.7244873046875 -82.00000762939453 -690.7969970703125
v -506.74322509765625 -93.00003814697266 -690.8320922851562
v -506.7244873046875 -93.0000228881836 -690.7969970703125
v -506.787353515625 -93.0000228881836 -690.1590576171875
v -509.22216796875 -93.00003051757812 -692.1572265625
v -506.787353515625 -82.00000762939453 -690.1590576171875
v -506.787353515625 -93.0000228881836 -690.1590576171875
v -506.7244873046875 -93.0000228881836 -690.7969970703125
v -506.7244873046875 -82.00000762939453 -690.7969970703125
v -509.22216796875 -82.0000228881836 -692.1572265625
v -506.7432861328125 -82.0000228881836 -690.8320922851562
v -506.74322509765625 -93.00003814697266 -690.8320922851562
v -509.22216796875 -93.00003051757812 -692.1572265625
v -506.787353515625 -93.0000228881836 -690.1590576171875
v -506.787353515625 -82.00000762939453 -690.1590576171875
v -509.22216796875 -82.0000228881836 -692.1572265625
v -509.22216796875 -93.00003051757812 -692.1572265625
v -506.845947265625 -81.99999237060547 -689.5635986328125
v -506.787353515625 -82.00001525878906 -690.1591796875
v -508.46435546875 -82.00000762939453 -691.5354614257812
v -508.46435546875 -93.0 -691.5354614257812
v -506.787353515625 -93.00000762939453 -690.1591796875
v -506.845947265625 -93.00001525878906 -689.5635375976562
v -506.845947265625 -93.00001525878906 -689.5635375976562
v -506.787353515625 -93.00000762939453 -690.1591796875
v -506.787353515625 -82.00001525878906 -690.1591796875
v -506.845947265625 -81.99999237060547 -689.5635986328125
v -508.46435546875 -82.00000762939453 -691.5354614257812
v -506.787353515625 -82.00001525878906 -690.1591796875
v -506.787353515625 -93.00000762939453 -690.1591796875
v -508.46435546875 -93.0 -691.5354614257812
v -506.845947265625 -93.00001525878906 -689.5635375976562
v -506.845947265625 -81.99999237060547 -689.5635986328125
v -508.46435546875 -82.00000762939453 -691.5354614257812
v -508.46435546875 -93.0 -691.5354614257812
v -507.842529296875 -82.0000228881836 -690.77783203125
v -506.90008544921875 -82.0000228881836 -689.0142822265625
v -506.845947265625 -82.00003814697266 -689.5635986328125
v -507.8426513671875 -93.00001525878906 -690.77783203125
v -506.845947265625 -93.00003051757812 -689.5634765625
v -506.9000244140625 -93.00003814697266 -689.0142822265625
v -506.9000244140625 -93.00003814697266 -689.0142822265625
v -506.845947265625 -93.00003051757812 -689.5634765625
v -506.845947265625 -82.00003814697266 -689.5635986328125
v -506.90008544921875 -82.0000228881836 -689.0142822265625
v -507.842529296875 -82.0000228881836 -690.77783203125
v -506.845947265625 -82.00003814697266 -689.5635986328125
v -506.845947265625 -93.00003051757812 -689.5634765625
v -507.8426513671875 -93.00001525878906 -690.77783203125
v -506.9000244140625 -93.00003814697266 -689.0142822265625
v -506.90008544921875 -82.0000228881836 -689.0142822265625
v -507.842529296875 -82.0000228881836 -690.77783203125
v -507.8426513671875 -93.00001525878906 -690.77783203125
v -506.9510498046875 -82.00001525878906 -688.4971923828125
v -506.900146484375 -81.99999237060547 -689.0142211914062
v -507.380615234375 -82.00000762939453 -689.913330078125
v -507.380615234375 -92.99998474121094 -689.9132690429688
v -506.900146484375 -92.99999237060547 -689.0142211914062
v -506.9510498046875 -92.99998474121094 -688.4972534179688
v -506.9510498046875 -92.99998474121094 -688.4972534179688
v -506.900146484375 -92.99999237060547 -689.0142211914062
v -506.900146484375 -81.99999237060547 -689.0142211914062
v -506.9510498046875 -82.00001525878906 -688.4971923828125
v -507.380615234375 -82.00000762939453 -689.913330078125
v -506.900146484375 -81.99999237060547 -689.0142211914062
v -506.900146484375 -92.99999237060547 -689.0142211914062
v -507.380615234375 -92.99998474121094 -689.9132690429688
v -506.9510498046875 -92.99998474121094 -688.4972534179688
v -506.9510498046875 -82.00001525878906 -688.4971923828125
v -507.380615234375 -82.00000762939453 -689.913330078125
v -507.380615234375 -92.99998474121094 -689.9132690429688
v -507.0 -82.0000228881836 -688.0000610351562
v -506.9510498046875 -82.00001525878906 -688.4972534179688
v -507.0960693359375 -82.0000228881836 -688.975341796875
v -507.0960693359375 -93.0 -688.9754028320312
v -506.9510498046875 -93.00003051757812 -688.497314453125
v -507.0 -93.00001525878906 -688.0000610351562
v -507.0 -93.00001525878906 -688.0000610351562
v -506.9510498046875 -93.00003051757812 -688.497314453125
v -506.9510498046875 -82.00001525878906 -688.4972534179688
v -507.0 -82.0000228881836 -688.0000610351562
v -507.0960693359375 -82.0000228881836 -688.975341796875
v -506.9510498046875 -82.00001525878906 -688.4972534179688
v -506.9510498046875 -93.00003051757812 -688.497314453125
v -507.0960693359375 -93.0 -688.9754028320312
v -507.0 -93.00001525878906 -688.0000610351562
v -507.0 -82.0000228881836 -688.0000610351562
v -507.0960693359375 -82.0000228881836 -688.975341796875
v -507.0960693359375 -93.0 -688.9754028320312
v 235.313720703125 -956.0 244.686279296875
v 238.78207397460938 -956.0 249.8770751953125
v 240.0 -956.0 256.0
v 230.1229248046875 -956.0 241.21792602539062
v 224.0 -956.0 240.0
v 224.0 -956.0 272.0
v 230.1229248046875 -956.0 270.7820739746094
v 235.313720703125 -956.0 267.313720703125
v 238.78207397460938 -956.0 262.1229248046875
v 238.78207397460938 384.0 262.1229248046875
v 240.0 384.0 256.0
v 238.78207397460938 384.0 249.8770751953125
v 235.313720703125 384.0 267.313720703125
v 230.1229248046875 384.0 270.7820739746094
v 224.0 384.0 272.0
v 224.0 384.0 240.0
v 230.1229248046875 384.0 241.21792602539062
v 235.313720703125 384.0 244.686279296875
v 238.78207397460938 -956.0 262.1229248046875
v 240.0 -956.0 256.0
v 240.0 384.0 256.0
v 238.78207397460938 384.0 262.1229248046875
v 235.313720703125 -956.0 267.313720703125
v 238.78207397460938 -956.0 262.1229248046875
v 238.78207397460938 384.0 262.1229248046875
v 235.313720703125 384.0 267.313720703125
v 230.1229248046875 -956.0 270.7820739746094
v 235.313720703125 -956.0 267.313720703125
v 235.313720703125 384.0 267.313720703125
v 230.1229248046875 384.0 270.7820739746094
v 224.0 -956.0 272.0
v 230.1229248046875 -956.0 270.7820739746094
v 230.1229248046875 384.0 270.7820739746094
v 224.0 384.0 272.0
v 230.1229248046875 -956.0 241.21792602539062
v 224.0 -956.0 240.0
v 224.0 384.0 240.0
v 230.1229248046875 384.0 241.21792602539062
v 235.313720703125 -956.0 244.686279296875
v 230.1229248046875 -956.0 241.21792602539062
v 230.1229248046875 384.0 241.21792602539062
v 235.313720703125 384.0 244.686279296875
v 238.78207397460938 -956.0 249.8770751953125
v 235.313720703125 -956.0 244.686279296875
v 235.313720703125 384.0 244.686279296875
v 238.78207397460938 384.0 249.8770751953125
v 240.0 -956.0 256.0
v 238.78207397460938 -956.0 249.8770751953125
v 238.78207397460938 384.0 249.8770751953125
v 240.0 384.0 256.0
v 224.0 -956.0 272.0
v 224.0 384.0 272.0
v 224.0 384.0 240.0
v 224.0 -956.0 240.0
v -235.313720703125 -960.0 267.313720703125
v -238.78207397460938 -960.0 262.1229248046875
v -240.0 -960.0 256.0
v -230.1229248046875 -960.0 270.7820739746094
v -224.0 -960.0 272.0
v -224.0 -960.0 240.0
v -230.1229248046875 -960.0 241.21792602539062
v -235.313720703125 -960.0 244.686279296875
v -238.78207397460938 -960.0 249.8770751953125
v -238.78207397460938 384.0 249.8770751953125
v -240.0 384.0 256.0
v -238.78207397460938 384.0 262.1229248046875
v -235.313720703125 384.0 244.686279296875
v -230.1229248046875 384.0 241.21792602539062
v -224.0 384.0 240.0
v -224.0 384.0 272.0
v -230.1229248046875 384.0 270.7820739746094
v -235.313720703125 384.0 267.313720703125
v -238.78207397460938 -960.0 249.8770751953125
v -240.0 -960.0 256.0
v -240.0 384.0 256.0
v -238.78207397460938 384.0 249.8770751953125
v -235.313720703125 -960.0 244.686279296875
v -238.78207397460938 -960.0 249.8770751953125
v -238.78207397460938 384.0 249.8770751953125
v -235.313720703125 384.0 244.686279296875
v -230.1229248046875 -960.0 241.21792602539062
v -235.313720703125 -960.0 244.686279296875
v -235.313720703125 384.0 244.686279296875
v -230.1229248046875 384.0 241.21792602539062
v -224.0 -960.0 240.0
v -230.1229248046875 -960.0 241.21792602539062
v -230.1229248046875 384.0 241.21792602539062
v -224.0 384.0 240.0
v -230.1229248046875 -960.0 270.7820739746094
v -224.0 -960.0 272.0
v -224.0 384.0 272.0
v -230.1229248046875 384.0 270.7820739746094
v -235.313720703125 -960.0 267.313720703125
v -230.1229248046875 -960.0 270.7820739746094
v -230.1229248046875 384.0 270.7820739746094
v -235.313720703125 384.0 267.313720703125
v -238.78207397460938 -960.0 262.1229248046875
v -235.313720703125 -960.0 267.313720703125
v -235.313720703125 384.0 267.313720703125
v -238.78207397460938 384.0 262.1229248046875
v -240.0 -960.0 256.0
v -238.78207397460938 -960.0 262.1229248046875
v -238.78207397460938 384.0 262.1229248046875
v -240.0 384.0 256.0
v -224.0 -960.0 240.0
v -224.0 384.0 240.0
v -224.0 384.0 272.0
v -224.0 -960.0 272.0
v -250.98065185546875 128.0 -618.6761474609375
v -250.98065185546875 0.0 -618.6761474609375
v -256.63751220703125 0.0 -613.019287109375
v -256.63751220703125 128.0 -613.019287109375
v -245.3238067626953 0.0 -613.019287109375
v -245.3238067626953 128.0 -613.019287109375
v -250.98065185546875 128.0 -607.3624267578125
v -250.98065185546875 0.0 -607.3624267578125
v -245.3238067626953 0.0 -613.019287109375
v -250.98065185546875 0.0 -607.3624267578125
v -256.63751220703125 0.0 -613.019287109375
v -250.98065185546875 0.0 -618.6761474609375
v -250.98065185546875 128.0 -607.3624267578125
v -245.3238067626953 128.0 -613.019287109375
v -250.98065185546875 128.0 -618.6761474609375
v -256.63751220703125 128.0 -613.019287109375
v -250.98065185546875 128.0 -607.3624267578125
v -256.63751220703125 128.0 -613.019287109375
v -256.63751220703125 0.0 -613.019287109375
v -250.98065185546875 0.0 -607.3624267578125
v -250.98065185546875 128.0 -618.6761474609375
v -245.3238067626953 128.0 -613.019287109375
v -245.3238067626953 0.0 -613.019287109375
v -250.98065185546875 0.0 -618.6761474609375
v -205.725830078125 128.0 -663.9310302734375
v -205.725830078125 0.0 -663.9310302734375
v -211.3826904296875 0.0 -658.274169921875
v -211.3826904296875 128.0 -658.274169921875
v -200.0689697265625 0.0 -658.274169921875
v -200.0689697265625 128.0 -658.274169921875
v -205.725830078125 128.0 -652.6173095703125
v -205.725830078125 0.0 -652.6173095703125
v -200.0689697265625 0.0 -658.274169921875
v -205.725830078125 0.0 -652.6173095703125
v -211.3826904296875 0.0 -658.274169921875
v -205.725830078125 0.0 -663.9310302734375
v -205.725830078125 128.0 -652.6173095703125
v -200.0689697265625 128.0 -658.274169921875
v -205.725830078125 128.0 -663.9310302734375
v -211.3826904296875 128.0 -658.274169921875
v -205.725830078125 128.0 -652.6173095703125
v -211.3826904296875 128.0 -658.274169921875
v -211.3826904296875 0.0 -658.274169921875
v -205.725830078125 0.0 -652.6173095703125
v -205.725830078125 128.0 -663.9310302734375
v -200.0689697265625 128.0 -658.274169921875
v -200.0689697265625 0.0 -658.274169921875
v -205.725830078125 0.0 -663.9310302734375
v -160.47100830078125 128.0 -709.1858520507812
v -160.47100830078125 0.0 -709.1858520507812
v -166.12786865234375 0.0 -703.5289916992188
v -166.12786865234375 128.0 -703.5289916992188
v -154.81414794921875 0.0 -703.5289916992188
v -154.81414794921875 128.0 -703.5289916992188
v -160.47100830078125 128.0 -697.8721313476562
v -160.47100830078125 0.0 -697.8721313476562
v -154.81414794921875 0.0 -703.5289916992188
v -160.47100830078125 0.0 -697.8721313476562
v -166.12786865234375 0.0 -703.5289916992188
v -160.47100830078125 0.0 -709.1858520507812
v -160.47100830078125 128.0 -697.8721313476562
v -154.81414794921875 128.0 -703.5289916992188
v -160.47100830078125 128.0 -709.1858520507812
v -166.12786865234375 128.0 -703.5289916992188
v -160.47100830078125 128.0 -697.8721313476562
v -166.12786865234375 128.0 -703.5289916992188
v -166.12786865234375 0.0 -703.5289916992188
v -160.47100830078125 0.0 -697.8721313476562
v -160.47100830078125 128.0 -709.1858520507812
v -154.81414794921875 128.0 -703.5289916992188
v -154.81414794921875 0.0 -703.5289916992188
v -160.47100830078125 0.0 -709.1858520507812
v -115.2161865234375 128.0 -754.440673828125
v -115.2161865234375 0.0 -754.440673828125
v -120.87303924560547 0.0 -748.7838134765625
v -120.87303924560547 128.0 -748.7838134765625
v -109.55933380126953 0.0 -748.7838134765625
v -109.55933380126953 128.0 -748.7838134765625
v -115.2161865234375 128.0 -743.126953125
v -115.2161865234375 0.0 -743.126953125
v -109.55933380126953 0.0 -748.7838134765625
v -115.2161865234375 0.0 -743.126953125
v -120.87303924560547 0.0 -748.7838134765625
v -115.2161865234375 0.0 -754.440673828125
v -115.2161865234375 128.0 -743.126953125
v -109.55933380126953 128.0 -748.7838134765625
v -115.2161865234375 128.0 -754.440673828125
v -120.87303924560547 128.0 -748.7838134765625
v -115.2161865234375 128.0 -743.126953125
v -120.87303924560547 128.0 -748.7838134765625
v -120.87303924560547 0.0 -748.7838134765625
v -115.2161865234375 0.0 -743.126953125
v -115.2161865234375 128.0 -754.440673828125
v -109.55933380126953 128.0 -748.7838134765625
v -109.55933380126953 0.0 -748.7838134765625
v -115.2161865234375 0.0 -754.440673828125
v -477.25482177734375 128.0 -392.4019775390625
v -477.25482177734375 0.0 -392.4019775390625
v -482.91168212890625 0.0 -386.7451171875
v -482.91168212890625 128.0 -386.7451171875
v -471.59796142578125 0.0 -386.7451171875
v -471.59796142578125 128.0 -386.7451171875
v -477.25482177734375 128.0 -381.0882568359375
v -477.25482177734375 0.0 -381.0882568359375
v -471.59796142578125 0.0 -386.7451171875
v -477.25482177734375 0.0 -381.0882568359375
v -482.91168212890625 0.0 -386.7451171875
v -477.25482177734375 0.0 -392.4019775390625
v -477.25482177734375 128.0 -381.0882568359375
v -471.59796142578125 128.0 -386.7451171875
v -477.25482177734375 128.0 -392.4019775390625
v -482.91168212890625 128.0 -386.7451171875
v -477.25482177734375 128.0 -381.0882568359375
v -482.91168212890625 128.0 -386.7451171875
v -482.91168212890625 0.0 -386.7451171875
v -477.25482177734375 0.0 -381.0882568359375
v -477.25482177734375 128.0 -392.4019775390625
v -471.59796142578125 128.0 -386.7451171875
v -471.59796142578125 0.0 -386.7451171875
v -477.25482177734375 0.0 -392.4019775390625
v -431.9999694824219 128.0 -437.6568298339844
v -431.9999694824219 0.0 -437.6568298339844
v -437.6568298339844 0.0 -431.9999694824219
v -437.6568298339844 128.0 -431.9999694824219
v -426.3431091308594 0.0 -431.9999694824219
v -426.3431091308594 128.0 -431.9999694824219
v -431.9999694824219 128.0 -426.3431091308594
v -431.9999694824219 0.0 -426.3431091308594
v -426.3431091308594 0.0 -431.9999694824219
v -431.9999694824219 0.0 -426.3431091308594
v -437.6568298339844 0.0 -431.9999694824219
v -431.9999694824219 0.0 -437.6568298339844
v -431.9999694824219 128.0 -426.3431091308594
v -426.3431091308594 128.0 -431.9999694824219
v -431.9999694824219 128.0 -437.6568298339844
v -437.6568298339844 128.0 -431.9999694824219
v -431.9999694824219 128.0 -426.3431091308594
v -437.6568298339844 128.0 -431.9999694824219
v -437.6568298339844 0.0 -431.9999694824219
v -431.9999694824219 0.0 -426.3431091308594
v -431.9999694824219 128.0 -437.6568298339844
v -426.3431091308594 128.0 -431.9999694824219
v -426.3431091308594 0.0 -431.9999694824219
v -431.9999694824219 0.0 -437.6568298339844
v -386.7451171875 128.0 -482.9116516113281
v -386.7451171875 0.0 -482.9116516113281
v -392.4019775390625 0.0 -477.2547912597656
v -392.4019775390625 128.0 -477.2547912597656
v -381.0882568359375 0.0 -477.2547912597656
v -381.0882568359375 128.0 -477.2547912597656
v -386.7451171875 128.0 -471.5979309082031
v -386.7451171875 0.0 -471.5979309082031
v -381.0882568359375 0.0 -477.2547912597656
v -386.7451171875 0.0 -471.5979309082031
v -392.4019775390625 0.0 -477.2547912597656
v -386.7451171875 0.0 -482.9116516113281
v -386.7451171875 128.0 -471.5979309082031
v -381.0882568359375 128.0 -477.2547912597656
v -386.7451171875 128.0 -482.9116516113281
v -392.4019775390625 128.0 -477.2547912597656
v -386.7451171875 128.0 -471.5979309082031
v -392.4019775390625 128.0 -477.2547912597656
v -392.4019775390625 0.0 -477.2547912597656
v -386.7451171875 0.0 -471.5979309082031
v -386.7451171875 128.0 -482.9116516113281
v -381.0882568359375 128.0 -477.2547912597656
v -381.0882568359375 0.0 -477.2547912597656
v -386.7451171875 0.0 -482.9116516113281
v -341.4903259277344 128.0 -528.16650390625
v -341.4903259277344 0.0 -528.16650390625
v -347.1471862792969 0.0 -522.5096435546875
v -347.1471862792969 128.0 -522.5096435546875
v -335.8334655761719 0.0 -522.5096435546875
v -335.8334655761719 128.0 -522.5096435546875
v -341.4903259277344 128.0 -516.852783203125
v -341.4903259277344 0.0 -516.852783203125
v -335.8334655761719 0.0 -522.5096435546875
v -341.4903259277344 0.0 -516.852783203125
v -347.1471862792969 0.0 -522.5096435546875
v -341.4903259277344 0.0 -528.16650390625
v -341.4903259277344 128.0 -516.852783203125
v -335.8334655761719 128.0 -522.5096435546875
v -341.4903259277344 128.0 -528.16650390625
v -347.1471862792969 128.0 -522.5096435546875
v -341.4903259277344 128.0 -516.852783203125
v -347.1471862792969 128.0 -522.5096435546875
v -347.1471862792969 0.0 -522.5096435546875
v -341.4903259277344 0.0 -516.852783203125
v -341.4903259277344 128.0 -528.16650390625
v -335.8334655761719 128.0 -522.5096435546875
v -335.8334655761719 0.0 -522.5096435546875
v -341.4903259277344 0.0 -528.16650390625
v -296.2354431152344 128.0 -573.4213256835938
v -296.2354431152344 0.0 -573.4213256835938
v -301.8923034667969 0.0 -567.7644653320312
v -301.8923034667969 128.0 -567.7644653320312
v -290.5785827636719 0.0 -567.7644653320312
v -290.5785827636719 128.0 -567.7644653320312
v -296.2354431152344 128.0 -562.1076049804688
v -296.2354431152344 0.0 -562.1076049804688
v -290.5785827636719 0.0 -567.7644653320312
v -296.2354431152344 0.0 -562.1076049804688
v -301.8923034667969 0.0 -567.7644653320312
v -296.2354431152344 0.0 -573.4213256835938
v -296.2354431152344 128.0 -562.1076049804688
v -290.5785827636719 128.0 -567.7644653320312
v -296.2354431152344 128.0 -573.4213256835938
v -301.8923034667969 128.0 -567.7644653320312
v -296.2354431152344 128.0 -562.1076049804688
v -301.8923034667969 128.0 -567.7644653320312
v -301.8923034667969 0.0 -567.7644653320312
v -296.2354431152344 0.0 -562.1076049804688
v -296.2354431152344 128.0 -573.4213256835938
v -290.5785827636719 128.0 -567.7644653320312
v -290.5785827636719 0.0 -567.7644653320312
v -296.2354431152344 0.0 -573.4213256835938
v -245.3238067626953 128.0 -613.019287109375
v -245.3238067626953 0.0 -613.019287109375
v -250.98065185546875 0.0 -618.6761474609375
v -250.98065185546875 128.0 -618.6761474609375
v -250.98065185546875 0.0 -607.3624267578125
v -250.98065185546875 128.0 -607.3624267578125
v -256.63751220703125 128.0 -613.019287109375
v -256.63751220703125 0.0 -613.019287109375
v -250.98065185546875 0.0 -607.3624267578125
v -256.63751220703125 0.0 -613.019287109375
v -250.98065185546875 0.0 -618.6761474609375
v -245.3238067626953 0.0 -613.019287109375
v -256.63751220703125 128.0 -613.019287109375
v -250.98065185546875 128.0 -607.3624267578125
v -245.3238067626953 128.0 -613.019287109375
v -250.98065185546875 128.0 -618.6761474609375
v -256.63751220703125 128.0 -613.019287109375
v -250.98065185546875 128.0 -618.6761474609375
v -250.98065185546875 0.0 -618.6761474609375
v -256.63751220703125 0.0 -613.019287109375
v -245.3238067626953 128.0 -613.019287109375
v -250.98065185546875 128.0 -607.3624267578125
v -250.98065185546875 0.0 -607.3624267578125
v -245.3238067626953 0.0 -613.019287109375
v -748.7838134765625 128.0 -120.8729248046875
v -748.7838134765625 0.0 -120.8729248046875
v -754.440673828125 0.0 -115.216064453125
v -754.440673828125 128.0 -115.216064453125
v -743.126953125 0.0 -115.216064453125
v -743.126953125 128.0 -115.216064453125
v -748.7838134765625 128.0 -109.5592041015625
v -748.7838134765625 0.0 -109.5592041015625
v -743.126953125 0.0 -115.216064453125
v -748.7838134765625 0.0 -109.5592041015625
v -754.440673828125 0.0 -115.216064453125
v -748.7838134765625 0.0 -120.8729248046875
v -748.7838134765625 128.0 -109.5592041015625
v -743.126953125 128.0 -115.216064453125
v -748.7838134765625 128.0 -120.8729248046875
v -754.440673828125 128.0 -115.216064453125
v -748.7838134765625 128.0 -109.5592041015625
v -754.440673828125 128.0 -115.216064453125
v -754.440673828125 0.0 -115.216064453125
v -748.7838134765625 0.0 -109.5592041015625
v -748.7838134765625 128.0 -120.8729248046875
v -743.126953125 128.0 -115.216064453125
v -743.126953125 0.0 -115.216064453125
v -748.7838134765625 0.0 -120.8729248046875
v -703.5289306640625 128.0 -166.1278076171875
v -703.5289306640625 0.0 -166.1278076171875
v -709.185791015625 0.0 -160.470947265625
v -709.185791015625 128.0 -160.470947265625
v -697.8720703125 0.0 -160.470947265625
v -697.8720703125 128.0 -160.470947265625
v -703.5289306640625 128.0 -154.8140869140625
v -703.5289306640625 0.0 -154.8140869140625
v -697.8720703125 0.0 -160.470947265625
v -703.5289306640625 0.0 -154.8140869140625
v -709.185791015625 0.0 -160.470947265625
v -703.5289306640625 0.0 -166.1278076171875
v -703.5289306640625 128.0 -154.8140869140625
v -697.8720703125 128.0 -160.470947265625
v -703.5289306640625 128.0 -166.1278076171875
v -709.185791015625 128.0 -160.470947265625
v -703.5289306640625 128.0 -154.8140869140625
v -709.185791015625 128.0 -160.470947265625
v -709.185791015625 0.0 -160.470947265625
v -703.5289306640625 0.0 -154.8140869140625
v -703.5289306640625 128.0 -166.1278076171875
v -697.8720703125 128.0 -160.470947265625
v -697.8720703125 0.0 -160.470947265625
v -703.5289306640625 0.0 -166.1278076171875
v -658.2741088867188 128.0 -211.38262939453125
v -658.2741088867188 0.0 -211.38262939453125
v -663.9309692382812 0.0 -205.72576904296875
v -663.9309692382812 128.0 -205.72576904296875
v -652.6172485351562 0.0 -205.72576904296875
v -652.6172485351562 128.0 -205.72576904296875
v -658.2741088867188 128.0 -200.06890869140625
v -658.2741088867188 0.0 -200.06890869140625
v -652.6172485351562 0.0 -205.72576904296875
v -658.2741088867188 0.0 -200.06890869140625
v -663.9309692382812 0.0 -205.72576904296875
v -658.2741088867188 0.0 -211.38262939453125
v -658.2741088867188 128.0 -200.06890869140625
v -652.6172485351562 128.0 -205.72576904296875
v -658.2741088867188 128.0 -211.38262939453125
v -663.9309692382812 128.0 -205.72576904296875
v -658.2741088867188 128.0 -200.06890869140625
v -663.9309692382812 128.0 -205.72576904296875
v -663.9309692382812 0.0 -205.72576904296875
v -658.2741088867188 0.0 -200.06890869140625
v -658.2741088867188 128.0 -211.38262939453125
v -652.6172485351562 128.0 -205.72576904296875
v -652.6172485351562 0.0 -205.72576904296875
v -658.2741088867188 0.0 -211.38262939453125
v -613.019287109375 128.0 -256.637451171875
v -613.019287109375 0.0 -256.637451171875
v -618.6761474609375 0.0 -250.9805908203125
v -618.6761474609375 128.0 -250.9805908203125
v -607.3624267578125 0.0 -250.9805908203125
v -607.3624267578125 128.0 -250.9805908203125
v -613.019287109375 128.0 -245.32373046875
v -613.019287109375 0.0 -245.32373046875
v -607.3624267578125 0.0 -250.9805908203125
v -613.019287109375 0.0 -245.32373046875
v -618.6761474609375 0.0 -250.9805908203125
v -613.019287109375 0.0 -256.637451171875
v -613.019287109375 128.0 -245.32373046875
v -607.3624267578125 128.0 -250.9805908203125
v -613.019287109375 128.0 -256.637451171875
v -618.6761474609375 128.0 -250.9805908203125
v -613.019287109375 128.0 -245.32373046875
v -618.6761474609375 128.0 -250.9805908203125
v -618.6761474609375 0.0 -250.9805908203125
v -613.019287109375 0.0 -245.32373046875
v -613.019287109375 128.0 -256.637451171875
v -607.3624267578125 128.0 -250.9805908203125
v -607.3624267578125 0.0 -250.9805908203125
v -613.019287109375 0.0 -256.637451171875
v -567.7644653320312 128.0 -301.8923034667969
v -567.7644653320312 0.0 -301.8923034667969
v -573.4213256835938 0.0 -296.2354431152344
v -573.4213256835938 128.0 -296.2354431152344
v -562.1076049804688 0.0 -296.2354431152344
v -562.1076049804688 128.0 -296.2354431152344
v -567.7644653320312 128.0 -290.5785827636719
v -567.7644653320312 0.0 -290.5785827636719
v -562.1076049804688 0.0 -296.2354431152344
v -567.7644653320312 0.0 -290.5785827636719
v -573.4213256835938 0.0 -296.2354431152344
v -567.7644653320312 0.0 -301.8923034667969
v -567.7644653320312 128.0 -290.5785827636719
v -562.1076049804688 128.0 -296.2354431152344
v -567.7644653320312 128.0 -301.8923034667969
v -573.4213256835938 128.0 -296.2354431152344
v -567.7644653320312 128.0 -290.5785827636719
v -573.4213256835938 128.0 -296.2354431152344
v -573.4213256835938 0.0 -296.2354431152344
v -567.7644653320312 0.0 -290.5785827636719
v -567.7644653320312 128.0 -301.8923034667969
v -562.1076049804688 128.0 -296.2354431152344
v -562.1076049804688 0.0 -296.2354431152344
v -567.7644653320312 0.0 -301.8923034667969
v -516.852783203125 128.0 -341.49029541015625
v -516.852783203125 0.0 -341.49029541015625
v -522.5096435546875 0.0 -347.14715576171875
v -522.5096435546875 128.0 -347.14715576171875
v -522.5096435546875 0.0 -335.83343505859375
v -522.5096435546875 128.0 -335.83343505859375
v -528.16650390625 128.0 -341.49029541015625
v -528.16650390625 0.0 -341.49029541015625
v -522.5096435546875 0.0 -335.83343505859375
v -528.16650390625 0.0 -341.49029541015625
v -522.5096435546875 0.0 -347.14715576171875
v -516.852783203125 0.0 -341.49029541015625
v -528.16650390625 128.0 -341.49029541015625
v -522.5096435546875 128.0 -335.83343505859375
v -516.852783203125 128.0 -341.49029541015625
v -522.5096435546875 128.0 -347.14715576171875
v -528.16650390625 128.0 -341.49029541015625
v -522.5096435546875 128.0 -347.14715576171875
v -522.5096435546875 0.0 -347.14715576171875
v -528.16650390625 0.0 -341.49029541015625
v -516.852783203125 128.0 -341.49029541015625
v -522.5096435546875 128.0 -335.83343505859375
v -522.5096435546875 0.0 -335.83343505859375
v -516.852783203125 0.0 -341.49029541015625
v 92.0 -12.0 -223.99996948242188
v 92.0 4.0 -223.99996948242188
v 92.0 4.0 -992.0
v 92.0 -12.0 -992.0
v 108.0 4.0 -223.99996948242188
v 108.0 -12.0 -223.99996948242188
v 108.0 -12.0 -992.0
v 108.0 4.0 -992.0
v 108.0 -12.0 -992.0
v 108.0 -12.0 -223.99996948242188
v 92.0 -12.0 -223.99996948242188
v 92.0 -12.0 -992.0
v 108.0 4.0 -223.99996948242188
v 108.0 4.0 -992.0
v 92.0 4.0 -992.0
v 92.0 4.0 -223.99996948242188
v 92.0 4.0 -992.0
v 108.0 4.0 -992.0
v 108.0 -12.0 -992.0
v 92.0 -12.0 -992.0
v 108.0 4.0 -223.99996948242188
v 92.0 4.0 -223.99996948242188
v 92.0 -12.0 -223.99996948242188
v 108.0 -12.0 -223.99996948242188
v -108.0 4.0 -768.0
v -108.0 -12.0 -768.0
v -768.0 -12.0 -108.0
v -768.0 4.0 -108.0
v -108.0 -12.0 -744.0
v -108.0 4.0 -744.0
v -745.3262939453125 4.0 -108.0
v -745.3262939453125 -12.0 -108.0
v -108.0 -12.0 -768.0
v -108.0 -12.0 -744.0
v -745.3262939453125 -12.0 -108.0
v -768.0 -12.0 -108.0
v -745.3262939453125 4.0 -108.0
v -108.0 4.0 -744.0
v -108.0 4.0 -768.0
v -768.0 4.0 -108.0
v -108.0 4.0 -744.0
v -108.0 -12.0 -744.0
v -108.0 -12.0 -768.0
v -108.0 4.0 -768.0
v -745.3262939453125 -12.0 -108.0
v -745.3262939453125 4.0 -108.0
v -768.0 4.0 -108.0
v -768.0 -12.0 -108.0
v 991.9999389648438 3.999999523162842 -108.0
v 991.9999389648438 -12.0 -108.0
v -992.0 -12.0 -108.0
v -992.0 3.999999523162842 -108.0
v 991.9999389648438 -12.0 -92.0
v 991.9999389648438 3.999999523162842 -92.0
v -992.0 3.999999523162842 -92.0
v -992.0 -12.0 -92.0
v 991.9999389648438 -12.0 -92.0
v -992.0 -12.0 -92.0
v -992.0 -12.0 -108.0
v 991.9999389648438 -12.0 -108.0
v -992.0 3.999999523162842 -92.0
v 991.9999389648438 3.999999523162842 -92.0
v 991.9999389648438 3.999999523162842 -108.0
v -992.0 3.999999523162842 -108.0
v -992.0 3.999999523162842 -92.0
v -992.0 3.999999523162842 -108.0
v -992.0 -12.0 -108.0
v -992.0 -12.0 -92.0
v 991.9999389648438 3.999999523162842 -108.0
v 991.9999389648438 3.999999523162842 -92.0
v 991.9999389648438 -12.0 -92.0
v 991.9999389648438 -12.0 -108.0
v 991.9999389648438 3.999999523162842 92.0
v 991.9999389648438 -12.0 92.0
v -992.0 -12.0 92.0
v -992.0 3.999999523162842 92.0
v 991.9999389648438 -12.0 108.0
v 991.9999389648438 3.999999523162842 108.0
v -992.0 3.999999523162842 108.0
v -992.0 -12.0 108.0
v 991.9999389648438 -12.0 108.0
v -992.0 -12.0 108.0
v -992.0 -12.0 92.0
v 991.9999389648438 -12.0 92.0
v -992.0 3.999999523162842 108.0
v 991.9999389648438 3.999999523162842 108.0
v 991.9999389648438 3.999999523162842 92.0
v -992.0 3.999999523162842 92.0
v -992.0 3.999999523162842 108.0
v -992.0 3.999999523162842 92.0
v -992.0 -12.0 92.0
v -992.0 -12.0 108.0
v 991.9999389648438 3.999999523162842 92.0
v 991.9999389648438 3.999999523162842 108.0
v 991.9999389648438 -12.0 108.0
v 991.9999389648438 -12.0 92.0
v 928.0 0.0 96.0
v 928.0 128.0 96.0
v 936.0 128.0 96.0
v 936.0 0.0 96.0
v 928.0 128.0 104.0
v 928.0 0.0 104.0
v 936.0 0.0 104.0
v 936.0 128.0 104.0
v 936.0 0.0 104.0
v 928.0 0.0 104.0
v 928.0 0.0 96.0
v 936.0 0.0 96.0
v 928.0 128.0 104.0
v 936.0 128.0 104.0
v 936.0 128.0 96.0
v 928.0 128.0 96.0
v 936.0 128.0 96.0
v 936.0 128.0 104.0
v 936.0 0.0 104.0
v 936.0 0.0 96.0
v 928.0 128.0 104.0
v 928.0 128.0 96.0
v 928.0 0.0 96.0
v 928.0 0.0 104.0
v 864.0 0.0 96.0
v 864.0 128.0 96.0
v 872.0 128.0 96.0
v 872.0 0.0 96.0
v 864.0 128.0 104.0
v 864.0 0.0 104.0
v 872.0 0.0 104.0
v 872.0 128.0 104.0
v 872.0 0.0 104.0
v 864.0 0.0 104.0
v 864.0 0.0 96.0
v 872.0 0.0 96.0
v 864.0 128.0 104.0
v 872.0 128.0 104.0
v 872.0 128.0 96.0
v 864.0 128.0 96.0
v 872.0 128.0 96.0
v 872.0 128.0 104.0
v 872.0 0.0 104.0
v 872.0 0.0 96.0
v 864.0 128.0 104.0
v 864.0 128.0 96.0
v 864.0 0.0 96.0
v 864.0 0.0 104.0
v 800.0 0.0 96.0
v 800.0 128.0 96.0
v 808.0 128.0 96.0
v 808.0 0.0 96.0
v 800.0 128.0 104.0
v 800.0 0.0 104.0
v 808.0 0.0 104.0
v 808.0 128.0 104.0
v 808.0 0.0 104.0
v 800.0 0.0 104.0
v 800.0 0.0 96.0
v 808.0 0.0 96.0
v 800.0 128.0 104.0
v 808.0 128.0 104.0
v 808.0 128.0 96.0
v 800.0 128.0 96.0
v 808.0 128.0 96.0
v 808.0 128.0 104.0
v 808.0 0.0 104.0
v 808.0 0.0 96.0
v 800.0 128.0 104.0
v 800.0 128.0 96.0
v 800.0 0.0 96.0
v 800.0 0.0 104.0
v 736.0 0.0 96.0
v 736.0 128.0 96.0
v 744.0 128.0 96.0
v 744.0 0.0 96.0
v 736.0 128.0 104.0
v 736.0 0.0 104.0
v 744.0 0.0 104.0
v 744.0 128.0 104.0
v 744.0 0.0 104.0
v 736.0 0.0 104.0
v 736.0 0.0 96.0
v 744.0 0.0 96.0
v 736.0 128.0 104.0
v 744.0 128.0 104.0
v 744.0 128.0 96.0
v 736.0 128.0 96.0
v 744.0 128.0 96.0
v 744.0 128.0 104.0
v 744.0 0.0 104.0
v 744.0 0.0 96.0
v 736.0 128.0 104.0
v 736.0 128.0 96.0
v 736.0 0.0 96.0
v 736.0 0.0 104.0
v 672.0 0.0 96.0
v 672.0 128.0 96.0
v 680.0 128.0 96.0
v 680.0 0.0 96.0
v 672.0 128.0 104.0
v 672.0 0.0 104.0
v 680.0 0.0 104.0
v 680.0 128.0 104.0
v 680.0 0.0 104.0
v 672.0 0.0 104.0
v 672.0 0.0 96.0
v 680.0 0.0 96.0
v 672.0 128.0 104.0
v 680.0 128.0 104.0
v 680.0 128.0 96.0
v 672.0 128.0 96.0
v 680.0 128.0 96.0
v 680.0 128.0 104.0
v 680.0 0.0 104.0
v 680.0 0.0 96.0
v 672.0 128.0 104.0
v 672.0 128.0 96.0
v 672.0 0.0 96.0
v 672.0 0.0 104.0
v 608.0 0.0 96.0
v 608.0 128.0 96.0
v 616.0 128.0 96.0
v 616.0 0.0 96.0
v 608.0 128.0 104.0
v 608.0 0.0 104.0
v 616.0 0.0 104.0
v 616.0 128.0 104.0
v 616.0 0.0 104.0
v 608.0 0.0 104.0
v 608.0 0.0 96.0
v 616.0 0.0 96.0
v 608.0 128.0 104.0
v 616.0 128.0 104.0
v 616.0 128.0 96.0
v 608.0 128.0 96.0
v 616.0 128.0 96.0
v 616.0 128.0 104.0
v 616.0 0.0 104.0
v 616.0 0.0 96.0
v 608.0 128.0 104.0
v 608.0 128.0 96.0
v 608.0 0.0 96.0
v 608.0 0.0 104.0
v 544.0 0.0 96.0
v 544.0 128.0 96.0
v 552.0 128.0 96.0
v 552.0 0.0 96.0
v 544.0 128.0 104.0
v 544.0 0.0 104.0
v 552.0 0.0 104.0
v 552.0 128.0 104.0
v 552.0 0.0 104.0
v 544.0 0.0 104.0
v 544.0 0.0 96.0
v 552.0 0.0 96.0
v 544.0 128.0 104.0
v 552.0 128.0 104.0
v 552.0 128.0 96.0
v 544.0 128.0 96.0
v 552.0 128.0 96.0
v 552.0 128.0 104.0
v 552.0 0.0 104.0
v 552.0 0.0 96.0
v 544.0 128.0 104.0
v 544.0 128.0 96.0
v 544.0 0.0 96.0
v 544.0 0.0 104.0
v 480.0 0.0 96.0
v 480.0 128.0 96.0
v 488.0 128.0 96.0
v 488.0 0.0 96.0
v 480.0 128.0 104.0
v 480.0 0.0 104.0
v 488.0 0.0 104.0
v 488.0 128.0 104.0
v 488.0 0.0 104.0
v 480.0 0.0 104.0
v 480.0 0.0 96.0
v 488.0 0.0 96.0
v 480.0 128.0 104.0
v 488.0 128.0 104.0
v 488.0 128.0 96.0
v 480.0 128.0 96.0
v 488.0 128.0 96.0
v 488.0 128.0 104.0
v 488.0 0.0 104.0
v 488.0 0.0 96.0
v 480.0 128.0 104.0
v 480.0 128.0 96.0
v 480.0 0.0 96.0
v 480.0 0.0 104.0
v 416.0 0.0 96.0
v 416.0 128.0 96.0
v 424.0 128.0 96.0
v 424.0 0.0 96.0
v 416.0 128.0 104.0
v 416.0 0.0 104.0
v 424.0 0.0 104.0
v 424.0 128.0 104.0
v 424.0 0.0 104.0
v 416.0 0.0 104.0
v 416.0 0.0 96.0
v 424.0 0.0 96.0
v 416.0 128.0 104.0
v 424.0 128.0 104.0
v 424.0 128.0 96.0
v 416.0 128.0 96.0
v 424.0 128.0 96.0
v 424.0 128.0 104.0
v 424.0 0.0 104.0
v 424.0 0.0 96.0
v 416.0 128.0 104.0
v 416.0 128.0 96.0
v 416.0 0.0 96.0
v 416.0 0.0 104.0
v 352.0 0.0 96.0
v 352.0 128.0 96.0
v 360.0 128.0 96.0
v 360.0 0.0 96.0
v 352.0 128.0 104.0
v 352.0 0.0 104.0
v 360.0 0.0 104.0
v 360.0 128.0 104.0
v 360.0 0.0 104.0
v 352.0 0.0 104.0
v 352.0 0.0 96.0
v 360.0 0.0 96.0
v 352.0 128.0 104.0
v 360.0 128.0 104.0
v 360.0 128.0 96.0
v 352.0 128.0 96.0
v 360.0 128.0 96.0
v 360.0 128.0 104.0
v 360.0 0.0 104.0
v 360.0 0.0 96.0
v 352.0 128.0 104.0
v 352.0 128.0 96.0
v 352.0 0.0 96.0
v 352.0 0.0 104.0
v 288.0 0.0 96.0
v 288.0 128.0 96.0
v 296.0 128.0 96.0
v 296.0 0.0 96.0
v 288.0 128.0 104.0
v 288.0 0.0 104.0
v 296.0 0.0 104.0
v 296.0 128.0 104.0
v 296.0 0.0 104.0
v 288.0 0.0 104.0
v 288.0 0.0 96.0
v 296.0 0.0 96.0
v 288.0 128.0 104.0
v 296.0 128.0 104.0
v 296.0 128.0 96.0
v 288.0 128.0 96.0
v 296.0 128.0 96.0
v 296.0 128.0 104.0
v 296.0 0.0 104.0
v 296.0 0.0 96.0
v 288.0 128.0 104.0
v 288.0 128.0 96.0
v 288.0 0.0 96.0
v 288.0 0.0 104.0
v 928.0 0.0 -104.0
v 928.0 128.0 -104.0
v 936.0 128.0 -104.0
v 936.0 0.0 -104.0
v 928.0 128.0 -96.0
v 928.0 0.0 -96.0
v 936.0 0.0 -96.0
v 936.0 128.0 -96.0
v 936.0 0.0 -96.0
v 928.0 0.0 -96.0
v 928.0 0.0 -104.0
v 936.0 0.0 -104.0
v 928.0 128.0 -96.0
v 936.0 128.0 -96.0
v 936.0 128.0 -104.0
v 928.0 128.0 -104.0
v 936.0 128.0 -104.0
v 936.0 128.0 -96.0
v 936.0 0.0 -96.0
v 936.0 0.0 -104.0
v 928.0 128.0 -96.0
v 928.0 128.0 -104.0
v 928.0 0.0 -104.0
v 928.0 0.0 -96.0
v 864.0 0.0 -104.0
v 864.0 128.0 -104.0
v 872.0 128.0 -104.0
v 872.0 0.0 -104.0
v 864.0 128.0 -96.0
v 864.0 0.0 -96.0
v 872.0 0.0 -96.0
v 872.0 128.0 -96.0
v 872.0 0.0 -96.0
v 864.0 0.0 -96.0
v 864.0 0.0 -104.0
v 872.0 0.0 -104.0
v 864.0 128.0 -96.0
v 872.0 128.0 -96.0
v 872.0 128.0 -104.0
v 864.0 128.0 -104.0
v 872.0 128.0 -104.0
v 872.0 128.0 -96.0
v 872.0 0.0 -96.0
v 872.0 0.0 -104.0
v 864.0 128.0 -96.0
v 864.0 128.0 -104.0
v 864.0 0.0 -104.0
v 864.0 0.0 -96.0
v 800.0 0.0 -104.0
v 800.0 128.0 -104.0
v 808.0 128.0 -104.0
v 808.0 0.0 -104.0
v 800.0 128.0 -96.0
v 800.0 0.0 -96.0
v 808.0 0.0 -96.0
v 808.0 128.0 -96.0
v 808.0 0.0 -96.0
v 800.0 0.0 -96.0
v 800.0 0.0 -104.0
v 808.0 0.0 -104.0
v 800.0 128.0 -96.0
v 808.0 128.0 -96.0
v 808.0 128.0 -104.0
v 800.0 128.0 -104.0
v 808.0 128.0 -104.0
v 808.0 128.0 -96.0
v 808.0 0.0 -96.0
v 808.0 0.0 -104.0
v 800.0 128.0 -96.0
v 800.0 128.0 -104.0
v 800.0 0.0 -104.0
v 800.0 0.0 -96.0
v 96.0 0.0 -984.0
v 96.0 128.0 -984.0
v 96.0 128.0 -992.0
v 96.0 0.0 -992.0
v 104.0 128.0 -984.0
v 104.0 0.0 -984.0
v 104.0 0.0 -992.0
v 104.0 128.0 -992.0
v 104.0 0.0 -992.0
v 104.0 0.0 -984.0
v 96.0 0.0 -984.0
v 96.0 0.0 -992.0
v 104.0 128.0 -984.0
v 104.0 128.0 -992.0
v 96.0 128.0 -992.0
v 96.0 128.0 -984.0
v 96.0 128.0 -992.0
v 104.0 128.0 -992.0
v 104.0 0.0 -992.0
v 96.0 0.0 -992.0
v 104.0 128.0 -984.0
v 96.0 128.0 -984.0
v 96.0 0.0 -984.0
v 104.0 0.0 -984.0
v 96.0 0.0 -920.0
v 96.0 128.0 -920.0
v 96.0 128.0 -928.0
v 96.0 0.0 -928.0
v 104.0 128.0 -920.0
v 104.0 0.0 -920.0
v 104.0 0.0 -928.0
v 104.0 128.0 -928.0
v 104.0 0.0 -928.0
v 104.0 0.0 -920.0
v 96.0 0.0 -920.0
v 96.0 0.0 -928.0
v 104.0 128.0 -920.0
v 104.0 128.0 -928.0
v 96.0 128.0 -928.0
v 96.0 128.0 -920.0
v 96.0 128.0 -928.0
v 104.0 128.0 -928.0
v 104.0 0.0 -928.0
v 96.0 0.0 -928.0
v 104.0 128.0 -920.0
v 96.0 128.0 -920.0
v 96.0 0.0 -920.0
v 104.0 0.0 -920.0
v 96.0 0.0 -856.0
v 96.0 128.0 -856.0
v 96.0 128.0 -864.0
v 96.0 0.0 -864.0
v 104.0 128.0 -856.0
v 104.0 0.0 -856.0
v 104.0 0.0 -864.0
v 104.0 128.0 -864.0
v 104.0 0.0 -864.0
v 104.0 0.0 -856.0
v 96.0 0.0 -856.0
v 96.0 0.0 -864.0
v 104.0 128.0 -856.0
v 104.0 128.0 -864.0
v 96.0 128.0 -864.0
v 96.0 128.0 -856.0
v 96.0 128.0 -864.0
v 104.0 128.0 -864.0
v 104.0 0.0 -864.0
v 96.0 0.0 -864.0
v 104.0 128.0 -856.0
v 96.0 128.0 -856.0
v 96.0 0.0 -856.0
v 104.0 0.0 -856.0
v 96.0 0.0 -792.0
v 96.0 128.0 -792.0
v 96.0 128.0 -800.0
v 96.0 0.0 -800.0
v 104.0 128.0 -792.0
v 104.0 0.0 -792.0
v 104.0 0.0 -800.0
v 104.0 128.0 -800.0
v 104.0 0.0 -800.0
v 104.0 0.0 -792.0
v 96.0 0.0 -792.0
v 96.0 0.0 -800.0
v 104.0 128.0 -792.0
v 104.0 128.0 -800.0
v 96.0 128.0 -800.0
v 96.0 128.0 -792.0
v 96.0 128.0 -800.0
v 104.0 128.0 -800.0
v 104.0 0.0 -800.0
v 96.0 0.0 -800.0
v 104.0 128.0 -792.0
v 96.0 128.0 -792.0
v 96.0 0.0 -792.0
v 104.0 0.0 -792.0
v 250.98065185546875 0.0 -618.6761474609375
v 250.98065185546875 128.0 -618.6761474609375
v 256.63751220703125 128.0 -613.019287109375
v 256.63751220703125 0.0 -613.019287109375
v 245.32379150390625 128.0 -613.019287109375
v 245.32379150390625 0.0 -613.019287109375
v 250.98065185546875 0.0 -607.3624267578125
v 250.98065185546875 128.0 -607.3624267578125
v 250.98065185546875 0.0 -607.3624267578125
v 245.32379150390625 0.0 -613.019287109375
v 250.98065185546875 0.0 -618.6761474609375
v 256.63751220703125 0.0 -613.019287109375
v 245.32379150390625 128.0 -613.019287109375
v 250.98065185546875 128.0 -607.3624267578125
v 256.63751220703125 128.0 -613.019287109375
v 250.98065185546875 128.0 -618.6761474609375
v 256.63751220703125 128.0 -613.019287109375
v 250.98065185546875 128.0 -607.3624267578125
v 250.98065185546875 0.0 -607.3624267578125
v 256.63751220703125 0.0 -613.019287109375
v 245.32379150390625 128.0 -613.019287109375
v 250.98065185546875 128.0 -618.6761474609375
v 250.98065185546875 0.0 -618.6761474609375
v 245.32379150390625 0.0 -613.019287109375
v 205.725830078125 0.0 -663.9310302734375
v 205.725830078125 128.0 -663.9310302734375
v 211.3826904296875 128.0 -658.274169921875
v 211.3826904296875 0.0 -658.274169921875
v 200.0689697265625 128.0 -658.274169921875
v 200.0689697265625 0.0 -658.274169921875
v 205.725830078125 0.0 -652.6173095703125
v 205.725830078125 128.0 -652.6173095703125
v 205.725830078125 0.0 -652.6173095703125
v 200.0689697265625 0.0 -658.274169921875
v 205.725830078125 0.0 -663.9310302734375
v 211.3826904296875 0.0 -658.274169921875
v 200.0689697265625 128.0 -658.274169921875
v 205.725830078125 128.0 -652.6173095703125
v 211.3826904296875 128.0 -658.274169921875
v 205.725830078125 128.0 -663.9310302734375
v 211.3826904296875 128.0 -658.274169921875
v 205.725830078125 128.0 -652.6173095703125
v 205.725830078125 0.0 -652.6173095703125
v 211.3826904296875 0.0 -658.274169921875
v 200.0689697265625 128.0 -658.274169921875
v 205.725830078125 128.0 -663.9310302734375
v 205.725830078125 0.0 -663.9310302734375
v 200.0689697265625 0.0 -658.274169921875
v 160.47100830078125 0.0 -709.1858520507812
v 160.47100830078125 128.0 -709.1858520507812
v 166.12786865234375 128.0 -703.5289916992188
v 166.12786865234375 0.0 -703.5289916992188
v 154.81414794921875 128.0 -703.5289916992188
v 154.81414794921875 0.0 -703.5289916992188
v 160.47100830078125 0.0 -697.8721313476562
v 160.47100830078125 128.0 -697.8721313476562
v 160.47100830078125 0.0 -697.8721313476562
v 154.81414794921875 0.0 -703.5289916992188
v 160.47100830078125 0.0 -709.1858520507812
v 166.12786865234375 0.0 -703.5289916992188
v 154.81414794921875 128.0 -703.5289916992188
v 160.47100830078125 128.0 -697.8721313476562
v 166.12786865234375 128.0 -703.5289916992188
v 160.47100830078125 128.0 -709.1858520507812
v 166.12786865234375 128.0 -703.5289916992188
v 160.47100830078125 128.0 -697.8721313476562
v 160.47100830078125 0.0 -697.8721313476562
v 166.12786865234375 0.0 -703.5289916992188
v 154.81414794921875 128.0 -703.5289916992188
v 160.47100830078125 128.0 -709.1858520507812
v 160.47100830078125 0.0 -709.1858520507812
v 154.81414794921875 0.0 -703.5289916992188
v 115.2161865234375 0.0 -754.440673828125
v 115.2161865234375 128.0 -754.440673828125
v 120.873046875 128.0 -748.7838134765625
v 120.873046875 0.0 -748.7838134765625
v 109.559326171875 128.0 -748.7838134765625
v 109.559326171875 0.0 -748.7838134765625
v 115.2161865234375 0.0 -743.126953125
v 115.2161865234375 128.0 -743.126953125
v 115.2161865234375 0.0 -743.126953125
v 109.559326171875 0.0 -748.7838134765625
v 115.2161865234375 0.0 -754.440673828125
v 120.873046875 0.0 -748.7838134765625
v 109.559326171875 128.0 -748.7838134765625
v 115.2161865234375 128.0 -743.126953125
v 120.873046875 128.0 -748.7838134765625
v 115.2161865234375 128.0 -754.440673828125
v 120.873046875 128.0 -748.7838134765625
v 115.2161865234375 128.0 -743.126953125
v 115.2161865234375 0.0 -743.126953125
v 120.873046875 0.0 -748.7838134765625
v 109.559326171875 128.0 -748.7838134765625
v 115.2161865234375 128.0 -754.440673828125
v 115.2161865234375 0.0 -754.440673828125
v 109.559326171875 0.0 -748.7838134765625
v 477.25482177734375 0.0 -392.4019775390625
v 477.25482177734375 128.0 -392.4019775390625
v 482.91168212890625 128.0 -386.7451171875
v 482.91168212890625 0.0 -386.7451171875
v 471.59796142578125 128.0 -386.7451171875
v 471.59796142578125 0.0 -386.7451171875
v 477.25482177734375 0.0 -381.0882568359375
v 477.25482177734375 128.0 -381.0882568359375
v 477.25482177734375 0.0 -381.0882568359375
v 471.59796142578125 0.0 -386.7451171875
v 477.25482177734375 0.0 -392.4019775390625
v 482.91168212890625 0.0 -386.7451171875
v 471.59796142578125 128.0 -386.7451171875
v 477.25482177734375 128.0 -381.0882568359375
v 482.91168212890625 128.0 -386.7451171875
v 477.25482177734375 128.0 -392.4019775390625
v 482.91168212890625 128.0 -386.7451171875
v 477.25482177734375 128.0 -381.0882568359375
v 477.25482177734375 0.0 -381.0882568359375
v 482.91168212890625 0.0 -386.7451171875
v 471.59796142578125 128.0 -386.7451171875
v 477.25482177734375 128.0 -392.4019775390625
v 477.25482177734375 0.0 -392.4019775390625
v 471.59796142578125 0.0 -386.7451171875
v 432.0 0.0 -437.6568603515625
v 432.0 128.0 -437.6568603515625
v 437.6568603515625 128.0 -432.0
v 437.6568603515625 0.0 -432.0
v 426.3431396484375 128.0 -432.0
v 426.3431396484375 0.0 -432.0
v 432.0 0.0 -426.3431396484375
v 432.0 128.0 -426.3431396484375
v 432.0 0.0 -426.3431396484375
v 426.3431396484375 0.0 -432.0
v 432.0 0.0 -437.6568603515625
v 437.6568603515625 0.0 -432.0
v 426.3431396484375 128.0 -432.0
v 432.0 128.0 -426.3431396484375
v 437.6568603515625 128.0 -432.0
v 432.0 128.0 -437.6568603515625
v 437.6568603515625 128.0 -432.0
v 432.0 128.0 -426.3431396484375
v 432.0 0.0 -426.3431396484375
v 437.6568603515625 0.0 -432.0
v 426.3431396484375 128.0 -432.0
v 432.0 128.0 -437.6568603515625
v 432.0 0.0 -437.6568603515625
v 426.3431396484375 0.0 -432.0
v 386.7451171875 0.0 -482.91162109375
v 386.7451171875 128.0 -482.91162109375
v 392.4019775390625 128.0 -477.2547607421875
v 392.4019775390625 0.0 -477.2547607421875
v 381.0882568359375 128.0 -477.2547607421875
v 381.0882568359375 0.0 -477.2547607421875
v 386.7451171875 0.0 -471.597900390625
v 386.7451171875 128.0 -471.597900390625
v 386.7451171875 0.0 -471.597900390625
v 381.0882568359375 0.0 -477.2547607421875
v 386.7451171875 0.0 -482.91162109375
v 392.4019775390625 0.0 -477.2547607421875
v 381.0882568359375 128.0 -477.2547607421875
v 386.7451171875 128.0 -471.597900390625
v 392.4019775390625 128.0 -477.2547607421875
v 386.7451171875 128.0 -482.91162109375
v 392.4019775390625 128.0 -477.2547607421875
v 386.7451171875 128.0 -471.597900390625
v 386.7451171875 0.0 -471.597900390625
v 392.4019775390625 0.0 -477.2547607421875
v 381.0882568359375 128.0 -477.2547607421875
v 386.7451171875 128.0 -482.91162109375
v 386.7451171875 0.0 -482.91162109375
v 381.0882568359375 0.0 -477.2547607421875
v 341.4903564453125 0.0 -528.16650390625
v 341.4903564453125 128.0 -528.16650390625
v 347.147216796875 128.0 -522.5096435546875
v 347.147216796875 0.0 -522.5096435546875
v 335.83349609375 128.0 -522.5096435546875
v 335.83349609375 0.0 -522.5096435546875
v 341.4903564453125 0.0 -516.852783203125
v 341.4903564453125 128.0 -516.852783203125
v 341.4903564453125 0.0 -516.852783203125
v 335.83349609375 0.0 -522.5096435546875
v 341.4903564453125 0.0 -528.16650390625
v 347.147216796875 0.0 -522.5096435546875
v 335.83349609375 128.0 -522.5096435546875
v 341.4903564453125 128.0 -516.852783203125
v 347.147216796875 128.0 -522.5096435546875
v 341.4903564453125 128.0 -528.16650390625
v 347.147216796875 128.0 -522.5096435546875
v 341.4903564453125 128.0 -516.852783203125
v 341.4903564453125 0.0 -516.852783203125
v 347.147216796875 0.0 -522.5096435546875
v 335.83349609375 128.0 -522.5096435546875
v 341.4903564453125 128.0 -528.16650390625
v 341.4903564453125 0.0 -528.16650390625
v 335.83349609375 0.0 -522.5096435546875
v 296.2354736328125 0.0 -573.4213256835938
v 296.2354736328125 128.0 -573.4213256835938
v 301.892333984375 128.0 -567.7644653320312
v 301.892333984375 0.0 -567.7644653320312
v 290.57861328125 128.0 -567.7644653320312
v 290.57861328125 0.0 -567.7644653320312
v 296.2354736328125 0.0 -562.1076049804688
v 296.2354736328125 128.0 -562.1076049804688
v 296.2354736328125 0.0 -562.1076049804688
v 290.57861328125 0.0 -567.7644653320312
v 296.2354736328125 0.0 -573.4213256835938
v 301.892333984375 0.0 -567.7644653320312
v 290.57861328125 128.0 -567.7644653320312
v 296.2354736328125 128.0 -562.1076049804688
v 301.892333984375 128.0 -567.7644653320312
v 296.2354736328125 128.0 -573.4213256835938
v 301.892333984375 128.0 -567.7644653320312
v 296.2354736328125 128.0 -562.1076049804688
v 296.2354736328125 0.0 -562.1076049804688
v 301.892333984375 0.0 -567.7644653320312
v 290.57861328125 128.0 -567.7644653320312
v 296.2354736328125 128.0 -573.4213256835938
v 296.2354736328125 0.0 -573.4213256835938
v 290.57861328125 0.0 -567.7644653320312
v 245.32379150390625 0.0 -613.019287109375
v 245.32379150390625 128.0 -613.019287109375
v 250.98065185546875 128.0 -618.6761474609375
v 250.98065185546875 0.0 -618.6761474609375
v 250.98065185546875 128.0 -607.3624267578125
v 250.98065185546875 0.0 -607.3624267578125
v 256.63751220703125 0.0 -613.019287109375
v 256.63751220703125 128.0 -613.019287109375
v 256.63751220703125 0.0 -613.019287109375
v 250.98065185546875 0.0 -607.3624267578125
v 245.32379150390625 0.0 -613.019287109375
v 250.98065185546875 0.0 -618.6761474609375
v 250.98065185546875 128.0 -607.3624267578125
v 256.63751220703125 128.0 -613.019287109375
v 250.98065185546875 128.0 -618.6761474609375
v 245.32379150390625 128.0 -613.019287109375
v 250.98065185546875 128.0 -618.6761474609375
v 256.63751220703125 128.0 -613.019287109375
v 256.63751220703125 0.0 -613.019287109375
v 250.98065185546875 0.0 -618.6761474609375
v 250.98065185546875 128.0 -607.3624267578125
v 245.32379150390625 128.0 -613.019287109375
v 245.32379150390625 0.0 -613.019287109375
v 250.98065185546875 0.0 -607.3624267578125
v 748.7838134765625 0.0 -120.8729248046875
v 748.7838134765625 128.0 -120.8729248046875
v 754.440673828125 128.0 -115.216064453125
v 754.440673828125 0.0 -115.216064453125
v 743.126953125 128.0 -115.216064453125
v 743.126953125 0.0 -115.216064453125
v 748.7838134765625 0.0 -109.5592041015625
v 748.7838134765625 128.0 -109.5592041015625
v 748.7838134765625 0.0 -109.5592041015625
v 743.126953125 0.0 -115.216064453125
v 748.7838134765625 0.0 -120.8729248046875
v 754.440673828125 0.0 -115.216064453125
v 743.126953125 128.0 -115.216064453125
v 748.7838134765625 128.0 -109.5592041015625
v 754.440673828125 128.0 -115.216064453125
v 748.7838134765625 128.0 -120.8729248046875
v 754.440673828125 128.0 -115.216064453125
v 748.7838134765625 128.0 -109.5592041015625
v 748.7838134765625 0.0 -109.5592041015625
v 754.440673828125 0.0 -115.216064453125
v 743.126953125 128.0 -115.216064453125
v 748.7838134765625 128.0 -120.8729248046875
v 748.7838134765625 0.0 -120.8729248046875
v 743.126953125 0.0 -115.216064453125
v 703.5289306640625 0.0 -166.1278076171875
v 703.5289306640625 128.0 -166.1278076171875
v 709.185791015625 128.0 -160.470947265625
v 709.185791015625 0.0 -160.470947265625
v 697.8720703125 128.0 -160.470947265625
v 697.8720703125 0.0 -160.470947265625
v 703.5289306640625 0.0 -154.8140869140625
v 703.5289306640625 128.0 -154.8140869140625
v 703.5289306640625 0.0 -154.8140869140625
v 697.8720703125 0.0 -160.470947265625
v 703.5289306640625 0.0 -166.1278076171875
v 709.185791015625 0.0 -160.470947265625
v 697.8720703125 128.0 -160.470947265625
v 703.5289306640625 128.0 -154.8140869140625
v 709.185791015625 128.0 -160.470947265625
v 703.5289306640625 128.0 -166.1278076171875
v 709.185791015625 128.0 -160.470947265625
v 703.5289306640625 128.0 -154.8140869140625
v 703.5289306640625 0.0 -154.8140869140625
v 709.185791015625 0.0 -160.470947265625
v 697.8720703125 128.0 -160.470947265625
v 703.5289306640625 128.0 -166.1278076171875
v 703.5289306640625 0.0 -166.1278076171875
v 697.8720703125 0.0 -160.470947265625
v 658.2741088867188 0.0 -211.38262939453125
v 658.2741088867188 128.0 -211.38262939453125
v 663.9309692382812 128.0 -205.72576904296875
v 663.9309692382812 0.0 -205.72576904296875
v 652.6172485351562 128.0 -205.72576904296875
v 652.6172485351562 0.0 -205.72576904296875
v 658.2741088867188 0.0 -200.06890869140625
v 658.2741088867188 128.0 -200.06890869140625
v 658.2741088867188 0.0 -200.06890869140625
v 652.6172485351562 0.0 -205.72576904296875
v 658.2741088867188 0.0 -211.38262939453125
v 663.9309692382812 0.0 -205.72576904296875
v 652.6172485351562 128.0 -205.72576904296875
v 658.2741088867188 128.0 -200.06890869140625
v 663.9309692382812 128.0 -205.72576904296875
v 658.2741088867188 128.0 -211.38262939453125
v 663.9309692382812 128.0 -205.72576904296875
v 658.2741088867188 128.0 -200.06890869140625
v 658.2741088867188 0.0 -200.06890869140625
v 663.9309692382812 0.0 -205.72576904296875
v 652.6172485351562 128.0 -205.72576904296875
v 658.2741088867188 128.0 -211.38262939453125
v 658.2741088867188 0.0 -211.38262939453125
v 652.6172485351562 0.0 -205.72576904296875
v 613.019287109375 0.0 -256.637451171875
v 613.019287109375 128.0 -256.637451171875
v 618.6761474609375 128.0 -250.9805908203125
v 618.6761474609375 0.0 -250.9805908203125
v 607.3624267578125 128.0 -250.9805908203125
v 607.3624267578125 0.0 -250.9805908203125
v 613.019287109375 0.0 -245.32373046875
v 613.019287109375 128.0 -245.32373046875
v 613.019287109375 0.0 -245.32373046875
v 607.3624267578125 0.0 -250.9805908203125
v 613.019287109375 0.0 -256.637451171875
v 618.6761474609375 0.0 -250.9805908203125
v 607.3624267578125 128.0 -250.9805908203125
v 613.019287109375 128.0 -245.32373046875
v 618.6761474609375 128.0 -250.9805908203125
v 613.019287109375 128.0 -256.637451171875
v 618.6761474609375 128.0 -250.9805908203125
v 613.019287109375 128.0 -245.32373046875
v 613.019287109375 0.0 -245.32373046875
v 618.6761474609375 0.0 -250.9805908203125
v 607.3624267578125 128.0 -250.9805908203125
v 613.019287109375 128.0 -256.637451171875
v 613.019287109375 0.0 -256.637451171875
v 607.3624267578125 0.0 -250.9805908203125
v 567.764404296875 0.0 -301.892333984375
v 567.764404296875 128.0 -301.892333984375
v 573.4212646484375 128.0 -296.2354736328125
v 573.4212646484375 0.0 -296.2354736328125
v 562.1075439453125 128.0 -296.2354736328125
v 562.1075439453125 0.0 -296.2354736328125
v 567.764404296875 0.0 -290.57861328125
v 567.764404296875 128.0 -290.57861328125
v 567.764404296875 0.0 -290.57861328125
v 562.1075439453125 0.0 -296.2354736328125
v 567.764404296875 0.0 -301.892333984375
v 573.4212646484375 0.0 -296.2354736328125
v 562.1075439453125 128.0 -296.2354736328125
v 567.764404296875 128.0 -290.57861328125
v 573.4212646484375 128.0 -296.2354736328125
v 567.764404296875 128.0 -301.892333984375
v 573.4212646484375 128.0 -296.2354736328125
v 567.764404296875 128.0 -290.57861328125
v 567.764404296875 0.0 -290.57861328125
v 573.4212646484375 0.0 -296.2354736328125
v 562.1075439453125 128.0 -296.2354736328125
v 567.764404296875 128.0 -301.892333984375
v 567.764404296875 0.0 -301.892333984375
v 562.1075439453125 0.0 -296.2354736328125
v 516.852783203125 0.0 -341.4903564453125
v 516.852783203125 128.0 -341.4903564453125
v 522.5096435546875 128.0 -347.147216796875
v 522.5096435546875 0.0 -347.147216796875
v 522.5096435546875 128.0 -335.83349609375
v 522.5096435546875 0.0 -335.83349609375
v 528.16650390625 0.0 -341.4903564453125
v 528.16650390625 128.0 -341.4903564453125
v 528.16650390625 0.0 -341.4903564453125
v 522.5096435546875 0.0 -335.83349609375
v 516.852783203125 0.0 -341.4903564453125
v 522.5096435546875 0.0 -347.147216796875
v 522.5096435546875 128.0 -335.83349609375
v 528.16650390625 128.0 -341.4903564453125
v 522.5096435546875 128.0 -347.147216796875
v 516.852783203125 128.0 -341.4903564453125
v 522.5096435546875 128.0 -347.147216796875
v 528.16650390625 128.0 -341.4903564453125
v 528.16650390625 0.0 -341.4903564453125
v 522.5096435546875 0.0 -347.147216796875
v 522.5096435546875 128.0 -335.83349609375
v 516.852783203125 128.0 -341.4903564453125
v 516.852783203125 0.0 -341.4903564453125
v 522.5096435546875 0.0 -335.83349609375
v 111.313720703125 128.0 -764.0
v 108.0 128.0 -767.313720703125
v 108.0 136.0 -767.313720703125
v 111.313720703125 136.0 -764.0
v 111.313720703125 128.0 -764.0
v 108.0 128.0 -764.0
v 108.0 128.0 -767.313720703125
v 108.0 136.0 -764.0
v 111.313720703125 136.0 -764.0
v 108.0 136.0 -767.313720703125
v 111.313720703125 136.0 -764.0
v 108.0 136.0 -764.0
v 108.0 128.0 -764.0
v 111.313720703125 128.0 -764.0
v 108.0 136.0 -767.313720703125
v 108.0 128.0 -767.313720703125
v 108.0 128.0 -764.0
v 108.0 136.0 -764.0
v 108.0 -12.0 -768.0
v 108.0 4.0 -768.0
v 768.0 4.0 -108.0
v 768.0 -12.0 -108.0
v 108.0 4.0 -744.0
v 108.0 -12.0 -744.0
v 745.3262939453125 -12.0 -108.0
v 745.3262939453125 4.0 -108.0
v 108.0 -12.0 -744.0
v 108.0 -12.0 -768.0
v 768.0 -12.0 -108.0
v 745.3262939453125 -12.0 -108.0
v 108.0 4.0 -744.0
v 745.3262939453125 4.0 -108.0
v 768.0 4.0 -108.0
v 108.0 4.0 -768.0
v 108.0 -12.0 -744.0
v 108.0 4.0 -744.0
v 108.0 4.0 -768.0
v 108.0 -12.0 -768.0
v 745.3262939453125 4.0 -108.0
v 745.3262939453125 -12.0 -108.0
v 768.0 -12.0 -108.0
v 768.0 4.0 -108.0
v 240.0 48.0 -240.0
v 240.0 -16.0 -240.0
v -240.0 -16.0 -240.0
v -240.0 48.0 -240.0
v 240.0 -16.0 320.0
v -240.0 -16.0 320.0
v -240.0 -16.0 -240.0
v 240.0 -16.0 -240.0
v -240.0 48.0 320.0
v 240.0 48.0 320.0
v 240.0 48.0 -240.0
v -240.0 48.0 -240.0
v -240.0 48.0 320.0
v -240.0 48.0 -240.0
v -240.0 -16.0 -240.0
v -240.0 -16.0 320.0
v 240.0 48.0 -240.0
v 240.0 48.0 320.0
v 240.0 -16.0 320.0
v 240.0 -16.0 -240.0
v 236.0 384.0 -236.0
v 236.0 47.99998474121094 -236.0
v 212.0 47.99998474121094 -236.0
v 212.0 384.0 -236.0
v 236.0 47.99998474121094 -212.0
v 236.0 384.0 -212.0
v 212.0 384.0 -212.0
v 212.0 47.99998474121094 -212.0
v 236.0 47.99998474121094 -212.0
v 212.0 47.99998474121094 -212.0
v 212.0 47.99998474121094 -236.0
v 236.0 47.99998474121094 -236.0
v 212.0 384.0 -212.0
v 236.0 384.0 -212.0
v 236.0 384.0 -236.0
v 212.0 384.0 -236.0
v 212.0 384.0 -212.0
v 212.0 384.0 -236.0
v 212.0 47.99998474121094 -236.0
v 212.0 47.99998474121094 -212.0
v 236.0 384.0 -236.0
v 236.0 384.0 -212.0
v 236.0 47.99998474121094 -212.0
v 236.0 47.99998474121094 -236.0
v -216.0 384.0 -240.0
v -216.0 47.99998474121094 -240.0
v -240.0 47.99998474121094 -240.0
v -240.0 384.0 -240.0
v -216.0 47.99998474121094 -216.0
v -216.0 384.0 -216.0
v -240.0 384.0 -216.0
v -240.0 47.99998474121094 -216.0
v -216.0 47.99998474121094 -216.0
v -240.0 47.99998474121094 -216.0
v -240.0 47.99998474121094 -240.0
v -216.0 47.99998474121094 -240.0
v -240.0 384.0 -216.0
v -216.0 384.0 -216.0
v -216.0 384.0 -240.0
v -240.0 384.0 -240.0
v -240.0 384.0 -216.0
v -240.0 384.0 -240.0
v -240.0 47.99998474121094 -240.0
v -240.0 47.99998474121094 -216.0
v -216.0 384.0 -240.0
v -216.0 384.0 -216.0
v -216.0 47.99998474121094 -216.0
v -216.0 47.99998474121094 -240.0
v 992.0 72.0 -102.0
v 992.0 -12.0 -102.0
v 764.0 -12.0 -102.0
v 764.0 72.0 -102.0
v 992.0 -12.0 -98.0
v 992.0 72.0 -98.0
v 764.0 72.0 -98.0
v 764.0 -12.0 -98.0
v 992.0 -12.0 -98.0
v 764.0 -12.0 -98.0
v 764.0 -12.0 -102.0
v 992.0 -12.0 -102.0
v 764.0 72.0 -98.0
v 992.0 72.0 -98.0
v 992.0 72.0 -102.0
v 764.0 72.0 -102.0
v 764.0 72.0 -98.0
v 764.0 72.0 -102.0
v 764.0 -12.0 -102.0
v 764.0 -12.0 -98.0
v 992.0 72.0 -102.0
v 992.0 72.0 -98.0
v 992.0 -12.0 -98.0
v 992.0 -12.0 -102.0
v 992.0 72.0 98.0
v 992.0 -12.0 98.0
v 224.0 -12.0 98.0
v 224.0 72.0 98.0
v 992.0 -12.0 102.0
v 992.0 72.0 102.0
v 224.0 72.0 102.0
v 224.0 -12.0 102.0
v 992.0 -12.0 102.0
v 224.0 -12.0 102.0
v 224.0 -12.0 98.0
v 992.0 -12.0 98.0
v 224.0 72.0 102.0
v 992.0 72.0 102.0
v 992.0 72.0 98.0
v 224.0 72.0 98.0
v 224.0 72.0 102.0
v 224.0 72.0 98.0
v 224.0 -12.0 98.0
v 224.0 -12.0 102.0
v 992.0 72.0 98.0
v 992.0 72.0 102.0
v 992.0 -12.0 102.0
v 992.0 -12.0 98.0
v -1000.0 -12.0 -102.0
v -1000.0 72.0 -102.0
v -772.0 72.0 -102.0
v -772.0 -12.0 -102.0
v -1000.0 72.0 -98.0
v -1000.0 -12.0 -98.0
v -772.0 -12.0 -98.0
v -772.0 72.0 -98.0
v -772.0 -12.0 -98.0
v -1000.0 -12.0 -98.0
v -1000.0 -12.0 -102.0
v -772.0 -12.0 -102.0
v -1000.0 72.0 -98.0
v -772.0 72.0 -98.0
v -772.0 72.0 -102.0
v -1000.0 72.0 -102.0
v -772.0 72.0 -102.0
v -772.0 72.0 -98.0
v -772.0 -12.0 -98.0
v -772.0 -12.0 -102.0
v -1000.0 72.0 -98.0
v -1000.0 72.0 -102.0
v -1000.0 -12.0 -102.0
v -1000.0 -12.0 -98.0
v -1000.0 -12.0 98.0
v -1000.0 72.0 98.0
v -232.0 72.0 98.0
v -232.0 -12.0 98.0
v -1000.0 72.0 102.0
v -1000.0 -12.0 102.0
v -232.0 -12.0 102.0
v -232.0 72.0 102.0
v -232.0 -12.0 102.0
v -1000.0 -12.0 102.0
v -1000.0 -12.0 98.0
v -232.0 -12.0 98.0
v -1000.0 72.0 102.0
v -232.0 72.0 102.0
v -232.0 72.0 98.0
v -1000.0 72.0 98.0
v -232.0 72.0 98.0
v -232.0 72.0 102.0
v -232.0 -12.0 102.0
v -232.0 -12.0 98.0
v -1000.0 72.0 102.0
v -1000.0 72.0 98.0
v -1000.0 -12.0 98.0
v -1000.0 -12.0 102.0
v -102.0 -12.0 -768.0
v -102.0 72.0 -768.0
v -102.0 72.0 -984.0
v -102.0 -12.0 -984.0
v -98.0 72.0 -768.0
v -98.0 -12.0 -768.0
v -98.0 -12.0 -984.0
v -98.0 72.0 -984.0
v -98.0 -12.0 -984.0
v -98.0 -12.0 -768.0
v -102.0 -12.0 -768.0
v -102.0 -12.0 -984.0
v -98.0 72.0 -768.0
v -98.0 72.0 -984.0
v -102.0 72.0 -984.0
v -102.0 72.0 -768.0
v -102.0 72.0 -984.0
v -98.0 72.0 -984.0
v -98.0 -12.0 -984.0
v -102.0 -12.0 -984.0
v -98.0 72.0 -768.0
v -102.0 72.0 -768.0
v -102.0 -12.0 -768.0
v -98.0 -12.0 -768.0
v 98.0 -12.0 -768.0
v 98.0 72.0 -768.0
v 98.0 72.0 -984.0
v 98.0 -12.0 -984.0
v 102.0 72.0 -768.0
v 102.0 -12.0 -768.0
v 102.0 -12.0 -984.0
v 102.0 72.0 -984.0
v 102.0 -12.0 -984.0
v 102.0 -12.0 -768.0
v 98.0 -12.0 -768.0
v 98.0 -12.0 -984.0
v 102.0 72.0 -768.0
v 102.0 72.0 -984.0
v 98.0 72.0 -984.0
v 98.0 72.0 -768.0
v 98.0 72.0 -984.0
v 102.0 72.0 -984.0
v 102.0 -12.0 -984.0
v 98.0 -12.0 -984.0
v 102.0 72.0 -768.0
v 98.0 72.0 -768.0
v 98.0 -12.0 -768.0
v 102.0 -12.0 -768.0
v 112.0 144.0 -752.0
v 112.0 0.0 -752.0
v 112.0 0.0 -776.0
v 112.0 144.0 -776.0
v 88.0 0.0 -752.0
v 88.0 144.0 -752.0
v 88.0 144.0 -776.0
v 88.0 0.0 -776.0
v 88.0 0.0 -752.0
v 88.0 0.0 -776.0
v 112.0 0.0 -776.0
v 112.0 0.0 -752.0
v 88.0 144.0 -776.0
v 88.0 144.0 -752.0
v 112.0 144.0 -752.0
v 112.0 144.0 -776.0
v 88.0 144.0 -776.0
v 112.0 144.0 -776.0
v 112.0 0.0 -776.0
v 88.0 0.0 -776.0
v 112.0 144.0 -752.0
v 88.0 144.0 -752.0
v 88.0 0.0 -752.0
v 112.0 0.0 -752.0
v 762.0 -12.0 -98.0
v 762.0 72.0 -98.0
v 98.0 72.0 -762.0
v 98.0 -12.0 -762.0
v 762.0 72.0 -102.0
v 762.0 -12.0 -102.0
v 104.0 -12.0 -762.0
v 104.0 72.0 -762.0
v 104.0 -12.0 -762.0
v 762.0 -12.0 -102.0
v 762.0 -12.0 -98.0
v 98.0 -12.0 -762.0
v 762.0 72.0 -102.0
v 104.0 72.0 -762.0
v 98.0 72.0 -762.0
v 762.0 72.0 -98.0
v 98.0 72.0 -762.0
v 104.0 72.0 -762.0
v 104.0 -12.0 -762.0
v 98.0 -12.0 -762.0
v 762.0 72.0 -102.0
v 762.0 72.0 -98.0
v 762.0 -12.0 -98.0
v 762.0 -12.0 -102.0
v -764.0 72.0 -98.0
v -764.0 -12.0 -98.0
v -98.0 -12.0 -762.0
v -98.0 72.0 -762.0
v -764.0 -12.0 -102.0
v -764.0 72.0 -102.0
v -104.0 72.0 -762.0
v -104.0 -12.0 -762.0
v -764.0 -12.0 -102.0
v -104.0 -12.0 -762.0
v -98.0 -12.0 -762.0
v -764.0 -12.0 -98.0
v -104.0 72.0 -762.0
v -764.0 72.0 -102.0
v -764.0 72.0 -98.0
v -98.0 72.0 -762.0
v -104.0 72.0 -762.0
v -98.0 72.0 -762.0
v -98.0 -12.0 -762.0
v -104.0 -12.0 -762.0
v -764.0 72.0 -98.0
v -764.0 72.0 -102.0
v -764.0 -12.0 -102.0
v -764.0 -12.0 -98.0
v 752.0 144.0 -88.0
v 752.0 0.0 -88.0
v 776.0 0.0 -88.0
v 776.0 144.0 -88.0
v 752.0 0.0 -112.0
v 752.0 144.0 -112.0
v 776.0 144.0 -112.0
v 776.0 0.0 -112.0
v 752.0 0.0 -112.0
v 776.0 0.0 -112.0
v 776.0 0.0 -88.0
v 752.0 0.0 -88.0
v 776.0 144.0 -112.0
v 752.0 144.0 -112.0
v 752.0 144.0 -88.0
v 776.0 144.0 -88.0
v 776.0 144.0 -112.0
v 776.0 144.0 -88.0
v 776.0 0.0 -88.0
v 776.0 0.0 -112.0
v 752.0 144.0 -88.0
v 752.0 144.0 -112.0
v 752.0 0.0 -112.0
v 752.0 0.0 -88.0
v -112.0 0.0 -752.0
v -112.0 144.0 -752.0
v -112.0 144.0 -776.0
v -112.0 0.0 -776.0
v -88.0 144.0 -752.0
v -88.0 0.0 -752.0
v -88.0 0.0 -776.0
v -88.0 144.0 -776.0
v -88.0 0.0 -776.0
v -88.0 0.0 -752.0
v -112.0 0.0 -752.0
v -112.0 0.0 -776.0
v -88.0 144.0 -752.0
v -88.0 144.0 -776.0
v -112.0 144.0 -776.0
v -112.0 144.0 -752.0
v -112.0 144.0 -776.0
v -88.0 144.0 -776.0
v -88.0 0.0 -776.0
v -112.0 0.0 -776.0
v -88.0 144.0 -752.0
v -112.0 144.0 -752.0
v -112.0 0.0 -752.0
v -88.0 0.0 -752.0
v -752.0 0.0 -88.0
v -752.0 144.0 -88.0
v -776.0 144.0 -88.0
v -776.0 0.0 -88.0
v -752.0 144.0 -112.0
v -752.0 0.0 -112.0
v -776.0 0.0 -112.0
v -776.0 144.0 -112.0
v -776.0 0.0 -112.0
v -752.0 0.0 -112.0
v -752.0 0.0 -88.0
v -776.0 0.0 -88.0
v -752.0 144.0 -112.0
v -776.0 144.0 -112.0
v -776.0 144.0 -88.0
v -752.0 144.0 -88.0
v -776.0 144.0 -88.0
v -776.0 144.0 -112.0
v -776.0 0.0 -112.0
v -776.0 0.0 -88.0
v -752.0 144.0 -112.0
v -752.0 144.0 -88.0
v -752.0 0.0 -88.0
v -752.0 0.0 -112.0
v 176.0 295.91204833984375 -230.08795166015625
v 176.0 295.91204833984375 -233.91204833984375
v 176.0 319.91204833984375 -233.91204833984375
v 176.0 319.91204833984375 -230.08795166015625
v 136.0 295.91204833984375 -233.91204833984375
v 136.0 295.91204833984375 -230.08795166015625
v 136.0 319.91204833984375 -230.08795166015625
v 136.0 319.91204833984375 -233.91204833984375
v 136.0 295.91204833984375 -233.91204833984375
v 136.0 319.91204833984375 -233.91204833984375
v 176.0 319.91204833984375 -233.91204833984375
v 176.0 295.91204833984375 -233.91204833984375
v 136.0 319.91204833984375 -230.08795166015625
v 136.0 295.91204833984375 -230.08795166015625
v 176.0 295.91204833984375 -230.08795166015625
v 176.0 319.91204833984375 -230.08795166015625
v 136.0 319.91204833984375 -230.08795166015625
v 176.0 319.91204833984375 -230.08795166015625
v 176.0 319.91204833984375 -233.91204833984375
v 136.0 319.91204833984375 -233.91204833984375
v 176.0 295.91204833984375 -230.08795166015625
v 136.0 295.91204833984375 -230.08795166015625
v 136.0 295.91204833984375 -233.91204833984375
v 176.0 295.91204833984375 -233.91204833984375
v -136.0 295.91204833984375 -230.08795166015625
v -136.0 295.91204833984375 -233.91204833984375
v -136.0 319.91204833984375 -233.91204833984375
v -136.0 319.91204833984375 -230.08795166015625
v -176.0 295.91204833984375 -233.91204833984375
v -176.0 295.91204833984375 -230.08795166015625
v -176.0 319.91204833984375 -230.08795166015625
v -176.0 319.91204833984375 -233.91204833984375
v -176.0 295.91204833984375 -233.91204833984375
v -176.0 319.91204833984375 -233.91204833984375
v -136.0 319.91204833984375 -233.91204833984375
v -136.0 295.91204833984375 -233.91204833984375
v -176.0 319.91204833984375 -230.08795166015625
v -176.0 295.91204833984375 -230.08795166015625
v -136.0 295.91204833984375 -230.08795166015625
v -136.0 319.91204833984375 -230.08795166015625
v -176.0 319.91204833984375 -230.08795166015625
v -136.0 319.91204833984375 -230.08795166015625
v -136.0 319.91204833984375 -233.91204833984375
v -176.0 319.91204833984375 -233.91204833984375
v -136.0 295.91204833984375 -230.08795166015625
v -176.0 295.91204833984375 -230.08795166015625
v -176.0 295.91204833984375 -233.91204833984375
v -136.0 295.91204833984375 -233.91204833984375
v 20.0 295.91204833984375 -230.08795166015625
v 20.0 295.91204833984375 -233.91204833984375
v 20.0 319.91204833984375 -233.91204833984375
v 20.0 319.91204833984375 -230.08795166015625
v -20.0 295.91204833984375 -233.91204833984375
v -20.0 295.91204833984375 -230.08795166015625
v -20.0 319.91204833984375 -230.08795166015625
v -20.0 319.91204833984375 -233.91204833984375
v -20.0 295.91204833984375 -233.91204833984375
v -20.0 319.91204833984375 -233.91204833984375
v 20.0 319.91204833984375 -233.91204833984375
v 20.0 295.91204833984375 -233.91204833984375
v -20.0 319.91204833984375 -230.08795166015625
v -20.0 295.91204833984375 -230.08795166015625
v 20.0 295.91204833984375 -230.08795166015625
v 20.0 319.91204833984375 -230.08795166015625
v -20.0 319.91204833984375 -230.08795166015625
v 20.0 319.91204833984375 -230.08795166015625
v 20.0 319.91204833984375 -233.91204833984375
v -20.0 319.91204833984375 -233.91204833984375
v 20.0 295.91204833984375 -230.08795166015625
v -20.0 295.91204833984375 -230.08795166015625
v -20.0 295.91204833984375 -233.91204833984375
v 20.0 295.91204833984375 -233.91204833984375
v -230.0879364013672 295.91204833984375 -160.0
v -233.9120330810547 295.91204833984375 -160.0
v -233.9120330810547 319.91204833984375 -160.0
v -230.0879364013672 319.91204833984375 -160.0
v -233.9120330810547 295.91204833984375 -120.0
v -230.0879364013672 295.91204833984375 -120.0
v -230.0879364013672 319.91204833984375 -120.0
v -233.9120330810547 319.91204833984375 -120.0
v -233.9120330810547 295.91204833984375 -120.0
v -233.9120330810547 319.91204833984375 -120.0
v -233.9120330810547 319.91204833984375 -160.0
v -233.9120330810547 295.91204833984375 -160.0
v -230.0879364013672 319.91204833984375 -120.0
v -230.0879364013672 295.91204833984375 -120.0
v -230.0879364013672 295.91204833984375 -160.0
v -230.0879364013672 319.91204833984375 -160.0
v -230.0879364013672 319.91204833984375 -120.0
v -230.0879364013672 319.91204833984375 -160.0
v -233.9120330810547 319.91204833984375 -160.0
v -233.9120330810547 319.91204833984375 -120.0
v -230.0879364013672 295.91204833984375 -160.0
v -230.0879364013672 295.91204833984375 -120.0
v -233.9120330810547 295.91204833984375 -120.0
v -233.9120330810547 295.91204833984375 -160.0
v -230.0879669189453 295.91204833984375 152.0
v -233.9120635986328 295.91204833984375 152.0
v -233.9120635986328 319.91204833984375 152.0
v -230.0879669189453 319.91204833984375 152.0
v -233.9120635986328 295.91204833984375 192.0
v -230.0879669189453 295.91204833984375 192.0
v -230.0879669189453 319.91204833984375 192.0
v -233.9120635986328 319.91204833984375 192.0
v -233.9120635986328 295.91204833984375 192.0
v -233.9120635986328 319.91204833984375 192.0
v -233.9120635986328 319.91204833984375 152.0
v -233.9120635986328 295.91204833984375 152.0
v -230.0879669189453 319.91204833984375 192.0
v -230.0879669189453 295.91204833984375 192.0
v -230.0879669189453 295.91204833984375 152.0
v -230.0879669189453 319.91204833984375 152.0
v -230.0879669189453 319.91204833984375 192.0
v -230.0879669189453 319.91204833984375 152.0
v -233.9120635986328 319.91204833984375 152.0
v -233.9120635986328 319.91204833984375 192.0
v -230.0879669189453 295.91204833984375 152.0
v -230.0879669189453 295.91204833984375 192.0
v -233.9120635986328 295.91204833984375 192.0
v -233.9120635986328 295.91204833984375 152.0
v -230.08795166015625 295.91204833984375 -4.0
v -233.91204833984375 295.91204833984375 -4.0
v -233.91204833984375 319.91204833984375 -4.0
v -230.08795166015625 319.91204833984375 -4.0
v -233.91204833984375 295.91204833984375 36.0
v -230.08795166015625 295.91204833984375 36.0
v -230.08795166015625 319.91204833984375 36.0
v -233.91204833984375 319.91204833984375 36.0
v -233.91204833984375 295.91204833984375 36.0
v -233.91204833984375 319.91204833984375 36.0
v -233.91204833984375 319.91204833984375 -4.0
v -233.91204833984375 295.91204833984375 -4.0
v -230.08795166015625 319.91204833984375 36.0
v -230.08795166015625 295.91204833984375 36.0
v -230.08795166015625 295.91204833984375 -4.0
v -230.08795166015625 319.91204833984375 -4.0
v -230.08795166015625 319.91204833984375 36.0
v -230.08795166015625 319.91204833984375 -4.0
v -233.91204833984375 319.91204833984375 -4.0
v -233.91204833984375 319.91204833984375 36.0
v -230.08795166015625 295.91204833984375 -4.0
v -230.08795166015625 295.91204833984375 36.0
v -233.91204833984375 295.91204833984375 36.0
v -233.91204833984375 295.91204833984375 -4.0
v 233.91204833984375 295.91204833984375 -160.0
v 230.08795166015625 295.91204833984375 -160.0
v 230.08795166015625 319.91204833984375 -160.0
v 233.91204833984375 319.91204833984375 -160.0
v 230.08795166015625 295.91204833984375 -120.0
v 233.91204833984375 295.91204833984375 -120.0
v 233.91204833984375 319.91204833984375 -120.0
v 230.08795166015625 319.91204833984375 -120.0
v 230.08795166015625 295.91204833984375 -120.0
v 230.08795166015625 319.91204833984375 -120.0
v 230.08795166015625 319.91204833984375 -160.0
v 230.08795166015625 295.91204833984375 -160.0
v 233.91204833984375 319.91204833984375 -120.0
v 233.91204833984375 295.91204833984375 -120.0
v 233.91204833984375 295.91204833984375 -160.0
v 233.91204833984375 319.91204833984375 -160.0
v 233.91204833984375 319.91204833984375 -120.0
v 233.91204833984375 319.91204833984375 -160.0
v 230.08795166015625 319.91204833984375 -160.0
v 230.08795166015625 319.91204833984375 -120.0
v 233.91204833984375 295.91204833984375 -160.0
v 233.91204833984375 295.91204833984375 -120.0
v 230.08795166015625 295.91204833984375 -120.0
v 230.08795166015625 295.91204833984375 -160.0
v 233.91204833984375 295.91204833984375 152.0
v 230.08795166015625 295.91204833984375 152.0
v 230.08795166015625 319.91204833984375 152.0
v 233.91204833984375 319.91204833984375 152.0
v 230.08795166015625 295.91204833984375 192.0
v 233.91204833984375 295.91204833984375 192.0
v 233.91204833984375 319.91204833984375 192.0
v 230.08795166015625 319.91204833984375 192.0
v 230.08795166015625 295.91204833984375 192.0
v 230.08795166015625 319.91204833984375 192.0
v 230.08795166015625 319.91204833984375 152.0
v 230.08795166015625 295.91204833984375 152.0
v 233.91204833984375 319.91204833984375 192.0
v 233.91204833984375 295.91204833984375 192.0
v 233.91204833984375 295.91204833984375 152.0
v 233.91204833984375 319.91204833984375 152.0
v 233.91204833984375 319.91204833984375 192.0
v 233.91204833984375 319.91204833984375 152.0
v 230.08795166015625 319.91204833984375 152.0
v 230.08795166015625 319.91204833984375 192.0
v 233.91204833984375 295.91204833984375 152.0
v 233.91204833984375 295.91204833984375 192.0
v 230.08795166015625 295.91204833984375 192.0
v 230.08795166015625 295.91204833984375 152.0
v 233.91204833984375 295.91204833984375 -4.0
v 230.08795166015625 295.91204833984375 -4.0
v 230.08795166015625 319.91204833984375 -4.0
v 233.91204833984375 319.91204833984375 -4.0
v 230.08795166015625 295.91204833984375 36.0
v 233.91204833984375 295.91204833984375 36.0
v 233.91204833984375 319.91204833984375 36.0
v 230.08795166015625 319.91204833984375 36.0
v 230.08795166015625 295.91204833984375 36.0
v 230.08795166015625 319.91204833984375 36.0
v 230.08795166015625 319.91204833984375 -4.0
v 230.08795166015625 295.91204833984375 -4.0
v 233.91204833984375 319.91204833984375 36.0
v 233.91204833984375 295.91204833984375 36.0
v 233.91204833984375 295.91204833984375 -4.0
v 233.91204833984375 319.91204833984375 -4.0
v 233.91204833984375 319.91204833984375 36.0
v 233.91204833984375 319.91204833984375 -4.0
v 230.08795166015625 319.91204833984375 -4.0
v 230.08795166015625 319.91204833984375 36.0
v 233.91204833984375 295.91204833984375 -4.0
v 233.91204833984375 295.91204833984375 36.0
v 230.08795166015625 295.91204833984375 36.0
v 230.08795166015625 295.91204833984375 -4.0
v -232.00006103515625 380.0 -224.0
v -232.00006103515625 356.0 -224.0
v -232.0 356.0 320.0
v -232.0 380.0 320.0
v -232.00006103515625 380.0 -224.0
v -232.0 380.0 320.0
v -224.0 380.0 320.0
v -224.00006103515625 380.0 -224.0
v -232.0 356.0 320.0
v -232.00006103515625 356.0 -224.0
v -224.00006103515625 356.0 -224.0
v -224.0 356.0 320.0
v -232.0 356.0 320.0
v -224.0 356.0 320.0
v -224.0 380.0 320.0
v -232.0 380.0 320.0
v -224.00006103515625 356.0 -224.0
v -232.00006103515625 356.0 -224.0
v -232.00006103515625 380.0 -224.0
v -224.00006103515625 380.0 -224.0
v 232.00001525878906 380.0 -232.00003051757812
v 232.00001525878906 356.0 -232.00003051757812
v -232.00003051757812 356.0 -231.99996948242188
v -232.00003051757812 380.0 -231.99996948242188
v 232.00001525878906 380.0 -232.00003051757812
v -232.00003051757812 380.0 -231.99996948242188
v -232.00003051757812 380.0 -223.99996948242188
v 232.00001525878906 380.0 -224.00003051757812
v -232.00003051757812 356.0 -231.99996948242188
v 232.00001525878906 356.0 -232.00003051757812
v 232.00001525878906 356.0 -224.00003051757812
v -232.00003051757812 356.0 -223.99996948242188
v -232.00003051757812 356.0 -231.99996948242188
v -232.00003051757812 356.0 -223.99996948242188
v -232.00003051757812 380.0 -223.99996948242188
v -232.00003051757812 380.0 -231.99996948242188
v 232.00001525878906 356.0 -224.00003051757812
v 232.00001525878906 356.0 -232.00003051757812
v 232.00001525878906 380.0 -232.00003051757812
v 232.00001525878906 380.0 -224.00003051757812
v 232.0 380.0 320.0
v 232.0 356.0 320.0
v 231.99996948242188 356.0 -224.0
v 231.99996948242188 380.0 -224.0
v 232.0 380.0 320.0
v 231.99996948242188 380.0 -224.0
v 223.99996948242188 380.0 -224.0
v 224.0 380.0 320.0
v 231.99996948242188 356.0 -224.0
v 232.0 356.0 320.0
v 224.0 356.0 320.0
v 223.99996948242188 356.0 -224.0
v 231.99996948242188 356.0 -224.0
v 223.99996948242188 356.0 -224.0
v 223.99996948242188 380.0 -224.0
v 231.99996948242188 380.0 -224.0
v 224.0 356.0 320.0
v 232.0 356.0 320.0
v 232.0 380.0 320.0
v 224.0 380.0 320.0
v 20.0 383.8240966796875 -948.0
v 20.0 380.0 -948.0
v 20.0 380.0 -972.0
v 20.0 383.8240966796875 -972.0
v -20.0 380.0 -948.0
v -20.0 383.8240966796875 -948.0
v -20.0 383.8240966796875 -972.0
v -20.0 380.0 -972.0
v -20.0 380.0 -948.0
v -20.0 380.0 -972.0
v 20.0 380.0 -972.0
v 20.0 380.0 -948.0
v -20.0 383.8240966796875 -972.0
v -20.0 383.8240966796875 -948.0
v 20.0 383.8240966796875 -948.0
v 20.0 383.8240966796875 -972.0
v -20.0 383.8240966796875 -972.0
v 20.0 383.8240966796875 -972.0
v 20.0 380.0 -972.0
v -20.0 380.0 -972.0
v 20.0 383.8240966796875 -948.0
v -20.0 383.8240966796875 -948.0
v -20.0 380.0 -948.0
v 20.0 380.0 -948.0
v -948.0 383.8240966796875 -20.0
v -948.0 380.0 -20.0
v -972.0 380.0 -20.0
v -972.0 383.8240966796875 -20.0
v -948.0 380.0 20.0
v -948.0 383.8240966796875 20.0
v -972.0 383.8240966796875 20.0
v -972.0 380.0 20.0
v -948.0 380.0 20.0
v -972.0 380.0 20.0
v -972.0 380.0 -20.0
v -948.0 380.0 -20.0
v -972.0 383.8240966796875 20.0
v -948.0 383.8240966796875 20.0
v -948.0 383.8240966796875 -20.0
v -972.0 383.8240966796875 -20.0
v -972.0 383.8240966796875 20.0
v -972.0 383.8240966796875 -20.0
v -972.0 380.0 -20.0
v -972.0 380.0 20.0
v -948.0 383.8240966796875 -20.0
v -948.0 383.8240966796875 20.0
v -948.0 380.0 20.0
v -948.0 380.0 -20.0
v 976.0 383.8240966796875 -20.0
v 976.0 380.0 -20.0
v 952.0 380.0 -20.0
v 952.0 383.8240966796875 -20.0
v 976.0 380.0 20.0
v 976.0 383.8240966796875 20.0
v 952.0 383.8240966796875 20.0
v 952.0 380.0 20.0
v 976.0 380.0 20.0
v 952.0 380.0 20.0
v 952.0 380.0 -20.0
v 976.0 380.0 -20.0
v 952.0 383.8240966796875 20.0
v 976.0 383.8240966796875 20.0
v 976.0 383.8240966796875 -20.0
v 952.0 383.8240966796875 -20.0
v 952.0 383.8240966796875 20.0
v 952.0 383.8240966796875 -20.0
v 952.0 380.0 -20.0
v 952.0 380.0 20.0
v 976.0 383.8240966796875 -20.0
v 976.0 383.8240966796875 20.0
v 976.0 380.0 20.0
v 976.0 380.0 -20.0
v 516.9888305664062 -93.0 -684.66650390625
v 517.5433349609375 -93.00000762939453 -685.703857421875
v 517.8847045898438 -92.99998474121094 -686.8294067382812
v 516.24267578125 -93.00000762939453 -683.7572631835938
v 515.3333740234375 -93.0 -683.0111694335938
v 514.296142578125 -93.0 -682.4566650390625
v 513.1705322265625 -93.00000762939453 -682.115234375
v 512.0 -93.00001525878906 -681.9999389648438
v 510.8294677734375 -92.99999237060547 -682.115234375
v 509.70391845703125 -93.0 -682.4566650390625
v 508.6666259765625 -92.99998474121094 -683.0111694335938
v 507.75732421875 -92.99999237060547 -683.7572631835938
v 507.01123046875 -93.0 -684.66650390625
v 506.4566650390625 -92.99998474121094 -685.703857421875
v 506.11529541015625 -93.0 -686.8294067382812
v 506.0 -92.99998474121094 -687.9999389648438
v 506.11529541015625 -93.0 -689.1704711914062
v 506.4566650390625 -92.99998474121094 -690.2960205078125
v 507.01123046875 -93.0 -691.3333740234375
v 507.75732421875 -92.99999237060547 -692.2426147460938
v 508.6666259765625 -92.99998474121094 -692.9887084960938
v 509.70391845703125 -93.0 -693.543212890625
v 510.8294677734375 -92.99999237060547 -693.8846435546875
v 512.0 -93.00001525878906 -693.9999389648438
v 513.1705322265625 -93.00000762939453 -693.8846435546875
v 514.296142578125 -93.0 -693.543212890625
v 515.3333740234375 -93.0 -692.9887084960938
v 516.24267578125 -93.00000762939453 -692.2426147460938
v 516.9888305664062 -93.0 -691.3333740234375
v 517.5433349609375 -93.00000762939453 -690.2960205078125
v 517.8847045898438 -92.99998474121094 -689.1704711914062
v 518.0 -92.99999237060547 -687.9999389648438
v -507.01116943359375 -93.0 -684.66650390625
v -506.4566650390625 -93.00000762939453 -685.703857421875
v -506.11529541015625 -92.99998474121094 -686.8294067382812
v -507.75732421875 -93.00000762939453 -683.7572631835938
v -508.6666259765625 -93.0 -683.0111694335938
v -509.703857421875 -93.0 -682.4566650390625
v -510.8294677734375 -93.00000762939453 -682.115234375
v -512.0 -93.00001525878906 -681.9999389648438
v -513.1705322265625 -92.99999237060547 -682.115234375
v -514.2960815429688 -93.0 -682.4566650390625
v -515.3333740234375 -92.99998474121094 -683.0111694335938
v -516.24267578125 -92.99999237060547 -683.7572631835938
v -516.98876953125 -93.0 -684.66650390625
v -517.5433349609375 -92.99998474121094 -685.703857421875
v -517.8847045898438 -93.0 -686.8294067382812
v -518.0 -92.99998474121094 -687.9999389648438
v -517.8847045898438 -93.0 -689.1704711914062
v -517.5433349609375 -92.99998474121094 -690.2960205078125
v -516.98876953125 -93.0 -691.3333740234375
v -516.24267578125 -92.99999237060547 -692.2426147460938
v -515.3333740234375 -92.99998474121094 -692.9887084960938
v -514.2960815429688 -93.0 -693.543212890625
v -513.1705322265625 -92.99999237060547 -693.8846435546875
v -512.0 -93.00001525878906 -693.9999389648438
v -510.8294677734375 -93.00000762939453 -693.8846435546875
v -509.703857421875 -93.0 -693.543212890625
v -508.6666259765625 -93.0 -692.9887084960938
v -507.75732421875 -93.00000762939453 -692.2426147460938
v -507.01116943359375 -93.0 -691.3333740234375
v -506.4566650390625 -93.00000762939453 -690.2960205078125
v -506.11529541015625 -92.99998474121094 -689.1704711914062
v -506.0 -92.99999237060547 -687.9999389648438
v 231.0 151.0 -116.0
v 232.99998474121094 151.0 -116.0
v 233.0 151.0 -164.0
v 231.0 151.0 -164.0
v 232.99998474121094 88.0 -116.0
v 231.0 88.0 -116.0
v 231.0 88.0 -164.0
v 233.0 88.0 -164.0
v 232.99998474121094 88.0 -116.0
v 233.0 88.0 -164.0
v 233.0 151.0 -164.0
v 232.99998474121094 151.0 -116.0
v 231.0 88.0 -164.0
v 231.0 88.0 -116.0
v 231.0 151.0 -116.0
v 231.0 151.0 -164.0
v 231.0 88.0 -164.0
v 231.0 151.0 -164.0
v 233.0 151.0 -164.0
v 233.0 88.0 -164.0
v 231.0 151.0 -116.0
v 231.0 88.0 -116.0
v 232.99998474121094 88.0 -116.0
v 232.99998474121094 151.0 -116.0
v 231.0 151.0 40.0
v 232.99998474121094 151.0 40.0
v 233.0 151.0 -8.0
v 231.0 151.0 -8.0
v 232.99998474121094 88.0 40.0
v 231.0 88.0 40.0
v 231.0 88.0 -8.0
v 233.0 88.0 -8.0
v 232.99998474121094 88.0 40.0
v 233.0 88.0 -8.0
v 233.0 151.0 -8.0
v 232.99998474121094 151.0 40.0
v 231.0 88.0 -8.0
v 231.0 88.0 40.0
v 231.0 151.0 40.0
v 231.0 151.0 -8.0
v 231.0 88.0 -8.0
v 231.0 151.0 -8.0
v 233.0 151.0 -8.0
v 233.0 88.0 -8.0
v 231.0 151.0 40.0
v 231.0 88.0 40.0
v 232.99998474121094 88.0 40.0
v 232.99998474121094 151.0 40.0
v 231.0 151.0 -38.0
v 232.99998474121094 151.0 -38.0
v 233.0 151.0 -86.0
v 231.0 151.0 -86.0
v 232.99998474121094 88.0 -38.0
v 231.0 88.0 -38.0
v 231.0 88.0 -86.0
v 233.0 88.0 -86.0
v 232.99998474121094 88.0 -38.0
v 233.0 88.0 -86.0
v 233.0 151.0 -86.0
v 232.99998474121094 151.0 -38.0
v 231.0 88.0 -86.0
v 231.0 88.0 -38.0
v 231.0 151.0 -38.0
v 231.0 151.0 -86.0
v 231.0 88.0 -86.0
v 231.0 151.0 -86.0
v 233.0 151.0 -86.0
v 233.0 88.0 -86.0
v 231.0 151.0 -38.0
v 231.0 88.0 -38.0
v 232.99998474121094 88.0 -38.0
v 232.99998474121094 151.0 -38.0
v -132.0 151.0 -231.0
v -132.0 151.0 -233.0
v -180.0 151.0 -233.0
v -180.0 151.0 -231.0
v -132.0 88.0 -233.0
v -132.0 88.0 -231.0
v -180.0 88.0 -231.0
v -180.0 88.0 -233.0
v -132.0 88.0 -233.0
v -180.0 88.0 -233.0
v -180.0 151.0 -233.0
v -132.0 151.0 -233.0
v -180.0 88.0 -231.0
v -132.0 88.0 -231.0
v -132.0 151.0 -231.0
v -180.0 151.0 -231.0
v -180.0 88.0 -231.0
v -180.0 151.0 -231.0
v -180.0 151.0 -233.0
v -180.0 88.0 -233.0
v -132.0 151.0 -231.0
v -132.0 88.0 -231.0
v -132.0 88.0 -233.0
v -132.0 151.0 -233.0
v 180.0 151.0 -231.0
v 180.0 151.0 -233.0
v 132.0 151.0 -233.0
v 132.0 151.0 -231.0
v 180.0 88.0 -233.0
v 180.0 88.0 -231.0
v 132.0 88.0 -231.0
v 132.0 88.0 -233.0
v 180.0 88.0 -233.0
v 132.0 88.0 -233.0
v 132.0 151.0 -233.0
v 180.0 151.0 -233.0
v 132.0 88.0 -231.0
v 180.0 88.0 -231.0
v 180.0 151.0 -231.0
v 132.0 151.0 -231.0
v 132.0 88.0 -231.0
v 132.0 151.0 -231.0
v 132.0 151.0 -233.0
v 132.0 88.0 -233.0
v 180.0 151.0 -231.0
v 180.0 88.0 -231.0
v 180.0 88.0 -233.0
v 180.0 151.0 -233.0
v 24.0 151.0 -231.0
v 24.0 151.0 -233.0
v -24.0 151.0 -233.0
v -24.0 151.0 -231.0
v 24.0 88.0 -233.0
v 24.0 88.0 -231.0
v -24.0 88.0 -231.0
v -24.0 88.0 -233.0
v 24.0 88.0 -233.0
v -24.0 88.0 -233.0
v -24.0 151.0 -233.0
v 24.0 151.0 -233.0
v -24.0 88.0 -231.0
v 24.0 88.0 -231.0
v 24.0 151.0 -231.0
v -24.0 151.0 -231.0
v -24.0 88.0 -231.0
v -24.0 151.0 -231.0
v -24.0 151.0 -233.0
v -24.0 88.0 -233.0
v 24.0 151.0 -231.0
v 24.0 88.0 -231.0
v 24.0 88.0 -233.0
v 24.0 151.0 -233.0
v -233.0 151.0 -120.0
v -231.00001525878906 151.0 -120.0
v -231.0 151.0 -168.0
v -233.0 151.0 -168.0
v -231.00001525878906 88.0 -120.0
v -233.0 88.0 -120.0
v -233.0 88.0 -168.0
v -231.0 88.0 -168.0
v -231.00001525878906 88.0 -120.0
v -231.0 88.0 -168.0
v -231.0 151.0 -168.0
v -231.00001525878906 151.0 -120.0
v -233.0 88.0 -168.0
v -233.0 88.0 -120.0
v -233.0 151.0 -120.0
v -233.0 151.0 -168.0
v -233.0 88.0 -168.0
v -233.0 151.0 -168.0
v -231.0 151.0 -168.0
v -231.0 88.0 -168.0
v -233.0 151.0 -120.0
v -233.0 88.0 -120.0
v -231.00001525878906 88.0 -120.0
v -231.00001525878906 151.0 -120.0
v -233.0 151.0 36.0
v -231.00001525878906 151.0 36.0
v -231.0 151.0 -12.0
v -233.0 151.0 -12.0
v -231.00001525878906 88.0 36.0
v -233.0 88.0 36.0
v -233.0 88.0 -12.0
v -231.0 88.0 -12.0
v -231.00001525878906 88.0 36.0
v -231.0 88.0 -12.0
v -231.0 151.0 -12.0
v -231.00001525878906 151.0 36.0
v -233.0 88.0 -12.0
v -233.0 88.0 36.0
v -233.0 151.0 36.0
v -233.0 151.0 -12.0
v -233.0 88.0 -12.0
v -233.0 151.0 -12.0
v -231.0 151.0 -12.0
v -231.0 88.0 -12.0
v -233.0 151.0 36.0
v -233.0 88.0 36.0
v -231.00001525878906 88.0 36.0
v -231.00001525878906 151.0 36.0
v -233.0 151.0 -42.0
v -231.00001525878906 151.0 -42.0
v -231.0 151.0 -90.0
v -233.0 151.0 -90.0
v -231.00001525878906 88.0 -42.0
v -233.0 88.0 -42.0
v -233.0 88.0 -90.0
v -231.0 88.0 -90.0
v -231.00001525878906 88.0 -42.0
v -231.0 88.0 -90.0
v -231.0 151.0 -90.0
v -231.00001525878906 151.0 -42.0
v -233.0 88.0 -90.0
v -233.0 88.0 -42.0
v -233.0 151.0 -42.0
v -233.0 151.0 -90.0
v -233.0 88.0 -90.0
v -233.0 151.0 -90.0
v -231.0 151.0 -90.0
v -231.0 88.0 -90.0
v -233.0 151.0 -42.0
v -233.0 88.0 -42.0
v -231.00001525878906 88.0 -42.0
v -231.00001525878906 151.0 -42.0
v -1024.0 -960.9999389648438 -1024.0
v -1024.0 -959.9999389648438 -1024.0
v 1024.0 -959.9999389648438 -1024.0
v 1024.0 -960.9999389648438 -1024.0
v -1024.0 -959.9999389648438 352.0
v -1024.0 -960.9999389648438 352.0
v 1024.0 -960.9999389648438 352.0
v 1024.0 -959.9999389648438 352.0
v -1024.0 -959.9999389648438 352.0
v 1024.0 -959.9999389648438 352.0
v 1024.0 -959.9999389648438 -1024.0
v -1024.0 -959.9999389648438 -1024.0
v 1024.0 -960.9999389648438 352.0
v 1024.0 -960.9999389648438 -1024.0
v 1024.0 -959.9999389648438 -1024.0
v 1024.0 -959.9999389648438 352.0
v -1024.0 -960.9999389648438 -1024.0
v -1024.0 -960.9999389648438 352.0
v -1024.0 -959.9999389648438 352.0
v -1024.0 -959.9999389648438 -1024.0
v 94.0 140.0 -992.0
v 106.0 140.0 -992.0
v 112.0 134.00001525878906 -992.0
v 88.0 134.00001525878906 -992.0
v 94.0 128.0 -992.0
v 106.0 128.0 -992.0
v 88.0 134.00001525878906 -776.0
v 94.0 128.0 -776.0
v 106.0 128.0 -776.0
v 94.0 140.0 -776.0
v 106.0 140.0 -776.0
v 112.0 134.00001525878906 -776.0
v 106.0 140.0 -992.0
v 106.0 140.0 -776.0
v 112.0 134.00001525878906 -776.0
v 112.0 134.00001525878906 -992.0
v 94.0 140.0 -992.0
v 94.0 140.0 -776.0
v 106.0 140.0 -776.0
v 106.0 140.0 -992.0
v 88.0 134.00001525878906 -992.0
v 88.0 134.00001525878906 -776.0
v 94.0 140.0 -776.0
v 94.0 140.0 -992.0
v 94.0 128.0 -992.0
v 94.0 128.0 -776.0
v 88.0 134.00001525878906 -776.0
v 88.0 134.00001525878906 -992.0
v 106.0 128.0 -992.0
v 106.0 128.0 -776.0
v 94.0 128.0 -776.0
v 94.0 128.0 -992.0
v 112.0 134.00001525878906 -992.0
v 112.0 134.00001525878906 -776.0
v 106.0 128.0 -776.0
v 106.0 128.0 -992.0
v 94.0029296875 140.0 -761.5115966796875
v 102.48825073242188 140.0 -769.9969482421875
v 106.7308349609375 134.00001525878906 -774.2396240234375
v 89.76025390625 134.00001525878906 -757.26904296875
v 94.0029296875 128.0 -761.5115966796875
v 102.48825073242188 128.0 -769.9969482421875
v 757.2691040039062 134.00001525878906 -89.76022338867188
v 761.5116577148438 128.0 -94.00289916992188
v 769.9970703125 128.0 -102.48818969726562
v 761.5116577148438 140.0 -94.00289916992188
v 769.9970703125 140.0 -102.48818969726562
v 774.2396240234375 134.00001525878906 -106.7308349609375
v 102.48825073242188 140.0 -769.9969482421875
v 769.9970703125 140.0 -102.48818969726562
v 774.2396240234375 134.00001525878906 -106.7308349609375
v 106.7308349609375 134.00001525878906 -774.2396240234375
v 94.0029296875 140.0 -761.5115966796875
v 761.5116577148438 140.0 -94.00289916992188
v 769.9970703125 140.0 -102.48818969726562
v 102.48825073242188 140.0 -769.9969482421875
v 89.76025390625 134.00001525878906 -757.26904296875
v 757.2691040039062 134.00001525878906 -89.76022338867188
v 761.5116577148438 140.0 -94.00289916992188
v 94.0029296875 140.0 -761.5115966796875
v 94.0029296875 128.0 -761.5115966796875
v 761.5116577148438 128.0 -94.00289916992188
v 757.2691040039062 134.00001525878906 -89.76022338867188
v 89.76025390625 134.00001525878906 -757.26904296875
v 102.48825073242188 128.0 -769.9969482421875
v 769.9970703125 128.0 -102.48818969726562
v 761.5116577148438 128.0 -94.00289916992188
v 94.0029296875 128.0 -761.5115966796875
v 106.7308349609375 134.00001525878906 -774.2396240234375
v 774.2396240234375 134.00001525878906 -106.7308349609375
v 769.9970703125 128.0 -102.48818969726562
v 102.48825073242188 128.0 -769.9969482421875
v 992.0 140.0 -106.0
v 992.0 140.0 -94.0
v 992.0 134.00001525878906 -88.0
v 992.0 134.00001525878906 -112.0
v 992.0 128.0 -106.0
v 992.0 128.0 -94.0
v 776.0 134.00001525878906 -112.0
v 776.0 128.0 -106.0
v 776.0 128.0 -94.0
v 776.0 140.0 -106.0
v 776.0 140.0 -94.0
v 776.0 134.00001525878906 -88.0
v 992.0 140.0 -94.0
v 776.0 140.0 -94.0
v 776.0 134.00001525878906 -88.0
v 992.0 134.00001525878906 -88.0
v 992.0 140.0 -106.0
v 776.0 140.0 -106.0
v 776.0 140.0 -94.0
v 992.0 140.0 -94.0
v 992.0 134.00001525878906 -112.0
v 776.0 134.00001525878906 -112.0
v 776.0 140.0 -106.0
v 992.0 140.0 -106.0
v 992.0 128.0 -106.0
v 776.0 128.0 -106.0
v 776.0 134.00001525878906 -112.0
v 992.0 134.00001525878906 -112.0
v 992.0 128.0 -94.0
v 776.0 128.0 -94.0
v 776.0 128.0 -106.0
v 992.0 128.0 -106.0
v 992.0 134.00001525878906 -88.0
v 776.0 134.00001525878906 -88.0
v 776.0 128.0 -94.0
v 992.0 128.0 -94.0
v -106.0 140.0 -992.0
v -94.0 140.0 -992.0
v -88.0 134.00001525878906 -992.0
v -112.0 134.00001525878906 -992.0
v -106.0 128.0 -992.0
v -94.0 128.0 -992.0
v -112.0 134.00001525878906 -776.0
v -106.0 128.0 -776.0
v -94.0 128.0 -776.0
v -106.0 140.0 -776.0
v -94.0 140.0 -776.0
v -88.0 134.00001525878906 -776.0
v -94.0 140.0 -992.0
v -94.0 140.0 -776.0
v -88.0 134.00001525878906 -776.0
v -88.0 134.00001525878906 -992.0
v -106.0 140.0 -992.0
v -106.0 140.0 -776.0
v -94.0 140.0 -776.0
v -94.0 140.0 -992.0
v -112.0 134.00001525878906 -992.0
v -112.0 134.00001525878906 -776.0
v -106.0 140.0 -776.0
v -106.0 140.0 -992.0
v -106.0 128.0 -992.0
v -106.0 128.0 -776.0
v -112.0 134.00001525878906 -776.0
v -112.0 134.00001525878906 -992.0
v -94.0 128.0 -992.0
v -94.0 128.0 -776.0
v -106.0 128.0 -776.0
v -106.0 128.0 -992.0
v -88.0 134.00001525878906 -992.0
v -88.0 134.00001525878906 -776.0
v -94.0 128.0 -776.0
v -94.0 128.0 -992.0
v -102.4884033203125 140.0 -769.9969482421875
v -94.0030517578125 140.0 -761.5115966796875
v -89.7603759765625 134.00001525878906 -757.26904296875
v -106.73095703125 134.00001525878906 -774.2396240234375
v -102.4884033203125 128.0 -769.9969482421875
v -94.0030517578125 128.0 -761.5115966796875
v -774.23974609375 134.00001525878906 -106.73077392578125
v -769.9970703125 128.0 -102.48822021484375
v -761.5118408203125 128.0 -94.0028076171875
v -769.9970703125 140.0 -102.48822021484375
v -761.5118408203125 140.0 -94.0028076171875
v -757.2691650390625 134.00001525878906 -89.76025390625
v -94.0030517578125 140.0 -761.5115966796875
v -761.5118408203125 140.0 -94.0028076171875
v -757.2691650390625 134.00001525878906 -89.76025390625
v -89.7603759765625 134.00001525878906 -757.26904296875
v -102.4884033203125 140.0 -769.9969482421875
v -769.9970703125 140.0 -102.48822021484375
v -761.5118408203125 140.0 -94.0028076171875
v -94.0030517578125 140.0 -761.5115966796875
v -106.73095703125 134.00001525878906 -774.2396240234375
v -774.23974609375 134.00001525878906 -106.73077392578125
v -769.9970703125 140.0 -102.48822021484375
v -102.4884033203125 140.0 -769.9969482421875
v -102.4884033203125 128.0 -769.9969482421875
v -769.9970703125 128.0 -102.48822021484375
v -774.23974609375 134.00001525878906 -106.73077392578125
v -106.73095703125 134.00001525878906 -774.2396240234375
v -94.0030517578125 128.0 -761.5115966796875
v -761.5118408203125 128.0 -94.0028076171875
v -769.9970703125 128.0 -102.48822021484375
v -102.4884033203125 128.0 -769.9969482421875
v -89.7603759765625 134.00001525878906 -757.26904296875
v -757.2691650390625 134.00001525878906 -89.76025390625
v -761.5118408203125 128.0 -94.0028076171875
v -94.0030517578125 128.0 -761.5115966796875
v -776.0 140.0 -106.0
v -776.0 140.0 -94.0
v -776.0 134.00001525878906 -88.0
v -776.0 134.00001525878906 -112.0
v -776.0 128.0 -106.0
v -776.0 128.0 -94.0
v -992.0 134.00001525878906 -112.0
v -992.0 128.0 -106.0
v -992.0 128.0 -94.0
v -992.0 140.0 -106.0
v -992.0 140.0 -94.0
v -992.0 134.00001525878906 -88.0
v -776.0 140.0 -94.0
v -992.0 140.0 -94.0
v -992.0 134.00001525878906 -88.0
v -776.0 134.00001525878906 -88.0
v -776.0 140.0 -106.0
v -992.0 140.0 -106.0
v -992.0 140.0 -94.0
v -776.0 140.0 -94.0
v -776.0 134.00001525878906 -112.0
v -992.0 134.00001525878906 -112.0
v -992.0 140.0 -106.0
v -776.0 140.0 -106.0
v -776.0 128.0 -106.0
v -992.0 128.0 -106.0
v -992.0 134.00001525878906 -112.0
v -776.0 134.00001525878906 -112.0
v -776.0 128.0 -94.0
v -992.0 128.0 -94.0
v -992.0 128.0 -106.0
v -776.0 128.0 -106.0
v -776.0 134.00001525878906 -88.0
v -992.0 134.00001525878906 -88.0
v -992.0 128.0 -94.0
v -776.0 128.0 -94.0
v -992.0 140.0 106.00000762939453
v -992.0 140.0 94.00000762939453
v -992.0 134.00001525878906 88.00000762939453
v -992.0 134.00001525878906 112.00000762939453
v -992.0 128.0 106.00000762939453
v -992.0 128.0 94.00000762939453
v 992.0 134.00001525878906 111.99999237060547
v 992.0 128.0 105.99999237060547
v 992.0 128.0 93.99999237060547
v 992.0 140.0 105.99999237060547
v 992.0 140.0 93.99999237060547
v 992.0 134.00001525878906 87.99999237060547
v -992.0 140.0 94.00000762939453
v 992.0 140.0 93.99999237060547
v 992.0 134.00001525878906 87.99999237060547
v -992.0 134.00001525878906 88.00000762939453
v -992.0 140.0 106.00000762939453
v 992.0 140.0 105.99999237060547
v 992.0 140.0 93.99999237060547
v -992.0 140.0 94.00000762939453
v -992.0 134.00001525878906 112.00000762939453
v 992.0 134.00001525878906 111.99999237060547
v 992.0 140.0 105.99999237060547
v -992.0 140.0 106.00000762939453
v -992.0 128.0 106.00000762939453
v 992.0 128.0 105.99999237060547
v 992.0 134.00001525878906 111.99999237060547
v -992.0 134.00001525878906 112.00000762939453
v -992.0 128.0 94.00000762939453
v 992.0 128.0 93.99999237060547
v 992.0 128.0 105.99999237060547
v -992.0 128.0 106.00000762939453
v -992.0 134.00001525878906 88.00000762939453
v 992.0 134.00001525878906 87.99999237060547
v 992.0 128.0 93.99999237060547
v -992.0 128.0 94.00000762939453
vt 0.3540709912776947 0.8771189972758293
vt 0.39980798959732056 0.8991449996829033
vt 0.4048349857330322 0.8771189972758293
vt 0.38572201132774353 0.9168090000748634
vt 0.36536699533462524 0.9266109988093376
vt 0.34277498722076416 0.9266109988093376
vt 0.32242000102996826 0.9168090000748634
vt 0.30833300948143005 0.8991449996829033
vt 0.3033060133457184 0.8771189972758293
vt 0.30833300948143005 0.8550930023193359
vt 0.32242000102996826 0.8374300003051758
vt 0.34277498722076416 0.8276280015707016
vt 0.36536699533462524 0.8276280015707016
vt 0.38572201132774353 0.8374300003051758
vt 0.39980798959732056 0.8550940006971359
vt 0.43648698925971985 0.9168090000748634
vt 0.4455449879169464 0.8771189972758293
vt 0.4111039936542511 0.9486370012164116
vt 0.374426007270813 0.9663010016083717
vt 0.3337160050868988 0.9663010016083717
vt 0.2970370054244995 0.9486370012164116
vt 0.27165499329566956 0.9168090000748634
vt 0.2625960111618042 0.8771189972758293
vt 0.27165499329566956 0.8374300003051758
vt 0.2970370054244995 0.8056019991636276
vt 0.3337160050868988 0.7879379987716675
vt 0.374426007270813 0.7879379987716675
vt 0.4111039936542511 0.8056019991636276
vt 0.43648698925971985 0.8374300003051758
vt 0.45684200525283813 0.9266109988093376
vt 0.4681380093097687 0.8771189972758293
vt 0.4251900017261505 0.9663010016083717
vt 0.37945300340652466 0.9883270002901554
vt 0.32868799567222595 0.9883270002901554
vt 0.2829509973526001 0.9663010016083717
vt 0.25130000710487366 0.9266109988093376
vt 0.24000400304794312 0.8771189972758293
vt 0.25130000710487366 0.8276280015707016
vt 0.2829509973526001 0.7879379987716675
vt 0.32868900895118713 0.7659119963645935
vt 0.37945300340652466 0.7659119963645935
vt 0.4251900017261505 0.7879379987716675
vt 0.45684200525283813 0.8276280015707016
vt 0.5714290142059326 0.0
vt 0.5 0.7019290030002594
vt 0.5714290142059326 0.7019290030002594
vt 0.5 0.7019290030002594
vt 0.5 0.0
vt 0.642857015132904 0.0
vt 0.5714290142059326 0.7019290030002594
vt 0.642857015132904 0.7019290030002594
vt 0.5714290142059326 0.7019290030002594
vt 0.7142860293388367 0.0
vt 0.642857015132904 0.7019290030002594
vt 0.7142860293388367 0.7019290030002594
vt 0.642857015132904 0.7019290030002594
vt 0.7857139706611633 0.0
vt 0.7142860293388367 0.7019290030002594
vt 0.7857139706611633 0.7019290030002594
vt 0.857142984867096 0.0
vt 0.7857139706611633 0.7019290030002594
vt 0.857142984867096 0.7019290030002594
vt 0.9285709857940674 0.0
vt 0.857142984867096 0.7019290030002594
vt 0.9285709857940674 0.7019290030002594
vt 0.857142984867096 0.7019290030002594
vt 1.0 0.0
vt 0.9285709857940674 0.7019290030002594
vt 1.0 0.7019290030002594
vt 0.9285709857940674 0.7019290030002594
vt 0.07142899930477142 0.0
vt 0.0 0.7019290030002594
vt 0.07142899930477142 0.7019290030002594
vt 0.0 0.7019290030002594
vt 0.0 0.0
vt 0.14285700023174286 0.0
vt 0.07142899930477142 0.7019290030002594
vt 0.14285700023174286 0.7019290030002594
vt 0.07142899930477142 0.7019290030002594
vt 0.21428599953651428 0.0
vt 0.14285700023174286 0.7019290030002594
vt 0.21428599953651428 0.7019290030002594
vt 0.2857140004634857 0.0
vt 0.21428599953651428 0.7019290030002594
vt 0.2857140004634857 0.7019290030002594
vt 0.21428599953651428 0.7019290030002594
vt 0.35714301466941833 0.0
vt 0.2857140004634857 0.7019290030002594
vt 0.35714301466941833 0.7019290030002594
vt 0.42857199907302856 0.0
vt 0.35714301466941833 0.7019290030002594
vt 0.42857199907302856 0.7019290030002594
vt 0.42857199907302856 0.7019290030002594
vt 0.5 0.7019290030002594
vt 0.42857199907302856 0.7019290030002594
vt 0.0356220006942749 0.9169190004467964
vt 0.003971000202000141 0.8772289976477623
vt 0.01526699960231781 0.9267209991812706
vt 0.003971000202000141 0.8772289976477623
vt 0.02656400017440319 0.8772289976477623
vt 0.06100500002503395 0.9487470015883446
vt 0.01526699960231781 0.9267209991812706
vt 0.046918999403715134 0.9664099998772144
vt 0.01526699960231781 0.9267209991812706
vt 0.09768299758434296 0.9664099998772144
vt 0.046918999403715134 0.9664099998772144
vt 0.09265600144863129 0.9884360004216433
vt 0.046918999403715134 0.9664099998772144
vt 0.13839299976825714 0.9664099998772144
vt 0.09265600144863129 0.9884360004216433
vt 0.1434209942817688 0.9884360004216433
vt 0.09265600144863129 0.9884360004216433
vt 0.17507199943065643 0.9487470015883446
vt 0.1434209942817688 0.9884360004216433
vt 0.18915799260139465 0.9664099998772144
vt 0.2004539966583252 0.9169190004467964
vt 0.18915799260139465 0.9664099998772144
vt 0.2208089977502823 0.9267209991812706
vt 0.18915799260139465 0.9664099998772144
vt 0.20951299369335175 0.8772289976477623
vt 0.2208089977502823 0.9267209991812706
vt 0.23210500180721283 0.8772289976477623
vt 0.2208089977502823 0.9267209991812706
vt 0.2004539966583252 0.8375400006771088
vt 0.23210500180721283 0.8772289976477623
vt 0.2208089977502823 0.8277370035648346
vt 0.23210500180721283 0.8772289976477623
vt 0.17507199943065643 0.8057110011577606
vt 0.2208089977502823 0.8277370035648346
vt 0.18915799260139465 0.7880479991436005
vt 0.2208089977502823 0.8277370035648346
vt 0.13839299976825714 0.7880479991436005
vt 0.18915799260139465 0.7880479991436005
vt 0.1434209942817688 0.7660219967365265
vt 0.18915799260139465 0.7880479991436005
vt 0.09768299758434296 0.7880479991436005
vt 0.1434209942817688 0.7660219967365265
vt 0.09265600144863129 0.7660219967365265
vt 0.1434209942817688 0.7660219967365265
vt 0.06100500002503395 0.8057110011577606
vt 0.09265600144863129 0.7660219967365265
vt 0.046918001025915146 0.7880479991436005
vt 0.09265600144863129 0.7660219967365265
vt 0.0356220006942749 0.8375400006771088
vt 0.046918001025915146 0.7880479991436005
vt 0.01526699960231781 0.8277370035648346
vt 0.01526699960231781 0.8277370035648346
vt 0.003971000202000141 0.8772289976477623
vt 0.01526699960231781 0.8277370035648346
vt 0.0723010003566742 0.8992550000548363
vt 0.06727399677038193 0.8772289976477623
vt 0.08638700097799301 0.9169180020689964
vt 0.1067420020699501 0.9267209991812706
vt 0.1293340027332306 0.9267209991812706
vt 0.14968900382518768 0.9169180020689964
vt 0.1637759953737259 0.8992550000548363
vt 0.16880300641059875 0.8772289976477623
vt 0.1637759953737259 0.8552030026912689
vt 0.14968900382518768 0.8375400006771088
vt 0.1293340027332306 0.8277370035648346
vt 0.1067420020699501 0.8277370035648346
vt 0.08638700097799301 0.8375400006771088
vt 0.0723010003566742 0.8552030026912689
vt 0.11803799867630005 0.8772289976477623
vt 0.7267550230026245 0.7647480070590973
vt 0.7522839903831482 0.73921999335289
vt 0.7267550230026245 0.73921999335289
vt 0.7522839903831482 0.7647480070590973
vt 0.7267550230026245 0.7647480070590973
vt 0.7522839903831482 0.798662006855011
vt 0.7522839903831482 0.7647480070590973
vt 0.7267550230026245 0.798662006855011
vt 0.7522839903831482 0.7647480070590973
vt 0.7861980199813843 0.73921999335289
vt 0.7522839903831482 0.73921999335289
vt 0.7861980199813843 0.7647480070590973
vt 0.7522839903831482 0.73921999335289
vt 0.7267550230026245 0.7053059935569763
vt 0.7267550230026245 0.73921999335289
vt 0.7522839903831482 0.7053059935569763
vt 0.7267550230026245 0.73921999335289
vt 0.6928409934043884 0.7647480070590973
vt 0.7267550230026245 0.7647480070590973
vt 0.6928409934043884 0.73921999335289
vt 0.7886360287666321 0.9792040009051561
vt 0.890209972858429 0.9655379988253117
vt 0.7886360287666321 0.9655379988253117
vt 0.890209972858429 0.9792040009051561
vt 0.890209972858429 0.9518719986081123
vt 0.7886360287666321 0.9518719986081123
vt 0.890209972858429 0.938205998390913
vt 0.7886360287666321 0.938205998390913
vt 0.890209972858429 0.9245399981737137
vt 0.7886360287666321 0.9245399981737137
vt 0.890209972858429 0.9108740016818047
vt 0.7886360287666321 0.9108740016818047
vt 0.890209972858429 0.897207997739315
vt 0.7886360287666321 0.897207997739315
vt 0.890209972858429 0.883541002869606
vt 0.7886360287666321 0.883541002869606
vt 0.890209972858429 0.8698749989271164
vt 0.7886360287666321 0.8698749989271164
vt 0.890209972858429 0.8562089949846268
vt 0.7886360287666321 0.8562089949846268
vt 0.7886360287666321 0.9928700001910329
vt 0.890209972858429 0.9928700001910329
vt 0.635233998298645 0.8417019993066788
vt 0.6493139863014221 0.8557820022106171
vt 0.6493139863014221 0.8417019993066788
vt 0.635233998298645 0.8557820022106171
vt 0.7619500160217285 0.8417019993066788
vt 0.7619500160217285 0.8557820022106171
vt 0.7760300040245056 0.8557820022106171
vt 0.7760300040245056 0.8417019993066788
vt 0.6493139863014221 0.9684179984033108
vt 0.635233998298645 0.9684179984033108
vt 0.7760300040245056 0.9684179984033108
vt 0.7619500160217285 0.9684179984033108
vt 0.6493139863014221 0.9824979994446039
vt 0.635233998298645 0.9824979994446039
vt 0.7619500160217285 0.9824979994446039
vt 0.7760300040245056 0.9824979994446039
vt 0.6274909973144531 0.8557820022106171
vt 0.6274909973144531 0.8417019993066788
vt 0.635233998298645 0.8339589983224869
vt 0.6493139863014221 0.8339589983224869
vt 0.7619500160217285 0.8417019993066788
vt 0.7619500160217285 0.8339589983224869
vt 0.7760300040245056 0.8339589983224869
vt 0.7837730050086975 0.8417019993066788
vt 0.7837730050086975 0.8557820022106171
vt 0.7837730050086975 0.9684179984033108
vt 0.7837730050086975 0.9824979994446039
vt 0.7760300040245056 0.9902410004287958
vt 0.7619500160217285 0.9902410004287958
vt 0.6493139863014221 0.9902410004287958
vt 0.635233998298645 0.9902410004287958
vt 0.6274909973144531 0.9824979994446039
vt 0.6274909973144531 0.9684179984033108
vt 0.657056987285614 0.8557820022106171
vt 0.657056987285614 0.9684179984033108
vt 0.6493139863014221 0.9606750011444092
vt 0.7619500160217285 0.9606750011444092
vt 0.7542070150375366 0.9684179984033108
vt 0.7619500160217285 0.8557820022106171
vt 0.7542070150375366 0.8557820022106171
vt 0.7619500160217285 0.863525003194809
vt 0.6493139863014221 0.863525003194809
vt 0.7619500160217285 0.8557820022106171
vt 0.5007749795913696 0.8557820022106171
vt 0.6134120225906372 0.8417019993066788
vt 0.5007749795913696 0.8417019993066788
vt 0.6134120225906372 0.8557820022106171
vt 0.4866960048675537 0.8417019993066788
vt 0.4866960048675537 0.8557820022106171
vt 0.5007749795913696 0.9684179984033108
vt 0.4866960048675537 0.9684179984033108
vt 0.4866960048675537 0.9824979994446039
vt 0.5007749795913696 0.9824979994446039
vt 0.6134120225906372 0.9684179984033108
vt 0.6134120225906372 0.9824979994446039
vt 0.6274909973144531 0.9684179984033108
vt 0.6274909973144531 0.8557820022106171
vt 0.6274909973144531 0.8417019993066788
vt 0.6274909973144531 0.9824979994446039
vt 0.7879940271377563 0.7951699942350388
vt 0.8895670175552368 0.7815040051937103
vt 0.7879940271377563 0.7815040051937103
vt 0.8895670175552368 0.7951699942350388
vt 0.8895670175552368 0.7678370028734207
vt 0.7879940271377563 0.7678370028734207
vt 0.8895670175552368 0.7541719973087311
vt 0.7879940271377563 0.7541719973087311
vt 0.8895670175552368 0.7405050098896027
vt 0.7879940271377563 0.7405050098896027
vt 0.8895670175552368 0.726839005947113
vt 0.7879940271377563 0.726839005947113
vt 0.8895670175552368 0.7131730020046234
vt 0.7879940271377563 0.7131730020046234
vt 0.7879940271377563 0.8498339951038361
vt 0.8895670175552368 0.8361680060625076
vt 0.7879940271377563 0.8361680060625076
vt 0.8895670175552368 0.8498339951038361
vt 0.8895670175552368 0.822502002120018
vt 0.7879940271377563 0.822502002120018
vt 0.8895670175552368 0.8088359981775284
vt 0.7879940271377563 0.8088359981775284
vt 0.5355920195579529 0.7938250005245209
vt 0.5611209869384766 0.7682960033416748
vt 0.5355920195579529 0.7682960033416748
vt 0.5611209869384766 0.7938250005245209
vt 0.5355920195579529 0.7938250005245209
vt 0.5611209869384766 0.8277390003204346
vt 0.5611209869384766 0.7938250005245209
vt 0.5355920195579529 0.8277390003204346
vt 0.5611209869384766 0.7938250005245209
vt 0.5950350165367126 0.7682960033416748
vt 0.5611209869384766 0.7682960033416748
vt 0.5950350165367126 0.7938250005245209
vt 0.5611209869384766 0.7682960033416748
vt 0.5355920195579529 0.7343820035457611
vt 0.5355920195579529 0.7682960033416748
vt 0.5611209869384766 0.7343820035457611
vt 0.5355920195579529 0.7682960033416748
vt 0.501679003238678 0.7938250005245209
vt 0.5355920195579529 0.7938250005245209
vt 0.501679003238678 0.7682960033416748
vt 0.6004440188407898 0.7633920013904572
vt 0.6259729862213135 0.7378630042076111
vt 0.6004440188407898 0.7378630042076111
vt 0.6259729862213135 0.7633920013904572
vt 0.6004440188407898 0.7633920013904572
vt 0.6259729862213135 0.7973050028085709
vt 0.6259729862213135 0.7633920013904572
vt 0.6004440188407898 0.7973050028085709
vt 0.6259729862213135 0.7633920013904572
vt 0.6598860025405884 0.7378630042076111
vt 0.6259729862213135 0.7378630042076111
vt 0.6598860025405884 0.7633920013904572
vt 0.6259729862213135 0.7378630042076111
vt 0.6004440188407898 0.7039490044116974
vt 0.6004440188407898 0.7378630042076111
vt 0.6259729862213135 0.7039490044116974
vt 0.6004440188407898 0.7378630042076111
vt 0.5665299892425537 0.7633920013904572
vt 0.6004440188407898 0.7633920013904572
vt 0.5665299892425537 0.7378630042076111
vt 0.8940860033035278 0.7904309928417206
vt 0.9956600069999695 0.7767650038003922
vt 0.8940860033035278 0.7767650038003922
vt 0.9956600069999695 0.7904309928417206
vt 0.9956600069999695 0.7630989998579025
vt 0.8940860033035278 0.7630989998579025
vt 0.9956600069999695 0.7494330108165741
vt 0.8940860033035278 0.7494330108165741
vt 0.9956600069999695 0.7357670068740845
vt 0.8940860033035278 0.7357670068740845
vt 0.9956600069999695 0.7221010029315948
vt 0.8940860033035278 0.7221010029315948
vt 0.9956600069999695 0.7084349989891052
vt 0.8940860033035278 0.7084349989891052
vt 0.8940860033035278 0.8450960069894791
vt 0.9956600069999695 0.8314300030469894
vt 0.8940860033035278 0.8314300030469894
vt 0.9956600069999695 0.8450960069894791
vt 0.9956600069999695 0.8177630007266998
vt 0.8940860033035278 0.8177630007266998
vt 0.9956600069999695 0.8040969967842102
vt 0.8940860033035278 0.8040969967842102
vt 0.8947669863700867 0.976257000118494
vt 0.9963409900665283 0.9625900015234947
vt 0.8947669863700867 0.9625900015234947
vt 0.9963409900665283 0.976257000118494
vt 0.9963409900665283 0.9489240013062954
vt 0.8947669863700867 0.9489240013062954
vt 0.9963409900665283 0.9352580010890961
vt 0.8947669863700867 0.9352580010890961
vt 0.9963409900665283 0.9215919971466064
vt 0.8947669863700867 0.9215919971466064
vt 0.9963409900665283 0.9079260006546974
vt 0.8947669863700867 0.9079260006546974
vt 0.9963409900665283 0.8942599967122078
vt 0.8947669863700867 0.8942599967122078
vt 0.9963409900665283 0.8805940002202988
vt 0.8947669863700867 0.8805940002202988
vt 0.9963409900665283 0.8669279962778091
vt 0.8947669863700867 0.8669279962778091
vt 0.9963409900665283 0.8532609939575195
vt 0.8947669863700867 0.8532609939575195
vt 0.8947669863700867 0.9899230003356934
vt 0.9963409900665283 0.9899230003356934
vt 0.6647930145263672 0.7925760000944138
vt 0.6903219819068909 0.7670470029115677
vt 0.6647930145263672 0.7670470029115677
vt 0.6903219819068909 0.7925760000944138
vt 0.6647930145263672 0.7925760000944138
vt 0.6903219819068909 0.8264899998903275
vt 0.6903219819068909 0.7925760000944138
vt 0.6647930145263672 0.8264899998903275
vt 0.6903219819068909 0.7925760000944138
vt 0.7242349982261658 0.7670470029115677
vt 0.6903219819068909 0.7670470029115677
vt 0.7242349982261658 0.7925760000944138
vt 0.6903219819068909 0.7670470029115677
vt 0.6647930145263672 0.7331329882144928
vt 0.6647930145263672 0.7670470029115677
vt 0.6903219819068909 0.7331329882144928
vt 0.6647930145263672 0.7670470029115677
vt 0.6308789849281311 0.7925760000944138
vt 0.6647930145263672 0.7925760000944138
vt 0.6308789849281311 0.7670470029115677
vt 0.5588300228118896 0.913271002471447
vt 0.5110129714012146 0.913271002471447
vt 0.5201449990272522 0.9413769990205765
vt 0.5440539717674255 0.958746999502182
vt 0.573606014251709 0.958746999502182
vt 0.5975139737129211 0.9413769990205765
vt 0.6066460013389587 0.913271002471447
vt 0.5975139737129211 0.8851659968495369
vt 0.573606014251709 0.867795005440712
vt 0.5440530180931091 0.867795005440712
vt 0.5201449990272522 0.8851659968495369
vt 0.31982699036598206 0.7640630006790161
vt 0.26702699065208435 0.7361100018024445
vt 0.26702699065208435 0.7640630006790161
vt 0.31982699036598206 0.7361100018024445
vt 0.21422700583934784 0.7361100018024445
vt 0.21422700583934784 0.7640630006790161
vt 0.26702699065208435 0.7361100018024445
vt 0.16142700612545013 0.7361100018024445
vt 0.16142700612545013 0.7640630006790161
vt 0.21422700583934784 0.7361100018024445
vt 0.10862699896097183 0.7361100018024445
vt 0.10862699896097183 0.7640630006790161
vt 0.16142700612545013 0.7361100018024445
vt 0.05582699924707413 0.7361100018024445
vt 0.05582699924707413 0.7640630006790161
vt 0.10862699896097183 0.7361100018024445
vt 0.0030269999988377094 0.7361100018024445
vt 0.0030269999988377094 0.7640630006790161
vt 0.05582699924707413 0.7361100018024445
vt 0.5310270190238953 0.7640630006790161
vt 0.47822698950767517 0.7361100018024445
vt 0.47822698950767517 0.7640630006790161
vt 0.5310270190238953 0.7361100018024445
vt 0.42542698979377747 0.7361100018024445
vt 0.42542698979377747 0.7640630006790161
vt 0.47822698950767517 0.7361100018024445
vt 0.37262699007987976 0.7361100018024445
vt 0.37262699007987976 0.7640630006790161
vt 0.42542698979377747 0.7361100018024445
vt 0.37262699007987976 0.7361100018024445
vt 0.31982699036598206 0.7361100018024445
vt 0.7069720029830933 0.9111820012331009
vt 0.7471370100975037 0.9111820012331009
vt 0.7394660115242004 0.8875729963183403
vt 0.7193840146064758 0.872981995344162
vt 0.6945599913597107 0.872981995344162
vt 0.6744769811630249 0.8875729963183403
vt 0.6668059825897217 0.9111820012331009
vt 0.6744769811630249 0.9347909986972809
vt 0.6945599913597107 0.9493819996714592
vt 0.7193840146064758 0.9493819996714592
vt 0.7394660115242004 0.9347909986972809
vt 0.3194830119609833 0.7041009962558746
vt 0.372283011674881 0.7340640127658844
vt 0.372283011674881 0.7041009962558746
vt 0.372283011674881 0.7340640127658844
vt 0.3194830119609833 0.7340640127658844
vt 0.4250830113887787 0.7340640127658844
vt 0.4250830113887787 0.7041009962558746
vt 0.372283011674881 0.7340640127658844
vt 0.4778830111026764 0.7340640127658844
vt 0.4778830111026764 0.7041009962558746
vt 0.4250830113887787 0.7340640127658844
vt 0.5306829810142517 0.7340640127658844
vt 0.5306829810142517 0.7041009962558746
vt 0.4778830111026764 0.7340640127658844
vt 0.0026829999405890703 0.7041009962558746
vt 0.05548299849033356 0.7340640127658844
vt 0.05548299849033356 0.7041009962558746
vt 0.05548299849033356 0.7340640127658844
vt 0.0026829999405890703 0.7041009962558746
vt 0.0026829999405890703 0.7340640127658844
vt 0.10828299820423126 0.7340640127658844
vt 0.10828299820423126 0.7041009962558746
vt 0.10828299820423126 0.7340640127658844
vt 0.05548299849033356 0.7340640127658844
vt 0.16108299791812897 0.7340640127658844
vt 0.16108299791812897 0.7041009962558746
vt 0.16108299791812897 0.7340640127658844
vt 0.10828299820423126 0.7340640127658844
vt 0.21388299763202667 0.7340640127658844
vt 0.21388299763202667 0.7041009962558746
vt 0.16108299791812897 0.7340640127658844
vt 0.26668301224708557 0.7340640127658844
vt 0.26668301224708557 0.7041009962558746
vt 0.21388299763202667 0.7340640127658844
vt 0.26668301224708557 0.7340640127658844
vt 0.3194830119609833 0.7340640127658844
vt 0.26668301224708557 0.7340640127658844
vt 0.3540709912776947 0.8771189972758293
vt 0.39980798959732056 0.8991449996829033
vt 0.4048349857330322 0.8771189972758293
vt 0.38572201132774353 0.9168090000748634
vt 0.36536699533462524 0.9266109988093376
vt 0.34277498722076416 0.9266109988093376
vt 0.32242000102996826 0.9168090000748634
vt 0.30833300948143005 0.8991449996829033
vt 0.3033060133457184 0.8771189972758293
vt 0.30833300948143005 0.8550930023193359
vt 0.32242000102996826 0.8374300003051758
vt 0.34277498722076416 0.8276280015707016
vt 0.36536699533462524 0.8276280015707016
vt 0.38572201132774353 0.8374300003051758
vt 0.39980798959732056 0.8550940006971359
vt 0.43648698925971985 0.9168090000748634
vt 0.4455449879169464 0.8771189972758293
vt 0.4111039936542511 0.9486370012164116
vt 0.374426007270813 0.9663010016083717
vt 0.3337160050868988 0.9663010016083717
vt 0.2970370054244995 0.9486370012164116
vt 0.27165499329566956 0.9168090000748634
vt 0.2625960111618042 0.8771189972758293
vt 0.27165499329566956 0.8374300003051758
vt 0.2970370054244995 0.8056019991636276
vt 0.3337160050868988 0.7879379987716675
vt 0.374426007270813 0.7879379987716675
vt 0.4111039936542511 0.8056019991636276
vt 0.43648698925971985 0.8374300003051758
vt 0.45684200525283813 0.9266109988093376
vt 0.4681380093097687 0.8771189972758293
vt 0.4251900017261505 0.9663010016083717
vt 0.37945300340652466 0.9883270002901554
vt 0.32868799567222595 0.9883270002901554
vt 0.2829509973526001 0.9663010016083717
vt 0.25130000710487366 0.9266109988093376
vt 0.24000400304794312 0.8771189972758293
vt 0.25130000710487366 0.8276280015707016
vt 0.2829509973526001 0.7879379987716675
vt 0.32868900895118713 0.7659119963645935
vt 0.37945300340652466 0.7659119963645935
vt 0.4251900017261505 0.7879379987716675
vt 0.45684200525283813 0.8276280015707016
vt 0.5714290142059326 0.0
vt 0.5 0.7019290030002594
vt 0.5714290142059326 0.7019290030002594
vt 0.5 0.7019290030002594
vt 0.5 0.0
vt 0.642857015132904 0.0
vt 0.5714290142059326 0.7019290030002594
vt 0.642857015132904 0.7019290030002594
vt 0.5714290142059326 0.7019290030002594
vt 0.7142860293388367 0.0
vt 0.642857015132904 0.7019290030002594
vt 0.7142860293388367 0.7019290030002594
vt 0.642857015132904 0.7019290030002594
vt 0.7857139706611633 0.0
vt 0.7142860293388367 0.7019290030002594
vt 0.7857139706611633 0.7019290030002594
vt 0.857142984867096 0.0
vt 0.7857139706611633 0.7019290030002594
vt 0.857142984867096 0.7019290030002594
vt 0.9285709857940674 0.0
vt 0.857142984867096 0.7019290030002594
vt 0.9285709857940674 0.7019290030002594
vt 0.857142984867096 0.7019290030002594
vt 1.0 0.0
vt 0.9285709857940674 0.7019290030002594
vt 1.0 0.7019290030002594
vt 0.9285709857940674 0.7019290030002594
vt 0.07142899930477142 0.0
vt 0.0 0.7019290030002594
vt 0.07142899930477142 0.7019290030002594
vt 0.0 0.7019290030002594
vt 0.0 0.0
vt 0.14285700023174286 0.0
vt 0.07142899930477142 0.7019290030002594
vt 0.14285700023174286 0.7019290030002594
vt 0.07142899930477142 0.7019290030002594
vt 0.21428599953651428 0.0
vt 0.14285700023174286 0.7019290030002594
vt 0.21428599953651428 0.7019290030002594
vt 0.2857140004634857 0.0
vt 0.21428599953651428 0.7019290030002594
vt 0.2857140004634857 0.7019290030002594
vt 0.21428599953651428 0.7019290030002594
vt 0.35714301466941833 0.0
vt 0.2857140004634857 0.7019290030002594
vt 0.35714301466941833 0.7019290030002594
vt 0.42857199907302856 0.0
vt 0.35714301466941833 0.7019290030002594
vt 0.42857199907302856 0.7019290030002594
vt 0.42857199907302856 0.7019290030002594
vt 0.5 0.7019290030002594
vt 0.42857199907302856 0.7019290030002594
vt 0.0356220006942749 0.9169190004467964
vt 0.003971000202000141 0.8772289976477623
vt 0.01526699960231781 0.9267209991812706
vt 0.003971000202000141 0.8772289976477623
vt 0.02656400017440319 0.8772289976477623
vt 0.06100500002503395 0.9487470015883446
vt 0.01526699960231781 0.9267209991812706
vt 0.046918999403715134 0.9664099998772144
vt 0.01526699960231781 0.9267209991812706
vt 0.09768299758434296 0.9664099998772144
vt 0.046918999403715134 0.9664099998772144
vt 0.09265600144863129 0.9884360004216433
vt 0.046918999403715134 0.9664099998772144
vt 0.13839299976825714 0.9664099998772144
vt 0.09265600144863129 0.9884360004216433
vt 0.1434209942817688 0.9884360004216433
vt 0.09265600144863129 0.9884360004216433
vt 0.17507199943065643 0.9487470015883446
vt 0.1434209942817688 0.9884360004216433
vt 0.18915799260139465 0.9664099998772144
vt 0.2004539966583252 0.9169190004467964
vt 0.18915799260139465 0.9664099998772144
vt 0.2208089977502823 0.9267209991812706
vt 0.18915799260139465 0.9664099998772144
vt 0.20951299369335175 0.8772289976477623
vt 0.2208089977502823 0.9267209991812706
vt 0.23210500180721283 0.8772289976477623
vt 0.2208089977502823 0.9267209991812706
vt 0.2004539966583252 0.8375400006771088
vt 0.23210500180721283 0.8772289976477623
vt 0.2208089977502823 0.8277370035648346
vt 0.23210500180721283 0.8772289976477623
vt 0.17507199943065643 0.8057110011577606
vt 0.2208089977502823 0.8277370035648346
vt 0.18915799260139465 0.7880479991436005
vt 0.2208089977502823 0.8277370035648346
vt 0.13839299976825714 0.7880479991436005
vt 0.18915799260139465 0.7880479991436005
vt 0.1434209942817688 0.7660219967365265
vt 0.18915799260139465 0.7880479991436005
vt 0.09768299758434296 0.7880479991436005
vt 0.1434209942817688 0.7660219967365265
vt 0.09265600144863129 0.7660219967365265
vt 0.1434209942817688 0.7660219967365265
vt 0.06100500002503395 0.8057110011577606
vt 0.09265600144863129 0.7660219967365265
vt 0.046918001025915146 0.7880479991436005
vt 0.09265600144863129 0.7660219967365265
vt 0.0356220006942749 0.8375400006771088
vt 0.046918001025915146 0.7880479991436005
vt 0.01526699960231781 0.8277370035648346
vt 0.01526699960231781 0.8277370035648346
vt 0.003971000202000141 0.8772289976477623
vt 0.01526699960231781 0.8277370035648346
vt 0.0723010003566742 0.8992550000548363
vt 0.06727399677038193 0.8772289976477623
vt 0.08638700097799301 0.9169180020689964
vt 0.1067420020699501 0.9267209991812706
vt 0.1293340027332306 0.9267209991812706
vt 0.14968900382518768 0.9169180020689964
vt 0.1637759953737259 0.8992550000548363
vt 0.16880300641059875 0.8772289976477623
vt 0.1637759953737259 0.8552030026912689
vt 0.14968900382518768 0.8375400006771088
vt 0.1293340027332306 0.8277370035648346
vt 0.1067420020699501 0.8277370035648346
vt 0.08638700097799301 0.8375400006771088
vt 0.0723010003566742 0.8552030026912689
vt 0.11803799867630005 0.8772289976477623
vt 0.7267550230026245 0.7647480070590973
vt 0.7522839903831482 0.73921999335289
vt 0.7267550230026245 0.73921999335289
vt 0.7522839903831482 0.7647480070590973
vt 0.7267550230026245 0.7647480070590973
vt 0.7522839903831482 0.798662006855011
vt 0.7522839903831482 0.7647480070590973
vt 0.7267550230026245 0.798662006855011
vt 0.7522839903831482 0.7647480070590973
vt 0.7861980199813843 0.73921999335289
vt 0.7522839903831482 0.73921999335289
vt 0.7861980199813843 0.7647480070590973
vt 0.7522839903831482 0.73921999335289
vt 0.7267550230026245 0.7053059935569763
vt 0.7267550230026245 0.73921999335289
vt 0.7522839903831482 0.7053059935569763
vt 0.7267550230026245 0.73921999335289
vt 0.6928409934043884 0.7647480070590973
vt 0.7267550230026245 0.7647480070590973
vt 0.6928409934043884 0.73921999335289
vt 0.7886360287666321 0.9792040009051561
vt 0.890209972858429 0.9655379988253117
vt 0.7886360287666321 0.9655379988253117
vt 0.890209972858429 0.9792040009051561
vt 0.890209972858429 0.9518719986081123
vt 0.7886360287666321 0.9518719986081123
vt 0.890209972858429 0.938205998390913
vt 0.7886360287666321 0.938205998390913
vt 0.890209972858429 0.9245399981737137
vt 0.7886360287666321 0.9245399981737137
vt 0.890209972858429 0.9108740016818047
vt 0.7886360287666321 0.9108740016818047
vt 0.890209972858429 0.897207997739315
vt 0.7886360287666321 0.897207997739315
vt 0.890209972858429 0.883541002869606
vt 0.7886360287666321 0.883541002869606
vt 0.890209972858429 0.8698749989271164
vt 0.7886360287666321 0.8698749989271164
vt 0.890209972858429 0.8562089949846268
vt 0.7886360287666321 0.8562089949846268
vt 0.7886360287666321 0.9928700001910329
vt 0.890209972858429 0.9928700001910329
vt 0.635233998298645 0.8417019993066788
vt 0.6493139863014221 0.8557820022106171
vt 0.6493139863014221 0.8417019993066788
vt 0.635233998298645 0.8557820022106171
vt 0.7619500160217285 0.8417019993066788
vt 0.7619500160217285 0.8557820022106171
vt 0.7760300040245056 0.8557820022106171
vt 0.7760300040245056 0.8417019993066788
vt 0.6493139863014221 0.9684179984033108
vt 0.635233998298645 0.9684179984033108
vt 0.7760300040245056 0.9684179984033108
vt 0.7619500160217285 0.9684179984033108
vt 0.6493139863014221 0.9824979994446039
vt 0.635233998298645 0.9824979994446039
vt 0.7619500160217285 0.9824979994446039
vt 0.7760300040245056 0.9824979994446039
vt 0.6274909973144531 0.8557820022106171
vt 0.6274909973144531 0.8417019993066788
vt 0.635233998298645 0.8339589983224869
vt 0.6493139863014221 0.8339589983224869
vt 0.7619500160217285 0.8417019993066788
vt 0.7619500160217285 0.8339589983224869
vt 0.7760300040245056 0.8339589983224869
vt 0.7837730050086975 0.8417019993066788
vt 0.7837730050086975 0.8557820022106171
vt 0.7837730050086975 0.9684179984033108
vt 0.7837730050086975 0.9824979994446039
vt 0.7760300040245056 0.9902410004287958
vt 0.7619500160217285 0.9902410004287958
vt 0.6493139863014221 0.9902410004287958
vt 0.635233998298645 0.9902410004287958
vt 0.6274909973144531 0.9824979994446039
vt 0.6274909973144531 0.9684179984033108
vt 0.657056987285614 0.8557820022106171
vt 0.657056987285614 0.9684179984033108
vt 0.6493139863014221 0.9606750011444092
vt 0.7619500160217285 0.9606750011444092
vt 0.7542070150375366 0.9684179984033108
vt 0.7619500160217285 0.8557820022106171
vt 0.7542070150375366 0.8557820022106171
vt 0.7619500160217285 0.863525003194809
vt 0.6493139863014221 0.863525003194809
vt 0.7619500160217285 0.8557820022106171
vt 0.5007749795913696 0.8557820022106171
vt 0.6134120225906372 0.8417019993066788
vt 0.5007749795913696 0.8417019993066788
vt 0.6134120225906372 0.8557820022106171
vt 0.4866960048675537 0.8417019993066788
vt 0.4866960048675537 0.8557820022106171
vt 0.5007749795913696 0.9684179984033108
vt 0.4866960048675537 0.9684179984033108
vt 0.4866960048675537 0.9824979994446039
vt 0.5007749795913696 0.9824979994446039
vt 0.6134120225906372 0.9684179984033108
vt 0.6134120225906372 0.9824979994446039
vt 0.6274909973144531 0.9684179984033108
vt 0.6274909973144531 0.8557820022106171
vt 0.6274909973144531 0.8417019993066788
vt 0.6274909973144531 0.9824979994446039
vt 0.7879940271377563 0.7951699942350388
vt 0.8895670175552368 0.7815040051937103
vt 0.7879940271377563 0.7815040051937103
vt 0.8895670175552368 0.7951699942350388
vt 0.8895670175552368 0.7678370028734207
vt 0.7879940271377563 0.7678370028734207
vt 0.8895670175552368 0.7541719973087311
vt 0.7879940271377563 0.7541719973087311
vt 0.8895670175552368 0.7405050098896027
vt 0.7879940271377563 0.7405050098896027
vt 0.8895670175552368 0.726839005947113
vt 0.7879940271377563 0.726839005947113
vt 0.8895670175552368 0.7131730020046234
vt 0.7879940271377563 0.7131730020046234
vt 0.7879940271377563 0.8498339951038361
vt 0.8895670175552368 0.8361680060625076
vt 0.7879940271377563 0.8361680060625076
vt 0.8895670175552368 0.8498339951038361
vt 0.8895670175552368 0.822502002120018
vt 0.7879940271377563 0.822502002120018
vt 0.8895670175552368 0.8088359981775284
vt 0.7879940271377563 0.8088359981775284
vt 0.5355920195579529 0.7938250005245209
vt 0.5611209869384766 0.7682960033416748
vt 0.5355920195579529 0.7682960033416748
vt 0.5611209869384766 0.7938250005245209
vt 0.5355920195579529 0.7938250005245209
vt 0.5611209869384766 0.8277390003204346
vt 0.5611209869384766 0.7938250005245209
vt 0.5355920195579529 0.8277390003204346
vt 0.5611209869384766 0.7938250005245209
vt 0.5950350165367126 0.7682960033416748
vt 0.5611209869384766 0.7682960033416748
vt 0.5950350165367126 0.7938250005245209
vt 0.5611209869384766 0.7682960033416748
vt 0.5355920195579529 0.7343820035457611
vt 0.5355920195579529 0.7682960033416748
vt 0.5611209869384766 0.7343820035457611
vt 0.5355920195579529 0.7682960033416748
vt 0.501679003238678 0.7938250005245209
vt 0.5355920195579529 0.7938250005245209
vt 0.501679003238678 0.7682960033416748
vt 0.6004440188407898 0.7633920013904572
vt 0.6259729862213135 0.7378630042076111
vt 0.6004440188407898 0.7378630042076111
vt 0.6259729862213135 0.7633920013904572
vt 0.6004440188407898 0.7633920013904572
vt 0.6259729862213135 0.7973050028085709
vt 0.6259729862213135 0.7633920013904572
vt 0.6004440188407898 0.7973050028085709
vt 0.6259729862213135 0.7633920013904572
vt 0.6598860025405884 0.7378630042076111
vt 0.6259729862213135 0.7378630042076111
vt 0.6598860025405884 0.7633920013904572
vt 0.6259729862213135 0.7378630042076111
vt 0.6004440188407898 0.7039490044116974
vt 0.6004440188407898 0.7378630042076111
vt 0.6259729862213135 0.7039490044116974
vt 0.6004440188407898 0.7378630042076111
vt 0.5665299892425537 0.7633920013904572
vt 0.6004440188407898 0.7633920013904572
vt 0.5665299892425537 0.7378630042076111
vt 0.8940860033035278 0.7904309928417206
vt 0.9956600069999695 0.7767650038003922
vt 0.8940860033035278 0.7767650038003922
vt 0.9956600069999695 0.7904309928417206
vt 0.9956600069999695 0.7630989998579025
vt 0.8940860033035278 0.7630989998579025
vt 0.9956600069999695 0.7494330108165741
vt 0.8940860033035278 0.7494330108165741
vt 0.9956600069999695 0.7357670068740845
vt 0.8940860033035278 0.7357670068740845
vt 0.9956600069999695 0.7221010029315948
vt 0.8940860033035278 0.7221010029315948
vt 0.9956600069999695 0.7084349989891052
vt 0.8940860033035278 0.7084349989891052
vt 0.8940860033035278 0.8450960069894791
vt 0.9956600069999695 0.8314300030469894
vt 0.8940860033035278 0.8314300030469894
vt 0.9956600069999695 0.8450960069894791
vt 0.9956600069999695 0.8177630007266998
vt 0.8940860033035278 0.8177630007266998
vt 0.9956600069999695 0.8040969967842102
vt 0.8940860033035278 0.8040969967842102
vt 0.8947669863700867 0.976257000118494
vt 0.9963409900665283 0.9625900015234947
vt 0.8947669863700867 0.9625900015234947
vt 0.9963409900665283 0.976257000118494
vt 0.9963409900665283 0.9489240013062954
vt 0.8947669863700867 0.9489240013062954
vt 0.9963409900665283 0.9352580010890961
vt 0.8947669863700867 0.9352580010890961
vt 0.9963409900665283 0.9215919971466064
vt 0.8947669863700867 0.9215919971466064
vt 0.9963409900665283 0.9079260006546974
vt 0.8947669863700867 0.9079260006546974
vt 0.9963409900665283 0.8942599967122078
vt 0.8947669863700867 0.8942599967122078
vt 0.9963409900665283 0.8805940002202988
vt 0.8947669863700867 0.8805940002202988
vt 0.9963409900665283 0.8669279962778091
vt 0.8947669863700867 0.8669279962778091
vt 0.9963409900665283 0.8532609939575195
vt 0.8947669863700867 0.8532609939575195
vt 0.8947669863700867 0.9899230003356934
vt 0.9963409900665283 0.9899230003356934
vt 0.6647930145263672 0.7925760000944138
vt 0.6903219819068909 0.7670470029115677
vt 0.6647930145263672 0.7670470029115677
vt 0.6903219819068909 0.7925760000944138
vt 0.6647930145263672 0.7925760000944138
vt 0.6903219819068909 0.8264899998903275
vt 0.6903219819068909 0.7925760000944138
vt 0.6647930145263672 0.8264899998903275
vt 0.6903219819068909 0.7925760000944138
vt 0.7242349982261658 0.7670470029115677
vt 0.6903219819068909 0.7670470029115677
vt 0.7242349982261658 0.7925760000944138
vt 0.6903219819068909 0.7670470029115677
vt 0.6647930145263672 0.7331329882144928
vt 0.6647930145263672 0.7670470029115677
vt 0.6903219819068909 0.7331329882144928
vt 0.6647930145263672 0.7670470029115677
vt 0.6308789849281311 0.7925760000944138
vt 0.6647930145263672 0.7925760000944138
vt 0.6308789849281311 0.7670470029115677
vt 0.5588300228118896 0.913271002471447
vt 0.5110129714012146 0.913271002471447
vt 0.5201449990272522 0.9413769990205765
vt 0.5440539717674255 0.958746999502182
vt 0.573606014251709 0.958746999502182
vt 0.5975139737129211 0.9413769990205765
vt 0.6066460013389587 0.913271002471447
vt 0.5975139737129211 0.8851659968495369
vt 0.573606014251709 0.867795005440712
vt 0.5440530180931091 0.867795005440712
vt 0.5201449990272522 0.8851659968495369
vt 0.31982699036598206 0.7640630006790161
vt 0.26702699065208435 0.7361100018024445
vt 0.26702699065208435 0.7640630006790161
vt 0.31982699036598206 0.7361100018024445
vt 0.21422700583934784 0.7361100018024445
vt 0.21422700583934784 0.7640630006790161
vt 0.26702699065208435 0.7361100018024445
vt 0.16142700612545013 0.7361100018024445
vt 0.16142700612545013 0.7640630006790161
vt 0.21422700583934784 0.7361100018024445
vt 0.10862699896097183 0.7361100018024445
vt 0.10862699896097183 0.7640630006790161
vt 0.16142700612545013 0.7361100018024445
vt 0.05582699924707413 0.7361100018024445
vt 0.05582699924707413 0.7640630006790161
vt 0.10862699896097183 0.7361100018024445
vt 0.0030269999988377094 0.7361100018024445
vt 0.0030269999988377094 0.7640630006790161
vt 0.05582699924707413 0.7361100018024445
vt 0.5310270190238953 0.7640630006790161
vt 0.47822698950767517 0.7361100018024445
vt 0.47822698950767517 0.7640630006790161
vt 0.5310270190238953 0.7361100018024445
vt 0.42542698979377747 0.7361100018024445
vt 0.42542698979377747 0.7640630006790161
vt 0.47822698950767517 0.7361100018024445
vt 0.37262699007987976 0.7361100018024445
vt 0.37262699007987976 0.7640630006790161
vt 0.42542698979377747 0.7361100018024445
vt 0.37262699007987976 0.7361100018024445
vt 0.31982699036598206 0.7361100018024445
vt 0.7069720029830933 0.9111820012331009
vt 0.7471370100975037 0.9111820012331009
vt 0.7394660115242004 0.8875729963183403
vt 0.7193840146064758 0.872981995344162
vt 0.6945599913597107 0.872981995344162
vt 0.6744769811630249 0.8875729963183403
vt 0.6668059825897217 0.9111820012331009
vt 0.6744769811630249 0.9347909986972809
vt 0.6945599913597107 0.9493819996714592
vt 0.7193840146064758 0.9493819996714592
vt 0.7394660115242004 0.9347909986972809
vt 0.3194830119609833 0.7041009962558746
vt 0.372283011674881 0.7340640127658844
vt 0.372283011674881 0.7041009962558746
vt 0.372283011674881 0.7340640127658844
vt 0.3194830119609833 0.7340640127658844
vt 0.4250830113887787 0.7340640127658844
vt 0.4250830113887787 0.7041009962558746
vt 0.372283011674881 0.7340640127658844
vt 0.4778830111026764 0.7340640127658844
vt 0.4778830111026764 0.7041009962558746
vt 0.4250830113887787 0.7340640127658844
vt 0.5306829810142517 0.7340640127658844
vt 0.5306829810142517 0.7041009962558746
vt 0.4778830111026764 0.7340640127658844
vt 0.0026829999405890703 0.7041009962558746
vt 0.05548299849033356 0.7340640127658844
vt 0.05548299849033356 0.7041009962558746
vt 0.05548299849033356 0.7340640127658844
vt 0.0026829999405890703 0.7041009962558746
vt 0.0026829999405890703 0.7340640127658844
vt 0.10828299820423126 0.7340640127658844
vt 0.10828299820423126 0.7041009962558746
vt 0.10828299820423126 0.7340640127658844
vt 0.05548299849033356 0.7340640127658844
vt 0.16108299791812897 0.7340640127658844
vt 0.16108299791812897 0.7041009962558746
vt 0.16108299791812897 0.7340640127658844
vt 0.10828299820423126 0.7340640127658844
vt 0.21388299763202667 0.7340640127658844
vt 0.21388299763202667 0.7041009962558746
vt 0.16108299791812897 0.7340640127658844
vt 0.26668301224708557 0.7340640127658844
vt 0.26668301224708557 0.7041009962558746
vt 0.21388299763202667 0.7340640127658844
vt 0.26668301224708557 0.7340640127658844
vt 0.3194830119609833 0.7340640127658844
vt 0.26668301224708557 0.7340640127658844
vt 4.0 2.5
vt 4.0 2.50390625
vt -4.0 2.50390625
vt -4.0 2.5
vt 4.0 2.375
vt -4.0 2.375
vt -4.0 -3.0
vt 4.0 -3.0
vt -3.0 0.9375
vt -3.875 0.5
vt -3.875 0.9375
vt -3.875 0.9375
vt -3.875 0.5
vt -3.0 0.9375
vt -0.25 0.5
vt 0.25 0.5
vt 0.25 0.9375
vt -0.25 0.9375
vt -3.0 0.75
vt -3.0 1.25
vt -3.875 1.25
vt -3.875 0.75
vt -3.875 0.75
vt -3.875 1.25
vt -3.0 1.25
vt -3.0 0.75
vt -3.0 0.9375
vt -3.875 0.5
vt -3.875 0.9375
vt -3.875 0.9375
vt -3.875 0.5
vt -3.0 0.9375
vt 0.2500000298023224 0.5
vt -0.2499999850988388 0.5
vt -0.2499999850988388 0.9375
vt 0.2500000298023224 0.9375
vt 0.25 -2.0
vt -0.2500000298023224 -2.0
vt -0.2499999850988388 -2.875
vt 0.2500000298023224 -2.875
vt 0.2500000298023224 -2.875
vt -0.2499999850988388 -2.875
vt -0.2500000298023224 -2.0
vt 0.25 -2.0
vt 3.0 0.9375
vt 3.875 0.5
vt 3.875 0.9375
vt 3.875 0.9375
vt 3.875 0.5
vt 3.0 0.9375
vt 0.24999995529651642 0.5
vt -0.2500000298023224 0.5
vt -0.2500000298023224 0.9375
vt 0.24999995529651642 0.9375
vt 3.0 1.2500000298023224
vt 3.0 0.7500000447034836
vt 3.875 0.7499999701976776
vt 3.875 1.2499999552965164
vt 3.875 1.2499999552965164
vt 3.875 0.7499999701976776
vt 3.0 0.7500000447034836
vt 3.0 1.2500000298023224
vt -1.75 0.9375
vt -0.875 0.5
vt -0.875 0.9375
vt -0.875 0.9375
vt -0.875 0.5
vt -1.75 0.9375
vt 0.24999995529651642 0.5
vt -0.2500000298023224 0.5
vt -0.2500000298023224 0.9375
vt 0.24999995529651642 0.9375
vt -1.75 1.2500000298023224
vt -1.75 0.7500000447034836
vt -0.875 0.7499999701976776
vt -0.875 1.2499999552965164
vt -0.875 1.2499999552965164
vt -0.875 0.7499999701976776
vt -1.75 0.7500000447034836
vt -1.75 1.2500000298023224
vt 1.75 0.9375
vt 0.875 0.5
vt 0.875 0.9375
vt 0.875 0.9375
vt 0.875 0.5
vt 1.75 0.9375
vt -0.25 0.5
vt 0.25 0.5
vt 0.25 0.9375
vt -0.25 0.9375
vt 1.75 0.75
vt 1.75 1.25
vt 0.875 1.25
vt 0.875 0.75
vt 0.875 0.75
vt 0.875 1.25
vt 1.75 1.25
vt 1.75 0.75
vt -1.75 0.9375
vt -0.875 0.5
vt -0.875 0.9375
vt -0.875 0.9375
vt -0.875 0.5
vt -1.75 0.9375
vt -0.2499999850988388 0.5
vt 0.2500000298023224 0.5
vt 0.2500000298023224 0.9375
vt -0.2499999850988388 0.9375
vt -0.2500000298023224 -0.75
vt 0.2499999850988388 -0.75
vt 0.2500000298023224 0.125
vt -0.2499999850988388 0.125
vt -0.2499999850988388 0.125
vt 0.2500000298023224 0.125
vt 0.2499999850988388 -0.75
vt -0.2500000298023224 -0.75
vt 5.633802890777588 -4.562280178070068
vt -5.633802890777588 -4.562280178070068
vt -5.633802890777588 -4.738336563110352
vt 5.633802890777588 -4.738336563110352
vt -5.633802890777588 -4.562280178070068
vt 5.633802890777588 -4.562280178070068
vt 5.633802890777588 -4.738336563110352
vt -5.633802890777588 -4.738336563110352
vt 5.633802890777588 -4.386223793029785
vt 5.633802890777588 0.8954658731818199
vt -5.633802890777588 0.8954658731818199
vt -5.633802890777588 -4.386223793029785
vt -5.633802890777588 -4.562280178070068
vt -5.457746505737305 -4.562280178070068
vt -5.457746505737305 2.6560295820236206
vt -5.633802890777588 2.6560299396514893
vt -5.633802890777588 -4.386223793029785
vt -5.633802890777588 0.8954658731818199
vt -5.457746505737305 0.8954658731818199
vt -5.457746505737305 -4.386223793029785
vt 1.7605630159378052 0.8954658731818199
vt 1.7605630159378052 -4.386223793029785
vt -5.457746505737305 -4.386223793029785
vt -5.457746505737305 0.8954658731818199
vt -5.457746505737305 -4.562280178070068
vt -5.633802890777588 -4.562280178070068
vt -5.633802890777588 2.6560299396514893
vt -5.457746505737305 2.6560295820236206
vt -5.457746505737305 -4.386223793029785
vt -5.457746505737305 0.8954658731818199
vt -5.633802890777588 0.8954658731818199
vt -5.633802890777588 -4.386223793029785
vt 5.633802890777588 2.8320863246917725
vt -5.633802890777588 2.8320863246917725
vt -5.633802890777588 2.6560299396514893
vt 5.633802890777588 2.6560299396514893
vt 1.936619758605957 -4.386223793029785
vt 1.936619758605957 0.8954658731818199
vt 1.7605633735656738 0.8954658731818199
vt 1.7605633735656738 -4.386223793029785
vt 1.936619758605957 0.8954658731818199
vt 1.936619758605957 -4.386223793029785
vt 1.7605633735656738 -4.386223793029785
vt 1.7605633735656738 0.8954658731818199
vt -5.633802890777588 -4.386223793029785
vt -5.633802890777588 0.8954658731818199
vt 5.633802890777588 0.8954658731818199
vt 5.633802890777588 -4.386223793029785
vt 5.457746505737305 2.6560293436050415
vt 5.457746505737305 -4.562280654907227
vt 5.633802890777588 -4.562280654907227
vt 5.633802890777588 2.6560299396514893
vt 5.457746505737305 -4.386223793029785
vt 5.457746505737305 0.8954658731818199
vt 5.633802890777588 0.8954658731818199
vt 5.633802890777588 -4.386223793029785
vt -5.457746982574463 0.8954658731818199
vt -5.457746982574463 -4.386223793029785
vt 1.760562777519226 -4.386223793029785
vt 1.760562777519226 0.8954658731818199
vt 5.633802890777588 -4.562280654907227
vt 5.457746505737305 -4.562280654907227
vt 5.457746505737305 2.6560293436050415
vt 5.633802890777588 2.6560299396514893
vt 5.633802890777588 -4.386223793029785
vt 5.633802890777588 0.8954658731818199
vt 5.457746505737305 0.8954658731818199
vt 5.457746505737305 -4.386223793029785
vt 0.875 2.5
vt 0.875 -2.75
vt -0.8750000596046448 -2.75
vt -0.8750000596046448 2.5
vt 0.875 2.25
vt -0.8750000596046448 2.25
vt -0.8750000596046448 0.125
vt 0.875 0.125
vt 1.25 2.5
vt -0.875 2.5
vt -0.875 -2.75
vt 1.25 -2.75
vt -0.875 2.5
vt 1.25 2.5
vt 1.25 -2.75
vt -0.875 -2.75
vt -2.25 -1.0
vt -2.25 -2.75
vt -3.875 -2.75
vt -3.875 -1.0
vt -2.25 -2.75
vt -2.25 -1.0
vt -3.875 -1.0
vt -3.875 -2.75
vt -2.25 -0.125
vt -3.875 -0.125
vt -3.875 -1.125
vt -2.25 -1.125
vt -3.875 -0.125
vt -2.25 -0.125
vt -2.25 -1.125
vt -3.875 -1.125
vt -1.125 -1.0
vt -2.125 -1.0
vt -2.125 -2.75
vt -1.125 -2.75
vt -2.125 -1.0
vt -1.125 -1.0
vt -1.125 -2.75
vt -2.125 -2.75
vt 3.875 -1.0
vt 3.875 -2.75
vt 2.25 -2.75
vt 2.25 -1.0
vt 3.875 -2.75
vt 3.875 -1.0
vt 2.25 -1.0
vt 2.25 -2.75
vt 3.875 -0.125
vt 2.25 -0.125
vt 2.25 -1.125
vt 3.875 -1.125
vt 2.25 -0.125
vt 3.875 -0.125
vt 3.875 -1.125
vt 2.25 -1.125
vt -1.125 -1.0
vt -2.125 -1.0
vt -2.125 -2.75
vt -1.125 -2.75
vt -2.125 -1.0
vt -1.125 -1.0
vt -1.125 -2.75
vt -2.125 -2.75
vt -2.5833334922790527 1.8333333730697632
vt -2.5833334922790527 2.0
vt -2.6666667461395264 2.0
vt -2.6666667461395264 1.8333333730697632
vt -2.6666667461395264 1.8333333730697632
vt -2.6666667461395264 2.0
vt -2.5833334922790527 2.0
vt -2.5833334922790527 1.8333333730697632
vt 0.25 -1.5833334922790527
vt -0.25 -1.5833334922790527
vt -0.25 -1.6666667461395264
vt 0.25 -1.6666667461395264
vt 0.25 1.8333333730697632
vt 0.25 2.0
vt -0.25 2.0
vt -0.25 1.8333333730697632
vt -0.25 -1.5833334922790527
vt -2.6666667461395264 -1.5833334922790527
vt -2.6666667461395264 -1.6666667461395264
vt -0.25 -1.6666667461395264
vt -2.6666667461395264 -1.5833334922790527
vt -0.25 -1.5833334922790527
vt -0.25 -1.6666667461395264
vt -2.6666667461395264 -1.6666667461395264
vt -2.6666667461395264 1.0
vt -2.6666667461395264 2.0
vt -2.5833334922790527 2.0
vt -2.5833334922790527 1.0
vt -0.25 1.0
vt -0.25 2.0
vt -2.6666667461395264 2.0
vt -2.6666667461395264 1.0
vt 2.6666667461395264 -1.5833334922790527
vt 0.25 -1.5833334922790527
vt 0.25 -1.6666667461395264
vt 2.6666667461395264 -1.6666667461395264
vt 2.6666667461395264 -1.6666667461395264
vt 0.25 -1.6666667461395264
vt 0.25 -1.5833334922790527
vt 2.6666667461395264 -1.5833334922790527
vt -2.5833334922790527 2.0
vt -2.6666667461395264 2.0
vt -2.6666667461395264 1.0
vt -2.5833334922790527 1.0
vt 2.6666667461395264 1.0
vt 2.6666667461395264 2.0
vt 0.25 2.0
vt 0.25 1.0
vt -2.6666667461395264 1.8333333730697632
vt -2.6666667461395264 2.0
vt -2.5833334922790527 2.0
vt -2.5833334922790527 1.8333333730697632
vt -2.6666667461395264 1.8333333730697632
vt -2.5833334922790527 1.8333333730697632
vt -2.5833334922790527 2.0
vt -2.6666667461395264 2.0
vt -0.25 2.0
vt 0.25 2.0
vt 0.25 1.8333333730697632
vt -0.25 1.8333333730697632
vt 0.25000011920928955 3.6666667461395264
vt -0.24999988079071045 3.6666667461395264
vt -0.24999988079071045 3.5833334922790527
vt 0.25000011920928955 3.5833334922790527
vt -2.6666667461395264 -1.5833334922790527
vt -2.5833334922790527 -1.5833334922790527
vt -2.5833334922790527 0.7499998211860657
vt -2.6666667461395264 0.75
vt -2.6666667461395264 1.0
vt -2.6666667461395264 2.0
vt -2.5833334922790527 2.0
vt -2.5833334922790527 1.0
vt -0.2500001788139343 2.0
vt -0.2500001788139343 1.0
vt -2.5833334922790527 1.0
vt -2.5833334922790527 2.0
vt -2.5833334922790527 -1.5833334922790527
vt -2.6666667461395264 -1.5833334922790527
vt -2.6666667461395264 0.75
vt -2.5833334922790527 0.7499998211860657
vt -2.5833334922790527 1.0
vt -2.5833334922790527 2.0
vt -2.6666667461395264 2.0
vt -2.6666667461395264 1.0
vt -2.5833334922790527 1.833333134651184
vt -2.6666667461395264 1.833333134651184
vt -2.6666667461395264 1.249999612569809
vt -2.5833334922790527 1.249999612569809
vt -2.5833334922790527 2.0
vt -2.6666667461395264 2.0
vt -2.6666667461395264 1.0
vt -2.5833334922790527 1.0
vt 0.8333331346511841 2.0
vt 0.8333331346511841 1.0
vt 0.24999961256980896 1.0
vt 0.24999961256980896 2.0
vt -2.6666667461395264 1.249999612569809
vt -2.6666667461395264 1.833333134651184
vt -2.5833334922790527 1.833333134651184
vt -2.5833334922790527 1.249999612569809
vt -2.6666667461395264 1.0
vt -2.6666667461395264 2.0
vt -2.5833334922790527 2.0
vt -2.5833334922790527 1.0
vt 2.5833334922790527 0.7499999105930328
vt 2.5833334922790527 -1.5833334922790527
vt 2.6666667461395264 -1.5833334922790527
vt 2.6666667461395264 0.7500001490116119
vt 2.5833334922790527 1.0
vt 2.5833334922790527 2.0
vt 2.6666667461395264 2.0
vt 2.6666667461395264 1.0
vt -2.5833334922790527 2.0
vt -2.5833334922790527 1.0
vt -0.25000008940696716 1.0
vt -0.25000008940696716 2.0
vt 2.6666667461395264 -1.5833334922790527
vt 2.5833334922790527 -1.5833334922790527
vt 2.5833334922790527 0.7499999105930328
vt 2.6666667461395264 0.7500001490116119
vt 2.6666667461395264 1.0
vt 2.6666667461395264 2.0
vt 2.5833334922790527 2.0
vt 2.5833334922790527 1.0
vt 2.6666667461395264 1.8333333730697632
vt 2.5833334922790527 1.8333333730697632
vt 2.5833334922790527 1.2500000596046448
vt 2.6666667461395264 1.2500000596046448
vt 2.5833334922790527 1.0
vt 2.6666667461395264 1.0
vt 2.6666667461395264 2.0
vt 2.5833334922790527 2.0
vt 0.2500000596046448 1.0
vt 0.8333333730697632 1.0
vt 0.8333333730697632 2.0
vt 0.2500000596046448 2.0
vt 2.5833334922790527 1.2500000596046448
vt 2.5833334922790527 1.8333333730697632
vt 2.6666667461395264 1.8333333730697632
vt 2.6666667461395264 1.2500000596046448
vt 2.5833334922790527 1.0
vt 2.5833334922790527 2.0
vt 2.6666667461395264 2.0
vt 2.6666667461395264 1.0
vt -2.6666667461395264 1.0
vt -2.6666667461395264 2.0
vt 2.6666667461395264 2.0
vt 2.6666667461395264 1.0
vt 0.25 2.0
vt -0.25 2.0
vt -0.25 1.8333333730697632
vt 0.25 1.8333333730697632
vt 2.5833334922790527 1.8333333730697632
vt 2.5833334922790527 2.0
vt 2.6666667461395264 2.0
vt 2.6666667461395264 1.8333333730697632
vt 2.5833334922790527 1.8333333730697632
vt 2.6666667461395264 1.8333333730697632
vt 2.6666667461395264 2.0
vt 2.5833334922790527 2.0
vt 0.24999988079071045 -1.5833334922790527
vt -0.25000011920928955 -1.5833334922790527
vt -0.25000011920928955 -1.6666667461395264
vt 0.24999988079071045 -1.6666667461395264
vt 0.40625 1.0
vt 0.40625 0.96875
vt -0.40625 0.96875
vt -0.40625 1.0
vt 0.40625 0.96875
vt 0.40625 1.0
vt -0.40625 1.0
vt -0.40625 0.96875
vt -0.5803571343421936 -0.25
vt 0.5803571343421936 -0.25
vt 0.5803571343421936 -4.535714626312256
vt -0.5803571343421936 -4.535714626312256
vt -0.875 1.0
vt -3.875 1.0
vt -3.875 0.96875
vt -0.875 0.96875
vt -3.875 1.0
vt -0.875 1.0
vt -0.875 0.96875
vt -3.875 0.96875
vt -0.875 1.0
vt -0.875 0.96875
vt -3.875 0.96875
vt -3.875 1.0
vt -0.875 0.96875
vt -0.875 1.0
vt -3.875 1.0
vt -3.875 0.96875
vt -5.535714626312256 1.5803571343421936
vt -1.25 1.5803571343421936
vt -1.25 0.4196428656578064
vt -5.535714626312256 0.4196428656578064
vt 0.40625 1.0
vt -0.40625 1.0
vt -0.40625 0.96875
vt 0.40625 0.96875
vt -0.40625 1.0
vt 0.40625 1.0
vt 0.40625 0.96875
vt -0.40625 0.96875
vt -0.5803573131561279 -3.2410717010498047
vt -4.241071701049805 0.41964298486709595
vt -0.580357015132904 0.41964268684387207
vt -2.96875 1.0
vt -2.96875 0.96875
vt -0.40624988079071045 0.96875
vt -0.40624988079071045 1.0
vt -0.40625011920928955 1.0
vt -0.40625011920928955 0.96875
vt -2.96875 0.96875
vt -2.96875 1.0
vt -0.40625011920928955 1.0
vt -0.40625011920928955 0.96875
vt -2.96875 0.96875
vt -2.96875 1.0
vt 0.875 0.96875
vt 0.875 1.0
vt 3.875 1.0
vt 3.875 0.96875
vt 0.875 1.0
vt 0.875 0.96875
vt 3.875 0.96875
vt 3.875 1.0
vt 1.25 1.5803571343421936
vt 5.535714626312256 1.5803571343421936
vt 5.535714626312256 0.4196428656578064
vt 1.25 0.4196428656578064
vt -0.40625 1.0
vt 0.40625 1.0
vt 0.40625 0.96875
vt -0.40625 0.96875
vt 0.40625 1.0
vt -0.40625 1.0
vt -0.40625 0.96875
vt 0.40625 0.96875
vt 0.5803571343421936 0.41964268684387207
vt 4.241071701049805 0.41964298486709595
vt 0.5803571343421936 -3.2410717010498047
vt 2.96875 0.96875
vt 2.96875 1.0
vt 0.40625 1.0
vt 0.40625 0.96875
vt 0.40625 0.96875
vt 0.40625 1.0
vt 2.96875 1.0
vt 2.96875 0.96875
vt -0.40625011920928955 0.96875
vt -0.40625011920928955 1.0
vt -2.96875 1.0
vt -2.96875 0.96875
vt -0.875 2.34375
vt -0.875 1.28125
vt -0.90625 1.28125
vt -0.90625 2.34375
vt -0.875 1.28125
vt -0.875 2.34375
vt -0.90625 2.34375
vt -0.90625 1.28125
vt -0.875 2.1875
vt -0.90625 2.1875
vt -0.90625 0.1875
vt -0.875 0.1875
vt -0.90625 2.1875
vt -0.875 2.1875
vt -0.875 0.1875
vt -0.90625 0.1875
vt 1.1875 2.34375
vt -0.8125 2.34375
vt -0.8125 1.28125
vt 1.1875 1.28125
vt -0.8125 2.34375
vt 1.1875 2.34375
vt 1.1875 1.28125
vt -0.8125 1.28125
vt 0.90625 2.34375
vt 0.90625 1.28125
vt 0.875 1.28125
vt 0.875 2.34375
vt 0.90625 1.28125
vt 0.90625 2.34375
vt 0.875 2.34375
vt 0.875 1.28125
vt 0.90625 2.1875
vt 0.875 2.1875
vt 0.875 0.1875
vt 0.90625 0.1875
vt 0.875 2.1875
vt 0.90625 2.1875
vt 0.90625 0.1875
vt 0.875 0.1875
vt 1.1875 2.34375
vt -0.8125 2.34375
vt -0.8125 1.28125
vt 1.1875 1.28125
vt -0.8125 2.34375
vt 1.1875 2.34375
vt 1.1875 1.28125
vt -0.8125 1.28125
vt 0.8125 2.34375
vt 0.8125 1.28125
vt -0.8125 1.28125
vt -0.8125 2.34375
vt 0.8125 1.28125
vt 0.8125 2.34375
vt -0.8125 2.34375
vt -0.8125 1.28125
vt 0.8125 0.125
vt -0.8125 0.125
vt -0.8125 0.09375
vt 0.8125 0.09375
vt -0.8125 0.125
vt 0.8125 0.125
vt 0.8125 0.09375
vt -0.8125 0.09375
vt -0.875 2.34375
vt -0.90625 2.34375
vt -0.90625 1.28125
vt -0.875 1.28125
vt -0.90625 2.34375
vt -0.875 2.34375
vt -0.875 1.28125
vt -0.90625 1.28125
vt -1.8125 1.25
vt -1.8125 1.0
vt -1.828125 1.0
vt -1.828125 1.25
vt -1.8125 1.0
vt -1.8125 1.25
vt -1.828125 1.25
vt -1.828125 1.0
vt -1.8125 1.203125
vt -1.828125 1.203125
vt -1.828125 1.1875
vt -1.8125 1.1875
vt -1.828125 1.203125
vt -1.8125 1.203125
vt -1.8125 1.1875
vt -1.828125 1.1875
vt 0.203125 1.25
vt 0.1875 1.25
vt 0.1875 1.0
vt 0.203125 1.0
vt 0.1875 1.25
vt 0.203125 1.25
vt 0.203125 1.0
vt 0.1875 1.0
vt -1.6875 1.25
vt -1.6875 1.0
vt -1.703125 1.0
vt -1.703125 1.25
vt -1.6875 1.0
vt -1.6875 1.25
vt -1.703125 1.25
vt -1.703125 1.0
vt -1.6875 1.203125
vt -1.703125 1.203125
vt -1.703125 1.1875
vt -1.6875 1.1875
vt -1.703125 1.203125
vt -1.6875 1.203125
vt -1.6875 1.1875
vt -1.703125 1.1875
vt 0.203125 1.25
vt 0.1875 1.25
vt 0.1875 1.0
vt 0.203125 1.0
vt 0.1875 1.25
vt 0.203125 1.25
vt 0.203125 1.0
vt 0.1875 1.0
vt -1.5625 1.25
vt -1.5625 1.0
vt -1.578125 1.0
vt -1.578125 1.25
vt -1.5625 1.0
vt -1.5625 1.25
vt -1.578125 1.25
vt -1.578125 1.0
vt -1.5625 1.203125
vt -1.578125 1.203125
vt -1.578125 1.1875
vt -1.5625 1.1875
vt -1.578125 1.203125
vt -1.5625 1.203125
vt -1.5625 1.1875
vt -1.578125 1.1875
vt 0.203125 1.25
vt 0.1875 1.25
vt 0.1875 1.0
vt 0.203125 1.0
vt 0.1875 1.25
vt 0.203125 1.25
vt 0.203125 1.0
vt 0.1875 1.0
vt -1.4375 1.25
vt -1.4375 1.0
vt -1.453125 1.0
vt -1.453125 1.25
vt -1.4375 1.0
vt -1.4375 1.25
vt -1.453125 1.25
vt -1.453125 1.0
vt -1.4375 1.203125
vt -1.453125 1.203125
vt -1.453125 1.1875
vt -1.4375 1.1875
vt -1.453125 1.203125
vt -1.4375 1.203125
vt -1.4375 1.1875
vt -1.453125 1.1875
vt 0.203125 1.25
vt 0.1875 1.25
vt 0.1875 1.0
vt 0.203125 1.0
vt 0.1875 1.25
vt 0.203125 1.25
vt 0.203125 1.0
vt 0.1875 1.0
vt -1.3125 1.25
vt -1.3125 1.0
vt -1.328125 1.0
vt -1.328125 1.25
vt -1.3125 1.0
vt -1.3125 1.25
vt -1.328125 1.25
vt -1.328125 1.0
vt -1.3125 1.203125
vt -1.328125 1.203125
vt -1.328125 1.1875
vt -1.3125 1.1875
vt -1.328125 1.203125
vt -1.3125 1.203125
vt -1.3125 1.1875
vt -1.328125 1.1875
vt 0.203125 1.25
vt 0.1875 1.25
vt 0.1875 1.0
vt 0.203125 1.0
vt 0.1875 1.25
vt 0.203125 1.25
vt 0.203125 1.0
vt 0.1875 1.0
vt -1.1875 1.25
vt -1.1875 1.0
vt -1.203125 1.0
vt -1.203125 1.25
vt -1.1875 1.0
vt -1.1875 1.25
vt -1.203125 1.25
vt -1.203125 1.0
vt -1.1875 1.203125
vt -1.203125 1.203125
vt -1.203125 1.1875
vt -1.1875 1.1875
vt -1.203125 1.203125
vt -1.1875 1.203125
vt -1.1875 1.1875
vt -1.203125 1.1875
vt 0.203125 1.25
vt 0.1875 1.25
vt 0.1875 1.0
vt 0.203125 1.0
vt 0.1875 1.25
vt 0.203125 1.25
vt 0.203125 1.0
vt 0.1875 1.0
vt -1.0625 1.25
vt -1.0625 1.0
vt -1.078125 1.0
vt -1.078125 1.25
vt -1.0625 1.0
vt -1.0625 1.25
vt -1.078125 1.25
vt -1.078125 1.0
vt -1.0625 1.203125
vt -1.078125 1.203125
vt -1.078125 1.1875
vt -1.0625 1.1875
vt -1.078125 1.203125
vt -1.0625 1.203125
vt -1.0625 1.1875
vt -1.078125 1.1875
vt 0.203125 1.25
vt 0.1875 1.25
vt 0.1875 1.0
vt 0.203125 1.0
vt 0.1875 1.25
vt 0.203125 1.25
vt 0.203125 1.0
vt 0.1875 1.0
vt -0.9375 1.25
vt -0.9375 1.0
vt -0.953125 1.0
vt -0.953125 1.25
vt -0.9375 1.0
vt -0.9375 1.25
vt -0.953125 1.25
vt -0.953125 1.0
vt -0.9375 1.203125
vt -0.953125 1.203125
vt -0.953125 1.1875
vt -0.9375 1.1875
vt -0.953125 1.203125
vt -0.9375 1.203125
vt -0.9375 1.1875
vt -0.953125 1.1875
vt 0.203125 1.25
vt 0.1875 1.25
vt 0.1875 1.0
vt 0.203125 1.0
vt 0.1875 1.25
vt 0.203125 1.25
vt 0.203125 1.0
vt 0.1875 1.0
vt -0.8125 1.25
vt -0.8125 1.0
vt -0.828125 1.0
vt -0.828125 1.25
vt -0.8125 1.0
vt -0.8125 1.25
vt -0.828125 1.25
vt -0.828125 1.0
vt -0.8125 1.203125
vt -0.828125 1.203125
vt -0.828125 1.1875
vt -0.8125 1.1875
vt -0.828125 1.203125
vt -0.8125 1.203125
vt -0.8125 1.1875
vt -0.828125 1.1875
vt 0.203125 1.25
vt 0.1875 1.25
vt 0.1875 1.0
vt 0.203125 1.0
vt 0.1875 1.25
vt 0.203125 1.25
vt 0.203125 1.0
vt 0.1875 1.0
vt -0.6875 1.25
vt -0.6875 1.0
vt -0.703125 1.0
vt -0.703125 1.25
vt -0.6875 1.0
vt -0.6875 1.25
vt -0.703125 1.25
vt -0.703125 1.0
vt -0.6875 1.203125
vt -0.703125 1.203125
vt -0.703125 1.1875
vt -0.6875 1.1875
vt -0.703125 1.203125
vt -0.6875 1.203125
vt -0.6875 1.1875
vt -0.703125 1.1875
vt 0.203125 1.25
vt 0.1875 1.25
vt 0.1875 1.0
vt 0.203125 1.0
vt 0.1875 1.25
vt 0.203125 1.25
vt 0.203125 1.0
vt 0.1875 1.0
vt -0.5625 1.25
vt -0.5625 1.0
vt -0.578125 1.0
vt -0.578125 1.25
vt -0.5625 1.0
vt -0.5625 1.25
vt -0.578125 1.25
vt -0.578125 1.0
vt -0.5625 1.203125
vt -0.578125 1.203125
vt -0.578125 1.1875
vt -0.5625 1.1875
vt -0.578125 1.203125
vt -0.5625 1.203125
vt -0.5625 1.1875
vt -0.578125 1.1875
vt 0.203125 1.25
vt 0.1875 1.25
vt 0.1875 1.0
vt 0.203125 1.0
vt 0.1875 1.25
vt 0.203125 1.25
vt 0.203125 1.0
vt 0.1875 1.0
vt -1.8125 1.25
vt -1.8125 1.0
vt -1.828125 1.0
vt -1.828125 1.25
vt -1.8125 1.0
vt -1.8125 1.25
vt -1.828125 1.25
vt -1.828125 1.0
vt -1.8125 0.8125
vt -1.828125 0.8125
vt -1.828125 0.796875
vt -1.8125 0.796875
vt -1.828125 0.8125
vt -1.8125 0.8125
vt -1.8125 0.796875
vt -1.828125 0.796875
vt -0.1875 1.25
vt -0.203125 1.25
vt -0.203125 1.0
vt -0.1875 1.0
vt -0.203125 1.25
vt -0.1875 1.25
vt -0.1875 1.0
vt -0.203125 1.0
vt -1.6875 1.25
vt -1.6875 1.0
vt -1.703125 1.0
vt -1.703125 1.25
vt -1.6875 1.0
vt -1.6875 1.25
vt -1.703125 1.25
vt -1.703125 1.0
vt -1.6875 0.8125
vt -1.703125 0.8125
vt -1.703125 0.796875
vt -1.6875 0.796875
vt -1.703125 0.8125
vt -1.6875 0.8125
vt -1.6875 0.796875
vt -1.703125 0.796875
vt -0.1875 1.25
vt -0.203125 1.25
vt -0.203125 1.0
vt -0.1875 1.0
vt -0.203125 1.25
vt -0.1875 1.25
vt -0.1875 1.0
vt -0.203125 1.0
vt -1.5625 1.25
vt -1.5625 1.0
vt -1.578125 1.0
vt -1.578125 1.25
vt -1.5625 1.0
vt -1.5625 1.25
vt -1.578125 1.25
vt -1.578125 1.0
vt -1.5625 0.8125
vt -1.578125 0.8125
vt -1.578125 0.796875
vt -1.5625 0.796875
vt -1.578125 0.8125
vt -1.5625 0.8125
vt -1.5625 0.796875
vt -1.578125 0.796875
vt -0.1875 1.25
vt -0.203125 1.25
vt -0.203125 1.0
vt -0.1875 1.0
vt -0.203125 1.25
vt -0.1875 1.25
vt -0.1875 1.0
vt -0.203125 1.0
vt -1.921875 1.25
vt -1.921875 1.0
vt -1.9375 1.0
vt -1.9375 1.25
vt -1.921875 1.0
vt -1.921875 1.25
vt -1.9375 1.25
vt -1.9375 1.0
vt -0.20312505960464478 -0.921875
vt -0.20312505960464478 -0.9375
vt -0.18750005960464478 -0.9375
vt -0.18750005960464478 -0.921875
vt -0.20312505960464478 -0.9375
vt -0.20312505960464478 -0.921875
vt -0.18750005960464478 -0.921875
vt -0.18750005960464478 -0.9375
vt -0.20312505960464478 1.25
vt -0.18750005960464478 1.25
vt -0.18750005960464478 1.0
vt -0.20312505960464478 1.0
vt -0.18750005960464478 1.25
vt -0.20312505960464478 1.25
vt -0.20312505960464478 1.0
vt -0.18750005960464478 1.0
vt -1.796875 1.25
vt -1.796875 1.0
vt -1.8125 1.0
vt -1.8125 1.25
vt -1.796875 1.0
vt -1.796875 1.25
vt -1.8125 1.25
vt -1.8125 1.0
vt -0.203125 -0.796875
vt -0.203125 -0.8125
vt -0.1875 -0.8125
vt -0.1875 -0.796875
vt -0.203125 -0.8125
vt -0.203125 -0.796875
vt -0.1875 -0.796875
vt -0.1875 -0.8125
vt -0.203125 1.25
vt -0.1875 1.25
vt -0.1875 1.0
vt -0.203125 1.0
vt -0.1875 1.25
vt -0.203125 1.25
vt -0.203125 1.0
vt -0.1875 1.0
vt -1.671875 1.25
vt -1.671875 1.0
vt -1.6875 1.0
vt -1.6875 1.25
vt -1.671875 1.0
vt -1.671875 1.25
vt -1.6875 1.25
vt -1.6875 1.0
vt -0.203125 -0.671875
vt -0.203125 -0.6875
vt -0.1875 -0.6875
vt -0.1875 -0.671875
vt -0.203125 -0.6875
vt -0.203125 -0.671875
vt -0.1875 -0.671875
vt -0.1875 -0.6875
vt -0.203125 1.25
vt -0.1875 1.25
vt -0.1875 1.0
vt -0.203125 1.0
vt -0.1875 1.25
vt -0.203125 1.25
vt -0.203125 1.0
vt -0.1875 1.0
vt -1.546875 1.25
vt -1.546875 1.0
vt -1.5625 1.0
vt -1.5625 1.25
vt -1.546875 1.0
vt -1.546875 1.25
vt -1.5625 1.25
vt -1.5625 1.0
vt -0.203125 -0.546875
vt -0.203125 -0.5625
vt -0.1875 -0.5625
vt -0.1875 -0.546875
vt -0.203125 -0.5625
vt -0.203125 -0.546875
vt -0.1875 -0.546875
vt -0.1875 -0.5625
vt -0.203125 1.25
vt -0.1875 1.25
vt -0.1875 1.0
vt -0.203125 1.0
vt -0.1875 1.25
vt -0.203125 1.25
vt -0.203125 1.0
vt -0.1875 1.0
vt 2.34375 0.96875
vt 2.34375 1.0
vt 0.84375 1.0
vt 0.84375 0.96875
vt 2.34375 1.0
vt 2.34375 0.96875
vt 0.84375 0.96875
vt 0.84375 1.0
vt 2.6015625 -2.65625
vt 2.6015625 -1.15625
vt 2.5703125 -1.15625
vt 2.5703125 -2.65625
vt 2.6015625 -1.15625
vt 2.6015625 -2.65625
vt 2.5703125 -2.65625
vt 2.5703125 -1.15625
vt -1.9296875 1.0
vt -1.8984375 1.0
vt -1.8984375 0.96875
vt -1.9296875 0.96875
vt -1.8984375 1.0
vt -1.9296875 1.0
vt -1.9296875 0.96875
vt -1.8984375 0.96875
vt -1.317766547203064 0.7638884335756302
vt -1.3148788213729858 0.7692911475896835
vt -1.3131004571914673 0.7751534283161163
vt -1.321652889251709 0.7591529190540314
vt -1.3263884782791138 0.7552665770053864
vt -1.3317911624908447 0.7523787617683411
vt -1.337653398513794 0.7506004571914673
vt -1.34375 0.75
vt -1.349846601486206 0.7506004571914673
vt -1.3557088375091553 0.7523787617683411
vt -1.3611115217208862 0.7552665770053864
vt -1.365847110748291 0.7591529041528702
vt -1.369733452796936 0.7638884335756302
vt -1.3726211786270142 0.7692911475896835
vt -1.3743995428085327 0.7751534283161163
vt -1.375 0.78125
vt -1.3743995428085327 0.7873465716838837
vt -1.3726212978363037 0.7932088524103165
vt -1.369733452796936 0.7986115664243698
vt -1.365847110748291 0.8033470809459686
vt -1.3611115217208862 0.8072334229946136
vt -1.3557088375091553 0.8101212382316589
vt -1.349846601486206 0.8118995428085327
vt -1.34375 0.8125
vt -1.337653398513794 0.8118995428085327
vt -1.3317911624908447 0.8101212382316589
vt -1.3263884782791138 0.8072334229946136
vt -1.321652889251709 0.8033470809459686
vt -1.317766547203064 0.7986115664243698
vt -1.3148788213729858 0.7932088524103165
vt -1.3131004571914673 0.7873465716838837
vt -1.3125 0.78125
vt -1.3148788213729858 0.7932088524103165
vt -1.3131004571914673 0.7873465716838837
vt -1.3125 0.78125
vt -1.317766547203064 0.7986115664243698
vt -1.321652889251709 0.8033470809459686
vt -1.3263884782791138 0.8072334229946136
vt -1.3317911624908447 0.8101212382316589
vt -1.337653398513794 0.8118995428085327
vt -1.34375 0.8125
vt -1.349846601486206 0.8118995428085327
vt -1.3557088375091553 0.8101212382316589
vt -1.3611115217208862 0.8072334229946136
vt -1.365847110748291 0.8033470809459686
vt -1.369733452796936 0.7986115664243698
vt -1.3726212978363037 0.7932088524103165
vt -1.3743995428085327 0.7873465716838837
vt -1.375 0.78125
vt -1.3743995428085327 0.7751534283161163
vt -1.3726211786270142 0.7692911475896835
vt -1.369733452796936 0.7638884335756302
vt -1.365847110748291 0.7591529041528702
vt -1.3611115217208862 0.7552665770053864
vt -1.3557088375091553 0.7523787617683411
vt -1.349846601486206 0.7506004571914673
vt -1.34375 0.75
vt -1.337653398513794 0.7506004571914673
vt -1.3317911624908447 0.7523787617683411
vt -1.3263884782791138 0.7552665770053864
vt -1.321652889251709 0.7591529190540314
vt -1.317766547203064 0.7638884335756302
vt -1.3148788213729858 0.7692911475896835
vt -1.3131004571914673 0.7751534283161163
vt 1.9374998807907104 0.7873465716838837
vt -1.9375 0.7873465716838837
vt -1.9375 0.78125
vt 1.9374998807907104 0.78125
vt 1.9374998807907104 0.7932088524103165
vt -1.9375 0.7932088524103165
vt -1.9375 0.7873465716838837
vt 1.9374998807907104 0.7873465716838837
vt 1.9374998807907104 0.7986115664243698
vt -1.9375 0.7986115664243698
vt -1.9375 0.7932088524103165
vt 1.9374998807907104 0.7932088524103165
vt 1.9374998807907104 0.8033470809459686
vt -1.9375 0.8033470809459686
vt -1.9375 0.7986115664243698
vt 1.9374998807907104 0.7986115664243698
vt 1.9374998807907104 -0.32638847827911377
vt -1.9375 -0.32638847827911377
vt -1.9375 -0.321652889251709
vt 1.9374998807907104 -0.321652889251709
vt 1.9374998807907104 -0.3317911624908447
vt -1.9375 -0.3317911624908447
vt -1.9375 -0.32638847827911377
vt 1.9374998807907104 -0.32638847827911377
vt 1.9374998807907104 -0.33765339851379395
vt -1.9375 -0.33765339851379395
vt -1.9375 -0.3317911624908447
vt 1.9374998807907104 -0.3317911624908447
vt 1.9374998807907104 -0.34375
vt -1.9375 -0.34375
vt -1.9375 -0.33765339851379395
vt 1.9374998807907104 -0.33765339851379395
vt 1.9374998807907104 -0.34984660148620605
vt -1.9375 -0.34984660148620605
vt -1.9375 -0.34375
vt 1.9374998807907104 -0.34375
vt 1.9374998807907104 -0.3557088375091553
vt -1.9375 -0.3557088375091553
vt -1.9375 -0.34984660148620605
vt 1.9374998807907104 -0.34984660148620605
vt 1.9374998807907104 -0.36111152172088623
vt -1.9375 -0.36111152172088623
vt -1.9375 -0.3557088375091553
vt 1.9374998807907104 -0.3557088375091553
vt 1.9374998807907104 -0.365847110748291
vt -1.9375 -0.365847110748291
vt -1.9375 -0.36111152172088623
vt 1.9374998807907104 -0.36111152172088623
vt 1.9374998807907104 0.7986115664243698
vt -1.9375 0.7986115664243698
vt -1.9375 0.8033470809459686
vt 1.9374998807907104 0.8033470809459686
vt 1.9374998807907104 0.7932088524103165
vt -1.9375 0.7932088524103165
vt -1.9375 0.7986115664243698
vt 1.9374998807907104 0.7986115664243698
vt 1.9374998807907104 0.7873465716838837
vt -1.9375 0.7873465716838837
vt -1.9375 0.7932088524103165
vt 1.9374998807907104 0.7932088524103165
vt 1.9374998807907104 0.78125
vt -1.9375 0.78125
vt -1.9375 0.7873465716838837
vt 1.9374998807907104 0.7873465716838837
vt 1.9374998807907104 0.7751534283161163
vt -1.9375 0.7751534283161163
vt -1.9375 0.78125
vt 1.9374998807907104 0.78125
vt 1.9374998807907104 0.7692911475896835
vt -1.9375 0.7692911475896835
vt -1.9375 0.7751534283161163
vt 1.9374998807907104 0.7751534283161163
vt 1.9374998807907104 0.7638884335756302
vt -1.9375 0.7638884335756302
vt -1.9375 0.7692911475896835
vt 1.9374998807907104 0.7692911475896835
vt 1.9374998807907104 0.7591529041528702
vt -1.9375 0.7591529041528702
vt -1.9375 0.7638884335756302
vt 1.9374998807907104 0.7638884335756302
vt 1.9374998807907104 -0.36111152172088623
vt -1.9375 -0.36111152172088623
vt -1.9375 -0.365847110748291
vt 1.9374998807907104 -0.365847110748291
vt 1.9374998807907104 -0.3557088375091553
vt -1.9375 -0.3557088375091553
vt -1.9375 -0.36111152172088623
vt 1.9374998807907104 -0.36111152172088623
vt 1.9374998807907104 -0.34984660148620605
vt -1.9375 -0.34984660148620605
vt -1.9375 -0.3557088375091553
vt 1.9374998807907104 -0.3557088375091553
vt 1.9374998807907104 -0.34375
vt -1.9375 -0.34375
vt -1.9375 -0.34984660148620605
vt 1.9374998807907104 -0.34984660148620605
vt 1.9374998807907104 -0.33765339851379395
vt -1.9375 -0.33765339851379395
vt -1.9375 -0.34375
vt 1.9374998807907104 -0.34375
vt 1.9374998807907104 -0.3317911624908447
vt -1.9375 -0.3317911624908447
vt -1.9375 -0.33765339851379395
vt 1.9374998807907104 -0.33765339851379395
vt 1.9374998807907104 -0.32638847827911377
vt -1.9375 -0.32638847827911377
vt -1.9375 -0.3317911624908447
vt 1.9374998807907104 -0.3317911624908447
vt 1.9374998807907104 -0.321652889251709
vt -1.9375 -0.321652889251709
vt -1.9375 -0.32638847827911377
vt 1.9374998807907104 -0.32638847827911377
vt 1.9374998807907104 0.7638884335756302
vt -1.9375 0.7638884335756302
vt -1.9375 0.7591529190540314
vt 1.9374998807907104 0.7591529190540314
vt 1.9374998807907104 0.7692911475896835
vt -1.9375 0.7692911475896835
vt -1.9375 0.7638884335756302
vt 1.9374998807907104 0.7638884335756302
vt 1.9374998807907104 0.7751534283161163
vt -1.9375 0.7751534283161163
vt -1.9375 0.7692911475896835
vt 1.9374998807907104 0.7692911475896835
vt 1.9374998807907104 0.78125
vt -1.9375 0.78125
vt -1.9375 0.7751534283161163
vt 1.9374998807907104 0.7751534283161163
vt 1.8233267068862915 0.6478593349456787
vt 1.8239935636520386 0.6500576734542847
vt 1.82421875 0.6523438692092896
vt 1.8222439289093018 0.6458332538604736
vt 1.820786476135254 0.6440573930740356
vt 1.8190104961395264 0.6426001787185669
vt 1.8169846534729004 0.641517162322998
vt 1.8147861957550049 0.640850305557251
vt 1.8125 0.6406251192092896
vt 1.8102138042449951 0.640850305557251
vt 1.8080154657363892 0.641517162322998
vt 1.8059895038604736 0.6426001787185669
vt 1.8042136430740356 0.6440573930740356
vt 1.8027561902999878 0.6458332538604736
vt 1.8016732931137085 0.6478593349456787
vt 1.8010064363479614 0.6500576734542847
vt 1.80078125 0.6523438692092896
vt 1.8010064363479614 0.6546300649642944
vt 1.8016732931137085 0.6568284034729004
vt 1.8027561902999878 0.6588544845581055
vt 1.8042136430740356 0.6606303453445435
vt 1.8059895038604736 0.6620875597000122
vt 1.8080154657363892 0.663170576095581
vt 1.8102138042449951 0.6638374328613281
vt 1.8125 0.6640626192092896
vt 1.8147861957550049 0.6638374328613281
vt 1.8169846534729004 0.663170576095581
vt 1.8190104961395264 0.6620875597000122
vt 1.820786476135254 0.6606303453445435
vt 1.8222439289093018 0.6588544845581055
vt 1.8233267068862915 0.6568284034729004
vt 1.8239935636520386 0.6546300649642944
vt -0.34536993503570557 0.8085937649011612
vt -0.34765613079071045 0.8085937798023224
vt -0.34765613079071045 0.8183593899011612
vt -0.34536993503570557 0.8183594048023224
vt -0.3431715965270996 0.80859375
vt -0.34536993503570557 0.8085937649011612
vt -0.34536993503570557 0.8183594048023224
vt -0.3431715965270996 0.8183593600988388
vt -0.34114551544189453 0.8085937201976776
vt -0.3431715965270996 0.80859375
vt -0.3431715965270996 0.8183593600988388
vt -0.34114551544189453 0.818359375
vt -0.33936965465545654 0.80859375
vt -0.34114551544189453 0.8085937201976776
vt -0.34114551544189453 0.818359375
vt -0.33936965465545654 0.8183593600988388
vt 1.8190104961395264 0.8085937649011612
vt 1.820786476135254 0.80859375
vt 1.820786476135254 0.8183593600988388
vt 1.8190104961395264 0.818359375
vt 1.8169846534729004 0.8085937350988388
vt 1.8190104961395264 0.8085937649011612
vt 1.8190104961395264 0.818359375
vt 1.8169846534729004 0.818359375
vt 1.8147861957550049 0.80859375
vt 1.8169846534729004 0.8085937350988388
vt 1.8169846534729004 0.818359375
vt 1.8147861957550049 0.8183593600988388
vt 1.8125 0.80859375
vt 1.8147861957550049 0.80859375
vt 1.8147861957550049 0.8183593600988388
vt 1.8125 0.8183593451976776
vt 1.8102138042449951 0.8085937350988388
vt 1.8125 0.80859375
vt 1.8125 0.8183593451976776
vt 1.8102138042449951 0.8183593899011612
vt 1.8080154657363892 0.80859375
vt 1.8102138042449951 0.8085937350988388
vt 1.8102138042449951 0.8183593899011612
vt 1.8080154657363892 0.818359375
vt 1.8059895038604736 0.80859375
vt 1.8080154657363892 0.80859375
vt 1.8080154657363892 0.818359375
vt 1.8059895038604736 0.8183594048023224
vt 1.8042136430740356 0.8085937350988388
vt 1.8059895038604736 0.80859375
vt 1.8059895038604736 0.8183594048023224
vt 1.804213523864746 0.8183593899011612
vt -0.34114551544189453 0.8085937649011612
vt -0.33936965465545654 0.8085937350988388
vt -0.33936965465545654 0.8183593899011612
vt -0.34114551544189453 0.818359375
vt -0.3431715965270996 0.8085937649011612
vt -0.34114551544189453 0.8085937649011612
vt -0.34114551544189453 0.818359375
vt -0.3431715965270996 0.8183594048023224
vt -0.34536993503570557 0.8085937649011612
vt -0.3431715965270996 0.8085937649011612
vt -0.3431715965270996 0.8183594048023224
vt -0.34536993503570557 0.818359375
vt -0.34765613079071045 0.80859375
vt -0.34536993503570557 0.8085937649011612
vt -0.34536993503570557 0.818359375
vt -0.34765613079071045 0.8183594048023224
vt -0.34994232654571533 0.8085937649011612
vt -0.34765613079071045 0.80859375
vt -0.34765613079071045 0.8183594048023224
vt -0.34994232654571533 0.818359375
vt -0.3521406650543213 0.8085937649011612
vt -0.34994232654571533 0.8085937649011612
vt -0.34994232654571533 0.818359375
vt -0.3521406650543213 0.8183594048023224
vt -0.35416674613952637 0.8085937649011612
vt -0.3521406650543213 0.8085937649011612
vt -0.3521406650543213 0.8183594048023224
vt -0.35416674613952637 0.818359375
vt -0.35594260692596436 0.8085937350988388
vt -0.35416674613952637 0.8085937649011612
vt -0.35416674613952637 0.818359375
vt -0.35594260692596436 0.8183593899011612
vt 1.8059895038604736 0.80859375
vt 1.8042136430740356 0.8085937350988388
vt 1.804213523864746 0.8183593899011612
vt 1.8059895038604736 0.8183594048023224
vt 1.8080154657363892 0.80859375
vt 1.8059895038604736 0.80859375
vt 1.8059895038604736 0.8183594048023224
vt 1.8080154657363892 0.818359375
vt 1.8102138042449951 0.8085937350988388
vt 1.8080154657363892 0.80859375
vt 1.8080154657363892 0.818359375
vt 1.8102138042449951 0.8183593899011612
vt 1.8125 0.80859375
vt 1.8102138042449951 0.8085937350988388
vt 1.8102138042449951 0.8183593899011612
vt 1.8125 0.8183593451976776
vt 1.8147861957550049 0.80859375
vt 1.8125 0.80859375
vt 1.8125 0.8183593451976776
vt 1.8147861957550049 0.8183593600988388
vt 1.8169846534729004 0.8085937350988388
vt 1.8147861957550049 0.80859375
vt 1.8147861957550049 0.8183593600988388
vt 1.8169846534729004 0.818359375
vt 1.8190104961395264 0.8085937649011612
vt 1.8169846534729004 0.8085937350988388
vt 1.8169846534729004 0.818359375
vt 1.8190104961395264 0.818359375
vt 1.820786476135254 0.80859375
vt 1.8190104961395264 0.8085937649011612
vt 1.8190104961395264 0.818359375
vt 1.820786476135254 0.8183593600988388
vt -0.35416674613952637 0.8085937201976776
vt -0.35594260692596436 0.80859375
vt -0.35594260692596436 0.8183593600988388
vt -0.35416674613952637 0.818359375
vt -0.3521406650543213 0.80859375
vt -0.35416674613952637 0.8085937201976776
vt -0.35416674613952637 0.818359375
vt -0.3521406650543213 0.8183593600988388
vt -0.34994232654571533 0.8085937649011612
vt -0.3521406650543213 0.80859375
vt -0.3521406650543213 0.8183593600988388
vt -0.34994232654571533 0.8183594048023224
vt -0.34765613079071045 0.8085937798023224
vt -0.34994232654571533 0.8085937649011612
vt -0.34994232654571533 0.8183594048023224
vt -0.34765613079071045 0.8183593899011612
vt 1.82421875 0.6523438692092896
vt 1.8239936828613281 0.6500576734542847
vt 1.8233267068862915 0.6478593349456787
vt 1.8239936828613281 0.6546300649642944
vt 1.8233267068862915 0.6568284034729004
vt 1.8222438097000122 0.6588544845581055
vt 1.8215398788452148 0.6597121953964233
vt 1.8228037357330322 0.6468807458877563
vt -0.34765613079071045 0.8183593899011612
vt -0.34765613079071045 0.83984375
vt -0.34536993503570557 0.8398437350988388
vt -0.34536993503570557 0.818359375
vt -0.34536993503570557 0.818359375
vt -0.34536993503570557 0.8398437350988388
vt -0.3431715965270996 0.8398437649011612
vt -0.3431715965270996 0.8183593600988388
vt -0.3431715965270996 0.8183593600988388
vt -0.3431715965270996 0.8398437649011612
vt -0.34114551544189453 0.8398437350988388
vt -0.34114551544189453 0.818359375
vt -0.34114551544189453 0.818359375
vt -0.34114551544189453 0.8398437350988388
vt -0.34028780460357666 0.8398437649011612
vt -0.34028780460357666 0.8183593899011612
vt -0.35311925411224365 0.818359375
vt -0.35311925411224365 0.8398437350988388
vt -0.3521406650543213 0.8398437649011612
vt -0.3521406650543213 0.8183593600988388
vt -0.3521406650543213 0.8183593600988388
vt -0.3521406650543213 0.8398437649011612
vt -0.34994232654571533 0.8398437350988388
vt -0.34994232654571533 0.818359375
vt -0.34994232654571533 0.818359375
vt -0.34994232654571533 0.8398437350988388
vt -0.34765613079071045 0.83984375
vt -0.34765613079071045 0.8183593899011612
vt 1.8233267068862915 0.6568284034729004
vt 1.8222438097000122 0.6588544845581055
vt 1.8215398788452148 0.6597121953964233
vt 1.8239935636520386 0.6546300649642944
vt 1.82421875 0.6523438692092896
vt 1.8239935636520386 0.6500576734542847
vt 1.8233267068862915 0.6478593349456787
vt 1.8228037357330322 0.6468807458877563
vt -0.34028780460357666 0.8183593899011612
vt -0.34028780460357666 0.8398437649011612
vt -0.35311925411224365 0.8398437350988388
vt -0.35311925411224365 0.818359375
vt 1.8207863569259644 0.6606304049491882
vt 1.8215398788452148 0.6597122550010681
vt 1.822077989578247 0.6542491316795349
vt 1.8199284076690674 0.6613344550132751
vt -0.3402877449989319 0.8398437350988388
vt -0.33936959505081177 0.83984375
vt -0.33936959505081177 0.8183593451976776
vt -0.3402877449989319 0.818359375
vt 1.820786476135254 0.8183593451976776
vt 1.8207863569259644 0.83984375
vt 1.8199284076690674 0.83984375
vt 1.8199284076690674 0.8183593302965164
vt 1.8215398788452148 0.6597122550010681
vt 1.820786476135254 0.6606304049491882
vt 1.8199284076690674 0.6613344550132751
vt 1.822077989578247 0.6542488932609558
vt -0.3457508683204651 0.83984375
vt -0.3402877449989319 0.8398437350988388
vt -0.3402877449989319 0.818359375
vt -0.3457511067390442 0.8183593451976776
vt -0.33866554498672485 0.8183593302965164
vt -0.33866554498672485 0.83984375
vt -0.3457508683204651 0.83984375
vt -0.3457511067390442 0.8183593451976776
vt 1.819010615348816 0.6620875597000122
vt 1.8199284076690674 0.6613343954086304
vt 1.8215222358703613 0.656080961227417
vt 1.8180327415466309 0.6626102924346924
vt 1.819010615348816 0.839843675494194
vt 1.819010615348816 0.8183593153953552
vt 1.8199284076690674 0.8183593302965164
vt 1.8199284076690674 0.8398437052965164
vt 1.8180327415466309 0.8398437052965164
vt 1.8180327415466309 0.8183593451976776
vt 1.819010615348816 0.8183593153953552
vt 1.819010615348816 0.839843675494194
vt 1.8199284076690674 0.6613343954086304
vt 1.819010615348816 0.6620875597000122
vt 1.8180327415466309 0.6626102924346924
vt 1.8215222358703613 0.656080961227417
vt -0.343919038772583 0.8398437052965164
vt -0.33866560459136963 0.8398437052965164
vt -0.33866560459136963 0.8183593302965164
vt -0.343919038772583 0.8183593302965164
vt -0.3373897075653076 0.8183593451976776
vt -0.3373897075653076 0.8398437052965164
vt -0.343919038772583 0.8398437052965164
vt -0.343919038772583 0.8183593302965164
vt 1.8169846534729004 0.6631705164909363
vt 1.8180328607559204 0.6626102328300476
vt 1.8206202983856201 0.6577686667442322
vt 1.815922498703003 0.6634928584098816
vt 1.8169846534729004 0.8183593451976776
vt 1.8180327415466309 0.8183593600988388
vt 1.8180328607559204 0.839843675494194
vt 1.8169846534729004 0.8398437052965164
vt 1.815922498703003 0.8183593451976776
vt 1.8169846534729004 0.8183593451976776
vt 1.8169846534729004 0.8398437052965164
vt 1.815922498703003 0.8398437052965164
vt 1.8180327415466309 0.6626102328300476
vt 1.8169846534729004 0.6631705164909363
vt 1.815922498703003 0.6634928584098816
vt 1.820620059967041 0.6577691435813904
vt -0.3422313332557678 0.8398437052965164
vt -0.3373897671699524 0.839843675494194
vt -0.3373897671699524 0.8183593600988388
vt -0.3422308564186096 0.8183593451976776
vt -0.3365071415901184 0.8183593451976776
vt -0.3365071415901184 0.8398437052965164
vt -0.3422313332557678 0.8398437052965164
vt -0.3422308564186096 0.8183593451976776
vt 1.8147861957550049 0.6638374328613281
vt 1.8159223794937134 0.6634927988052368
vt 1.8194046020507812 0.6592499017715454
vt 1.813681960105896 0.6639461517333984
vt 1.8147861957550049 0.8183593451976776
vt 1.8159223794937134 0.8183593600988388
vt 1.8159223794937134 0.8398437350988388
vt 1.8147861957550049 0.83984375
vt 1.8147861957550049 0.8183593451976776
vt 1.8147861957550049 0.83984375
vt 1.813681960105896 0.8398437350988388
vt 1.813681960105896 0.8183593302965164
vt 1.8159223794937134 0.6634927988052368
vt 1.8147861957550049 0.6638374328613281
vt 1.813681960105896 0.6639461517333984
vt 1.8194048404693604 0.6592495441436768
vt -0.3407500982284546 0.8398437350988388
vt -0.3365072011947632 0.8398437350988388
vt -0.3365072011947632 0.8183593600988388
vt -0.34075045585632324 0.8183593899011612
vt 1.813681960105896 0.8183593302965164
vt 1.813681960105896 0.8398437350988388
vt 1.8194046020507812 0.8398437350988388
vt 1.8194048404693604 0.8183593899011612
vt 1.8125 0.6640625596046448
vt 1.813681960105896 0.6639462113380432
vt 1.8179256916046143 0.6604636311531067
vt 1.8113963603973389 0.6639538407325745
vt 1.813681960105896 0.839843675494194
vt 1.8125 0.839843675494194
vt 1.8125 0.8183593451976776
vt 1.8136818408966064 0.8183593451976776
vt 1.8125 0.8183593451976776
vt 1.8125 0.839843675494194
vt 1.8113963603973389 0.8398437052965164
vt 1.8113963603973389 0.8183593302965164
vt 1.8136818408966064 0.6639462113380432
vt 1.8125 0.6640625596046448
vt 1.8113963603973389 0.6639538407325745
vt 1.8179255723953247 0.6604636311531067
vt 1.8179256916046143 0.8398436903953552
vt 1.813681960105896 0.839843675494194
vt 1.8136818408966064 0.8183593451976776
vt 1.8179255723953247 0.8183593153953552
vt 1.8113963603973389 0.8183593302965164
vt 1.8113963603973389 0.8398437052965164
vt 1.8179256916046143 0.8398436903953552
vt 1.8179255723953247 0.8183593153953552
vt 1.8102138042449951 0.6638373732566833
vt 1.8113964796066284 0.663953959941864
vt 1.816237449645996 0.6613661646842957
vt 1.8091511726379395 0.663515031337738
vt 1.8102138042449951 0.8398437052965164
vt 1.8102138042449951 0.8183593451976776
vt 1.8113964796066284 0.8183593302965164
vt 1.8113964796066284 0.8398437052965164
vt 1.8091511726379395 0.8398437052965164
vt 1.8091511726379395 0.818359300494194
vt 1.8102138042449951 0.8183593451976776
vt 1.8102138042449951 0.8398437052965164
vt 1.8113964796066284 0.663953959941864
vt 1.8102138042449951 0.6638373732566833
vt 1.8091511726379395 0.663515031337738
vt 1.8162375688552856 0.6613659262657166
vt 1.816237449645996 0.8398436903953552
vt 1.8113964796066284 0.8398437052965164
vt 1.8113964796066284 0.8183593302965164
vt 1.8162375688552856 0.8183593153953552
vt 1.8091511726379395 0.818359300494194
vt 1.8091511726379395 0.8398437052965164
vt 1.816237449645996 0.8398436903953552
vt 1.8162375688552856 0.8183593153953552
vt 1.8080154657363892 0.663170576095581
vt 1.8091511726379395 0.6635150909423828
vt 1.8144053220748901 0.6619217395782471
vt 1.807037353515625 0.6626477241516113
vt 1.8080153465270996 0.8183593600988388
vt 1.8091511726379395 0.8183593451976776
vt 1.8091511726379395 0.8398437052965164
vt 1.8080154657363892 0.8398436903953552
vt 1.807037353515625 0.8183593451976776
vt 1.8080153465270996 0.8183593600988388
vt 1.8080154657363892 0.8398436903953552
vt 1.807037353515625 0.8398437052965164
vt 1.8091511726379395 0.6635150909423828
vt 1.8080153465270996 0.663170576095581
vt 1.807037353515625 0.6626477241516113
vt 1.8144049644470215 0.6619217395782471
vt 1.8144053220748901 0.8398437052965164
vt 1.8091511726379395 0.8398437052965164
vt 1.8091511726379395 0.8183593451976776
vt 1.8144049644470215 0.8183593302965164
vt 1.807037353515625 0.8183593451976776
vt 1.807037353515625 0.8398437052965164
vt 1.8144053220748901 0.8398437052965164
vt 1.8144049644470215 0.8183593302965164
vt 1.8059895038604736 0.662087619304657
vt 1.8070374727249146 0.6626476645469666
vt 1.812499761581421 0.6621095538139343
vt 1.805131196975708 0.661383330821991
vt 1.8059895038604736 0.818359375
vt 1.8070374727249146 0.818359375
vt 1.8070374727249146 0.8398437350988388
vt 1.8059895038604736 0.83984375
vt 1.8059895038604736 0.818359375
vt 1.8059895038604736 0.83984375
vt 1.805131196975708 0.8398437350988388
vt 1.805131196975708 0.818359375
vt 1.8070374727249146 0.6626476645469666
vt 1.8059895038604736 0.662087619304657
vt 1.805131196975708 0.661383330821991
vt 1.812498927116394 0.6621095538139343
vt 1.812499761581421 0.83984375
vt 1.8070374727249146 0.8398437350988388
vt 1.8070374727249146 0.818359375
vt 1.812498927116394 0.818359375
vt 1.805131196975708 0.818359375
vt 1.805131196975708 0.8398437350988388
vt 1.812499761581421 0.83984375
vt 1.812498927116394 0.818359375
vt 1.804213523864746 0.6606304049491882
vt 1.805131196975708 0.661383330821991
vt 1.8105952739715576 0.6619219183921814
vt 1.8035104274749756 0.6597735285758972
vt 1.805131196975708 0.8398437350988388
vt 1.804213523864746 0.8398437350988388
vt 1.804213523864746 0.818359375
vt 1.805131196975708 0.818359375
vt -0.33936959505081177 0.818359375
vt -0.33936959505081177 0.8398437350988388
vt -0.3402264714241028 0.8398437649011612
vt -0.3402264714241028 0.8183593600988388
vt 1.805131196975708 0.661383330821991
vt 1.804213523864746 0.6606304049491882
vt 1.8035104274749756 0.6597735285758972
vt 1.8105947971343994 0.6619219183921814
vt 1.8105952739715576 0.8398437350988388
vt 1.805131196975708 0.8398437350988388
vt 1.805131196975708 0.818359375
vt 1.8105947971343994 0.8183594048023224
vt 1.8035104274749756 0.8183593600988388
vt 1.8035104274749756 0.8398437649011612
vt 1.8105952739715576 0.8398437350988388
vt 1.8105947971343994 0.8183594048023224
vt 1.8027561902999878 0.6588544845581055
vt 1.8035104274749756 0.659773588180542
vt 1.808762788772583 0.6613662242889404
vt 1.8022329807281494 0.657875657081604
vt -0.34114551544189453 0.8398437649011612
vt -0.34114551544189453 0.8183593600988388
vt -0.340226411819458 0.8183593600988388
vt -0.340226411819458 0.8398437649011612
vt -0.342124342918396 0.8398437350988388
vt -0.342124342918396 0.818359375
vt -0.34114551544189453 0.8183593600988388
vt -0.34114551544189453 0.8398437649011612
vt 1.8035104274749756 0.659773588180542
vt 1.8027561902999878 0.6588544845581055
vt 1.8022329807281494 0.657875657081604
vt 1.808763027191162 0.66136634349823
vt 1.808762788772583 0.83984375
vt 1.8035104274749756 0.8398437649011612
vt 1.8035104274749756 0.8183593600988388
vt 1.808763027191162 0.818359375
vt 1.8022329807281494 0.818359375
vt 1.8022329807281494 0.8398437350988388
vt 1.808762788772583 0.83984375
vt 1.808763027191162 0.818359375
vt 1.801673173904419 0.6568284034729004
vt 1.8022329807281494 0.657875657081604
vt 1.807074785232544 0.660463809967041
vt 1.8013511896133423 0.6557666063308716
vt -0.3431715965270996 0.8183593153953552
vt -0.342124342918396 0.8183593302965164
vt -0.342124342918396 0.8398436903953552
vt -0.3431715965270996 0.8398437201976776
vt -0.3442333936691284 0.8183593451976776
vt -0.3431715965270996 0.8183593153953552
vt -0.3431715965270996 0.8398437201976776
vt -0.3442333936691284 0.8398436605930328
vt 1.8022329807281494 0.657875657081604
vt 1.8016732931137085 0.6568284034729004
vt 1.8013510704040527 0.6557666063308716
vt 1.8070749044418335 0.6604639291763306
vt 1.807074785232544 0.8398436605930328
vt 1.8022329807281494 0.8398436903953552
vt 1.8022329807281494 0.8183593302965164
vt 1.8070749044418335 0.8183593153953552
vt 1.8013510704040527 0.8183593451976776
vt 1.8013511896133423 0.8398436605930328
vt 1.807074785232544 0.8398436605930328
vt 1.8070749044418335 0.8183593153953552
vt 1.8010063171386719 0.6546300649642944
vt 1.8013510704040527 0.6557666063308716
vt 1.8055949211120605 0.6592494249343872
vt 1.8008975982666016 0.6535261869430542
vt -0.34536993503570557 0.8183593600988388
vt -0.3442333936691284 0.8183593451976776
vt -0.3442333936691284 0.83984375
vt -0.34536993503570557 0.8398437201976776
vt -0.34536993503570557 0.8183593600988388
vt -0.34536993503570557 0.8398437201976776
vt -0.3464738130569458 0.8398436903953552
vt -0.3464738130569458 0.818359375
vt 1.8013510704040527 0.6557666063308716
vt 1.8010063171386719 0.6546300649642944
vt 1.8008975982666016 0.6535261869430542
vt 1.805594801902771 0.6592493057250977
vt 1.8055949211120605 0.8398437201976776
vt 1.8013510704040527 0.83984375
vt 1.8013510704040527 0.8183593451976776
vt 1.805594801902771 0.8183593451976776
vt -0.3464738130569458 0.818359375
vt -0.3464738130569458 0.8398436903953552
vt -0.3407505750656128 0.8398437201976776
vt -0.34075069427490234 0.8183593451976776
vt 1.80078125 0.6523438096046448
vt 1.8008975982666016 0.6535261273384094
vt 1.804379940032959 0.6577690243721008
vt 1.8008899688720703 0.6512394547462463
vt -0.3464738726615906 0.83984375
vt -0.3476561903953552 0.8398437201976776
vt -0.3476561903953552 0.8183594048023224
vt -0.3464738726615906 0.8183593899011612
vt -0.3476561903953552 0.8183594048023224
vt -0.3476561903953552 0.8398437201976776
vt -0.34876054525375366 0.83984375
vt -0.34876054525375366 0.818359375
vt 1.8008975982666016 0.6535261273384094
vt 1.80078125 0.6523438096046448
vt 1.8008899688720703 0.6512394547462463
vt 1.804379940032959 0.6577690243721008
vt -0.34223097562789917 0.8398437350988388
vt -0.3464738726615906 0.83984375
vt -0.3464738726615906 0.8183593899011612
vt -0.34223097562789917 0.8183593600988388
vt -0.34876054525375366 0.818359375
vt -0.34876054525375366 0.83984375
vt -0.34223097562789917 0.8398437350988388
vt -0.34223097562789917 0.8183593600988388
vt 1.8034777641296387 0.6560808420181274
vt 1.801328420639038 0.648996114730835
vt 1.8010063171386719 0.6500576734542847
vt 1.8008899688720703 0.6512393951416016
vt -0.34994232654571533 0.8398437798023224
vt -0.34994232654571533 0.818359375
vt -0.34876060485839844 0.818359375
vt -0.34876060485839844 0.83984375
vt -0.35100388526916504 0.83984375
vt -0.35100388526916504 0.8183593899011612
vt -0.34994232654571533 0.818359375
vt -0.34994232654571533 0.8398437798023224
vt 1.8008899688720703 0.6512393951416016
vt 1.8010064363479614 0.6500576734542847
vt 1.801328420639038 0.648996114730835
vt 1.8034777641296387 0.656080961227417
vt -0.34391915798187256 0.83984375
vt -0.34876060485839844 0.83984375
vt -0.34876060485839844 0.818359375
vt -0.343919038772583 0.8183593451976776
vt -0.35100388526916504 0.8183593899011612
vt -0.35100388526916504 0.83984375
vt -0.34391915798187256 0.83984375
vt -0.343919038772583 0.8183593451976776
vt 1.801673173904419 0.6478593349456787
vt 1.801328420639038 0.648996114730835
vt 1.802922010421753 0.6542491912841797
vt 1.8021962642669678 0.6468807458877563
vt -0.3521406650543213 0.8183593153953552
vt -0.35100388526916504 0.8183593302965164
vt -0.35100388526916504 0.8398436903953552
vt -0.3521406650543213 0.8398437201976776
vt -0.35311925411224365 0.8183593153953552
vt -0.3521406650543213 0.8183593153953552
vt -0.3521406650543213 0.8398437201976776
vt -0.35311925411224365 0.8398436903953552
vt 1.801328420639038 0.648996114730835
vt 1.801673173904419 0.6478593349456787
vt 1.8021962642669678 0.6468807458877563
vt 1.802922010421753 0.6542493104934692
vt -0.3457508087158203 0.8398437052965164
vt -0.35100388526916504 0.8398436903953552
vt -0.35100388526916504 0.8183593302965164
vt -0.34575068950653076 0.8183593302965164
vt -0.35311925411224365 0.8183593153953552
vt -0.35311925411224365 0.8398436903953552
vt -0.3457508087158203 0.8398437052965164
vt -0.34575068950653076 0.8183593302965164
vt 1.8027563095092773 0.6458331942558289
vt 1.8021963834762573 0.6468808054924011
vt 1.802734375 0.6523439288139343
vt 1.8034601211547852 0.6449756026268005
vt -0.35416680574417114 0.8183593153953552
vt -0.3531191945075989 0.8183593153953552
vt -0.3531191945075989 0.8398436903953552
vt -0.35416680574417114 0.839843675494194
vt -0.35416680574417114 0.8183593153953552
vt -0.35416680574417114 0.839843675494194
vt -0.35502439737319946 0.8398437052965164
vt -0.35502439737319946 0.818359300494194
vt 1.8021962642669678 0.6468808054924011
vt 1.8027563095092773 0.6458331942558289
vt 1.8034601211547852 0.6449756026268005
vt 1.802734375 0.6523439288139343
vt -0.3476560711860657 0.8398436903953552
vt -0.3531191945075989 0.8398436903953552
vt -0.3531191945075989 0.8183593153953552
vt -0.3476560711860657 0.8183593302965164
vt -0.35502439737319946 0.818359300494194
vt -0.35502439737319946 0.8398437052965164
vt -0.3476560711860657 0.8398436903953552
vt -0.3476560711860657 0.8183593302965164
vt 1.804213523864746 0.6440574526786804
vt 1.8034601211547852 0.6449756026268005
vt 1.802922010421753 0.6504384875297546
vt 1.8050713539123535 0.6433534026145935
vt -0.35502439737319946 0.8398437052965164
vt -0.3559425473213196 0.8398436903953552
vt -0.3559425473213196 0.8183593302965164
vt -0.35502439737319946 0.818359300494194
vt 1.804213523864746 0.8183593302965164
vt 1.804213523864746 0.8398436903953552
vt 1.8050713539123535 0.8398436903953552
vt 1.8050713539123535 0.8183593302965164
vt 1.8034601211547852 0.6449756026268005
vt 1.804213523864746 0.6440574526786804
vt 1.8050713539123535 0.6433534026145935
vt 1.802922010421753 0.6504384875297546
vt -0.34956151247024536 0.8398437052965164
vt -0.35502439737319946 0.8398437052965164
vt -0.35502439737319946 0.818359300494194
vt -0.34956151247024536 0.8183593451976776
vt -0.3566465973854065 0.8183593302965164
vt -0.3566465973854065 0.8398436903953552
vt -0.34956151247024536 0.8398437052965164
vt -0.34956151247024536 0.8183593451976776
vt 1.8059892654418945 0.6426001191139221
vt 1.8050713539123535 0.6433535218238831
vt 1.8034775257110596 0.6486073136329651
vt 1.8069674968719482 0.6420772671699524
vt 1.8059892654418945 0.8398437649011612
vt 1.8059892654418945 0.8183593899011612
vt 1.805071234703064 0.8183593899011612
vt 1.8050713539123535 0.83984375
vt 1.8069674968719482 0.8398437649011612
vt 1.8069674968719482 0.8183593600988388
vt 1.8059892654418945 0.8183593899011612
vt 1.8059892654418945 0.8398437649011612
vt 1.805071234703064 0.6433535218238831
vt 1.8059892654418945 0.6426001191139221
vt 1.8069674968719482 0.6420772671699524
vt 1.8034777641296387 0.6486065983772278
vt -0.3513926863670349 0.83984375
vt -0.35664647817611694 0.83984375
vt -0.35664647817611694 0.8183593899011612
vt -0.3513934016227722 0.818359375
vt -0.3579227328300476 0.8183593600988388
vt -0.3579227328300476 0.8398437649011612
vt -0.3513926863670349 0.83984375
vt -0.3513934016227722 0.818359375
vt 1.8080155849456787 0.6415171027183533
vt 1.8069677352905273 0.6420771479606628
vt 1.8043806552886963 0.6469175219535828
vt 1.809077501296997 0.6411949992179871
vt 1.8080154657363892 0.8183593600988388
vt 1.8069677352905273 0.8183593600988388
vt 1.8069677352905273 0.839843675494194
vt 1.8080155849456787 0.8398436903953552
vt 1.809077501296997 0.8183593451976776
vt 1.8080154657363892 0.8183593600988388
vt 1.8080155849456787 0.8398436903953552
vt 1.809077501296997 0.8398437052965164
vt 1.8069677352905273 0.6420771479606628
vt 1.8080154657363892 0.6415171027183533
vt 1.809077501296997 0.6411949992179871
vt 1.804380178451538 0.6469182372093201
vt -0.35308247804641724 0.8398437201976776
vt -0.35792285203933716 0.839843675494194
vt -0.35792285203933716 0.8183593600988388
vt -0.35308176279067993 0.8183593302965164
vt -0.35880500078201294 0.8183593451976776
vt -0.35880500078201294 0.8398437052965164
vt -0.35308247804641724 0.8398437201976776
vt -0.35308176279067993 0.8183593302965164
vt 1.8102138042449951 0.6408502459526062
vt 1.8090773820877075 0.6411949992179871
vt 1.8055942058563232 0.645439088344574
vt 1.8113176822662354 0.6407415270805359
vt 1.8102138042449951 0.818359375
vt 1.8090773820877075 0.818359375
vt 1.8090773820877075 0.8398437350988388
vt 1.8102138042449951 0.8398437350988388
vt 1.8102138042449951 0.818359375
vt 1.8102138042449951 0.8398437350988388
vt 1.8113176822662354 0.8398437201976776
vt 1.8113176822662354 0.8183593600988388
vt 1.8090773820877075 0.6411949992179871
vt 1.8102138042449951 0.6408502459526062
vt 1.8113176822662354 0.6407415270805359
vt 1.80559504032135 0.6454381346702576
vt -0.354560911655426 0.8398437350988388
vt -0.35880500078201294 0.8398437350988388
vt -0.35880500078201294 0.818359375
vt -0.35456186532974243 0.8183593451976776
vt 1.8113176822662354 0.8183593600988388
vt 1.8113176822662354 0.8398437201976776
vt 1.8055942058563232 0.8398437350988388
vt 1.80559504032135 0.8183593451976776
vt 1.8125 0.6406251192092896
vt 1.8113176822662354 0.6407415866851807
vt 1.8070745468139648 0.6442240476608276
vt 1.8136037588119507 0.6407338380813599
vt 1.8113176822662354 0.8398437350988388
vt 1.8125 0.8398437201976776
vt 1.8125 0.8183593451976776
vt 1.8113176822662354 0.8183593302965164
vt 1.8125 0.8183593451976776
vt 1.8125 0.8398437201976776
vt 1.8136037588119507 0.8398437052965164
vt 1.8136037588119507 0.8183593451976776
vt 1.8113176822662354 0.6407415866851807
vt 1.8125 0.6406251192092896
vt 1.8136037588119507 0.6407338380813599
vt 1.807073712348938 0.6442245244979858
vt 1.8070745468139648 0.8398437052965164
vt 1.8113176822662354 0.8398437350988388
vt 1.8113176822662354 0.8183593302965164
vt 1.807073712348938 0.818359375
vt 1.8136037588119507 0.8183593451976776
vt 1.8136037588119507 0.8398437052965164
vt 1.8070745468139648 0.8398437052965164
vt 1.807073712348938 0.818359375
vt 1.8147861957550049 0.6408502459526062
vt 1.8136036396026611 0.6407338976860046
vt 1.808763027191162 0.6433214545249939
vt 1.8158488273620605 0.6411725878715515
vt 1.8147861957550049 0.8398437649011612
vt 1.8147861957550049 0.8183593600988388
vt 1.8136036396026611 0.8183593899011612
vt 1.8136036396026611 0.83984375
vt 1.8158488273620605 0.8398437649011612
vt 1.8158488273620605 0.8183594048023224
vt 1.8147861957550049 0.8183593600988388
vt 1.8147861957550049 0.8398437649011612
vt 1.8136036396026611 0.6407338976860046
vt 1.8147861957550049 0.6408502459526062
vt 1.8158488273620605 0.6411725878715515
vt 1.808763027191162 0.6433214545249939
vt 1.808763027191162 0.8398437649011612
vt 1.8136036396026611 0.83984375
vt 1.8136036396026611 0.8183593899011612
vt 1.808763027191162 0.8183594048023224
vt 1.8158488273620605 0.8183594048023224
vt 1.8158488273620605 0.8398437649011612
vt 1.808763027191162 0.8398437649011612
vt 1.808763027191162 0.8183594048023224
vt 1.8169846534729004 0.6415171027183533
vt 1.8158490657806396 0.6411725878715515
vt 1.8105955123901367 0.6427659392356873
vt 1.817962408065796 0.642039954662323
vt 1.8169846534729004 0.8183593153953552
vt 1.8158490657806396 0.818359300494194
vt 1.8158490657806396 0.8398437052965164
vt 1.8169846534729004 0.8398436903953552
vt 1.817962408065796 0.8183593302965164
vt 1.8169846534729004 0.8183593153953552
vt 1.8169846534729004 0.8398436903953552
vt 1.817962408065796 0.8398436903953552
vt 1.8158490657806396 0.6411725878715515
vt 1.8169846534729004 0.6415171027183533
vt 1.817962408065796 0.642039954662323
vt 1.8105952739715576 0.6427659392356873
vt 1.8105955123901367 0.8398437201976776
vt 1.8158490657806396 0.8398437052965164
vt 1.8158490657806396 0.818359300494194
vt 1.8105952739715576 0.8183593451976776
vt 1.817962408065796 0.8183593302965164
vt 1.817962408065796 0.8398436903953552
vt 1.8105955123901367 0.8398437201976776
vt 1.8105952739715576 0.8183593451976776
vt 1.819010615348816 0.6426001191139221
vt 1.817962408065796 0.6420398354530334
vt 1.8124992847442627 0.6425781846046448
vt 1.819869041442871 0.6433046460151672
vt 1.819010615348816 0.8183593302965164
vt 1.817962408065796 0.8183593451976776
vt 1.817962408065796 0.8398437052965164
vt 1.819010615348816 0.8398436903953552
vt 1.819010615348816 0.8183593302965164
vt 1.819010615348816 0.8398436903953552
vt 1.819869041442871 0.839843675494194
vt 1.819869041442871 0.8183593451976776
vt 1.817962408065796 0.6420398354530334
vt 1.819010615348816 0.6426001191139221
vt 1.819869041442871 0.6433046460151672
vt 1.8124992847442627 0.6425781846046448
vt 1.8124992847442627 0.8398437052965164
vt 1.817962408065796 0.8398437052965164
vt 1.817962408065796 0.8183593451976776
vt 1.8124992847442627 0.8183593302965164
vt 1.819869041442871 0.8183593451976776
vt 1.819869041442871 0.839843675494194
vt 1.8124992847442627 0.8398437052965164
vt 1.8124992847442627 0.8183593302965164
vt 1.820786476135254 0.6440574526786804
vt 1.819869041442871 0.6433045268058777
vt 1.8144054412841797 0.6427661776542664
vt 1.8214895725250244 0.6449140906333923
vt 1.819869041442871 0.8398437201976776
vt 1.820786476135254 0.8398437201976776
vt 1.820786476135254 0.8183593600988388
vt 1.819869041442871 0.8183593451976776
vt -0.3559425473213196 0.8183593600988388
vt -0.3559425473213196 0.8398437201976776
vt -0.35508590936660767 0.8398437350988388
vt -0.35508590936660767 0.8183593302965164
vt 1.819869041442871 0.6433045268058777
vt 1.820786476135254 0.6440574526786804
vt 1.8214895725250244 0.6449140906333923
vt 1.814406156539917 0.6427661776542664
vt 1.8144054412841797 0.8398437201976776
vt 1.819869041442871 0.8398437201976776
vt 1.819869041442871 0.8183593451976776
vt 1.814406156539917 0.8183593600988388
vt 1.8214895725250244 0.8183593302965164
vt 1.8214895725250244 0.8398437350988388
vt 1.8144054412841797 0.8398437201976776
vt 1.814406156539917 0.8183593600988388
vt 1.8222439289093018 0.6458333134651184
vt 1.8214895725250244 0.6449142098426819
vt 1.816236972808838 0.6433213353157043
vt 1.8227670192718506 0.6468122601509094
vt -0.3541666865348816 0.8398437350988388
vt -0.3541666865348816 0.818359375
vt -0.3550857901573181 0.8183594197034836
vt -0.3550857901573181 0.8398437350988388
vt -0.3531877398490906 0.83984375
vt -0.3531877398490906 0.8183593899011612
vt -0.3541666865348816 0.818359375
vt -0.3541666865348816 0.8398437350988388
vt 1.8214895725250244 0.6449142098426819
vt 1.8222438097000122 0.6458333134651184
vt 1.8227670192718506 0.6468122601509094
vt 1.8162362575531006 0.6433210968971252
vt 1.816236972808838 0.83984375
vt 1.8214895725250244 0.8398437350988388
vt 1.8214895725250244 0.8183594197034836
vt 1.8162362575531006 0.8183593899011612
vt 1.8227670192718506 0.8183593899011612
vt 1.8227670192718506 0.83984375
vt 1.816236972808838 0.83984375
vt 1.8162362575531006 0.8183593899011612
vt 1.8228037357330322 0.6468807458877563
vt 1.8227670192718506 0.6468122005462646
vt 1.8179254531860352 0.6442240476608276
vt 1.822680950164795 0.6481267213821411
vt -0.35311925411224365 0.8183593302965164
vt -0.35318779945373535 0.818359300494194
vt -0.35318779945373535 0.8398437052965164
vt -0.35311925411224365 0.8398437350988388
vt 1.8227671384811401 0.6468122005462646
vt 1.8228037357330322 0.6468807458877563
vt 1.822680950164795 0.6481267213821411
vt 1.8179254531860352 0.6442240476608276
vt -0.3518732786178589 0.8398437350988388
vt -0.3518732786178589 0.8183593302965164
vt -0.35311925411224365 0.8183593302965164
vt -0.35311925411224365 0.8398437350988388
vt 1.8179254531860352 0.8398437052965164
vt 1.8227670192718506 0.8398437052965164
vt 1.8227671384811401 0.818359300494194
vt 1.8179254531860352 0.8183593153953552
vt 1.822680950164795 0.8183593302965164
vt 1.822680950164795 0.8398437350988388
vt 1.8179254531860352 0.8398437052965164
vt 1.8179254531860352 0.8183593153953552
vt 1.8225665092468262 0.6492899656295776
vt 1.822680950164795 0.6481267213821411
vt 1.8194055557250977 0.6454386711120605
vt 1.8194055557250977 0.6454386711120605
vt 1.822680950164795 0.6481267213821411
vt 1.8225665092468262 0.6492900848388672
vt -0.3507099151611328 0.8183593451976776
vt -0.3518732786178589 0.8183593600988388
vt -0.3518732786178589 0.8398437201976776
vt -0.35071003437042236 0.8398437649011612
vt 1.8194055557250977 0.8398437350988388
vt 1.822680950164795 0.8398437201976776
vt 1.822680950164795 0.8183593600988388
vt 1.8194055557250977 0.818359375
vt -0.3507099151611328 0.8183593451976776
vt -0.35071003437042236 0.8398437649011612
vt -0.35456132888793945 0.8398437350988388
vt -0.35456132888793945 0.818359375
vt 1.820620059967041 0.6469183564186096
vt 1.8224607706069946 0.6503627896308899
vt 1.8225665092468262 0.6492899060249329
vt 1.820619821548462 0.6469183564186096
vt 1.8225665092468262 0.649290144443512
vt 1.8224608898162842 0.6503627896308899
vt -0.3496372103691101 0.818359300494194
vt -0.35070985555648804 0.8183593153953552
vt -0.35071009397506714 0.839843675494194
vt -0.3496372103691101 0.8398437052965164
vt -0.3530816435813904 0.8398437052965164
vt -0.35071009397506714 0.839843675494194
vt -0.35070985555648804 0.8183593153953552
vt -0.3530816435813904 0.8183593451976776
vt -0.3496372103691101 0.818359300494194
vt -0.3496372103691101 0.8398437052965164
vt -0.3530816435813904 0.8398437052965164
vt -0.3530816435813904 0.8183593451976776
vt 1.8223612308502197 0.6513725519180298
vt 1.822460651397705 0.6503627300262451
vt 1.8215222358703613 0.6486066579818726
vt 1.8215222358703613 0.6486067771911621
vt 1.822460651397705 0.6503627300262451
vt 1.8223612308502197 0.6513724327087402
vt -0.34862756729125977 0.8183594048023224
vt -0.3496372699737549 0.8183593899011612
vt -0.3496372699737549 0.8398437649011612
vt -0.3486274480819702 0.8398437201976776
vt -0.35139334201812744 0.8398437350988388
vt -0.3496372699737549 0.8398437649011612
vt -0.3496372699737549 0.8183593899011612
vt -0.3513932228088379 0.8183594048023224
vt -0.34862756729125977 0.8183594048023224
vt -0.3486274480819702 0.8398437201976776
vt -0.35139334201812744 0.8398437350988388
vt -0.3513932228088379 0.8183594048023224
vt 1.822265625 0.6523436307907104
vt 1.8223612308502197 0.6513725519180298
vt 1.822077989578247 0.6504387855529785
vt 1.822077989578247 0.650438666343689
vt 1.8223612308502197 0.6513724327087402
vt 1.822265625 0.6523436307907104
vt -0.34765636920928955 0.8183593451976776
vt -0.34862756729125977 0.8183593153953552
vt -0.3486274480819702 0.8398437201976776
vt -0.34765636920928955 0.8398437052965164
vt -0.3495612144470215 0.8398437052965164
vt -0.3486274480819702 0.8398437201976776
vt -0.34862756729125977 0.8183593153953552
vt -0.34956133365631104 0.818359375
vt -0.34765636920928955 0.8183593451976776
vt -0.34765636920928955 0.8398437052965164
vt -0.3495612144470215 0.8398437052965164
vt -0.34956133365631104 0.818359375
vt -0.1766732931137085 0.6478593349456787
vt -0.17600643634796143 0.6500576734542847
vt -0.17578125 0.6523438692092896
vt -0.17775607109069824 0.6458332538604736
vt -0.1792135238647461 0.6440573930740356
vt -0.18098950386047363 0.6426001787185669
vt -0.1830153465270996 0.641517162322998
vt -0.18521380424499512 0.640850305557251
vt -0.1875 0.6406251192092896
vt -0.18978619575500488 0.640850305557251
vt -0.19198453426361084 0.641517162322998
vt -0.19401049613952637 0.6426001787185669
vt -0.19578635692596436 0.6440573930740356
vt -0.1972438097000122 0.6458332538604736
vt -0.1983267068862915 0.6478593349456787
vt -0.19899356365203857 0.6500576734542847
vt -0.19921875 0.6523438692092896
vt -0.19899356365203857 0.6546300649642944
vt -0.1983267068862915 0.6568284034729004
vt -0.1972438097000122 0.6588544845581055
vt -0.19578635692596436 0.6606303453445435
vt -0.19401049613952637 0.6620875597000122
vt -0.19198453426361084 0.663170576095581
vt -0.18978619575500488 0.6638374328613281
vt -0.1875 0.6640626192092896
vt -0.18521380424499512 0.6638374328613281
vt -0.1830153465270996 0.663170576095581
vt -0.18098950386047363 0.6620875597000122
vt -0.1792135238647461 0.6606303453445435
vt -0.17775607109069824 0.6588544845581055
vt -0.1766732931137085 0.6568284034729004
vt -0.17600643634796143 0.6546300649642944
vt -0.34536993503570557 0.8085937649011612
vt -0.34765613079071045 0.8085937798023224
vt -0.34765613079071045 0.8183593899011612
vt -0.34536993503570557 0.8183594048023224
vt -0.3431715965270996 0.80859375
vt -0.34536993503570557 0.8085937649011612
vt -0.34536993503570557 0.8183594048023224
vt -0.3431715965270996 0.8183593600988388
vt -0.34114551544189453 0.8085937201976776
vt -0.3431715965270996 0.80859375
vt -0.3431715965270996 0.8183593600988388
vt -0.34114551544189453 0.818359375
vt -0.33936965465545654 0.80859375
vt -0.34114551544189453 0.8085937201976776
vt -0.34114551544189453 0.818359375
vt -0.33936965465545654 0.8183593600988388
vt -0.18098950386047363 0.8085937649011612
vt -0.1792135238647461 0.80859375
vt -0.1792135238647461 0.8183593600988388
vt -0.18098950386047363 0.818359375
vt -0.1830153465270996 0.8085937350988388
vt -0.18098950386047363 0.8085937649011612
vt -0.18098950386047363 0.818359375
vt -0.1830153465270996 0.818359375
vt -0.18521380424499512 0.80859375
vt -0.1830153465270996 0.8085937350988388
vt -0.1830153465270996 0.818359375
vt -0.18521380424499512 0.8183593600988388
vt -0.1875 0.80859375
vt -0.18521380424499512 0.80859375
vt -0.18521380424499512 0.8183593600988388
vt -0.1875 0.8183593451976776
vt -0.18978619575500488 0.8085937350988388
vt -0.1875 0.80859375
vt -0.1875 0.8183593451976776
vt -0.18978619575500488 0.8183593899011612
vt -0.19198453426361084 0.80859375
vt -0.18978619575500488 0.8085937350988388
vt -0.18978619575500488 0.8183593899011612
vt -0.19198453426361084 0.818359375
vt -0.19401049613952637 0.80859375
vt -0.19198453426361084 0.80859375
vt -0.19198453426361084 0.818359375
vt -0.19401049613952637 0.8183594048023224
vt -0.19578635692596436 0.8085937350988388
vt -0.19401049613952637 0.80859375
vt -0.19401049613952637 0.8183594048023224
vt -0.1957864761352539 0.8183593899011612
vt -0.34114551544189453 0.8085937649011612
vt -0.33936965465545654 0.8085937350988388
vt -0.33936965465545654 0.8183593899011612
vt -0.34114551544189453 0.818359375
vt -0.3431715965270996 0.8085937649011612
vt -0.34114551544189453 0.8085937649011612
vt -0.34114551544189453 0.818359375
vt -0.3431715965270996 0.8183594048023224
vt -0.34536993503570557 0.8085937649011612
vt -0.3431715965270996 0.8085937649011612
vt -0.3431715965270996 0.8183594048023224
vt -0.34536993503570557 0.818359375
vt -0.34765613079071045 0.80859375
vt -0.34536993503570557 0.8085937649011612
vt -0.34536993503570557 0.818359375
vt -0.34765613079071045 0.8183594048023224
vt -0.34994232654571533 0.8085937649011612
vt -0.34765613079071045 0.80859375
vt -0.34765613079071045 0.8183594048023224
vt -0.34994232654571533 0.818359375
vt -0.3521406650543213 0.8085937649011612
vt -0.34994232654571533 0.8085937649011612
vt -0.34994232654571533 0.818359375
vt -0.3521406650543213 0.8183594048023224
vt -0.35416674613952637 0.8085937649011612
vt -0.3521406650543213 0.8085937649011612
vt -0.3521406650543213 0.8183594048023224
vt -0.35416674613952637 0.818359375
vt -0.35594260692596436 0.8085937350988388
vt -0.35416674613952637 0.8085937649011612
vt -0.35416674613952637 0.818359375
vt -0.35594260692596436 0.8183593899011612
vt -0.19401049613952637 0.80859375
vt -0.19578635692596436 0.8085937350988388
vt -0.1957864761352539 0.8183593899011612
vt -0.19401049613952637 0.8183594048023224
vt -0.19198453426361084 0.80859375
vt -0.19401049613952637 0.80859375
vt -0.19401049613952637 0.8183594048023224
vt -0.19198453426361084 0.818359375
vt -0.18978619575500488 0.8085937350988388
vt -0.19198453426361084 0.80859375
vt -0.19198453426361084 0.818359375
vt -0.18978619575500488 0.8183593899011612
vt -0.1875 0.80859375
vt -0.18978619575500488 0.8085937350988388
vt -0.18978619575500488 0.8183593899011612
vt -0.1875 0.8183593451976776
vt -0.18521380424499512 0.80859375
vt -0.1875 0.80859375
vt -0.1875 0.8183593451976776
vt -0.18521380424499512 0.8183593600988388
vt -0.1830153465270996 0.8085937350988388
vt -0.18521380424499512 0.80859375
vt -0.18521380424499512 0.8183593600988388
vt -0.1830153465270996 0.818359375
vt -0.18098950386047363 0.8085937649011612
vt -0.1830153465270996 0.8085937350988388
vt -0.1830153465270996 0.818359375
vt -0.18098950386047363 0.818359375
vt -0.1792135238647461 0.80859375
vt -0.18098950386047363 0.8085937649011612
vt -0.18098950386047363 0.818359375
vt -0.1792135238647461 0.8183593600988388
vt -0.35416674613952637 0.8085937201976776
vt -0.35594260692596436 0.80859375
vt -0.35594260692596436 0.8183593600988388
vt -0.35416674613952637 0.818359375
vt -0.3521406650543213 0.80859375
vt -0.35416674613952637 0.8085937201976776
vt -0.35416674613952637 0.818359375
vt -0.3521406650543213 0.8183593600988388
vt -0.34994232654571533 0.8085937649011612
vt -0.3521406650543213 0.80859375
vt -0.3521406650543213 0.8183593600988388
vt -0.34994232654571533 0.8183594048023224
vt -0.34765613079071045 0.8085937798023224
vt -0.34994232654571533 0.8085937649011612
vt -0.34994232654571533 0.8183594048023224
vt -0.34765613079071045 0.8183593899011612
vt -0.17578125 0.6523438692092896
vt -0.17600631713867188 0.6500576734542847
vt -0.1766732931137085 0.6478593349456787
vt -0.17600631713867188 0.6546300649642944
vt -0.1766732931137085 0.6568284034729004
vt -0.1777561902999878 0.6588544845581055
vt -0.17846012115478516 0.6597121953964233
vt -0.17719626426696777 0.6468807458877563
vt -0.34765613079071045 0.8183593899011612
vt -0.34765613079071045 0.83984375
vt -0.34536993503570557 0.8398437350988388
vt -0.34536993503570557 0.818359375
vt -0.34536993503570557 0.818359375
vt -0.34536993503570557 0.8398437350988388
vt -0.3431715965270996 0.8398437649011612
vt -0.3431715965270996 0.8183593600988388
vt -0.3431715965270996 0.8183593600988388
vt -0.3431715965270996 0.8398437649011612
vt -0.34114551544189453 0.8398437350988388
vt -0.34114551544189453 0.818359375
vt -0.34114551544189453 0.818359375
vt -0.34114551544189453 0.8398437350988388
vt -0.34028780460357666 0.8398437649011612
vt -0.34028780460357666 0.8183593899011612
vt -0.35311925411224365 0.818359375
vt -0.35311925411224365 0.8398437350988388
vt -0.3521406650543213 0.8398437649011612
vt -0.3521406650543213 0.8183593600988388
vt -0.3521406650543213 0.8183593600988388
vt -0.3521406650543213 0.8398437649011612
vt -0.34994232654571533 0.8398437350988388
vt -0.34994232654571533 0.818359375
vt -0.34994232654571533 0.818359375
vt -0.34994232654571533 0.8398437350988388
vt -0.34765613079071045 0.83984375
vt -0.34765613079071045 0.8183593899011612
vt -0.1766732931137085 0.6568284034729004
vt -0.1777561902999878 0.6588544845581055
vt -0.17846012115478516 0.6597121953964233
vt -0.17600643634796143 0.6546300649642944
vt -0.17578125 0.6523438692092896
vt -0.17600643634796143 0.6500576734542847
vt -0.1766732931137085 0.6478593349456787
vt -0.17719626426696777 0.6468807458877563
vt -0.34028780460357666 0.8183593899011612
vt -0.34028780460357666 0.8398437649011612
vt -0.35311925411224365 0.8398437350988388
vt -0.35311925411224365 0.818359375
vt -0.17921364307403564 0.6606304049491882
vt -0.17846012115478516 0.6597122550010681
vt -0.17792201042175293 0.6542491316795349
vt -0.18007159233093262 0.6613344550132751
vt -0.3402877449989319 0.8398437350988388
vt -0.33936959505081177 0.83984375
vt -0.33936959505081177 0.8183593451976776
vt -0.3402877449989319 0.818359375
vt -0.1792135238647461 0.8183593451976776
vt -0.17921364307403564 0.83984375
vt -0.18007159233093262 0.83984375
vt -0.18007159233093262 0.8183593302965164
vt -0.17846012115478516 0.6597122550010681
vt -0.1792135238647461 0.6606304049491882
vt -0.18007159233093262 0.6613344550132751
vt -0.17792201042175293 0.6542488932609558
vt -0.3457508683204651 0.83984375
vt -0.3402877449989319 0.8398437350988388
vt -0.3402877449989319 0.818359375
vt -0.3457511067390442 0.8183593451976776
vt -0.33866554498672485 0.8183593302965164
vt -0.33866554498672485 0.83984375
vt -0.3457508683204651 0.83984375
vt -0.3457511067390442 0.8183593451976776
vt -0.18098938465118408 0.6620875597000122
vt -0.18007159233093262 0.6613343954086304
vt -0.17847776412963867 0.656080961227417
vt -0.18196725845336914 0.6626102924346924
vt -0.18098938465118408 0.839843675494194
vt -0.18098938465118408 0.8183593153953552
vt -0.18007159233093262 0.8183593302965164
vt -0.18007159233093262 0.8398437052965164
vt -0.18196725845336914 0.8398437052965164
vt -0.18196725845336914 0.8183593451976776
vt -0.18098938465118408 0.8183593153953552
vt -0.18098938465118408 0.839843675494194
vt -0.18007159233093262 0.6613343954086304
vt -0.18098938465118408 0.6620875597000122
vt -0.18196725845336914 0.6626102924346924
vt -0.17847776412963867 0.656080961227417
vt -0.343919038772583 0.8398437052965164
vt -0.33866560459136963 0.8398437052965164
vt -0.33866560459136963 0.8183593302965164
vt -0.343919038772583 0.8183593302965164
vt -0.3373897075653076 0.8183593451976776
vt -0.3373897075653076 0.8398437052965164
vt -0.343919038772583 0.8398437052965164
vt -0.343919038772583 0.8183593302965164
vt -0.1830153465270996 0.6631705164909363
vt -0.1819671392440796 0.6626102328300476
vt -0.17937970161437988 0.6577686667442322
vt -0.18407750129699707 0.6634928584098816
vt -0.1830153465270996 0.8183593451976776
vt -0.18196725845336914 0.8183593600988388
vt -0.1819671392440796 0.839843675494194
vt -0.1830153465270996 0.8398437052965164
vt -0.18407750129699707 0.8183593451976776
vt -0.1830153465270996 0.8183593451976776
vt -0.1830153465270996 0.8398437052965164
vt -0.18407750129699707 0.8398437052965164
vt -0.18196725845336914 0.6626102328300476
vt -0.1830153465270996 0.6631705164909363
vt -0.18407750129699707 0.6634928584098816
vt -0.17937994003295898 0.6577691435813904
vt -0.3422313332557678 0.8398437052965164
vt -0.3373897671699524 0.839843675494194
vt -0.3373897671699524 0.8183593600988388
vt -0.3422308564186096 0.8183593451976776
vt -0.3365071415901184 0.8183593451976776
vt -0.3365071415901184 0.8398437052965164
vt -0.3422313332557678 0.8398437052965164
vt -0.3422308564186096 0.8183593451976776
vt -0.18521380424499512 0.6638374328613281
vt -0.18407762050628662 0.6634927988052368
vt -0.18059539794921875 0.6592499017715454
vt -0.186318039894104 0.6639461517333984
vt -0.18521380424499512 0.8183593451976776
vt -0.18407762050628662 0.8183593600988388
vt -0.18407762050628662 0.8398437350988388
vt -0.18521380424499512 0.83984375
vt -0.18521380424499512 0.8183593451976776
vt -0.18521380424499512 0.83984375
vt -0.186318039894104 0.8398437350988388
vt -0.186318039894104 0.8183593302965164
vt -0.18407762050628662 0.6634927988052368
vt -0.18521380424499512 0.6638374328613281
vt -0.186318039894104 0.6639461517333984
vt -0.18059515953063965 0.6592495441436768
vt -0.3407500982284546 0.8398437350988388
vt -0.3365072011947632 0.8398437350988388
vt -0.3365072011947632 0.8183593600988388
vt -0.34075045585632324 0.8183593899011612
vt -0.186318039894104 0.8183593302965164
vt -0.186318039894104 0.8398437350988388
vt -0.18059539794921875 0.8398437350988388
vt -0.18059515953063965 0.8183593899011612
vt -0.1875 0.6640625596046448
vt -0.186318039894104 0.6639462113380432
vt -0.18207430839538574 0.6604636311531067
vt -0.18860363960266113 0.6639538407325745
vt -0.186318039894104 0.839843675494194
vt -0.1875 0.839843675494194
vt -0.1875 0.8183593451976776
vt -0.18631815910339355 0.8183593451976776
vt -0.1875 0.8183593451976776
vt -0.1875 0.839843675494194
vt -0.18860363960266113 0.8398437052965164
vt -0.18860363960266113 0.8183593302965164
vt -0.18631815910339355 0.6639462113380432
vt -0.1875 0.6640625596046448
vt -0.18860363960266113 0.6639538407325745
vt -0.1820744276046753 0.6604636311531067
vt -0.18207430839538574 0.8398436903953552
vt -0.186318039894104 0.839843675494194
vt -0.18631815910339355 0.8183593451976776
vt -0.1820744276046753 0.8183593153953552
vt -0.18860363960266113 0.8183593302965164
vt -0.18860363960266113 0.8398437052965164
vt -0.18207430839538574 0.8398436903953552
vt -0.1820744276046753 0.8183593153953552
vt -0.18978619575500488 0.6638373732566833
vt -0.18860352039337158 0.663953959941864
vt -0.1837625503540039 0.6613661646842957
vt -0.19084882736206055 0.663515031337738
vt -0.18978619575500488 0.8398437052965164
vt -0.18978619575500488 0.8183593451976776
vt -0.18860352039337158 0.8183593302965164
vt -0.18860352039337158 0.8398437052965164
vt -0.19084882736206055 0.8398437052965164
vt -0.19084882736206055 0.818359300494194
vt -0.18978619575500488 0.8183593451976776
vt -0.18978619575500488 0.8398437052965164
vt -0.18860352039337158 0.663953959941864
vt -0.18978619575500488 0.6638373732566833
vt -0.19084882736206055 0.663515031337738
vt -0.18376243114471436 0.6613659262657166
vt -0.1837625503540039 0.8398436903953552
vt -0.18860352039337158 0.8398437052965164
vt -0.18860352039337158 0.8183593302965164
vt -0.18376243114471436 0.8183593153953552
vt -0.19084882736206055 0.818359300494194
vt -0.19084882736206055 0.8398437052965164
vt -0.1837625503540039 0.8398436903953552
vt -0.18376243114471436 0.8183593153953552
vt -0.19198453426361084 0.663170576095581
vt -0.19084882736206055 0.6635150909423828
vt -0.18559467792510986 0.6619217395782471
vt -0.192962646484375 0.6626477241516113
vt -0.1919846534729004 0.8183593600988388
vt -0.19084882736206055 0.8183593451976776
vt -0.19084882736206055 0.8398437052965164
vt -0.19198453426361084 0.8398436903953552
vt -0.192962646484375 0.8183593451976776
vt -0.1919846534729004 0.8183593600988388
vt -0.19198453426361084 0.8398436903953552
vt -0.192962646484375 0.8398437052965164
vt -0.19084882736206055 0.6635150909423828
vt -0.1919846534729004 0.663170576095581
vt -0.192962646484375 0.6626477241516113
vt -0.18559503555297852 0.6619217395782471
vt -0.18559467792510986 0.8398437052965164
vt -0.19084882736206055 0.8398437052965164
vt -0.19084882736206055 0.8183593451976776
vt -0.18559503555297852 0.8183593302965164
vt -0.192962646484375 0.8183593451976776
vt -0.192962646484375 0.8398437052965164
vt -0.18559467792510986 0.8398437052965164
vt -0.18559503555297852 0.8183593302965164
vt -0.19401049613952637 0.662087619304657
vt -0.19296252727508545 0.6626476645469666
vt -0.1875002384185791 0.6621095538139343
vt -0.194868803024292 0.661383330821991
vt -0.19401049613952637 0.818359375
vt -0.19296252727508545 0.818359375
vt -0.19296252727508545 0.8398437350988388
vt -0.19401049613952637 0.83984375
vt -0.19401049613952637 0.818359375
vt -0.19401049613952637 0.83984375
vt -0.194868803024292 0.8398437350988388
vt -0.194868803024292 0.818359375
vt -0.19296252727508545 0.6626476645469666
vt -0.19401049613952637 0.662087619304657
vt -0.194868803024292 0.661383330821991
vt -0.18750107288360596 0.6621095538139343
vt -0.1875002384185791 0.83984375
vt -0.19296252727508545 0.8398437350988388
vt -0.19296252727508545 0.818359375
vt -0.18750107288360596 0.818359375
vt -0.194868803024292 0.818359375
vt -0.194868803024292 0.8398437350988388
vt -0.1875002384185791 0.83984375
vt -0.18750107288360596 0.818359375
vt -0.1957864761352539 0.6606304049491882
vt -0.194868803024292 0.661383330821991
vt -0.18940472602844238 0.6619219183921814
vt -0.19648957252502441 0.6597735285758972
vt -0.194868803024292 0.8398437350988388
vt -0.1957864761352539 0.8398437350988388
vt -0.1957864761352539 0.818359375
vt -0.194868803024292 0.818359375
vt -0.33936959505081177 0.818359375
vt -0.33936959505081177 0.8398437350988388
vt -0.3402264714241028 0.8398437649011612
vt -0.3402264714241028 0.8183593600988388
vt -0.194868803024292 0.661383330821991
vt -0.1957864761352539 0.6606304049491882
vt -0.19648957252502441 0.6597735285758972
vt -0.18940520286560059 0.6619219183921814
vt -0.18940472602844238 0.8398437350988388
vt -0.194868803024292 0.8398437350988388
vt -0.194868803024292 0.818359375
vt -0.18940520286560059 0.8183594048023224
vt -0.19648957252502441 0.8183593600988388
vt -0.19648957252502441 0.8398437649011612
vt -0.18940472602844238 0.8398437350988388
vt -0.18940520286560059 0.8183594048023224
vt -0.1972438097000122 0.6588544845581055
vt -0.19648957252502441 0.659773588180542
vt -0.191237211227417 0.6613662242889404
vt -0.19776701927185059 0.657875657081604
vt -0.34114551544189453 0.8398437649011612
vt -0.34114551544189453 0.8183593600988388
vt -0.340226411819458 0.8183593600988388
vt -0.340226411819458 0.8398437649011612
vt -0.342124342918396 0.8398437350988388
vt -0.342124342918396 0.818359375
vt -0.34114551544189453 0.8183593600988388
vt -0.34114551544189453 0.8398437649011612
vt -0.19648957252502441 0.659773588180542
vt -0.1972438097000122 0.6588544845581055
vt -0.19776701927185059 0.657875657081604
vt -0.1912369728088379 0.66136634349823
vt -0.191237211227417 0.83984375
vt -0.19648957252502441 0.8398437649011612
vt -0.19648957252502441 0.8183593600988388
vt -0.1912369728088379 0.818359375
vt -0.19776701927185059 0.818359375
vt -0.19776701927185059 0.8398437350988388
vt -0.191237211227417 0.83984375
vt -0.1912369728088379 0.818359375
vt -0.19832682609558105 0.6568284034729004
vt -0.19776701927185059 0.657875657081604
vt -0.19292521476745605 0.660463809967041
vt -0.19864881038665771 0.6557666063308716
vt -0.3431715965270996 0.8183593153953552
vt -0.342124342918396 0.8183593302965164
vt -0.342124342918396 0.8398436903953552
vt -0.3431715965270996 0.8398437201976776
vt -0.3442333936691284 0.8183593451976776
vt -0.3431715965270996 0.8183593153953552
vt -0.3431715965270996 0.8398437201976776
vt -0.3442333936691284 0.8398436605930328
vt -0.19776701927185059 0.657875657081604
vt -0.1983267068862915 0.6568284034729004
vt -0.19864892959594727 0.6557666063308716
vt -0.1929250955581665 0.6604639291763306
vt -0.19292521476745605 0.8398436605930328
vt -0.19776701927185059 0.8398436903953552
vt -0.19776701927185059 0.8183593302965164
vt -0.1929250955581665 0.8183593153953552
vt -0.19864892959594727 0.8183593451976776
vt -0.19864881038665771 0.8398436605930328
vt -0.19292521476745605 0.8398436605930328
vt -0.1929250955581665 0.8183593153953552
vt -0.19899368286132812 0.6546300649642944
vt -0.19864892959594727 0.6557666063308716
vt -0.19440507888793945 0.6592494249343872
vt -0.19910240173339844 0.6535261869430542
vt -0.34536993503570557 0.8183593600988388
vt -0.3442333936691284 0.8183593451976776
vt -0.3442333936691284 0.83984375
vt -0.34536993503570557 0.8398437201976776
vt -0.34536993503570557 0.8183593600988388
vt -0.34536993503570557 0.8398437201976776
vt -0.3464738130569458 0.8398436903953552
vt -0.3464738130569458 0.818359375
vt -0.19864892959594727 0.6557666063308716
vt -0.19899368286132812 0.6546300649642944
vt -0.19910240173339844 0.6535261869430542
vt -0.194405198097229 0.6592493057250977
vt -0.19440507888793945 0.8398437201976776
vt -0.19864892959594727 0.83984375
vt -0.19864892959594727 0.8183593451976776
vt -0.194405198097229 0.8183593451976776
vt -0.3464738130569458 0.818359375
vt -0.3464738130569458 0.8398436903953552
vt -0.3407505750656128 0.8398437201976776
vt -0.34075069427490234 0.8183593451976776
vt -0.19921875 0.6523438096046448
vt -0.19910240173339844 0.6535261273384094
vt -0.19562005996704102 0.6577690243721008
vt -0.1991100311279297 0.6512394547462463
vt -0.3464738726615906 0.83984375
vt -0.3476561903953552 0.8398437201976776
vt -0.3476561903953552 0.8183594048023224
vt -0.3464738726615906 0.8183593899011612
vt -0.3476561903953552 0.8183594048023224
vt -0.3476561903953552 0.8398437201976776
vt -0.34876054525375366 0.83984375
vt -0.34876054525375366 0.818359375
vt -0.19910240173339844 0.6535261273384094
vt -0.19921875 0.6523438096046448
vt -0.1991100311279297 0.6512394547462463
vt -0.19562005996704102 0.6577690243721008
vt -0.34223097562789917 0.8398437350988388
vt -0.3464738726615906 0.83984375
vt -0.3464738726615906 0.8183593899011612
vt -0.34223097562789917 0.8183593600988388
vt -0.34876054525375366 0.818359375
vt -0.34876054525375366 0.83984375
vt -0.34223097562789917 0.8398437350988388
vt -0.34223097562789917 0.8183593600988388
vt -0.19652223587036133 0.6560808420181274
vt -0.19867157936096191 0.648996114730835
vt -0.19899368286132812 0.6500576734542847
vt -0.1991100311279297 0.6512393951416016
vt -0.34994232654571533 0.8398437798023224
vt -0.34994232654571533 0.818359375
vt -0.34876060485839844 0.818359375
vt -0.34876060485839844 0.83984375
vt -0.35100388526916504 0.83984375
vt -0.35100388526916504 0.8183593899011612
vt -0.34994232654571533 0.818359375
vt -0.34994232654571533 0.8398437798023224
vt -0.1991100311279297 0.6512393951416016
vt -0.19899356365203857 0.6500576734542847
vt -0.19867157936096191 0.648996114730835
vt -0.19652223587036133 0.656080961227417
vt -0.34391915798187256 0.83984375
vt -0.34876060485839844 0.83984375
vt -0.34876060485839844 0.818359375
vt -0.343919038772583 0.8183593451976776
vt -0.35100388526916504 0.8183593899011612
vt -0.35100388526916504 0.83984375
vt -0.34391915798187256 0.83984375
vt -0.343919038772583 0.8183593451976776
vt -0.19832682609558105 0.6478593349456787
vt -0.19867157936096191 0.648996114730835
vt -0.19707798957824707 0.6542491912841797
vt -0.19780373573303223 0.6468807458877563
vt -0.3521406650543213 0.8183593153953552
vt -0.35100388526916504 0.8183593302965164
vt -0.35100388526916504 0.8398436903953552
vt -0.3521406650543213 0.8398437201976776
vt -0.35311925411224365 0.8183593153953552
vt -0.3521406650543213 0.8183593153953552
vt -0.3521406650543213 0.8398437201976776
vt -0.35311925411224365 0.8398436903953552
vt -0.19867157936096191 0.648996114730835
vt -0.19832682609558105 0.6478593349456787
vt -0.19780373573303223 0.6468807458877563
vt -0.19707798957824707 0.6542493104934692
vt -0.3457508087158203 0.8398437052965164
vt -0.35100388526916504 0.8398436903953552
vt -0.35100388526916504 0.8183593302965164
vt -0.34575068950653076 0.8183593302965164
vt -0.35311925411224365 0.8183593153953552
vt -0.35311925411224365 0.8398436903953552
vt -0.3457508087158203 0.8398437052965164
vt -0.34575068950653076 0.8183593302965164
vt -0.19724369049072266 0.6458331942558289
vt -0.19780361652374268 0.6468808054924011
vt -0.197265625 0.6523439288139343
vt -0.19653987884521484 0.6449756026268005
vt -0.35416680574417114 0.8183593153953552
vt -0.3531191945075989 0.8183593153953552
vt -0.3531191945075989 0.8398436903953552
vt -0.35416680574417114 0.839843675494194
vt -0.35416680574417114 0.8183593153953552
vt -0.35416680574417114 0.839843675494194
vt -0.35502439737319946 0.8398437052965164
vt -0.35502439737319946 0.818359300494194
vt -0.19780373573303223 0.6468808054924011
vt -0.19724369049072266 0.6458331942558289
vt -0.19653987884521484 0.6449756026268005
vt -0.197265625 0.6523439288139343
vt -0.3476560711860657 0.8398436903953552
vt -0.3531191945075989 0.8398436903953552
vt -0.3531191945075989 0.8183593153953552
vt -0.3476560711860657 0.8183593302965164
vt -0.35502439737319946 0.818359300494194
vt -0.35502439737319946 0.8398437052965164
vt -0.3476560711860657 0.8398436903953552
vt -0.3476560711860657 0.8183593302965164
vt -0.1957864761352539 0.6440574526786804
vt -0.19653987884521484 0.6449756026268005
vt -0.19707798957824707 0.6504384875297546
vt -0.19492864608764648 0.6433534026145935
vt -0.35502439737319946 0.8398437052965164
vt -0.3559425473213196 0.8398436903953552
vt -0.3559425473213196 0.8183593302965164
vt -0.35502439737319946 0.818359300494194
vt -0.1957864761352539 0.8183593302965164
vt -0.1957864761352539 0.8398436903953552
vt -0.19492864608764648 0.8398436903953552
vt -0.19492864608764648 0.8183593302965164
vt -0.19653987884521484 0.6449756026268005
vt -0.1957864761352539 0.6440574526786804
vt -0.19492864608764648 0.6433534026145935
vt -0.19707798957824707 0.6504384875297546
vt -0.34956151247024536 0.8398437052965164
vt -0.35502439737319946 0.8398437052965164
vt -0.35502439737319946 0.818359300494194
vt -0.34956151247024536 0.8183593451976776
vt -0.3566465973854065 0.8183593302965164
vt -0.3566465973854065 0.8398436903953552
vt -0.34956151247024536 0.8398437052965164
vt -0.34956151247024536 0.8183593451976776
vt -0.19401073455810547 0.6426001191139221
vt -0.19492864608764648 0.6433535218238831
vt -0.19652247428894043 0.6486073136329651
vt -0.19303250312805176 0.6420772671699524
vt -0.19401073455810547 0.8398437649011612
vt -0.19401073455810547 0.8183593899011612
vt -0.19492876529693604 0.8183593899011612
vt -0.19492864608764648 0.83984375
vt -0.19303250312805176 0.8398437649011612
vt -0.19303250312805176 0.8183593600988388
vt -0.19401073455810547 0.8183593899011612
vt -0.19401073455810547 0.8398437649011612
vt -0.19492876529693604 0.6433535218238831
vt -0.19401073455810547 0.6426001191139221
vt -0.19303250312805176 0.6420772671699524
vt -0.19652223587036133 0.6486065983772278
vt -0.3513926863670349 0.83984375
vt -0.35664647817611694 0.83984375
vt -0.35664647817611694 0.8183593899011612
vt -0.3513934016227722 0.818359375
vt -0.3579227328300476 0.8183593600988388
vt -0.3579227328300476 0.8398437649011612
vt -0.3513926863670349 0.83984375
vt -0.3513934016227722 0.818359375
vt -0.1919844150543213 0.6415171027183533
vt -0.19303226470947266 0.6420771479606628
vt -0.1956193447113037 0.6469175219535828
vt -0.19092249870300293 0.6411949992179871
vt -0.19198453426361084 0.8183593600988388
vt -0.19303226470947266 0.8183593600988388
vt -0.19303226470947266 0.839843675494194
vt -0.1919844150543213 0.8398436903953552
vt -0.19092249870300293 0.8183593451976776
vt -0.19198453426361084 0.8183593600988388
vt -0.1919844150543213 0.8398436903953552
vt -0.19092249870300293 0.8398437052965164
vt -0.19303226470947266 0.6420771479606628
vt -0.19198453426361084 0.6415171027183533
vt -0.19092249870300293 0.6411949992179871
vt -0.19561982154846191 0.6469182372093201
vt -0.35308247804641724 0.8398437201976776
vt -0.35792285203933716 0.839843675494194
vt -0.35792285203933716 0.8183593600988388
vt -0.35308176279067993 0.8183593302965164
vt -0.35880500078201294 0.8183593451976776
vt -0.35880500078201294 0.8398437052965164
vt -0.35308247804641724 0.8398437201976776
vt -0.35308176279067993 0.8183593302965164
vt -0.18978619575500488 0.6408502459526062
vt -0.19092261791229248 0.6411949992179871
vt -0.19440579414367676 0.645439088344574
vt -0.18868231773376465 0.6407415270805359
vt -0.18978619575500488 0.818359375
vt -0.19092261791229248 0.818359375
vt -0.19092261791229248 0.8398437350988388
vt -0.18978619575500488 0.8398437350988388
vt -0.18978619575500488 0.818359375
vt -0.18978619575500488 0.8398437350988388
vt -0.18868231773376465 0.8398437201976776
vt -0.18868231773376465 0.8183593600988388
vt -0.19092261791229248 0.6411949992179871
vt -0.18978619575500488 0.6408502459526062
vt -0.18868231773376465 0.6407415270805359
vt -0.1944049596786499 0.6454381346702576
vt -0.354560911655426 0.8398437350988388
vt -0.35880500078201294 0.8398437350988388
vt -0.35880500078201294 0.818359375
vt -0.35456186532974243 0.8183593451976776
vt -0.18868231773376465 0.8183593600988388
vt -0.18868231773376465 0.8398437201976776
vt -0.19440579414367676 0.8398437350988388
vt -0.1944049596786499 0.8183593451976776
vt -0.1875 0.6406251192092896
vt -0.18868231773376465 0.6407415866851807
vt -0.19292545318603516 0.6442240476608276
vt -0.18639624118804932 0.6407338380813599
vt -0.18868231773376465 0.8398437350988388
vt -0.1875 0.8398437201976776
vt -0.1875 0.8183593451976776
vt -0.18868231773376465 0.8183593302965164
vt -0.1875 0.8183593451976776
vt -0.1875 0.8398437201976776
vt -0.18639624118804932 0.8398437052965164
vt -0.18639624118804932 0.8183593451976776
vt -0.18868231773376465 0.6407415866851807
vt -0.1875 0.6406251192092896
vt -0.18639624118804932 0.6407338380813599
vt -0.192926287651062 0.6442245244979858
vt -0.19292545318603516 0.8398437052965164
vt -0.18868231773376465 0.8398437350988388
vt -0.18868231773376465 0.8183593302965164
vt -0.192926287651062 0.818359375
vt -0.18639624118804932 0.8183593451976776
vt -0.18639624118804932 0.8398437052965164
vt -0.19292545318603516 0.8398437052965164
vt -0.192926287651062 0.818359375
vt -0.18521380424499512 0.6408502459526062
vt -0.18639636039733887 0.6407338976860046
vt -0.1912369728088379 0.6433214545249939
vt -0.18415117263793945 0.6411725878715515
vt -0.18521380424499512 0.8398437649011612
vt -0.18521380424499512 0.8183593600988388
vt -0.18639636039733887 0.8183593899011612
vt -0.18639636039733887 0.83984375
vt -0.18415117263793945 0.8398437649011612
vt -0.18415117263793945 0.8183594048023224
vt -0.18521380424499512 0.8183593600988388
vt -0.18521380424499512 0.8398437649011612
vt -0.18639636039733887 0.6407338976860046
vt -0.18521380424499512 0.6408502459526062
vt -0.18415117263793945 0.6411725878715515
vt -0.1912369728088379 0.6433214545249939
vt -0.1912369728088379 0.8398437649011612
vt -0.18639636039733887 0.83984375
vt -0.18639636039733887 0.8183593899011612
vt -0.1912369728088379 0.8183594048023224
vt -0.18415117263793945 0.8183594048023224
vt -0.18415117263793945 0.8398437649011612
vt -0.1912369728088379 0.8398437649011612
vt -0.1912369728088379 0.8183594048023224
vt -0.1830153465270996 0.6415171027183533
vt -0.18415093421936035 0.6411725878715515
vt -0.18940448760986328 0.6427659392356873
vt -0.1820375919342041 0.642039954662323
vt -0.1830153465270996 0.8183593153953552
vt -0.18415093421936035 0.818359300494194
vt -0.18415093421936035 0.8398437052965164
vt -0.1830153465270996 0.8398436903953552
vt -0.1820375919342041 0.8183593302965164
vt -0.1830153465270996 0.8183593153953552
vt -0.1830153465270996 0.8398436903953552
vt -0.1820375919342041 0.8398436903953552
vt -0.18415093421936035 0.6411725878715515
vt -0.1830153465270996 0.6415171027183533
vt -0.1820375919342041 0.642039954662323
vt -0.18940472602844238 0.6427659392356873
vt -0.18940448760986328 0.8398437201976776
vt -0.18415093421936035 0.8398437052965164
vt -0.18415093421936035 0.818359300494194
vt -0.18940472602844238 0.8183593451976776
vt -0.1820375919342041 0.8183593302965164
vt -0.1820375919342041 0.8398436903953552
vt -0.18940448760986328 0.8398437201976776
vt -0.18940472602844238 0.8183593451976776
vt -0.18098938465118408 0.6426001191139221
vt -0.1820375919342041 0.6420398354530334
vt -0.1875007152557373 0.6425781846046448
vt -0.1801309585571289 0.6433046460151672
vt -0.18098938465118408 0.8183593302965164
vt -0.1820375919342041 0.8183593451976776
vt -0.1820375919342041 0.8398437052965164
vt -0.18098938465118408 0.8398436903953552
vt -0.18098938465118408 0.8183593302965164
vt -0.18098938465118408 0.8398436903953552
vt -0.1801309585571289 0.839843675494194
vt -0.1801309585571289 0.8183593451976776
vt -0.1820375919342041 0.6420398354530334
vt -0.18098938465118408 0.6426001191139221
vt -0.1801309585571289 0.6433046460151672
vt -0.1875007152557373 0.6425781846046448
vt -0.1875007152557373 0.8398437052965164
vt -0.1820375919342041 0.8398437052965164
vt -0.1820375919342041 0.8183593451976776
vt -0.1875007152557373 0.8183593302965164
vt -0.1801309585571289 0.8183593451976776
vt -0.1801309585571289 0.839843675494194
vt -0.1875007152557373 0.8398437052965164
vt -0.1875007152557373 0.8183593302965164
vt -0.1792135238647461 0.6440574526786804
vt -0.1801309585571289 0.6433045268058777
vt -0.1855945587158203 0.6427661776542664
vt -0.17851042747497559 0.6449140906333923
vt -0.1801309585571289 0.8398437201976776
vt -0.1792135238647461 0.8398437201976776
vt -0.1792135238647461 0.8183593600988388
vt -0.1801309585571289 0.8183593451976776
vt -0.3559425473213196 0.8183593600988388
vt -0.3559425473213196 0.8398437201976776
vt -0.35508590936660767 0.8398437350988388
vt -0.35508590936660767 0.8183593302965164
vt -0.1801309585571289 0.6433045268058777
vt -0.1792135238647461 0.6440574526786804
vt -0.17851042747497559 0.6449140906333923
vt -0.185593843460083 0.6427661776542664
vt -0.1855945587158203 0.8398437201976776
vt -0.1801309585571289 0.8398437201976776
vt -0.1801309585571289 0.8183593451976776
vt -0.185593843460083 0.8183593600988388
vt -0.17851042747497559 0.8183593302965164
vt -0.17851042747497559 0.8398437350988388
vt -0.1855945587158203 0.8398437201976776
vt -0.185593843460083 0.8183593600988388
vt -0.17775607109069824 0.6458333134651184
vt -0.17851042747497559 0.6449142098426819
vt -0.1837630271911621 0.6433213353157043
vt -0.17723298072814941 0.6468122601509094
vt -0.3541666865348816 0.8398437350988388
vt -0.3541666865348816 0.818359375
vt -0.3550857901573181 0.8183594197034836
vt -0.3550857901573181 0.8398437350988388
vt -0.3531877398490906 0.83984375
vt -0.3531877398490906 0.8183593899011612
vt -0.3541666865348816 0.818359375
vt -0.3541666865348816 0.8398437350988388
vt -0.17851042747497559 0.6449142098426819
vt -0.1777561902999878 0.6458333134651184
vt -0.17723298072814941 0.6468122601509094
vt -0.18376374244689941 0.6433210968971252
vt -0.1837630271911621 0.83984375
vt -0.17851042747497559 0.8398437350988388
vt -0.17851042747497559 0.8183594197034836
vt -0.18376374244689941 0.8183593899011612
vt -0.17723298072814941 0.8183593899011612
vt -0.17723298072814941 0.83984375
vt -0.1837630271911621 0.83984375
vt -0.18376374244689941 0.8183593899011612
vt -0.17719626426696777 0.6468807458877563
vt -0.17723298072814941 0.6468122005462646
vt -0.18207454681396484 0.6442240476608276
vt -0.17731904983520508 0.6481267213821411
vt -0.35311925411224365 0.8183593302965164
vt -0.35318779945373535 0.818359300494194
vt -0.35318779945373535 0.8398437052965164
vt -0.35311925411224365 0.8398437350988388
vt -0.17723286151885986 0.6468122005462646
vt -0.17719626426696777 0.6468807458877563
vt -0.17731904983520508 0.6481267213821411
vt -0.18207454681396484 0.6442240476608276
vt -0.3518732786178589 0.8398437350988388
vt -0.3518732786178589 0.8183593302965164
vt -0.35311925411224365 0.8183593302965164
vt -0.35311925411224365 0.8398437350988388
vt -0.18207454681396484 0.8398437052965164
vt -0.17723298072814941 0.8398437052965164
vt -0.17723286151885986 0.818359300494194
vt -0.18207454681396484 0.8183593153953552
vt -0.17731904983520508 0.8183593302965164
vt -0.17731904983520508 0.8398437350988388
vt -0.18207454681396484 0.8398437052965164
vt -0.18207454681396484 0.8183593153953552
vt -0.17743349075317383 0.6492899656295776
vt -0.17731904983520508 0.6481267213821411
vt -0.18059444427490234 0.6454386711120605
vt -0.18059444427490234 0.6454386711120605
vt -0.17731904983520508 0.6481267213821411
vt -0.17743349075317383 0.6492900848388672
vt -0.3507099151611328 0.8183593451976776
vt -0.3518732786178589 0.8183593600988388
vt -0.3518732786178589 0.8398437201976776
vt -0.35071003437042236 0.8398437649011612
vt -0.18059444427490234 0.8398437350988388
vt -0.17731904983520508 0.8398437201976776
vt -0.17731904983520508 0.8183593600988388
vt -0.18059444427490234 0.818359375
vt -0.3507099151611328 0.8183593451976776
vt -0.35071003437042236 0.8398437649011612
vt -0.35456132888793945 0.8398437350988388
vt -0.35456132888793945 0.818359375
vt -0.17937994003295898 0.6469183564186096
vt -0.17753922939300537 0.6503627896308899
vt -0.17743349075317383 0.6492899060249329
vt -0.17938017845153809 0.6469183564186096
vt -0.17743349075317383 0.649290144443512
vt -0.17753911018371582 0.6503627896308899
vt -0.3496372103691101 0.818359300494194
vt -0.35070985555648804 0.8183593153953552
vt -0.35071009397506714 0.839843675494194
vt -0.3496372103691101 0.8398437052965164
vt -0.3530816435813904 0.8398437052965164
vt -0.35071009397506714 0.839843675494194
vt -0.35070985555648804 0.8183593153953552
vt -0.3530816435813904 0.8183593451976776
vt -0.3496372103691101 0.818359300494194
vt -0.3496372103691101 0.8398437052965164
vt -0.3530816435813904 0.8398437052965164
vt -0.3530816435813904 0.8183593451976776
vt -0.17763876914978027 0.6513725519180298
vt -0.17753934860229492 0.6503627300262451
vt -0.17847776412963867 0.6486066579818726
vt -0.17847776412963867 0.6486067771911621
vt -0.17753934860229492 0.6503627300262451
vt -0.17763876914978027 0.6513724327087402
vt -0.34862756729125977 0.8183594048023224
vt -0.3496372699737549 0.8183593899011612
vt -0.3496372699737549 0.8398437649011612
vt -0.3486274480819702 0.8398437201976776
vt -0.35139334201812744 0.8398437350988388
vt -0.3496372699737549 0.8398437649011612
vt -0.3496372699737549 0.8183593899011612
vt -0.3513932228088379 0.8183594048023224
vt -0.34862756729125977 0.8183594048023224
vt -0.3486274480819702 0.8398437201976776
vt -0.35139334201812744 0.8398437350988388
vt -0.3513932228088379 0.8183594048023224
vt -0.177734375 0.6523436307907104
vt -0.17763876914978027 0.6513725519180298
vt -0.17792201042175293 0.6504387855529785
vt -0.17792201042175293 0.650438666343689
vt -0.17763876914978027 0.6513724327087402
vt -0.177734375 0.6523436307907104
vt -0.34765636920928955 0.8183593451976776
vt -0.34862756729125977 0.8183593153953552
vt -0.3486274480819702 0.8398437201976776
vt -0.34765636920928955 0.8398437052965164
vt -0.3495612144470215 0.8398437052965164
vt -0.3486274480819702 0.8398437201976776
vt -0.34862756729125977 0.8183593153953552
vt -0.34956133365631104 0.818359375
vt -0.34765636920928955 0.8183593451976776
vt -0.34765636920928955 0.8398437052965164
vt -0.3495612144470215 0.8398437052965164
vt -0.34956133365631104 0.818359375
vt 0.459597110748291 1.477902889251709
vt 0.46637123823165894 1.4880411624908447
vt 0.46875 1.5
vt 0.4494588375091553 1.471128761768341
vt 0.4375 1.46875
vt 0.4375 1.53125
vt 0.4494588375091553 1.528871238231659
vt 0.459597110748291 1.522097110748291
vt 0.46637123823165894 1.5119588375091553
vt 0.46637123823165894 1.5119588375091553
vt 0.46875 1.5
vt 0.46637123823165894 1.4880411624908447
vt 0.459597110748291 1.522097110748291
vt 0.4494588375091553 1.528871238231659
vt 0.4375 1.53125
vt 0.4375 1.46875
vt 0.4494588375091553 1.471128761768341
vt 0.459597110748291 1.477902889251709
vt 0.5119588375091553 -0.8671875
vt 0.5 -0.8671875
vt 0.5 1.75
vt 0.5119588375091553 1.75
vt 0.522097110748291 -0.8671875
vt 0.5119588375091553 -0.8671875
vt 0.5119588375091553 1.75
vt 0.522097110748291 1.75
vt 0.4494588375091553 -0.8671875
vt 0.459597110748291 -0.8671875
vt 0.459597110748291 1.75
vt 0.4494588375091553 1.75
vt 0.4375 -0.8671875
vt 0.4494588375091553 -0.8671875
vt 0.4494588375091553 1.75
vt 0.4375 1.75
vt 0.4494588375091553 -0.8671875
vt 0.4375 -0.8671875
vt 0.4375 1.75
vt 0.4494588375091553 1.75
vt 0.459597110748291 -0.8671875
vt 0.4494588375091553 -0.8671875
vt 0.4494588375091553 1.75
vt 0.459597110748291 1.75
vt 0.4880411624908447 -0.8671875
vt 0.477902889251709 -0.8671875
vt 0.477902889251709 1.75
vt 0.4880411624908447 1.75
vt 0.5 -0.8671875
vt 0.4880411624908447 -0.8671875
vt 0.4880411624908447 1.75
vt 0.5 1.75
vt 0.53125 -0.8671875
vt 0.53125 1.75
vt 0.46875 1.75
vt 0.46875 -0.8671875
vt -0.459597110748291 1.522097110748291
vt -0.46637123823165894 1.5119588375091553
vt -0.46875 1.5
vt -0.4494588375091553 1.528871238231659
vt -0.4375 1.53125
vt -0.4375 1.46875
vt -0.4494588375091553 1.471128761768341
vt -0.459597110748291 1.477902889251709
vt -0.46637123823165894 1.4880411624908447
vt -0.46637123823165894 1.4880411624908447
vt -0.46875 1.5
vt -0.46637123823165894 1.5119588375091553
vt -0.459597110748291 1.477902889251709
vt -0.4494588375091553 1.471128761768341
vt -0.4375 1.46875
vt -0.4375 1.53125
vt -0.4494588375091553 1.528871238231659
vt -0.459597110748291 1.522097110748291
vt 0.4880411624908447 -0.875
vt 0.5 -0.875
vt 0.5 1.75
vt 0.4880411624908447 1.75
vt 0.477902889251709 -0.875
vt 0.4880411624908447 -0.875
vt 0.4880411624908447 1.75
vt 0.477902889251709 1.75
vt -0.4494588375091553 -0.875
vt -0.459597110748291 -0.875
vt -0.459597110748291 1.75
vt -0.4494588375091553 1.75
vt -0.4375 -0.875
vt -0.4494588375091553 -0.875
vt -0.4494588375091553 1.75
vt -0.4375 1.75
vt -0.4494588375091553 -0.875
vt -0.4375 -0.875
vt -0.4375 1.75
vt -0.4494588375091553 1.75
vt -0.459597110748291 -0.875
vt -0.4494588375091553 -0.875
vt -0.4494588375091553 1.75
vt -0.459597110748291 1.75
vt 0.5119588375091553 -0.875
vt 0.522097110748291 -0.875
vt 0.522097110748291 1.75
vt 0.5119588375091553 1.75
vt 0.5 -0.875
vt 0.5119588375091553 -0.875
vt 0.5119588375091553 1.75
vt 0.5 1.75
vt 0.46875 -0.875
vt 0.46875 1.75
vt 0.53125 1.75
vt 0.53125 -0.875
vt -0.4901965856552124 1.25
vt -0.4901965856552124 1.0
vt -0.5012451410293579 1.0
vt -0.5012451410293579 1.25
vt -1.197303295135498 1.0
vt -1.197303295135498 1.25
vt -1.1862547397613525 1.25
vt -1.1862547397613525 1.0
vt -0.4791480600833893 -0.19730329513549805
vt -0.4901965856552124 -0.18625473976135254
vt -0.5012451410293579 -0.19730329513549805
vt -0.4901965856552124 -0.20835185050964355
vt -0.4901965856552124 -0.18625473976135254
vt -0.4791480600833893 -0.19730329513549805
vt -0.4901965856552124 -0.20835185050964355
vt -0.5012451410293579 -0.19730329513549805
vt -0.4901965856552124 1.25
vt -0.5012451410293579 1.25
vt -0.5012451410293579 1.0
vt -0.4901965856552124 1.0
vt -1.2083518505096436 1.25
vt -1.197303295135498 1.25
vt -1.197303295135498 1.0
vt -1.2083518505096436 1.0
vt -0.4018082618713379 1.25
vt -0.4018082618713379 1.0
vt -0.4128568172454834 1.0
vt -0.4128568172454834 1.25
vt -0.3907597064971924 1.0
vt -0.3907597064971924 1.25
vt -0.4018082618713379 1.25
vt -0.4018082618713379 1.0
vt -0.3907597064971924 -0.2856917381286621
vt -0.4018082618713379 -0.2746431827545166
vt -0.4128568172454834 -0.2856917381286621
vt -0.4018082618713379 -0.2967402935028076
vt -0.4018082618713379 -0.2746431827545166
vt -0.3907597064971924 -0.2856917381286621
vt -0.4018082618713379 -0.2967402935028076
vt -0.4128568172454834 -0.2856917381286621
vt -0.4018082618713379 1.25
vt -0.4128568172454834 1.25
vt -0.4128568172454834 1.0
vt -0.4018082618713379 1.0
vt -0.4018082618713379 1.25
vt -0.3907597064971924 1.25
vt -0.3907597064971924 1.0
vt -0.4018082618713379 1.0
vt -0.3134199380874634 1.25
vt -0.3134199380874634 1.0
vt -0.3244684934616089 1.0
vt -0.3244684934616089 1.25
vt -0.30237138271331787 1.0
vt -0.30237138271331787 1.25
vt -0.3134199380874634 1.25
vt -0.3134199380874634 1.0
vt -0.30237138271331787 -0.3740800619125366
vt -0.3134199380874634 -0.3630315065383911
vt -0.3244684934616089 -0.3740800619125366
vt -0.3134199380874634 -0.38512861728668213
vt -0.3134199380874634 -0.3630315065383911
vt -0.30237138271331787 -0.3740800619125366
vt -0.3134199380874634 -0.38512861728668213
vt -0.3244684934616089 -0.3740800619125366
vt -0.3134199380874634 1.25
vt -0.3244684934616089 1.25
vt -0.3244684934616089 1.0
vt -0.3134199380874634 1.0
vt -0.3134199380874634 1.25
vt -0.30237138271331787 1.25
vt -0.30237138271331787 1.0
vt -0.3134199380874634 1.0
vt -1.4735169410705566 1.25
vt -1.4735169410705566 1.0
vt -1.4624683856964111 1.0
vt -1.4624683856964111 1.25
vt -1.4624683856964111 1.0
vt -1.4624683856964111 1.25
vt -1.4514198303222656 1.25
vt -1.4514198303222656 1.0
vt -0.21398307383060455 -0.46246838569641113
vt -0.22503161430358887 -0.4514198303222656
vt -0.23608015477657318 -0.46246838569641113
vt -0.22503161430358887 -0.47351694107055664
vt -0.22503161430358887 -0.4514198303222656
vt -0.21398307383060455 -0.46246838569641113
vt -0.22503161430358887 -0.47351694107055664
vt -0.23608015477657318 -0.46246838569641113
vt -1.4514198303222656 1.25
vt -1.4624683856964111 1.25
vt -1.4624683856964111 1.0
vt -1.4514198303222656 1.0
vt -1.4735169410705566 1.25
vt -1.4624683856964111 1.25
vt -1.4624683856964111 1.0
vt -1.4735169410705566 1.0
vt -0.9321383237838745 1.25
vt -0.9321383237838745 1.0
vt -0.94318687915802 1.0
vt -0.94318687915802 1.25
vt -0.921089768409729 1.0
vt -0.921089768409729 1.25
vt -0.9321383237838745 1.25
vt -0.9321383237838745 1.0
vt -0.921089768409729 0.24463844299316406
vt -0.9321383237838745 0.25568699836730957
vt -0.94318687915802 0.24463844299316406
vt -0.9321383237838745 0.23358988761901855
vt -0.9321383237838745 0.25568699836730957
vt -0.921089768409729 0.24463844299316406
vt -0.9321383237838745 0.23358988761901855
vt -0.94318687915802 0.24463844299316406
vt -0.9321383237838745 1.25
vt -0.94318687915802 1.25
vt -0.94318687915802 1.0
vt -0.9321383237838745 1.0
vt -0.9321383237838745 1.25
vt -0.921089768409729 1.25
vt -0.921089768409729 1.0
vt -0.9321383237838745 1.0
vt -0.8437499403953552 1.25
vt -0.8437499403953552 1.0
vt -0.8547984957695007 1.0
vt -0.8547984957695007 1.25
vt -0.8327013850212097 1.0
vt -0.8327013850212097 1.25
vt -0.8437499403953552 1.25
vt -0.8437499403953552 1.0
vt -0.8327013850212097 0.15625005960464478
vt -0.8437499403953552 0.16729861497879028
vt -0.8547984957695007 0.15625005960464478
vt -0.8437499403953552 0.14520150423049927
vt -0.8437499403953552 0.16729861497879028
vt -0.8327013850212097 0.15625005960464478
vt -0.8437499403953552 0.14520150423049927
vt -0.8547984957695007 0.15625005960464478
vt -0.8437499403953552 1.25
vt -0.8547984957695007 1.25
vt -0.8547984957695007 1.0
vt -0.8437499403953552 1.0
vt -0.8437499403953552 1.25
vt -0.8327013850212097 1.25
vt -0.8327013850212097 1.0
vt -0.8437499403953552 1.0
vt -0.7553615570068359 1.25
vt -0.7553615570068359 1.0
vt -0.7664101123809814 1.0
vt -0.7664101123809814 1.25
vt -0.7443130016326904 1.0
vt -0.7443130016326904 1.25
vt -0.7553615570068359 1.25
vt -0.7553615570068359 1.0
vt -0.7443130016326904 0.06786173582077026
vt -0.7553615570068359 0.07891029119491577
vt -0.7664101123809814 0.06786173582077026
vt -0.7553615570068359 0.056813180446624756
vt -0.7553615570068359 0.07891029119491577
vt -0.7443130016326904 0.06786173582077026
vt -0.7553615570068359 0.056813180446624756
vt -0.7664101123809814 0.06786173582077026
vt -0.7553615570068359 1.25
vt -0.7664101123809814 1.25
vt -0.7664101123809814 1.0
vt -0.7553615570068359 1.0
vt -0.7553615570068359 1.25
vt -0.7443130016326904 1.25
vt -0.7443130016326904 1.0
vt -0.7553615570068359 1.0
vt -0.6669732928276062 1.25
vt -0.6669732928276062 1.0
vt -0.6780218482017517 1.0
vt -0.6780218482017517 1.25
vt -0.6559247374534607 1.0
vt -0.6559247374534607 1.25
vt -0.6669732928276062 1.25
vt -0.6669732928276062 1.0
vt -0.6559247374534607 -0.020526647567749023
vt -0.6669732928276062 -0.009478092193603516
vt -0.6780218482017517 -0.020526647567749023
vt -0.6669732928276062 -0.03157520294189453
vt -0.6669732928276062 -0.009478092193603516
vt -0.6559247374534607 -0.020526647567749023
vt -0.6669732928276062 -0.03157520294189453
vt -0.6780218482017517 -0.020526647567749023
vt -0.6669732928276062 1.25
vt -0.6780218482017517 1.25
vt -0.6780218482017517 1.0
vt -0.6669732928276062 1.0
vt -0.6669732928276062 1.25
vt -0.6559247374534607 1.25
vt -0.6559247374534607 1.0
vt -0.6669732928276062 1.0
vt -0.5785848498344421 1.25
vt -0.5785848498344421 1.0
vt -0.5896334052085876 1.0
vt -0.5896334052085876 1.25
vt -0.5675362944602966 1.0
vt -0.5675362944602966 1.25
vt -0.5785848498344421 1.25
vt -0.5785848498344421 1.0
vt -0.5675362944602966 -0.10891497135162354
vt -0.5785848498344421 -0.09786641597747803
vt -0.5896334052085876 -0.10891497135162354
vt -0.5785848498344421 -0.11996352672576904
vt -0.5785848498344421 -0.09786641597747803
vt -0.5675362944602966 -0.10891497135162354
vt -0.5785848498344421 -0.11996352672576904
vt -0.5896334052085876 -0.10891497135162354
vt -0.5785848498344421 1.25
vt -0.5896334052085876 1.25
vt -0.5896334052085876 1.0
vt -0.5785848498344421 1.0
vt -0.5785848498344421 1.25
vt -0.5675362944602966 1.25
vt -0.5675362944602966 1.0
vt -0.5785848498344421 1.0
vt -1.197303295135498 1.25
vt -1.197303295135498 1.0
vt -1.2083518505096436 1.0
vt -1.2083518505096436 1.25
vt -0.4901965856552124 1.0
vt -0.4901965856552124 1.25
vt -0.5012451410293579 1.25
vt -0.5012451410293579 1.0
vt -0.4901965856552124 -0.18625473976135254
vt -0.5012451410293579 -0.19730329513549805
vt -0.4901965856552124 -0.20835185050964355
vt -0.4791480600833893 -0.19730329513549805
vt -0.5012451410293579 -0.19730329513549805
vt -0.4901965856552124 -0.18625473976135254
vt -0.4791480600833893 -0.19730329513549805
vt -0.4901965856552124 -0.20835185050964355
vt -0.5012451410293579 1.25
vt -0.4901965856552124 1.25
vt -0.4901965856552124 1.0
vt -0.5012451410293579 1.0
vt -1.197303295135498 1.25
vt -1.1862547397613525 1.25
vt -1.1862547397613525 1.0
vt -1.197303295135498 1.0
vt -1.4624683856964111 1.25
vt -1.4624683856964111 1.0
vt -1.4735169410705566 1.0
vt -1.4735169410705566 1.25
vt -1.4514198303222656 1.0
vt -1.4514198303222656 1.25
vt -1.4624683856964111 1.25
vt -1.4624683856964111 1.0
vt -1.4514198303222656 0.7749686241149902
vt -1.4624683856964111 0.7860171794891357
vt -1.4735169410705566 0.7749686241149902
vt -1.4624683856964111 0.7639200687408447
vt -1.4624683856964111 0.7860171794891357
vt -1.4514198303222656 0.7749686241149902
vt -1.4624683856964111 0.7639200687408447
vt -1.4735169410705566 0.7749686241149902
vt -1.4624683856964111 1.25
vt -1.4735169410705566 1.25
vt -1.4735169410705566 1.0
vt -1.4624683856964111 1.0
vt -1.4624683856964111 1.25
vt -1.4514198303222656 1.25
vt -1.4514198303222656 1.0
vt -1.4624683856964111 1.0
vt -1.374079942703247 1.25
vt -1.374079942703247 1.0
vt -1.3851284980773926 1.0
vt -1.3851284980773926 1.25
vt -1.3630313873291016 1.0
vt -1.3630313873291016 1.25
vt -1.374079942703247 1.25
vt -1.374079942703247 1.0
vt -1.3630313873291016 0.6865801811218262
vt -1.374079942703247 0.6976287364959717
vt -1.3851284980773926 0.6865801811218262
vt -1.374079942703247 0.6755316257476807
vt -1.374079942703247 0.6976287364959717
vt -1.3630313873291016 0.6865801811218262
vt -1.374079942703247 0.6755316257476807
vt -1.3851284980773926 0.6865801811218262
vt -1.374079942703247 1.25
vt -1.3851284980773926 1.25
vt -1.3851284980773926 1.0
vt -1.374079942703247 1.0
vt -1.374079942703247 1.25
vt -1.3630313873291016 1.25
vt -1.3630313873291016 1.0
vt -1.374079942703247 1.0
vt -1.2856916189193726 1.25
vt -1.2856916189193726 1.0
vt -1.296740174293518 1.0
vt -1.296740174293518 1.25
vt -1.274643063545227 1.0
vt -1.274643063545227 1.25
vt -1.2856916189193726 1.25
vt -1.2856916189193726 1.0
vt -1.274643063545227 0.5981918573379517
vt -1.2856916189193726 0.6092404127120972
vt -1.296740174293518 0.5981918573379517
vt -1.2856916189193726 0.5871433019638062
vt -1.2856916189193726 0.6092404127120972
vt -1.274643063545227 0.5981918573379517
vt -1.2856916189193726 0.5871433019638062
vt -1.296740174293518 0.5981918573379517
vt -1.2856916189193726 1.25
vt -1.296740174293518 1.25
vt -1.296740174293518 1.0
vt -1.2856916189193726 1.0
vt -1.2856916189193726 1.25
vt -1.274643063545227 1.25
vt -1.274643063545227 1.0
vt -1.2856916189193726 1.0
vt -1.197303295135498 1.25
vt -1.197303295135498 1.0
vt -1.2083518505096436 1.0
vt -1.2083518505096436 1.25
vt -1.1862547397613525 1.0
vt -1.1862547397613525 1.25
vt -1.197303295135498 1.25
vt -1.197303295135498 1.0
vt -1.1862547397613525 0.5098035335540771
vt -1.197303295135498 0.5208520889282227
vt -1.2083518505096436 0.5098035335540771
vt -1.197303295135498 0.49875497817993164
vt -1.197303295135498 0.5208520889282227
vt -1.1862547397613525 0.5098035335540771
vt -1.197303295135498 0.49875497817993164
vt -1.2083518505096436 0.5098035335540771
vt -1.197303295135498 1.25
vt -1.2083518505096436 1.25
vt -1.2083518505096436 1.0
vt -1.197303295135498 1.0
vt -1.197303295135498 1.25
vt -1.1862547397613525 1.25
vt -1.1862547397613525 1.0
vt -1.197303295135498 1.0
vt -1.1089149713516235 1.25
vt -1.1089149713516235 1.0
vt -1.119963526725769 1.0
vt -1.119963526725769 1.25
vt -1.097866415977478 1.0
vt -1.097866415977478 1.25
vt -1.1089149713516235 1.25
vt -1.1089149713516235 1.0
vt -1.097866415977478 0.42141515016555786
vt -1.1089149713516235 0.43246370553970337
vt -1.119963526725769 0.42141515016555786
vt -1.1089149713516235 0.41036659479141235
vt -1.1089149713516235 0.43246370553970337
vt -1.097866415977478 0.42141515016555786
vt -1.1089149713516235 0.41036659479141235
vt -1.119963526725769 0.42141515016555786
vt -1.1089149713516235 1.25
vt -1.119963526725769 1.25
vt -1.119963526725769 1.0
vt -1.1089149713516235 1.0
vt -1.1089149713516235 1.25
vt -1.097866415977478 1.25
vt -1.097866415977478 1.0
vt -1.1089149713516235 1.0
vt -1.0094780921936035 1.25
vt -1.0094780921936035 1.0
vt -1.020526647567749 1.0
vt -1.020526647567749 1.25
vt -1.020526647567749 1.0
vt -1.020526647567749 1.25
vt -1.0315752029418945 1.25
vt -1.0315752029418945 1.0
vt -1.020526647567749 0.3440753221511841
vt -1.0315752029418945 0.3330267667770386
vt -1.020526647567749 0.32197821140289307
vt -1.0094780921936035 0.3330267667770386
vt -1.0315752029418945 0.3330267667770386
vt -1.020526647567749 0.3440753221511841
vt -1.0094780921936035 0.3330267667770386
vt -1.020526647567749 0.32197821140289307
vt -1.0315752029418945 1.25
vt -1.020526647567749 1.25
vt -1.020526647567749 1.0
vt -1.0315752029418945 1.0
vt -1.0094780921936035 1.25
vt -1.020526647567749 1.25
vt -1.020526647567749 1.0
vt -1.0094780921936035 1.0
vt 2.34375 0.96875
vt 2.34375 1.0
vt 0.84375 1.0
vt 0.84375 0.96875
vt 2.34375 1.0
vt 2.34375 0.96875
vt 0.84375 0.96875
vt 0.84375 1.0
vt 2.9921875 -2.65625
vt 2.9921875 -1.15625
vt 2.9609375 -1.15625
vt 2.9609375 -2.65625
vt 2.9921875 -1.15625
vt 2.9921875 -2.65625
vt 2.9609375 -2.65625
vt 2.9609375 -1.15625
vt -1.5390625 1.0
vt -1.5078125 1.0
vt -1.5078125 0.96875
vt -1.5390625 0.96875
vt -1.5078125 1.0
vt -1.5390625 1.0
vt -1.5390625 0.96875
vt -1.5078125 0.96875
vt -0.2109375 1.0078125
vt -0.2109375 0.9765625
vt -1.5 0.9765625
vt -1.5 1.0078125
vt -0.2109375 0.9765625
vt -0.2109375 1.0078125
vt -1.4557154178619385 1.0078125
vt -1.4557154178619385 0.9765625
vt -0.2109375 -0.5
vt -0.2109375 -0.453125
vt -1.4557154178619385 0.7890625
vt -1.5 0.7890625
vt -1.4557154178619385 0.7890625
vt -0.2109375 -0.453125
vt -0.2109375 -0.5
vt -1.5 0.7890625
vt -1.453125 1.0078125
vt -1.453125 0.9765625
vt -1.5 0.9765625
vt -1.5 1.0078125
vt -1.4557154178619385 0.9765625
vt -1.4557154178619385 1.0078125
vt -1.5 1.0078125
vt -1.5 0.9765625
vt 1.9374998807907104 1.0078124990686774
vt 1.9374998807907104 0.9765625
vt -1.9375 0.9765625
vt -1.9375 1.0078124990686774
vt 1.9374998807907104 0.9765625
vt 1.9374998807907104 1.0078124990686774
vt -1.9375 1.0078124990686774
vt -1.9375 0.9765625
vt 1.9374998807907104 0.8203125
vt -1.9375 0.8203125
vt -1.9375 0.7890625
vt 1.9374998807907104 0.7890625
vt -1.9375 0.8203125
vt 1.9374998807907104 0.8203125
vt 1.9374998807907104 0.7890625
vt -1.9375 0.7890625
vt -0.1796875 1.0078124990686774
vt -0.2109375 1.0078124990686774
vt -0.2109375 0.9765625
vt -0.1796875 0.9765625
vt -0.2109375 1.0078124990686774
vt -0.1796875 1.0078124990686774
vt -0.1796875 0.9765625
vt -0.2109375 0.9765625
vt 1.9374998807907104 1.0078124990686774
vt 1.9374998807907104 0.9765625
vt -1.9375 0.9765625
vt -1.9375 1.0078124990686774
vt 1.9374998807907104 0.9765625
vt 1.9374998807907104 1.0078124990686774
vt -1.9375 1.0078124990686774
vt -1.9375 0.9765625
vt 1.9374998807907104 1.2109375
vt -1.9375 1.2109375
vt -1.9375 1.1796875
vt 1.9374998807907104 1.1796875
vt -1.9375 1.2109375
vt 1.9374998807907104 1.2109375
vt 1.9374998807907104 1.1796875
vt -1.9375 1.1796875
vt 0.2109375 1.0078124990686774
vt 0.1796875 1.0078124990686774
vt 0.1796875 0.9765625
vt 0.2109375 0.9765625
vt 0.1796875 1.0078124990686774
vt 0.2109375 1.0078124990686774
vt 0.2109375 0.9765625
vt 0.1796875 0.9765625
vt 1.8125 1.0
vt 1.8125 1.25
vt 1.828125 1.25
vt 1.828125 1.0
vt 1.8125 1.25
vt 1.8125 1.0
vt 1.828125 1.0
vt 1.828125 1.25
vt 1.828125 1.203125
vt 1.8125 1.203125
vt 1.8125 1.1875
vt 1.828125 1.1875
vt 1.8125 1.203125
vt 1.828125 1.203125
vt 1.828125 1.1875
vt 1.8125 1.1875
vt 0.1875 1.25
vt 0.203125 1.25
vt 0.203125 1.0
vt 0.1875 1.0
vt 0.203125 1.25
vt 0.1875 1.25
vt 0.1875 1.0
vt 0.203125 1.0
vt 1.6875 1.0
vt 1.6875 1.25
vt 1.703125 1.25
vt 1.703125 1.0
vt 1.6875 1.25
vt 1.6875 1.0
vt 1.703125 1.0
vt 1.703125 1.25
vt 1.703125 1.203125
vt 1.6875 1.203125
vt 1.6875 1.1875
vt 1.703125 1.1875
vt 1.6875 1.203125
vt 1.703125 1.203125
vt 1.703125 1.1875
vt 1.6875 1.1875
vt 0.1875 1.25
vt 0.203125 1.25
vt 0.203125 1.0
vt 0.1875 1.0
vt 0.203125 1.25
vt 0.1875 1.25
vt 0.1875 1.0
vt 0.203125 1.0
vt 1.5625 1.0
vt 1.5625 1.25
vt 1.578125 1.25
vt 1.578125 1.0
vt 1.5625 1.25
vt 1.5625 1.0
vt 1.578125 1.0
vt 1.578125 1.25
vt 1.578125 1.203125
vt 1.5625 1.203125
vt 1.5625 1.1875
vt 1.578125 1.1875
vt 1.5625 1.203125
vt 1.578125 1.203125
vt 1.578125 1.1875
vt 1.5625 1.1875
vt 0.1875 1.25
vt 0.203125 1.25
vt 0.203125 1.0
vt 0.1875 1.0
vt 0.203125 1.25
vt 0.1875 1.25
vt 0.1875 1.0
vt 0.203125 1.0
vt 1.4375 1.0
vt 1.4375 1.25
vt 1.453125 1.25
vt 1.453125 1.0
vt 1.4375 1.25
vt 1.4375 1.0
vt 1.453125 1.0
vt 1.453125 1.25
vt 1.453125 1.203125
vt 1.4375 1.203125
vt 1.4375 1.1875
vt 1.453125 1.1875
vt 1.4375 1.203125
vt 1.453125 1.203125
vt 1.453125 1.1875
vt 1.4375 1.1875
vt 0.1875 1.25
vt 0.203125 1.25
vt 0.203125 1.0
vt 0.1875 1.0
vt 0.203125 1.25
vt 0.1875 1.25
vt 0.1875 1.0
vt 0.203125 1.0
vt 1.3125 1.0
vt 1.3125 1.25
vt 1.328125 1.25
vt 1.328125 1.0
vt 1.3125 1.25
vt 1.3125 1.0
vt 1.328125 1.0
vt 1.328125 1.25
vt 1.328125 1.203125
vt 1.3125 1.203125
vt 1.3125 1.1875
vt 1.328125 1.1875
vt 1.3125 1.203125
vt 1.328125 1.203125
vt 1.328125 1.1875
vt 1.3125 1.1875
vt 0.1875 1.25
vt 0.203125 1.25
vt 0.203125 1.0
vt 0.1875 1.0
vt 0.203125 1.25
vt 0.1875 1.25
vt 0.1875 1.0
vt 0.203125 1.0
vt 1.1875 1.0
vt 1.1875 1.25
vt 1.203125 1.25
vt 1.203125 1.0
vt 1.1875 1.25
vt 1.1875 1.0
vt 1.203125 1.0
vt 1.203125 1.25
vt 1.203125 1.203125
vt 1.1875 1.203125
vt 1.1875 1.1875
vt 1.203125 1.1875
vt 1.1875 1.203125
vt 1.203125 1.203125
vt 1.203125 1.1875
vt 1.1875 1.1875
vt 0.1875 1.25
vt 0.203125 1.25
vt 0.203125 1.0
vt 0.1875 1.0
vt 0.203125 1.25
vt 0.1875 1.25
vt 0.1875 1.0
vt 0.203125 1.0
vt 1.0625 1.0
vt 1.0625 1.25
vt 1.078125 1.25
vt 1.078125 1.0
vt 1.0625 1.25
vt 1.0625 1.0
vt 1.078125 1.0
vt 1.078125 1.25
vt 1.078125 1.203125
vt 1.0625 1.203125
vt 1.0625 1.1875
vt 1.078125 1.1875
vt 1.0625 1.203125
vt 1.078125 1.203125
vt 1.078125 1.1875
vt 1.0625 1.1875
vt 0.1875 1.25
vt 0.203125 1.25
vt 0.203125 1.0
vt 0.1875 1.0
vt 0.203125 1.25
vt 0.1875 1.25
vt 0.1875 1.0
vt 0.203125 1.0
vt 0.9375 1.0
vt 0.9375 1.25
vt 0.953125 1.25
vt 0.953125 1.0
vt 0.9375 1.25
vt 0.9375 1.0
vt 0.953125 1.0
vt 0.953125 1.25
vt 0.953125 1.203125
vt 0.9375 1.203125
vt 0.9375 1.1875
vt 0.953125 1.1875
vt 0.9375 1.203125
vt 0.953125 1.203125
vt 0.953125 1.1875
vt 0.9375 1.1875
vt 0.1875 1.25
vt 0.203125 1.25
vt 0.203125 1.0
vt 0.1875 1.0
vt 0.203125 1.25
vt 0.1875 1.25
vt 0.1875 1.0
vt 0.203125 1.0
vt 0.8125 1.0
vt 0.8125 1.25
vt 0.828125 1.25
vt 0.828125 1.0
vt 0.8125 1.25
vt 0.8125 1.0
vt 0.828125 1.0
vt 0.828125 1.25
vt 0.828125 1.203125
vt 0.8125 1.203125
vt 0.8125 1.1875
vt 0.828125 1.1875
vt 0.8125 1.203125
vt 0.828125 1.203125
vt 0.828125 1.1875
vt 0.8125 1.1875
vt 0.1875 1.25
vt 0.203125 1.25
vt 0.203125 1.0
vt 0.1875 1.0
vt 0.203125 1.25
vt 0.1875 1.25
vt 0.1875 1.0
vt 0.203125 1.0
vt 0.6875 1.0
vt 0.6875 1.25
vt 0.703125 1.25
vt 0.703125 1.0
vt 0.6875 1.25
vt 0.6875 1.0
vt 0.703125 1.0
vt 0.703125 1.25
vt 0.703125 1.203125
vt 0.6875 1.203125
vt 0.6875 1.1875
vt 0.703125 1.1875
vt 0.6875 1.203125
vt 0.703125 1.203125
vt 0.703125 1.1875
vt 0.6875 1.1875
vt 0.1875 1.25
vt 0.203125 1.25
vt 0.203125 1.0
vt 0.1875 1.0
vt 0.203125 1.25
vt 0.1875 1.25
vt 0.1875 1.0
vt 0.203125 1.0
vt 0.5625 1.0
vt 0.5625 1.25
vt 0.578125 1.25
vt 0.578125 1.0
vt 0.5625 1.25
vt 0.5625 1.0
vt 0.578125 1.0
vt 0.578125 1.25
vt 0.578125 1.203125
vt 0.5625 1.203125
vt 0.5625 1.1875
vt 0.578125 1.1875
vt 0.5625 1.203125
vt 0.578125 1.203125
vt 0.578125 1.1875
vt 0.5625 1.1875
vt 0.1875 1.25
vt 0.203125 1.25
vt 0.203125 1.0
vt 0.1875 1.0
vt 0.203125 1.25
vt 0.1875 1.25
vt 0.1875 1.0
vt 0.203125 1.0
vt 1.8125 1.0
vt 1.8125 1.25
vt 1.828125 1.25
vt 1.828125 1.0
vt 1.8125 1.25
vt 1.8125 1.0
vt 1.828125 1.0
vt 1.828125 1.25
vt 1.828125 0.8125
vt 1.8125 0.8125
vt 1.8125 0.796875
vt 1.828125 0.796875
vt 1.8125 0.8125
vt 1.828125 0.8125
vt 1.828125 0.796875
vt 1.8125 0.796875
vt -0.203125 1.25
vt -0.1875 1.25
vt -0.1875 1.0
vt -0.203125 1.0
vt -0.1875 1.25
vt -0.203125 1.25
vt -0.203125 1.0
vt -0.1875 1.0
vt 1.6875 1.0
vt 1.6875 1.25
vt 1.703125 1.25
vt 1.703125 1.0
vt 1.6875 1.25
vt 1.6875 1.0
vt 1.703125 1.0
vt 1.703125 1.25
vt 1.703125 0.8125
vt 1.6875 0.8125
vt 1.6875 0.796875
vt 1.703125 0.796875
vt 1.6875 0.8125
vt 1.703125 0.8125
vt 1.703125 0.796875
vt 1.6875 0.796875
vt -0.203125 1.25
vt -0.1875 1.25
vt -0.1875 1.0
vt -0.203125 1.0
vt -0.1875 1.25
vt -0.203125 1.25
vt -0.203125 1.0
vt -0.1875 1.0
vt 1.5625 1.0
vt 1.5625 1.25
vt 1.578125 1.25
vt 1.578125 1.0
vt 1.5625 1.25
vt 1.5625 1.0
vt 1.578125 1.0
vt 1.578125 1.25
vt 1.578125 0.8125
vt 1.5625 0.8125
vt 1.5625 0.796875
vt 1.578125 0.796875
vt 1.5625 0.8125
vt 1.578125 0.8125
vt 1.578125 0.796875
vt 1.5625 0.796875
vt -0.203125 1.25
vt -0.1875 1.25
vt -0.1875 1.0
vt -0.203125 1.0
vt -0.1875 1.25
vt -0.203125 1.25
vt -0.203125 1.0
vt -0.1875 1.0
vt -1.921875 1.0
vt -1.921875 1.25
vt -1.9375 1.25
vt -1.9375 1.0
vt -1.921875 1.25
vt -1.921875 1.0
vt -1.9375 1.0
vt -1.9375 1.25
vt 0.203125 -0.9375
vt 0.203125 -0.921875
vt 0.1875 -0.921875
vt 0.1875 -0.9375
vt 0.203125 -0.921875
vt 0.203125 -0.9375
vt 0.1875 -0.9375
vt 0.1875 -0.921875
vt 0.1875 1.25
vt 0.203125 1.25
vt 0.203125 1.0
vt 0.1875 1.0
vt 0.203125 1.25
vt 0.1875 1.25
vt 0.1875 1.0
vt 0.203125 1.0
vt -1.796875 1.0
vt -1.796875 1.25
vt -1.8125 1.25
vt -1.8125 1.0
vt -1.796875 1.25
vt -1.796875 1.0
vt -1.8125 1.0
vt -1.8125 1.25
vt 0.203125 -0.8125
vt 0.203125 -0.796875
vt 0.1875 -0.796875
vt 0.1875 -0.8125
vt 0.203125 -0.796875
vt 0.203125 -0.8125
vt 0.1875 -0.8125
vt 0.1875 -0.796875
vt 0.1875 1.25
vt 0.203125 1.25
vt 0.203125 1.0
vt 0.1875 1.0
vt 0.203125 1.25
vt 0.1875 1.25
vt 0.1875 1.0
vt 0.203125 1.0
vt -1.671875 1.0
vt -1.671875 1.25
vt -1.6875 1.25
vt -1.6875 1.0
vt -1.671875 1.25
vt -1.671875 1.0
vt -1.6875 1.0
vt -1.6875 1.25
vt 0.203125 -0.6875
vt 0.203125 -0.671875
vt 0.1875 -0.671875
vt 0.1875 -0.6875
vt 0.203125 -0.671875
vt 0.203125 -0.6875
vt 0.1875 -0.6875
vt 0.1875 -0.671875
vt 0.1875 1.25
vt 0.203125 1.25
vt 0.203125 1.0
vt 0.1875 1.0
vt 0.203125 1.25
vt 0.1875 1.25
vt 0.1875 1.0
vt 0.203125 1.0
vt -1.546875 1.0
vt -1.546875 1.25
vt -1.5625 1.25
vt -1.5625 1.0
vt -1.546875 1.25
vt -1.546875 1.0
vt -1.5625 1.0
vt -1.5625 1.25
vt 0.203125 -0.5625
vt 0.203125 -0.546875
vt 0.1875 -0.546875
vt 0.1875 -0.5625
vt 0.203125 -0.546875
vt 0.203125 -0.5625
vt 0.1875 -0.5625
vt 0.1875 -0.546875
vt 0.1875 1.25
vt 0.203125 1.25
vt 0.203125 1.0
vt 0.1875 1.0
vt 0.203125 1.25
vt 0.1875 1.25
vt 0.1875 1.0
vt 0.203125 1.0
vt 0.4901965856552124 1.0
vt 0.4901965856552124 1.25
vt 0.5012451410293579 1.25
vt 0.5012451410293579 1.0
vt 0.4791480302810669 1.25
vt 0.4791480302810669 1.0
vt 0.4901965856552124 1.0
vt 0.4901965856552124 1.25
vt 0.4901965856552124 -0.18625473976135254
vt 0.4791480302810669 -0.19730329513549805
vt 0.4901965856552124 -0.20835185050964355
vt 0.5012451410293579 -0.19730329513549805
vt 0.4791480302810669 -0.19730329513549805
vt 0.4901965856552124 -0.18625473976135254
vt 0.5012451410293579 -0.19730329513549805
vt 0.4901965856552124 -0.20835185050964355
vt 0.5012451410293579 1.25
vt 0.4901965856552124 1.25
vt 0.4901965856552124 1.0
vt 0.5012451410293579 1.0
vt 0.4791480302810669 1.25
vt 0.4901965856552124 1.25
vt 0.4901965856552124 1.0
vt 0.4791480302810669 1.0
vt 0.4018082618713379 1.0
vt 0.4018082618713379 1.25
vt 0.4128568172454834 1.25
vt 0.4128568172454834 1.0
vt 0.3907597064971924 1.25
vt 0.3907597064971924 1.0
vt 0.4018082618713379 1.0
vt 0.4018082618713379 1.25
vt 0.4018082618713379 -0.2746431827545166
vt 0.3907597064971924 -0.2856917381286621
vt 0.4018082618713379 -0.2967402935028076
vt 0.4128568172454834 -0.2856917381286621
vt 0.3907597064971924 -0.2856917381286621
vt 0.4018082618713379 -0.2746431827545166
vt 0.4128568172454834 -0.2856917381286621
vt 0.4018082618713379 -0.2967402935028076
vt 0.4128568172454834 1.25
vt 0.4018082618713379 1.25
vt 0.4018082618713379 1.0
vt 0.4128568172454834 1.0
vt 0.3907597064971924 1.25
vt 0.4018082618713379 1.25
vt 0.4018082618713379 1.0
vt 0.3907597064971924 1.0
vt 0.3134199380874634 1.0
vt 0.3134199380874634 1.25
vt 0.3244684934616089 1.25
vt 0.3244684934616089 1.0
vt 0.30237138271331787 1.25
vt 0.30237138271331787 1.0
vt 0.3134199380874634 1.0
vt 0.3134199380874634 1.25
vt 0.3134199380874634 -0.3630315065383911
vt 0.30237138271331787 -0.3740800619125366
vt 0.3134199380874634 -0.38512861728668213
vt 0.3244684934616089 -0.3740800619125366
vt 0.30237138271331787 -0.3740800619125366
vt 0.3134199380874634 -0.3630315065383911
vt 0.3244684934616089 -0.3740800619125366
vt 0.3134199380874634 -0.38512861728668213
vt 0.3244684934616089 1.25
vt 0.3134199380874634 1.25
vt 0.3134199380874634 1.0
vt 0.3244684934616089 1.0
vt 0.30237138271331787 1.25
vt 0.3134199380874634 1.25
vt 0.3134199380874634 1.0
vt 0.30237138271331787 1.0
vt 0.22503161430358887 1.0
vt 0.22503161430358887 1.25
vt 0.23608016967773438 1.25
vt 0.23608016967773438 1.0
vt 0.21398305892944336 1.25
vt 0.21398305892944336 1.0
vt 0.22503161430358887 1.0
vt 0.22503161430358887 1.25
vt 0.22503161430358887 -0.4514198303222656
vt 0.21398305892944336 -0.46246838569641113
vt 0.22503161430358887 -0.47351694107055664
vt 0.23608016967773438 -0.46246838569641113
vt 0.21398305892944336 -0.46246838569641113
vt 0.22503161430358887 -0.4514198303222656
vt 0.23608016967773438 -0.46246838569641113
vt 0.22503161430358887 -0.47351694107055664
vt 0.23608016967773438 1.25
vt 0.22503161430358887 1.25
vt 0.22503161430358887 1.0
vt 0.23608016967773438 1.0
vt 0.21398305892944336 1.25
vt 0.22503161430358887 1.25
vt 0.22503161430358887 1.0
vt 0.21398305892944336 1.0
vt 0.9321383237838745 1.0
vt 0.9321383237838745 1.25
vt 0.94318687915802 1.25
vt 0.94318687915802 1.0
vt 0.921089768409729 1.25
vt 0.921089768409729 1.0
vt 0.9321383237838745 1.0
vt 0.9321383237838745 1.25
vt 0.9321383237838745 0.25568699836730957
vt 0.921089768409729 0.24463844299316406
vt 0.9321383237838745 0.23358988761901855
vt 0.94318687915802 0.24463844299316406
vt 0.921089768409729 0.24463844299316406
vt 0.9321383237838745 0.25568699836730957
vt 0.94318687915802 0.24463844299316406
vt 0.9321383237838745 0.23358988761901855
vt 0.94318687915802 1.25
vt 0.9321383237838745 1.25
vt 0.9321383237838745 1.0
vt 0.94318687915802 1.0
vt 0.921089768409729 1.25
vt 0.9321383237838745 1.25
vt 0.9321383237838745 1.0
vt 0.921089768409729 1.0
vt 0.84375 1.0
vt 0.84375 1.25
vt 0.8547985553741455 1.25
vt 0.8547985553741455 1.0
vt 0.8327014446258545 1.25
vt 0.8327014446258545 1.0
vt 0.84375 1.0
vt 0.84375 1.25
vt 0.84375 0.1672985553741455
vt 0.8327014446258545 0.15625
vt 0.84375 0.1452014446258545
vt 0.8547985553741455 0.15625
vt 0.8327014446258545 0.15625
vt 0.84375 0.1672985553741455
vt 0.8547985553741455 0.15625
vt 0.84375 0.1452014446258545
vt 0.8547985553741455 1.25
vt 0.84375 1.25
vt 0.84375 1.0
vt 0.8547985553741455 1.0
vt 0.8327014446258545 1.25
vt 0.84375 1.25
vt 0.84375 1.0
vt 0.8327014446258545 1.0
vt 0.7553615570068359 1.0
vt 0.7553615570068359 1.25
vt 0.7664101123809814 1.25
vt 0.7664101123809814 1.0
vt 0.7443130016326904 1.25
vt 0.7443130016326904 1.0
vt 0.7553615570068359 1.0
vt 0.7553615570068359 1.25
vt 0.7553615570068359 0.07891035079956055
vt 0.7443130016326904 0.06786179542541504
vt 0.7553615570068359 0.05681324005126953
vt 0.7664101123809814 0.06786179542541504
vt 0.7443130016326904 0.06786179542541504
vt 0.7553615570068359 0.07891035079956055
vt 0.7664101123809814 0.06786179542541504
vt 0.7553615570068359 0.05681324005126953
vt 0.7664101123809814 1.25
vt 0.7553615570068359 1.25
vt 0.7553615570068359 1.0
vt 0.7664101123809814 1.0
vt 0.7443130016326904 1.25
vt 0.7553615570068359 1.25
vt 0.7553615570068359 1.0
vt 0.7443130016326904 1.0
vt 0.666973352432251 1.0
vt 0.666973352432251 1.25
vt 0.6780219078063965 1.25
vt 0.6780219078063965 1.0
vt 0.6559247970581055 1.25
vt 0.6559247970581055 1.0
vt 0.666973352432251 1.0
vt 0.666973352432251 1.25
vt 0.666973352432251 -0.009478092193603516
vt 0.6559247970581055 -0.020526647567749023
vt 0.666973352432251 -0.03157520294189453
vt 0.6780219078063965 -0.020526647567749023
vt 0.6559247970581055 -0.020526647567749023
vt 0.666973352432251 -0.009478092193603516
vt 0.6780219078063965 -0.020526647567749023
vt 0.666973352432251 -0.03157520294189453
vt 0.6780219078063965 1.25
vt 0.666973352432251 1.25
vt 0.666973352432251 1.0
vt 0.6780219078063965 1.0
vt 0.6559247970581055 1.25
vt 0.666973352432251 1.25
vt 0.666973352432251 1.0
vt 0.6559247970581055 1.0
vt 0.5785849094390869 1.0
vt 0.5785849094390869 1.25
vt 0.5896334648132324 1.25
vt 0.5896334648132324 1.0
vt 0.5675363540649414 1.25
vt 0.5675363540649414 1.0
vt 0.5785849094390869 1.0
vt 0.5785849094390869 1.25
vt 0.5785849094390869 -0.09786641597747803
vt 0.5675363540649414 -0.10891497135162354
vt 0.5785849094390869 -0.11996352672576904
vt 0.5896334648132324 -0.10891497135162354
vt 0.5675363540649414 -0.10891497135162354
vt 0.5785849094390869 -0.09786641597747803
vt 0.5896334648132324 -0.10891497135162354
vt 0.5785849094390869 -0.11996352672576904
vt 0.5896334648132324 1.25
vt 0.5785849094390869 1.25
vt 0.5785849094390869 1.0
vt 0.5896334648132324 1.0
vt 0.5675363540649414 1.25
vt 0.5785849094390869 1.25
vt 0.5785849094390869 1.0
vt 0.5675363540649414 1.0
vt 0.4791480302810669 1.0
vt 0.4791480302810669 1.25
vt 0.4901965856552124 1.25
vt 0.4901965856552124 1.0
vt 0.4901965856552124 1.25
vt 0.4901965856552124 1.0
vt 0.5012451410293579 1.0
vt 0.5012451410293579 1.25
vt 0.5012451410293579 -0.19730329513549805
vt 0.4901965856552124 -0.18625473976135254
vt 0.4791480302810669 -0.19730329513549805
vt 0.4901965856552124 -0.20835185050964355
vt 0.4901965856552124 -0.18625473976135254
vt 0.5012451410293579 -0.19730329513549805
vt 0.4901965856552124 -0.20835185050964355
vt 0.4791480302810669 -0.19730329513549805
vt 0.4901965856552124 1.25
vt 0.5012451410293579 1.25
vt 0.5012451410293579 1.0
vt 0.4901965856552124 1.0
vt 0.4901965856552124 1.25
vt 0.4791480302810669 1.25
vt 0.4791480302810669 1.0
vt 0.4901965856552124 1.0
vt 1.4624683856964111 1.0
vt 1.4624683856964111 1.25
vt 1.4735169410705566 1.25
vt 1.4735169410705566 1.0
vt 1.4514198303222656 1.25
vt 1.4514198303222656 1.0
vt 1.4624683856964111 1.0
vt 1.4624683856964111 1.25
vt 1.4624683856964111 0.7860171794891357
vt 1.4514198303222656 0.7749686241149902
vt 1.4624683856964111 0.7639200687408447
vt 1.4735169410705566 0.7749686241149902
vt 1.4514198303222656 0.7749686241149902
vt 1.4624683856964111 0.7860171794891357
vt 1.4735169410705566 0.7749686241149902
vt 1.4624683856964111 0.7639200687408447
vt 1.4735169410705566 1.25
vt 1.4624683856964111 1.25
vt 1.4624683856964111 1.0
vt 1.4735169410705566 1.0
vt 1.4514198303222656 1.25
vt 1.4624683856964111 1.25
vt 1.4624683856964111 1.0
vt 1.4514198303222656 1.0
vt 1.374079942703247 1.0
vt 1.374079942703247 1.25
vt 1.3851284980773926 1.25
vt 1.3851284980773926 1.0
vt 1.3630313873291016 1.25
vt 1.3630313873291016 1.0
vt 1.374079942703247 1.0
vt 1.374079942703247 1.25
vt 1.374079942703247 0.6976287364959717
vt 1.3630313873291016 0.6865801811218262
vt 1.374079942703247 0.6755316257476807
vt 1.3851284980773926 0.6865801811218262
vt 1.3630313873291016 0.6865801811218262
vt 1.374079942703247 0.6976287364959717
vt 1.3851284980773926 0.6865801811218262
vt 1.374079942703247 0.6755316257476807
vt 1.3851284980773926 1.25
vt 1.374079942703247 1.25
vt 1.374079942703247 1.0
vt 1.3851284980773926 1.0
vt 1.3630313873291016 1.25
vt 1.374079942703247 1.25
vt 1.374079942703247 1.0
vt 1.3630313873291016 1.0
vt 1.2856916189193726 1.0
vt 1.2856916189193726 1.25
vt 1.296740174293518 1.25
vt 1.296740174293518 1.0
vt 1.274643063545227 1.25
vt 1.274643063545227 1.0
vt 1.2856916189193726 1.0
vt 1.2856916189193726 1.25
vt 1.2856916189193726 0.6092404127120972
vt 1.274643063545227 0.5981918573379517
vt 1.2856916189193726 0.5871433019638062
vt 1.296740174293518 0.5981918573379517
vt 1.274643063545227 0.5981918573379517
vt 1.2856916189193726 0.6092404127120972
vt 1.296740174293518 0.5981918573379517
vt 1.2856916189193726 0.5871433019638062
vt 1.296740174293518 1.25
vt 1.2856916189193726 1.25
vt 1.2856916189193726 1.0
vt 1.296740174293518 1.0
vt 1.274643063545227 1.25
vt 1.2856916189193726 1.25
vt 1.2856916189193726 1.0
vt 1.274643063545227 1.0
vt 1.197303295135498 1.0
vt 1.197303295135498 1.25
vt 1.2083518505096436 1.25
vt 1.2083518505096436 1.0
vt 1.1862547397613525 1.25
vt 1.1862547397613525 1.0
vt 1.197303295135498 1.0
vt 1.197303295135498 1.25
vt 1.197303295135498 0.5208520889282227
vt 1.1862547397613525 0.5098035335540771
vt 1.197303295135498 0.49875497817993164
vt 1.2083518505096436 0.5098035335540771
vt 1.1862547397613525 0.5098035335540771
vt 1.197303295135498 0.5208520889282227
vt 1.2083518505096436 0.5098035335540771
vt 1.197303295135498 0.49875497817993164
vt 1.2083518505096436 1.25
vt 1.197303295135498 1.25
vt 1.197303295135498 1.0
vt 1.2083518505096436 1.0
vt 1.1862547397613525 1.25
vt 1.197303295135498 1.25
vt 1.197303295135498 1.0
vt 1.1862547397613525 1.0
vt 1.108914852142334 1.0
vt 1.108914852142334 1.25
vt 1.1199634075164795 1.25
vt 1.1199634075164795 1.0
vt 1.0978662967681885 1.25
vt 1.0978662967681885 1.0
vt 1.108914852142334 1.0
vt 1.108914852142334 1.25
vt 1.108914852142334 0.4324636459350586
vt 1.0978662967681885 0.4214150905609131
vt 1.108914852142334 0.4103665351867676
vt 1.1199634075164795 0.4214150905609131
vt 1.0978662967681885 0.4214150905609131
vt 1.108914852142334 0.4324636459350586
vt 1.1199634075164795 0.4214150905609131
vt 1.108914852142334 0.4103665351867676
vt 1.1199634075164795 1.25
vt 1.108914852142334 1.25
vt 1.108914852142334 1.0
vt 1.1199634075164795 1.0
vt 1.0978662967681885 1.25
vt 1.108914852142334 1.25
vt 1.108914852142334 1.0
vt 1.0978662967681885 1.0
vt 1.0094780921936035 1.0
vt 1.0094780921936035 1.25
vt 1.020526647567749 1.25
vt 1.020526647567749 1.0
vt 1.020526647567749 1.25
vt 1.020526647567749 1.0
vt 1.0315752029418945 1.0
vt 1.0315752029418945 1.25
vt 1.0315752029418945 0.333026647567749
vt 1.020526647567749 0.34407520294189453
vt 1.0094780921936035 0.333026647567749
vt 1.020526647567749 0.3219780921936035
vt 1.020526647567749 0.34407520294189453
vt 1.0315752029418945 0.333026647567749
vt 1.020526647567749 0.3219780921936035
vt 1.0094780921936035 0.333026647567749
vt 1.020526647567749 1.25
vt 1.0315752029418945 1.25
vt 1.0315752029418945 1.0
vt 1.020526647567749 1.0
vt 1.020526647567749 1.25
vt 1.0094780921936035 1.25
vt 1.0094780921936035 1.0
vt 1.020526647567749 1.0
vt 0.36234933137893677 1.4166666567325592
vt 0.3515625 1.4166666567325592
vt 0.3515625 1.4427083134651184
vt 0.36234933137893677 1.4427083134651184
vt 0.36234933137893677 -1.4869790077209473
vt 0.3515625 -1.4869790077209473
vt 0.3515625 -1.4977660179138184
vt 0.3515625 -1.4869790077209473
vt 0.36234933137893677 -1.4869790077209473
vt 0.3515625 -1.4977660179138184
vt 0.36234933137893677 1.4427083134651184
vt 0.3515625 1.4427083134651184
vt 0.3515625 1.4166666567325592
vt 0.36234933137893677 1.4166666567325592
vt -2.4977660179138184 1.4427083134651184
vt -2.4977660179138184 1.4166666567325592
vt -2.4869790077209473 1.4166666567325592
vt -2.4869790077209473 1.4427083134651184
vt 0.2109375 0.9765625
vt 0.2109375 1.0078125
vt 1.5 1.0078125
vt 1.5 0.9765625
vt 0.2109375 1.0078125
vt 0.2109375 0.9765625
vt 1.4557154178619385 0.9765625
vt 1.4557154178619385 1.0078125
vt 0.2109375 -0.453125
vt 0.2109375 -0.5
vt 1.5 0.7890625
vt 1.4557154178619385 0.7890625
vt 0.2109375 -0.453125
vt 1.4557154178619385 0.7890625
vt 1.5 0.7890625
vt 0.2109375 -0.5
vt -1.453125 0.9765625
vt -1.453125 1.0078125
vt -1.5 1.0078125
vt -1.5 0.9765625
vt 1.4557154178619385 1.0078125
vt 1.4557154178619385 0.9765625
vt 1.5 0.9765625
vt 1.5 1.0078125
vt 0.6696428656578064 1.1339285671710968
vt 0.6696428656578064 0.9553571417927742
vt -0.6696428656578064 0.9553571417927742
vt -0.6696428656578064 1.1339285671710968
vt 0.6696428656578064 1.8928571939468384
vt -0.6696428656578064 1.8928571939468384
vt -0.6696428656578064 0.3303571343421936
vt 0.6696428656578064 0.3303571343421936
vt -0.6696428656578064 1.8928571939468384
vt 0.6696428656578064 1.8928571939468384
vt 0.6696428656578064 0.3303571343421936
vt -0.6696428656578064 0.3303571343421936
vt 0.8928571939468384 1.1339285671710968
vt -0.6696428656578064 1.1339285671710968
vt -0.6696428656578064 0.9553571417927742
vt 0.8928571939468384 0.9553571417927742
vt -0.6696428656578064 1.1339285671710968
vt 0.8928571939468384 1.1339285671710968
vt 0.8928571939468384 0.9553571417927742
vt -0.6696428656578064 0.9553571417927742
vt 0.6584821343421936 1.9988839030265808
vt 0.6584821343421936 1.0613838955760002
vt 0.5915178656578064 1.0613838955760002
vt 0.5915178656578064 1.9988839030265808
vt 0.6584821343421936 1.0613838955760002
vt 0.6584821343421936 1.9988839030265808
vt 0.5915178656578064 1.9988839030265808
vt 0.5915178656578064 1.0613838955760002
vt 0.6584821343421936 0.3359375
vt 0.5915178656578064 0.3359375
vt 0.5915178656578064 0.2689732313156128
vt 0.6584821343421936 0.2689732313156128
vt 0.5915178656578064 0.3359375
vt 0.6584821343421936 0.3359375
vt 0.6584821343421936 0.2689732313156128
vt 0.5915178656578064 0.2689732313156128
vt -0.5915178656578064 1.9988839030265808
vt -0.6584821343421936 1.9988839030265808
vt -0.6584821343421936 1.0613838955760002
vt -0.5915178656578064 1.0613838955760002
vt -0.6584821343421936 1.9988839030265808
vt -0.5915178656578064 1.9988839030265808
vt -0.5915178656578064 1.0613838955760002
vt -0.6584821343421936 1.0613838955760002
vt -0.6026785969734192 1.9988839030265808
vt -0.6026785969734192 1.0613838955760002
vt -0.6696428656578064 1.0613838955760002
vt -0.6696428656578064 1.9988839030265808
vt -0.6026785969734192 1.0613838955760002
vt -0.6026785969734192 1.9988839030265808
vt -0.6696428656578064 1.9988839030265808
vt -0.6696428656578064 1.0613838955760002
vt -0.6026785969734192 0.3247767686843872
vt -0.6696428656578064 0.3247767686843872
vt -0.6696428656578064 0.2578125
vt -0.6026785969734192 0.2578125
vt -0.6696428656578064 0.3247767686843872
vt -0.6026785969734192 0.3247767686843872
vt -0.6026785969734192 0.2578125
vt -0.6696428656578064 0.2578125
vt -0.6026785969734192 1.9988839030265808
vt -0.6696428656578064 1.9988839030265808
vt -0.6696428656578064 1.0613838955760002
vt -0.6026785969734192 1.0613838955760002
vt -0.6696428656578064 1.9988839030265808
vt -0.6026785969734192 1.9988839030265808
vt -0.6026785969734192 1.0613838955760002
vt -0.6696428656578064 1.0613838955760002
vt 3.875 1.28125
vt 3.875 0.953125
vt 2.984375 0.953125
vt 2.984375 1.28125
vt 3.875 0.953125
vt 3.875 1.28125
vt 2.984375 1.28125
vt 2.984375 0.953125
vt 3.875 0.6171875
vt 2.984375 0.6171875
vt 2.984375 0.6015625
vt 3.875 0.6015625
vt 2.984375 0.6171875
vt 3.875 0.6171875
vt 3.875 0.6015625
vt 2.984375 0.6015625
vt -0.3828125 1.28125
vt -0.3984375 1.28125
vt -0.3984375 0.953125
vt -0.3828125 0.953125
vt -0.3984375 1.28125
vt -0.3828125 1.28125
vt -0.3828125 0.953125
vt -0.3984375 0.953125
vt 3.875 1.28125
vt 3.875 0.953125
vt 0.875 0.953125
vt 0.875 1.28125
vt 3.875 0.953125
vt 3.875 1.28125
vt 0.875 1.28125
vt 0.875 0.953125
vt 3.875 1.3984375
vt 0.875 1.3984375
vt 0.875 1.3828125
vt 3.875 1.3828125
vt 0.875 1.3984375
vt 3.875 1.3984375
vt 3.875 1.3828125
vt 0.875 1.3828125
vt 0.3984375 1.28125
vt 0.3828125 1.28125
vt 0.3828125 0.953125
vt 0.3984375 0.953125
vt 0.3828125 1.28125
vt 0.3984375 1.28125
vt 0.3984375 0.953125
vt 0.3828125 0.953125
vt 0.484375 0.9765625
vt 0.484375 1.140625
vt 0.9296875 1.140625
vt 0.9296875 0.9765625
vt 0.484375 1.140625
vt 0.484375 0.9765625
vt 0.9296875 0.9765625
vt 0.9296875 1.140625
vt 0.9296875 0.8046875
vt 0.484375 0.8046875
vt 0.484375 0.796875
vt 0.9296875 0.796875
vt 0.484375 0.8046875
vt 0.9296875 0.8046875
vt 0.9296875 0.796875
vt 0.484375 0.796875
vt -0.203125 1.140625
vt -0.1953125 1.140625
vt -0.1953125 0.9765625
vt -0.203125 0.9765625
vt -0.1953125 1.140625
vt -0.203125 1.140625
vt -0.203125 0.9765625
vt -0.1953125 0.9765625
vt -3.90625 0.953125
vt -3.90625 1.28125
vt -0.90625 1.28125
vt -0.90625 0.953125
vt -3.90625 1.28125
vt -3.90625 0.953125
vt -0.90625 0.953125
vt -0.90625 1.28125
vt -0.90625 1.3984375
vt -3.90625 1.3984375
vt -3.90625 1.3828125
vt -0.90625 1.3828125
vt -3.90625 1.3984375
vt -0.90625 1.3984375
vt -0.90625 1.3828125
vt -3.90625 1.3828125
vt 0.3828125 1.28125
vt 0.3984375 1.28125
vt 0.3984375 0.953125
vt 0.3828125 0.953125
vt 0.3984375 1.28125
vt 0.3828125 1.28125
vt 0.3828125 0.953125
vt 0.3984375 0.953125
vt -3.0 0.953125
vt -3.0 1.28125
vt -3.84375 1.28125
vt -3.84375 0.953125
vt -3.0 1.28125
vt -3.0 0.953125
vt -3.84375 0.953125
vt -3.84375 1.28125
vt -0.3828125 -2.84375
vt -0.3828125 -2.0
vt -0.3984375 -2.0
vt -0.3984375 -2.84375
vt -0.3828125 -2.0
vt -0.3828125 -2.84375
vt -0.3984375 -2.84375
vt -0.3984375 -2.0
vt -0.3984375 1.28125
vt -0.3828125 1.28125
vt -0.3828125 0.953125
vt -0.3984375 0.953125
vt -0.3828125 1.28125
vt -0.3984375 1.28125
vt -0.3984375 0.953125
vt -0.3828125 0.953125
vt -3.0 0.953125
vt -3.0 1.28125
vt -3.84375 1.28125
vt -3.84375 0.953125
vt -3.0 1.28125
vt -3.0 0.953125
vt -3.84375 0.953125
vt -3.84375 1.28125
vt 0.3984375 -2.84375
vt 0.3984375 -2.0
vt 0.3828125 -2.0
vt 0.3828125 -2.84375
vt 0.3984375 -2.0
vt 0.3984375 -2.84375
vt 0.3828125 -2.84375
vt 0.3828125 -2.0
vt 0.3828125 1.28125
vt 0.3984375 1.28125
vt 0.3984375 0.953125
vt 0.3828125 0.953125
vt 0.3984375 1.28125
vt 0.3828125 1.28125
vt 0.3828125 0.953125
vt 0.3984375 0.953125
vt -1.53125 1.28125
vt -1.53125 1.0
vt -1.578125 1.0
vt -1.578125 1.28125
vt -1.53125 1.0
vt -1.53125 1.28125
vt -1.578125 1.28125
vt -1.578125 1.0
vt -0.21875 -0.53125
vt -0.21875 -0.578125
vt -0.171875 -0.578125
vt -0.171875 -0.53125
vt -0.21875 -0.578125
vt -0.21875 -0.53125
vt -0.171875 -0.53125
vt -0.171875 -0.578125
vt -0.21875 1.28125
vt -0.171875 1.28125
vt -0.171875 1.0
vt -0.21875 1.0
vt -0.171875 1.28125
vt -0.21875 1.28125
vt -0.21875 1.0
vt -0.171875 1.0
vt 2.9765625 0.953125
vt 2.9765625 1.28125
vt 0.3828125 1.28125
vt 0.3828125 0.953125
vt -0.3984375 1.28125
vt -0.3984375 0.953125
vt -2.9765625 0.953125
vt -2.9765625 1.28125
vt 0.40625 -1.9765625
vt 2.9765625 0.6015625
vt 2.9765625 0.6171875
vt 0.3828125 -1.9765625
vt 2.9765625 0.6015625
vt 0.40625 -1.9765625
vt 0.3828125 -1.9765625
vt 2.9765625 0.6171875
vt 0.3828125 1.28125
vt 0.40625 1.28125
vt 0.40625 0.953125
vt 0.3828125 0.953125
vt -0.3984375 1.28125
vt -0.3828125 1.28125
vt -0.3828125 0.953125
vt -0.3984375 0.953125
vt -2.984375 1.28125
vt -2.984375 0.953125
vt -0.3828125 0.953125
vt -0.3828125 1.28125
vt -2.984375 0.953125
vt -2.984375 1.28125
vt -0.40625 1.28125
vt -0.40625 0.953125
vt -2.984375 0.6015625
vt -0.40625 -1.9765625
vt -0.3828125 -1.9765625
vt -2.984375 0.6171875
vt -0.40625 -1.9765625
vt -2.984375 0.6015625
vt -2.984375 0.6171875
vt -0.3828125 -1.9765625
vt -0.40625 1.28125
vt -0.3828125 1.28125
vt -0.3828125 0.953125
vt -0.40625 0.953125
vt -0.3828125 1.28125
vt -0.3984375 1.28125
vt -0.3984375 0.953125
vt -0.3828125 0.953125
vt -1.53125 1.28125
vt -1.53125 1.0
vt -1.578125 1.0
vt -1.578125 1.28125
vt -1.53125 1.0
vt -1.53125 1.28125
vt -1.578125 1.28125
vt -1.578125 1.0
vt -0.2187499850988388 -0.53125
vt -0.2187499850988388 -0.578125
vt -0.1718749850988388 -0.578125
vt -0.1718749850988388 -0.53125
vt -0.2187499850988388 -0.578125
vt -0.2187499850988388 -0.53125
vt -0.1718749850988388 -0.53125
vt -0.1718749850988388 -0.578125
vt -0.2187499850988388 1.28125
vt -0.1718749850988388 1.28125
vt -0.1718749850988388 1.0
vt -0.2187499850988388 1.0
vt -0.1718749850988388 1.28125
vt -0.2187499850988388 1.28125
vt -0.2187499850988388 1.0
vt -0.1718749850988388 1.0
vt -1.53125 1.0
vt -1.53125 1.28125
vt -1.578125 1.28125
vt -1.578125 1.0
vt -1.53125 1.28125
vt -1.53125 1.0
vt -1.578125 1.0
vt -1.578125 1.28125
vt 1.546875 -0.578125
vt 1.546875 -0.53125
vt 1.5 -0.53125
vt 1.5 -0.578125
vt 1.546875 -0.53125
vt 1.546875 -0.578125
vt 1.5 -0.578125
vt 1.5 -0.53125
vt 1.5 1.28125
vt 1.546875 1.28125
vt 1.546875 1.0
vt 1.5 1.0
vt 1.546875 1.28125
vt 1.5 1.28125
vt 1.5 1.0
vt 1.546875 1.0
vt -0.703125 1.0
vt -0.703125 1.28125
vt -0.65625 1.28125
vt -0.65625 1.0
vt -0.703125 1.28125
vt -0.703125 1.0
vt -0.65625 1.0
vt -0.65625 1.28125
vt -0.2187499850988388 0.34375
vt -0.2187499850988388 0.296875
vt -0.1718749850988388 0.296875
vt -0.1718749850988388 0.34375
vt -0.2187499850988388 0.296875
vt -0.2187499850988388 0.34375
vt -0.1718749850988388 0.34375
vt -0.1718749850988388 0.296875
vt -0.1718749850988388 1.28125
vt -0.2187499850988388 1.28125
vt -0.2187499850988388 1.0
vt -0.1718749850988388 1.0
vt -0.2187499850988388 1.28125
vt -0.1718749850988388 1.28125
vt -0.1718749850988388 1.0
vt -0.2187499850988388 1.0
vt 2.3286213874816895 0.7475228309631348
vt 2.3104043006896973 0.7475228309631348
vt 2.3104043006896973 0.8618521690368652
vt 2.3286213874816895 0.8618521690368652
vt 2.467607021331787 0.7522865533828735
vt 2.4858241081237793 0.7522865533828735
vt 2.4858241081237793 0.866615891456604
vt 2.467607021331787 0.866615891456604
vt 0.15243905782699585 0.742340087890625
vt 0.15243905782699585 0.8566694259643555
vt 0.3429878354072571 0.8566694259643555
vt 0.3429878354072571 0.742340087890625
vt 0.14767491817474365 0.8618520498275757
vt 0.14767491817474365 0.7475227117538452
vt 0.3382236957550049 0.7475227117538452
vt 0.3382236957550049 0.8618520498275757
vt 4.17736291885376 0.5279728174209595
vt 4.3679118156433105 0.5279728174209595
vt 4.3679118156433105 0.5097558498382568
vt 4.17736291885376 0.5097558498382568
vt 4.3679118156433105 0.5279728174209595
vt 4.17736291885376 0.5279728174209595
vt 4.17736291885376 0.5097558498382568
vt 4.3679118156433105 0.5097558498382568
vt 2.3286213874816895 0.7475228309631348
vt 2.3104043006896973 0.7475228309631348
vt 2.3104043006896973 0.8618521690368652
vt 2.3286213874816895 0.8618521690368652
vt 2.467607021331787 0.7522865533828735
vt 2.4858241081237793 0.7522865533828735
vt 2.4858241081237793 0.866615891456604
vt 2.467607021331787 0.866615891456604
vt -2.843940496444702 0.742340087890625
vt -2.843940496444702 0.8566694259643555
vt -2.6533918380737305 0.8566694259643555
vt -2.6533918380737305 0.742340087890625
vt -2.8248863220214844 0.8618520498275757
vt -2.8248863220214844 0.7475227117538452
vt -2.6343374252319336 0.7475227117538452
vt -2.6343374252319336 0.8618520498275757
vt 2.69108247756958 2.014253258705139
vt 2.881631374359131 2.014253258705139
vt 2.881631374359131 1.9960362911224365
vt 2.69108247756958 1.9960362911224365
vt 2.881631374359131 2.014253258705139
vt 2.69108247756958 2.014253258705139
vt 2.69108247756958 1.9960362911224365
vt 2.881631374359131 1.9960362911224365
vt 2.3286213874816895 0.7475228309631348
vt 2.3104043006896973 0.7475228309631348
vt 2.3104043006896973 0.8618521690368652
vt 2.3286213874816895 0.8618521690368652
vt 2.467607021331787 0.7522865533828735
vt 2.4858241081237793 0.7522865533828735
vt 2.4858241081237793 0.866615891456604
vt 2.467607021331787 0.866615891456604
vt -1.3433690071105957 0.7475230693817139
vt -1.3433690071105957 0.8618524074554443
vt -1.152820110321045 0.8618524074554443
vt -1.152820110321045 0.7475230693817139
vt -1.3386056423187256 0.8618520498275757
vt -1.3386056423187256 0.7475227117538452
vt -1.1480567455291748 0.7475227117538452
vt -1.1480567455291748 0.8618520498275757
vt 3.43422269821167 1.2711130380630493
vt 3.6247715950012207 1.2711130380630493
vt 3.6247715950012207 1.2528960704803467
vt 3.43422269821167 1.2528960704803467
vt 3.6247715950012207 1.2711130380630493
vt 3.43422269821167 1.2711130380630493
vt 3.43422269821167 1.2528960704803467
vt 3.6247715950012207 1.2528960704803467
vt 2.3286213874816895 0.7475228309631348
vt 2.3104043006896973 0.7475228309631348
vt 2.3104043006896973 0.8618521690368652
vt 2.3286213874816895 0.8618521690368652
vt 2.467607021331787 0.7522865533828735
vt 2.4858241081237793 0.7522865533828735
vt 2.4858241081237793 0.866615891456604
vt 2.467607021331787 0.866615891456604
vt -1.1480567455291748 0.7475228309631348
vt -1.1480567455291748 0.8618521690368652
vt -1.3386056423187256 0.8618521690368652
vt -1.3386056423187256 0.7475228309631348
vt -1.1480567455291748 0.8618521690368652
vt -1.1480567455291748 0.7475228309631348
vt -1.3386056423187256 0.7475228309631348
vt -1.3386056423187256 0.8618521690368652
vt 2.433422565460205 0.8237423896789551
vt 2.433422565460205 0.6331936120986938
vt 2.415205955505371 0.6331936120986938
vt 2.415205955505371 0.8237423896789551
vt 2.433422565460205 0.6331936120986938
vt 2.433422565460205 0.8237423896789551
vt 2.415205955505371 0.8237423896789551
vt 2.415205955505371 0.6331936120986938
vt 2.3286211490631104 0.7475225925445557
vt 2.3104043006896973 0.7475225925445557
vt 2.3104043006896973 0.8618519306182861
vt 2.3286211490631104 0.8618519306182861
vt 2.467607021331787 0.7522863149642944
vt 2.4858238697052 0.7522863149642944
vt 2.4858238697052 0.8666156530380249
vt 2.467607021331787 0.8666156530380249
vt -1.148056983947754 0.7475227117538452
vt -1.148056983947754 0.8618520498275757
vt -1.3386058807373047 0.8618520498275757
vt -1.3386058807373047 0.7475227117538452
vt -1.148056983947754 0.8618520498275757
vt -1.148056983947754 0.7475227117538452
vt -1.3386058807373047 0.7475227117538452
vt -1.3386058807373047 0.8618520498275757
vt 2.433422565460205 3.7963030338287354
vt 2.433422565460205 3.6057543754577637
vt 2.415205717086792 3.6057543754577637
vt 2.415205717086792 3.7963030338287354
vt 2.433422565460205 3.6057543754577637
vt 2.433422565460205 3.7963030338287354
vt 2.415205717086792 3.7963030338287354
vt 2.415205717086792 3.6057543754577637
vt 2.3286213874816895 0.7475228309631348
vt 2.3104043006896973 0.7475228309631348
vt 2.3104043006896973 0.8618521690368652
vt 2.3286213874816895 0.8618521690368652
vt 2.467607021331787 0.7522865533828735
vt 2.4858241081237793 0.7522865533828735
vt 2.4858241081237793 0.866615891456604
vt 2.467607021331787 0.866615891456604
vt -1.1480568647384644 0.7475227117538452
vt -1.1480568647384644 0.8618520498275757
vt -1.3386056423187256 0.8618520498275757
vt -1.3386056423187256 0.7475227117538452
vt -1.1480568647384644 0.8618520498275757
vt -1.1480568647384644 0.7475227117538452
vt -1.3386056423187256 0.7475227117538452
vt -1.3386056423187256 0.8618520498275757
vt 2.433422565460205 2.3100228309631348
vt 2.433422565460205 2.1194740533828735
vt 2.415205717086792 2.1194740533828735
vt 2.415205717086792 2.3100228309631348
vt 2.433422565460205 2.1194740533828735
vt 2.433422565460205 2.3100228309631348
vt 2.415205717086792 2.3100228309631348
vt 2.415205717086792 2.1194740533828735
vt 2.3286213874816895 0.7475228309631348
vt 2.3104043006896973 0.7475228309631348
vt 2.3104043006896973 0.8618521690368652
vt 2.3286213874816895 0.8618521690368652
vt 2.467607021331787 0.7522865533828735
vt 2.4858241081237793 0.7522865533828735
vt 2.4858241081237793 0.866615891456604
vt 2.467607021331787 0.866615891456604
vt -1.1480567455291748 0.7475228309631348
vt -1.1480567455291748 0.8618521690368652
vt -1.3386056423187256 0.8618521690368652
vt -1.3386056423187256 0.7475228309631348
vt -1.1480567455291748 0.8618521690368652
vt -1.1480567455291748 0.7475228309631348
vt -1.3386056423187256 0.7475228309631348
vt -1.3386056423187256 0.8618521690368652
vt 2.433422803878784 0.8237425088882446
vt 2.433422803878784 0.6331937313079834
vt 2.415205955505371 0.6331937313079834
vt 2.415205955505371 0.8237425088882446
vt 2.433422803878784 0.6331937313079834
vt 2.433422803878784 0.8237425088882446
vt 2.415205955505371 0.8237425088882446
vt 2.415205955505371 0.6331937313079834
vt 2.3286211490631104 0.7475225925445557
vt 2.3104043006896973 0.7475225925445557
vt 2.3104043006896973 0.8618519306182861
vt 2.3286211490631104 0.8618519306182861
vt 2.467607021331787 0.7522863149642944
vt 2.4858241081237793 0.7522863149642944
vt 2.4858241081237793 0.8666156530380249
vt 2.467607021331787 0.8666156530380249
vt -1.148056983947754 0.7475227117538452
vt -1.148056983947754 0.8618520498275757
vt -1.3386058807373047 0.8618520498275757
vt -1.3386058807373047 0.7475227117538452
vt -1.148056983947754 0.8618520498275757
vt -1.148056983947754 0.7475227117538452
vt -1.3386058807373047 0.7475227117538452
vt -1.3386058807373047 0.8618520498275757
vt 2.433422803878784 3.7963030338287354
vt 2.433422803878784 3.6057543754577637
vt 2.415205955505371 3.6057543754577637
vt 2.415205955505371 3.7963030338287354
vt 2.433422803878784 3.6057543754577637
vt 2.433422803878784 3.7963030338287354
vt 2.415205955505371 3.7963030338287354
vt 2.415205955505371 3.6057543754577637
vt 2.3286213874816895 0.7475228309631348
vt 2.3104043006896973 0.7475228309631348
vt 2.3104043006896973 0.8618521690368652
vt 2.3286213874816895 0.8618521690368652
vt 2.467607021331787 0.7522865533828735
vt 2.4858241081237793 0.7522865533828735
vt 2.4858241081237793 0.866615891456604
vt 2.467607021331787 0.866615891456604
vt -1.1480568647384644 0.7475227117538452
vt -1.1480568647384644 0.8618520498275757
vt -1.3386056423187256 0.8618520498275757
vt -1.3386056423187256 0.7475227117538452
vt -1.1480568647384644 0.8618520498275757
vt -1.1480568647384644 0.7475227117538452
vt -1.3386056423187256 0.7475227117538452
vt -1.3386056423187256 0.8618520498275757
vt 2.433422803878784 2.3100228309631348
vt 2.433422803878784 2.1194740533828735
vt 2.415205955505371 2.1194740533828735
vt 2.415205955505371 2.3100228309631348
vt 2.433422803878784 2.1194740533828735
vt 2.433422803878784 2.3100228309631348
vt 2.415205955505371 2.3100228309631348
vt 2.415205955505371 2.1194740533828735
vt -1.25 2.6127233505249023
vt -1.25 2.4787946939468384
vt 1.7857143878936768 2.4787946939468384
vt 1.7857143878936768 2.6127233505249023
vt -1.1607146263122559 -0.7173423767089844
vt -1.1607143878936768 1.1970720291137695
vt -1.1309524774551392 1.1970720291137695
vt -1.1309527158737183 -0.7173423767089844
vt 1.7857143878936768 2.5680803060531616
vt -1.25 2.56808078289032
vt -1.25 2.5234378576278687
vt 1.7857143878936768 2.5234373807907104
vt -1.6964284181594849 3.4634010791778564
vt -1.6666665077209473 3.4634010791778564
vt -1.6666665077209473 3.547860622406006
vt -1.6964284181594849 3.547860622406006
vt -1.6666667461395264 3.4634010791778564
vt -1.696428656578064 3.4634010791778564
vt -1.696428656578064 3.547860622406006
vt -1.6666667461395264 3.547860622406006
vt 1.2946429252624512 2.6127233505249023
vt 1.2946429252624512 2.4787946939468384
vt -1.2946430444717407 2.4787946939468384
vt -1.2946430444717407 2.6127233505249023
vt 0.5654762387275696 -0.7454956769943237
vt -1.1607145071029663 -0.7454955577850342
vt -1.1607145071029663 -0.7173423767089844
vt 0.5654762387275696 -0.7173426151275635
vt -1.2946430444717407 -0.3616069555282593
vt 1.2946429252624512 -0.36160731315612793
vt 1.2946429252624512 -0.3169645071029663
vt -1.2946430444717407 -0.31696414947509766
vt -1.6964282989501953 3.4634010791778564
vt -1.6666663885116577 3.4634010791778564
vt -1.6666663885116577 3.547860622406006
vt -1.6964282989501953 3.547860622406006
vt -1.6666666269302368 3.4634010791778564
vt -1.6964285373687744 3.4634010791778564
vt -1.6964285373687744 3.547860622406006
vt -1.6666666269302368 3.547860622406006
vt 1.7857143878936768 2.6127233505249023
vt 1.7857143878936768 2.4787946939468384
vt -1.25 2.4787946939468384
vt -1.25 2.6127233505249023
vt 0.5654761791229248 1.1970720291137695
vt 0.5654760599136353 -0.7173423767089844
vt 0.5357141494750977 -0.7173423767089844
vt 0.5357142686843872 1.1970720291137695
vt -1.25 -0.4787944555282593
vt 1.7857143878936768 -0.47879481315612793
vt 1.7857143878936768 -0.43415188789367676
vt -1.25 -0.43415164947509766
vt 0.02976202964782715 3.4634010791778564
vt 1.1920928955078125e-07 3.4634010791778564
vt 1.1920928955078125e-07 3.547860622406006
vt 0.02976202964782715 3.547860622406006
vt 2.384185791015625e-07 3.4634010791778564
vt 0.0297621488571167 3.4634010791778564
vt 0.0297621488571167 3.547860622406006
vt 2.384185791015625e-07 3.547860622406006
vt 2.3286213874816895 0.7475228309631348
vt 2.3104043006896973 0.7475228309631348
vt 2.3104043006896973 0.8618521690368652
vt 2.3286213874816895 0.8618521690368652
vt 2.467607021331787 0.752286434173584
vt 2.4858241081237793 0.752286434173584
vt 2.4858241081237793 0.8666157722473145
vt 2.467607021331787 0.8666157722473145
vt -1.3433690071105957 0.7475228309631348
vt -1.3433690071105957 0.8618521690368652
vt -1.152820110321045 0.8618521690368652
vt -1.152820110321045 0.7475228309631348
vt -1.3386056423187256 0.861851692199707
vt -1.3386056423187256 0.7475223541259766
vt -1.1480567455291748 0.7475223541259766
vt -1.1480567455291748 0.861851692199707
vt 3.43422269821167 1.2711130380630493
vt 3.6247715950012207 1.2711130380630493
vt 3.6247715950012207 1.2528960704803467
vt 3.43422269821167 1.2528960704803467
vt 3.6247715950012207 1.2711130380630493
vt 3.43422269821167 1.2711130380630493
vt 3.43422269821167 1.2528960704803467
vt 3.6247715950012207 1.2528960704803467
vt 2.3286213874816895 0.7475228309631348
vt 2.3104043006896973 0.7475228309631348
vt 2.3104043006896973 0.8618521690368652
vt 2.3286213874816895 0.8618521690368652
vt 2.467607021331787 0.752286434173584
vt 2.4858241081237793 0.752286434173584
vt 2.4858241081237793 0.8666157722473145
vt 2.467607021331787 0.8666157722473145
vt -1.3433688879013062 0.7475228309631348
vt -1.3433688879013062 0.8618521690368652
vt -1.152820110321045 0.8618521690368652
vt -1.152820110321045 0.7475228309631348
vt -1.3386057615280151 0.861851692199707
vt -1.3386057615280151 0.7475223541259766
vt -1.148056983947754 0.7475223541259766
vt -1.148056983947754 0.861851692199707
vt 3.434222936630249 1.2711130380630493
vt 3.6247718334198 1.2711130380630493
vt 3.6247718334198 1.2528960704803467
vt 3.434222936630249 1.2528960704803467
vt 3.6247718334198 1.2711130380630493
vt 3.434222936630249 1.2711130380630493
vt 3.434222936630249 1.2528960704803467
vt 3.6247718334198 1.2528960704803467
vt 2.3286211490631104 0.7475228309631348
vt 2.3104043006896973 0.7475228309631348
vt 2.3104043006896973 0.8618521690368652
vt 2.3286211490631104 0.8618521690368652
vt 2.467607021331787 0.752286434173584
vt 2.4858238697052 0.752286434173584
vt 2.4858238697052 0.8666157722473145
vt 2.467607021331787 0.8666157722473145
vt -1.3433688879013062 0.747523307800293
vt -1.3433688879013062 0.8618526458740234
vt -1.152820110321045 0.8618526458740234
vt -1.152820110321045 0.747523307800293
vt -1.3386057615280151 0.8618521690368652
vt -1.3386057615280151 0.7475228309631348
vt -1.148056983947754 0.7475228309631348
vt -1.148056983947754 0.8618521690368652
vt 3.434223175048828 1.2711130380630493
vt 3.624772071838379 1.2711130380630493
vt 3.624772071838379 1.2528960704803467
vt 3.434223175048828 1.2528960704803467
vt 3.624772071838379 1.2711130380630493
vt 3.434223175048828 1.2711130380630493
vt 3.434223175048828 1.2528960704803467
vt 3.624772071838379 1.2528960704803467
vt 1.7460719347000122 0.5436201095581055
vt 1.747154951095581 0.5415940284729004
vt 1.7478216886520386 0.5393956899642944
vt 1.744614601135254 0.5453959703445435
vt 1.7428386211395264 0.5468531847000122
vt 1.7408127784729004 0.547936201095581
vt 1.7386143207550049 0.5486030578613281
vt 1.736328125 0.5488282442092896
vt 1.7340419292449951 0.5486030578613281
vt 1.7318435907363892 0.547936201095581
vt 1.7298176288604736 0.5468531847000122
vt 1.728041648864746 0.5453959703445435
vt 1.7265844345092773 0.5436201095581055
vt 1.725501298904419 0.5415940284729004
vt 1.7248345613479614 0.5393956899642944
vt 1.724609375 0.5371094942092896
vt 1.7248345613479614 0.5348232984542847
vt 1.725501298904419 0.5326249599456787
vt 1.7265844345092773 0.5305988788604736
vt 1.728041648864746 0.5288230180740356
vt 1.7298176288604736 0.5273658037185669
vt 1.7318435907363892 0.526282787322998
vt 1.7340419292449951 0.525615930557251
vt 1.736328125 0.5253907442092896
vt 1.7386143207550049 0.525615930557251
vt 1.7408127784729004 0.526282787322998
vt 1.7428386211395264 0.5273658037185669
vt 1.744614601135254 0.5288230180740356
vt 1.7460719347000122 0.5305988788604736
vt 1.747154951095581 0.5326249599456787
vt 1.7478216886520386 0.5348232984542847
vt 1.748046875 0.5371094942092896
vt -0.2539280652999878 0.5436201095581055
vt -0.25284504890441895 0.5415940284729004
vt -0.2521783113479614 0.5393956899642944
vt -0.2553853988647461 0.5453959703445435
vt -0.25716137886047363 0.5468531847000122
vt -0.2591872215270996 0.547936201095581
vt -0.2613856792449951 0.5486030578613281
vt -0.263671875 0.5488282442092896
vt -0.2659580707550049 0.5486030578613281
vt -0.26815640926361084 0.547936201095581
vt -0.27018237113952637 0.5468531847000122
vt -0.2719583511352539 0.5453959703445435
vt -0.27341556549072266 0.5436201095581055
vt -0.27449870109558105 0.5415940284729004
vt -0.2751654386520386 0.5393956899642944
vt -0.275390625 0.5371094942092896
vt -0.2751654386520386 0.5348232984542847
vt -0.27449870109558105 0.5326249599456787
vt -0.27341556549072266 0.5305988788604736
vt -0.2719583511352539 0.5288230180740356
vt -0.27018237113952637 0.5273658037185669
vt -0.26815640926361084 0.526282787322998
vt -0.2659580707550049 0.525615930557251
vt -0.263671875 0.5253907442092896
vt -0.2613856792449951 0.525615930557251
vt -0.2591872215270996 0.526282787322998
vt -0.25716137886047363 0.5273658037185669
vt -0.2553853988647461 0.5288230180740356
vt -0.2539280652999878 0.5305988788604736
vt -0.25284504890441895 0.5326249599456787
vt -0.2521783113479614 0.5348232984542847
vt -0.251953125 0.5371094942092896
vt 5.308642387390137 1.313873052597046
vt 5.349794387817383 1.313873052597046
vt 5.349794387817383 0.560577392578125
vt 5.308642387390137 0.560577392578125
vt 5.349794387817383 1.313873052597046
vt 5.308642387390137 1.313873052597046
vt 5.308642387390137 0.560577392578125
vt 5.349794387817383 0.560577392578125
vt -0.020576000213623047 4.013182878494263
vt -1.008230447769165 4.013182878494263
vt -1.008230447769165 5.001883506774902
vt -0.020576000213623047 5.001883506774902
vt -1.008230447769165 4.013182878494263
vt -0.020576000213623047 4.013182878494263
vt -0.020576000213623047 5.001883506774902
vt -1.008230447769165 5.001883506774902
vt 5.308642387390137 4.013182878494263
vt 5.308642387390137 5.001883506774902
vt 5.349794387817383 5.001883506774902
vt 5.349794387817383 4.013182878494263
vt 5.308642387390137 5.001883506774902
vt 5.308642387390137 4.013182878494263
vt 5.349794387817383 4.013182878494263
vt 5.349794387817383 5.001883506774902
vt 5.308642387390137 1.3138732612133026
vt 5.349794387817383 1.3138732612133026
vt 5.349794387817383 0.5605775117874146
vt 5.308642387390137 0.5605775117874146
vt 5.349794387817383 1.3138732612133026
vt 5.308642387390137 1.3138732612133026
vt 5.308642387390137 0.5605775117874146
vt 5.349794387817383 0.5605775117874146
vt -0.020576119422912598 4.013182878494263
vt -1.008230447769165 4.013182878494263
vt -1.008230447769165 5.001883506774902
vt -0.020576119422912598 5.001883506774902
vt -1.008230447769165 4.013182878494263
vt -0.020576119422912598 4.013182878494263
vt -0.020576119422912598 5.001883506774902
vt -1.008230447769165 5.001883506774902
vt 5.308642387390137 4.013182878494263
vt 5.308642387390137 5.001883506774902
vt 5.349794387817383 5.001883506774902
vt 5.349794387817383 4.013182878494263
vt 5.308642387390137 5.001883506774902
vt 5.308642387390137 4.013182878494263
vt 5.349794387817383 4.013182878494263
vt 5.349794387817383 5.001883506774902
vt 5.308642387390137 1.3138731122016907
vt 5.349794387817383 1.3138731122016907
vt 5.349794387817383 0.5605774521827698
vt 5.308642387390137 0.5605774521827698
vt 5.349794387817383 1.3138731122016907
vt 5.308642387390137 1.3138731122016907
vt 5.308642387390137 0.5605774521827698
vt 5.349794387817383 0.5605774521827698
vt -0.020576119422912598 4.013182878494263
vt -1.008230447769165 4.013182878494263
vt -1.008230447769165 5.001883506774902
vt -0.020576119422912598 5.001883506774902
vt -1.008230447769165 4.013182878494263
vt -0.020576119422912598 4.013182878494263
vt -0.020576119422912598 5.001883506774902
vt -1.008230447769165 5.001883506774902
vt 5.308642387390137 4.013182878494263
vt 5.308642387390137 5.001883506774902
vt 5.349794387817383 5.001883506774902
vt 5.349794387817383 4.013182878494263
vt 5.308642387390137 5.001883506774902
vt 5.308642387390137 4.013182878494263
vt 5.349794387817383 4.013182878494263
vt 5.349794387817383 5.001883506774902
vt 5.308642387390137 1.313873291015625
vt 5.349794387817383 1.313873291015625
vt 5.349794387817383 0.5605776309967041
vt 5.308642387390137 0.5605776309967041
vt 5.349794387817383 1.313873291015625
vt 5.308642387390137 1.313873291015625
vt 5.308642387390137 0.5605776309967041
vt 5.349794387817383 0.5605776309967041
vt -0.020576000213623047 4.013182878494263
vt -1.008230447769165 4.013182878494263
vt -1.008230447769165 5.001883506774902
vt -0.020576000213623047 5.001883506774902
vt -1.008230447769165 4.013182878494263
vt -0.020576000213623047 4.013182878494263
vt -0.020576000213623047 5.001883506774902
vt -1.008230447769165 5.001883506774902
vt 5.308642387390137 4.013182878494263
vt 5.308642387390137 5.001883506774902
vt 5.349794387817383 5.001883506774902
vt 5.349794387817383 4.013182878494263
vt 5.308642387390137 5.001883506774902
vt 5.308642387390137 4.013182878494263
vt 5.349794387817383 4.013182878494263
vt 5.349794387817383 5.001883506774902
vt 5.308642387390137 1.313873052597046
vt 5.349794864654541 1.313873052597046
vt 5.349794864654541 0.560577392578125
vt 5.308642387390137 0.560577392578125
vt 5.349794864654541 1.313873052597046
vt 5.308642387390137 1.313873052597046
vt 5.308642387390137 0.560577392578125
vt 5.349794864654541 0.560577392578125
vt -0.020576000213623047 4.013182878494263
vt -1.008230447769165 4.013182878494263
vt -1.008230447769165 5.001883506774902
vt -0.020576000213623047 5.001883506774902
vt -1.008230447769165 4.013182878494263
vt -0.020576000213623047 4.013182878494263
vt -0.020576000213623047 5.001883506774902
vt -1.008230447769165 5.001883506774902
vt 5.308642387390137 4.013182878494263
vt 5.308642387390137 5.001883506774902
vt 5.349794864654541 5.001883506774902
vt 5.349794864654541 4.013182878494263
vt 5.308642387390137 5.001883506774902
vt 5.308642387390137 4.013182878494263
vt 5.349794864654541 4.013182878494263
vt 5.349794864654541 5.001883506774902
vt 5.308642387390137 1.3138732314109802
vt 5.349794864654541 1.3138732314109802
vt 5.349794864654541 0.5605775117874146
vt 5.308642387390137 0.5605775117874146
vt 5.349794864654541 1.3138732314109802
vt 5.308642387390137 1.3138732314109802
vt 5.308642387390137 0.5605775117874146
vt 5.349794864654541 0.5605775117874146
vt -0.020576149225234985 4.013182878494263
vt -1.008230447769165 4.013182878494263
vt -1.008230447769165 5.001883506774902
vt -0.020576149225234985 5.001883506774902
vt -1.008230447769165 4.013182878494263
vt -0.020576149225234985 4.013182878494263
vt -0.020576149225234985 5.001883506774902
vt -1.008230447769165 5.001883506774902
vt 5.308642387390137 4.013182878494263
vt 5.308642387390137 5.001883506774902
vt 5.349794864654541 5.001883506774902
vt 5.349794864654541 4.013182878494263
vt 5.308642387390137 5.001883506774902
vt 5.308642387390137 4.013182878494263
vt 5.349794864654541 4.013182878494263
vt 5.349794864654541 5.001883506774902
vt 5.30864143371582 1.313873052597046
vt 5.349793434143066 1.313873052597046
vt 5.349793910980225 0.560577392578125
vt 5.30864143371582 0.560577392578125
vt 5.349793434143066 1.313873052597046
vt 5.30864143371582 1.313873052597046
vt 5.30864143371582 0.560577392578125
vt 5.349793910980225 0.560577392578125
vt -0.02057623863220215 4.013182878494263
vt -1.008230447769165 4.013182878494263
vt -1.008230447769165 5.001883506774902
vt -0.02057623863220215 5.001883506774902
vt -1.008230447769165 4.013182878494263
vt -0.02057623863220215 4.013182878494263
vt -0.02057623863220215 5.001883506774902
vt -1.008230447769165 5.001883506774902
vt 5.30864143371582 4.013182878494263
vt 5.30864143371582 5.001883506774902
vt 5.349793910980225 5.001883506774902
vt 5.349793910980225 4.013182878494263
vt 5.30864143371582 5.001883506774902
vt 5.30864143371582 4.013182878494263
vt 5.349793434143066 4.013182878494263
vt 5.349793434143066 5.001883506774902
vt 5.30864143371582 1.3138732314109802
vt 5.349793434143066 1.3138732314109802
vt 5.349793910980225 0.5605775117874146
vt 5.30864143371582 0.5605775117874146
vt 5.349793434143066 1.3138732314109802
vt 5.30864143371582 1.3138732314109802
vt 5.30864143371582 0.5605775117874146
vt 5.349793910980225 0.5605775117874146
vt -0.020576119422912598 4.013182878494263
vt -1.008230447769165 4.013182878494263
vt -1.008230447769165 5.001883506774902
vt -0.020576119422912598 5.001883506774902
vt -1.008230447769165 4.013182878494263
vt -0.020576119422912598 4.013182878494263
vt -0.020576119422912598 5.001883506774902
vt -1.008230447769165 5.001883506774902
vt 5.30864143371582 4.013182878494263
vt 5.30864143371582 5.001883506774902
vt 5.349793910980225 5.001883506774902
vt 5.349793910980225 4.013182878494263
vt 5.30864143371582 5.001883506774902
vt 5.30864143371582 4.013182878494263
vt 5.349793434143066 4.013182878494263
vt 5.349793434143066 5.001883506774902
vt 5.30864143371582 1.3138732314109802
vt 5.349793434143066 1.3138732314109802
vt 5.349793910980225 0.5605775117874146
vt 5.30864143371582 0.5605775117874146
vt 5.349793434143066 1.3138732314109802
vt 5.30864143371582 1.3138732314109802
vt 5.30864143371582 0.5605775117874146
vt 5.349793910980225 0.5605775117874146
vt -0.020576119422912598 4.013182878494263
vt -1.008230447769165 4.013182878494263
vt -1.008230447769165 5.001883506774902
vt -0.020576119422912598 5.001883506774902
vt -1.008230447769165 4.013182878494263
vt -0.020576119422912598 4.013182878494263
vt -0.020576119422912598 5.001883506774902
vt -1.008230447769165 5.001883506774902
vt 5.30864143371582 4.013182878494263
vt 5.30864143371582 5.001883506774902
vt 5.349793910980225 5.001883506774902
vt 5.349793910980225 4.013182878494263
vt 5.30864143371582 5.001883506774902
vt 5.30864143371582 4.013182878494263
vt 5.349793434143066 4.013182878494263
vt 5.349793434143066 5.001883506774902
vt -2.857142925262451 -1.681361436843872
vt -2.857142925262451 -1.6785712242126465
vt 2.857142925262451 -1.6785712242126465
vt 2.857142925262451 -1.681361436843872
vt -2.857142925262451 -1.6785712242126465
vt -2.857142925262451 -1.681361436843872
vt 2.857142925262451 -1.681361436843872
vt 2.857142925262451 -1.6785712242126465
vt -2.857142925262451 1.9821428656578064
vt 2.857142925262451 1.9821428656578064
vt 2.857142925262451 -1.8571429252624512
vt -2.857142925262451 -1.8571429252624512
vt 0.9821428656578064 -1.681361436843872
vt -2.857142925262451 -1.681361436843872
vt -2.857142925262451 -1.6785712242126465
vt 0.9821428656578064 -1.6785712242126465
vt -2.857142925262451 -1.681361436843872
vt 0.9821428656578064 -1.681361436843872
vt 0.9821428656578064 -1.6785712242126465
vt -2.857142925262451 -1.6785712242126465
vt -1.2265625 1.546875
vt -1.1796875 1.546875
vt -1.15625 1.5234375596046448
vt -1.25 1.5234375596046448
vt -1.2265625 1.5
vt -1.1796875 1.5
vt -1.25 1.5234375596046448
vt -1.2265625 1.5
vt -1.1796875 1.5
vt -1.2265625 1.546875
vt -1.1796875 1.546875
vt -1.15625 1.5234375596046448
vt -1.1796875 -2.875
vt -1.1796875 -2.03125
vt -1.15625 -2.03125
vt -1.15625 -2.875
vt -1.2265625 -2.875
vt -1.2265625 -2.03125
vt -1.1796875 -2.03125
vt -1.1796875 -2.875
vt -1.33984375 -2.875
vt -1.33984375 -2.03125
vt -1.31640625 -2.03125
vt -1.31640625 -2.875
vt -4.46875 1.62890625
vt -3.625 1.62890625
vt -3.625 1.6523438096046448
vt -4.46875 1.6523438096046448
vt -1.1796875 -2.875
vt -1.1796875 -2.03125
vt -1.2265625 -2.03125
vt -1.2265625 -2.875
vt -4.46875 1.5234375596046448
vt -3.625 1.5234375596046448
vt -3.625 1.5
vt -4.46875 1.5
vt -1.226562738418579 1.546875
vt -1.179687261581421 1.546875
vt -1.15625 1.5234375596046448
vt -1.25 1.5234375596046448
vt -1.226562738418579 1.5
vt -1.179687261581421 1.5
vt -1.25 1.5234375596046448
vt -1.2265625 1.5
vt -1.179687261581421 1.5
vt -1.2265625 1.546875
vt -1.179687261581421 1.546875
vt -1.15625 1.5234375596046448
vt -1.179687261581421 -5.718749523162842
vt -1.179687261581421 -2.03125
vt -1.15625 -2.031250238418579
vt -1.15625 -5.71875
vt -1.226562738418579 -5.718749523162842
vt -1.2265625 -2.031250238418579
vt -1.179687261581421 -2.03125
vt -1.179687261581421 -5.718749523162842
vt -1.33984375 -5.71875
vt -1.33984375 -2.03125
vt -1.31640625 -2.031250238418579
vt -1.316406488418579 -5.718749523162842
vt -7.312498569488525 1.62890625
vt -3.6249992847442627 1.62890625
vt -3.6249990463256836 1.6523438096046448
vt -7.312499046325684 1.6523438096046448
vt -1.179687261581421 -5.718749523162842
vt -1.179687261581421 -2.03125
vt -1.2265625 -2.031250238418579
vt -1.226562738418579 -5.718749523162842
vt -7.312499046325684 1.5234375596046448
vt -3.6249992847442627 1.5234375596046448
vt -3.6249990463256836 1.5
vt -7.312498569488525 1.5
vt -1.2265625 1.546875
vt -1.1796875 1.546875
vt -1.15625 1.5234375596046448
vt -1.25 1.5234375596046448
vt -1.2265625 1.5
vt -1.1796875 1.5
vt -1.25 1.5234375596046448
vt -1.2265625 1.5
vt -1.1796875 1.5
vt -1.2265625 1.546875
vt -1.1796875 1.546875
vt -1.15625 1.5234375596046448
vt -1.1796875 -2.875
vt -1.1796875 -2.03125
vt -1.15625 -2.03125
vt -1.15625 -2.875
vt -1.2265625 -2.875
vt -1.2265625 -2.03125
vt -1.1796875 -2.03125
vt -1.1796875 -2.875
vt -1.33984375 -2.875
vt -1.33984375 -2.03125
vt -1.31640625 -2.03125
vt -1.31640625 -2.875
vt -4.46875 1.62890625
vt -3.625 1.62890625
vt -3.625 1.6523438096046448
vt -4.46875 1.6523438096046448
vt -1.1796875 -2.875
vt -1.1796875 -2.03125
vt -1.2265625 -2.03125
vt -1.2265625 -2.875
vt -4.46875 1.5234375596046448
vt -3.625 1.5234375596046448
vt -3.625 1.5
vt -4.46875 1.5
vt -1.2265625 1.546875
vt -1.1796875 1.546875
vt -1.15625 1.5234375596046448
vt -1.25 1.5234375596046448
vt -1.2265625 1.5
vt -1.1796875 1.5
vt -1.25 1.5234375596046448
vt -1.2265625 1.5
vt -1.1796875 1.5
vt -1.2265625 1.546875
vt -1.1796875 1.546875
vt -1.15625 1.5234375596046448
vt -1.1796875 -2.875
vt -1.1796875 -2.03125
vt -1.15625 -2.03125
vt -1.15625 -2.875
vt -1.2265625 -2.875
vt -1.2265625 -2.03125
vt -1.1796875 -2.03125
vt -1.1796875 -2.875
vt -1.33984375 -2.875
vt -1.33984375 -2.03125
vt -1.31640625 -2.03125
vt -1.31640625 -2.875
vt -4.46875 1.62890625
vt -3.625 1.62890625
vt -3.625 1.6523438096046448
vt -4.46875 1.6523438096046448
vt -1.1796875 -2.875
vt -1.1796875 -2.03125
vt -1.2265625 -2.03125
vt -1.2265625 -2.875
vt -4.46875 1.5234375596046448
vt -3.625 1.5234375596046448
vt -3.625 1.5
vt -4.46875 1.5
vt -1.226562738418579 1.546875
vt -1.1796875 1.546875
vt -1.156250238418579 1.5234375596046448
vt -1.250000238418579 1.5234375596046448
vt -1.226562738418579 1.5
vt -1.1796875 1.5
vt -1.249999761581421 1.5234375596046448
vt -1.226562261581421 1.5
vt -1.179687261581421 1.5
vt -1.226562261581421 1.546875
vt -1.179687261581421 1.546875
vt -1.15625 1.5234375596046448
vt -1.1796875 -5.71875
vt -1.179687261581421 -2.031250476837158
vt -1.15625 -2.031250476837158
vt -1.156250238418579 -5.71875
vt -1.226562738418579 -5.71875
vt -1.226562261581421 -2.0312507152557373
vt -1.179687261581421 -2.031250476837158
vt -1.1796875 -5.71875
vt -1.339843988418579 -5.71875
vt -1.339843511581421 -2.031250476837158
vt -1.316406011581421 -2.0312507152557373
vt -1.316406488418579 -5.71875
vt -7.312498569488525 1.62890625
vt -3.6249992847442627 1.62890625
vt -3.6249990463256836 1.6523438096046448
vt -7.312498569488525 1.6523438096046448
vt -1.1796875 -5.71875
vt -1.179687261581421 -2.031250476837158
vt -1.226562261581421 -2.0312507152557373
vt -1.226562738418579 -5.71875
vt -7.312499046325684 1.5234375596046448
vt -3.6249990463256836 1.5234375596046448
vt -3.6249990463256836 1.5
vt -7.312498569488525 1.5
vt -1.2265625 1.546875
vt -1.1796875 1.546875
vt -1.15625 1.5234375596046448
vt -1.25 1.5234375596046448
vt -1.2265625 1.5
vt -1.1796875 1.5
vt -1.25 1.5234375596046448
vt -1.2265625 1.5
vt -1.1796875 1.5
vt -1.2265625 1.546875
vt -1.1796875 1.546875
vt -1.15625 1.5234375596046448
vt -1.1796875 -2.875
vt -1.1796875 -2.03125
vt -1.15625 -2.03125
vt -1.15625 -2.875
vt -1.2265625 -2.875
vt -1.2265625 -2.03125
vt -1.1796875 -2.03125
vt -1.1796875 -2.875
vt -1.33984375 -2.875
vt -1.33984375 -2.03125
vt -1.31640625 -2.03125
vt -1.31640625 -2.875
vt -4.46875 1.62890625
vt -3.625 1.62890625
vt -3.625 1.6523438096046448
vt -4.46875 1.6523438096046448
vt -1.1796875 -2.875
vt -1.1796875 -2.03125
vt -1.2265625 -2.03125
vt -1.2265625 -2.875
vt -4.46875 1.5234375596046448
vt -3.625 1.5234375596046448
vt -3.625 1.5
vt -4.46875 1.5
vt -1.2265625 1.546875
vt -1.1796875 1.546875
vt -1.15625 1.5234375596046448
vt -1.25 1.5234375596046448
vt -1.2265625 1.5
vt -1.1796875 1.5
vt -1.2500007152557373 1.5234375596046448
vt -1.2265632152557373 1.5
vt -1.1796882152557373 1.5
vt -1.2265632152557373 1.546875
vt -1.1796882152557373 1.546875
vt -1.1562507152557373 1.5234375596046448
vt -1.1796875 -2.875
vt -1.1796882152557373 4.875
vt -1.1562507152557373 4.875
vt -1.15625 -2.875
vt -1.2265625 -2.875
vt -1.2265632152557373 4.875
vt -1.1796882152557373 4.875
vt -1.1796875 -2.875
vt -1.33984375 -2.875
vt -1.3398444652557373 4.875
vt -1.3164069652557373 4.875
vt -1.31640625 -2.875
vt -4.46875 1.62890625
vt 3.28125 1.62890625
vt 3.28125 1.6523438096046448
vt -4.46875 1.6523438096046448
vt -1.1796875 -2.875
vt -1.1796882152557373 4.875
vt -1.2265632152557373 4.875
vt -1.2265625 -2.875
vt -4.46875 1.5234375596046448
vt 3.28125 1.5234375596046448
vt 3.28125 1.5
vt -4.46875 1.5

g RoomMesh_Geometry
f 1/1 2/2 3/3
f 1/1 4/4 2/2
f 1/1 5/5 4/4
f 1/1 6/6 5/5
f 1/1 7/7 6/6
f 1/1 8/8 7/7
f 1/1 9/9 8/8
f 1/1 10/10 9/9
f 1/1 11/11 10/10
f 1/1 12/12 11/11
f 1/1 13/13 12/12
f 1/1 14/14 13/13
f 1/1 15/15 14/14
f 1/1 3/3 15/15
f 16/16 3/3 2/2
f 3/3 16/16 17/17
f 18/18 2/2 4/4
f 2/2 18/18 16/16
f 19/19 4/4 5/5
f 4/4 19/19 18/18
f 20/20 5/5 6/6
f 5/5 20/20 19/19
f 21/21 6/6 7/7
f 6/6 21/21 20/20
f 22/22 7/7 8/8
f 7/7 22/22 21/21
f 23/23 8/8 9/9
f 8/8 23/23 22/22
f 24/24 9/9 10/10
f 9/9 24/24 23/23
f 25/25 10/10 11/11
f 10/10 25/25 24/24
f 26/26 11/11 12/12
f 11/11 26/26 25/25
f 27/27 12/12 13/13
f 12/12 27/27 26/26
f 28/28 13/13 14/14
f 13/13 28/28 27/27
f 29/29 14/14 15/15
f 14/14 29/29 28/28
f 17/17 15/15 3/3
f 15/15 17/17 29/29
f 30/30 17/17 16/16
f 17/17 30/30 31/31
f 32/32 16/16 18/18
f 16/16 32/32 30/30
f 33/33 18/18 19/19
f 18/18 33/33 32/32
f 34/34 19/19 20/20
f 19/19 34/34 33/33
f 35/35 20/20 21/21
f 20/20 35/35 34/34
f 36/36 21/21 22/22
f 21/21 36/36 35/35
f 37/37 22/22 23/23
f 22/22 37/37 36/36
f 38/38 23/23 24/24
f 23/23 38/38 37/37
f 39/39 24/24 25/25
f 24/24 39/39 38/38
f 40/40 25/25 26/26
f 25/25 40/40 39/39
f 41/41 26/26 27/27
f 26/26 41/41 40/40
f 42/42 27/27 28/28
f 27/27 42/42 41/41
f 43/43 28/28 29/29
f 28/28 43/43 42/42
f 31/31 29/29 17/17
f 29/29 31/31 43/43
f 44/44 45/45 46/46
f 47/47 44/44 48/48
f 49/49 50/50 51/51
f 52/52 49/49 44/44
f 53/53 54/54 55/55
f 56/56 53/53 49/49
f 57/57 58/58 59/59
f 58/58 57/57 53/53
f 60/60 61/61 62/62
f 61/61 60/60 57/57
f 63/63 64/64 65/65
f 66/66 63/63 60/60
f 67/67 68/68 69/69
f 70/70 67/67 63/63
f 71/71 72/72 73/73
f 74/74 71/71 75/75
f 76/76 77/77 78/78
f 79/79 76/76 71/71
f 80/80 81/81 82/82
f 81/81 80/80 76/76
f 83/83 84/84 85/85
f 86/86 83/83 80/80
f 87/87 88/88 89/89
f 88/88 87/87 83/83
f 90/90 91/91 92/92
f 91/91 90/90 87/87
f 48/48 93/93 94/94
f 95/95 48/48 90/90
f 96/96 97/97 98/98
f 99/99 96/96 100/100
f 101/101 102/102 103/103
f 104/104 101/101 96/96
f 105/105 106/106 107/107
f 108/108 105/105 101/101
f 109/109 110/110 111/111
f 112/112 109/109 105/105
f 113/113 114/114 115/115
f 114/114 113/113 109/109
f 116/116 117/117 118/118
f 119/119 116/116 113/113
f 120/120 121/121 122/122
f 123/123 120/120 116/116
f 124/124 125/125 126/126
f 127/127 124/124 120/120
f 128/128 129/129 130/130
f 131/131 128/128 124/124
f 132/132 133/133 134/134
f 135/135 132/132 128/128
f 136/136 137/137 138/138
f 139/139 136/136 132/132
f 140/140 141/141 142/142
f 143/143 140/140 136/136
f 144/144 145/145 146/146
f 145/145 144/144 140/140
f 100/100 147/147 148/148
f 149/149 100/100 144/144
f 150/150 100/100 96/96
f 100/100 150/150 151/151
f 152/152 96/96 101/101
f 96/96 152/152 150/150
f 153/153 101/101 105/105
f 101/101 153/153 152/152
f 154/154 105/105 109/109
f 105/105 154/154 153/153
f 155/155 109/109 113/113
f 109/109 155/155 154/154
f 156/156 113/113 116/116
f 113/113 156/156 155/155
f 157/157 116/116 120/120
f 116/116 157/157 156/156
f 158/158 120/120 124/124
f 120/120 158/158 157/157
f 159/159 124/124 128/128
f 124/124 159/159 158/158
f 160/160 128/128 132/132
f 128/128 160/160 159/159
f 161/161 132/132 136/136
f 132/132 161/161 160/160
f 162/162 136/136 140/140
f 136/136 162/162 161/161
f 163/163 140/140 144/144
f 140/140 163/163 162/162
f 151/151 144/144 100/100
f 144/144 151/151 163/163
f 164/164 151/151 150/150
f 164/164 150/150 152/152
f 164/164 152/152 153/153
f 164/164 153/153 154/154
f 164/164 154/154 155/155
f 164/164 155/155 156/156
f 164/164 156/156 157/157
f 164/164 157/157 158/158
f 164/164 158/158 159/159
f 164/164 159/159 160/160
f 164/164 160/160 161/161
f 164/164 161/161 162/162
f 164/164 162/162 163/163
f 164/164 163/163 151/151
f 165/165 166/166 167/167
f 166/166 165/165 168/168
f 169/169 170/170 171/171
f 170/170 169/169 172/172
f 173/173 174/174 175/175
f 174/174 173/173 176/176
f 177/177 178/178 179/179
f 178/178 177/177 180/180
f 181/181 182/182 183/183
f 182/182 181/181 184/184
f 185/185 186/186 187/187
f 186/186 185/185 188/188
f 187/187 189/189 190/190
f 189/189 187/187 186/186
f 190/190 191/191 192/192
f 191/191 190/190 189/189
f 192/192 193/193 194/194
f 193/193 192/192 191/191
f 194/194 195/195 196/196
f 195/195 194/194 193/193
f 196/196 197/197 198/198
f 197/197 196/196 195/195
f 198/198 199/199 200/200
f 199/199 198/198 197/197
f 200/200 201/201 202/202
f 201/201 200/200 199/199
f 202/202 203/203 204/204
f 203/203 202/202 201/201
f 205/205 188/188 185/185
f 188/188 205/205 206/206
f 207/207 208/208 209/209
f 208/208 207/207 210/210
f 208/208 211/211 209/209
f 211/211 208/208 212/212
f 211/211 213/213 214/214
f 213/213 211/211 212/212
f 210/210 215/215 208/208
f 215/215 210/210 216/216
f 212/212 217/217 213/213
f 217/217 212/212 218/218
f 216/216 219/219 215/215
f 219/219 216/216 220/220
f 219/219 218/218 215/215
f 218/218 219/219 221/221
f 218/218 222/222 217/217
f 222/222 218/218 221/221
f 223/223 207/207 224/224
f 207/207 223/223 210/210
f 225/225 209/209 226/226
f 209/209 225/225 207/207
f 226/226 227/227 228/228
f 227/227 226/226 209/209
f 228/228 214/214 229/229
f 214/214 228/228 227/227
f 230/230 213/213 231/231
f 213/213 230/230 214/214
f 231/231 217/217 232/232
f 217/217 231/231 213/213
f 232/232 222/222 233/233
f 222/222 232/232 217/217
f 234/234 221/221 235/235
f 221/221 234/234 222/222
f 235/235 219/219 236/236
f 219/219 235/235 221/221
f 236/236 220/220 237/237
f 220/220 236/236 219/219
f 238/238 216/216 239/239
f 216/216 238/238 220/220
f 239/239 210/210 223/223
f 210/210 239/239 216/216
f 240/240 215/215 241/241
f 215/215 240/240 208/208
f 242/242 218/218 243/243
f 218/218 242/242 215/215
f 244/244 245/245 246/246
f 245/245 244/244 218/218
f 247/247 208/208 248/248
f 208/208 247/247 249/249
f 250/250 251/251 252/252
f 251/251 250/250 253/253
f 250/250 254/254 255/255
f 254/254 250/250 252/252
f 256/256 255/255 257/257
f 255/255 256/256 250/250
f 256/256 258/258 259/259
f 258/258 256/256 257/257
f 260/260 259/259 261/261
f 259/259 260/260 256/256
f 253/253 262/262 263/263
f 262/262 253/253 260/260
f 253/253 264/264 251/251
f 264/264 253/253 263/263
f 260/260 265/265 262/262
f 265/265 260/260 261/261
f 266/266 267/267 268/268
f 267/267 266/266 269/269
f 268/268 270/270 271/271
f 270/270 268/268 267/267
f 271/271 272/272 273/273
f 272/272 271/271 270/270
f 273/273 274/274 275/275
f 274/274 273/273 272/272
f 275/275 276/276 277/277
f 276/276 275/275 274/274
f 277/277 278/278 279/279
f 278/278 277/277 276/276
f 280/280 281/281 282/282
f 281/281 280/280 283/283
f 282/282 284/284 285/285
f 284/284 282/282 281/281
f 285/285 286/286 287/287
f 286/286 285/285 284/284
f 287/287 269/269 266/266
f 269/269 287/287 286/286
f 288/288 289/289 290/290
f 289/289 288/288 291/291
f 292/292 293/293 294/294
f 293/293 292/292 295/295
f 296/296 297/297 298/298
f 297/297 296/296 299/299
f 300/300 301/301 302/302
f 301/301 300/300 303/303
f 304/304 305/305 306/306
f 305/305 304/304 307/307
f 308/308 309/309 310/310
f 309/309 308/308 311/311
f 312/312 313/313 314/314
f 313/313 312/312 315/315
f 316/316 317/317 318/318
f 317/317 316/316 319/319
f 320/320 321/321 322/322
f 321/321 320/320 323/323
f 324/324 325/325 326/326
f 325/325 324/324 327/327
f 328/328 329/329 330/330
f 329/329 328/328 331/331
f 330/330 332/332 333/333
f 332/332 330/330 329/329
f 333/333 334/334 335/335
f 334/334 333/333 332/332
f 335/335 336/336 337/337
f 336/336 335/335 334/334
f 337/337 338/338 339/339
f 338/338 337/337 336/336
f 339/339 340/340 341/341
f 340/340 339/339 338/338
f 342/342 343/343 344/344
f 343/343 342/342 345/345
f 344/344 346/346 347/347
f 346/346 344/344 343/343
f 347/347 348/348 349/349
f 348/348 347/347 346/346
f 349/349 331/331 328/328
f 331/331 349/349 348/348
f 350/350 351/351 352/352
f 351/351 350/350 353/353
f 352/352 354/354 355/355
f 354/354 352/352 351/351
f 355/355 356/356 357/357
f 356/356 355/355 354/354
f 357/357 358/358 359/359
f 358/358 357/357 356/356
f 359/359 360/360 361/361
f 360/360 359/359 358/358
f 361/361 362/362 363/363
f 362/362 361/361 360/360
f 363/363 364/364 365/365
f 364/364 363/363 362/362
f 365/365 366/366 367/367
f 366/366 365/365 364/364
f 367/367 368/368 369/369
f 368/368 367/367 366/366
f 370/370 353/353 350/350
f 353/353 370/370 371/371
f 372/372 373/373 374/374
f 373/373 372/372 375/375
f 376/376 377/377 378/378
f 377/377 376/376 379/379
f 380/380 381/381 382/382
f 381/381 380/380 383/383
f 384/384 385/385 386/386
f 385/385 384/384 387/387
f 388/388 389/389 390/390
f 389/389 388/388 391/391
f 392/392 393/393 394/394
f 392/392 394/394 395/395
f 392/392 395/395 396/396
f 392/392 396/396 397/397
f 392/392 397/397 398/398
f 392/392 398/398 399/399
f 392/392 399/399 400/400
f 392/392 400/400 401/401
f 392/392 401/401 402/402
f 392/392 402/402 393/393
f 403/403 404/404 405/405
f 404/404 403/403 406/406
f 405/405 407/407 408/408
f 407/407 405/405 409/409
f 408/408 410/410 411/411
f 410/410 408/408 412/412
f 411/411 413/413 414/414
f 413/413 411/411 415/415
f 414/414 416/416 417/417
f 416/416 414/414 418/418
f 417/417 419/419 420/420
f 419/419 417/417 421/421
f 422/422 423/423 424/424
f 423/423 422/422 425/425
f 424/424 426/426 427/427
f 426/426 424/424 428/428
f 427/427 429/429 430/430
f 429/429 427/427 431/431
f 403/403 432/432 433/433
f 432/432 403/403 430/430
f 434/434 435/435 436/436
f 434/434 436/436 437/437
f 434/434 437/437 438/438
f 434/434 438/438 439/439
f 434/434 439/439 440/440
f 434/434 440/440 441/441
f 434/434 441/441 442/442
f 434/434 442/442 443/443
f 434/434 443/443 444/444
f 434/434 444/444 435/435
f 445/445 446/446 447/447
f 448/448 445/445 449/449
f 447/447 450/450 451/451
f 450/450 447/447 452/452
f 451/451 453/453 454/454
f 453/453 451/451 455/455
f 454/454 456/456 457/457
f 456/456 454/454 458/458
f 459/459 460/460 461/461
f 462/462 463/463 464/464
f 461/461 465/465 466/466
f 467/467 461/461 468/468
f 466/466 469/469 470/470
f 471/471 466/466 472/472
f 470/470 473/473 474/474
f 473/473 470/470 475/475
f 474/474 476/476 477/477
f 476/476 474/474 478/478
f 445/445 479/479 480/480
f 481/481 445/445 477/477
f 482/482 483/483 484/484
f 482/482 485/485 483/483
f 482/482 486/486 485/485
f 482/482 487/487 486/486
f 482/482 488/488 487/487
f 482/482 489/489 488/488
f 482/482 490/490 489/489
f 482/482 491/491 490/490
f 482/482 492/492 491/491
f 482/482 493/493 492/492
f 482/482 494/494 493/493
f 482/482 495/495 494/494
f 482/482 496/496 495/495
f 482/482 484/484 496/496
f 497/497 484/484 483/483
f 484/484 497/497 498/498
f 499/499 483/483 485/485
f 483/483 499/499 497/497
f 500/500 485/485 486/486
f 485/485 500/500 499/499
f 501/501 486/486 487/487
f 486/486 501/501 500/500
f 502/502 487/487 488/488
f 487/487 502/502 501/501
f 503/503 488/488 489/489
f 488/488 503/503 502/502
f 504/504 489/489 490/490
f 489/489 504/504 503/503
f 505/505 490/490 491/491
f 490/490 505/505 504/504
f 506/506 491/491 492/492
f 491/491 506/506 505/505
f 507/507 492/492 493/493
f 492/492 507/507 506/506
f 508/508 493/493 494/494
f 493/493 508/508 507/507
f 509/509 494/494 495/495
f 494/494 509/509 508/508
f 510/510 495/495 496/496
f 495/495 510/510 509/509
f 498/498 496/496 484/484
f 496/496 498/498 510/510
f 511/511 498/498 497/497
f 498/498 511/511 512/512
f 513/513 497/497 499/499
f 497/497 513/513 511/511
f 514/514 499/499 500/500
f 499/499 514/514 513/513
f 515/515 500/500 501/501
f 500/500 515/515 514/514
f 516/516 501/501 502/502
f 501/501 516/516 515/515
f 517/517 502/502 503/503
f 502/502 517/517 516/516
f 518/518 503/503 504/504
f 503/503 518/518 517/517
f 519/519 504/504 505/505
f 504/504 519/519 518/518
f 520/520 505/505 506/506
f 505/505 520/520 519/519
f 521/521 506/506 507/507
f 506/506 521/521 520/520
f 522/522 507/507 508/508
f 507/507 522/522 521/521
f 523/523 508/508 509/509
f 508/508 523/523 522/522
f 524/524 509/509 510/510
f 509/509 524/524 523/523
f 512/512 510/510 498/498
f 510/510 512/512 524/524
f 525/525 526/526 527/527
f 528/528 525/525 529/529
f 530/530 531/531 532/532
f 533/533 530/530 525/525
f 534/534 535/535 536/536
f 537/537 534/534 530/530
f 538/538 539/539 540/540
f 539/539 538/538 534/534
f 541/541 542/542 543/543
f 542/542 541/541 538/538
f 544/544 545/545 546/546
f 547/547 544/544 541/541
f 548/548 549/549 550/550
f 551/551 548/548 544/544
f 552/552 553/553 554/554
f 555/555 552/552 556/556
f 557/557 558/558 559/559
f 560/560 557/557 552/552
f 561/561 562/562 563/563
f 562/562 561/561 557/557
f 564/564 565/565 566/566
f 567/567 564/564 561/561
f 568/568 569/569 570/570
f 569/569 568/568 564/564
f 571/571 572/572 573/573
f 572/572 571/571 568/568
f 529/529 574/574 575/575
f 576/576 529/529 571/571
f 577/577 578/578 579/579
f 580/580 577/577 581/581
f 582/582 583/583 584/584
f 585/585 582/582 577/577
f 586/586 587/587 588/588
f 589/589 586/586 582/582
f 590/590 591/591 592/592
f 593/593 590/590 586/586
f 594/594 595/595 596/596
f 595/595 594/594 590/590
f 597/597 598/598 599/599
f 600/600 597/597 594/594
f 601/601 602/602 603/603
f 604/604 601/601 597/597
f 605/605 606/606 607/607
f 608/608 605/605 601/601
f 609/609 610/610 611/611
f 612/612 609/609 605/605
f 613/613 614/614 615/615
f 616/616 613/613 609/609
f 617/617 618/618 619/619
f 620/620 617/617 613/613
f 621/621 622/622 623/623
f 624/624 621/621 617/617
f 625/625 626/626 627/627
f 626/626 625/625 621/621
f 581/581 628/628 629/629
f 630/630 581/581 625/625
f 631/631 581/581 577/577
f 581/581 631/631 632/632
f 633/633 577/577 582/582
f 577/577 633/633 631/631
f 634/634 582/582 586/586
f 582/582 634/634 633/633
f 635/635 586/586 590/590
f 586/586 635/635 634/634
f 636/636 590/590 594/594
f 590/590 636/636 635/635
f 637/637 594/594 597/597
f 594/594 637/637 636/636
f 638/638 597/597 601/601
f 597/597 638/638 637/637
f 639/639 601/601 605/605
f 601/601 639/639 638/638
f 640/640 605/605 609/609
f 605/605 640/640 639/639
f 641/641 609/609 613/613
f 609/609 641/641 640/640
f 642/642 613/613 617/617
f 613/613 642/642 641/641
f 643/643 617/617 621/621
f 617/617 643/643 642/642
f 644/644 621/621 625/625
f 621/621 644/644 643/643
f 632/632 625/625 581/581
f 625/625 632/632 644/644
f 645/645 632/632 631/631
f 645/645 631/631 633/633
f 645/645 633/633 634/634
f 645/645 634/634 635/635
f 645/645 635/635 636/636
f 645/645 636/636 637/637
f 645/645 637/637 638/638
f 645/645 638/638 639/639
f 645/645 639/639 640/640
f 645/645 640/640 641/641
f 645/645 641/641 642/642
f 645/645 642/642 643/643
f 645/645 643/643 644/644
f 645/645 644/644 632/632
f 646/646 647/647 648/648
f 647/647 646/646 649/649
f 650/650 651/651 652/652
f 651/651 650/650 653/653
f 654/654 655/655 656/656
f 655/655 654/654 657/657
f 658/658 659/659 660/660
f 659/659 658/658 661/661
f 662/662 663/663 664/664
f 663/663 662/662 665/665
f 666/666 667/667 668/668
f 667/667 666/666 669/669
f 668/668 670/670 671/671
f 670/670 668/668 667/667
f 671/671 672/672 673/673
f 672/672 671/671 670/670
f 673/673 674/674 675/675
f 674/674 673/673 672/672
f 675/675 676/676 677/677
f 676/676 675/675 674/674
f 677/677 678/678 679/679
f 678/678 677/677 676/676
f 679/679 680/680 681/681
f 680/680 679/679 678/678
f 681/681 682/682 683/683
f 682/682 681/681 680/680
f 683/683 684/684 685/685
f 684/684 683/683 682/682
f 686/686 669/669 666/666
f 669/669 686/686 687/687
f 688/688 689/689 690/690
f 689/689 688/688 691/691
f 689/689 692/692 690/690
f 692/692 689/689 693/693
f 692/692 694/694 695/695
f 694/694 692/692 693/693
f 691/691 696/696 689/689
f 696/696 691/691 697/697
f 693/693 698/698 694/694
f 698/698 693/693 699/699
f 697/697 700/700 696/696
f 700/700 697/697 701/701
f 700/700 699/699 696/696
f 699/699 700/700 702/702
f 699/699 703/703 698/698
f 703/703 699/699 702/702
f 704/704 688/688 705/705
f 688/688 704/704 691/691
f 706/706 690/690 707/707
f 690/690 706/706 688/688
f 707/707 708/708 709/709
f 708/708 707/707 690/690
f 709/709 695/695 710/710
f 695/695 709/709 708/708
f 711/711 694/694 712/712
f 694/694 711/711 695/695
f 712/712 698/698 713/713
f 698/698 712/712 694/694
f 713/713 703/703 714/714
f 703/703 713/713 698/698
f 715/715 702/702 716/716
f 702/702 715/715 703/703
f 716/716 700/700 717/717
f 700/700 716/716 702/702
f 717/717 701/701 718/718
f 701/701 717/717 700/700
f 719/719 697/697 720/720
f 697/697 719/719 701/701
f 720/720 691/691 704/704
f 691/691 720/720 697/697
f 721/721 696/696 722/722
f 696/696 721/721 689/689
f 723/723 699/699 724/724
f 699/699 723/723 696/696
f 725/725 726/726 727/727
f 726/726 725/725 699/699
f 728/728 689/689 729/729
f 689/689 728/728 730/730
f 731/731 732/732 733/733
f 732/732 731/731 734/734
f 731/731 735/735 736/736
f 735/735 731/731 733/733
f 737/737 736/736 738/738
f 736/736 737/737 731/731
f 737/737 739/739 740/740
f 739/739 737/737 738/738
f 741/741 740/740 742/742
f 740/740 741/741 737/737
f 734/734 743/743 744/744
f 743/743 734/734 741/741
f 734/734 745/745 732/732
f 745/745 734/734 744/744
f 741/741 746/746 743/743
f 746/746 741/741 742/742
f 747/747 748/748 749/749
f 748/748 747/747 750/750
f 749/749 751/751 752/752
f 751/751 749/749 748/748
f 752/752 753/753 754/754
f 753/753 752/752 751/751
f 754/754 755/755 756/756
f 755/755 754/754 753/753
f 756/756 757/757 758/758
f 757/757 756/756 755/755
f 758/758 759/759 760/760
f 759/759 758/758 757/757
f 761/761 762/762 763/763
f 762/762 761/761 764/764
f 763/763 765/765 766/766
f 765/765 763/763 762/762
f 766/766 767/767 768/768
f 767/767 766/766 765/765
f 768/768 750/750 747/747
f 750/750 768/768 767/767
f 769/769 770/770 771/771
f 770/770 769/769 772/772
f 773/773 774/774 775/775
f 774/774 773/773 776/776
f 777/777 778/778 779/779
f 778/778 777/777 780/780
f 781/781 782/782 783/783
f 782/782 781/781 784/784
f 785/785 786/786 787/787
f 786/786 785/785 788/788
f 789/789 790/790 791/791
f 790/790 789/789 792/792
f 793/793 794/794 795/795
f 794/794 793/793 796/796
f 797/797 798/798 799/799
f 798/798 797/797 800/800
f 801/801 802/802 803/803
f 802/802 801/801 804/804
f 805/805 806/806 807/807
f 806/806 805/805 808/808
f 809/809 810/810 811/811
f 810/810 809/809 812/812
f 811/811 813/813 814/814
f 813/813 811/811 810/810
f 814/814 815/815 816/816
f 815/815 814/814 813/813
f 816/816 817/817 818/818
f 817/817 816/816 815/815
f 818/818 819/819 820/820
f 819/819 818/818 817/817
f 820/820 821/821 822/822
f 821/821 820/820 819/819
f 823/823 824/824 825/825
f 824/824 823/823 826/826
f 825/825 827/827 828/828
f 827/827 825/825 824/824
f 828/828 829/829 830/830
f 829/829 828/828 827/827
f 830/830 812/812 809/809
f 812/812 830/830 829/829
f 831/831 832/832 833/833
f 832/832 831/831 834/834
f 833/833 835/835 836/836
f 835/835 833/833 832/832
f 836/836 837/837 838/838
f 837/837 836/836 835/835
f 838/838 839/839 840/840
f 839/839 838/838 837/837
f 840/840 841/841 842/842
f 841/841 840/840 839/839
f 842/842 843/843 844/844
f 843/843 842/842 841/841
f 844/844 845/845 846/846
f 845/845 844/844 843/843
f 846/846 847/847 848/848
f 847/847 846/846 845/845
f 848/848 849/849 850/850
f 849/849 848/848 847/847
f 851/851 834/834 831/831
f 834/834 851/851 852/852
f 853/853 854/854 855/855
f 854/854 853/853 856/856
f 857/857 858/858 859/859
f 858/858 857/857 860/860
f 861/861 862/862 863/863
f 862/862 861/861 864/864
f 865/865 866/866 867/867
f 866/866 865/865 868/868
f 869/869 870/870 871/871
f 870/870 869/869 872/872
f 873/873 874/874 875/875
f 873/873 875/875 876/876
f 873/873 876/876 877/877
f 873/873 877/877 878/878
f 873/873 878/878 879/879
f 873/873 879/879 880/880
f 873/873 880/880 881/881
f 873/873 881/881 882/882
f 873/873 882/882 883/883
f 873/873 883/883 874/874
f 884/884 885/885 886/886
f 885/885 884/884 887/887
f 886/886 888/888 889/889
f 888/888 886/886 890/890
f 889/889 891/891 892/892
f 891/891 889/889 893/893
f 892/892 894/894 895/895
f 894/894 892/892 896/896
f 895/895 897/897 898/898
f 897/897 895/895 899/899
f 898/898 900/900 901/901
f 900/900 898/898 902/902
f 903/903 904/904 905/905
f 904/904 903/903 906/906
f 905/905 907/907 908/908
f 907/907 905/905 909/909
f 908/908 910/910 911/911
f 910/910 908/908 912/912
f 884/884 913/913 914/914
f 913/913 884/884 911/911
f 915/915 916/916 917/917
f 915/915 917/917 918/918
f 915/915 918/918 919/919
f 915/915 919/919 920/920
f 915/915 920/920 921/921
f 915/915 921/921 922/922
f 915/915 922/922 923/923
f 915/915 923/923 924/924
f 915/915 924/924 925/925
f 915/915 925/925 916/916
f 926/926 927/927 928/928
f 929/929 926/926 930/930
f 928/928 931/931 932/932
f 931/931 928/928 933/933
f 932/932 934/934 935/935
f 934/934 932/932 936/936
f 935/935 937/937 938/938
f 937/937 935/935 939/939
f 940/940 941/941 942/942
f 943/943 944/944 945/945
f 942/942 946/946 947/947
f 948/948 942/942 949/949
f 947/947 950/950 951/951
f 952/952 947/947 953/953
f 951/951 954/954 955/955
f 954/954 951/951 956/956
f 955/955 957/957 958/958
f 957/957 955/955 959/959
f 926/926 960/960 961/961
f 962/962 926/926 958/958
f 963/963 964/964 965/965
f 966/966 963/963 965/965
f 967/967 968/968 969/969
f 970/970 967/967 969/969
f 971/971 972/972 973/973
f 974/974 975/975 976/976
f 977/977 978/978 979/979
f 980/980 977/977 979/979
f 981/981 982/982 983/983
f 984/984 981/981 983/983
f 985/985 986/986 987/987
f 988/988 985/985 987/987
f 989/989 990/990 991/991
f 992/992 993/993 994/994
f 995/995 996/996 997/997
f 998/998 995/995 997/997
f 999/999 1000/1000 1001/1001
f 1002/1002 999/999 1001/1001
f 1003/1003 1004/1004 1005/1005
f 1006/1006 1003/1003 1005/1005
f 1007/1007 1008/1008 1009/1009
f 1010/1010 1011/1011 1012/1012
f 1013/1013 1014/1014 1015/1015
f 1016/1016 1013/1013 1015/1015
f 1017/1017 1018/1018 1019/1019
f 1020/1020 1017/1017 1019/1019
f 1021/1021 1022/1022 1023/1023
f 1024/1024 1021/1021 1023/1023
f 1025/1025 1026/1026 1027/1027
f 1028/1028 1029/1029 1030/1030
f 1031/1031 1032/1032 1033/1033
f 1034/1034 1031/1031 1033/1033
f 1035/1035 1036/1036 1037/1037
f 1038/1038 1035/1035 1037/1037
f 1039/1039 1040/1040 1041/1041
f 1042/1042 1039/1039 1041/1041
f 1043/1043 1044/1044 1045/1045
f 1046/1046 1047/1047 1048/1048
f 1049/1049 1050/1050 1051/1051
f 1052/1052 1049/1049 1051/1051
f 1053/1053 1054/1054 1055/1055
f 1056/1056 1053/1053 1055/1055
f 1057/1057 1058/1058 1059/1059
f 1060/1060 1057/1057 1059/1059
f 1061/1061 1062/1062 1063/1063
f 1064/1064 1065/1065 1066/1066
f 1067/1067 1068/1068 1069/1069
f 1070/1070 1067/1067 1069/1069
f 1071/1071 1072/1072 1073/1073
f 1074/1074 1071/1071 1073/1073
f 1075/1075 1076/1076 1077/1077
f 1078/1078 1075/1075 1077/1077
f 1079/1079 1080/1080 1081/1081
f 1082/1082 1079/1079 1081/1081
f 1083/1083 1084/1084 1085/1085
f 1086/1086 1083/1083 1085/1085
f 1087/1087 1088/1088 1089/1089
f 1090/1090 1087/1087 1089/1089
f 1091/1091 1092/1092 1093/1093
f 1094/1094 1091/1091 1093/1093
f 1095/1095 1096/1096 1097/1097
f 1098/1098 1095/1095 1097/1097
f 1099/1099 1100/1100 1101/1101
f 1102/1102 1099/1099 1101/1101
f 1103/1103 1104/1104 1105/1105
f 1106/1106 1103/1103 1105/1105
f 1107/1107 1108/1108 1109/1109
f 1110/1110 1107/1107 1109/1109
f 1111/1111 1112/1112 1113/1113
f 1114/1114 1111/1111 1113/1113
f 1115/1115 1116/1116 1117/1117
f 1118/1118 1115/1115 1117/1117
f 1119/1119 1120/1120 1121/1121
f 1122/1122 1119/1119 1121/1121
f 1123/1123 1124/1124 1125/1125
f 1126/1126 1123/1123 1125/1125
f 1127/1127 1128/1128 1129/1129
f 1130/1130 1127/1127 1129/1129
f 1131/1131 1132/1132 1133/1133
f 1134/1134 1131/1131 1133/1133
f 1135/1135 1136/1136 1137/1137
f 1138/1138 1135/1135 1137/1137
f 1139/1139 1140/1140 1141/1141
f 1142/1142 1139/1139 1141/1141
f 1143/1143 1144/1144 1145/1145
f 1146/1146 1143/1143 1145/1145
f 1147/1147 1148/1148 1149/1149
f 1150/1150 1147/1147 1149/1149
f 1151/1151 1152/1152 1153/1153
f 1154/1154 1151/1151 1153/1153
f 1155/1155 1156/1156 1157/1157
f 1158/1158 1155/1155 1157/1157
f 1159/1159 1160/1160 1161/1161
f 1162/1162 1159/1159 1161/1161
f 1163/1163 1164/1164 1165/1165
f 1166/1166 1163/1163 1165/1165
f 1167/1167 1168/1168 1169/1169
f 1170/1170 1167/1167 1169/1169
f 1171/1171 1172/1172 1173/1173
f 1174/1174 1171/1171 1173/1173
f 1175/1175 1176/1176 1177/1177
f 1178/1178 1175/1175 1177/1177
f 1179/1179 1180/1180 1181/1181
f 1182/1182 1179/1179 1181/1181
f 1183/1183 1184/1184 1185/1185
f 1186/1186 1183/1183 1185/1185
f 1187/1187 1188/1188 1189/1189
f 1190/1190 1187/1187 1189/1189
f 1191/1191 1192/1192 1193/1193
f 1194/1194 1191/1191 1193/1193
f 1195/1195 1196/1196 1197/1197
f 1198/1198 1195/1195 1197/1197
f 1199/1199 1200/1200 1201/1201
f 1202/1202 1199/1199 1201/1201
f 1203/1203 1204/1204 1205/1205
f 1206/1206 1203/1203 1205/1205
f 1207/1207 1208/1208 1209/1209
f 1210/1210 1207/1207 1209/1209
f 1211/1211 1212/1212 1213/1213
f 1214/1214 1211/1211 1213/1213
f 1215/1215 1216/1216 1217/1217
f 1218/1218 1215/1215 1217/1217
f 1219/1219 1220/1220 1221/1221
f 1222/1222 1219/1219 1221/1221
f 1223/1223 1224/1224 1225/1225
f 1226/1226 1223/1223 1225/1225
f 1227/1227 1228/1228 1229/1229
f 1230/1230 1227/1227 1229/1229
f 1231/1231 1232/1232 1233/1233
f 1234/1234 1231/1231 1233/1233
f 1235/1235 1236/1236 1237/1237
f 1238/1238 1235/1235 1237/1237
f 1239/1239 1240/1240 1241/1241
f 1242/1242 1239/1239 1241/1241
f 1243/1243 1244/1244 1245/1245
f 1246/1246 1243/1243 1245/1245
f 1247/1247 1248/1248 1249/1249
f 1250/1250 1247/1247 1249/1249
f 1251/1251 1252/1252 1253/1253
f 1254/1254 1251/1251 1253/1253
f 1255/1255 1256/1256 1257/1257
f 1258/1258 1255/1255 1257/1257
f 1259/1259 1260/1260 1261/1261
f 1262/1262 1259/1259 1261/1261
f 1263/1263 1264/1264 1265/1265
f 1266/1266 1263/1263 1265/1265
f 1267/1267 1268/1268 1269/1269
f 1270/1270 1267/1267 1269/1269
f 1271/1271 1272/1272 1273/1273
f 1274/1274 1271/1271 1273/1273
f 1275/1275 1276/1276 1277/1277
f 1278/1278 1275/1275 1277/1277
f 1279/1279 1280/1280 1281/1281
f 1282/1282 1279/1279 1281/1281
f 1283/1283 1284/1284 1285/1285
f 1286/1286 1283/1283 1285/1285
f 1287/1287 1288/1288 1289/1289
f 1290/1290 1287/1287 1289/1289
f 1291/1291 1292/1292 1293/1293
f 1294/1294 1291/1291 1293/1293
f 1295/1295 1296/1296 1297/1297
f 1298/1298 1295/1295 1297/1297
f 1299/1299 1300/1300 1301/1301
f 1302/1302 1299/1299 1301/1301
f 1303/1303 1304/1304 1305/1305
f 1306/1306 1303/1303 1305/1305
f 1307/1307 1308/1308 1309/1309
f 1310/1310 1307/1307 1309/1309
f 1311/1311 1312/1312 1313/1313
f 1314/1314 1311/1311 1313/1313
f 1315/1315 1316/1316 1317/1317
f 1318/1318 1315/1315 1317/1317
f 1319/1319 1320/1320 1321/1321
f 1322/1322 1319/1319 1321/1321
f 1323/1323 1324/1324 1325/1325
f 1326/1326 1323/1323 1325/1325
f 1327/1327 1328/1328 1329/1329
f 1330/1330 1327/1327 1329/1329
f 1331/1331 1332/1332 1333/1333
f 1334/1334 1331/1331 1333/1333
f 1335/1335 1336/1336 1337/1337
f 1338/1338 1335/1335 1337/1337
f 1339/1339 1340/1340 1341/1341
f 1342/1342 1339/1339 1341/1341
f 1343/1343 1344/1344 1345/1345
f 1346/1346 1343/1343 1345/1345
f 1347/1347 1348/1348 1349/1349
f 1350/1350 1347/1347 1349/1349
f 1351/1351 1352/1352 1353/1353
f 1354/1354 1351/1351 1353/1353
f 1355/1355 1356/1356 1357/1357
f 1358/1358 1355/1355 1357/1357
f 1359/1359 1360/1360 1361/1361
f 1362/1362 1359/1359 1361/1361
f 1363/1363 1364/1364 1365/1365
f 1366/1366 1363/1363 1365/1365
f 1367/1367 1368/1368 1369/1369
f 1370/1370 1367/1367 1369/1369
f 1371/1371 1372/1372 1373/1373
f 1374/1374 1371/1371 1373/1373
f 1375/1375 1376/1376 1377/1377
f 1378/1378 1375/1375 1377/1377
f 1379/1379 1380/1380 1381/1381
f 1382/1382 1379/1379 1381/1381
f 1383/1383 1384/1384 1385/1385
f 1386/1386 1383/1383 1385/1385
f 1387/1387 1388/1388 1389/1389
f 1390/1390 1387/1387 1389/1389
f 1391/1391 1392/1392 1393/1393
f 1394/1394 1391/1391 1393/1393
f 1395/1395 1396/1396 1397/1397
f 1398/1398 1395/1395 1397/1397
f 1399/1399 1400/1400 1401/1401
f 1402/1402 1399/1399 1401/1401
f 1403/1403 1404/1404 1405/1405
f 1406/1406 1403/1403 1405/1405
f 1407/1407 1408/1408 1409/1409
f 1410/1410 1407/1407 1409/1409
f 1411/1411 1412/1412 1413/1413
f 1414/1414 1411/1411 1413/1413
f 1415/1415 1416/1416 1417/1417
f 1418/1418 1419/1419 1420/1420
f 1421/1421 1418/1418 1420/1420
f 1422/1422 1423/1423 1424/1424
f 1425/1425 1422/1422 1424/1424
f 1426/1426 1427/1427 1428/1428
f 1429/1429 1426/1426 1428/1428
f 1430/1430 1431/1431 1432/1432
f 1433/1433 1430/1430 1432/1432
f 1434/1434 1435/1435 1436/1436
f 1437/1437 1434/1434 1436/1436
f 1438/1438 1439/1439 1440/1440
f 1441/1441 1438/1438 1440/1440
f 1442/1442 1443/1443 1444/1444
f 1445/1445 1442/1442 1444/1444
f 1446/1446 1447/1447 1448/1448
f 1449/1449 1446/1446 1448/1448
f 1450/1450 1451/1451 1452/1452
f 1453/1453 1454/1454 1455/1455
f 1456/1456 1453/1453 1455/1455
f 1457/1457 1458/1458 1459/1459
f 1460/1460 1457/1457 1459/1459
f 1461/1461 1462/1462 1463/1463
f 1464/1464 1461/1461 1463/1463
f 1465/1465 1466/1466 1467/1467
f 1468/1468 1465/1465 1467/1467
f 1469/1469 1470/1470 1471/1471
f 1472/1472 1469/1469 1471/1471
f 1473/1473 1474/1474 1475/1475
f 1476/1476 1473/1473 1475/1475
f 1477/1477 1478/1478 1479/1479
f 1480/1480 1477/1477 1479/1479
f 1481/1481 1482/1482 1483/1483
f 1484/1484 1481/1481 1483/1483
f 1485/1485 1486/1486 1487/1487
f 1488/1488 1485/1485 1487/1487
f 1489/1489 1490/1490 1491/1491
f 1492/1492 1489/1489 1491/1491
f 1493/1493 1494/1494 1495/1495
f 1496/1496 1493/1493 1495/1495
f 1497/1497 1498/1498 1499/1499
f 1500/1500 1497/1497 1499/1499
f 1501/1501 1502/1502 1503/1503
f 1504/1504 1501/1501 1503/1503
f 1505/1505 1506/1506 1507/1507
f 1508/1508 1505/1505 1507/1507
f 1509/1509 1510/1510 1511/1511
f 1512/1512 1509/1509 1511/1511
f 1513/1513 1514/1514 1515/1515
f 1516/1516 1513/1513 1515/1515
f 1517/1517 1518/1518 1519/1519
f 1520/1520 1517/1517 1519/1519
f 1521/1521 1522/1522 1523/1523
f 1524/1524 1521/1521 1523/1523
f 1525/1525 1526/1526 1527/1527
f 1528/1528 1525/1525 1527/1527
f 1529/1529 1530/1530 1531/1531
f 1532/1532 1529/1529 1531/1531
f 1533/1533 1534/1534 1535/1535
f 1536/1536 1533/1533 1535/1535
f 1537/1537 1538/1538 1539/1539
f 1540/1540 1537/1537 1539/1539
f 1541/1541 1542/1542 1543/1543
f 1544/1544 1541/1541 1543/1543
f 1545/1545 1546/1546 1547/1547
f 1548/1548 1545/1545 1547/1547
f 1549/1549 1550/1550 1551/1551
f 1552/1552 1549/1549 1551/1551
f 1553/1553 1554/1554 1555/1555
f 1556/1556 1553/1553 1555/1555
f 1557/1557 1558/1558 1559/1559
f 1560/1560 1557/1557 1559/1559
f 1561/1561 1562/1562 1563/1563
f 1564/1564 1561/1561 1563/1563
f 1565/1565 1566/1566 1567/1567
f 1568/1568 1565/1565 1567/1567
f 1569/1569 1570/1570 1571/1571
f 1572/1572 1569/1569 1571/1571
f 1573/1573 1574/1574 1575/1575
f 1576/1576 1573/1573 1575/1575
f 1577/1577 1578/1578 1579/1579
f 1580/1580 1577/1577 1579/1579
f 1581/1581 1582/1582 1583/1583
f 1584/1584 1581/1581 1583/1583
f 1585/1585 1586/1586 1587/1587
f 1588/1588 1585/1585 1587/1587
f 1589/1589 1590/1590 1591/1591
f 1592/1592 1589/1589 1591/1591
f 1593/1593 1594/1594 1595/1595
f 1596/1596 1593/1593 1595/1595
f 1597/1597 1598/1598 1599/1599
f 1600/1600 1597/1597 1599/1599
f 1601/1601 1602/1602 1603/1603
f 1604/1604 1601/1601 1603/1603
f 1605/1605 1606/1606 1607/1607
f 1608/1608 1605/1605 1607/1607
f 1609/1609 1610/1610 1611/1611
f 1612/1612 1609/1609 1611/1611
f 1613/1613 1614/1614 1615/1615
f 1616/1616 1613/1613 1615/1615
f 1617/1617 1618/1618 1619/1619
f 1620/1620 1617/1617 1619/1619
f 1621/1621 1622/1622 1623/1623
f 1624/1624 1621/1621 1623/1623
f 1625/1625 1626/1626 1627/1627
f 1628/1628 1625/1625 1627/1627
f 1629/1629 1630/1630 1631/1631
f 1632/1632 1629/1629 1631/1631
f 1633/1633 1634/1634 1635/1635
f 1636/1636 1633/1633 1635/1635
f 1637/1637 1638/1638 1639/1639
f 1640/1640 1637/1637 1639/1639
f 1641/1641 1642/1642 1643/1643
f 1644/1644 1641/1641 1643/1643
f 1645/1645 1646/1646 1647/1647
f 1648/1648 1645/1645 1647/1647
f 1649/1649 1650/1650 1651/1651
f 1652/1652 1649/1649 1651/1651
f 1653/1653 1654/1654 1655/1655
f 1656/1656 1653/1653 1655/1655
f 1657/1657 1658/1658 1659/1659
f 1660/1660 1657/1657 1659/1659
f 1661/1661 1662/1662 1663/1663
f 1664/1664 1661/1661 1663/1663
f 1665/1665 1666/1666 1667/1667
f 1668/1668 1665/1665 1667/1667
f 1669/1669 1670/1670 1671/1671
f 1672/1672 1669/1669 1671/1671
f 1673/1673 1674/1674 1675/1675
f 1676/1676 1673/1673 1675/1675
f 1677/1677 1678/1678 1679/1679
f 1680/1680 1677/1677 1679/1679
f 1681/1681 1682/1682 1683/1683
f 1684/1684 1681/1681 1683/1683
f 1685/1685 1686/1686 1687/1687
f 1688/1688 1685/1685 1687/1687
f 1689/1689 1690/1690 1691/1691
f 1692/1692 1689/1689 1691/1691
f 1693/1693 1694/1694 1695/1695
f 1696/1696 1693/1693 1695/1695
f 1697/1697 1698/1698 1699/1699
f 1700/1700 1697/1697 1699/1699
f 1701/1701 1702/1702 1703/1703
f 1704/1704 1701/1701 1703/1703
f 1705/1705 1706/1706 1707/1707
f 1708/1708 1705/1705 1707/1707
f 1709/1709 1710/1710 1711/1711
f 1712/1712 1709/1709 1711/1711
f 1713/1713 1714/1714 1715/1715
f 1716/1716 1713/1713 1715/1715
f 1717/1717 1718/1718 1719/1719
f 1720/1720 1717/1717 1719/1719
f 1721/1721 1722/1722 1723/1723
f 1724/1724 1721/1721 1723/1723
f 1725/1725 1726/1726 1727/1727
f 1728/1728 1725/1725 1727/1727
f 1729/1729 1730/1730 1731/1731
f 1732/1732 1729/1729 1731/1731
f 1733/1733 1734/1734 1735/1735
f 1736/1736 1733/1733 1735/1735
f 1737/1737 1738/1738 1739/1739
f 1740/1740 1737/1737 1739/1739
f 1741/1741 1742/1742 1743/1743
f 1744/1744 1741/1741 1743/1743
f 1745/1745 1746/1746 1747/1747
f 1748/1748 1745/1745 1747/1747
f 1749/1749 1750/1750 1751/1751
f 1752/1752 1749/1749 1751/1751
f 1753/1753 1754/1754 1755/1755
f 1756/1756 1753/1753 1755/1755
f 1757/1757 1758/1758 1759/1759
f 1760/1760 1757/1757 1759/1759
f 1761/1761 1762/1762 1763/1763
f 1764/1764 1761/1761 1763/1763
f 1765/1765 1766/1766 1767/1767
f 1768/1768 1765/1765 1767/1767
f 1769/1769 1770/1770 1771/1771
f 1772/1772 1769/1769 1771/1771
f 1773/1773 1774/1774 1775/1775
f 1776/1776 1773/1773 1775/1775
f 1777/1777 1778/1778 1779/1779
f 1780/1780 1777/1777 1779/1779
f 1781/1781 1782/1782 1783/1783
f 1784/1784 1781/1781 1783/1783
f 1785/1785 1786/1786 1787/1787
f 1788/1788 1785/1785 1787/1787
f 1789/1789 1790/1790 1791/1791
f 1792/1792 1789/1789 1791/1791
f 1793/1793 1794/1794 1795/1795
f 1796/1796 1793/1793 1795/1795
f 1797/1797 1798/1798 1799/1799
f 1800/1800 1797/1797 1799/1799
f 1801/1801 1802/1802 1803/1803
f 1804/1804 1801/1801 1803/1803
f 1805/1805 1806/1806 1807/1807
f 1808/1808 1805/1805 1807/1807
f 1809/1809 1810/1810 1811/1811
f 1812/1812 1809/1809 1811/1811
f 1813/1813 1814/1814 1815/1815
f 1816/1816 1813/1813 1815/1815
f 1817/1817 1818/1818 1819/1819
f 1820/1820 1817/1817 1819/1819
f 1821/1821 1822/1822 1823/1823
f 1824/1824 1821/1821 1823/1823
f 1825/1825 1826/1826 1827/1827
f 1828/1828 1825/1825 1827/1827
f 1829/1829 1830/1830 1831/1831
f 1832/1832 1829/1829 1831/1831
f 1833/1833 1834/1834 1835/1835
f 1836/1836 1833/1833 1835/1835
f 1837/1837 1838/1838 1839/1839
f 1840/1840 1837/1837 1839/1839
f 1841/1841 1842/1842 1843/1843
f 1844/1844 1841/1841 1843/1843
f 1845/1845 1846/1846 1847/1847
f 1848/1848 1845/1845 1847/1847
f 1849/1849 1850/1850 1851/1851
f 1852/1852 1849/1849 1851/1851
f 1853/1853 1854/1854 1855/1855
f 1856/1856 1853/1853 1855/1855
f 1857/1857 1858/1858 1859/1859
f 1860/1860 1857/1857 1859/1859
f 1861/1861 1862/1862 1863/1863
f 1864/1864 1861/1861 1863/1863
f 1865/1865 1866/1866 1867/1867
f 1868/1868 1865/1865 1867/1867
f 1869/1869 1870/1870 1871/1871
f 1872/1872 1869/1869 1871/1871
f 1873/1873 1874/1874 1875/1875
f 1876/1876 1873/1873 1875/1875
f 1877/1877 1878/1878 1879/1879
f 1880/1880 1877/1877 1879/1879
f 1881/1881 1882/1882 1883/1883
f 1884/1884 1881/1881 1883/1883
f 1885/1885 1886/1886 1887/1887
f 1888/1888 1885/1885 1887/1887
f 1889/1889 1890/1890 1891/1891
f 1892/1892 1889/1889 1891/1891
f 1893/1893 1894/1894 1895/1895
f 1896/1896 1893/1893 1895/1895
f 1897/1897 1898/1898 1899/1899
f 1900/1900 1897/1897 1899/1899
f 1901/1901 1902/1902 1903/1903
f 1904/1904 1901/1901 1903/1903
f 1905/1905 1906/1906 1907/1907
f 1908/1908 1905/1905 1907/1907
f 1909/1909 1910/1910 1911/1911
f 1912/1912 1909/1909 1911/1911
f 1913/1913 1914/1914 1915/1915
f 1916/1916 1913/1913 1915/1915
f 1917/1917 1918/1918 1919/1919
f 1920/1920 1917/1917 1919/1919
f 1921/1921 1922/1922 1923/1923
f 1924/1924 1921/1921 1923/1923
f 1925/1925 1926/1926 1927/1927
f 1928/1928 1925/1925 1927/1927
f 1929/1929 1930/1930 1931/1931
f 1932/1932 1929/1929 1931/1931
f 1933/1933 1934/1934 1935/1935
f 1936/1936 1933/1933 1935/1935
f 1937/1937 1938/1938 1939/1939
f 1940/1940 1937/1937 1939/1939
f 1941/1941 1942/1942 1943/1943
f 1944/1944 1941/1941 1943/1943
f 1945/1945 1946/1946 1947/1947
f 1948/1948 1945/1945 1947/1947
f 1949/1949 1950/1950 1951/1951
f 1952/1952 1949/1949 1951/1951
f 1953/1953 1954/1954 1955/1955
f 1956/1956 1953/1953 1955/1955
f 1957/1957 1958/1958 1959/1959
f 1960/1960 1957/1957 1959/1959
f 1961/1961 1962/1962 1963/1963
f 1964/1964 1961/1961 1963/1963
f 1965/1965 1966/1966 1967/1967
f 1968/1968 1965/1965 1967/1967
f 1969/1969 1970/1970 1971/1971
f 1972/1972 1969/1969 1971/1971
f 1973/1973 1974/1974 1975/1975
f 1976/1976 1973/1973 1975/1975
f 1977/1977 1978/1978 1979/1979
f 1980/1980 1977/1977 1979/1979
f 1981/1981 1982/1982 1983/1983
f 1984/1984 1981/1981 1983/1983
f 1985/1985 1986/1986 1987/1987
f 1988/1988 1985/1985 1987/1987
f 1989/1989 1990/1990 1991/1991
f 1992/1992 1989/1989 1991/1991
f 1993/1993 1994/1994 1995/1995
f 1996/1996 1993/1993 1995/1995
f 1997/1997 1996/1996 1995/1995
f 1998/1998 1997/1997 1995/1995
f 1999/1999 1998/1998 1995/1995
f 2000/2000 1999/1999 1995/1995
f 2001/2001 2000/2000 1995/1995
f 2002/2002 2001/2001 1995/1995
f 2003/2003 2002/2002 1995/1995
f 2004/2004 2003/2003 1995/1995
f 2005/2005 2004/2004 1995/1995
f 2006/2006 2005/2005 1995/1995
f 2007/2007 2006/2006 1995/1995
f 2008/2008 2007/2007 1995/1995
f 2009/2009 2008/2008 1995/1995
f 2010/2010 2009/2009 1995/1995
f 2011/2011 2010/2010 1995/1995
f 2012/2012 2011/2011 1995/1995
f 2013/2013 2012/2012 1995/1995
f 2014/2014 2013/2013 1995/1995
f 2015/2015 2014/2014 1995/1995
f 2016/2016 2015/2015 1995/1995
f 2017/2017 2016/2016 1995/1995
f 2018/2018 2017/2017 1995/1995
f 2019/2019 2018/2018 1995/1995
f 2020/2020 2019/2019 1995/1995
f 2021/2021 2020/2020 1995/1995
f 2022/2022 2021/2021 1995/1995
f 2023/2023 2022/2022 1995/1995
f 2024/2024 2023/2023 1995/1995
f 2025/2025 2026/2026 2027/2027
f 2028/2028 2025/2025 2027/2027
f 2029/2029 2028/2028 2027/2027
f 2030/2030 2029/2029 2027/2027
f 2031/2031 2030/2030 2027/2027
f 2032/2032 2031/2031 2027/2027
f 2033/2033 2032/2032 2027/2027
f 2034/2034 2033/2033 2027/2027
f 2035/2035 2034/2034 2027/2027
f 2036/2036 2035/2035 2027/2027
f 2037/2037 2036/2036 2027/2027
f 2038/2038 2037/2037 2027/2027
f 2039/2039 2038/2038 2027/2027
f 2040/2040 2039/2039 2027/2027
f 2041/2041 2040/2040 2027/2027
f 2042/2042 2041/2041 2027/2027
f 2043/2043 2042/2042 2027/2027
f 2044/2044 2043/2043 2027/2027
f 2045/2045 2044/2044 2027/2027
f 2046/2046 2045/2045 2027/2027
f 2047/2047 2046/2046 2027/2027
f 2048/2048 2047/2047 2027/2027
f 2049/2049 2048/2048 2027/2027
f 2050/2050 2049/2049 2027/2027
f 2051/2051 2050/2050 2027/2027
f 2052/2052 2051/2051 2027/2027
f 2053/2053 2052/2052 2027/2027
f 2054/2054 2053/2053 2027/2027
f 2055/2055 2054/2054 2027/2027
f 2056/2056 2055/2055 2027/2027
f 2057/2057 2058/2058 2059/2059
f 2060/2060 2057/2057 2059/2059
f 2061/2061 2062/2062 2063/2063
f 2064/2064 2061/2061 2063/2063
f 2065/2065 2066/2066 2067/2067
f 2068/2068 2065/2065 2067/2067
f 2069/2069 2070/2070 2071/2071
f 2072/2072 2069/2069 2071/2071
f 2073/2073 2074/2074 2075/2075
f 2076/2076 2073/2073 2075/2075
f 2077/2077 2078/2078 2079/2079
f 2080/2080 2077/2077 2079/2079
f 2081/2081 2082/2082 2083/2083
f 2084/2084 2081/2081 2083/2083
f 2085/2085 2086/2086 2087/2087
f 2088/2088 2085/2085 2087/2087
f 2089/2089 2090/2090 2091/2091
f 2092/2092 2089/2089 2091/2091
f 2093/2093 2094/2094 2095/2095
f 2096/2096 2093/2093 2095/2095
f 2097/2097 2098/2098 2099/2099
f 2100/2100 2097/2097 2099/2099
f 2101/2101 2102/2102 2103/2103
f 2104/2104 2101/2101 2103/2103
f 2105/2105 2106/2106 2107/2107
f 2108/2108 2105/2105 2107/2107
f 2109/2109 2110/2110 2111/2111
f 2112/2112 2109/2109 2111/2111
f 2113/2113 2114/2114 2115/2115
f 2116/2116 2113/2113 2115/2115
f 2117/2117 2118/2118 2119/2119
f 2120/2120 2117/2117 2119/2119
f 2121/2121 2122/2122 2123/2123
f 2124/2124 2121/2121 2123/2123
f 2125/2125 2126/2126 2127/2127
f 2128/2128 2125/2125 2127/2127
f 2129/2129 2130/2130 2131/2131
f 2132/2132 2129/2129 2131/2131
f 2133/2133 2134/2134 2135/2135
f 2136/2136 2133/2133 2135/2135
f 2137/2137 2138/2138 2139/2139
f 2140/2140 2137/2137 2139/2139
f 2141/2141 2142/2142 2143/2143
f 2144/2144 2141/2141 2143/2143
f 2145/2145 2146/2146 2147/2147
f 2148/2148 2145/2145 2147/2147
f 2149/2149 2150/2150 2151/2151
f 2152/2152 2149/2149 2151/2151
f 2153/2153 2154/2154 2155/2155
f 2156/2156 2153/2153 2155/2155
f 2157/2157 2158/2158 2159/2159
f 2160/2160 2157/2157 2159/2159
f 2161/2161 2162/2162 2163/2163
f 2164/2164 2161/2161 2163/2163
f 2165/2165 2166/2166 2167/2167
f 2168/2168 2165/2165 2167/2167
f 2169/2169 2170/2170 2171/2171
f 2172/2172 2169/2169 2171/2171
f 2173/2173 2174/2174 2175/2175
f 2176/2176 2173/2173 2175/2175
f 2177/2177 2178/2178 2179/2179
f 2180/2180 2177/2177 2179/2179
f 2181/2181 2182/2182 2183/2183
f 2184/2184 2181/2181 2183/2183
f 2185/2185 2186/2186 2187/2187
f 2188/2188 2185/2185 2187/2187
f 2189/2189 2188/2188 2187/2187
f 2190/2190 2189/2189 2187/2187
f 2191/2191 2190/2190 2187/2187
f 2192/2192 2191/2191 2187/2187
f 2193/2193 2192/2192 2187/2187
f 2194/2194 2193/2193 2187/2187
f 2195/2195 2194/2194 2187/2187
f 2196/2196 2195/2195 2187/2187
f 2197/2197 2196/2196 2187/2187
f 2198/2198 2197/2197 2187/2187
f 2199/2199 2198/2198 2187/2187
f 2200/2200 2199/2199 2187/2187
f 2201/2201 2200/2200 2187/2187
f 2202/2202 2201/2201 2187/2187
f 2203/2203 2202/2202 2187/2187
f 2204/2204 2203/2203 2187/2187
f 2205/2205 2204/2204 2187/2187
f 2206/2206 2205/2205 2187/2187
f 2207/2207 2206/2206 2187/2187
f 2208/2208 2207/2207 2187/2187
f 2209/2209 2208/2208 2187/2187
f 2210/2210 2209/2209 2187/2187
f 2211/2211 2210/2210 2187/2187
f 2212/2212 2211/2211 2187/2187
f 2213/2213 2212/2212 2187/2187
f 2214/2214 2213/2213 2187/2187
f 2215/2215 2214/2214 2187/2187
f 2216/2216 2215/2215 2187/2187
f 2217/2217 2218/2218 2219/2219
f 2220/2220 2217/2217 2219/2219
f 2221/2221 2222/2222 2223/2223
f 2224/2224 2221/2221 2223/2223
f 2225/2225 2226/2226 2227/2227
f 2228/2228 2225/2225 2227/2227
f 2229/2229 2230/2230 2231/2231
f 2232/2232 2229/2229 2231/2231
f 2233/2233 2234/2234 2235/2235
f 2236/2236 2233/2233 2235/2235
f 2237/2237 2238/2238 2239/2239
f 2240/2240 2237/2237 2239/2239
f 2241/2241 2242/2242 2243/2243
f 2244/2244 2241/2241 2243/2243
f 2245/2245 2246/2246 2247/2247
f 2248/2248 2245/2245 2247/2247
f 2249/2249 2250/2250 2251/2251
f 2252/2252 2249/2249 2251/2251
f 2253/2253 2254/2254 2255/2255
f 2256/2256 2253/2253 2255/2255
f 2257/2257 2258/2258 2259/2259
f 2260/2260 2257/2257 2259/2259
f 2261/2261 2262/2262 2263/2263
f 2264/2264 2261/2261 2263/2263
f 2265/2265 2266/2266 2267/2267
f 2268/2268 2265/2265 2267/2267
f 2269/2269 2270/2270 2271/2271
f 2272/2272 2269/2269 2271/2271
f 2273/2273 2274/2274 2275/2275
f 2276/2276 2273/2273 2275/2275
f 2277/2277 2278/2278 2279/2279
f 2280/2280 2277/2277 2279/2279
f 2281/2281 2282/2282 2283/2283
f 2284/2284 2281/2281 2283/2283
f 2285/2285 2286/2286 2287/2287
f 2288/2288 2285/2285 2287/2287
f 2289/2289 2290/2290 2291/2291
f 2292/2292 2289/2289 2291/2291
f 2293/2293 2294/2294 2295/2295
f 2296/2296 2293/2293 2295/2295
f 2297/2297 2298/2298 2299/2299
f 2300/2300 2297/2297 2299/2299
f 2301/2301 2302/2302 2303/2303
f 2304/2304 2301/2301 2303/2303
f 2305/2305 2306/2306 2307/2307
f 2308/2308 2305/2305 2307/2307
f 2309/2309 2310/2310 2311/2311
f 2312/2312 2309/2309 2311/2311
f 2313/2313 2314/2314 2315/2315
f 2316/2316 2313/2313 2315/2315
f 2317/2317 2318/2318 2319/2319
f 2320/2320 2317/2317 2319/2319
f 2321/2321 2322/2322 2323/2323
f 2324/2324 2321/2321 2323/2323
f 2325/2325 2326/2326 2327/2327
f 2328/2328 2325/2325 2327/2327
f 2329/2329 2330/2330 2331/2331
f 2332/2332 2329/2329 2331/2331
f 2333/2333 2334/2334 2335/2335
f 2336/2336 2333/2333 2335/2335
f 2337/2337 2338/2338 2339/2339
f 2340/2340 2337/2337 2339/2339
f 2341/2341 2342/2342 2343/2343
f 2344/2344 2341/2341 2343/2343
f 2345/2345 2346/2346 2347/2347
f 2348/2348 2345/2345 2347/2347
f 2349/2349 2348/2348 2347/2347
f 2350/2350 2349/2349 2347/2347
f 2351/2351 2350/2350 2347/2347
f 2352/2352 2351/2351 2347/2347
f 2353/2353 2354/2354 2355/2355
f 2356/2356 2353/2353 2355/2355
f 2357/2357 2358/2358 2359/2359
f 2360/2360 2357/2357 2359/2359
f 2361/2361 2362/2362 2363/2363
f 2364/2364 2361/2361 2363/2363
f 2365/2365 2366/2366 2367/2367
f 2368/2368 2365/2365 2367/2367
f 2369/2369 2370/2370 2371/2371
f 2372/2372 2369/2369 2371/2371
f 2373/2373 2374/2374 2375/2375
f 2376/2376 2373/2373 2375/2375
f 2377/2377 2378/2378 2379/2379
f 2380/2380 2377/2377 2379/2379
f 2381/2381 2382/2382 2383/2383
f 2384/2384 2381/2381 2383/2383
f 2385/2385 2384/2384 2383/2383
f 2386/2386 2385/2385 2383/2383
f 2387/2387 2386/2386 2383/2383
f 2388/2388 2387/2387 2383/2383
f 2389/2389 2390/2390 2391/2391
f 2392/2392 2389/2389 2391/2391
f 2393/2393 2394/2394 2395/2395
f 2396/2396 2393/2393 2395/2395
f 2397/2397 2398/2398 2399/2399
f 2400/2400 2397/2397 2399/2399
f 2401/2401 2402/2402 2403/2403
f 2404/2404 2401/2401 2403/2403
f 2405/2405 2406/2406 2407/2407
f 2408/2408 2405/2405 2407/2407
f 2409/2409 2410/2410 2411/2411
f 2412/2412 2409/2409 2411/2411
f 2413/2413 2414/2414 2415/2415
f 2416/2416 2413/2413 2415/2415
f 2417/2417 2418/2418 2419/2419
f 2420/2420 2417/2417 2419/2419
f 2421/2421 2422/2422 2423/2423
f 2424/2424 2421/2421 2423/2423
f 2425/2425 2426/2426 2427/2427
f 2428/2428 2425/2425 2427/2427
f 2429/2429 2430/2430 2431/2431
f 2432/2432 2429/2429 2431/2431
f 2433/2433 2434/2434 2435/2435
f 2436/2436 2433/2433 2435/2435
f 2437/2437 2438/2438 2439/2439
f 2440/2440 2437/2437 2439/2439
f 2441/2441 2442/2442 2443/2443
f 2444/2444 2441/2441 2443/2443
f 2445/2445 2446/2446 2447/2447
f 2448/2448 2445/2445 2447/2447
f 2449/2449 2450/2450 2451/2451
f 2452/2452 2449/2449 2451/2451
f 2453/2453 2454/2454 2455/2455
f 2456/2456 2453/2453 2455/2455
f 2457/2457 2458/2458 2459/2459
f 2460/2460 2457/2457 2459/2459
f 2461/2461 2462/2462 2463/2463
f 2464/2464 2461/2461 2463/2463
f 2465/2465 2466/2466 2467/2467
f 2468/2468 2465/2465 2467/2467
f 2469/2469 2470/2470 2471/2471
f 2472/2472 2469/2469 2471/2471
f 2473/2473 2474/2474 2475/2475
f 2476/2476 2473/2473 2475/2475
f 2477/2477 2478/2478 2479/2479
f 2480/2480 2477/2477 2479/2479
f 2481/2481 2482/2482 2483/2483
f 2484/2484 2481/2481 2483/2483
f 2485/2485 2486/2486 2487/2487
f 2488/2488 2485/2485 2487/2487
f 2489/2489 2490/2490 2491/2491
f 2492/2492 2489/2489 2491/2491
f 2493/2493 2494/2494 2495/2495
f 2496/2496 2493/2493 2495/2495
f 2497/2497 2498/2498 2499/2499
f 2500/2500 2497/2497 2499/2499
f 2501/2501 2502/2502 2503/2503
f 2504/2504 2501/2501 2503/2503
f 2505/2505 2506/2506 2507/2507
f 2508/2508 2505/2505 2507/2507
f 2509/2509 2510/2510 2511/2511
f 2512/2512 2509/2509 2511/2511
f 2513/2513 2514/2514 2515/2515
f 2516/2516 2513/2513 2515/2515
f 2517/2517 2518/2518 2519/2519
f 2520/2520 2517/2517 2519/2519
f 2521/2521 2522/2522 2523/2523
f 2524/2524 2521/2521 2523/2523
f 2525/2525 2526/2526 2527/2527
f 2528/2528 2525/2525 2527/2527
f 2529/2529 2530/2530 2531/2531
f 2532/2532 2529/2529 2531/2531
f 2533/2533 2534/2534 2535/2535
f 2536/2536 2533/2533 2535/2535
f 2537/2537 2538/2538 2539/2539
f 2540/2540 2537/2537 2539/2539
f 2541/2541 2542/2542 2543/2543
f 2544/2544 2541/2541 2543/2543
f 2545/2545 2546/2546 2547/2547
f 2548/2548 2545/2545 2547/2547
f 2549/2549 2550/2550 2551/2551
f 2552/2552 2549/2549 2551/2551
f 2553/2553 2554/2554 2555/2555
f 2556/2556 2553/2553 2555/2555
f 2557/2557 2558/2558 2559/2559
f 2560/2560 2557/2557 2559/2559
f 2561/2561 2562/2562 2563/2563
f 2564/2564 2561/2561 2563/2563
f 2565/2565 2566/2566 2567/2567
f 2568/2568 2565/2565 2567/2567
f 2569/2569 2570/2570 2571/2571
f 2572/2572 2569/2569 2571/2571
f 2573/2573 2574/2574 2575/2575
f 2576/2576 2573/2573 2575/2575
f 2577/2577 2578/2578 2579/2579
f 2580/2580 2577/2577 2579/2579
f 2581/2581 2582/2582 2583/2583
f 2584/2584 2581/2581 2583/2583
f 2585/2585 2586/2586 2587/2587
f 2588/2588 2585/2585 2587/2587
f 2589/2589 2590/2590 2591/2591
f 2592/2592 2589/2589 2591/2591
f 2593/2593 2594/2594 2595/2595
f 2596/2596 2593/2593 2595/2595
f 2597/2597 2598/2598 2599/2599
f 2600/2600 2597/2597 2599/2599
f 2601/2601 2602/2602 2603/2603
f 2604/2604 2601/2601 2603/2603
f 2605/2605 2606/2606 2607/2607
f 2608/2608 2605/2605 2607/2607
f 2609/2609 2610/2610 2611/2611
f 2612/2612 2609/2609 2611/2611
f 2613/2613 2614/2614 2615/2615
f 2616/2616 2613/2613 2615/2615
f 2617/2617 2618/2618 2619/2619
f 2620/2620 2617/2617 2619/2619
f 2621/2621 2622/2622 2623/2623
f 2624/2624 2621/2621 2623/2623
f 2625/2625 2626/2626 2627/2627
f 2628/2628 2625/2625 2627/2627
f 2629/2629 2630/2630 2631/2631
f 2632/2632 2629/2629 2631/2631
f 2633/2633 2634/2634 2635/2635
f 2636/2636 2633/2633 2635/2635
f 2637/2637 2638/2638 2639/2639
f 2640/2640 2637/2637 2639/2639
f 2641/2641 2642/2642 2643/2643
f 2644/2644 2641/2641 2643/2643
f 2645/2645 2646/2646 2647/2647
f 2648/2648 2645/2645 2647/2647
f 2649/2649 2650/2650 2651/2651
f 2652/2652 2649/2649 2651/2651
f 2653/2653 2654/2654 2655/2655
f 2656/2656 2653/2653 2655/2655
f 2657/2657 2658/2658 2659/2659
f 2660/2660 2657/2657 2659/2659
f 2661/2661 2662/2662 2663/2663
f 2664/2664 2661/2661 2663/2663
f 2665/2665 2666/2666 2667/2667
f 2668/2668 2665/2665 2667/2667
f 2669/2669 2670/2670 2671/2671
f 2672/2672 2669/2669 2671/2671
f 2673/2673 2674/2674 2675/2675
f 2676/2676 2673/2673 2675/2675
f 2677/2677 2678/2678 2679/2679
f 2680/2680 2677/2677 2679/2679
f 2681/2681 2682/2682 2683/2683
f 2684/2684 2681/2681 2683/2683
f 2685/2685 2686/2686 2687/2687
f 2688/2688 2685/2685 2687/2687
f 2689/2689 2690/2690 2691/2691
f 2692/2692 2689/2689 2691/2691
f 2693/2693 2694/2694 2695/2695
f 2696/2696 2693/2693 2695/2695
f 2697/2697 2698/2698 2699/2699
f 2700/2700 2697/2697 2699/2699
f 2701/2701 2702/2702 2703/2703
f 2704/2704 2701/2701 2703/2703
f 2705/2705 2706/2706 2707/2707
f 2708/2708 2705/2705 2707/2707
f 2709/2709 2710/2710 2711/2711
f 2712/2712 2709/2709 2711/2711
f 2713/2713 2714/2714 2715/2715
f 2716/2716 2713/2713 2715/2715
f 2717/2717 2718/2718 2719/2719
f 2720/2720 2717/2717 2719/2719
f 2721/2721 2722/2722 2723/2723
f 2724/2724 2721/2721 2723/2723
f 2725/2725 2726/2726 2727/2727
f 2728/2728 2725/2725 2727/2727
f 2729/2729 2730/2730 2731/2731
f 2732/2732 2729/2729 2731/2731
f 2733/2733 2734/2734 2735/2735
f 2736/2736 2733/2733 2735/2735
f 2737/2737 2738/2738 2739/2739
f 2740/2740 2737/2737 2739/2739
f 2741/2741 2742/2742 2743/2743
f 2744/2744 2741/2741 2743/2743
f 2745/2745 2746/2746 2747/2747
f 2748/2748 2745/2745 2747/2747
f 2749/2749 2750/2750 2751/2751
f 2752/2752 2749/2749 2751/2751
f 2753/2753 2754/2754 2755/2755
f 2756/2756 2753/2753 2755/2755
f 2757/2757 2758/2758 2759/2759
f 2760/2760 2757/2757 2759/2759
f 2761/2761 2762/2762 2763/2763
f 2764/2764 2761/2761 2763/2763
f 2765/2765 2766/2766 2767/2767
f 2768/2768 2765/2765 2767/2767
f 2769/2769 2770/2770 2771/2771
f 2772/2772 2769/2769 2771/2771
f 2773/2773 2774/2774 2775/2775
f 2776/2776 2773/2773 2775/2775
f 2777/2777 2778/2778 2779/2779
f 2780/2780 2777/2777 2779/2779
f 2781/2781 2782/2782 2783/2783
f 2784/2784 2781/2781 2783/2783
f 2785/2785 2786/2786 2787/2787
f 2788/2788 2785/2785 2787/2787
f 2789/2789 2790/2790 2791/2791
f 2792/2792 2789/2789 2791/2791
f 2793/2793 2794/2794 2795/2795
f 2796/2796 2793/2793 2795/2795
f 2797/2797 2798/2798 2799/2799
f 2800/2800 2797/2797 2799/2799
f 2801/2801 2802/2802 2803/2803
f 2804/2804 2801/2801 2803/2803
f 2805/2805 2806/2806 2807/2807
f 2808/2808 2805/2805 2807/2807
f 2809/2809 2810/2810 2811/2811
f 2812/2812 2809/2809 2811/2811
f 2813/2813 2814/2814 2815/2815
f 2816/2816 2813/2813 2815/2815
f 2817/2817 2818/2818 2819/2819
f 2820/2820 2817/2817 2819/2819
f 2821/2821 2822/2822 2823/2823
f 2824/2824 2821/2821 2823/2823
f 2825/2825 2826/2826 2827/2827
f 2828/2828 2825/2825 2827/2827
f 2829/2829 2830/2830 2831/2831
f 2832/2832 2829/2829 2831/2831
f 2833/2833 2834/2834 2835/2835
f 2836/2836 2833/2833 2835/2835
f 2837/2837 2838/2838 2839/2839
f 2840/2840 2837/2837 2839/2839
f 2841/2841 2842/2842 2843/2843
f 2844/2844 2841/2841 2843/2843
f 2845/2845 2846/2846 2847/2847
f 2848/2848 2845/2845 2847/2847
f 2849/2849 2850/2850 2851/2851
f 2852/2852 2849/2849 2851/2851
f 2853/2853 2854/2854 2855/2855
f 2856/2856 2853/2853 2855/2855
f 2857/2857 2858/2858 2859/2859
f 2860/2860 2857/2857 2859/2859
f 2861/2861 2862/2862 2863/2863
f 2864/2864 2861/2861 2863/2863
f 2865/2865 2866/2866 2867/2867
f 2868/2868 2865/2865 2867/2867
f 2869/2869 2870/2870 2871/2871
f 2872/2872 2869/2869 2871/2871
f 2873/2873 2874/2874 2875/2875
f 2876/2876 2873/2873 2875/2875
f 2877/2877 2878/2878 2879/2879
f 2880/2880 2877/2877 2879/2879
f 2881/2881 2882/2882 2883/2883
f 2884/2884 2881/2881 2883/2883
f 2885/2885 2886/2886 2887/2887
f 2888/2888 2885/2885 2887/2887
f 2889/2889 2890/2890 2891/2891
f 2892/2892 2889/2889 2891/2891
f 2893/2893 2894/2894 2895/2895
f 2896/2896 2893/2893 2895/2895
f 2897/2897 2898/2898 2899/2899
f 2900/2900 2897/2897 2899/2899
f 2901/2901 2902/2902 2903/2903
f 2904/2904 2901/2901 2903/2903
f 2905/2905 2906/2906 2907/2907
f 2908/2908 2905/2905 2907/2907
f 2909/2909 2910/2910 2911/2911
f 2912/2912 2909/2909 2911/2911
f 2913/2913 2914/2914 2915/2915
f 2916/2916 2913/2913 2915/2915
f 2917/2917 2918/2918 2919/2919
f 2920/2920 2917/2917 2919/2919
f 2921/2921 2922/2922 2923/2923
f 2924/2924 2921/2921 2923/2923
f 2925/2925 2926/2926 2927/2927
f 2928/2928 2925/2925 2927/2927
f 2929/2929 2930/2930 2931/2931
f 2932/2932 2929/2929 2931/2931
f 2933/2933 2934/2934 2935/2935
f 2936/2936 2933/2933 2935/2935
f 2937/2937 2938/2938 2939/2939
f 2940/2940 2937/2937 2939/2939
f 2941/2941 2942/2942 2943/2943
f 2944/2944 2941/2941 2943/2943
f 2945/2945 2946/2946 2947/2947
f 2948/2948 2945/2945 2947/2947
f 2949/2949 2950/2950 2951/2951
f 2952/2952 2949/2949 2951/2951
f 2953/2953 2954/2954 2955/2955
f 2956/2956 2953/2953 2955/2955
f 2957/2957 2958/2958 2959/2959
f 2960/2960 2957/2957 2959/2959
f 2961/2961 2962/2962 2963/2963
f 2964/2964 2961/2961 2963/2963
f 2965/2965 2966/2966 2967/2967
f 2968/2968 2965/2965 2967/2967
f 2969/2969 2970/2970 2971/2971
f 2972/2972 2969/2969 2971/2971
f 2973/2973 2974/2974 2975/2975
f 2976/2976 2973/2973 2975/2975
f 2977/2977 2978/2978 2979/2979
f 2980/2980 2977/2977 2979/2979
f 2981/2981 2982/2982 2983/2983
f 2984/2984 2981/2981 2983/2983
f 2985/2985 2986/2986 2987/2987
f 2988/2988 2985/2985 2987/2987
f 2989/2989 2990/2990 2991/2991
f 2992/2992 2989/2989 2991/2991
f 2993/2993 2994/2994 2995/2995
f 2996/2996 2993/2993 2995/2995
f 2997/2997 2998/2998 2999/2999
f 3000/3000 2997/2997 2999/2999
f 3001/3001 3002/3002 3003/3003
f 3004/3004 3001/3001 3003/3003
f 3005/3005 3006/3006 3007/3007
f 3008/3008 3005/3005 3007/3007
f 3009/3009 3010/3010 3011/3011
f 3012/3012 3009/3009 3011/3011
f 3013/3013 3014/3014 3015/3015
f 3016/3016 3013/3013 3015/3015
f 3017/3017 3018/3018 3019/3019
f 3020/3020 3017/3017 3019/3019
f 3021/3021 3022/3022 3023/3023
f 3024/3024 3021/3021 3023/3023
f 3025/3025 3026/3026 3027/3027
f 3028/3028 3025/3025 3027/3027
f 3029/3029 3030/3030 3031/3031
f 3032/3032 3029/3029 3031/3031
f 3033/3033 3034/3034 3035/3035
f 3036/3036 3033/3033 3035/3035
f 3037/3037 3038/3038 3039/3039
f 3040/3040 3037/3037 3039/3039
f 3041/3041 3042/3042 3043/3043
f 3044/3044 3045/3045 3046/3046
f 3047/3047 3048/3048 3049/3049
f 3050/3050 3047/3047 3049/3049
f 3051/3051 3052/3052 3053/3053
f 3054/3054 3051/3051 3053/3053
f 3055/3055 3056/3056 3057/3057
f 3058/3058 3055/3055 3057/3057
f 3059/3059 3060/3060 3061/3061
f 3062/3062 3063/3063 3064/3064
f 3065/3065 3066/3066 3067/3067
f 3068/3068 3065/3065 3067/3067
f 3069/3069 3070/3070 3071/3071
f 3072/3072 3069/3069 3071/3071
f 3073/3073 3074/3074 3075/3075
f 3076/3076 3073/3073 3075/3075
f 3077/3077 3078/3078 3079/3079
f 3080/3080 3081/3081 3082/3082
f 3083/3083 3084/3084 3085/3085
f 3086/3086 3083/3083 3085/3085
f 3087/3087 3088/3088 3089/3089
f 3090/3090 3087/3087 3089/3089
f 3091/3091 3092/3092 3093/3093
f 3094/3094 3091/3091 3093/3093
f 3095/3095 3096/3096 3097/3097
f 3098/3098 3099/3099 3100/3100
f 3101/3101 3102/3102 3103/3103
f 3104/3104 3101/3101 3103/3103
f 3105/3105 3106/3106 3107/3107
f 3108/3108 3105/3105 3107/3107
f 3109/3109 3110/3110 3111/3111
f 3112/3112 3109/3109 3111/3111
f 3113/3113 3114/3114 3115/3115
f 3116/3116 3113/3113 3115/3115
f 3117/3117 3116/3116 3115/3115
f 3118/3118 3117/3117 3115/3115
f 3119/3119 3118/3118 3115/3115
f 3120/3120 3119/3119 3115/3115
f 3121/3121 3120/3120 3115/3115
f 3122/3122 3121/3121 3115/3115
f 3123/3123 3122/3122 3115/3115
f 3124/3124 3123/3123 3115/3115
f 3125/3125 3124/3124 3115/3115
f 3126/3126 3125/3125 3115/3115
f 3127/3127 3126/3126 3115/3115
f 3128/3128 3127/3127 3115/3115
f 3129/3129 3128/3128 3115/3115
f 3130/3130 3129/3129 3115/3115
f 3131/3131 3130/3130 3115/3115
f 3132/3132 3131/3131 3115/3115
f 3133/3133 3132/3132 3115/3115
f 3134/3134 3133/3133 3115/3115
f 3135/3135 3134/3134 3115/3115
f 3136/3136 3135/3135 3115/3115
f 3137/3137 3136/3136 3115/3115
f 3138/3138 3137/3137 3115/3115
f 3139/3139 3138/3138 3115/3115
f 3140/3140 3139/3139 3115/3115
f 3141/3141 3140/3140 3115/3115
f 3142/3142 3141/3141 3115/3115
f 3143/3143 3142/3142 3115/3115
f 3144/3144 3143/3143 3115/3115
f 3145/3145 3146/3146 3147/3147
f 3148/3148 3145/3145 3147/3147
f 3149/3149 3150/3150 3151/3151
f 3152/3152 3149/3149 3151/3151
f 3153/3153 3154/3154 3155/3155
f 3156/3156 3153/3153 3155/3155
f 3157/3157 3158/3158 3159/3159
f 3160/3160 3157/3157 3159/3159
f 3161/3161 3162/3162 3163/3163
f 3164/3164 3161/3161 3163/3163
f 3165/3165 3166/3166 3167/3167
f 3168/3168 3165/3165 3167/3167
f 3169/3169 3170/3170 3171/3171
f 3172/3172 3169/3169 3171/3171
f 3173/3173 3174/3174 3175/3175
f 3176/3176 3173/3173 3175/3175
f 3177/3177 3178/3178 3179/3179
f 3180/3180 3177/3177 3179/3179
f 3181/3181 3182/3182 3183/3183
f 3184/3184 3181/3181 3183/3183
f 3185/3185 3186/3186 3187/3187
f 3188/3188 3185/3185 3187/3187
f 3189/3189 3190/3190 3191/3191
f 3192/3192 3189/3189 3191/3191
f 3193/3193 3194/3194 3195/3195
f 3196/3196 3193/3193 3195/3195
f 3197/3197 3198/3198 3199/3199
f 3200/3200 3197/3197 3199/3199
f 3201/3201 3202/3202 3203/3203
f 3204/3204 3201/3201 3203/3203
f 3205/3205 3206/3206 3207/3207
f 3208/3208 3205/3205 3207/3207
f 3209/3209 3210/3210 3211/3211
f 3212/3212 3209/3209 3211/3211
f 3213/3213 3214/3214 3215/3215
f 3216/3216 3213/3213 3215/3215
f 3217/3217 3218/3218 3219/3219
f 3220/3220 3217/3217 3219/3219
f 3221/3221 3222/3222 3223/3223
f 3224/3224 3221/3221 3223/3223
f 3225/3225 3226/3226 3227/3227
f 3228/3228 3225/3225 3227/3227
f 3229/3229 3230/3230 3231/3231
f 3232/3232 3229/3229 3231/3231
f 3233/3233 3234/3234 3235/3235
f 3236/3236 3233/3233 3235/3235
f 3237/3237 3238/3238 3239/3239
f 3240/3240 3237/3237 3239/3239
f 3241/3241 3242/3242 3243/3243
f 3244/3244 3241/3241 3243/3243
f 3245/3245 3246/3246 3247/3247
f 3248/3248 3245/3245 3247/3247
f 3249/3249 3250/3250 3251/3251
f 3252/3252 3249/3249 3251/3251
f 3253/3253 3254/3254 3255/3255
f 3256/3256 3253/3253 3255/3255
f 3257/3257 3258/3258 3259/3259
f 3260/3260 3257/3257 3259/3259
f 3261/3261 3262/3262 3263/3263
f 3264/3264 3261/3261 3263/3263
f 3265/3265 3266/3266 3267/3267
f 3268/3268 3265/3265 3267/3267
f 3269/3269 3270/3270 3271/3271
f 3272/3272 3269/3269 3271/3271
f 3273/3273 3274/3274 3275/3275
f 3276/3276 3273/3273 3275/3275
f 3277/3277 3276/3276 3275/3275
f 3278/3278 3277/3277 3275/3275
f 3279/3279 3278/3278 3275/3275
f 3280/3280 3279/3279 3275/3275
f 3281/3281 3282/3282 3283/3283
f 3284/3284 3281/3281 3283/3283
f 3285/3285 3286/3286 3287/3287
f 3288/3288 3285/3285 3287/3287
f 3289/3289 3290/3290 3291/3291
f 3292/3292 3289/3289 3291/3291
f 3293/3293 3294/3294 3295/3295
f 3296/3296 3293/3293 3295/3295
f 3297/3297 3298/3298 3299/3299
f 3300/3300 3297/3297 3299/3299
f 3301/3301 3302/3302 3303/3303
f 3304/3304 3301/3301 3303/3303
f 3305/3305 3306/3306 3307/3307
f 3308/3308 3305/3305 3307/3307
f 3309/3309 3310/3310 3311/3311
f 3312/3312 3309/3309 3311/3311
f 3313/3313 3312/3312 3311/3311
f 3314/3314 3313/3313 3311/3311
f 3315/3315 3314/3314 3311/3311
f 3316/3316 3315/3315 3311/3311
f 3317/3317 3318/3318 3319/3319
f 3320/3320 3317/3317 3319/3319
f 3321/3321 3322/3322 3323/3323
f 3324/3324 3321/3321 3323/3323
f 3325/3325 3326/3326 3327/3327
f 3328/3328 3325/3325 3327/3327
f 3329/3329 3330/3330 3331/3331
f 3332/3332 3329/3329 3331/3331
f 3333/3333 3334/3334 3335/3335
f 3336/3336 3333/3333 3335/3335
f 3337/3337 3338/3338 3339/3339
f 3340/3340 3337/3337 3339/3339
f 3341/3341 3342/3342 3343/3343
f 3344/3344 3341/3341 3343/3343
f 3345/3345 3346/3346 3347/3347
f 3348/3348 3345/3345 3347/3347
f 3349/3349 3350/3350 3351/3351
f 3352/3352 3349/3349 3351/3351
f 3353/3353 3354/3354 3355/3355
f 3356/3356 3353/3353 3355/3355
f 3357/3357 3358/3358 3359/3359
f 3360/3360 3357/3357 3359/3359
f 3361/3361 3362/3362 3363/3363
f 3364/3364 3361/3361 3363/3363
f 3365/3365 3366/3366 3367/3367
f 3368/3368 3365/3365 3367/3367
f 3369/3369 3370/3370 3371/3371
f 3372/3372 3369/3369 3371/3371
f 3373/3373 3374/3374 3375/3375
f 3376/3376 3373/3373 3375/3375
f 3377/3377 3378/3378 3379/3379
f 3380/3380 3377/3377 3379/3379
f 3381/3381 3382/3382 3383/3383
f 3384/3384 3381/3381 3383/3383
f 3385/3385 3386/3386 3387/3387
f 3388/3388 3385/3385 3387/3387
f 3389/3389 3390/3390 3391/3391
f 3392/3392 3389/3389 3391/3391
f 3393/3393 3394/3394 3395/3395
f 3396/3396 3393/3393 3395/3395
f 3397/3397 3398/3398 3399/3399
f 3400/3400 3397/3397 3399/3399
f 3401/3401 3402/3402 3403/3403
f 3404/3404 3401/3401 3403/3403
f 3405/3405 3406/3406 3407/3407
f 3408/3408 3405/3405 3407/3407
f 3409/3409 3410/3410 3411/3411
f 3412/3412 3409/3409 3411/3411
f 3413/3413 3414/3414 3415/3415
f 3416/3416 3413/3413 3415/3415
f 3417/3417 3418/3418 3419/3419
f 3420/3420 3417/3417 3419/3419
f 3421/3421 3422/3422 3423/3423
f 3424/3424 3421/3421 3423/3423
f 3425/3425 3426/3426 3427/3427
f 3428/3428 3425/3425 3427/3427
f 3429/3429 3430/3430 3431/3431
f 3432/3432 3429/3429 3431/3431
f 3433/3433 3434/3434 3435/3435
f 3436/3436 3433/3433 3435/3435
f 3437/3437 3438/3438 3439/3439
f 3440/3440 3437/3437 3439/3439
f 3441/3441 3442/3442 3443/3443
f 3444/3444 3441/3441 3443/3443
f 3445/3445 3446/3446 3447/3447
f 3448/3448 3445/3445 3447/3447
f 3449/3449 3450/3450 3451/3451
f 3452/3452 3449/3449 3451/3451
f 3453/3453 3454/3454 3455/3455
f 3456/3456 3453/3453 3455/3455
f 3457/3457 3458/3458 3459/3459
f 3460/3460 3457/3457 3459/3459
f 3461/3461 3462/3462 3463/3463
f 3464/3464 3461/3461 3463/3463
f 3465/3465 3466/3466 3467/3467
f 3468/3468 3465/3465 3467/3467
f 3469/3469 3470/3470 3471/3471
f 3472/3472 3469/3469 3471/3471
f 3473/3473 3474/3474 3475/3475
f 3476/3476 3473/3473 3475/3475
f 3477/3477 3478/3478 3479/3479
f 3480/3480 3477/3477 3479/3479
f 3481/3481 3482/3482 3483/3483
f 3484/3484 3481/3481 3483/3483
f 3485/3485 3486/3486 3487/3487
f 3488/3488 3485/3485 3487/3487
f 3489/3489 3490/3490 3491/3491
f 3492/3492 3489/3489 3491/3491
f 3493/3493 3494/3494 3495/3495
f 3496/3496 3493/3493 3495/3495
f 3497/3497 3498/3498 3499/3499
f 3500/3500 3497/3497 3499/3499
f 3501/3501 3502/3502 3503/3503
f 3504/3504 3501/3501 3503/3503
f 3505/3505 3506/3506 3507/3507
f 3508/3508 3505/3505 3507/3507
f 3509/3509 3510/3510 3511/3511
f 3512/3512 3509/3509 3511/3511
f 3513/3513 3514/3514 3515/3515
f 3516/3516 3513/3513 3515/3515
f 3517/3517 3518/3518 3519/3519
f 3520/3520 3517/3517 3519/3519
f 3521/3521 3522/3522 3523/3523
f 3524/3524 3521/3521 3523/3523
f 3525/3525 3526/3526 3527/3527
f 3528/3528 3525/3525 3527/3527
f 3529/3529 3530/3530 3531/3531
f 3532/3532 3529/3529 3531/3531
f 3533/3533 3534/3534 3535/3535
f 3536/3536 3533/3533 3535/3535
f 3537/3537 3538/3538 3539/3539
f 3540/3540 3537/3537 3539/3539
f 3541/3541 3542/3542 3543/3543
f 3544/3544 3541/3541 3543/3543
f 3545/3545 3546/3546 3547/3547
f 3548/3548 3545/3545 3547/3547
f 3549/3549 3550/3550 3551/3551
f 3552/3552 3549/3549 3551/3551
f 3553/3553 3554/3554 3555/3555
f 3556/3556 3553/3553 3555/3555
f 3557/3557 3558/3558 3559/3559
f 3560/3560 3557/3557 3559/3559
f 3561/3561 3562/3562 3563/3563
f 3564/3564 3561/3561 3563/3563
f 3565/3565 3566/3566 3567/3567
f 3568/3568 3565/3565 3567/3567
f 3569/3569 3570/3570 3571/3571
f 3572/3572 3569/3569 3571/3571
f 3573/3573 3574/3574 3575/3575
f 3576/3576 3573/3573 3575/3575
f 3577/3577 3578/3578 3579/3579
f 3580/3580 3577/3577 3579/3579
f 3581/3581 3582/3582 3583/3583
f 3584/3584 3581/3581 3583/3583
f 3585/3585 3586/3586 3587/3587
f 3588/3588 3585/3585 3587/3587
f 3589/3589 3590/3590 3591/3591
f 3592/3592 3589/3589 3591/3591
f 3593/3593 3594/3594 3595/3595
f 3596/3596 3593/3593 3595/3595
f 3597/3597 3598/3598 3599/3599
f 3600/3600 3597/3597 3599/3599
f 3601/3601 3602/3602 3603/3603
f 3604/3604 3601/3601 3603/3603
f 3605/3605 3606/3606 3607/3607
f 3608/3608 3605/3605 3607/3607
f 3609/3609 3610/3610 3611/3611
f 3612/3612 3609/3609 3611/3611
f 3613/3613 3614/3614 3615/3615
f 3616/3616 3613/3613 3615/3615
f 3617/3617 3618/3618 3619/3619
f 3620/3620 3617/3617 3619/3619
f 3621/3621 3622/3622 3623/3623
f 3624/3624 3621/3621 3623/3623
f 3625/3625 3626/3626 3627/3627
f 3628/3628 3625/3625 3627/3627
f 3629/3629 3630/3630 3631/3631
f 3632/3632 3629/3629 3631/3631
f 3633/3633 3634/3634 3635/3635
f 3636/3636 3633/3633 3635/3635
f 3637/3637 3638/3638 3639/3639
f 3640/3640 3637/3637 3639/3639
f 3641/3641 3642/3642 3643/3643
f 3644/3644 3641/3641 3643/3643
f 3645/3645 3646/3646 3647/3647
f 3648/3648 3645/3645 3647/3647
f 3649/3649 3650/3650 3651/3651
f 3652/3652 3649/3649 3651/3651
f 3653/3653 3654/3654 3655/3655
f 3656/3656 3653/3653 3655/3655
f 3657/3657 3658/3658 3659/3659
f 3660/3660 3657/3657 3659/3659
f 3661/3661 3662/3662 3663/3663
f 3664/3664 3661/3661 3663/3663
f 3665/3665 3666/3666 3667/3667
f 3668/3668 3665/3665 3667/3667
f 3669/3669 3670/3670 3671/3671
f 3672/3672 3669/3669 3671/3671
f 3673/3673 3674/3674 3675/3675
f 3676/3676 3673/3673 3675/3675
f 3677/3677 3678/3678 3679/3679
f 3680/3680 3677/3677 3679/3679
f 3681/3681 3682/3682 3683/3683
f 3684/3684 3681/3681 3683/3683
f 3685/3685 3686/3686 3687/3687
f 3688/3688 3685/3685 3687/3687
f 3689/3689 3690/3690 3691/3691
f 3692/3692 3689/3689 3691/3691
f 3693/3693 3694/3694 3695/3695
f 3696/3696 3693/3693 3695/3695
f 3697/3697 3698/3698 3699/3699
f 3700/3700 3697/3697 3699/3699
f 3701/3701 3702/3702 3703/3703
f 3704/3704 3701/3701 3703/3703
f 3705/3705 3706/3706 3707/3707
f 3708/3708 3705/3705 3707/3707
f 3709/3709 3710/3710 3711/3711
f 3712/3712 3709/3709 3711/3711
f 3713/3713 3714/3714 3715/3715
f 3716/3716 3713/3713 3715/3715
f 3717/3717 3718/3718 3719/3719
f 3720/3720 3717/3717 3719/3719
f 3721/3721 3722/3722 3723/3723
f 3724/3724 3721/3721 3723/3723
f 3725/3725 3726/3726 3727/3727
f 3728/3728 3725/3725 3727/3727
f 3729/3729 3730/3730 3731/3731
f 3732/3732 3729/3729 3731/3731
f 3733/3733 3734/3734 3735/3735
f 3736/3736 3733/3733 3735/3735
f 3737/3737 3738/3738 3739/3739
f 3740/3740 3737/3737 3739/3739
f 3741/3741 3742/3742 3743/3743
f 3744/3744 3741/3741 3743/3743
f 3745/3745 3746/3746 3747/3747
f 3748/3748 3745/3745 3747/3747
f 3749/3749 3750/3750 3751/3751
f 3752/3752 3749/3749 3751/3751
f 3753/3753 3754/3754 3755/3755
f 3756/3756 3753/3753 3755/3755
f 3757/3757 3758/3758 3759/3759
f 3760/3760 3757/3757 3759/3759
f 3761/3761 3762/3762 3763/3763
f 3764/3764 3761/3761 3763/3763
f 3765/3765 3766/3766 3767/3767
f 3768/3768 3765/3765 3767/3767
f 3769/3769 3770/3770 3771/3771
f 3772/3772 3769/3769 3771/3771
f 3773/3773 3774/3774 3775/3775
f 3776/3776 3773/3773 3775/3775
f 3777/3777 3778/3778 3779/3779
f 3780/3780 3777/3777 3779/3779
f 3781/3781 3782/3782 3783/3783
f 3784/3784 3781/3781 3783/3783
f 3785/3785 3786/3786 3787/3787
f 3788/3788 3785/3785 3787/3787
f 3789/3789 3790/3790 3791/3791
f 3792/3792 3789/3789 3791/3791
f 3793/3793 3794/3794 3795/3795
f 3796/3796 3793/3793 3795/3795
f 3797/3797 3798/3798 3799/3799
f 3800/3800 3797/3797 3799/3799
f 3801/3801 3802/3802 3803/3803
f 3804/3804 3801/3801 3803/3803
f 3805/3805 3806/3806 3807/3807
f 3808/3808 3805/3805 3807/3807
f 3809/3809 3810/3810 3811/3811
f 3812/3812 3809/3809 3811/3811
f 3813/3813 3814/3814 3815/3815
f 3816/3816 3813/3813 3815/3815
f 3817/3817 3818/3818 3819/3819
f 3820/3820 3817/3817 3819/3819
f 3821/3821 3822/3822 3823/3823
f 3824/3824 3821/3821 3823/3823
f 3825/3825 3826/3826 3827/3827
f 3828/3828 3825/3825 3827/3827
f 3829/3829 3830/3830 3831/3831
f 3832/3832 3829/3829 3831/3831
f 3833/3833 3834/3834 3835/3835
f 3836/3836 3833/3833 3835/3835
f 3837/3837 3838/3838 3839/3839
f 3840/3840 3837/3837 3839/3839
f 3841/3841 3842/3842 3843/3843
f 3844/3844 3841/3841 3843/3843
f 3845/3845 3846/3846 3847/3847
f 3848/3848 3845/3845 3847/3847
f 3849/3849 3850/3850 3851/3851
f 3852/3852 3849/3849 3851/3851
f 3853/3853 3854/3854 3855/3855
f 3856/3856 3853/3853 3855/3855
f 3857/3857 3858/3858 3859/3859
f 3860/3860 3857/3857 3859/3859
f 3861/3861 3862/3862 3863/3863
f 3864/3864 3861/3861 3863/3863
f 3865/3865 3866/3866 3867/3867
f 3868/3868 3865/3865 3867/3867
f 3869/3869 3870/3870 3871/3871
f 3872/3872 3869/3869 3871/3871
f 3873/3873 3874/3874 3875/3875
f 3876/3876 3873/3873 3875/3875
f 3877/3877 3878/3878 3879/3879
f 3880/3880 3877/3877 3879/3879
f 3881/3881 3882/3882 3883/3883
f 3884/3884 3881/3881 3883/3883
f 3885/3885 3886/3886 3887/3887
f 3888/3888 3885/3885 3887/3887
f 3889/3889 3890/3890 3891/3891
f 3892/3892 3889/3889 3891/3891
f 3893/3893 3894/3894 3895/3895
f 3896/3896 3893/3893 3895/3895
f 3897/3897 3898/3898 3899/3899
f 3900/3900 3897/3897 3899/3899
f 3901/3901 3902/3902 3903/3903
f 3904/3904 3901/3901 3903/3903
f 3905/3905 3906/3906 3907/3907
f 3908/3908 3905/3905 3907/3907
f 3909/3909 3910/3910 3911/3911
f 3912/3912 3909/3909 3911/3911
f 3913/3913 3914/3914 3915/3915
f 3916/3916 3913/3913 3915/3915
f 3917/3917 3918/3918 3919/3919
f 3920/3920 3917/3917 3919/3919
f 3921/3921 3922/3922 3923/3923
f 3924/3924 3921/3921 3923/3923
f 3925/3925 3926/3926 3927/3927
f 3928/3928 3925/3925 3927/3927
f 3929/3929 3930/3930 3931/3931
f 3932/3932 3929/3929 3931/3931
f 3933/3933 3934/3934 3935/3935
f 3936/3936 3933/3933 3935/3935
f 3937/3937 3938/3938 3939/3939
f 3940/3940 3937/3937 3939/3939
f 3941/3941 3942/3942 3943/3943
f 3944/3944 3941/3941 3943/3943
f 3945/3945 3946/3946 3947/3947
f 3948/3948 3945/3945 3947/3947
f 3949/3949 3950/3950 3951/3951
f 3952/3952 3949/3949 3951/3951
f 3953/3953 3954/3954 3955/3955
f 3956/3956 3953/3953 3955/3955
f 3957/3957 3958/3958 3959/3959
f 3960/3960 3957/3957 3959/3959
f 3961/3961 3962/3962 3963/3963
f 3964/3964 3961/3961 3963/3963
f 3965/3965 3966/3966 3967/3967
f 3968/3968 3965/3965 3967/3967
f 3969/3969 3970/3970 3971/3971
f 3972/3972 3973/3973 3974/3974
f 3975/3975 3976/3976 3977/3977
f 3978/3978 3975/3975 3977/3977
f 3979/3979 3980/3980 3981/3981
f 3982/3982 3979/3979 3981/3981
f 3983/3983 3984/3984 3985/3985
f 3986/3986 3983/3983 3985/3985
f 3987/3987 3988/3988 3989/3989
f 3990/3990 3991/3991 3992/3992
f 3993/3993 3994/3994 3995/3995
f 3996/3996 3993/3993 3995/3995
f 3997/3997 3998/3998 3999/3999
f 4000/4000 3997/3997 3999/3999
f 4001/4001 4002/4002 4003/4003
f 4004/4004 4001/4001 4003/4003
f 4005/4005 4006/4006 4007/4007
f 4008/4008 4009/4009 4010/4010
f 4011/4011 4012/4012 4013/4013
f 4014/4014 4011/4011 4013/4013
f 4015/4015 4016/4016 4017/4017
f 4018/4018 4015/4015 4017/4017
f 4019/4019 4020/4020 4021/4021
f 4022/4022 4019/4019 4021/4021
f 4023/4023 4024/4024 4025/4025
f 4026/4026 4027/4027 4028/4028
f 4029/4029 4030/4030 4031/4031
f 4032/4032 4029/4029 4031/4031
f 4033/4033 4034/4034 4035/4035
f 4036/4036 4033/4033 4035/4035
f 4037/4037 4038/4038 4039/4039
f 4040/4040 4037/4037 4039/4039
f 4041/4041 4042/4042 4043/4043
f 4044/4044 4041/4041 4043/4043
f 4045/4045 4044/4044 4043/4043
f 4046/4046 4045/4045 4043/4043
f 4047/4047 4046/4046 4043/4043
f 4048/4048 4047/4047 4043/4043
f 4049/4049 4048/4048 4043/4043
f 4050/4050 4051/4051 4052/4052
f 4053/4053 4050/4050 4052/4052
f 4054/4054 4053/4053 4052/4052
f 4055/4055 4054/4054 4052/4052
f 4056/4056 4055/4055 4052/4052
f 4057/4057 4056/4056 4052/4052
f 4058/4058 4057/4057 4052/4052
f 4059/4059 4060/4060 4061/4061
f 4062/4062 4059/4059 4061/4061
f 4063/4063 4064/4064 4065/4065
f 4066/4066 4063/4063 4065/4065
f 4067/4067 4068/4068 4069/4069
f 4070/4070 4067/4067 4069/4069
f 4071/4071 4072/4072 4073/4073
f 4074/4074 4071/4071 4073/4073
f 4075/4075 4076/4076 4077/4077
f 4078/4078 4075/4075 4077/4077
f 4079/4079 4080/4080 4081/4081
f 4082/4082 4079/4079 4081/4081
f 4083/4083 4084/4084 4085/4085
f 4086/4086 4083/4083 4085/4085
f 4087/4087 4088/4088 4089/4089
f 4090/4090 4087/4087 4089/4089
f 4091/4091 4092/4092 4093/4093
f 4094/4094 4091/4091 4093/4093
f 4095/4095 4096/4096 4097/4097
f 4098/4098 4095/4095 4097/4097
f 4099/4099 4098/4098 4097/4097
f 4100/4100 4099/4099 4097/4097
f 4101/4101 4100/4100 4097/4097
f 4102/4102 4101/4101 4097/4097
f 4103/4103 4102/4102 4097/4097
f 4104/4104 4105/4105 4106/4106
f 4107/4107 4104/4104 4106/4106
f 4108/4108 4107/4107 4106/4106
f 4109/4109 4108/4108 4106/4106
f 4110/4110 4109/4109 4106/4106
f 4111/4111 4110/4110 4106/4106
f 4112/4112 4111/4111 4106/4106
f 4113/4113 4114/4114 4115/4115
f 4116/4116 4113/4113 4115/4115
f 4117/4117 4118/4118 4119/4119
f 4120/4120 4117/4117 4119/4119
f 4121/4121 4122/4122 4123/4123
f 4124/4124 4121/4121 4123/4123
f 4125/4125 4126/4126 4127/4127
f 4128/4128 4125/4125 4127/4127
f 4129/4129 4130/4130 4131/4131
f 4132/4132 4129/4129 4131/4131
f 4133/4133 4134/4134 4135/4135
f 4136/4136 4133/4133 4135/4135
f 4137/4137 4138/4138 4139/4139
f 4140/4140 4137/4137 4139/4139
f 4141/4141 4142/4142 4143/4143
f 4144/4144 4141/4141 4143/4143
f 4145/4145 4146/4146 4147/4147
f 4148/4148 4145/4145 4147/4147
f 4149/4149 4150/4150 4151/4151
f 4152/4152 4149/4149 4151/4151
f 4153/4153 4154/4154 4155/4155
f 4156/4156 4153/4153 4155/4155
f 4157/4157 4158/4158 4159/4159
f 4160/4160 4157/4157 4159/4159
f 4161/4161 4162/4162 4163/4163
f 4164/4164 4161/4161 4163/4163
f 4165/4165 4166/4166 4167/4167
f 4168/4168 4165/4165 4167/4167
f 4169/4169 4170/4170 4171/4171
f 4172/4172 4169/4169 4171/4171
f 4173/4173 4174/4174 4175/4175
f 4176/4176 4173/4173 4175/4175
f 4177/4177 4178/4178 4179/4179
f 4180/4180 4177/4177 4179/4179
f 4181/4181 4182/4182 4183/4183
f 4184/4184 4181/4181 4183/4183
f 4185/4185 4186/4186 4187/4187
f 4188/4188 4185/4185 4187/4187
f 4189/4189 4190/4190 4191/4191
f 4192/4192 4189/4189 4191/4191
f 4193/4193 4194/4194 4195/4195
f 4196/4196 4193/4193 4195/4195
f 4197/4197 4198/4198 4199/4199
f 4200/4200 4197/4197 4199/4199
f 4201/4201 4202/4202 4203/4203
f 4204/4204 4201/4201 4203/4203
f 4205/4205 4206/4206 4207/4207
f 4208/4208 4205/4205 4207/4207
f 4209/4209 4210/4210 4211/4211
f 4212/4212 4209/4209 4211/4211
f 4213/4213 4214/4214 4215/4215
f 4216/4216 4213/4213 4215/4215
f 4217/4217 4218/4218 4219/4219
f 4220/4220 4217/4217 4219/4219
f 4221/4221 4222/4222 4223/4223
f 4224/4224 4221/4221 4223/4223
f 4225/4225 4226/4226 4227/4227
f 4228/4228 4225/4225 4227/4227
f 4229/4229 4230/4230 4231/4231
f 4232/4232 4229/4229 4231/4231
f 4233/4233 4234/4234 4235/4235
f 4236/4236 4233/4233 4235/4235
f 4237/4237 4238/4238 4239/4239
f 4240/4240 4237/4237 4239/4239
f 4241/4241 4242/4242 4243/4243
f 4244/4244 4241/4241 4243/4243
f 4245/4245 4246/4246 4247/4247
f 4248/4248 4245/4245 4247/4247
f 4249/4249 4250/4250 4251/4251
f 4252/4252 4249/4249 4251/4251
f 4253/4253 4254/4254 4255/4255
f 4256/4256 4253/4253 4255/4255
f 4257/4257 4258/4258 4259/4259
f 4260/4260 4257/4257 4259/4259
f 4261/4261 4262/4262 4263/4263
f 4264/4264 4261/4261 4263/4263
f 4265/4265 4266/4266 4267/4267
f 4268/4268 4265/4265 4267/4267
f 4269/4269 4270/4270 4271/4271
f 4272/4272 4269/4269 4271/4271
f 4273/4273 4274/4274 4275/4275
f 4276/4276 4273/4273 4275/4275
f 4277/4277 4278/4278 4279/4279
f 4280/4280 4277/4277 4279/4279
f 4281/4281 4282/4282 4283/4283
f 4284/4284 4281/4281 4283/4283
f 4285/4285 4286/4286 4287/4287
f 4288/4288 4285/4285 4287/4287
f 4289/4289 4290/4290 4291/4291
f 4292/4292 4289/4289 4291/4291
f 4293/4293 4294/4294 4295/4295
f 4296/4296 4293/4293 4295/4295
f 4297/4297 4298/4298 4299/4299
f 4300/4300 4297/4297 4299/4299
f 4301/4301 4302/4302 4303/4303
f 4304/4304 4301/4301 4303/4303
f 4305/4305 4306/4306 4307/4307
f 4308/4308 4305/4305 4307/4307
f 4309/4309 4310/4310 4311/4311
f 4312/4312 4309/4309 4311/4311
f 4313/4313 4314/4314 4315/4315
f 4316/4316 4313/4313 4315/4315
f 4317/4317 4318/4318 4319/4319
f 4320/4320 4317/4317 4319/4319
f 4321/4321 4322/4322 4323/4323
f 4324/4324 4321/4321 4323/4323
f 4325/4325 4326/4326 4327/4327
f 4328/4328 4325/4325 4327/4327
f 4329/4329 4330/4330 4331/4331
f 4332/4332 4329/4329 4331/4331
f 4333/4333 4334/4334 4335/4335
f 4336/4336 4333/4333 4335/4335
f 4337/4337 4338/4338 4339/4339
f 4340/4340 4337/4337 4339/4339
f 4341/4341 4342/4342 4343/4343
f 4344/4344 4341/4341 4343/4343
f 4345/4345 4346/4346 4347/4347
f 4348/4348 4345/4345 4347/4347
f 4349/4349 4350/4350 4351/4351
f 4352/4352 4349/4349 4351/4351
f 4353/4353 4354/4354 4355/4355
f 4356/4356 4353/4353 4355/4355
f 4357/4357 4358/4358 4359/4359
f 4360/4360 4357/4357 4359/4359
f 4361/4361 4362/4362 4363/4363
f 4364/4364 4361/4361 4363/4363
f 4365/4365 4366/4366 4367/4367
f 4368/4368 4365/4365 4367/4367
f 4369/4369 4370/4370 4371/4371
f 4372/4372 4369/4369 4371/4371
f 4373/4373 4374/4374 4375/4375
f 4376/4376 4373/4373 4375/4375
f 4377/4377 4378/4378 4379/4379
f 4380/4380 4377/4377 4379/4379
f 4381/4381 4382/4382 4383/4383
f 4384/4384 4381/4381 4383/4383
f 4385/4385 4386/4386 4387/4387
f 4388/4388 4385/4385 4387/4387
f 4389/4389 4390/4390 4391/4391
f 4392/4392 4389/4389 4391/4391
f 4393/4393 4394/4394 4395/4395
f 4396/4396 4393/4393 4395/4395
f 4397/4397 4398/4398 4399/4399
f 4400/4400 4397/4397 4399/4399
f 4401/4401 4402/4402 4403/4403
f 4404/4404 4401/4401 4403/4403
f 4405/4405 4406/4406 4407/4407
f 4408/4408 4405/4405 4407/4407
f 4409/4409 4410/4410 4411/4411
f 4412/4412 4409/4409 4411/4411
f 4413/4413 4414/4414 4415/4415
f 4416/4416 4413/4413 4415/4415
f 4417/4417 4418/4418 4419/4419
f 4420/4420 4417/4417 4419/4419
f 4421/4421 4422/4422 4423/4423
f 4424/4424 4421/4421 4423/4423
f 4425/4425 4426/4426 4427/4427
f 4428/4428 4425/4425 4427/4427
f 4429/4429 4430/4430 4431/4431
f 4432/4432 4429/4429 4431/4431
f 4433/4433 4434/4434 4435/4435
f 4436/4436 4433/4433 4435/4435
f 4437/4437 4438/4438 4439/4439
f 4440/4440 4437/4437 4439/4439
f 4441/4441 4442/4442 4443/4443
f 4444/4444 4441/4441 4443/4443
f 4445/4445 4446/4446 4447/4447
f 4448/4448 4445/4445 4447/4447
f 4449/4449 4450/4450 4451/4451
f 4452/4452 4449/4449 4451/4451
f 4453/4453 4454/4454 4455/4455
f 4456/4456 4453/4453 4455/4455
f 4457/4457 4458/4458 4459/4459
f 4460/4460 4457/4457 4459/4459
f 4461/4461 4462/4462 4463/4463
f 4464/4464 4461/4461 4463/4463
f 4465/4465 4466/4466 4467/4467
f 4468/4468 4465/4465 4467/4467
f 4469/4469 4470/4470 4471/4471
f 4472/4472 4469/4469 4471/4471
f 4473/4473 4474/4474 4475/4475
f 4476/4476 4473/4473 4475/4475
f 4477/4477 4478/4478 4479/4479
f 4480/4480 4477/4477 4479/4479
f 4481/4481 4482/4482 4483/4483
f 4484/4484 4481/4481 4483/4483
f 4485/4485 4486/4486 4487/4487
f 4488/4488 4485/4485 4487/4487
f 4489/4489 4490/4490 4491/4491
f 4492/4492 4489/4489 4491/4491
f 4493/4493 4494/4494 4495/4495
f 4496/4496 4493/4493 4495/4495
f 4497/4497 4498/4498 4499/4499
f 4500/4500 4497/4497 4499/4499
f 4501/4501 4502/4502 4503/4503
f 4504/4504 4501/4501 4503/4503
f 4505/4505 4506/4506 4507/4507
f 4508/4508 4505/4505 4507/4507
f 4509/4509 4510/4510 4511/4511
f 4512/4512 4509/4509 4511/4511
f 4513/4513 4514/4514 4515/4515
f 4516/4516 4513/4513 4515/4515
f 4517/4517 4518/4518 4519/4519
f 4520/4520 4517/4517 4519/4519
f 4521/4521 4522/4522 4523/4523
f 4524/4524 4521/4521 4523/4523
f 4525/4525 4526/4526 4527/4527
f 4528/4528 4525/4525 4527/4527
f 4529/4529 4530/4530 4531/4531
f 4532/4532 4529/4529 4531/4531
f 4533/4533 4534/4534 4535/4535
f 4536/4536 4533/4533 4535/4535
f 4537/4537 4538/4538 4539/4539
f 4540/4540 4537/4537 4539/4539
f 4541/4541 4542/4542 4543/4543
f 4544/4544 4541/4541 4543/4543
f 4545/4545 4546/4546 4547/4547
f 4548/4548 4545/4545 4547/4547
f 4549/4549 4550/4550 4551/4551
f 4552/4552 4549/4549 4551/4551
f 4553/4553 4554/4554 4555/4555
f 4556/4556 4553/4553 4555/4555
f 4557/4557 4558/4558 4559/4559
f 4560/4560 4557/4557 4559/4559
f 4561/4561 4562/4562 4563/4563
f 4564/4564 4561/4561 4563/4563
f 4565/4565 4566/4566 4567/4567
f 4568/4568 4565/4565 4567/4567
f 4569/4569 4570/4570 4571/4571
f 4572/4572 4569/4569 4571/4571
f 4573/4573 4574/4574 4575/4575
f 4576/4576 4573/4573 4575/4575
f 4577/4577 4578/4578 4579/4579
f 4580/4580 4577/4577 4579/4579
f 4581/4581 4582/4582 4583/4583
f 4584/4584 4581/4581 4583/4583
f 4585/4585 4586/4586 4587/4587
f 4588/4588 4585/4585 4587/4587
f 4589/4589 4590/4590 4591/4591
f 4592/4592 4589/4589 4591/4591
f 4593/4593 4594/4594 4595/4595
f 4596/4596 4593/4593 4595/4595
f 4597/4597 4598/4598 4599/4599
f 4600/4600 4597/4597 4599/4599
f 4601/4601 4602/4602 4603/4603
f 4604/4604 4601/4601 4603/4603
f 4605/4605 4606/4606 4607/4607
f 4608/4608 4605/4605 4607/4607
f 4609/4609 4610/4610 4611/4611
f 4612/4612 4609/4609 4611/4611
f 4613/4613 4614/4614 4615/4615
f 4616/4616 4613/4613 4615/4615
f 4617/4617 4618/4618 4619/4619
f 4620/4620 4617/4617 4619/4619
f 4621/4621 4622/4622 4623/4623
f 4624/4624 4621/4621 4623/4623
f 4625/4625 4626/4626 4627/4627
f 4628/4628 4625/4625 4627/4627
f 4629/4629 4630/4630 4631/4631
f 4632/4632 4629/4629 4631/4631
f 4633/4633 4634/4634 4635/4635
f 4636/4636 4633/4633 4635/4635
f 4637/4637 4638/4638 4639/4639
f 4640/4640 4637/4637 4639/4639
f 4641/4641 4642/4642 4643/4643
f 4644/4644 4641/4641 4643/4643
f 4645/4645 4646/4646 4647/4647
f 4648/4648 4645/4645 4647/4647
f 4649/4649 4650/4650 4651/4651
f 4652/4652 4649/4649 4651/4651
f 4653/4653 4654/4654 4655/4655
f 4656/4656 4653/4653 4655/4655
f 4657/4657 4658/4658 4659/4659
f 4660/4660 4657/4657 4659/4659
f 4661/4661 4662/4662 4663/4663
f 4664/4664 4661/4661 4663/4663
f 4665/4665 4666/4666 4667/4667
f 4668/4668 4665/4665 4667/4667
f 4669/4669 4670/4670 4671/4671
f 4672/4672 4669/4669 4671/4671
f 4673/4673 4674/4674 4675/4675
f 4676/4676 4673/4673 4675/4675
f 4677/4677 4678/4678 4679/4679
f 4680/4680 4677/4677 4679/4679
f 4681/4681 4682/4682 4683/4683
f 4684/4684 4681/4681 4683/4683
f 4685/4685 4686/4686 4687/4687
f 4688/4688 4685/4685 4687/4687
f 4689/4689 4690/4690 4691/4691
f 4692/4692 4689/4689 4691/4691
f 4693/4693 4694/4694 4695/4695
f 4696/4696 4693/4693 4695/4695
f 4697/4697 4698/4698 4699/4699
f 4700/4700 4697/4697 4699/4699
f 4701/4701 4702/4702 4703/4703
f 4704/4704 4701/4701 4703/4703
f 4705/4705 4706/4706 4707/4707
f 4708/4708 4705/4705 4707/4707
f 4709/4709 4710/4710 4711/4711
f 4712/4712 4709/4709 4711/4711
f 4713/4713 4714/4714 4715/4715
f 4716/4716 4713/4713 4715/4715
f 4717/4717 4718/4718 4719/4719
f 4720/4720 4717/4717 4719/4719
f 4721/4721 4722/4722 4723/4723
f 4724/4724 4721/4721 4723/4723
f 4725/4725 4726/4726 4727/4727
f 4728/4728 4725/4725 4727/4727
f 4729/4729 4730/4730 4731/4731
f 4732/4732 4729/4729 4731/4731
f 4733/4733 4734/4734 4735/4735
f 4736/4736 4733/4733 4735/4735
f 4737/4737 4738/4738 4739/4739
f 4740/4740 4737/4737 4739/4739
f 4741/4741 4742/4742 4743/4743
f 4744/4744 4741/4741 4743/4743
f 4745/4745 4746/4746 4747/4747
f 4748/4748 4745/4745 4747/4747
f 4749/4749 4750/4750 4751/4751
f 4752/4752 4749/4749 4751/4751
f 4753/4753 4754/4754 4755/4755
f 4756/4756 4753/4753 4755/4755
f 4757/4757 4758/4758 4759/4759
f 4760/4760 4757/4757 4759/4759
f 4761/4761 4762/4762 4763/4763
f 4764/4764 4761/4761 4763/4763
f 4765/4765 4766/4766 4767/4767
f 4768/4768 4765/4765 4767/4767
f 4769/4769 4770/4770 4771/4771
f 4772/4772 4769/4769 4771/4771
f 4773/4773 4774/4774 4775/4775
f 4776/4776 4773/4773 4775/4775
f 4777/4777 4778/4778 4779/4779
f 4780/4780 4777/4777 4779/4779
f 4781/4781 4782/4782 4783/4783
f 4784/4784 4781/4781 4783/4783
f 4785/4785 4786/4786 4787/4787
f 4788/4788 4785/4785 4787/4787
f 4789/4789 4790/4790 4791/4791
f 4792/4792 4789/4789 4791/4791
f 4793/4793 4794/4794 4795/4795
f 4796/4796 4793/4793 4795/4795
f 4797/4797 4798/4798 4799/4799
f 4800/4800 4797/4797 4799/4799
f 4801/4801 4802/4802 4803/4803
f 4804/4804 4801/4801 4803/4803
f 4805/4805 4806/4806 4807/4807
f 4808/4808 4805/4805 4807/4807
f 4809/4809 4810/4810 4811/4811
f 4812/4812 4809/4809 4811/4811
f 4813/4813 4814/4814 4815/4815
f 4816/4816 4813/4813 4815/4815
f 4817/4817 4818/4818 4819/4819
f 4820/4820 4817/4817 4819/4819
f 4821/4821 4822/4822 4823/4823
f 4824/4824 4821/4821 4823/4823
f 4825/4825 4826/4826 4827/4827
f 4828/4828 4825/4825 4827/4827
f 4829/4829 4830/4830 4831/4831
f 4832/4832 4829/4829 4831/4831
f 4833/4833 4834/4834 4835/4835
f 4836/4836 4833/4833 4835/4835
f 4837/4837 4838/4838 4839/4839
f 4840/4840 4837/4837 4839/4839
f 4841/4841 4842/4842 4843/4843
f 4844/4844 4841/4841 4843/4843
f 4845/4845 4846/4846 4847/4847
f 4848/4848 4845/4845 4847/4847
f 4849/4849 4850/4850 4851/4851
f 4852/4852 4849/4849 4851/4851
f 4853/4853 4854/4854 4855/4855
f 4856/4856 4853/4853 4855/4855
f 4857/4857 4858/4858 4859/4859
f 4860/4860 4857/4857 4859/4859
f 4861/4861 4862/4862 4863/4863
f 4864/4864 4861/4861 4863/4863
f 4865/4865 4866/4866 4867/4867
f 4868/4868 4865/4865 4867/4867
f 4869/4869 4870/4870 4871/4871
f 4872/4872 4869/4869 4871/4871
f 4873/4873 4874/4874 4875/4875
f 4876/4876 4873/4873 4875/4875
f 4877/4877 4878/4878 4879/4879
f 4880/4880 4877/4877 4879/4879
f 4881/4881 4882/4882 4883/4883
f 4884/4884 4881/4881 4883/4883
f 4885/4885 4886/4886 4887/4887
f 4888/4888 4885/4885 4887/4887
f 4889/4889 4890/4890 4891/4891
f 4892/4892 4889/4889 4891/4891
f 4893/4893 4894/4894 4895/4895
f 4896/4896 4893/4893 4895/4895
f 4897/4897 4898/4898 4899/4899
f 4900/4900 4897/4897 4899/4899
f 4901/4901 4902/4902 4903/4903
f 4904/4904 4901/4901 4903/4903
f 4905/4905 4906/4906 4907/4907
f 4908/4908 4905/4905 4907/4907
f 4909/4909 4910/4910 4911/4911
f 4912/4912 4909/4909 4911/4911
f 4913/4913 4914/4914 4915/4915
f 4916/4916 4913/4913 4915/4915
f 4917/4917 4918/4918 4919/4919
f 4920/4920 4917/4917 4919/4919
f 4921/4921 4922/4922 4923/4923
f 4924/4924 4921/4921 4923/4923
f 4925/4925 4926/4926 4927/4927
f 4928/4928 4925/4925 4927/4927
f 4929/4929 4930/4930 4931/4931
f 4932/4932 4929/4929 4931/4931
f 4933/4933 4934/4934 4935/4935
f 4936/4936 4933/4933 4935/4935
f 4937/4937 4938/4938 4939/4939
f 4940/4940 4937/4937 4939/4939
f 4941/4941 4942/4942 4943/4943
f 4944/4944 4941/4941 4943/4943
f 4945/4945 4946/4946 4947/4947
f 4948/4948 4945/4945 4947/4947
f 4949/4949 4950/4950 4951/4951
f 4952/4952 4949/4949 4951/4951
f 4953/4953 4954/4954 4955/4955
f 4956/4956 4953/4953 4955/4955
f 4957/4957 4958/4958 4959/4959
f 4960/4960 4957/4957 4959/4959
f 4961/4961 4962/4962 4963/4963
f 4964/4964 4961/4961 4963/4963
f 4965/4965 4966/4966 4967/4967
f 4968/4968 4965/4965 4967/4967
f 4969/4969 4970/4970 4971/4971
f 4972/4972 4969/4969 4971/4971
f 4973/4973 4974/4974 4975/4975
f 4976/4976 4973/4973 4975/4975
f 4977/4977 4978/4978 4979/4979
f 4980/4980 4977/4977 4979/4979
f 4981/4981 4982/4982 4983/4983
f 4984/4984 4981/4981 4983/4983
f 4985/4985 4986/4986 4987/4987
f 4988/4988 4985/4985 4987/4987
f 4989/4989 4990/4990 4991/4991
f 4992/4992 4989/4989 4991/4991
f 4993/4993 4994/4994 4995/4995
f 4996/4996 4993/4993 4995/4995
f 4997/4997 4998/4998 4999/4999
f 5000/5000 4997/4997 4999/4999
f 5001/5001 5002/5002 5003/5003
f 5004/5004 5001/5001 5003/5003
f 5005/5005 5006/5006 5007/5007
f 5008/5008 5005/5005 5007/5007
f 5009/5009 5010/5010 5011/5011
f 5012/5012 5009/5009 5011/5011
f 5013/5013 5014/5014 5015/5015
f 5016/5016 5013/5013 5015/5015
f 5017/5017 5018/5018 5019/5019
f 5020/5020 5017/5017 5019/5019
f 5021/5021 5022/5022 5023/5023
f 5024/5024 5021/5021 5023/5023
f 5025/5025 5026/5026 5027/5027
f 5028/5028 5025/5025 5027/5027
f 5029/5029 5030/5030 5031/5031
f 5032/5032 5029/5029 5031/5031
f 5033/5033 5034/5034 5035/5035
f 5036/5036 5033/5033 5035/5035
f 5037/5037 5038/5038 5039/5039
f 5040/5040 5037/5037 5039/5039
f 5041/5041 5042/5042 5043/5043
f 5044/5044 5041/5041 5043/5043
f 5045/5045 5046/5046 5047/5047
f 5048/5048 5045/5045 5047/5047
f 5049/5049 5050/5050 5051/5051
f 5052/5052 5049/5049 5051/5051
f 5053/5053 5054/5054 5055/5055
f 5056/5056 5053/5053 5055/5055
f 5057/5057 5058/5058 5059/5059
f 5060/5060 5057/5057 5059/5059
f 5061/5061 5062/5062 5063/5063
f 5064/5064 5061/5061 5063/5063
f 5065/5065 5066/5066 5067/5067
f 5068/5068 5065/5065 5067/5067
f 5069/5069 5070/5070 5071/5071
f 5072/5072 5069/5069 5071/5071
f 5073/5073 5074/5074 5075/5075
f 5076/5076 5073/5073 5075/5075
f 5077/5077 5078/5078 5079/5079
f 5080/5080 5077/5077 5079/5079
f 5081/5081 5082/5082 5083/5083
f 5084/5084 5081/5081 5083/5083
f 5085/5085 5086/5086 5087/5087
f 5088/5088 5085/5085 5087/5087
f 5089/5089 5090/5090 5091/5091
f 5092/5092 5089/5089 5091/5091
f 5093/5093 5094/5094 5095/5095
f 5096/5096 5093/5093 5095/5095
f 5097/5097 5098/5098 5099/5099
f 5100/5100 5097/5097 5099/5099
f 5101/5101 5102/5102 5103/5103
f 5104/5104 5101/5101 5103/5103
f 5105/5105 5106/5106 5107/5107
f 5108/5108 5105/5105 5107/5107
f 5109/5109 5110/5110 5111/5111
f 5112/5112 5109/5109 5111/5111
f 5113/5113 5114/5114 5115/5115
f 5116/5116 5113/5113 5115/5115
f 5117/5117 5118/5118 5119/5119
f 5120/5120 5117/5117 5119/5119
f 5121/5121 5122/5122 5123/5123
f 5124/5124 5121/5121 5123/5123
f 5125/5125 5126/5126 5127/5127
f 5128/5128 5125/5125 5127/5127
f 5129/5129 5130/5130 5131/5131
f 5132/5132 5129/5129 5131/5131
f 5133/5133 5134/5134 5135/5135
f 5136/5136 5133/5133 5135/5135
f 5137/5137 5138/5138 5139/5139
f 5140/5140 5137/5137 5139/5139
f 5141/5141 5142/5142 5143/5143
f 5144/5144 5141/5141 5143/5143
f 5145/5145 5146/5146 5147/5147
f 5148/5148 5145/5145 5147/5147
f 5149/5149 5150/5150 5151/5151
f 5152/5152 5149/5149 5151/5151
f 5153/5153 5154/5154 5155/5155
f 5156/5156 5153/5153 5155/5155
f 5157/5157 5158/5158 5159/5159
f 5160/5160 5157/5157 5159/5159
f 5161/5161 5162/5162 5163/5163
f 5164/5164 5161/5161 5163/5163
f 5165/5165 5166/5166 5167/5167
f 5168/5168 5165/5165 5167/5167
f 5169/5169 5170/5170 5171/5171
f 5172/5172 5169/5169 5171/5171
f 5173/5173 5174/5174 5175/5175
f 5176/5176 5173/5173 5175/5175
f 5177/5177 5178/5178 5179/5179
f 5180/5180 5177/5177 5179/5179
f 5181/5181 5182/5182 5183/5183
f 5184/5184 5181/5181 5183/5183
f 5185/5185 5186/5186 5187/5187
f 5188/5188 5185/5185 5187/5187
f 5189/5189 5190/5190 5191/5191
f 5192/5192 5189/5189 5191/5191
f 5193/5193 5194/5194 5195/5195
f 5196/5196 5193/5193 5195/5195
f 5197/5197 5198/5198 5199/5199
f 5200/5200 5197/5197 5199/5199
f 5201/5201 5202/5202 5203/5203
f 5204/5204 5201/5201 5203/5203
f 5205/5205 5206/5206 5207/5207
f 5208/5208 5205/5205 5207/5207
f 5209/5209 5210/5210 5211/5211
f 5212/5212 5209/5209 5211/5211
f 5213/5213 5214/5214 5215/5215
f 5216/5216 5213/5213 5215/5215
f 5217/5217 5218/5218 5219/5219
f 5220/5220 5217/5217 5219/5219
f 5221/5221 5222/5222 5223/5223
f 5224/5224 5221/5221 5223/5223
f 5225/5225 5226/5226 5227/5227
f 5228/5228 5225/5225 5227/5227
f 5229/5229 5230/5230 5231/5231
f 5232/5232 5229/5229 5231/5231
f 5233/5233 5234/5234 5235/5235
f 5236/5236 5233/5233 5235/5235
f 5237/5237 5238/5238 5239/5239
f 5240/5240 5237/5237 5239/5239
f 5241/5241 5242/5242 5243/5243
f 5244/5244 5241/5241 5243/5243
f 5245/5245 5246/5246 5247/5247
f 5248/5248 5245/5245 5247/5247
f 5249/5249 5250/5250 5251/5251
f 5252/5252 5249/5249 5251/5251
f 5253/5253 5254/5254 5255/5255
f 5256/5256 5253/5253 5255/5255
f 5257/5257 5258/5258 5259/5259
f 5260/5260 5257/5257 5259/5259
f 5261/5261 5262/5262 5263/5263
f 5264/5264 5261/5261 5263/5263
f 5265/5265 5266/5266 5267/5267
f 5268/5268 5265/5265 5267/5267
f 5269/5269 5270/5270 5271/5271
f 5272/5272 5269/5269 5271/5271
f 5273/5273 5274/5274 5275/5275
f 5276/5276 5273/5273 5275/5275
f 5277/5277 5278/5278 5279/5279
f 5280/5280 5277/5277 5279/5279
f 5281/5281 5282/5282 5283/5283
f 5284/5284 5281/5281 5283/5283
f 5285/5285 5286/5286 5287/5287
f 5288/5288 5285/5285 5287/5287
f 5289/5289 5290/5290 5291/5291
f 5292/5292 5289/5289 5291/5291
f 5293/5293 5294/5294 5295/5295
f 5296/5296 5293/5293 5295/5295
f 5297/5297 5298/5298 5299/5299
f 5300/5300 5297/5297 5299/5299
f 5301/5301 5302/5302 5303/5303
f 5304/5304 5301/5301 5303/5303
f 5305/5305 5306/5306 5307/5307
f 5308/5308 5305/5305 5307/5307
f 5309/5309 5310/5310 5311/5311
f 5312/5312 5309/5309 5311/5311
f 5313/5313 5314/5314 5315/5315
f 5316/5316 5313/5313 5315/5315
f 5317/5317 5318/5318 5319/5319
f 5320/5320 5317/5317 5319/5319
f 5321/5321 5322/5322 5323/5323
f 5324/5324 5321/5321 5323/5323
f 5325/5325 5326/5326 5327/5327
f 5328/5328 5325/5325 5327/5327
f 5329/5329 5330/5330 5331/5331
f 5332/5332 5329/5329 5331/5331
f 5333/5333 5334/5334 5335/5335
f 5336/5336 5333/5333 5335/5335
f 5337/5337 5338/5338 5339/5339
f 5340/5340 5337/5337 5339/5339
f 5341/5341 5342/5342 5343/5343
f 5344/5344 5341/5341 5343/5343
f 5345/5345 5346/5346 5347/5347
f 5348/5348 5345/5345 5347/5347
f 5349/5349 5350/5350 5351/5351
f 5352/5352 5349/5349 5351/5351
f 5353/5353 5354/5354 5355/5355
f 5356/5356 5353/5353 5355/5355
f 5357/5357 5358/5358 5359/5359
f 5360/5360 5357/5357 5359/5359
f 5361/5361 5362/5362 5363/5363
f 5364/5364 5361/5361 5363/5363
f 5365/5365 5366/5366 5367/5367
f 5368/5368 5365/5365 5367/5367
f 5369/5369 5370/5370 5371/5371
f 5372/5372 5369/5369 5371/5371
f 5373/5373 5374/5374 5375/5375
f 5376/5376 5373/5373 5375/5375
f 5377/5377 5378/5378 5379/5379
f 5380/5380 5377/5377 5379/5379
f 5381/5381 5382/5382 5383/5383
f 5384/5384 5381/5381 5383/5383
f 5385/5385 5386/5386 5387/5387
f 5388/5388 5385/5385 5387/5387
f 5389/5389 5390/5390 5391/5391
f 5392/5392 5389/5389 5391/5391
f 5393/5393 5394/5394 5395/5395
f 5396/5396 5393/5393 5395/5395
f 5397/5397 5398/5398 5399/5399
f 5400/5400 5397/5397 5399/5399
f 5401/5401 5402/5402 5403/5403
f 5404/5404 5401/5401 5403/5403
f 5405/5405 5406/5406 5407/5407
f 5408/5408 5405/5405 5407/5407
f 5409/5409 5410/5410 5411/5411
f 5412/5412 5409/5409 5411/5411
f 5413/5413 5414/5414 5415/5415
f 5416/5416 5413/5413 5415/5415
f 5417/5417 5418/5418 5419/5419
f 5420/5420 5417/5417 5419/5419
f 5421/5421 5422/5422 5423/5423
f 5424/5424 5421/5421 5423/5423
f 5425/5425 5426/5426 5427/5427
f 5428/5428 5425/5425 5427/5427
f 5429/5429 5430/5430 5431/5431
f 5432/5432 5429/5429 5431/5431
f 5433/5433 5434/5434 5435/5435
f 5436/5436 5433/5433 5435/5435
f 5437/5437 5438/5438 5439/5439
f 5440/5440 5437/5437 5439/5439
f 5441/5441 5442/5442 5443/5443
f 5444/5444 5441/5441 5443/5443
f 5445/5445 5446/5446 5447/5447
f 5448/5448 5445/5445 5447/5447
f 5449/5449 5450/5450 5451/5451
f 5452/5452 5453/5453 5454/5454
f 5455/5455 5456/5456 5457/5457
f 5458/5458 5455/5455 5457/5457
f 5459/5459 5460/5460 5461/5461
f 5462/5462 5459/5459 5461/5461
f 5463/5463 5464/5464 5465/5465
f 5466/5466 5463/5463 5465/5465
f 5467/5467 5468/5468 5469/5469
f 5470/5470 5467/5467 5469/5469
f 5471/5471 5472/5472 5473/5473
f 5474/5474 5471/5471 5473/5473
f 5475/5475 5476/5476 5477/5477
f 5478/5478 5475/5475 5477/5477
f 5479/5479 5480/5480 5481/5481
f 5482/5482 5479/5479 5481/5481
f 5483/5483 5484/5484 5485/5485
f 5486/5486 5483/5483 5485/5485
f 5487/5487 5488/5488 5489/5489
f 5490/5490 5487/5487 5489/5489
f 5491/5491 5492/5492 5493/5493
f 5494/5494 5491/5491 5493/5493
f 5495/5495 5496/5496 5497/5497
f 5498/5498 5495/5495 5497/5497
f 5499/5499 5500/5500 5501/5501
f 5502/5502 5499/5499 5501/5501
f 5503/5503 5504/5504 5505/5505
f 5506/5506 5503/5503 5505/5505
f 5507/5507 5508/5508 5509/5509
f 5510/5510 5507/5507 5509/5509
f 5511/5511 5512/5512 5513/5513
f 5514/5514 5511/5511 5513/5513
f 5515/5515 5516/5516 5517/5517
f 5518/5518 5515/5515 5517/5517
f 5519/5519 5520/5520 5521/5521
f 5522/5522 5519/5519 5521/5521
f 5523/5523 5524/5524 5525/5525
f 5526/5526 5523/5523 5525/5525
f 5527/5527 5528/5528 5529/5529
f 5530/5530 5527/5527 5529/5529
f 5531/5531 5532/5532 5533/5533
f 5534/5534 5531/5531 5533/5533
f 5535/5535 5536/5536 5537/5537
f 5538/5538 5535/5535 5537/5537
f 5539/5539 5540/5540 5541/5541
f 5542/5542 5539/5539 5541/5541
f 5543/5543 5544/5544 5545/5545
f 5546/5546 5543/5543 5545/5545
f 5547/5547 5548/5548 5549/5549
f 5550/5550 5547/5547 5549/5549
f 5551/5551 5552/5552 5553/5553
f 5554/5554 5551/5551 5553/5553
f 5555/5555 5556/5556 5557/5557
f 5558/5558 5555/5555 5557/5557
f 5559/5559 5560/5560 5561/5561
f 5562/5562 5559/5559 5561/5561
f 5563/5563 5564/5564 5565/5565
f 5566/5566 5563/5563 5565/5565
f 5567/5567 5568/5568 5569/5569
f 5570/5570 5567/5567 5569/5569
f 5571/5571 5572/5572 5573/5573
f 5574/5574 5571/5571 5573/5573
f 5575/5575 5576/5576 5577/5577
f 5578/5578 5575/5575 5577/5577
f 5579/5579 5580/5580 5581/5581
f 5582/5582 5579/5579 5581/5581
f 5583/5583 5584/5584 5585/5585
f 5586/5586 5583/5583 5585/5585
f 5587/5587 5588/5588 5589/5589
f 5590/5590 5587/5587 5589/5589
f 5591/5591 5592/5592 5593/5593
f 5594/5594 5591/5591 5593/5593
f 5595/5595 5596/5596 5597/5597
f 5598/5598 5595/5595 5597/5597
f 5599/5599 5600/5600 5601/5601
f 5602/5602 5599/5599 5601/5601
f 5603/5603 5604/5604 5605/5605
f 5606/5606 5603/5603 5605/5605
f 5607/5607 5608/5608 5609/5609
f 5610/5610 5607/5607 5609/5609
f 5611/5611 5612/5612 5613/5613
f 5614/5614 5611/5611 5613/5613
f 5615/5615 5616/5616 5617/5617
f 5618/5618 5615/5615 5617/5617
f 5619/5619 5620/5620 5621/5621
f 5622/5622 5619/5619 5621/5621
f 5623/5623 5624/5624 5625/5625
f 5626/5626 5623/5623 5625/5625
f 5627/5627 5628/5628 5629/5629
f 5630/5630 5627/5627 5629/5629
f 5631/5631 5632/5632 5633/5633
f 5634/5634 5631/5631 5633/5633
f 5635/5635 5636/5636 5637/5637
f 5638/5638 5635/5635 5637/5637
f 5639/5639 5640/5640 5641/5641
f 5642/5642 5639/5639 5641/5641
f 5643/5643 5644/5644 5645/5645
f 5646/5646 5643/5643 5645/5645
f 5647/5647 5648/5648 5649/5649
f 5650/5650 5647/5647 5649/5649
f 5651/5651 5652/5652 5653/5653
f 5654/5654 5651/5651 5653/5653
f 5655/5655 5656/5656 5657/5657
f 5658/5658 5655/5655 5657/5657
f 5659/5659 5660/5660 5661/5661
f 5662/5662 5659/5659 5661/5661
f 5663/5663 5664/5664 5665/5665
f 5666/5666 5663/5663 5665/5665
f 5667/5667 5668/5668 5669/5669
f 5670/5670 5667/5667 5669/5669
f 5671/5671 5672/5672 5673/5673
f 5674/5674 5671/5671 5673/5673
f 5675/5675 5676/5676 5677/5677
f 5678/5678 5675/5675 5677/5677
f 5679/5679 5680/5680 5681/5681
f 5682/5682 5679/5679 5681/5681
f 5683/5683 5684/5684 5685/5685
f 5686/5686 5683/5683 5685/5685
f 5687/5687 5688/5688 5689/5689
f 5690/5690 5687/5687 5689/5689
f 5691/5691 5692/5692 5693/5693
f 5694/5694 5691/5691 5693/5693
f 5695/5695 5696/5696 5697/5697
f 5698/5698 5695/5695 5697/5697
f 5699/5699 5700/5700 5701/5701
f 5702/5702 5699/5699 5701/5701
f 5703/5703 5704/5704 5705/5705
f 5706/5706 5703/5703 5705/5705
f 5707/5707 5708/5708 5709/5709
f 5710/5710 5707/5707 5709/5709
f 5711/5711 5712/5712 5713/5713
f 5714/5714 5711/5711 5713/5713
f 5715/5715 5716/5716 5717/5717
f 5718/5718 5715/5715 5717/5717
f 5719/5719 5720/5720 5721/5721
f 5722/5722 5719/5719 5721/5721
f 5723/5723 5724/5724 5725/5725
f 5726/5726 5723/5723 5725/5725
f 5727/5727 5728/5728 5729/5729
f 5730/5730 5727/5727 5729/5729
f 5731/5731 5732/5732 5733/5733
f 5734/5734 5731/5731 5733/5733
f 5735/5735 5736/5736 5737/5737
f 5738/5738 5735/5735 5737/5737
f 5739/5739 5740/5740 5741/5741
f 5742/5742 5739/5739 5741/5741
f 5743/5743 5744/5744 5745/5745
f 5746/5746 5743/5743 5745/5745
f 5747/5747 5748/5748 5749/5749
f 5750/5750 5747/5747 5749/5749
f 5751/5751 5752/5752 5753/5753
f 5754/5754 5751/5751 5753/5753
f 5755/5755 5756/5756 5757/5757
f 5758/5758 5755/5755 5757/5757
f 5759/5759 5760/5760 5761/5761
f 5762/5762 5759/5759 5761/5761
f 5763/5763 5764/5764 5765/5765
f 5766/5766 5763/5763 5765/5765
f 5767/5767 5768/5768 5769/5769
f 5770/5770 5767/5767 5769/5769
f 5771/5771 5772/5772 5773/5773
f 5774/5774 5771/5771 5773/5773
f 5775/5775 5776/5776 5777/5777
f 5778/5778 5775/5775 5777/5777
f 5779/5779 5780/5780 5781/5781
f 5782/5782 5779/5779 5781/5781
f 5783/5783 5784/5784 5785/5785
f 5786/5786 5783/5783 5785/5785
f 5787/5787 5788/5788 5789/5789
f 5790/5790 5787/5787 5789/5789
f 5791/5791 5792/5792 5793/5793
f 5794/5794 5791/5791 5793/5793
f 5795/5795 5796/5796 5797/5797
f 5798/5798 5795/5795 5797/5797
f 5799/5799 5800/5800 5801/5801
f 5802/5802 5799/5799 5801/5801
f 5803/5803 5804/5804 5805/5805
f 5806/5806 5803/5803 5805/5805
f 5807/5807 5808/5808 5809/5809
f 5810/5810 5807/5807 5809/5809
f 5811/5811 5812/5812 5813/5813
f 5814/5814 5811/5811 5813/5813
f 5815/5815 5816/5816 5817/5817
f 5818/5818 5815/5815 5817/5817
f 5819/5819 5820/5820 5821/5821
f 5822/5822 5819/5819 5821/5821
f 5823/5823 5824/5824 5825/5825
f 5826/5826 5823/5823 5825/5825
f 5827/5827 5828/5828 5829/5829
f 5830/5830 5827/5827 5829/5829
f 5831/5831 5832/5832 5833/5833
f 5834/5834 5831/5831 5833/5833
f 5835/5835 5836/5836 5837/5837
f 5838/5838 5835/5835 5837/5837
f 5839/5839 5840/5840 5841/5841
f 5842/5842 5839/5839 5841/5841
f 5843/5843 5844/5844 5845/5845
f 5846/5846 5843/5843 5845/5845
f 5847/5847 5848/5848 5849/5849
f 5850/5850 5847/5847 5849/5849
f 5851/5851 5852/5852 5853/5853
f 5854/5854 5851/5851 5853/5853
f 5855/5855 5856/5856 5857/5857
f 5858/5858 5855/5855 5857/5857
f 5859/5859 5860/5860 5861/5861
f 5862/5862 5859/5859 5861/5861
f 5863/5863 5864/5864 5865/5865
f 5866/5866 5863/5863 5865/5865
f 5867/5867 5868/5868 5869/5869
f 5870/5870 5867/5867 5869/5869
f 5871/5871 5872/5872 5873/5873
f 5874/5874 5871/5871 5873/5873
f 5875/5875 5876/5876 5877/5877
f 5878/5878 5875/5875 5877/5877
f 5879/5879 5880/5880 5881/5881
f 5882/5882 5879/5879 5881/5881
f 5883/5883 5884/5884 5885/5885
f 5886/5886 5883/5883 5885/5885
f 5887/5887 5888/5888 5889/5889
f 5890/5890 5887/5887 5889/5889
f 5891/5891 5892/5892 5893/5893
f 5894/5894 5891/5891 5893/5893
f 5895/5895 5896/5896 5897/5897
f 5898/5898 5895/5895 5897/5897
f 5899/5899 5900/5900 5901/5901
f 5902/5902 5899/5899 5901/5901
f 5903/5903 5904/5904 5905/5905
f 5906/5906 5903/5903 5905/5905
f 5907/5907 5908/5908 5909/5909
f 5910/5910 5907/5907 5909/5909
f 5911/5911 5912/5912 5913/5913
f 5914/5914 5911/5911 5913/5913
f 5915/5915 5916/5916 5917/5917
f 5918/5918 5915/5915 5917/5917
f 5919/5919 5920/5920 5921/5921
f 5922/5922 5919/5919 5921/5921
f 5923/5923 5924/5924 5925/5925
f 5926/5926 5923/5923 5925/5925
f 5927/5927 5928/5928 5929/5929
f 5930/5930 5927/5927 5929/5929
f 5931/5931 5932/5932 5933/5933
f 5934/5934 5931/5931 5933/5933
f 5935/5935 5936/5936 5937/5937
f 5938/5938 5935/5935 5937/5937
f 5939/5939 5940/5940 5941/5941
f 5942/5942 5939/5939 5941/5941
f 5943/5943 5944/5944 5945/5945
f 5946/5946 5943/5943 5945/5945
f 5947/5947 5948/5948 5949/5949
f 5950/5950 5947/5947 5949/5949
f 5951/5951 5952/5952 5953/5953
f 5954/5954 5951/5951 5953/5953
f 5955/5955 5956/5956 5957/5957
f 5958/5958 5955/5955 5957/5957
f 5959/5959 5960/5960 5961/5961
f 5962/5962 5959/5959 5961/5961
f 5963/5963 5964/5964 5965/5965
f 5966/5966 5963/5963 5965/5965
f 5967/5967 5968/5968 5969/5969
f 5970/5970 5967/5967 5969/5969
f 5971/5971 5972/5972 5973/5973
f 5974/5974 5971/5971 5973/5973
f 5975/5975 5976/5976 5977/5977
f 5978/5978 5975/5975 5977/5977
f 5979/5979 5980/5980 5981/5981
f 5982/5982 5979/5979 5981/5981
f 5983/5983 5984/5984 5985/5985
f 5986/5986 5983/5983 5985/5985
f 5987/5987 5988/5988 5989/5989
f 5990/5990 5987/5987 5989/5989
f 5991/5991 5992/5992 5993/5993
f 5994/5994 5991/5991 5993/5993
f 5995/5995 5996/5996 5997/5997
f 5998/5998 5995/5995 5997/5997
f 5999/5999 6000/6000 6001/6001
f 6002/6002 5999/5999 6001/6001
f 6003/6003 6004/6004 6005/6005
f 6006/6006 6003/6003 6005/6005
f 6007/6007 6008/6008 6009/6009
f 6010/6010 6007/6007 6009/6009
f 6011/6011 6012/6012 6013/6013
f 6014/6014 6011/6011 6013/6013
f 6015/6015 6016/6016 6017/6017
f 6018/6018 6015/6015 6017/6017
f 6019/6019 6020/6020 6021/6021
f 6022/6022 6019/6019 6021/6021
f 6023/6023 6024/6024 6025/6025
f 6026/6026 6023/6023 6025/6025
f 6027/6027 6028/6028 6029/6029
f 6030/6030 6027/6027 6029/6029
f 6031/6031 6032/6032 6033/6033
f 6034/6034 6031/6031 6033/6033
f 6035/6035 6036/6036 6037/6037
f 6038/6038 6035/6035 6037/6037
f 6039/6039 6040/6040 6041/6041
f 6042/6042 6039/6039 6041/6041
f 6043/6043 6044/6044 6045/6045
f 6046/6046 6043/6043 6045/6045
f 6047/6047 6048/6048 6049/6049
f 6050/6050 6047/6047 6049/6049
f 6051/6051 6052/6052 6053/6053
f 6054/6054 6051/6051 6053/6053
f 6055/6055 6056/6056 6057/6057
f 6058/6058 6055/6055 6057/6057
f 6059/6059 6060/6060 6061/6061
f 6062/6062 6059/6059 6061/6061
f 6063/6063 6064/6064 6065/6065
f 6066/6066 6063/6063 6065/6065
f 6067/6067 6068/6068 6069/6069
f 6070/6070 6067/6067 6069/6069
f 6071/6071 6072/6072 6073/6073
f 6074/6074 6071/6071 6073/6073
f 6075/6075 6076/6076 6077/6077
f 6078/6078 6075/6075 6077/6077
f 6079/6079 6080/6080 6081/6081
f 6082/6082 6079/6079 6081/6081
f 6083/6083 6084/6084 6085/6085
f 6086/6086 6083/6083 6085/6085
f 6087/6087 6088/6088 6089/6089
f 6090/6090 6087/6087 6089/6089
f 6091/6091 6092/6092 6093/6093
f 6094/6094 6091/6091 6093/6093
f 6095/6095 6096/6096 6097/6097
f 6098/6098 6095/6095 6097/6097
f 6099/6099 6100/6100 6101/6101
f 6102/6102 6099/6099 6101/6101
f 6103/6103 6104/6104 6105/6105
f 6106/6106 6103/6103 6105/6105
f 6107/6107 6108/6108 6109/6109
f 6110/6110 6107/6107 6109/6109
f 6111/6111 6112/6112 6113/6113
f 6114/6114 6111/6111 6113/6113
f 6115/6115 6116/6116 6117/6117
f 6118/6118 6115/6115 6117/6117
f 6119/6119 6120/6120 6121/6121
f 6122/6122 6119/6119 6121/6121
f 6123/6123 6124/6124 6125/6125
f 6126/6126 6123/6123 6125/6125
f 6127/6127 6128/6128 6129/6129
f 6130/6130 6127/6127 6129/6129
f 6131/6131 6132/6132 6133/6133
f 6134/6134 6131/6131 6133/6133
f 6135/6135 6136/6136 6137/6137
f 6138/6138 6135/6135 6137/6137
f 6139/6139 6140/6140 6141/6141
f 6142/6142 6139/6139 6141/6141
f 6143/6143 6144/6144 6145/6145
f 6146/6146 6143/6143 6145/6145
f 6147/6147 6148/6148 6149/6149
f 6150/6150 6147/6147 6149/6149
f 6151/6151 6152/6152 6153/6153
f 6154/6154 6151/6151 6153/6153
f 6155/6155 6156/6156 6157/6157
f 6158/6158 6155/6155 6157/6157
f 6159/6159 6160/6160 6161/6161
f 6162/6162 6159/6159 6161/6161
f 6163/6163 6164/6164 6165/6165
f 6166/6166 6163/6163 6165/6165
f 6167/6167 6168/6168 6169/6169
f 6170/6170 6167/6167 6169/6169
f 6171/6171 6172/6172 6173/6173
f 6174/6174 6171/6171 6173/6173
f 6175/6175 6176/6176 6177/6177
f 6178/6178 6175/6175 6177/6177
f 6179/6179 6180/6180 6181/6181
f 6182/6182 6179/6179 6181/6181
f 6183/6183 6184/6184 6185/6185
f 6186/6186 6183/6183 6185/6185
f 6187/6187 6188/6188 6189/6189
f 6190/6190 6187/6187 6189/6189
f 6191/6191 6192/6192 6193/6193
f 6194/6194 6191/6191 6193/6193
f 6195/6195 6194/6194 6193/6193
f 6196/6196 6195/6195 6193/6193
f 6197/6197 6196/6196 6193/6193
f 6198/6198 6197/6197 6193/6193
f 6199/6199 6198/6198 6193/6193
f 6200/6200 6199/6199 6193/6193
f 6201/6201 6200/6200 6193/6193
f 6202/6202 6201/6201 6193/6193
f 6203/6203 6202/6202 6193/6193
f 6204/6204 6203/6203 6193/6193
f 6205/6205 6204/6204 6193/6193
f 6206/6206 6205/6205 6193/6193
f 6207/6207 6206/6206 6193/6193
f 6208/6208 6207/6207 6193/6193
f 6209/6209 6208/6208 6193/6193
f 6210/6210 6209/6209 6193/6193
f 6211/6211 6210/6210 6193/6193
f 6212/6212 6211/6211 6193/6193
f 6213/6213 6212/6212 6193/6193
f 6214/6214 6213/6213 6193/6193
f 6215/6215 6214/6214 6193/6193
f 6216/6216 6215/6215 6193/6193
f 6217/6217 6216/6216 6193/6193
f 6218/6218 6217/6217 6193/6193
f 6219/6219 6218/6218 6193/6193
f 6220/6220 6219/6219 6193/6193
f 6221/6221 6220/6220 6193/6193
f 6222/6222 6221/6221 6193/6193
f 6223/6223 6224/6224 6225/6225
f 6226/6226 6223/6223 6225/6225
f 6227/6227 6226/6226 6225/6225
f 6228/6228 6227/6227 6225/6225
f 6229/6229 6228/6228 6225/6225
f 6230/6230 6229/6229 6225/6225
f 6231/6231 6230/6230 6225/6225
f 6232/6232 6231/6231 6225/6225
f 6233/6233 6232/6232 6225/6225
f 6234/6234 6233/6233 6225/6225
f 6235/6235 6234/6234 6225/6225
f 6236/6236 6235/6235 6225/6225
f 6237/6237 6236/6236 6225/6225
f 6238/6238 6237/6237 6225/6225
f 6239/6239 6238/6238 6225/6225
f 6240/6240 6239/6239 6225/6225
f 6241/6241 6240/6240 6225/6225
f 6242/6242 6241/6241 6225/6225
f 6243/6243 6242/6242 6225/6225
f 6244/6244 6243/6243 6225/6225
f 6245/6245 6244/6244 6225/6225
f 6246/6246 6245/6245 6225/6225
f 6247/6247 6246/6246 6225/6225
f 6248/6248 6247/6247 6225/6225
f 6249/6249 6248/6248 6225/6225
f 6250/6250 6249/6249 6225/6225
f 6251/6251 6250/6250 6225/6225
f 6252/6252 6251/6251 6225/6225
f 6253/6253 6252/6252 6225/6225
f 6254/6254 6253/6253 6225/6225
f 6255/6255 6256/6256 6257/6257
f 6258/6258 6255/6255 6257/6257
f 6259/6259 6260/6260 6261/6261
f 6262/6262 6259/6259 6261/6261
f 6263/6263 6264/6264 6265/6265
f 6266/6266 6263/6263 6265/6265
f 6267/6267 6268/6268 6269/6269
f 6270/6270 6267/6267 6269/6269
f 6271/6271 6272/6272 6273/6273
f 6274/6274 6271/6271 6273/6273
f 6275/6275 6276/6276 6277/6277
f 6278/6278 6275/6275 6277/6277
f 6279/6279 6280/6280 6281/6281
f 6282/6282 6279/6279 6281/6281
f 6283/6283 6284/6284 6285/6285
f 6286/6286 6283/6283 6285/6285
f 6287/6287 6288/6288 6289/6289
f 6290/6290 6287/6287 6289/6289
f 6291/6291 6292/6292 6293/6293
f 6294/6294 6291/6291 6293/6293
f 6295/6295 6296/6296 6297/6297
f 6298/6298 6295/6295 6297/6297
f 6299/6299 6300/6300 6301/6301
f 6302/6302 6299/6299 6301/6301
f 6303/6303 6304/6304 6305/6305
f 6306/6306 6303/6303 6305/6305
f 6307/6307 6308/6308 6309/6309
f 6310/6310 6307/6307 6309/6309
f 6311/6311 6312/6312 6313/6313
f 6314/6314 6311/6311 6313/6313
f 6315/6315 6316/6316 6317/6317
f 6318/6318 6315/6315 6317/6317
f 6319/6319 6320/6320 6321/6321
f 6322/6322 6319/6319 6321/6321
f 6323/6323 6324/6324 6325/6325
f 6326/6326 6323/6323 6325/6325
f 6327/6327 6328/6328 6329/6329
f 6330/6330 6327/6327 6329/6329
f 6331/6331 6332/6332 6333/6333
f 6334/6334 6331/6331 6333/6333
f 6335/6335 6336/6336 6337/6337
f 6338/6338 6335/6335 6337/6337
f 6339/6339 6340/6340 6341/6341
f 6342/6342 6339/6339 6341/6341
f 6343/6343 6344/6344 6345/6345
f 6346/6346 6343/6343 6345/6345
f 6347/6347 6348/6348 6349/6349
f 6350/6350 6347/6347 6349/6349
f 6351/6351 6352/6352 6353/6353
f 6354/6354 6351/6351 6353/6353
f 6355/6355 6356/6356 6357/6357
f 6358/6358 6355/6355 6357/6357
f 6359/6359 6360/6360 6361/6361
f 6362/6362 6359/6359 6361/6361
f 6363/6363 6364/6364 6365/6365
f 6366/6366 6363/6363 6365/6365
f 6367/6367 6368/6368 6369/6369
f 6370/6370 6367/6367 6369/6369
f 6371/6371 6372/6372 6373/6373
f 6374/6374 6371/6371 6373/6373
f 6375/6375 6376/6376 6377/6377
f 6378/6378 6375/6375 6377/6377
f 6379/6379 6380/6380 6381/6381
f 6382/6382 6379/6379 6381/6381
f 6383/6383 6384/6384 6385/6385
f 6386/6386 6383/6383 6385/6385
f 6387/6387 6388/6388 6389/6389
f 6390/6390 6387/6387 6389/6389
f 6391/6391 6392/6392 6393/6393
f 6394/6394 6391/6391 6393/6393
f 6395/6395 6396/6396 6397/6397
f 6398/6398 6395/6395 6397/6397
f 6399/6399 6400/6400 6401/6401
f 6402/6402 6399/6399 6401/6401
f 6403/6403 6404/6404 6405/6405
f 6406/6406 6403/6403 6405/6405
f 6407/6407 6408/6408 6409/6409
f 6410/6410 6407/6407 6409/6409
f 6411/6411 6412/6412 6413/6413
f 6414/6414 6411/6411 6413/6413
f 6415/6415 6416/6416 6417/6417
f 6418/6418 6415/6415 6417/6417
f 6419/6419 6420/6420 6421/6421
f 6422/6422 6419/6419 6421/6421
f 6423/6423 6424/6424 6425/6425
f 6426/6426 6423/6423 6425/6425
f 6427/6427 6428/6428 6429/6429
f 6430/6430 6427/6427 6429/6429
f 6431/6431 6432/6432 6433/6433
f 6434/6434 6431/6431 6433/6433
f 6435/6435 6436/6436 6437/6437
f 6438/6438 6435/6435 6437/6437
f 6439/6439 6440/6440 6441/6441
f 6442/6442 6439/6439 6441/6441
f 6443/6443 6444/6444 6445/6445
f 6446/6446 6443/6443 6445/6445
f 6447/6447 6448/6448 6449/6449
f 6450/6450 6447/6447 6449/6449
f 6451/6451 6452/6452 6453/6453
f 6454/6454 6451/6451 6453/6453
f 6455/6455 6456/6456 6457/6457
f 6458/6458 6455/6455 6457/6457
f 6459/6459 6460/6460 6461/6461
f 6462/6462 6459/6459 6461/6461
f 6463/6463 6464/6464 6465/6465
f 6466/6466 6463/6463 6465/6465
f 6467/6467 6468/6468 6469/6469
f 6470/6470 6467/6467 6469/6469
f 6471/6471 6472/6472 6473/6473
f 6474/6474 6471/6471 6473/6473
f 6475/6475 6476/6476 6477/6477
f 6478/6478 6475/6475 6477/6477
f 6479/6479 6480/6480 6481/6481
f 6482/6482 6479/6479 6481/6481
f 6483/6483 6484/6484 6485/6485
f 6486/6486 6483/6483 6485/6485
f 6487/6487 6488/6488 6489/6489
f 6490/6490 6487/6487 6489/6489
f 6491/6491 6492/6492 6493/6493
f 6494/6494 6491/6491 6493/6493
f 6495/6495 6494/6494 6493/6493
f 6496/6496 6495/6495 6493/6493
f 6497/6497 6498/6498 6499/6499
f 6500/6500 6497/6497 6499/6499
f 6501/6501 6500/6500 6499/6499
f 6502/6502 6501/6501 6499/6499
f 6503/6503 6504/6504 6505/6505
f 6506/6506 6503/6503 6505/6505
f 6507/6507 6508/6508 6509/6509
f 6510/6510 6507/6507 6509/6509
f 6511/6511 6512/6512 6513/6513
f 6514/6514 6511/6511 6513/6513
f 6515/6515 6516/6516 6517/6517
f 6518/6518 6515/6515 6517/6517
f 6519/6519 6520/6520 6521/6521
f 6522/6522 6519/6519 6521/6521
f 6523/6523 6524/6524 6525/6525
f 6526/6526 6523/6523 6525/6525
f 6527/6527 6528/6528 6529/6529
f 6530/6530 6527/6527 6529/6529
f 6531/6531 6530/6530 6529/6529
f 6532/6532 6531/6531 6529/6529
f 6533/6533 6534/6534 6535/6535
f 6536/6536 6533/6533 6535/6535
f 6537/6537 6536/6536 6535/6535
f 6538/6538 6537/6537 6535/6535
f 6539/6539 6540/6540 6541/6541
f 6542/6542 6539/6539 6541/6541
f 6543/6543 6544/6544 6545/6545
f 6546/6546 6543/6543 6545/6545
f 6547/6547 6548/6548 6549/6549
f 6550/6550 6547/6547 6549/6549
f 6551/6551 6552/6552 6553/6553
f 6554/6554 6551/6551 6553/6553
f 6555/6555 6556/6556 6557/6557
f 6558/6558 6555/6555 6557/6557
f 6559/6559 6560/6560 6561/6561
f 6562/6562 6559/6559 6561/6561
f 6563/6563 6564/6564 6565/6565
f 6566/6566 6563/6563 6565/6565
f 6567/6567 6566/6566 6565/6565
f 6568/6568 6567/6567 6565/6565
f 6569/6569 6570/6570 6571/6571
f 6572/6572 6569/6569 6571/6571
f 6573/6573 6572/6572 6571/6571
f 6574/6574 6573/6573 6571/6571
f 6575/6575 6576/6576 6577/6577
f 6578/6578 6575/6575 6577/6577
f 6579/6579 6580/6580 6581/6581
f 6582/6582 6579/6579 6581/6581
f 6583/6583 6584/6584 6585/6585
f 6586/6586 6583/6583 6585/6585
f 6587/6587 6588/6588 6589/6589
f 6590/6590 6587/6587 6589/6589
f 6591/6591 6592/6592 6593/6593
f 6594/6594 6591/6591 6593/6593
f 6595/6595 6596/6596 6597/6597
f 6598/6598 6595/6595 6597/6597
f 6599/6599 6600/6600 6601/6601
f 6602/6602 6599/6599 6601/6601
f 6603/6603 6602/6602 6601/6601
f 6604/6604 6603/6603 6601/6601
f 6605/6605 6606/6606 6607/6607
f 6608/6608 6605/6605 6607/6607
f 6609/6609 6608/6608 6607/6607
f 6610/6610 6609/6609 6607/6607
f 6611/6611 6612/6612 6613/6613
f 6614/6614 6611/6611 6613/6613
f 6615/6615 6616/6616 6617/6617
f 6618/6618 6615/6615 6617/6617
f 6619/6619 6620/6620 6621/6621
f 6622/6622 6619/6619 6621/6621
f 6623/6623 6624/6624 6625/6625
f 6626/6626 6623/6623 6625/6625
f 6627/6627 6628/6628 6629/6629
f 6630/6630 6627/6627 6629/6629
f 6631/6631 6632/6632 6633/6633
f 6634/6634 6631/6631 6633/6633
f 6635/6635 6636/6636 6637/6637
f 6638/6638 6635/6635 6637/6637
f 6639/6639 6638/6638 6637/6637
f 6640/6640 6639/6639 6637/6637
f 6641/6641 6642/6642 6643/6643
f 6644/6644 6641/6641 6643/6643
f 6645/6645 6644/6644 6643/6643
f 6646/6646 6645/6645 6643/6643
f 6647/6647 6648/6648 6649/6649
f 6650/6650 6647/6647 6649/6649
f 6651/6651 6652/6652 6653/6653
f 6654/6654 6651/6651 6653/6653
f 6655/6655 6656/6656 6657/6657
f 6658/6658 6655/6655 6657/6657
f 6659/6659 6660/6660 6661/6661
f 6662/6662 6659/6659 6661/6661
f 6663/6663 6664/6664 6665/6665
f 6666/6666 6663/6663 6665/6665
f 6667/6667 6668/6668 6669/6669
f 6670/6670 6667/6667 6669/6669
f 6671/6671 6672/6672 6673/6673
f 6674/6674 6671/6671 6673/6673
f 6675/6675 6674/6674 6673/6673
f 6676/6676 6675/6675 6673/6673
f 6677/6677 6678/6678 6679/6679
f 6680/6680 6677/6677 6679/6679
f 6681/6681 6680/6680 6679/6679
f 6682/6682 6681/6681 6679/6679
f 6683/6683 6684/6684 6685/6685
f 6686/6686 6683/6683 6685/6685
f 6687/6687 6688/6688 6689/6689
f 6690/6690 6687/6687 6689/6689
f 6691/6691 6692/6692 6693/6693
f 6694/6694 6691/6691 6693/6693
f 6695/6695 6696/6696 6697/6697
f 6698/6698 6695/6695 6697/6697
f 6699/6699 6700/6700 6701/6701
f 6702/6702 6699/6699 6701/6701
f 6703/6703 6704/6704 6705/6705
f 6706/6706 6703/6703 6705/6705
f 6707/6707 6708/6708 6709/6709
f 6710/6710 6707/6707 6709/6709
f 6711/6711 6710/6710 6709/6709
f 6712/6712 6711/6711 6709/6709
f 6713/6713 6714/6714 6715/6715
f 6716/6716 6713/6713 6715/6715
f 6717/6717 6716/6716 6715/6715
f 6718/6718 6717/6717 6715/6715
f 6719/6719 6720/6720 6721/6721
f 6722/6722 6719/6719 6721/6721
f 6723/6723 6724/6724 6725/6725
f 6726/6726 6723/6723 6725/6725
f 6727/6727 6728/6728 6729/6729
f 6730/6730 6727/6727 6729/6729
f 6731/6731 6732/6732 6733/6733
f 6734/6734 6731/6731 6733/6733
f 6735/6735 6736/6736 6737/6737
f 6738/6738 6735/6735 6737/6737
f 6739/6739 6740/6740 6741/6741
f 6742/6742 6739/6739 6741/6741
