# SCP CB Converted Room Mesh

v 1024.0 384.00006103515625 1024.0
v 1024.0 385.00006103515625 1024.0
v -1024.0 385.00006103515625 1024.0
v -1024.0 384.00006103515625 1024.0
v 1024.0 384.00006103515625 1024.0
v -1024.0 384.00006103515625 1024.0
v -1024.0 384.00006103515625 -1024.0
v 1024.0 384.00006103515625 -1024.0
v -768.0 -8.0 -111.99999237060547
v -992.0 -120.0 -111.99999237060547
v -992.0 -8.0 -111.99999237060547
v -992.0 -8.0 112.0
v -992.0 -120.0 112.0
v -768.0 -8.0 112.0
v -992.0 -120.0 -111.99999237060547
v -992.0 -120.0 112.0
v -992.0 -8.0 112.0
v -992.0 -8.0 -111.99999237060547
v -768.0 -8.0 -111.99999237060547
v -768.0 -8.0 112.0
v -992.0 -120.0 112.0
v -992.0 -120.0 -111.99999237060547
v -992.0 -8.0 -111.99999237060547
v -992.0 -8.0 112.0
v -768.0 -8.0 112.0
v -768.0 -8.0 -111.99999237060547
v 1024.0 -608.0 -992.0
v -1024.0 -608.0 -992.0
v -1024.0 -608.0 -1024.0
v 1024.0 -608.0 -1024.0
v -1024.0 -0.0001220703125 -992.0
v 1024.0 -0.0001220703125 -992.0
v 1024.0 -0.0001220703125 -1024.0
v -1024.0 -0.0001220703125 -1024.0
v 1024.0 -608.0 -992.0
v 1024.0 -0.0001220703125 -992.0
v -1024.0 -0.0001220703125 -992.0
v -1024.0 -608.0 -992.0
v -1024.0 -608.0 -992.0
v -992.0 -608.0 -992.0
v -992.0 -608.0 991.9998779296875
v -1024.0 -608.0 992.0
v -1024.0 -608.0 -992.0
v -1024.0 -0.0001220703125 -992.0
v -992.0 -0.0001220703125 -992.0
v -992.0 -608.0 -992.0
v -992.0 -0.0001220703125 991.9998779296875
v -992.0 -608.0 991.9998779296875
v -992.0 -608.0 -992.0
v -992.0 -0.0001220703125 -992.0
v -992.0 -0.0001220703125 -992.0
v -1024.0 -0.0001220703125 -992.0
v -1024.0 -0.0001220703125 992.0
v -992.0 -0.0001220703125 991.9998779296875
v -992.0 -608.0 991.9998779296875
v -992.0 -0.0001220703125 991.9998779296875
v -1024.0 -0.0001220703125 992.0
v -1024.0 -608.0 992.0
v 1024.0 -608.0 1024.0
v -1024.0 -608.0 1024.0
v -1024.0 -608.0 992.0
v 1024.0 -608.0 992.0
v -1024.0 -608.0 1024.0
v -1024.0 -0.0001220703125 1024.0
v -1024.0 -0.0001220703125 992.0
v -1024.0 -608.0 992.0
v 1024.0 -0.0001220703125 1024.0
v 1024.0 -608.0 1024.0
v 1024.0 -608.0 992.0
v 1024.0 -0.0001220703125 992.0
v -1024.0 -608.0 992.0
v -1024.0 -0.0001220703125 992.0
v 1024.0 -0.0001220703125 992.0
v 1024.0 -608.0 992.0
v 992.0 -608.0 991.9998168945312
v 992.0 -608.0 -992.0
v 1024.0 -608.0 -992.0
v 1024.0 -608.0 992.0
v 992.0 -608.0 -992.0
v 992.0 -0.0001220703125 -992.0
v 1024.0 -0.0001220703125 -992.0
v 1024.0 -608.0 -992.0
v 992.0 -0.0001220703125 -992.0
v 992.0 -608.0 -992.0
v 992.0 -608.0 991.9998168945312
v 992.0 -0.0001220703125 991.9998168945312
v 1024.0 -0.0001220703125 -992.0
v 992.0 -0.0001220703125 -992.0
v 992.0 -0.0001220703125 991.9998168945312
v 1024.0 -0.0001220703125 992.0
v 1024.0 -608.0 992.0
v 1024.0 -0.0001220703125 992.0
v 992.0 -0.0001220703125 991.9998168945312
v 992.0 -608.0 991.9998168945312
v 175.4981689453125 0.0 -688.0001220703125
v 175.4981689453125 -608.0 -688.0001220703125
v 688.0 -608.0 -688.0
v 688.0 0.0 -688.0
v 175.4981689453125 -608.0 -720.0001220703125
v 175.4981689453125 0.0 -720.0001220703125
v 720.0 0.0 -720.0
v 720.0 -608.0 -720.0
v 175.4981689453125 0.0 -688.0001220703125
v 175.4981689453125 0.0 -720.0001220703125
v 175.4981689453125 -608.0 -720.0001220703125
v 175.4981689453125 -608.0 -688.0001220703125
v 720.0 0.0 -720.0
v 719.8056030273438 0.0 143.99984741210938
v 719.8056030273438 -608.0 143.99984741210938
v 720.0 -608.0 -720.0
v 688.0 0.0 176.0
v 688.0 0.0 -688.0
v 688.0 -608.0 -688.0
v 688.0 -608.0 176.0
v 991.9688110351562 0.0 176.0
v 688.0 0.0 176.0
v 688.0 -608.0 176.0
v 991.9688110351562 -608.0 176.0
v -96.0 320.0 -992.0
v -96.0 384.0 -992.0
v -96.0 384.0 -1024.0
v -96.0 320.0 -1024.0
v 96.0 320.0 -1024.0
v 96.0 384.0 -1024.0
v 96.0 384.0 -992.0
v 96.0 320.0 -992.0
v 96.0 320.0 -992.0
v -96.0 320.0 -992.0
v -96.0 320.0 -1024.0
v 96.0 320.0 -1024.0
v 96.0 320.0 -992.0
v 96.0 384.0 -992.0
v -96.0 384.0 -992.0
v -96.0 320.0 -992.0
v -96.0 0.0 -992.0
v -1024.0 0.0 -992.0
v -1024.0 0.0 -1024.0
v -96.0 0.0 -1024.0
v -1024.0 384.0 -992.0
v -96.0 384.0 -992.0
v -96.0 384.0 -1024.0
v -1024.0 384.0 -1024.0
v -96.0 0.0 -1024.0
v -96.0 384.0 -1024.0
v -96.0 384.0 -992.0
v -96.0 0.0 -992.0
v -96.0 0.0 -992.0
v -96.0 384.0 -992.0
v -1024.0 384.0 -992.0
v -1024.0 0.0 -992.0
v 1024.0 0.0 -992.0
v 96.0 0.0 -992.0
v 96.0 0.0 -1024.0
v 1024.0 0.0 -1024.0
v 1024.0 384.0 -1024.0
v 96.0 384.0 -1024.0
v 96.0 384.0 -992.0
v 1024.0 384.0 -992.0
v 96.0 384.0 -992.0
v 96.0 384.0 -1024.0
v 96.0 0.0 -1024.0
v 96.0 0.0 -992.0
v 1024.0 0.0 -992.0
v 1024.0 384.0 -992.0
v 96.0 384.0 -992.0
v 96.0 0.0 -992.0
v -1024.0 320.0 -96.0
v -1024.0 384.0 -96.0
v -992.0 384.0 -96.0
v -992.0 320.0 -96.0
v -1024.0 320.0 96.0
v -992.0 320.0 96.0
v -992.0 384.0 96.0
v -1024.0 384.0 96.0
v -992.0 384.0 -96.0
v -992.0 384.0 96.0
v -992.0 320.0 96.0
v -992.0 320.0 -96.0
v -1024.0 320.0 96.0
v -1024.0 320.0 -96.0
v -992.0 320.0 -96.0
v -992.0 320.0 96.0
v -1024.0 0.0 -992.0
v -992.0 0.0 -992.0
v -992.0 0.0 -96.00006103515625
v -1024.0 0.0 -96.0
v -1024.0 0.0 -992.0
v -1024.0 384.0 -992.0
v -992.0 384.0 -992.0
v -992.0 0.0 -992.0
v -992.0 384.0 -96.00006103515625
v -992.0 0.0 -96.00006103515625
v -992.0 0.0 -992.0
v -992.0 384.0 -992.0
v -992.0 384.0 -992.0
v -1024.0 384.0 -992.0
v -1024.0 384.0 -96.0
v -992.0 384.0 -96.00006103515625
v -992.0 0.0 -96.00006103515625
v -992.0 384.0 -96.00006103515625
v -1024.0 384.0 -96.0
v -1024.0 0.0 -96.0
v -992.0 0.0 1023.999755859375
v -1024.0 0.0 1023.999755859375
v -1024.0 0.0 95.99978637695312
v -992.0 0.0 95.99978637695312
v -992.0 384.0 1023.999755859375
v -1024.0 384.0 1023.999755859375
v -1024.0 0.0 1023.999755859375
v -992.0 0.0 1023.999755859375
v -992.0 384.0 1023.999755859375
v -992.0 0.0 1023.999755859375
v -992.0 0.0 95.99978637695312
v -992.0 384.0 95.99978637695312
v -1024.0 384.0 95.99978637695312
v -1024.0 384.0 1023.999755859375
v -992.0 384.0 1023.999755859375
v -992.0 384.0 95.99978637695312
v -1024.0 0.0 95.99978637695312
v -1024.0 384.0 95.99978637695312
v -992.0 384.0 95.99978637695312
v -992.0 0.0 95.99978637695312
v 992.0 0.0 -96.00003051757812
v 992.0 0.0 -992.0
v 1024.0 0.0 -992.0
v 1024.0 0.0 -95.99993896484375
v 992.0 0.0 -992.0
v 992.0 384.0 -992.0
v 1024.0 384.0 -992.0
v 1024.0 0.0 -992.0
v 992.0 384.0 -992.0
v 992.0 0.0 -992.0
v 992.0 0.0 -96.00003051757812
v 992.0 384.0 -96.00003051757812
v 1024.0 384.0 -992.0
v 992.0 384.0 -992.0
v 992.0 384.0 -96.00003051757812
v 1024.0 384.0 -95.99993896484375
v 1024.0 0.0 -95.99993896484375
v 1024.0 384.0 -95.99993896484375
v 992.0 384.0 -96.00003051757812
v 992.0 0.0 -96.00003051757812
v 1024.0 0.0 1024.0
v 992.0 0.0 1024.0
v 992.0 0.0 96.00048828125
v 1024.0 0.0 96.00048828125
v 992.0 0.0 1024.0
v 1024.0 0.0 1024.0
v 1024.0 384.0 1024.0
v 992.0 384.0 1024.0
v 992.0 0.0 96.00048828125
v 992.0 0.0 1024.0
v 992.0 384.0 1024.0
v 992.0 384.0 96.00048828125
v 992.0 384.0 96.00048828125
v 992.0 384.0 1024.0
v 1024.0 384.0 1024.0
v 1024.0 384.0 96.00048828125
v 992.0 0.0 96.00048828125
v 992.0 384.0 96.00048828125
v 1024.0 384.0 96.00048828125
v 1024.0 0.0 96.00048828125
v -1024.0 0.0 992.0
v -1024.0 384.0 992.0
v 1024.0 384.0 992.0
v 1024.0 0.0 992.0
v 992.0 384.0 96.0
v 992.0 384.0 -96.0
v 992.0 320.0 -96.0
v 992.0 320.0 96.0
v 992.0 320.0 -96.0
v 992.0 384.0 -96.0
v 1024.0 384.0 -96.0
v 1024.0 320.0 -96.0
v 992.0 320.0 96.0
v 1024.0 320.0 96.0
v 1024.0 384.0 96.0
v 992.0 384.0 96.0
v 992.0 320.0 96.0
v 992.0 320.0 -96.0
v 1024.0 320.0 -96.0
v 1024.0 320.0 96.0
v 176.0 384.0 -688.0
v 176.0 0.0 -688.0
v 688.0 0.0 -688.0
v 688.0 384.0 -688.0
v 208.0 0.0 -720.0
v 208.0 384.0 -720.0
v 720.0 384.0 -720.0
v 720.0 0.0 -720.0
v 176.0 384.0 -688.0
v 208.0 384.0 -720.0
v 208.0 0.0 -720.0
v 176.0 0.0 -688.0
v 720.0 384.0 -720.0
v 719.8056030273438 384.0 143.99984741210938
v 719.8056030273438 0.0 143.99984741210938
v 720.0 0.0 -720.0
v 687.8056030273438 384.0 175.99984741210938
v 688.0 384.0 -688.0
v 688.0 0.0 -688.0
v 687.8056030273438 0.0 175.99984741210938
v 687.9688110351562 384.0 176.0
v 687.9688110351562 0.0 176.0
v 991.9688110351562 0.0 176.0
v 991.9688110351562 384.0 176.0
v 719.9688110351562 0.0 144.0
v 719.9688110351562 384.0 144.0
v 991.9688110351562 384.0 144.0
v 991.9688110351562 0.0 144.0
v 176.0 384.0 -688.0
v 176.0 0.0 -688.0
v 208.0 0.0 -720.0
v 208.0 384.0 -720.0
v 176.0 0.0 -992.0
v 176.0 384.0 -992.0
v 208.0 384.0 -992.0
v 208.0 0.0 -992.0
v 176.0 0.0 -992.0
v 208.0 0.0 -992.0
v 208.0 0.0 -720.0
v 176.0 0.0 -688.0
v 208.0 384.0 -992.0
v 176.0 384.0 -992.0
v 176.0 384.0 -688.0
v 208.0 384.0 -720.0
v 208.0 384.0 -992.0
v 208.0 384.0 -720.0
v 208.0 0.0 -720.0
v 208.0 0.0 -992.0
v 176.0 384.0 -688.0
v 176.0 384.0 -992.0
v 176.0 0.0 -992.0
v 176.0 0.0 -688.0
v -1024.0 -672.0 -1024.0
v -1024.0 -607.9999389648438 -1024.0
v 1024.0 -607.9999389648438 -1024.0
v 1024.0 -672.0 -1024.0
v -1024.0 -607.9999389648438 1024.0
v -1024.0 -672.0 1024.0
v 1024.0 -672.0 1024.0
v 1024.0 -607.9999389648438 1024.0
v -1024.0 -607.9999389648438 1024.0
v 1024.0 -607.9999389648438 1024.0
v 1024.0 -607.9999389648438 -1024.0
v -1024.0 -607.9999389648438 -1024.0
v 1024.0 -672.0 1024.0
v 1024.0 -672.0 -1024.0
v 1024.0 -607.9999389648438 -1024.0
v 1024.0 -607.9999389648438 1024.0
v -1024.0 -672.0 -1024.0
v -1024.0 -672.0 1024.0
v -1024.0 -607.9999389648438 1024.0
v -1024.0 -607.9999389648438 -1024.0
v 991.9879150390625 -160.0 -128.00003051757812
v 991.9879150390625 -160.0 -480.00006103515625
v 719.9879150390625 -160.0 -480.00006103515625
v 719.9879150390625 -160.0 -128.00003051757812
v 719.9879150390625 -160.0 -480.00006103515625
v 991.9879150390625 -160.0 -480.00006103515625
v 991.9879150390625 -192.0 -480.00006103515625
v 719.9879150390625 -192.0 -480.00006103515625
v 991.9879150390625 -160.0 -429.71441650390625
v 991.9879150390625 -160.0 -128.00009155273438
v 719.9879150390625 -160.0 -128.00009155273438
v 719.9879150390625 -160.0 -429.71441650390625
v 991.9879150390625 -128.0 -128.00009155273438
v 991.9879150390625 -128.0 -429.71441650390625
v 719.9879150390625 -128.0 -429.71441650390625
v 719.9879150390625 -128.0 -128.00009155273438
v 719.9879150390625 -128.0 -429.71441650390625
v 991.9879150390625 -128.0 -429.71441650390625
v 991.9879150390625 -160.0 -429.71441650390625
v 719.9879150390625 -160.0 -429.71441650390625
v 991.9879150390625 -128.0 -379.4285888671875
v 991.9879150390625 -128.0 -127.9998779296875
v 719.9879150390625 -128.0 -127.9998779296875
v 719.9879150390625 -128.0 -379.4285888671875
v 991.9879150390625 -96.0 -127.9998779296875
v 991.9879150390625 -96.0 -379.4285888671875
v 719.9879150390625 -96.0 -379.4285888671875
v 719.9879150390625 -96.0 -127.9998779296875
v 719.9879150390625 -96.0 -379.4285888671875
v 991.9879150390625 -96.0 -379.4285888671875
v 991.9879150390625 -128.0 -379.4285888671875
v 719.9879150390625 -128.0 -379.4285888671875
v 991.9879150390625 -96.0 -329.1429443359375
v 991.9879150390625 -96.0 -128.0001220703125
v 719.9879150390625 -96.0 -128.0001220703125
v 719.9879150390625 -96.0 -329.1429443359375
v 991.9879150390625 -64.0 -128.0001220703125
v 991.9879150390625 -64.0 -329.1429443359375
v 719.9879150390625 -64.0 -329.1429443359375
v 719.9879150390625 -64.0 -128.0001220703125
v 719.9879150390625 -64.0 -329.1429443359375
v 991.9879150390625 -64.0 -329.1429443359375
v 991.9879150390625 -96.0 -329.1429443359375
v 719.9879150390625 -96.0 -329.1429443359375
v 991.9879150390625 -64.0 -278.8570556640625
v 991.9879150390625 -64.0 -127.9998779296875
v 719.9879150390625 -64.0 -127.9998779296875
v 719.9879150390625 -64.0 -278.8570556640625
v 991.9879150390625 -32.0 -127.9998779296875
v 991.9879150390625 -32.0 -278.8570556640625
v 719.9879150390625 -32.0 -278.8570556640625
v 719.9879150390625 -32.0 -127.9998779296875
v 719.9879150390625 -32.0 -278.8570556640625
v 991.9879150390625 -32.0 -278.8570556640625
v 991.9879150390625 -64.0 -278.8570556640625
v 719.9879150390625 -64.0 -278.8570556640625
v 991.9879150390625 -32.0 -228.57168579101562
v 991.9879150390625 -32.0 144.00003051757812
v 719.9879150390625 -32.0 144.00003051757812
v 719.9879150390625 -32.0 -228.57168579101562
v 991.9879150390625 0.0 144.00003051757812
v 991.9879150390625 0.0 -228.57168579101562
v 719.9879150390625 0.0 -228.57168579101562
v 719.9879150390625 0.0 144.00003051757812
v 719.9879150390625 0.0 -228.57168579101562
v 991.9879150390625 0.0 -228.57168579101562
v 991.9879150390625 -32.0 -228.57168579101562
v 719.9879150390625 -32.0 -228.57168579101562
v 991.9879150390625 -320.0 -683.4286499023438
v 991.9879150390625 -320.0 -431.99993896484375
v 719.9879150390625 -320.0 -431.99993896484375
v 719.9879150390625 -320.0 -683.4286499023438
v 991.9879150390625 -288.0 -431.99993896484375
v 991.9879150390625 -288.0 -683.4286499023438
v 719.9879150390625 -288.0 -683.4286499023438
v 719.9879150390625 -288.0 -431.99993896484375
v 719.9879150390625 -288.0 -683.4286499023438
v 991.9879150390625 -288.0 -683.4286499023438
v 991.9879150390625 -320.0 -683.4286499023438
v 719.9879150390625 -320.0 -683.4286499023438
v 991.9879150390625 -288.0 -633.1429443359375
v 991.9879150390625 -288.0 -432.0001220703125
v 719.9879150390625 -288.0 -432.0001220703125
v 719.9879150390625 -288.0 -633.1429443359375
v 991.9879150390625 -256.0 -432.0001220703125
v 991.9879150390625 -256.0 -633.1429443359375
v 719.9879150390625 -256.0 -633.1429443359375
v 719.9879150390625 -256.0 -432.0001220703125
v 719.9879150390625 -256.0 -633.1429443359375
v 991.9879150390625 -256.0 -633.1429443359375
v 991.9879150390625 -288.0 -633.1429443359375
v 719.9879150390625 -288.0 -633.1429443359375
v 991.9879150390625 -256.0 -582.857177734375
v 991.9879150390625 -256.0 -432.0
v 719.9879150390625 -256.0 -432.0
v 719.9879150390625 -256.0 -582.857177734375
v 991.9879150390625 -224.0 -432.0
v 991.9879150390625 -224.0 -582.857177734375
v 719.9879150390625 -224.0 -582.857177734375
v 719.9879150390625 -224.0 -432.0
v 719.9879150390625 -224.0 -582.857177734375
v 991.9879150390625 -224.0 -582.857177734375
v 991.9879150390625 -256.0 -582.857177734375
v 719.9879150390625 -256.0 -582.857177734375
v 991.9879150390625 -224.0 -532.5718383789062
v 991.9879150390625 -224.0 -416.00018310546875
v 719.9879150390625 -224.0 -416.00018310546875
v 719.9879150390625 -224.0 -532.5718383789062
v 991.9879150390625 -192.0 -416.00018310546875
v 991.9879150390625 -192.0 -532.5718383789062
v 719.9879150390625 -192.0 -532.5718383789062
v 719.9879150390625 -192.0 -416.00018310546875
v 719.9879150390625 -192.0 -532.5718383789062
v 991.9879150390625 -192.0 -532.5718383789062
v 991.9879150390625 -224.0 -532.5718383789062
v 719.9879150390625 -224.0 -532.5718383789062
v 703.59423828125 -480.0 -992.0
v 351.5942077636719 -480.0 -992.0
v 351.5942077636719 -480.0 -720.0
v 703.59423828125 -480.0 -720.0
v 351.5942077636719 -480.0 -720.0
v 351.5942077636719 -480.0 -992.0
v 351.5942077636719 -512.0 -992.0
v 351.5942077636719 -512.0 -720.0
v 401.9100036621094 -480.0 -992.0
v 703.6243896484375 -480.0 -992.0
v 703.6243896484375 -480.0 -720.0
v 401.9100036621094 -480.0 -720.0
v 703.6243896484375 -448.0 -992.0
v 401.9100036621094 -448.0 -992.0
v 401.9100036621094 -448.0 -720.0
v 703.6243896484375 -448.0 -720.0
v 401.9100036621094 -448.0 -720.0
v 401.9100036621094 -448.0 -992.0
v 401.9100036621094 -480.0 -992.0
v 401.9100036621094 -480.0 -720.0
v 452.225830078125 -448.0 -992.0
v 703.654541015625 -448.0 -992.0
v 703.654541015625 -448.0 -720.0
v 452.225830078125 -448.0 -720.0
v 703.654541015625 -416.0 -992.0
v 452.225830078125 -416.0 -992.0
v 452.225830078125 -416.0 -720.0
v 703.654541015625 -416.0 -720.0
v 452.225830078125 -416.0 -720.0
v 452.225830078125 -416.0 -992.0
v 452.225830078125 -448.0 -992.0
v 452.225830078125 -448.0 -720.0
v 502.541748046875 -416.0 -992.0
v 703.6845703125 -416.0 -992.0
v 703.6845703125 -416.0 -720.0
v 502.541748046875 -416.0 -720.0
v 703.6845703125 -384.0 -992.0
v 502.541748046875 -384.0 -992.0
v 502.541748046875 -384.0 -720.0
v 703.6845703125 -384.0 -720.0
v 502.541748046875 -384.0 -720.0
v 502.541748046875 -384.0 -992.0
v 502.541748046875 -416.0 -992.0
v 502.541748046875 -416.0 -720.0
v 552.8577270507812 -384.0 -992.0
v 703.7149047851562 -384.0 -992.0
v 703.7149047851562 -384.0 -720.0
v 552.8577270507812 -384.0 -720.0
v 703.7149047851562 -352.0 -992.0
v 552.8577270507812 -352.0 -992.0
v 552.8577270507812 -352.0 -720.0
v 703.7149047851562 -352.0 -720.0
v 552.8577270507812 -352.0 -720.0
v 552.8577270507812 -352.0 -992.0
v 552.8577270507812 -384.0 -992.0
v 552.8577270507812 -384.0 -720.0
v 603.34619140625 -352.0 -992.0000610351562
v 991.91796875 -352.0 -992.0000610351562
v 991.91796875 -352.0 -720.0
v 603.34619140625 -352.0 -720.0
v 991.91796875 -320.0 -992.0000610351562
v 603.34619140625 -320.0 -992.0000610351562
v 603.34619140625 -320.0 -720.0
v 991.91796875 -320.0 -720.0
v 603.34619140625 -320.0 -720.0
v 603.34619140625 -320.0 -992.0000610351562
v 603.34619140625 -352.0 -992.0000610351562
v 603.34619140625 -352.0 -720.0
v 209.67959594726562 -608.0 -992.0
v 511.3939514160156 -608.0 -992.0
v 511.3939514160156 -608.0 -720.0
v 209.67959594726562 -608.0 -720.0
v 511.3939514160156 -576.0 -992.0
v 209.67959594726562 -576.0 -992.0
v 209.67959594726562 -576.0 -720.0
v 511.3939514160156 -576.0 -720.0
v 209.67959594726562 -576.0 -720.0
v 209.67959594726562 -576.0 -992.0
v 209.67959594726562 -608.0 -992.0
v 209.67959594726562 -608.0 -720.0
v 259.9953918457031 -576.0 -992.0
v 511.4241027832031 -576.0 -992.0
v 511.4241027832031 -576.0 -720.0
v 259.9953918457031 -576.0 -720.0
v 511.4241027832031 -544.0 -992.0
v 259.9953918457031 -544.0 -992.0
v 259.9953918457031 -544.0 -720.0
v 511.4241027832031 -544.0 -720.0
v 259.9953918457031 -544.0 -720.0
v 259.9953918457031 -544.0 -992.0
v 259.9953918457031 -576.0 -992.0
v 259.9953918457031 -576.0 -720.0
v 310.3113708496094 -544.0 -992.0
v 511.4541931152344 -544.0 -992.0
v 511.4541931152344 -544.0 -720.0
v 310.3113708496094 -544.0 -720.0
v 511.4541931152344 -512.0 -992.0
v 310.3113708496094 -512.0 -992.0
v 310.3113708496094 -512.0 -720.0
v 511.4541931152344 -512.0 -720.0
v 310.3113708496094 -512.0 -720.0
v 310.3113708496094 -512.0 -992.0
v 310.3113708496094 -544.0 -992.0
v 310.3113708496094 -544.0 -720.0
v 715.413330078125 -352.0 -720.0000610351562
v 991.985107421875 -352.0 -720.0000610351562
v 991.985107421875 -352.0 -656.0001831054688
v 715.413330078125 -352.0 -656.0001831054688
v 991.985107421875 -320.0 -720.0000610351562
v 715.413330078125 -320.0 -720.0000610351562
v 715.413330078125 -320.0 -656.0001831054688
v 991.985107421875 -320.0 -656.0001831054688
v 715.413330078125 -320.0 -656.0001831054688
v 715.413330078125 -320.0 -720.0000610351562
v 715.413330078125 -352.0 -720.0000610351562
v 715.413330078125 -352.0 -656.0001831054688
v 835.9783935546875 383.8240966796875 19.99981689453125
v 835.9783935546875 380.0 19.99981689453125
v 859.9783935546875 380.0 19.99981689453125
v 859.9783935546875 383.8240966796875 19.99981689453125
v 835.9783935546875 380.0 -20.00018310546875
v 835.9783935546875 383.8240966796875 -20.00018310546875
v 859.9783935546875 383.8240966796875 -20.00018310546875
v 859.9783935546875 380.0 -20.00018310546875
v 835.9783935546875 380.0 -20.00018310546875
v 859.9783935546875 380.0 -20.00018310546875
v 859.9783935546875 380.0 19.99981689453125
v 835.9783935546875 380.0 19.99981689453125
v 859.9783935546875 383.8240966796875 -20.00018310546875
v 835.9783935546875 383.8240966796875 -20.00018310546875
v 835.9783935546875 383.8240966796875 19.99981689453125
v 859.9783935546875 383.8240966796875 19.99981689453125
v 859.9783935546875 383.8240966796875 -20.00018310546875
v 859.9783935546875 383.8240966796875 19.99981689453125
v 859.9783935546875 380.0 19.99981689453125
v 859.9783935546875 380.0 -20.00018310546875
v 835.9783935546875 383.8240966796875 19.99981689453125
v 835.9783935546875 383.8240966796875 -20.00018310546875
v 835.9783935546875 380.0 -20.00018310546875
v 835.9783935546875 380.0 19.99981689453125
v -948.0 383.8240966796875 -20.0
v -948.0 380.0 -20.0
v -972.0 380.0 -20.0
v -972.0 383.8240966796875 -20.0
v -948.0 380.0 20.0
v -948.0 383.8240966796875 20.0
v -972.0 383.8240966796875 20.0
v -972.0 380.0 20.0
v -948.0 380.0 20.0
v -972.0 380.0 20.0
v -972.0 380.0 -20.0
v -948.0 380.0 -20.0
v -972.0 383.8240966796875 20.0
v -948.0 383.8240966796875 20.0
v -948.0 383.8240966796875 -20.0
v -972.0 383.8240966796875 -20.0
v -972.0 383.8240966796875 20.0
v -972.0 383.8240966796875 -20.0
v -972.0 380.0 -20.0
v -972.0 380.0 20.0
v -948.0 383.8240966796875 -20.0
v -948.0 383.8240966796875 20.0
v -948.0 380.0 20.0
v -948.0 380.0 -20.0
v 12.0 383.8240966796875 -20.0
v 12.0 380.0 -20.0
v -12.0 380.0 -20.0
v -12.0 383.8240966796875 -20.0
v 12.0 380.0 20.0
v 12.0 383.8240966796875 20.0
v -12.0 383.8240966796875 20.0
v -12.0 380.0 20.0
v 12.0 380.0 20.0
v -12.0 380.0 20.0
v -12.0 380.0 -20.0
v 12.0 380.0 -20.0
v -12.0 383.8240966796875 20.0
v 12.0 383.8240966796875 20.0
v 12.0 383.8240966796875 -20.0
v -12.0 383.8240966796875 -20.0
v -12.0 383.8240966796875 20.0
v -12.0 383.8240966796875 -20.0
v -12.0 380.0 -20.0
v -12.0 380.0 20.0
v 12.0 383.8240966796875 -20.0
v 12.0 383.8240966796875 20.0
v 12.0 380.0 20.0
v 12.0 380.0 -20.0
v -776.0 144.0 488.0
v -776.0 4.0 488.0
v -768.0 4.0 488.0
v -768.0 144.0 488.0
v -776.0 4.0 480.0
v -776.0 144.0 480.0
v -768.0 144.0 480.0
v -768.0 4.0 480.0
v -776.0 4.0 480.0
v -768.0 4.0 480.0
v -768.0 4.0 488.0
v -776.0 4.0 488.0
v -768.0 144.0 480.0
v -776.0 144.0 480.0
v -776.0 144.0 488.0
v -768.0 144.0 488.0
v -768.0 144.0 480.0
v -768.0 144.0 488.0
v -768.0 4.0 488.0
v -768.0 4.0 480.0
v -776.0 144.0 488.0
v -776.0 144.0 480.0
v -776.0 4.0 480.0
v -776.0 4.0 488.0
v -776.0 144.0 544.0
v -776.0 4.0 544.0
v -768.0 4.0 544.0
v -768.0 144.0 544.0
v -776.0 4.0 536.0
v -776.0 144.0 536.0
v -768.0 144.0 536.0
v -768.0 4.0 536.0
v -776.0 4.0 536.0
v -768.0 4.0 536.0
v -768.0 4.0 544.0
v -776.0 4.0 544.0
v -768.0 144.0 536.0
v -776.0 144.0 536.0
v -776.0 144.0 544.0
v -768.0 144.0 544.0
v -768.0 144.0 536.0
v -768.0 144.0 544.0
v -768.0 4.0 544.0
v -768.0 4.0 536.0
v -776.0 144.0 544.0
v -776.0 144.0 536.0
v -776.0 4.0 536.0
v -776.0 4.0 544.0
v -776.0 144.0 600.0
v -776.0 4.0 600.0
v -768.0 4.0 600.0
v -768.0 144.0 600.0
v -776.0 4.0 592.0
v -776.0 144.0 592.0
v -768.0 144.0 592.0
v -768.0 4.0 592.0
v -776.0 4.0 592.0
v -768.0 4.0 592.0
v -768.0 4.0 600.0
v -776.0 4.0 600.0
v -768.0 144.0 592.0
v -776.0 144.0 592.0
v -776.0 144.0 600.0
v -768.0 144.0 600.0
v -768.0 144.0 592.0
v -768.0 144.0 600.0
v -768.0 4.0 600.0
v -768.0 4.0 592.0
v -776.0 144.0 600.0
v -776.0 144.0 592.0
v -776.0 4.0 592.0
v -776.0 4.0 600.0
v -776.0 144.0 656.0
v -776.0 4.0 656.0
v -768.0 4.0 656.0
v -768.0 144.0 656.0
v -776.0 4.0 648.0
v -776.0 144.0 648.0
v -768.0 144.0 648.0
v -768.0 4.0 648.0
v -776.0 4.0 648.0
v -768.0 4.0 648.0
v -768.0 4.0 656.0
v -776.0 4.0 656.0
v -768.0 144.0 648.0
v -776.0 144.0 648.0
v -776.0 144.0 656.0
v -768.0 144.0 656.0
v -768.0 144.0 648.0
v -768.0 144.0 656.0
v -768.0 4.0 656.0
v -768.0 4.0 648.0
v -776.0 144.0 656.0
v -776.0 144.0 648.0
v -776.0 4.0 648.0
v -776.0 4.0 656.0
v -776.0 144.0 712.0
v -776.0 4.0 712.0
v -768.0 4.0 712.0
v -768.0 144.0 712.0
v -776.0 4.0 704.0
v -776.0 144.0 704.0
v -768.0 144.0 704.0
v -768.0 4.0 704.0
v -776.0 4.0 704.0
v -768.0 4.0 704.0
v -768.0 4.0 712.0
v -776.0 4.0 712.0
v -768.0 144.0 704.0
v -776.0 144.0 704.0
v -776.0 144.0 712.0
v -768.0 144.0 712.0
v -768.0 144.0 704.0
v -768.0 144.0 712.0
v -768.0 4.0 712.0
v -768.0 4.0 704.0
v -776.0 144.0 712.0
v -776.0 144.0 704.0
v -776.0 4.0 704.0
v -776.0 4.0 712.0
v -776.0 144.0 768.0
v -776.0 4.0 768.0
v -768.0 4.0 768.0
v -768.0 144.0 768.0
v -776.0 4.0 760.0
v -776.0 144.0 760.0
v -768.0 144.0 760.0
v -768.0 4.0 760.0
v -776.0 4.0 760.0
v -768.0 4.0 760.0
v -768.0 4.0 768.0
v -776.0 4.0 768.0
v -768.0 144.0 760.0
v -776.0 144.0 760.0
v -776.0 144.0 768.0
v -768.0 144.0 768.0
v -768.0 144.0 760.0
v -768.0 144.0 768.0
v -768.0 4.0 768.0
v -768.0 4.0 760.0
v -776.0 144.0 768.0
v -776.0 144.0 760.0
v -776.0 4.0 760.0
v -776.0 4.0 768.0
v -764.0 152.0 -696.0
v -764.0 144.0 -696.0
v -780.0 144.0 -696.0
v -780.0 152.0 -696.0
v -764.0 144.0 828.0
v -764.0 152.0 828.0
v -780.0 152.0 828.0
v -780.0 144.0 828.0
v -764.0 144.0 828.0
v -780.0 144.0 828.0
v -780.0 144.0 -696.0
v -764.0 144.0 -696.0
v -780.0 152.0 828.0
v -764.0 152.0 828.0
v -764.0 152.0 -696.0
v -780.0 152.0 -696.0
v -780.0 152.0 828.0
v -780.0 152.0 -696.0
v -780.0 144.0 -696.0
v -780.0 144.0 828.0
v -764.0 152.0 -696.0
v -764.0 152.0 828.0
v -764.0 144.0 828.0
v -764.0 144.0 -696.0
v -84.0 -440.0 436.0
v -84.0 -608.0 436.0
v -100.0 -608.0 436.0
v -100.0 -440.0 436.0
v -84.0 -608.0 452.0
v -84.0 -440.0 452.0
v -100.0 -440.0 452.0
v -100.0 -608.0 452.0
v -84.0 -608.0 452.0
v -100.0 -608.0 452.0
v -100.0 -608.0 436.0
v -84.0 -608.0 436.0
v -100.0 -440.0 452.0
v -84.0 -440.0 452.0
v -84.0 -440.0 436.0
v -100.0 -440.0 436.0
v -100.0 -440.0 452.0
v -100.0 -440.0 436.0
v -100.0 -608.0 436.0
v -100.0 -608.0 452.0
v -84.0 -440.0 436.0
v -84.0 -440.0 452.0
v -84.0 -608.0 452.0
v -84.0 -608.0 436.0
v -764.0 384.0 180.0
v -764.0 -608.0 180.0
v -780.0 -608.0 180.0
v -780.0 384.0 180.0
v -764.0 -608.0 196.0
v -764.0 384.0 196.0
v -780.0 384.0 196.0
v -780.0 -608.0 196.0
v -764.0 -608.0 196.0
v -780.0 -608.0 196.0
v -780.0 -608.0 180.0
v -764.0 -608.0 180.0
v -780.0 384.0 196.0
v -764.0 384.0 196.0
v -764.0 384.0 180.0
v -780.0 384.0 180.0
v -780.0 384.0 196.0
v -780.0 384.0 180.0
v -780.0 -608.0 180.0
v -780.0 -608.0 196.0
v -764.0 384.0 180.0
v -764.0 384.0 196.0
v -764.0 -608.0 196.0
v -764.0 -608.0 180.0
v -764.0 3.999999523162842 -696.0
v -764.0 -12.0 -696.0
v -780.0 -12.0 -696.0
v -780.0 3.999999523162842 -696.0
v -764.0 -12.0 828.0
v -764.0 3.999999523162842 828.0
v -780.0 3.999999523162842 828.0
v -780.0 -12.0 828.0
v -764.0 -12.0 828.0
v -780.0 -12.0 828.0
v -780.0 -12.0 -696.0
v -764.0 -12.0 -696.0
v -780.0 3.999999523162842 828.0
v -764.0 3.999999523162842 828.0
v -764.0 3.999999523162842 -696.0
v -780.0 3.999999523162842 -696.0
v -780.0 3.999999523162842 828.0
v -780.0 3.999999523162842 -696.0
v -780.0 -12.0 -696.0
v -780.0 -12.0 828.0
v -764.0 3.999999523162842 -696.0
v -764.0 3.999999523162842 828.0
v -764.0 -12.0 828.0
v -764.0 -12.0 -696.0
v -770.0 72.0 -696.0
v -770.0 16.000001907348633 -696.0
v -774.0 16.000001907348633 -696.0
v -774.0 72.0 -696.0
v -770.0 16.000001907348633 828.0
v -770.0 72.0 828.0
v -774.0 72.0 828.0
v -774.0 16.000001907348633 828.0
v -770.0 16.000001907348633 828.0
v -774.0 16.000001907348633 828.0
v -774.0 16.000001907348633 -696.0
v -770.0 16.000001907348633 -696.0
v -774.0 72.0 828.0
v -770.0 72.0 828.0
v -770.0 72.0 -696.0
v -774.0 72.0 -696.0
v -774.0 72.0 828.0
v -774.0 72.0 -696.0
v -774.0 16.000001907348633 -696.0
v -774.0 16.000001907348633 828.0
v -770.0 72.0 -696.0
v -770.0 72.0 828.0
v -770.0 16.000001907348633 828.0
v -770.0 16.000001907348633 -696.0
v -776.0 144.0 376.0
v -776.0 4.0 376.0
v -768.0 4.0 376.0
v -768.0 144.0 376.0
v -776.0 4.0 368.0
v -776.0 144.0 368.0
v -768.0 144.0 368.0
v -768.0 4.0 368.0
v -776.0 4.0 368.0
v -768.0 4.0 368.0
v -768.0 4.0 376.0
v -776.0 4.0 376.0
v -768.0 144.0 368.0
v -776.0 144.0 368.0
v -776.0 144.0 376.0
v -768.0 144.0 376.0
v -768.0 144.0 368.0
v -768.0 144.0 376.0
v -768.0 4.0 376.0
v -768.0 4.0 368.0
v -776.0 144.0 376.0
v -776.0 144.0 368.0
v -776.0 4.0 368.0
v -776.0 4.0 376.0
v -776.0 144.0 432.0
v -776.0 4.0 432.0
v -768.0 4.0 432.0
v -768.0 144.0 432.0
v -776.0 4.0 424.0
v -776.0 144.0 424.0
v -768.0 144.0 424.0
v -768.0 4.0 424.0
v -776.0 4.0 424.0
v -768.0 4.0 424.0
v -768.0 4.0 432.0
v -776.0 4.0 432.0
v -768.0 144.0 424.0
v -776.0 144.0 424.0
v -776.0 144.0 432.0
v -768.0 144.0 432.0
v -768.0 144.0 424.0
v -768.0 144.0 432.0
v -768.0 4.0 432.0
v -768.0 4.0 424.0
v -776.0 144.0 432.0
v -776.0 144.0 424.0
v -776.0 4.0 424.0
v -776.0 4.0 432.0
v -776.0 144.0 488.0
v -776.0 4.0 488.0
v -768.0 4.0 488.0
v -768.0 144.0 488.0
v -776.0 4.0 480.0
v -776.0 144.0 480.0
v -768.0 144.0 480.0
v -768.0 4.0 480.0
v -776.0 4.0 480.0
v -768.0 4.0 480.0
v -768.0 4.0 488.0
v -776.0 4.0 488.0
v -768.0 144.0 480.0
v -776.0 144.0 480.0
v -776.0 144.0 488.0
v -768.0 144.0 488.0
v -768.0 144.0 480.0
v -768.0 144.0 488.0
v -768.0 4.0 488.0
v -768.0 4.0 480.0
v -776.0 144.0 488.0
v -776.0 144.0 480.0
v -776.0 4.0 480.0
v -776.0 4.0 488.0
v 228.0 -232.0 828.0
v 228.0 -608.0 828.0
v 212.0 -608.0 828.0
v 212.0 -232.0 828.0
v 228.0 -608.0 844.0
v 228.0 -232.0 844.0
v 212.0 -232.0 844.0
v 212.0 -608.0 844.0
v 228.0 -608.0 844.0
v 212.0 -608.0 844.0
v 212.0 -608.0 828.0
v 228.0 -608.0 828.0
v 212.0 -232.0 844.0
v 228.0 -232.0 844.0
v 228.0 -232.0 828.0
v 212.0 -232.0 828.0
v 212.0 -232.0 844.0
v 212.0 -232.0 828.0
v 212.0 -608.0 828.0
v 212.0 -608.0 844.0
v 228.0 -232.0 828.0
v 228.0 -232.0 844.0
v 228.0 -608.0 844.0
v 228.0 -608.0 828.0
v 228.0 -440.00006103515625 436.0
v 228.0 -608.0000610351562 436.0
v 212.0 -608.0000610351562 436.0
v 212.0 -440.00006103515625 436.0
v 228.0 -608.0000610351562 452.0
v 228.0 -440.00006103515625 452.0
v 212.0 -440.00006103515625 452.0
v 212.0 -608.0000610351562 452.0
v 228.0 -608.0000610351562 452.0
v 212.0 -608.0000610351562 452.0
v 212.0 -608.0000610351562 436.0
v 228.0 -608.0000610351562 436.0
v 212.0 -440.00006103515625 452.0
v 228.0 -440.00006103515625 452.0
v 228.0 -440.00006103515625 436.0
v 212.0 -440.00006103515625 436.0
v 212.0 -440.00006103515625 452.0
v 212.0 -440.00006103515625 436.0
v 212.0 -608.0000610351562 436.0
v 212.0 -608.0000610351562 452.0
v 228.0 -440.00006103515625 436.0
v 228.0 -440.00006103515625 452.0
v 228.0 -608.0000610351562 452.0
v 228.0 -608.0000610351562 436.0
v 213.00003051757812 -238.535888671875 831.9998779296875
v 213.00003051757812 -245.46409606933594 836.0
v 227.0 -245.46409606933594 836.0
v 227.0 -238.535888671875 831.9998779296875
v 213.0 -456.0 448.0
v 213.0 -448.0 444.0
v 226.99996948242188 -448.0 444.0
v 226.99996948242188 -456.0 448.0
v 213.0 -456.0 448.0
v 226.99996948242188 -456.0 448.0
v 227.0 -245.46409606933594 836.0
v 213.00003051757812 -245.46409606933594 836.0
v 226.99996948242188 -448.0 444.0
v 213.0 -448.0 444.0
v 213.00003051757812 -238.535888671875 831.9998779296875
v 227.0 -238.535888671875 831.9998779296875
v 226.99996948242188 -448.0 444.0
v 227.0 -238.535888671875 831.9998779296875
v 227.0 -245.46409606933594 836.0
v 226.99996948242188 -456.0 448.0
v 213.00003051757812 -238.535888671875 831.9998779296875
v 213.0 -448.0 444.0
v 213.0 -456.0 448.0
v 213.00003051757812 -245.46409606933594 836.0
v 227.99993896484375 -603.8851318359375 452.0
v 228.0 -428.5543212890625 828.0
v 212.00006103515625 -428.5543212890625 828.0
v 212.0 -603.8851318359375 452.0
v 212.0 -531.063232421875 452.0
v 212.00006103515625 -355.7325439453125 828.0
v 228.0 -355.7325439453125 828.0
v 227.99993896484375 -531.063232421875 452.0
v 228.0 -355.7325439453125 828.0
v 228.0 -428.5543212890625 828.0
v 227.99993896484375 -603.8851318359375 452.0
v 227.99993896484375 -531.063232421875 452.0
v 212.0 -603.8851318359375 452.0
v 212.00006103515625 -428.5543212890625 828.0
v 212.00006103515625 -355.7325439453125 828.0
v 212.0 -531.063232421875 452.0
v 228.0 -355.7325439453125 828.0
v 212.00006103515625 -355.7325439453125 828.0
v 212.00006103515625 -428.5543212890625 828.0
v 228.0 -428.5543212890625 828.0
v 212.0 -603.8851318359375 452.0
v 212.0 -531.063232421875 452.0
v 227.99993896484375 -531.063232421875 452.0
v 227.99993896484375 -603.8851318359375 452.0
v 227.0 -240.0 832.0
v 227.0 -248.0 832.0
v 213.0 -248.0 832.0
v 213.0 -240.0 832.0
v 227.0 -248.0 1032.0
v 227.0 -240.0 1032.0
v 213.0 -240.0 1032.0
v 213.0 -248.0 1032.0
v 227.0 -248.0 1032.0
v 213.0 -248.0 1032.0
v 213.0 -248.0 832.0
v 227.0 -248.0 832.0
v 213.0 -240.0 1032.0
v 227.0 -240.0 1032.0
v 227.0 -240.0 832.0
v 213.0 -240.0 832.0
v 213.0 -240.0 1032.0
v 213.0 -240.0 832.0
v 213.0 -248.0 832.0
v 213.0 -248.0 1032.0
v 227.0 -240.0 832.0
v 227.0 -240.0 1032.0
v 227.0 -248.0 1032.0
v 227.0 -248.0 832.0
v 228.0 -356.0 844.0
v 228.0 -428.0 844.0
v 212.0 -428.0 844.0
v 212.0 -356.0 844.0
v 228.0 -428.0 992.0
v 228.0 -356.0 992.0
v 212.0 -356.0 992.0
v 212.0 -428.0 992.0
v 228.0 -428.0 992.0
v 212.0 -428.0 992.0
v 212.0 -428.0 844.0
v 228.0 -428.0 844.0
v 212.0 -356.0 992.0
v 228.0 -356.0 992.0
v 228.0 -356.0 844.0
v 212.0 -356.0 844.0
v 212.0 -356.0 992.0
v 212.0 -356.0 844.0
v 212.0 -428.0 844.0
v 212.0 -428.0 992.0
v 228.0 -356.0 844.0
v 228.0 -356.0 992.0
v 228.0 -428.0 992.0
v 228.0 -428.0 844.0
v -780.0 152.0 844.0
v -780.0 -1536.0 844.0
v -764.0 -1536.0 844.0
v -764.0 152.0 844.0
v -780.0 -1536.0 828.0
v -780.0 152.0 828.0
v -764.0 152.0 828.0
v -764.0 -1536.0 828.0
v -780.0 -1536.0 828.0
v -764.0 -1536.0 828.0
v -764.0 -1536.0 844.0
v -780.0 -1536.0 844.0
v -764.0 152.0 828.0
v -780.0 152.0 828.0
v -780.0 152.0 844.0
v -764.0 152.0 844.0
v -764.0 152.0 828.0
v -764.0 152.0 844.0
v -764.0 -1536.0 844.0
v -764.0 -1536.0 828.0
v -780.0 152.0 844.0
v -780.0 152.0 828.0
v -780.0 -1536.0 828.0
v -780.0 -1536.0 844.0
v -84.0 -232.0 828.0
v -84.0 -608.0 828.0
v -100.0 -608.0 828.0
v -100.0 -232.0 828.0
v -84.0 -608.0 844.0
v -84.0 -232.0 844.0
v -100.0 -232.0 844.0
v -100.0 -608.0 844.0
v -84.0 -608.0 844.0
v -100.0 -608.0 844.0
v -100.0 -608.0 828.0
v -84.0 -608.0 828.0
v -100.0 -232.0 844.0
v -84.0 -232.0 844.0
v -84.0 -232.0 828.0
v -100.0 -232.0 828.0
v -100.0 -232.0 844.0
v -100.0 -232.0 828.0
v -100.0 -608.0 828.0
v -100.0 -608.0 844.0
v -84.0 -232.0 828.0
v -84.0 -232.0 844.0
v -84.0 -608.0 844.0
v -84.0 -608.0 828.0
v -98.99996948242188 -238.535888671875 831.9998779296875
v -98.99996948242188 -245.46409606933594 836.0
v -85.0 -245.46409606933594 836.0
v -85.0 -238.535888671875 831.9998779296875
v -99.0 -456.0 448.0
v -99.0 -448.0 444.0
v -85.00003051757812 -448.0 444.0
v -85.00003051757812 -456.0 448.0
v -99.0 -456.0 448.0
v -85.00003051757812 -456.0 448.0
v -85.0 -245.46409606933594 836.0
v -98.99996948242188 -245.46409606933594 836.0
v -85.00003051757812 -448.0 444.0
v -99.0 -448.0 444.0
v -98.99996948242188 -238.535888671875 831.9998779296875
v -85.0 -238.535888671875 831.9998779296875
v -85.00003051757812 -448.0 444.0
v -85.0 -238.535888671875 831.9998779296875
v -85.0 -245.46409606933594 836.0
v -85.00003051757812 -456.0 448.0
v -98.99996948242188 -238.535888671875 831.9998779296875
v -99.0 -448.0 444.0
v -99.0 -456.0 448.0
v -98.99996948242188 -245.46409606933594 836.0
v -100.0 -384.0 844.0
v -100.0 -384.0 844.0
v -100.0 -384.0 828.0
v -100.0 -384.0 828.0
v -100.0 -384.0 844.0
v -764.0 -45.2900390625 844.0
v -764.0 -45.29002380371094 828.0
v -100.0 -384.0 828.0
v -100.0 -308.0 828.0
v -764.0 27.531723022460938 828.0
v -764.0 27.531719207763672 844.0
v -100.0 -308.0 844.0
v -764.0 -45.2900390625 844.0
v -100.0 -384.0 844.0
v -100.0 -384.0 844.0
v -764.0 27.531719207763672 844.0
v -100.0 -308.0 844.0
v -100.0 -384.0 828.0
v -764.0 -45.29002380371094 828.0
v -764.0 27.531723022460938 828.0
v -100.0 -384.0 828.0
v -100.0 -308.0 828.0
v -764.0 27.531719207763672 844.0
v -764.0 27.531723022460938 828.0
v -764.0 -45.29002380371094 828.0
v -764.0 -45.2900390625 844.0
v -100.0 -384.0 828.0
v -100.0 -308.0 828.0
v -100.0 -308.0 844.0
v -100.0 -384.0 844.0
v -84.00006103515625 -603.8851318359375 452.0
v -84.0 -428.5543212890625 828.0
v -99.99993896484375 -428.5543212890625 828.0
v -100.0 -603.8851318359375 452.0
v -100.0 -531.063232421875 452.0
v -99.99993896484375 -355.7325439453125 828.0
v -84.0 -355.7325439453125 828.0
v -84.00006103515625 -531.063232421875 452.0
v -84.0 -355.7325439453125 828.0
v -84.0 -428.5543212890625 828.0
v -84.00006103515625 -603.8851318359375 452.0
v -84.00006103515625 -531.063232421875 452.0
v -100.0 -603.8851318359375 452.0
v -99.99993896484375 -428.5543212890625 828.0
v -99.99993896484375 -355.7325439453125 828.0
v -100.0 -531.063232421875 452.0
v -84.0 -355.7325439453125 828.0
v -99.99993896484375 -355.7325439453125 828.0
v -99.99993896484375 -428.5543212890625 828.0
v -84.0 -428.5543212890625 828.0
v -100.0 -603.8851318359375 452.0
v -100.0 -531.063232421875 452.0
v -84.00006103515625 -531.063232421875 452.0
v -84.00006103515625 -603.8851318359375 452.0
v -765.3005981445312 150.96408081054688 829.0
v -769.3005981445312 144.035888671875 829.0
v -769.3005981445312 144.035888671875 843.0
v -765.3005981445312 150.96408081054688 843.0
v -92.0 -243.99996948242188 829.0
v -92.0 -235.99996948242188 829.0
v -92.0 -235.99996948242188 843.0
v -92.0 -243.99996948242188 843.0
v -92.0 -243.99996948242188 829.0
v -92.0 -243.99996948242188 843.0
v -769.3005981445312 144.035888671875 843.0
v -769.3005981445312 144.035888671875 829.0
v -92.0 -235.99996948242188 843.0
v -92.0 -235.99996948242188 829.0
v -765.3005981445312 150.96408081054688 829.0
v -765.3005981445312 150.96408081054688 843.0
v -92.0 -235.99996948242188 843.0
v -765.3005981445312 150.96408081054688 843.0
v -769.3005981445312 144.035888671875 843.0
v -92.0 -243.99996948242188 843.0
v -765.3005981445312 150.96408081054688 829.0
v -92.0 -235.99996948242188 829.0
v -92.0 -243.99996948242188 829.0
v -769.3005981445312 144.035888671875 829.0
v 992.0000610351562 -604.0 266.0
v 992.0000610351562 -604.0 246.0
v -992.0 -604.0 246.0
v -992.0 -604.0 266.0
v 992.0000610351562 -604.0 266.0
v -992.0 -604.0 266.0
v -992.0 -608.0 272.0
v 992.0000610351562 -608.0 272.0
v -992.0 -604.0 246.0
v 992.0000610351562 -604.0 246.0
v 992.0000610351562 -608.0 240.0
v -992.0 -608.0 240.0
v -776.0 144.0 264.0
v -776.0 4.0 264.0
v -768.0 4.0 264.0
v -768.0 144.0 264.0
v -776.0 4.0 256.0
v -776.0 144.0 256.0
v -768.0 144.0 256.0
v -768.0 4.0 256.0
v -776.0 4.0 256.0
v -768.0 4.0 256.0
v -768.0 4.0 264.0
v -776.0 4.0 264.0
v -768.0 144.0 256.0
v -776.0 144.0 256.0
v -776.0 144.0 264.0
v -768.0 144.0 264.0
v -768.0 144.0 256.0
v -768.0 144.0 264.0
v -768.0 4.0 264.0
v -768.0 4.0 256.0
v -776.0 144.0 264.0
v -776.0 144.0 256.0
v -776.0 4.0 256.0
v -776.0 4.0 264.0
v -776.0 144.0 320.0
v -776.0 4.0 320.0
v -768.0 4.0 320.0
v -768.0 144.0 320.0
v -776.0 4.0 312.0
v -776.0 144.0 312.0
v -768.0 144.0 312.0
v -768.0 4.0 312.0
v -776.0 4.0 312.0
v -768.0 4.0 312.0
v -768.0 4.0 320.0
v -776.0 4.0 320.0
v -768.0 144.0 312.0
v -776.0 144.0 312.0
v -776.0 144.0 320.0
v -768.0 144.0 320.0
v -768.0 144.0 312.0
v -768.0 144.0 320.0
v -768.0 4.0 320.0
v -768.0 4.0 312.0
v -776.0 144.0 320.0
v -776.0 144.0 312.0
v -776.0 4.0 312.0
v -776.0 4.0 320.0
v 922.4039306640625 -288.0 553.5960693359375
v 922.4039306640625 -292.0 553.5960693359375
v 986.4039306640625 -292.0 553.5960693359375
v 986.4039306640625 -288.0 553.5960693359375
v 922.4039306640625 -292.0 377.5960693359375
v 922.4039306640625 -288.0 377.5960693359375
v 986.4039306640625 -288.0 377.5960693359375
v 986.4039306640625 -292.0 377.5960693359375
v 922.4039306640625 -292.0 377.5960693359375
v 986.4039306640625 -292.0 377.5960693359375
v 986.4039306640625 -292.0 553.5960693359375
v 922.4039306640625 -292.0 553.5960693359375
v 986.4039306640625 -288.0 377.5960693359375
v 922.4039306640625 -288.0 377.5960693359375
v 922.4039306640625 -288.0 553.5960693359375
v 986.4039306640625 -288.0 553.5960693359375
v 986.4039306640625 -288.0 377.5960693359375
v 986.4039306640625 -288.0 553.5960693359375
v 986.4039306640625 -292.0 553.5960693359375
v 986.4039306640625 -292.0 377.5960693359375
v 922.4039306640625 -288.0 553.5960693359375
v 922.4039306640625 -288.0 377.5960693359375
v 922.4039306640625 -292.0 377.5960693359375
v 922.4039306640625 -292.0 553.5960693359375
v 922.4039306640625 -344.0 553.5960693359375
v 922.4039306640625 -348.0 553.5960693359375
v 986.4039306640625 -348.0 553.5960693359375
v 986.4039306640625 -344.0 553.5960693359375
v 922.4039306640625 -348.0 377.5960693359375
v 922.4039306640625 -344.0 377.5960693359375
v 986.4039306640625 -344.0 377.5960693359375
v 986.4039306640625 -348.0 377.5960693359375
v 922.4039306640625 -348.0 377.5960693359375
v 986.4039306640625 -348.0 377.5960693359375
v 986.4039306640625 -348.0 553.5960693359375
v 922.4039306640625 -348.0 553.5960693359375
v 986.4039306640625 -344.0 377.5960693359375
v 922.4039306640625 -344.0 377.5960693359375
v 922.4039306640625 -344.0 553.5960693359375
v 986.4039306640625 -344.0 553.5960693359375
v 986.4039306640625 -344.0 377.5960693359375
v 986.4039306640625 -344.0 553.5960693359375
v 986.4039306640625 -348.0 553.5960693359375
v 986.4039306640625 -348.0 377.5960693359375
v 922.4039306640625 -344.0 553.5960693359375
v 922.4039306640625 -344.0 377.5960693359375
v 922.4039306640625 -348.0 377.5960693359375
v 922.4039306640625 -348.0 553.5960693359375
v 922.4039306640625 -408.0 553.5960693359375
v 922.4039306640625 -412.0 553.5960693359375
v 986.4039306640625 -412.0 553.5960693359375
v 986.4039306640625 -408.0 553.5960693359375
v 922.4039306640625 -412.0 377.5960693359375
v 922.4039306640625 -408.0 377.5960693359375
v 986.4039306640625 -408.0 377.5960693359375
v 986.4039306640625 -412.0 377.5960693359375
v 922.4039306640625 -412.0 377.5960693359375
v 986.4039306640625 -412.0 377.5960693359375
v 986.4039306640625 -412.0 553.5960693359375
v 922.4039306640625 -412.0 553.5960693359375
v 986.4039306640625 -408.0 377.5960693359375
v 922.4039306640625 -408.0 377.5960693359375
v 922.4039306640625 -408.0 553.5960693359375
v 986.4039306640625 -408.0 553.5960693359375
v 986.4039306640625 -408.0 377.5960693359375
v 986.4039306640625 -408.0 553.5960693359375
v 986.4039306640625 -412.0 553.5960693359375
v 986.4039306640625 -412.0 377.5960693359375
v 922.4039306640625 -408.0 553.5960693359375
v 922.4039306640625 -408.0 377.5960693359375
v 922.4039306640625 -412.0 377.5960693359375
v 922.4039306640625 -412.0 553.5960693359375
v 922.4039306640625 -472.0 553.5960693359375
v 922.4039306640625 -476.0 553.5960693359375
v 986.4039306640625 -476.0 553.5960693359375
v 986.4039306640625 -472.0 553.5960693359375
v 922.4039306640625 -476.0 377.5960693359375
v 922.4039306640625 -472.0 377.5960693359375
v 986.4039306640625 -472.0 377.5960693359375
v 986.4039306640625 -476.0 377.5960693359375
v 922.4039306640625 -476.0 377.5960693359375
v 986.4039306640625 -476.0 377.5960693359375
v 986.4039306640625 -476.0 553.5960693359375
v 922.4039306640625 -476.0 553.5960693359375
v 986.4039306640625 -472.0 377.5960693359375
v 922.4039306640625 -472.0 377.5960693359375
v 922.4039306640625 -472.0 553.5960693359375
v 986.4039306640625 -472.0 553.5960693359375
v 986.4039306640625 -472.0 377.5960693359375
v 986.4039306640625 -472.0 553.5960693359375
v 986.4039306640625 -476.0 553.5960693359375
v 986.4039306640625 -476.0 377.5960693359375
v 922.4039306640625 -472.0 553.5960693359375
v 922.4039306640625 -472.0 377.5960693359375
v 922.4039306640625 -476.0 377.5960693359375
v 922.4039306640625 -476.0 553.5960693359375
v 922.4039306640625 -536.0 553.5960693359375
v 922.4039306640625 -540.0 553.5960693359375
v 986.4039306640625 -540.0 553.5960693359375
v 986.4039306640625 -536.0 553.5960693359375
v 922.4039306640625 -540.0 377.5960693359375
v 922.4039306640625 -536.0 377.5960693359375
v 986.4039306640625 -536.0 377.5960693359375
v 986.4039306640625 -540.0 377.5960693359375
v 922.4039306640625 -540.0 377.5960693359375
v 986.4039306640625 -540.0 377.5960693359375
v 986.4039306640625 -540.0 553.5960693359375
v 922.4039306640625 -540.0 553.5960693359375
v 986.4039306640625 -536.0 377.5960693359375
v 922.4039306640625 -536.0 377.5960693359375
v 922.4039306640625 -536.0 553.5960693359375
v 986.4039306640625 -536.0 553.5960693359375
v 986.4039306640625 -536.0 377.5960693359375
v 986.4039306640625 -536.0 553.5960693359375
v 986.4039306640625 -540.0 553.5960693359375
v 986.4039306640625 -540.0 377.5960693359375
v 922.4039306640625 -536.0 553.5960693359375
v 922.4039306640625 -536.0 377.5960693359375
v 922.4039306640625 -540.0 377.5960693359375
v 922.4039306640625 -540.0 553.5960693359375
v 922.4039306640625 -288.0 361.5960693359375
v 922.4039306640625 -292.0 361.5960693359375
v 986.4039306640625 -292.0 361.5960693359375
v 986.4039306640625 -288.0 361.5960693359375
v 922.4039306640625 -292.0 185.5960693359375
v 922.4039306640625 -288.0 185.5960693359375
v 986.4039306640625 -288.0 185.5960693359375
v 986.4039306640625 -292.0 185.5960693359375
v 922.4039306640625 -292.0 185.5960693359375
v 986.4039306640625 -292.0 185.5960693359375
v 986.4039306640625 -292.0 361.5960693359375
v 922.4039306640625 -292.0 361.5960693359375
v 986.4039306640625 -288.0 185.5960693359375
v 922.4039306640625 -288.0 185.5960693359375
v 922.4039306640625 -288.0 361.5960693359375
v 986.4039306640625 -288.0 361.5960693359375
v 986.4039306640625 -288.0 185.5960693359375
v 986.4039306640625 -288.0 361.5960693359375
v 986.4039306640625 -292.0 361.5960693359375
v 986.4039306640625 -292.0 185.5960693359375
v 922.4039306640625 -288.0 361.5960693359375
v 922.4039306640625 -288.0 185.5960693359375
v 922.4039306640625 -292.0 185.5960693359375
v 922.4039306640625 -292.0 361.5960693359375
v 922.4039306640625 -344.0 361.5960693359375
v 922.4039306640625 -348.0 361.5960693359375
v 986.4039306640625 -348.0 361.5960693359375
v 986.4039306640625 -344.0 361.5960693359375
v 922.4039306640625 -348.0 185.5960693359375
v 922.4039306640625 -344.0 185.5960693359375
v 986.4039306640625 -344.0 185.5960693359375
v 986.4039306640625 -348.0 185.5960693359375
v 922.4039306640625 -348.0 185.5960693359375
v 986.4039306640625 -348.0 185.5960693359375
v 986.4039306640625 -348.0 361.5960693359375
v 922.4039306640625 -348.0 361.5960693359375
v 986.4039306640625 -344.0 185.5960693359375
v 922.4039306640625 -344.0 185.5960693359375
v 922.4039306640625 -344.0 361.5960693359375
v 986.4039306640625 -344.0 361.5960693359375
v 986.4039306640625 -344.0 185.5960693359375
v 986.4039306640625 -344.0 361.5960693359375
v 986.4039306640625 -348.0 361.5960693359375
v 986.4039306640625 -348.0 185.5960693359375
v 922.4039306640625 -344.0 361.5960693359375
v 922.4039306640625 -344.0 185.5960693359375
v 922.4039306640625 -348.0 185.5960693359375
v 922.4039306640625 -348.0 361.5960693359375
v 922.4039306640625 -408.0 361.5960693359375
v 922.4039306640625 -412.0 361.5960693359375
v 986.4039306640625 -412.0 361.5960693359375
v 986.4039306640625 -408.0 361.5960693359375
v 922.4039306640625 -412.0 185.5960693359375
v 922.4039306640625 -408.0 185.5960693359375
v 986.4039306640625 -408.0 185.5960693359375
v 986.4039306640625 -412.0 185.5960693359375
v 922.4039306640625 -412.0 185.5960693359375
v 986.4039306640625 -412.0 185.5960693359375
v 986.4039306640625 -412.0 361.5960693359375
v 922.4039306640625 -412.0 361.5960693359375
v 986.4039306640625 -408.0 185.5960693359375
v 922.4039306640625 -408.0 185.5960693359375
v 922.4039306640625 -408.0 361.5960693359375
v 986.4039306640625 -408.0 361.5960693359375
v 986.4039306640625 -408.0 185.5960693359375
v 986.4039306640625 -408.0 361.5960693359375
v 986.4039306640625 -412.0 361.5960693359375
v 986.4039306640625 -412.0 185.5960693359375
v 922.4039306640625 -408.0 361.5960693359375
v 922.4039306640625 -408.0 185.5960693359375
v 922.4039306640625 -412.0 185.5960693359375
v 922.4039306640625 -412.0 361.5960693359375
v 922.4039306640625 -472.0 361.5960693359375
v 922.4039306640625 -476.0 361.5960693359375
v 986.4039306640625 -476.0 361.5960693359375
v 986.4039306640625 -472.0 361.5960693359375
v 922.4039306640625 -476.0 185.5960693359375
v 922.4039306640625 -472.0 185.5960693359375
v 986.4039306640625 -472.0 185.5960693359375
v 986.4039306640625 -476.0 185.5960693359375
v 922.4039306640625 -476.0 185.5960693359375
v 986.4039306640625 -476.0 185.5960693359375
v 986.4039306640625 -476.0 361.5960693359375
v 922.4039306640625 -476.0 361.5960693359375
v 986.4039306640625 -472.0 185.5960693359375
v 922.4039306640625 -472.0 185.5960693359375
v 922.4039306640625 -472.0 361.5960693359375
v 986.4039306640625 -472.0 361.5960693359375
v 986.4039306640625 -472.0 185.5960693359375
v 986.4039306640625 -472.0 361.5960693359375
v 986.4039306640625 -476.0 361.5960693359375
v 986.4039306640625 -476.0 185.5960693359375
v 922.4039306640625 -472.0 361.5960693359375
v 922.4039306640625 -472.0 185.5960693359375
v 922.4039306640625 -476.0 185.5960693359375
v 922.4039306640625 -476.0 361.5960693359375
v 922.4039306640625 -536.0 361.5960693359375
v 922.4039306640625 -540.0 361.5960693359375
v 986.4039306640625 -540.0 361.5960693359375
v 986.4039306640625 -536.0 361.5960693359375
v 922.4039306640625 -540.0 185.5960693359375
v 922.4039306640625 -536.0 185.5960693359375
v 986.4039306640625 -536.0 185.5960693359375
v 986.4039306640625 -540.0 185.5960693359375
v 922.4039306640625 -540.0 185.5960693359375
v 986.4039306640625 -540.0 185.5960693359375
v 986.4039306640625 -540.0 361.5960693359375
v 922.4039306640625 -540.0 361.5960693359375
v 986.4039306640625 -536.0 185.5960693359375
v 922.4039306640625 -536.0 185.5960693359375
v 922.4039306640625 -536.0 361.5960693359375
v 986.4039306640625 -536.0 361.5960693359375
v 986.4039306640625 -536.0 185.5960693359375
v 986.4039306640625 -536.0 361.5960693359375
v 986.4039306640625 -540.0 361.5960693359375
v 986.4039306640625 -540.0 185.5960693359375
v 922.4039306640625 -536.0 361.5960693359375
v 922.4039306640625 -536.0 185.5960693359375
v 922.4039306640625 -540.0 185.5960693359375
v 922.4039306640625 -540.0 361.5960693359375
v -764.0 384.0 -712.0
v -764.0 -608.0 -712.0
v -780.0 -608.0 -712.0
v -780.0 384.0 -712.0
v -764.0 -608.0 -696.0
v -764.0 384.0 -696.0
v -780.0 384.0 -696.0
v -780.0 -608.0 -696.0
v -764.0 -608.0 -696.0
v -780.0 -608.0 -696.0
v -780.0 -608.0 -712.0
v -764.0 -608.0 -712.0
v -780.0 384.0 -696.0
v -764.0 384.0 -696.0
v -764.0 384.0 -712.0
v -780.0 384.0 -712.0
v -780.0 384.0 -696.0
v -780.0 384.0 -712.0
v -780.0 -608.0 -712.0
v -780.0 -608.0 -696.0
v -764.0 384.0 -712.0
v -764.0 384.0 -696.0
v -764.0 -608.0 -696.0
v -764.0 -608.0 -712.0
v -776.0 144.0 -144.0
v -776.0 4.0 -144.0
v -768.0 4.0 -144.0
v -768.0 144.0 -144.0
v -776.0 4.0 -152.0
v -776.0 144.0 -152.0
v -768.0 144.0 -152.0
v -768.0 4.0 -152.0
v -776.0 4.0 -152.0
v -768.0 4.0 -152.0
v -768.0 4.0 -144.0
v -776.0 4.0 -144.0
v -768.0 144.0 -152.0
v -776.0 144.0 -152.0
v -776.0 144.0 -144.0
v -768.0 144.0 -144.0
v -768.0 144.0 -152.0
v -768.0 144.0 -144.0
v -768.0 4.0 -144.0
v -768.0 4.0 -152.0
v -776.0 144.0 -144.0
v -776.0 144.0 -152.0
v -776.0 4.0 -152.0
v -776.0 4.0 -144.0
v -776.0 144.0 -88.0
v -776.0 4.0 -88.0
v -768.0 4.0 -88.0
v -768.0 144.0 -88.0
v -776.0 4.0 -96.0
v -776.0 144.0 -96.0
v -768.0 144.0 -96.0
v -768.0 4.0 -96.0
v -776.0 4.0 -96.0
v -768.0 4.0 -96.0
v -768.0 4.0 -88.0
v -776.0 4.0 -88.0
v -768.0 144.0 -96.0
v -776.0 144.0 -96.0
v -776.0 144.0 -88.0
v -768.0 144.0 -88.0
v -768.0 144.0 -96.0
v -768.0 144.0 -88.0
v -768.0 4.0 -88.0
v -768.0 4.0 -96.0
v -776.0 144.0 -88.0
v -776.0 144.0 -96.0
v -776.0 4.0 -96.0
v -776.0 4.0 -88.0
v -776.0 144.0 -32.0
v -776.0 4.0 -32.0
v -768.0 4.0 -32.0
v -768.0 144.0 -32.0
v -776.0 4.0 -40.0
v -776.0 144.0 -40.0
v -768.0 144.0 -40.0
v -768.0 4.0 -40.0
v -776.0 4.0 -40.0
v -768.0 4.0 -40.0
v -768.0 4.0 -32.0
v -776.0 4.0 -32.0
v -768.0 144.0 -40.0
v -776.0 144.0 -40.0
v -776.0 144.0 -32.0
v -768.0 144.0 -32.0
v -768.0 144.0 -40.0
v -768.0 144.0 -32.0
v -768.0 4.0 -32.0
v -768.0 4.0 -40.0
v -776.0 144.0 -32.0
v -776.0 144.0 -40.0
v -776.0 4.0 -40.0
v -776.0 4.0 -32.0
v -776.0 144.0 24.0
v -776.0 4.0 24.0
v -768.0 4.0 24.0
v -768.0 144.0 24.0
v -776.0 4.0 16.0
v -776.0 144.0 16.0
v -768.0 144.0 16.0
v -768.0 4.0 16.0
v -776.0 4.0 16.0
v -768.0 4.0 16.0
v -768.0 4.0 24.0
v -776.0 4.0 24.0
v -768.0 144.0 16.0
v -776.0 144.0 16.0
v -776.0 144.0 24.0
v -768.0 144.0 24.0
v -768.0 144.0 16.0
v -768.0 144.0 24.0
v -768.0 4.0 24.0
v -768.0 4.0 16.0
v -776.0 144.0 24.0
v -776.0 144.0 16.0
v -776.0 4.0 16.0
v -776.0 4.0 24.0
v -776.0 144.0 80.0
v -776.0 4.0 80.0
v -768.0 4.0 80.0
v -768.0 144.0 80.0
v -776.0 4.0 72.0
v -776.0 144.0 72.0
v -768.0 144.0 72.0
v -768.0 4.0 72.0
v -776.0 4.0 72.0
v -768.0 4.0 72.0
v -768.0 4.0 80.0
v -776.0 4.0 80.0
v -768.0 144.0 72.0
v -776.0 144.0 72.0
v -776.0 144.0 80.0
v -768.0 144.0 80.0
v -768.0 144.0 72.0
v -768.0 144.0 80.0
v -768.0 4.0 80.0
v -768.0 4.0 72.0
v -776.0 144.0 80.0
v -776.0 144.0 72.0
v -776.0 4.0 72.0
v -776.0 4.0 80.0
v -776.0 144.0 136.0
v -776.0 4.0 136.0
v -768.0 4.0 136.0
v -768.0 144.0 136.0
v -776.0 4.0 128.0
v -776.0 144.0 128.0
v -768.0 144.0 128.0
v -768.0 4.0 128.0
v -776.0 4.0 128.0
v -768.0 4.0 128.0
v -768.0 4.0 136.0
v -776.0 4.0 136.0
v -768.0 144.0 128.0
v -776.0 144.0 128.0
v -776.0 144.0 136.0
v -768.0 144.0 136.0
v -768.0 144.0 128.0
v -768.0 144.0 136.0
v -768.0 4.0 136.0
v -768.0 4.0 128.0
v -776.0 144.0 136.0
v -776.0 144.0 128.0
v -776.0 4.0 128.0
v -776.0 4.0 136.0
v -776.0 144.0 -256.0
v -776.0 4.0 -256.0
v -768.0 4.0 -256.0
v -768.0 144.0 -256.0
v -776.0 4.0 -264.0
v -776.0 144.0 -264.0
v -768.0 144.0 -264.0
v -768.0 4.0 -264.0
v -776.0 4.0 -264.0
v -768.0 4.0 -264.0
v -768.0 4.0 -256.0
v -776.0 4.0 -256.0
v -768.0 144.0 -264.0
v -776.0 144.0 -264.0
v -776.0 144.0 -256.0
v -768.0 144.0 -256.0
v -768.0 144.0 -264.0
v -768.0 144.0 -256.0
v -768.0 4.0 -256.0
v -768.0 4.0 -264.0
v -776.0 144.0 -256.0
v -776.0 144.0 -264.0
v -776.0 4.0 -264.0
v -776.0 4.0 -256.0
v -776.0 144.0 -200.0
v -776.0 4.0 -200.0
v -768.0 4.0 -200.0
v -768.0 144.0 -200.0
v -776.0 4.0 -208.0
v -776.0 144.0 -208.0
v -768.0 144.0 -208.0
v -768.0 4.0 -208.0
v -776.0 4.0 -208.0
v -768.0 4.0 -208.0
v -768.0 4.0 -200.0
v -776.0 4.0 -200.0
v -768.0 144.0 -208.0
v -776.0 144.0 -208.0
v -776.0 144.0 -200.0
v -768.0 144.0 -200.0
v -768.0 144.0 -208.0
v -768.0 144.0 -200.0
v -768.0 4.0 -200.0
v -768.0 4.0 -208.0
v -776.0 144.0 -200.0
v -776.0 144.0 -208.0
v -776.0 4.0 -208.0
v -776.0 4.0 -200.0
v -776.0 144.0 -144.0
v -776.0 4.0 -144.0
v -768.0 4.0 -144.0
v -768.0 144.0 -144.0
v -776.0 4.0 -152.0
v -776.0 144.0 -152.0
v -768.0 144.0 -152.0
v -768.0 4.0 -152.0
v -776.0 4.0 -152.0
v -768.0 4.0 -152.0
v -768.0 4.0 -144.0
v -776.0 4.0 -144.0
v -768.0 144.0 -152.0
v -776.0 144.0 -152.0
v -776.0 144.0 -144.0
v -768.0 144.0 -144.0
v -768.0 144.0 -152.0
v -768.0 144.0 -144.0
v -768.0 4.0 -144.0
v -768.0 4.0 -152.0
v -776.0 144.0 -144.0
v -776.0 144.0 -152.0
v -776.0 4.0 -152.0
v -776.0 4.0 -144.0
v -776.0 144.0 -368.0
v -776.0 4.0 -368.0
v -768.0 4.0 -368.0
v -768.0 144.0 -368.0
v -776.0 4.0 -376.0
v -776.0 144.0 -376.0
v -768.0 144.0 -376.0
v -768.0 4.0 -376.0
v -776.0 4.0 -376.0
v -768.0 4.0 -376.0
v -768.0 4.0 -368.0
v -776.0 4.0 -368.0
v -768.0 144.0 -376.0
v -776.0 144.0 -376.0
v -776.0 144.0 -368.0
v -768.0 144.0 -368.0
v -768.0 144.0 -376.0
v -768.0 144.0 -368.0
v -768.0 4.0 -368.0
v -768.0 4.0 -376.0
v -776.0 144.0 -368.0
v -776.0 144.0 -376.0
v -776.0 4.0 -376.0
v -776.0 4.0 -368.0
v -776.0 144.0 -312.0
v -776.0 4.0 -312.0
v -768.0 4.0 -312.0
v -768.0 144.0 -312.0
v -776.0 4.0 -320.0
v -776.0 144.0 -320.0
v -768.0 144.0 -320.0
v -768.0 4.0 -320.0
v -776.0 4.0 -320.0
v -768.0 4.0 -320.0
v -768.0 4.0 -312.0
v -776.0 4.0 -312.0
v -768.0 144.0 -320.0
v -776.0 144.0 -320.0
v -776.0 144.0 -312.0
v -768.0 144.0 -312.0
v -768.0 144.0 -320.0
v -768.0 144.0 -312.0
v -768.0 4.0 -312.0
v -768.0 4.0 -320.0
v -776.0 144.0 -312.0
v -776.0 144.0 -320.0
v -776.0 4.0 -320.0
v -776.0 4.0 -312.0
v -776.0 144.0 -648.0
v -776.0 4.0 -648.0
v -768.0 4.0 -648.0
v -768.0 144.0 -648.0
v -776.0 4.0 -656.0
v -776.0 144.0 -656.0
v -768.0 144.0 -656.0
v -768.0 4.0 -656.0
v -776.0 4.0 -656.0
v -768.0 4.0 -656.0
v -768.0 4.0 -648.0
v -776.0 4.0 -648.0
v -768.0 144.0 -656.0
v -776.0 144.0 -656.0
v -776.0 144.0 -648.0
v -768.0 144.0 -648.0
v -768.0 144.0 -656.0
v -768.0 144.0 -648.0
v -768.0 4.0 -648.0
v -768.0 4.0 -656.0
v -776.0 144.0 -648.0
v -776.0 144.0 -656.0
v -776.0 4.0 -656.0
v -776.0 4.0 -648.0
v -776.0 144.0 -592.0
v -776.0 4.0 -592.0
v -768.0 4.0 -592.0
v -768.0 144.0 -592.0
v -776.0 4.0 -600.0
v -776.0 144.0 -600.0
v -768.0 144.0 -600.0
v -768.0 4.0 -600.0
v -776.0 4.0 -600.0
v -768.0 4.0 -600.0
v -768.0 4.0 -592.0
v -776.0 4.0 -592.0
v -768.0 144.0 -600.0
v -776.0 144.0 -600.0
v -776.0 144.0 -592.0
v -768.0 144.0 -592.0
v -768.0 144.0 -600.0
v -768.0 144.0 -592.0
v -768.0 4.0 -592.0
v -768.0 4.0 -600.0
v -776.0 144.0 -592.0
v -776.0 144.0 -600.0
v -776.0 4.0 -600.0
v -776.0 4.0 -592.0
v -776.0 144.0 -536.0
v -776.0 4.0 -536.0
v -768.0 4.0 -536.0
v -768.0 144.0 -536.0
v -776.0 4.0 -544.0
v -776.0 144.0 -544.0
v -768.0 144.0 -544.0
v -768.0 4.0 -544.0
v -776.0 4.0 -544.0
v -768.0 4.0 -544.0
v -768.0 4.0 -536.0
v -776.0 4.0 -536.0
v -768.0 144.0 -544.0
v -776.0 144.0 -544.0
v -776.0 144.0 -536.0
v -768.0 144.0 -536.0
v -768.0 144.0 -544.0
v -768.0 144.0 -536.0
v -768.0 4.0 -536.0
v -768.0 4.0 -544.0
v -776.0 144.0 -536.0
v -776.0 144.0 -544.0
v -776.0 4.0 -544.0
v -776.0 4.0 -536.0
v -776.0 144.0 -480.0
v -776.0 4.0 -480.0
v -768.0 4.0 -480.0
v -768.0 144.0 -480.0
v -776.0 4.0 -488.0
v -776.0 144.0 -488.0
v -768.0 144.0 -488.0
v -768.0 4.0 -488.0
v -776.0 4.0 -488.0
v -768.0 4.0 -488.0
v -768.0 4.0 -480.0
v -776.0 4.0 -480.0
v -768.0 144.0 -488.0
v -776.0 144.0 -488.0
v -776.0 144.0 -480.0
v -768.0 144.0 -480.0
v -768.0 144.0 -488.0
v -768.0 144.0 -480.0
v -768.0 4.0 -480.0
v -768.0 4.0 -488.0
v -776.0 144.0 -480.0
v -776.0 144.0 -488.0
v -776.0 4.0 -488.0
v -776.0 4.0 -480.0
v -776.0 144.0 -424.0
v -776.0 4.0 -424.0
v -768.0 4.0 -424.0
v -768.0 144.0 -424.0
v -776.0 4.0 -432.0
v -776.0 144.0 -432.0
v -768.0 144.0 -432.0
v -768.0 4.0 -432.0
v -776.0 4.0 -432.0
v -768.0 4.0 -432.0
v -768.0 4.0 -424.0
v -776.0 4.0 -424.0
v -768.0 144.0 -432.0
v -776.0 144.0 -432.0
v -776.0 144.0 -424.0
v -768.0 144.0 -424.0
v -768.0 144.0 -432.0
v -768.0 144.0 -424.0
v -768.0 4.0 -424.0
v -768.0 4.0 -432.0
v -776.0 144.0 -424.0
v -776.0 144.0 -432.0
v -776.0 4.0 -432.0
v -776.0 4.0 -424.0
v -776.0 144.0 -368.0
v -776.0 4.0 -368.0
v -768.0 4.0 -368.0
v -768.0 144.0 -368.0
v -776.0 4.0 -376.0
v -776.0 144.0 -376.0
v -768.0 144.0 -376.0
v -768.0 4.0 -376.0
v -776.0 4.0 -376.0
v -768.0 4.0 -376.0
v -768.0 4.0 -368.0
v -776.0 4.0 -368.0
v -768.0 144.0 -376.0
v -776.0 144.0 -376.0
v -776.0 144.0 -368.0
v -768.0 144.0 -368.0
v -768.0 144.0 -376.0
v -768.0 144.0 -368.0
v -768.0 4.0 -368.0
v -768.0 4.0 -376.0
v -776.0 144.0 -368.0
v -776.0 144.0 -376.0
v -776.0 4.0 -376.0
v -776.0 4.0 -368.0
v -776.0 144.0 -648.0
v -776.0 4.0 -648.0
v -768.0 4.0 -648.0
v -768.0 144.0 -648.0
v -776.0 4.0 -656.0
v -776.0 144.0 -656.0
v -768.0 144.0 -656.0
v -768.0 4.0 -656.0
v -776.0 4.0 -656.0
v -768.0 4.0 -656.0
v -768.0 4.0 -648.0
v -776.0 4.0 -648.0
v -768.0 144.0 -656.0
v -776.0 144.0 -656.0
v -776.0 144.0 -648.0
v -768.0 144.0 -648.0
v -768.0 144.0 -656.0
v -768.0 144.0 -648.0
v -768.0 4.0 -648.0
v -768.0 4.0 -656.0
v -776.0 144.0 -648.0
v -776.0 144.0 -656.0
v -776.0 4.0 -656.0
v -776.0 4.0 -648.0
v -488.0 144.0 -700.0
v -488.0 4.0 -700.0
v -488.0 4.0 -708.0
v -488.0 144.0 -708.0
v -496.0 4.0 -700.0
v -496.0 144.0 -700.0
v -496.0 144.0 -708.0
v -496.0 4.0 -708.0
v -496.0 4.0 -700.0
v -496.0 4.0 -708.0
v -488.0 4.0 -708.0
v -488.0 4.0 -700.0
v -496.0 144.0 -708.0
v -496.0 144.0 -700.0
v -488.0 144.0 -700.0
v -488.0 144.0 -708.0
v -496.0 144.0 -708.0
v -488.0 144.0 -708.0
v -488.0 4.0 -708.0
v -496.0 4.0 -708.0
v -488.0 144.0 -700.0
v -496.0 144.0 -700.0
v -496.0 4.0 -700.0
v -488.0 4.0 -700.0
v -432.0 144.0 -700.0
v -432.0 4.0 -700.0
v -432.0 4.0 -708.0
v -432.0 144.0 -708.0
v -440.0 4.0 -700.0
v -440.0 144.0 -700.0
v -440.0 144.0 -708.0
v -440.0 4.0 -708.0
v -440.0 4.0 -700.0
v -440.0 4.0 -708.0
v -432.0 4.0 -708.0
v -432.0 4.0 -700.0
v -440.0 144.0 -708.0
v -440.0 144.0 -700.0
v -432.0 144.0 -700.0
v -432.0 144.0 -708.0
v -440.0 144.0 -708.0
v -432.0 144.0 -708.0
v -432.0 4.0 -708.0
v -440.0 4.0 -708.0
v -432.0 144.0 -700.0
v -440.0 144.0 -700.0
v -440.0 4.0 -700.0
v -432.0 4.0 -700.0
v -376.0 144.0 -700.0
v -376.0 4.0 -700.0
v -376.0 4.0 -708.0
v -376.0 144.0 -708.0
v -384.0 4.0 -700.0
v -384.0 144.0 -700.0
v -384.0 144.0 -708.0
v -384.0 4.0 -708.0
v -384.0 4.0 -700.0
v -384.0 4.0 -708.0
v -376.0 4.0 -708.0
v -376.0 4.0 -700.0
v -384.0 144.0 -708.0
v -384.0 144.0 -700.0
v -376.0 144.0 -700.0
v -376.0 144.0 -708.0
v -384.0 144.0 -708.0
v -376.0 144.0 -708.0
v -376.0 4.0 -708.0
v -384.0 4.0 -708.0
v -376.0 144.0 -700.0
v -384.0 144.0 -700.0
v -384.0 4.0 -700.0
v -376.0 4.0 -700.0
v -320.0 144.0 -700.0
v -320.0 4.0 -700.0
v -320.0 4.0 -708.0
v -320.0 144.0 -708.0
v -328.0 4.0 -700.0
v -328.0 144.0 -700.0
v -328.0 144.0 -708.0
v -328.0 4.0 -708.0
v -328.0 4.0 -700.0
v -328.0 4.0 -708.0
v -320.0 4.0 -708.0
v -320.0 4.0 -700.0
v -328.0 144.0 -708.0
v -328.0 144.0 -700.0
v -320.0 144.0 -700.0
v -320.0 144.0 -708.0
v -328.0 144.0 -708.0
v -320.0 144.0 -708.0
v -320.0 4.0 -708.0
v -328.0 4.0 -708.0
v -320.0 144.0 -700.0
v -328.0 144.0 -700.0
v -328.0 4.0 -700.0
v -320.0 4.0 -700.0
v -263.9999694824219 144.0 -700.0
v -263.9999694824219 4.0 -700.0
v -263.9999694824219 4.0 -708.0
v -263.9999694824219 144.0 -708.0
v -271.9999694824219 4.0 -700.0
v -271.9999694824219 144.0 -700.0
v -271.9999694824219 144.0 -708.0
v -271.9999694824219 4.0 -708.0
v -271.9999694824219 4.0 -700.0
v -271.9999694824219 4.0 -708.0
v -263.9999694824219 4.0 -708.0
v -263.9999694824219 4.0 -700.0
v -271.9999694824219 144.0 -708.0
v -271.9999694824219 144.0 -700.0
v -263.9999694824219 144.0 -700.0
v -263.9999694824219 144.0 -708.0
v -271.9999694824219 144.0 -708.0
v -263.9999694824219 144.0 -708.0
v -263.9999694824219 4.0 -708.0
v -271.9999694824219 4.0 -708.0
v -263.9999694824219 144.0 -700.0
v -271.9999694824219 144.0 -700.0
v -271.9999694824219 4.0 -700.0
v -263.9999694824219 4.0 -700.0
v -208.0 144.0 -700.0
v -208.0 4.0 -700.0
v -208.0 4.0 -708.0
v -208.0 144.0 -708.0
v -216.0 4.0 -700.0
v -216.0 144.0 -700.0
v -216.0 144.0 -708.0
v -216.0 4.0 -708.0
v -216.0 4.0 -700.0
v -216.0 4.0 -708.0
v -208.0 4.0 -708.0
v -208.0 4.0 -700.0
v -216.0 144.0 -708.0
v -216.0 144.0 -700.0
v -208.0 144.0 -700.0
v -208.0 144.0 -708.0
v -216.0 144.0 -708.0
v -208.0 144.0 -708.0
v -208.0 4.0 -708.0
v -216.0 4.0 -708.0
v -208.0 144.0 -700.0
v -216.0 144.0 -700.0
v -216.0 4.0 -700.0
v -208.0 4.0 -700.0
v -600.0 144.0 -700.0
v -600.0 4.0 -700.0
v -600.0 4.0 -708.0
v -600.0 144.0 -708.0
v -608.0 4.0 -700.0
v -608.0 144.0 -700.0
v -608.0 144.0 -708.0
v -608.0 4.0 -708.0
v -608.0 4.0 -700.0
v -608.0 4.0 -708.0
v -600.0 4.0 -708.0
v -600.0 4.0 -700.0
v -608.0 144.0 -708.0
v -608.0 144.0 -700.0
v -600.0 144.0 -700.0
v -600.0 144.0 -708.0
v -608.0 144.0 -708.0
v -600.0 144.0 -708.0
v -600.0 4.0 -708.0
v -608.0 4.0 -708.0
v -600.0 144.0 -700.0
v -608.0 144.0 -700.0
v -608.0 4.0 -700.0
v -600.0 4.0 -700.0
v -544.0 144.0 -700.0
v -544.0 4.0 -700.0
v -544.0 4.0 -708.0
v -544.0 144.0 -708.0
v -552.0 4.0 -700.0
v -552.0 144.0 -700.0
v -552.0 144.0 -708.0
v -552.0 4.0 -708.0
v -552.0 4.0 -700.0
v -552.0 4.0 -708.0
v -544.0 4.0 -708.0
v -544.0 4.0 -700.0
v -552.0 144.0 -708.0
v -552.0 144.0 -700.0
v -544.0 144.0 -700.0
v -544.0 144.0 -708.0
v -552.0 144.0 -708.0
v -544.0 144.0 -708.0
v -544.0 4.0 -708.0
v -552.0 4.0 -708.0
v -544.0 144.0 -700.0
v -552.0 144.0 -700.0
v -552.0 4.0 -700.0
v -544.0 4.0 -700.0
v -488.0 144.0 -700.0
v -488.0 4.0 -700.0
v -488.0 4.0 -708.0
v -488.0 144.0 -708.0
v -496.0 4.0 -700.0
v -496.0 144.0 -700.0
v -496.0 144.0 -708.0
v -496.0 4.0 -708.0
v -496.0 4.0 -700.0
v -496.0 4.0 -708.0
v -488.0 4.0 -708.0
v -488.0 4.0 -700.0
v -496.0 144.0 -708.0
v -496.0 144.0 -700.0
v -488.0 144.0 -700.0
v -488.0 144.0 -708.0
v -496.0 144.0 -708.0
v -488.0 144.0 -708.0
v -488.0 4.0 -708.0
v -496.0 4.0 -708.0
v -488.0 144.0 -700.0
v -496.0 144.0 -700.0
v -496.0 4.0 -700.0
v -488.0 4.0 -700.0
v -712.0 144.0 -700.0
v -712.0 4.0 -700.0
v -712.0 4.0 -708.0
v -712.0 144.0 -708.0
v -720.0 4.0 -700.0
v -720.0 144.0 -700.0
v -720.0 144.0 -708.0
v -720.0 4.0 -708.0
v -720.0 4.0 -700.0
v -720.0 4.0 -708.0
v -712.0 4.0 -708.0
v -712.0 4.0 -700.0
v -720.0 144.0 -708.0
v -720.0 144.0 -700.0
v -712.0 144.0 -700.0
v -712.0 144.0 -708.0
v -720.0 144.0 -708.0
v -712.0 144.0 -708.0
v -712.0 4.0 -708.0
v -720.0 4.0 -708.0
v -712.0 144.0 -700.0
v -720.0 144.0 -700.0
v -720.0 4.0 -700.0
v -712.0 4.0 -700.0
v -656.0 144.0 -700.0
v -656.0 4.0 -700.0
v -656.0 4.0 -708.0
v -656.0 144.0 -708.0
v -664.0 4.0 -700.0
v -664.0 144.0 -700.0
v -664.0 144.0 -708.0
v -664.0 4.0 -708.0
v -664.0 4.0 -700.0
v -664.0 4.0 -708.0
v -656.0 4.0 -708.0
v -656.0 4.0 -700.0
v -664.0 144.0 -708.0
v -664.0 144.0 -700.0
v -656.0 144.0 -700.0
v -656.0 144.0 -708.0
v -664.0 144.0 -708.0
v -656.0 144.0 -708.0
v -656.0 4.0 -708.0
v -664.0 4.0 -708.0
v -656.0 144.0 -700.0
v -664.0 144.0 -700.0
v -664.0 4.0 -700.0
v -656.0 4.0 -700.0
v 72.0 144.0 -700.0
v 72.0 4.0 -700.0
v 72.0 4.0 -708.0
v 72.0 144.0 -708.0
v 64.0 4.0 -700.0
v 64.0 144.0 -700.0
v 64.0 144.0 -708.0
v 64.0 4.0 -708.0
v 64.0 4.0 -700.0
v 64.0 4.0 -708.0
v 72.0 4.0 -708.0
v 72.0 4.0 -700.0
v 64.0 144.0 -708.0
v 64.0 144.0 -700.0
v 72.0 144.0 -700.0
v 72.0 144.0 -708.0
v 64.0 144.0 -708.0
v 72.0 144.0 -708.0
v 72.0 4.0 -708.0
v 64.0 4.0 -708.0
v 72.0 144.0 -700.0
v 64.0 144.0 -700.0
v 64.0 4.0 -700.0
v 72.0 4.0 -700.0
v 128.0 144.0 -700.0
v 128.0 4.0 -700.0
v 128.0 4.0 -708.0
v 128.0 144.0 -708.0
v 120.0 4.0 -700.0
v 120.0 144.0 -700.0
v 120.0 144.0 -708.0
v 120.0 4.0 -708.0
v 120.0 4.0 -700.0
v 120.0 4.0 -708.0
v 128.0 4.0 -708.0
v 128.0 4.0 -700.0
v 120.0 144.0 -708.0
v 120.0 144.0 -700.0
v 128.0 144.0 -700.0
v 128.0 144.0 -708.0
v 120.0 144.0 -708.0
v 128.0 144.0 -708.0
v 128.0 4.0 -708.0
v 120.0 4.0 -708.0
v 128.0 144.0 -700.0
v 120.0 144.0 -700.0
v 120.0 4.0 -700.0
v 128.0 4.0 -700.0
v -40.0 144.0 -700.0
v -40.0 4.0 -700.0
v -40.0 4.0 -708.0
v -40.0 144.0 -708.0
v -48.0 4.0 -700.0
v -48.0 144.0 -700.0
v -48.0 144.0 -708.0
v -48.0 4.0 -708.0
v -48.0 4.0 -700.0
v -48.0 4.0 -708.0
v -40.0 4.0 -708.0
v -40.0 4.0 -700.0
v -48.0 144.0 -708.0
v -48.0 144.0 -700.0
v -40.0 144.0 -700.0
v -40.0 144.0 -708.0
v -48.0 144.0 -708.0
v -40.0 144.0 -708.0
v -40.0 4.0 -708.0
v -48.0 4.0 -708.0
v -40.0 144.0 -700.0
v -48.0 144.0 -700.0
v -48.0 4.0 -700.0
v -40.0 4.0 -700.0
v 16.0 144.0 -700.0
v 16.0 4.0 -700.0
v 16.0 4.0 -708.0
v 16.0 144.0 -708.0
v 8.0 4.0 -700.0
v 8.0 144.0 -700.0
v 8.0 144.0 -708.0
v 8.0 4.0 -708.0
v 8.0 4.0 -700.0
v 8.0 4.0 -708.0
v 16.0 4.0 -708.0
v 16.0 4.0 -700.0
v 8.0 144.0 -708.0
v 8.0 144.0 -700.0
v 16.0 144.0 -700.0
v 16.0 144.0 -708.0
v 8.0 144.0 -708.0
v 16.0 144.0 -708.0
v 16.0 4.0 -708.0
v 8.0 4.0 -708.0
v 16.0 144.0 -700.0
v 8.0 144.0 -700.0
v 8.0 4.0 -700.0
v 16.0 4.0 -700.0
v 72.0 144.0 -700.0
v 72.0 4.0 -700.0
v 72.0 4.0 -708.0
v 72.0 144.0 -708.0
v 64.0 4.0 -700.0
v 64.0 144.0 -700.0
v 64.0 144.0 -708.0
v 64.0 4.0 -708.0
v 64.0 4.0 -700.0
v 64.0 4.0 -708.0
v 72.0 4.0 -708.0
v 72.0 4.0 -700.0
v 64.0 144.0 -708.0
v 64.0 144.0 -700.0
v 72.0 144.0 -700.0
v 72.0 144.0 -708.0
v 64.0 144.0 -708.0
v 72.0 144.0 -708.0
v 72.0 4.0 -708.0
v 64.0 4.0 -708.0
v 72.0 144.0 -700.0
v 64.0 144.0 -700.0
v 64.0 4.0 -700.0
v 72.0 4.0 -700.0
v -152.0 144.0 -700.0
v -152.0 4.0 -700.0
v -152.0 4.0 -708.0
v -152.0 144.0 -708.0
v -160.0 4.0 -700.0
v -160.0 144.0 -700.0
v -160.0 144.0 -708.0
v -160.0 4.0 -708.0
v -160.0 4.0 -700.0
v -160.0 4.0 -708.0
v -152.0 4.0 -708.0
v -152.0 4.0 -700.0
v -160.0 144.0 -708.0
v -160.0 144.0 -700.0
v -152.0 144.0 -700.0
v -152.0 144.0 -708.0
v -160.0 144.0 -708.0
v -152.0 144.0 -708.0
v -152.0 4.0 -708.0
v -160.0 4.0 -708.0
v -152.0 144.0 -700.0
v -160.0 144.0 -700.0
v -160.0 4.0 -700.0
v -152.0 4.0 -700.0
v -96.0 144.0 -700.0
v -96.0 4.0 -700.0
v -96.0 4.0 -708.0
v -96.0 144.0 -708.0
v -104.0 4.0 -700.0
v -104.0 144.0 -700.0
v -104.0 144.0 -708.0
v -104.0 4.0 -708.0
v -104.0 4.0 -700.0
v -104.0 4.0 -708.0
v -96.0 4.0 -708.0
v -96.0 4.0 -700.0
v -104.0 144.0 -708.0
v -104.0 144.0 -700.0
v -96.0 144.0 -700.0
v -96.0 144.0 -708.0
v -104.0 144.0 -708.0
v -96.0 144.0 -708.0
v -96.0 4.0 -708.0
v -104.0 4.0 -708.0
v -96.0 144.0 -700.0
v -104.0 144.0 -700.0
v -104.0 4.0 -700.0
v -96.0 4.0 -700.0
v 176.0 384.0 -712.0
v 176.0 -608.0 -712.0
v 160.0 -608.0 -712.0
v 160.0 384.0 -712.0
v 176.0 -608.0 -696.0
v 176.0 384.0 -696.0
v 160.0 384.0 -696.0
v 160.0 -608.0 -696.0
v 176.0 -608.0 -696.0
v 160.0 -608.0 -696.0
v 160.0 -608.0 -712.0
v 176.0 -608.0 -712.0
v 160.0 384.0 -696.0
v 176.0 384.0 -696.0
v 176.0 384.0 -712.0
v 160.0 384.0 -712.0
v 160.0 384.0 -696.0
v 160.0 384.0 -712.0
v 160.0 -608.0 -712.0
v 160.0 -608.0 -696.0
v 176.0 384.0 -712.0
v 176.0 384.0 -696.0
v 176.0 -608.0 -696.0
v 176.0 -608.0 -712.0
v -764.0 152.0 -712.0
v -764.0 144.0 -712.0
v -764.0 144.0 -696.0
v -764.0 152.0 -696.0
v 160.0 144.0 -712.0
v 160.0 152.0 -712.0
v 160.0 152.0 -696.0
v 160.0 144.0 -696.0
v 160.0 144.0 -712.0
v 160.0 144.0 -696.0
v -764.0 144.0 -696.0
v -764.0 144.0 -712.0
v 160.0 152.0 -696.0
v 160.0 152.0 -712.0
v -764.0 152.0 -712.0
v -764.0 152.0 -696.0
v 160.0 152.0 -696.0
v -764.0 152.0 -696.0
v -764.0 144.0 -696.0
v 160.0 144.0 -696.0
v -764.0 152.0 -712.0
v 160.0 152.0 -712.0
v 160.0 144.0 -712.0
v -764.0 144.0 -712.0
v -764.0 72.0 -706.0
v -764.0 16.000001907348633 -706.0
v -764.0 16.000001907348633 -702.0
v -764.0 72.0 -702.0
v 160.0 16.000001907348633 -706.0
v 160.0 72.0 -706.0
v 160.0 72.0 -702.0
v 160.0 16.000001907348633 -702.0
v 160.0 16.000001907348633 -706.0
v 160.0 16.000001907348633 -702.0
v -764.0 16.000001907348633 -702.0
v -764.0 16.000001907348633 -706.0
v 160.0 72.0 -702.0
v 160.0 72.0 -706.0
v -764.0 72.0 -706.0
v -764.0 72.0 -702.0
v 160.0 72.0 -702.0
v -764.0 72.0 -702.0
v -764.0 16.000001907348633 -702.0
v 160.0 16.000001907348633 -702.0
v -764.0 72.0 -706.0
v 160.0 72.0 -706.0
v 160.0 16.000001907348633 -706.0
v -764.0 16.000001907348633 -706.0
v -764.0 3.999999523162842 -712.0
v -764.0 -12.0 -712.0
v -764.0 -12.0 -696.0
v -764.0 3.999999523162842 -696.0
v 160.00003051757812 -12.0 -712.0
v 160.00003051757812 3.999999523162842 -712.0
v 160.00003051757812 3.999999523162842 -696.0
v 160.00003051757812 -12.0 -696.0
v 160.00003051757812 -12.0 -712.0
v 160.00003051757812 -12.0 -696.0
v -764.0 -12.0 -696.0
v -764.0 -12.0 -712.0
v 160.00003051757812 3.999999523162842 -696.0
v 160.00003051757812 3.999999523162842 -712.0
v -764.0 3.999999523162842 -712.0
v -764.0 3.999999523162842 -696.0
v 160.00003051757812 3.999999523162842 -696.0
v -764.0 3.999999523162842 -696.0
v -764.0 -12.0 -696.0
v 160.00003051757812 -12.0 -696.0
v -764.0 3.999999523162842 -712.0
v 160.00003051757812 3.999999523162842 -712.0
v 160.00003051757812 -12.0 -712.0
v -764.0 -12.0 -712.0
v 502.76080322265625 -237.72360229492188 985.5
v 502.76080322265625 -384.021728515625 985.5
v 502.76080322265625 -384.021728515625 833.5
v 502.76080322265625 -237.72360229492188 833.5
v 448.49993896484375 -384.021728515625 985.5
v 448.49993896484375 -237.72372436523438 985.5
v 448.49993896484375 -237.72372436523438 833.5
v 448.49993896484375 -384.021728515625 833.5
v 448.49993896484375 -384.021728515625 985.5
v 448.49993896484375 -384.021728515625 833.5
v 502.76080322265625 -384.021728515625 833.5
v 502.76080322265625 -384.021728515625 985.5
v 448.49993896484375 -237.72372436523438 833.5
v 448.49993896484375 -237.72372436523438 985.5
v 502.76080322265625 -237.72360229492188 985.5
v 502.76080322265625 -237.72360229492188 833.5
v 448.49993896484375 -237.72372436523438 833.5
v 502.76080322265625 -237.72360229492188 833.5
v 502.76080322265625 -384.021728515625 833.5
v 448.49993896484375 -384.021728515625 833.5
v 502.76080322265625 -237.72360229492188 985.5
v 448.49993896484375 -237.72372436523438 985.5
v 448.49993896484375 -384.021728515625 985.5
v 502.76080322265625 -384.021728515625 985.5
v 552.5000610351562 -256.0108947753906 985.5
v 552.5000610351562 -384.021728515625 985.5
v 552.5000610351562 -384.021728515625 833.5
v 552.5000610351562 -256.0108947753906 833.5
v 502.76080322265625 -384.021728515625 985.5
v 502.76080322265625 -237.72360229492188 985.5
v 502.76080322265625 -237.72360229492188 833.5
v 502.76080322265625 -384.021728515625 833.5
v 502.76080322265625 -384.021728515625 985.5
v 502.76080322265625 -384.021728515625 833.5
v 552.5000610351562 -384.021728515625 833.5
v 552.5000610351562 -384.021728515625 985.5
v 502.76080322265625 -237.72360229492188 833.5
v 502.76080322265625 -237.72360229492188 985.5
v 552.5000610351562 -256.0108947753906 985.5
v 552.5000610351562 -256.0108947753906 833.5
v 502.76080322265625 -237.72360229492188 833.5
v 552.5000610351562 -256.0108947753906 833.5
v 552.5000610351562 -384.021728515625 833.5
v 502.76080322265625 -384.021728515625 833.5
v 552.5000610351562 -256.0108947753906 985.5
v 502.76080322265625 -237.72360229492188 985.5
v 502.76080322265625 -384.021728515625 985.5
v 552.5000610351562 -384.021728515625 985.5
v 552.5 -384.0 985.5
v 552.5 -608.0 985.5
v 552.5 -608.0 833.5
v 552.5 -384.0 833.5
v 448.5 -608.0 985.5
v 448.5 -384.0 985.5
v 448.5 -384.0 833.5
v 448.5 -608.0 833.5
v 448.5 -608.0 985.5
v 448.5 -608.0 833.5
v 552.5 -608.0 833.5
v 552.5 -608.0 985.5
v 448.5 -384.0 833.5
v 448.5 -384.0 985.5
v 552.5 -384.0 985.5
v 552.5 -384.0 833.5
v 448.5 -384.0 833.5
v 552.5 -384.0 833.5
v 552.5 -608.0 833.5
v 448.5 -608.0 833.5
v 552.5 -384.0 985.5
v 448.5 -384.0 985.5
v 448.5 -608.0 985.5
v 552.5 -608.0 985.5
v 502.76080322265625 -237.72360229492188 825.5
v 502.76080322265625 -384.021728515625 825.5
v 502.76080322265625 -384.021728515625 673.5
v 502.76080322265625 -237.72360229492188 673.5
v 448.49993896484375 -384.021728515625 825.5
v 448.49993896484375 -237.72372436523438 825.5
v 448.49993896484375 -237.72372436523438 673.5
v 448.49993896484375 -384.021728515625 673.5
v 448.49993896484375 -384.021728515625 825.5
v 448.49993896484375 -384.021728515625 673.5
v 502.76080322265625 -384.021728515625 673.5
v 502.76080322265625 -384.021728515625 825.5
v 448.49993896484375 -237.72372436523438 673.5
v 448.49993896484375 -237.72372436523438 825.5
v 502.76080322265625 -237.72360229492188 825.5
v 502.76080322265625 -237.72360229492188 673.5
v 448.49993896484375 -237.72372436523438 673.5
v 502.76080322265625 -237.72360229492188 673.5
v 502.76080322265625 -384.021728515625 673.5
v 448.49993896484375 -384.021728515625 673.5
v 502.76080322265625 -237.72360229492188 825.5
v 448.49993896484375 -237.72372436523438 825.5
v 448.49993896484375 -384.021728515625 825.5
v 502.76080322265625 -384.021728515625 825.5
v 552.5000610351562 -256.0108947753906 825.5
v 552.5000610351562 -384.021728515625 825.5
v 552.5000610351562 -384.021728515625 673.5
v 552.5000610351562 -256.0108947753906 673.5
v 502.76080322265625 -384.021728515625 825.5
v 502.76080322265625 -237.72360229492188 825.5
v 502.76080322265625 -237.72360229492188 673.5
v 502.76080322265625 -384.021728515625 673.5
v 502.76080322265625 -384.021728515625 825.5
v 502.76080322265625 -384.021728515625 673.5
v 552.5000610351562 -384.021728515625 673.5
v 552.5000610351562 -384.021728515625 825.5
v 502.76080322265625 -237.72360229492188 673.5
v 502.76080322265625 -237.72360229492188 825.5
v 552.5000610351562 -256.0108947753906 825.5
v 552.5000610351562 -256.0108947753906 673.5
v 502.76080322265625 -237.72360229492188 673.5
v 552.5000610351562 -256.0108947753906 673.5
v 552.5000610351562 -384.021728515625 673.5
v 502.76080322265625 -384.021728515625 673.5
v 552.5000610351562 -256.0108947753906 825.5
v 502.76080322265625 -237.72360229492188 825.5
v 502.76080322265625 -384.021728515625 825.5
v 552.5000610351562 -384.021728515625 825.5
v 552.5 -384.0 825.5
v 552.5 -608.0 825.5
v 552.5 -608.0 673.5
v 552.5 -384.0 673.5
v 448.5 -608.0 825.5
v 448.5 -384.0 825.5
v 448.5 -384.0 673.5
v 448.5 -608.0 673.5
v 448.5 -608.0 825.5
v 448.5 -608.0 673.5
v 552.5 -608.0 673.5
v 552.5 -608.0 825.5
v 448.5 -384.0 673.5
v 448.5 -384.0 825.5
v 552.5 -384.0 825.5
v 552.5 -384.0 673.5
v 448.5 -384.0 673.5
v 552.5 -384.0 673.5
v 552.5 -608.0 673.5
v 448.5 -608.0 673.5
v 552.5 -384.0 825.5
v 448.5 -384.0 825.5
v 448.5 -608.0 825.5
v 552.5 -608.0 825.5
v 502.76080322265625 -237.72360229492188 665.5
v 502.76080322265625 -384.021728515625 665.5
v 502.76080322265625 -384.021728515625 513.5
v 502.76080322265625 -237.72360229492188 513.5
v 448.49993896484375 -384.021728515625 665.5
v 448.49993896484375 -237.72372436523438 665.5
v 448.49993896484375 -237.72372436523438 513.5
v 448.49993896484375 -384.021728515625 513.5
v 448.49993896484375 -384.021728515625 665.5
v 448.49993896484375 -384.021728515625 513.5
v 502.76080322265625 -384.021728515625 513.5
v 502.76080322265625 -384.021728515625 665.5
v 448.49993896484375 -237.72372436523438 513.5
v 448.49993896484375 -237.72372436523438 665.5
v 502.76080322265625 -237.72360229492188 665.5
v 502.76080322265625 -237.72360229492188 513.5
v 448.49993896484375 -237.72372436523438 513.5
v 502.76080322265625 -237.72360229492188 513.5
v 502.76080322265625 -384.021728515625 513.5
v 448.49993896484375 -384.021728515625 513.5
v 502.76080322265625 -237.72360229492188 665.5
v 448.49993896484375 -237.72372436523438 665.5
v 448.49993896484375 -384.021728515625 665.5
v 502.76080322265625 -384.021728515625 665.5
v 552.5000610351562 -256.0108947753906 665.5
v 552.5000610351562 -384.021728515625 665.5
v 552.5000610351562 -384.021728515625 513.5
v 552.5000610351562 -256.0108947753906 513.5
v 502.76080322265625 -384.021728515625 665.5
v 502.76080322265625 -237.72360229492188 665.5
v 502.76080322265625 -237.72360229492188 513.5
v 502.76080322265625 -384.021728515625 513.5
v 502.76080322265625 -384.021728515625 665.5
v 502.76080322265625 -384.021728515625 513.5
v 552.5000610351562 -384.021728515625 513.5
v 552.5000610351562 -384.021728515625 665.5
v 502.76080322265625 -237.72360229492188 513.5
v 502.76080322265625 -237.72360229492188 665.5
v 552.5000610351562 -256.0108947753906 665.5
v 552.5000610351562 -256.0108947753906 513.5
v 502.76080322265625 -237.72360229492188 513.5
v 552.5000610351562 -256.0108947753906 513.5
v 552.5000610351562 -384.021728515625 513.5
v 502.76080322265625 -384.021728515625 513.5
v 552.5000610351562 -256.0108947753906 665.5
v 502.76080322265625 -237.72360229492188 665.5
v 502.76080322265625 -384.021728515625 665.5
v 552.5000610351562 -384.021728515625 665.5
v 552.5 -384.0 665.5
v 552.5 -608.0 665.5
v 552.5 -608.0 513.5
v 552.5 -384.0 513.5
v 448.5 -608.0 665.5
v 448.5 -384.0 665.5
v 448.5 -384.0 513.5
v 448.5 -608.0 513.5
v 448.5 -608.0 665.5
v 448.5 -608.0 513.5
v 552.5 -608.0 513.5
v 552.5 -608.0 665.5
v 448.5 -384.0 513.5
v 448.5 -384.0 665.5
v 552.5 -384.0 665.5
v 552.5 -384.0 513.5
v 448.5 -384.0 513.5
v 552.5 -384.0 513.5
v 552.5 -608.0 513.5
v 448.5 -608.0 513.5
v 552.5 -384.0 665.5
v 448.5 -384.0 665.5
v 448.5 -608.0 665.5
v 552.5 -608.0 665.5
v 390.23919677734375 -237.72360229492188 513.5
v 390.23919677734375 -384.021728515625 513.5
v 390.23919677734375 -384.021728515625 665.5
v 390.23919677734375 -237.72360229492188 665.5
v 444.5 -384.021728515625 513.5
v 444.5 -237.72372436523438 513.5
v 444.50006103515625 -237.72372436523438 665.5
v 444.50006103515625 -384.021728515625 665.5
v 444.5 -384.021728515625 513.5
v 444.50006103515625 -384.021728515625 665.5
v 390.23919677734375 -384.021728515625 665.5
v 390.23919677734375 -384.021728515625 513.5
v 444.50006103515625 -237.72372436523438 665.5
v 444.5 -237.72372436523438 513.5
v 390.23919677734375 -237.72360229492188 513.5
v 390.23919677734375 -237.72360229492188 665.5
v 444.50006103515625 -237.72372436523438 665.5
v 390.23919677734375 -237.72360229492188 665.5
v 390.23919677734375 -384.021728515625 665.5
v 444.50006103515625 -384.021728515625 665.5
v 390.23919677734375 -237.72360229492188 513.5
v 444.5 -237.72372436523438 513.5
v 444.5 -384.021728515625 513.5
v 390.23919677734375 -384.021728515625 513.5
v 340.5 -256.0108947753906 513.5
v 340.5 -384.021728515625 513.5
v 340.50006103515625 -384.021728515625 665.5
v 340.50006103515625 -256.0108947753906 665.5
v 390.23919677734375 -384.021728515625 513.5
v 390.23919677734375 -237.72360229492188 513.5
v 390.23919677734375 -237.72360229492188 665.5
v 390.23919677734375 -384.021728515625 665.5
v 390.23919677734375 -384.021728515625 513.5
v 390.23919677734375 -384.021728515625 665.5
v 340.50006103515625 -384.021728515625 665.5
v 340.5 -384.021728515625 513.5
v 390.23919677734375 -237.72360229492188 665.5
v 390.23919677734375 -237.72360229492188 513.5
v 340.5 -256.0108947753906 513.5
v 340.50006103515625 -256.0108947753906 665.5
v 390.23919677734375 -237.72360229492188 665.5
v 340.50006103515625 -256.0108947753906 665.5
v 340.50006103515625 -384.021728515625 665.5
v 390.23919677734375 -384.021728515625 665.5
v 340.5 -256.0108947753906 513.5
v 390.23919677734375 -237.72360229492188 513.5
v 390.23919677734375 -384.021728515625 513.5
v 340.5 -384.021728515625 513.5
v 340.5 -384.0 513.5
v 340.5 -608.0 513.5
v 340.5 -608.0 665.5
v 340.5 -384.0 665.5
v 444.5 -608.0 513.5
v 444.5 -384.0 513.5
v 444.50006103515625 -384.0 665.5
v 444.50006103515625 -608.0 665.5
v 444.5 -608.0 513.5
v 444.50006103515625 -608.0 665.5
v 340.5 -608.0 665.5
v 340.5 -608.0 513.5
v 444.50006103515625 -384.0 665.5
v 444.5 -384.0 513.5
v 340.5 -384.0 513.5
v 340.5 -384.0 665.5
v 444.50006103515625 -384.0 665.5
v 340.5 -384.0 665.5
v 340.5 -608.0 665.5
v 444.50006103515625 -608.0 665.5
v 340.5 -384.0 513.5
v 444.5 -384.0 513.5
v 444.5 -608.0 513.5
v 340.5 -608.0 513.5
v 390.23919677734375 -237.72360229492188 673.5
v 390.23919677734375 -384.021728515625 673.5
v 390.23919677734375 -384.021728515625 825.5
v 390.23919677734375 -237.72360229492188 825.5
v 444.50006103515625 -384.021728515625 673.5
v 444.50006103515625 -237.72372436523438 673.5
v 444.50006103515625 -237.72372436523438 825.5
v 444.50006103515625 -384.021728515625 825.5
v 444.50006103515625 -384.021728515625 673.5
v 444.50006103515625 -384.021728515625 825.5
v 390.23919677734375 -384.021728515625 825.5
v 390.23919677734375 -384.021728515625 673.5
v 444.50006103515625 -237.72372436523438 825.5
v 444.50006103515625 -237.72372436523438 673.5
v 390.23919677734375 -237.72360229492188 673.5
v 390.23919677734375 -237.72360229492188 825.5
v 444.50006103515625 -237.72372436523438 825.5
v 390.23919677734375 -237.72360229492188 825.5
v 390.23919677734375 -384.021728515625 825.5
v 444.50006103515625 -384.021728515625 825.5
v 390.23919677734375 -237.72360229492188 673.5
v 444.50006103515625 -237.72372436523438 673.5
v 444.50006103515625 -384.021728515625 673.5
v 390.23919677734375 -384.021728515625 673.5
v 340.50006103515625 -256.0108947753906 673.5
v 340.50006103515625 -384.021728515625 673.5
v 340.50006103515625 -384.021728515625 825.5
v 340.50006103515625 -256.0108947753906 825.5
v 390.23919677734375 -384.021728515625 673.5
v 390.23919677734375 -237.72360229492188 673.5
v 390.23919677734375 -237.72360229492188 825.5
v 390.23919677734375 -384.021728515625 825.5
v 390.23919677734375 -384.021728515625 673.5
v 390.23919677734375 -384.021728515625 825.5
v 340.50006103515625 -384.021728515625 825.5
v 340.50006103515625 -384.021728515625 673.5
v 390.23919677734375 -237.72360229492188 825.5
v 390.23919677734375 -237.72360229492188 673.5
v 340.50006103515625 -256.0108947753906 673.5
v 340.50006103515625 -256.0108947753906 825.5
v 390.23919677734375 -237.72360229492188 825.5
v 340.50006103515625 -256.0108947753906 825.5
v 340.50006103515625 -384.021728515625 825.5
v 390.23919677734375 -384.021728515625 825.5
v 340.50006103515625 -256.0108947753906 673.5
v 390.23919677734375 -237.72360229492188 673.5
v 390.23919677734375 -384.021728515625 673.5
v 340.50006103515625 -384.021728515625 673.5
v 340.50006103515625 -384.0 673.5
v 340.50006103515625 -608.0 673.5
v 340.50006103515625 -608.0 825.5
v 340.50006103515625 -384.0 825.5
v 444.50006103515625 -608.0 673.5
v 444.50006103515625 -384.0 673.5
v 444.50006103515625 -384.0 825.5
v 444.50006103515625 -608.0 825.5
v 444.50006103515625 -608.0 673.5
v 444.50006103515625 -608.0 825.5
v 340.50006103515625 -608.0 825.5
v 340.50006103515625 -608.0 673.5
v 444.50006103515625 -384.0 825.5
v 444.50006103515625 -384.0 673.5
v 340.50006103515625 -384.0 673.5
v 340.50006103515625 -384.0 825.5
v 444.50006103515625 -384.0 825.5
v 340.50006103515625 -384.0 825.5
v 340.50006103515625 -608.0 825.5
v 444.50006103515625 -608.0 825.5
v 340.50006103515625 -384.0 673.5
v 444.50006103515625 -384.0 673.5
v 444.50006103515625 -608.0 673.5
v 340.50006103515625 -608.0 673.5
v 390.23919677734375 -237.72360229492188 833.5
v 390.23919677734375 -384.021728515625 833.5
v 390.2392578125 -384.021728515625 985.5
v 390.2392578125 -237.72360229492188 985.5
v 444.50006103515625 -384.021728515625 833.5
v 444.50006103515625 -237.72372436523438 833.5
v 444.50006103515625 -237.72372436523438 985.5
v 444.50006103515625 -384.021728515625 985.5
v 444.50006103515625 -384.021728515625 833.5
v 444.50006103515625 -384.021728515625 985.5
v 390.2392578125 -384.021728515625 985.5
v 390.23919677734375 -384.021728515625 833.5
v 444.50006103515625 -237.72372436523438 985.5
v 444.50006103515625 -237.72372436523438 833.5
v 390.23919677734375 -237.72360229492188 833.5
v 390.2392578125 -237.72360229492188 985.5
v 444.50006103515625 -237.72372436523438 985.5
v 390.2392578125 -237.72360229492188 985.5
v 390.2392578125 -384.021728515625 985.5
v 444.50006103515625 -384.021728515625 985.5
v 390.23919677734375 -237.72360229492188 833.5
v 444.50006103515625 -237.72372436523438 833.5
v 444.50006103515625 -384.021728515625 833.5
v 390.23919677734375 -384.021728515625 833.5
v 340.50006103515625 -256.0108947753906 833.5
v 340.50006103515625 -384.021728515625 833.5
v 340.50006103515625 -384.021728515625 985.5
v 340.50006103515625 -256.0108947753906 985.5
v 390.23919677734375 -384.021728515625 833.5
v 390.23919677734375 -237.72360229492188 833.5
v 390.2392578125 -237.72360229492188 985.5
v 390.2392578125 -384.021728515625 985.5
v 390.23919677734375 -384.021728515625 833.5
v 390.2392578125 -384.021728515625 985.5
v 340.50006103515625 -384.021728515625 985.5
v 340.50006103515625 -384.021728515625 833.5
v 390.2392578125 -237.72360229492188 985.5
v 390.23919677734375 -237.72360229492188 833.5
v 340.50006103515625 -256.0108947753906 833.5
v 340.50006103515625 -256.0108947753906 985.5
v 390.2392578125 -237.72360229492188 985.5
v 340.50006103515625 -256.0108947753906 985.5
v 340.50006103515625 -384.021728515625 985.5
v 390.2392578125 -384.021728515625 985.5
v 340.50006103515625 -256.0108947753906 833.5
v 390.23919677734375 -237.72360229492188 833.5
v 390.23919677734375 -384.021728515625 833.5
v 340.50006103515625 -384.021728515625 833.5
v 340.50006103515625 -384.0 833.5
v 340.50006103515625 -608.0 833.5
v 340.50006103515625 -608.0 985.5
v 340.50006103515625 -384.0 985.5
v 444.50006103515625 -608.0 833.5
v 444.50006103515625 -384.0 833.5
v 444.50006103515625 -384.0 985.5
v 444.50006103515625 -608.0 985.5
v 444.50006103515625 -608.0 833.5
v 444.50006103515625 -608.0 985.5
v 340.50006103515625 -608.0 985.5
v 340.50006103515625 -608.0 833.5
v 444.50006103515625 -384.0 985.5
v 444.50006103515625 -384.0 833.5
v 340.50006103515625 -384.0 833.5
v 340.50006103515625 -384.0 985.5
v 444.50006103515625 -384.0 985.5
v 340.50006103515625 -384.0 985.5
v 340.50006103515625 -608.0 985.5
v 444.50006103515625 -608.0 985.5
v 340.50006103515625 -384.0 833.5
v 444.50006103515625 -384.0 833.5
v 444.50006103515625 -608.0 833.5
v 340.50006103515625 -608.0 833.5
v -649.2391967773438 -237.72360229492188 825.5
v -649.2391967773438 -384.021728515625 825.5
v -649.2391967773438 -384.021728515625 673.5
v -649.2391967773438 -237.72360229492188 673.5
v -703.5000610351562 -384.021728515625 825.5
v -703.5000610351562 -237.72372436523438 825.5
v -703.5000610351562 -237.72372436523438 673.5
v -703.5000610351562 -384.021728515625 673.5
v -703.5000610351562 -384.021728515625 825.5
v -703.5000610351562 -384.021728515625 673.5
v -649.2391967773438 -384.021728515625 673.5
v -649.2391967773438 -384.021728515625 825.5
v -703.5000610351562 -237.72372436523438 673.5
v -703.5000610351562 -237.72372436523438 825.5
v -649.2391967773438 -237.72360229492188 825.5
v -649.2391967773438 -237.72360229492188 673.5
v -703.5000610351562 -237.72372436523438 673.5
v -649.2391967773438 -237.72360229492188 673.5
v -649.2391967773438 -384.021728515625 673.5
v -703.5000610351562 -384.021728515625 673.5
v -649.2391967773438 -237.72360229492188 825.5
v -703.5000610351562 -237.72372436523438 825.5
v -703.5000610351562 -384.021728515625 825.5
v -649.2391967773438 -384.021728515625 825.5
v -599.4999389648438 -256.0108947753906 825.5
v -599.4999389648438 -384.021728515625 825.5
v -599.4999389648438 -384.021728515625 673.5
v -599.4999389648438 -256.0108947753906 673.5
v -649.2391967773438 -384.021728515625 825.5
v -649.2391967773438 -237.72360229492188 825.5
v -649.2391967773438 -237.72360229492188 673.5
v -649.2391967773438 -384.021728515625 673.5
v -649.2391967773438 -384.021728515625 825.5
v -649.2391967773438 -384.021728515625 673.5
v -599.4999389648438 -384.021728515625 673.5
v -599.4999389648438 -384.021728515625 825.5
v -649.2391967773438 -237.72360229492188 673.5
v -649.2391967773438 -237.72360229492188 825.5
v -599.4999389648438 -256.0108947753906 825.5
v -599.4999389648438 -256.0108947753906 673.5
v -649.2391967773438 -237.72360229492188 673.5
v -599.4999389648438 -256.0108947753906 673.5
v -599.4999389648438 -384.021728515625 673.5
v -649.2391967773438 -384.021728515625 673.5
v -599.4999389648438 -256.0108947753906 825.5
v -649.2391967773438 -237.72360229492188 825.5
v -649.2391967773438 -384.021728515625 825.5
v -599.4999389648438 -384.021728515625 825.5
v -599.5 -384.0 825.5
v -599.5 -608.0 825.5
v -599.5 -608.0 673.5
v -599.5 -384.0 673.5
v -703.5 -608.0 825.5
v -703.5 -384.0 825.5
v -703.5 -384.0 673.5
v -703.5 -608.0 673.5
v -703.5 -608.0 825.5
v -703.5 -608.0 673.5
v -599.5 -608.0 673.5
v -599.5 -608.0 825.5
v -703.5 -384.0 673.5
v -703.5 -384.0 825.5
v -599.5 -384.0 825.5
v -599.5 -384.0 673.5
v -703.5 -384.0 673.5
v -599.5 -384.0 673.5
v -599.5 -608.0 673.5
v -703.5 -608.0 673.5
v -599.5 -384.0 825.5
v -703.5 -384.0 825.5
v -703.5 -608.0 825.5
v -599.5 -608.0 825.5
v -649.2391967773438 -237.72360229492188 665.5
v -649.2391967773438 -384.021728515625 665.5
v -649.2391967773438 -384.021728515625 513.5
v -649.2391967773438 -237.72360229492188 513.5
v -703.5000610351562 -384.021728515625 665.5
v -703.5000610351562 -237.72372436523438 665.5
v -703.5000610351562 -237.72372436523438 513.5
v -703.5000610351562 -384.021728515625 513.5
v -703.5000610351562 -384.021728515625 665.5
v -703.5000610351562 -384.021728515625 513.5
v -649.2391967773438 -384.021728515625 513.5
v -649.2391967773438 -384.021728515625 665.5
v -703.5000610351562 -237.72372436523438 513.5
v -703.5000610351562 -237.72372436523438 665.5
v -649.2391967773438 -237.72360229492188 665.5
v -649.2391967773438 -237.72360229492188 513.5
v -703.5000610351562 -237.72372436523438 513.5
v -649.2391967773438 -237.72360229492188 513.5
v -649.2391967773438 -384.021728515625 513.5
v -703.5000610351562 -384.021728515625 513.5
v -649.2391967773438 -237.72360229492188 665.5
v -703.5000610351562 -237.72372436523438 665.5
v -703.5000610351562 -384.021728515625 665.5
v -649.2391967773438 -384.021728515625 665.5
v -599.4999389648438 -256.0108947753906 665.5
v -599.4999389648438 -384.021728515625 665.5
v -599.4999389648438 -384.021728515625 513.5
v -599.4999389648438 -256.0108947753906 513.5
v -649.2391967773438 -384.021728515625 665.5
v -649.2391967773438 -237.72360229492188 665.5
v -649.2391967773438 -237.72360229492188 513.5
v -649.2391967773438 -384.021728515625 513.5
v -649.2391967773438 -384.021728515625 665.5
v -649.2391967773438 -384.021728515625 513.5
v -599.4999389648438 -384.021728515625 513.5
v -599.4999389648438 -384.021728515625 665.5
v -649.2391967773438 -237.72360229492188 513.5
v -649.2391967773438 -237.72360229492188 665.5
v -599.4999389648438 -256.0108947753906 665.5
v -599.4999389648438 -256.0108947753906 513.5
v -649.2391967773438 -237.72360229492188 513.5
v -599.4999389648438 -256.0108947753906 513.5
v -599.4999389648438 -384.021728515625 513.5
v -649.2391967773438 -384.021728515625 513.5
v -599.4999389648438 -256.0108947753906 665.5
v -649.2391967773438 -237.72360229492188 665.5
v -649.2391967773438 -384.021728515625 665.5
v -599.4999389648438 -384.021728515625 665.5
v -599.5 -384.0 665.5
v -599.5 -608.0 665.5
v -599.5 -608.0 513.5
v -599.5 -384.0 513.5
v -703.5 -608.0 665.5
v -703.5 -384.0 665.5
v -703.5 -384.0 513.5
v -703.5 -608.0 513.5
v -703.5 -608.0 665.5
v -703.5 -608.0 513.5
v -599.5 -608.0 513.5
v -599.5 -608.0 665.5
v -703.5 -384.0 513.5
v -703.5 -384.0 665.5
v -599.5 -384.0 665.5
v -599.5 -384.0 513.5
v -703.5 -384.0 513.5
v -599.5 -384.0 513.5
v -599.5 -608.0 513.5
v -703.5 -608.0 513.5
v -599.5 -384.0 665.5
v -703.5 -384.0 665.5
v -703.5 -608.0 665.5
v -599.5 -608.0 665.5
v -649.2391967773438 -237.72360229492188 505.5
v -649.2391967773438 -384.021728515625 505.5
v -649.2391967773438 -384.021728515625 353.5
v -649.2391967773438 -237.72360229492188 353.5
v -703.5000610351562 -384.021728515625 505.5
v -703.5000610351562 -237.72372436523438 505.5
v -703.5000610351562 -237.72372436523438 353.5
v -703.5000610351562 -384.021728515625 353.5
v -703.5000610351562 -384.021728515625 505.5
v -703.5000610351562 -384.021728515625 353.5
v -649.2391967773438 -384.021728515625 353.5
v -649.2391967773438 -384.021728515625 505.5
v -703.5000610351562 -237.72372436523438 353.5
v -703.5000610351562 -237.72372436523438 505.5
v -649.2391967773438 -237.72360229492188 505.5
v -649.2391967773438 -237.72360229492188 353.5
v -703.5000610351562 -237.72372436523438 353.5
v -649.2391967773438 -237.72360229492188 353.5
v -649.2391967773438 -384.021728515625 353.5
v -703.5000610351562 -384.021728515625 353.5
v -649.2391967773438 -237.72360229492188 505.5
v -703.5000610351562 -237.72372436523438 505.5
v -703.5000610351562 -384.021728515625 505.5
v -649.2391967773438 -384.021728515625 505.5
v -599.4999389648438 -256.0108947753906 505.5
v -599.4999389648438 -384.021728515625 505.5
v -599.4999389648438 -384.021728515625 353.5
v -599.4999389648438 -256.0108947753906 353.5
v -649.2391967773438 -384.021728515625 505.5
v -649.2391967773438 -237.72360229492188 505.5
v -649.2391967773438 -237.72360229492188 353.5
v -649.2391967773438 -384.021728515625 353.5
v -649.2391967773438 -384.021728515625 505.5
v -649.2391967773438 -384.021728515625 353.5
v -599.4999389648438 -384.021728515625 353.5
v -599.4999389648438 -384.021728515625 505.5
v -649.2391967773438 -237.72360229492188 353.5
v -649.2391967773438 -237.72360229492188 505.5
v -599.4999389648438 -256.0108947753906 505.5
v -599.4999389648438 -256.0108947753906 353.5
v -649.2391967773438 -237.72360229492188 353.5
v -599.4999389648438 -256.0108947753906 353.5
v -599.4999389648438 -384.021728515625 353.5
v -649.2391967773438 -384.021728515625 353.5
v -599.4999389648438 -256.0108947753906 505.5
v -649.2391967773438 -237.72360229492188 505.5
v -649.2391967773438 -384.021728515625 505.5
v -599.4999389648438 -384.021728515625 505.5
v -599.5 -384.0 505.5
v -599.5 -608.0 505.5
v -599.5 -608.0 353.5
v -599.5 -384.0 353.5
v -703.5 -608.0 505.5
v -703.5 -384.0 505.5
v -703.5 -384.0 353.5
v -703.5 -608.0 353.5
v -703.5 -608.0 505.5
v -703.5 -608.0 353.5
v -599.5 -608.0 353.5
v -599.5 -608.0 505.5
v -703.5 -384.0 353.5
v -703.5 -384.0 505.5
v -599.5 -384.0 505.5
v -599.5 -384.0 353.5
v -703.5 -384.0 353.5
v -599.5 -384.0 353.5
v -599.5 -608.0 353.5
v -703.5 -608.0 353.5
v -599.5 -384.0 505.5
v -703.5 -384.0 505.5
v -703.5 -608.0 505.5
v -599.5 -608.0 505.5
v -761.7608032226562 -237.72360229492188 353.5
v -761.7608032226562 -384.021728515625 353.5
v -761.7608032226562 -384.021728515625 505.5
v -761.7608032226562 -237.72360229492188 505.5
v -707.5 -384.021728515625 353.5
v -707.5 -237.72372436523438 353.5
v -707.4999389648438 -237.72372436523438 505.5
v -707.4999389648438 -384.021728515625 505.5
v -707.5 -384.021728515625 353.5
v -707.4999389648438 -384.021728515625 505.5
v -761.7608032226562 -384.021728515625 505.5
v -761.7608032226562 -384.021728515625 353.5
v -707.4999389648438 -237.72372436523438 505.5
v -707.5 -237.72372436523438 353.5
v -761.7608032226562 -237.72360229492188 353.5
v -761.7608032226562 -237.72360229492188 505.5
v -707.4999389648438 -237.72372436523438 505.5
v -761.7608032226562 -237.72360229492188 505.5
v -761.7608032226562 -384.021728515625 505.5
v -707.4999389648438 -384.021728515625 505.5
v -761.7608032226562 -237.72360229492188 353.5
v -707.5 -237.72372436523438 353.5
v -707.5 -384.021728515625 353.5
v -761.7608032226562 -384.021728515625 353.5
v -811.5 -256.0108947753906 353.5
v -811.5 -384.021728515625 353.5
v -811.4998779296875 -384.021728515625 505.5
v -811.4998779296875 -256.0108947753906 505.5
v -761.7607421875 -384.021728515625 353.5
v -761.7607421875 -237.72360229492188 353.5
v -761.7607421875 -237.72360229492188 505.5
v -761.7607421875 -384.021728515625 505.5
v -761.7607421875 -384.021728515625 353.5
v -761.7607421875 -384.021728515625 505.5
v -811.4998779296875 -384.021728515625 505.5
v -811.5 -384.021728515625 353.5
v -761.7607421875 -237.72360229492188 505.5
v -761.7607421875 -237.72360229492188 353.5
v -811.5 -256.0108947753906 353.5
v -811.4998779296875 -256.0108947753906 505.5
v -761.7607421875 -237.72360229492188 505.5
v -811.4998779296875 -256.0108947753906 505.5
v -811.4998779296875 -384.021728515625 505.5
v -761.7607421875 -384.021728515625 505.5
v -811.5 -256.0108947753906 353.5
v -761.7607421875 -237.72360229492188 353.5
v -761.7607421875 -384.021728515625 353.5
v -811.5 -384.021728515625 353.5
v -811.5 -384.0 353.5
v -811.5 -608.0 353.5
v -811.5 -608.0 505.5
v -811.5 -384.0 505.5
v -707.5 -608.0 353.5
v -707.5 -384.0 353.5
v -707.5 -384.0 505.5
v -707.5 -608.0 505.5
v -707.5 -608.0 353.5
v -707.5 -608.0 505.5
v -811.5 -608.0 505.5
v -811.5 -608.0 353.5
v -707.5 -384.0 505.5
v -707.5 -384.0 353.5
v -811.5 -384.0 353.5
v -811.5 -384.0 505.5
v -707.5 -384.0 505.5
v -811.5 -384.0 505.5
v -811.5 -608.0 505.5
v -707.5 -608.0 505.5
v -811.5 -384.0 353.5
v -707.5 -384.0 353.5
v -707.5 -608.0 353.5
v -811.5 -608.0 353.5
v -761.7608032226562 -237.72360229492188 513.5
v -761.7608032226562 -384.021728515625 513.5
v -761.7608032226562 -384.021728515625 665.5
v -761.7608032226562 -237.72360229492188 665.5
v -707.4999389648438 -384.021728515625 513.5
v -707.4999389648438 -237.72372436523438 513.5
v -707.4999389648438 -237.72372436523438 665.5
v -707.4999389648438 -384.021728515625 665.5
v -707.4999389648438 -384.021728515625 513.5
v -707.4999389648438 -384.021728515625 665.5
v -761.7608032226562 -384.021728515625 665.5
v -761.7608032226562 -384.021728515625 513.5
v -707.4999389648438 -237.72372436523438 665.5
v -707.4999389648438 -237.72372436523438 513.5
v -761.7608032226562 -237.72360229492188 513.5
v -761.7608032226562 -237.72360229492188 665.5
v -707.4999389648438 -237.72372436523438 665.5
v -761.7608032226562 -237.72360229492188 665.5
v -761.7608032226562 -384.021728515625 665.5
v -707.4999389648438 -384.021728515625 665.5
v -761.7608032226562 -237.72360229492188 513.5
v -707.4999389648438 -237.72372436523438 513.5
v -707.4999389648438 -384.021728515625 513.5
v -761.7608032226562 -384.021728515625 513.5
v -811.4999389648438 -256.0108947753906 513.5
v -811.4999389648438 -384.021728515625 513.5
v -811.4999389648438 -384.021728515625 665.5
v -811.4999389648438 -256.0108947753906 665.5
v -761.7608032226562 -384.021728515625 513.5
v -761.7608032226562 -237.72360229492188 513.5
v -761.7608032226562 -237.72360229492188 665.5
v -761.7608032226562 -384.021728515625 665.5
v -761.7608032226562 -384.021728515625 513.5
v -761.7608032226562 -384.021728515625 665.5
v -811.4999389648438 -384.021728515625 665.5
v -811.4999389648438 -384.021728515625 513.5
v -761.7608032226562 -237.72360229492188 665.5
v -761.7608032226562 -237.72360229492188 513.5
v -811.4999389648438 -256.0108947753906 513.5
v -811.4999389648438 -256.0108947753906 665.5
v -761.7608032226562 -237.72360229492188 665.5
v -811.4999389648438 -256.0108947753906 665.5
v -811.4999389648438 -384.021728515625 665.5
v -761.7608032226562 -384.021728515625 665.5
v -811.4999389648438 -256.0108947753906 513.5
v -761.7608032226562 -237.72360229492188 513.5
v -761.7608032226562 -384.021728515625 513.5
v -811.4999389648438 -384.021728515625 513.5
v -811.4999389648438 -384.0 513.5
v -811.4999389648438 -608.0 513.5
v -811.4999389648438 -608.0 665.5
v -811.4999389648438 -384.0 665.5
v -707.4999389648438 -608.0 513.5
v -707.4999389648438 -384.0 513.5
v -707.4999389648438 -384.0 665.5
v -707.4999389648438 -608.0 665.5
v -707.4999389648438 -608.0 513.5
v -707.4999389648438 -608.0 665.5
v -811.4999389648438 -608.0 665.5
v -811.4999389648438 -608.0 513.5
v -707.4999389648438 -384.0 665.5
v -707.4999389648438 -384.0 513.5
v -811.4999389648438 -384.0 513.5
v -811.4999389648438 -384.0 665.5
v -707.4999389648438 -384.0 665.5
v -811.4999389648438 -384.0 665.5
v -811.4999389648438 -608.0 665.5
v -707.4999389648438 -608.0 665.5
v -811.4999389648438 -384.0 513.5
v -707.4999389648438 -384.0 513.5
v -707.4999389648438 -608.0 513.5
v -811.4999389648438 -608.0 513.5
v -761.7608032226562 -237.72360229492188 673.5
v -761.7608032226562 -384.021728515625 673.5
v -761.7607421875 -384.021728515625 825.5
v -761.7607421875 -237.72360229492188 825.5
v -707.4999389648438 -384.021728515625 673.5
v -707.4999389648438 -237.72372436523438 673.5
v -707.4999389648438 -237.72372436523438 825.5
v -707.4999389648438 -384.021728515625 825.5
v -707.4999389648438 -384.021728515625 673.5
v -707.4999389648438 -384.021728515625 825.5
v -761.7607421875 -384.021728515625 825.5
v -761.7608032226562 -384.021728515625 673.5
v -707.4999389648438 -237.72372436523438 825.5
v -707.4999389648438 -237.72372436523438 673.5
v -761.7608032226562 -237.72360229492188 673.5
v -761.7607421875 -237.72360229492188 825.5
v -707.4999389648438 -237.72372436523438 825.5
v -761.7607421875 -237.72360229492188 825.5
v -761.7607421875 -384.021728515625 825.5
v -707.4999389648438 -384.021728515625 825.5
v -761.7608032226562 -237.72360229492188 673.5
v -707.4999389648438 -237.72372436523438 673.5
v -707.4999389648438 -384.021728515625 673.5
v -761.7608032226562 -384.021728515625 673.5
v -811.5 -256.0108947753906 673.5
v -811.5 -384.021728515625 673.5
v -811.5 -384.021728515625 825.5
v -811.5 -256.0108947753906 825.5
v -761.7608642578125 -384.021728515625 673.5
v -761.7608642578125 -237.72360229492188 673.5
v -761.7607421875 -237.72360229492188 825.5
v -761.7607421875 -384.021728515625 825.5
v -761.7608642578125 -384.021728515625 673.5
v -761.7607421875 -384.021728515625 825.5
v -811.5 -384.021728515625 825.5
v -811.5 -384.021728515625 673.5
v -761.7607421875 -237.72360229492188 825.5
v -761.7608642578125 -237.72360229492188 673.5
v -811.5 -256.0108947753906 673.5
v -811.5 -256.0108947753906 825.5
v -761.7607421875 -237.72360229492188 825.5
v -811.5 -256.0108947753906 825.5
v -811.5 -384.021728515625 825.5
v -761.7607421875 -384.021728515625 825.5
v -811.5 -256.0108947753906 673.5
v -761.7608642578125 -237.72360229492188 673.5
v -761.7608642578125 -384.021728515625 673.5
v -811.5 -384.021728515625 673.5
v -811.4999389648438 -384.0 673.5
v -811.4999389648438 -608.0 673.5
v -811.4999389648438 -608.0 825.5
v -811.4999389648438 -384.0 825.5
v -707.4999389648438 -608.0 673.5
v -707.4999389648438 -384.0 673.5
v -707.4999389648438 -384.0 825.5
v -707.4999389648438 -608.0 825.5
v -707.4999389648438 -608.0 673.5
v -707.4999389648438 -608.0 825.5
v -811.4999389648438 -608.0 825.5
v -811.4999389648438 -608.0 673.5
v -707.4999389648438 -384.0 825.5
v -707.4999389648438 -384.0 673.5
v -811.4999389648438 -384.0 673.5
v -811.4999389648438 -384.0 825.5
v -707.4999389648438 -384.0 825.5
v -811.4999389648438 -384.0 825.5
v -811.4999389648438 -608.0 825.5
v -707.4999389648438 -608.0 825.5
v -811.4999389648438 -384.0 673.5
v -707.4999389648438 -384.0 673.5
v -707.4999389648438 -608.0 673.5
v -811.4999389648438 -608.0 673.5
v 444.25 -352.00006103515625 507.75
v 444.25 -461.72369384765625 507.75
v 444.25 -461.72369384765625 359.75
v 444.25 -352.00006103515625 359.75
v 387.641357421875 -461.72369384765625 507.75
v 387.641357421875 -352.00006103515625 507.75
v 387.641357421875 -352.00006103515625 359.75
v 387.641357421875 -461.72369384765625 359.75
v 387.641357421875 -461.72369384765625 507.75
v 387.641357421875 -461.72369384765625 359.75
v 444.25 -461.72369384765625 359.75
v 444.25 -461.72369384765625 507.75
v 387.641357421875 -352.00006103515625 359.75
v 387.641357421875 -352.00006103515625 507.75
v 444.25 -352.00006103515625 507.75
v 444.25 -352.00006103515625 359.75
v 387.641357421875 -352.00006103515625 359.75
v 444.25 -352.00006103515625 359.75
v 444.25 -461.72369384765625 359.75
v 387.641357421875 -461.72369384765625 359.75
v 444.25 -352.00006103515625 507.75
v 387.641357421875 -352.00006103515625 507.75
v 387.641357421875 -461.72369384765625 507.75
v 444.25 -461.72369384765625 507.75
v 387.641357421875 -461.72369384765625 359.75
v 387.641357421875 -608.0217895507812 359.75
v 387.641357421875 -608.0217895507812 507.75
v 387.641357421875 -461.72369384765625 507.75
v 444.25 -608.0218505859375 359.75
v 444.25 -461.72381591796875 359.75
v 444.25 -461.72381591796875 507.75
v 444.25 -608.0218505859375 507.75
v 444.25 -608.0218505859375 359.75
v 444.25 -608.0218505859375 507.75
v 387.641357421875 -608.0217895507812 507.75
v 387.641357421875 -608.0217895507812 359.75
v 444.25 -461.72381591796875 507.75
v 444.25 -461.72381591796875 359.75
v 387.641357421875 -461.72369384765625 359.75
v 387.641357421875 -461.72369384765625 507.75
v 444.25 -461.72381591796875 507.75
v 387.641357421875 -461.72369384765625 507.75
v 387.641357421875 -608.0217895507812 507.75
v 444.25 -608.0218505859375 507.75
v 387.641357421875 -461.72369384765625 359.75
v 444.25 -461.72381591796875 359.75
v 444.25 -608.0218505859375 359.75
v 387.641357421875 -608.0217895507812 359.75
v 335.75 -480.010986328125 359.75
v 335.75 -608.0218505859375 359.75
v 335.75 -608.0218505859375 507.75
v 335.75 -480.010986328125 507.75
v 387.641357421875 -608.0218505859375 359.75
v 387.641357421875 -461.72369384765625 359.75
v 387.641357421875 -461.72369384765625 507.75
v 387.641357421875 -608.0218505859375 507.75
v 387.641357421875 -608.0218505859375 359.75
v 387.641357421875 -608.0218505859375 507.75
v 335.75 -608.0218505859375 507.75
v 335.75 -608.0218505859375 359.75
v 387.641357421875 -461.72369384765625 507.75
v 387.641357421875 -461.72369384765625 359.75
v 335.75 -480.010986328125 359.75
v 335.75 -480.010986328125 507.75
v 387.641357421875 -461.72369384765625 507.75
v 335.75 -480.010986328125 507.75
v 335.75 -608.0218505859375 507.75
v 387.641357421875 -608.0218505859375 507.75
v 335.75 -480.010986328125 359.75
v 387.641357421875 -461.72369384765625 359.75
v 387.641357421875 -608.0218505859375 359.75
v 335.75 -608.0218505859375 359.75
v -208.0 -288.00006103515625 -36.00000762939453
v -208.0 -608.0000610351562 -36.00000762939453
v -208.0 -608.0000610351562 -188.0
v -208.0 -288.00006103515625 -188.0
v -316.0 -608.0000610351562 -35.99999237060547
v -316.0 -288.00006103515625 -35.99999237060547
v -316.0 -288.00006103515625 -188.0
v -316.0 -608.0000610351562 -188.0
v -316.0 -608.0000610351562 -35.99999237060547
v -316.0 -608.0000610351562 -188.0
v -208.0 -608.0000610351562 -188.0
v -208.0 -608.0000610351562 -36.00000762939453
v -316.0 -288.00006103515625 -188.0
v -316.0 -288.00006103515625 -35.99999237060547
v -208.0 -288.00006103515625 -36.00000762939453
v -208.0 -288.00006103515625 -188.0
v -316.0 -288.00006103515625 -188.0
v -208.0 -288.00006103515625 -188.0
v -208.0 -608.0000610351562 -188.0
v -316.0 -608.0000610351562 -188.0
v -208.0 -288.00006103515625 -36.00000762939453
v -316.0 -288.00006103515625 -35.99999237060547
v -316.0 -608.0000610351562 -35.99999237060547
v -208.0 -608.0000610351562 -36.00000762939453
v 502.76080322265625 -237.72360229492188 509.5
v 502.76080322265625 -384.021728515625 509.5
v 502.76080322265625 -384.021728515625 357.5
v 502.76080322265625 -237.72360229492188 357.5
v 448.49993896484375 -384.021728515625 509.5
v 448.49993896484375 -237.72372436523438 509.5
v 448.49993896484375 -237.72372436523438 357.5
v 448.49993896484375 -384.021728515625 357.5
v 448.49993896484375 -384.021728515625 509.5
v 448.49993896484375 -384.021728515625 357.5
v 502.76080322265625 -384.021728515625 357.5
v 502.76080322265625 -384.021728515625 509.5
v 448.49993896484375 -237.72372436523438 357.5
v 448.49993896484375 -237.72372436523438 509.5
v 502.76080322265625 -237.72360229492188 509.5
v 502.76080322265625 -237.72360229492188 357.5
v 448.49993896484375 -237.72372436523438 357.5
v 502.76080322265625 -237.72360229492188 357.5
v 502.76080322265625 -384.021728515625 357.5
v 448.49993896484375 -384.021728515625 357.5
v 502.76080322265625 -237.72360229492188 509.5
v 448.49993896484375 -237.72372436523438 509.5
v 448.49993896484375 -384.021728515625 509.5
v 502.76080322265625 -384.021728515625 509.5
v 552.5000610351562 -256.0108947753906 509.5
v 552.5000610351562 -384.021728515625 509.5
v 552.5000610351562 -384.021728515625 357.5
v 552.5000610351562 -256.0108947753906 357.5
v 502.76080322265625 -384.021728515625 509.5
v 502.76080322265625 -237.72360229492188 509.5
v 502.76080322265625 -237.72360229492188 357.5
v 502.76080322265625 -384.021728515625 357.5
v 502.76080322265625 -384.021728515625 509.5
v 502.76080322265625 -384.021728515625 357.5
v 552.5000610351562 -384.021728515625 357.5
v 552.5000610351562 -384.021728515625 509.5
v 502.76080322265625 -237.72360229492188 357.5
v 502.76080322265625 -237.72360229492188 509.5
v 552.5000610351562 -256.0108947753906 509.5
v 552.5000610351562 -256.0108947753906 357.5
v 502.76080322265625 -237.72360229492188 357.5
v 552.5000610351562 -256.0108947753906 357.5
v 552.5000610351562 -384.021728515625 357.5
v 502.76080322265625 -384.021728515625 357.5
v 552.5000610351562 -256.0108947753906 509.5
v 502.76080322265625 -237.72360229492188 509.5
v 502.76080322265625 -384.021728515625 509.5
v 552.5000610351562 -384.021728515625 509.5
v 552.5 -384.0 509.5
v 552.5 -608.0 509.5
v 552.5 -608.0 357.5
v 552.5 -384.0 357.5
v 448.5 -608.0 509.5
v 448.5 -384.0 509.5
v 448.5 -384.0 357.5
v 448.5 -608.0 357.5
v 448.5 -608.0 509.5
v 448.5 -608.0 357.5
v 552.5 -608.0 357.5
v 552.5 -608.0 509.5
v 448.5 -384.0 357.5
v 448.5 -384.0 509.5
v 552.5 -384.0 509.5
v 552.5 -384.0 357.5
v 448.5 -384.0 357.5
v 552.5 -384.0 357.5
v 552.5 -608.0 357.5
v 448.5 -608.0 357.5
v 552.5 -384.0 509.5
v 448.5 -384.0 509.5
v 448.5 -608.0 509.5
v 552.5 -608.0 509.5
v -649.2391967773438 -237.72360229492188 121.5
v -649.2391967773438 -384.021728515625 121.5
v -649.2391967773438 -384.021728515625 -30.5
v -649.2391967773438 -237.72360229492188 -30.5
v -703.5000610351562 -384.021728515625 121.5
v -703.5000610351562 -237.72372436523438 121.5
v -703.5000610351562 -237.72372436523438 -30.5
v -703.5000610351562 -384.021728515625 -30.5
v -703.5000610351562 -384.021728515625 121.5
v -703.5000610351562 -384.021728515625 -30.5
v -649.2391967773438 -384.021728515625 -30.5
v -649.2391967773438 -384.021728515625 121.5
v -703.5000610351562 -237.72372436523438 -30.5
v -703.5000610351562 -237.72372436523438 121.5
v -649.2391967773438 -237.72360229492188 121.5
v -649.2391967773438 -237.72360229492188 -30.5
v -703.5000610351562 -237.72372436523438 -30.5
v -649.2391967773438 -237.72360229492188 -30.5
v -649.2391967773438 -384.021728515625 -30.5
v -703.5000610351562 -384.021728515625 -30.5
v -649.2391967773438 -237.72360229492188 121.5
v -703.5000610351562 -237.72372436523438 121.5
v -703.5000610351562 -384.021728515625 121.5
v -649.2391967773438 -384.021728515625 121.5
v -599.4999389648438 -256.0108947753906 121.5
v -599.4999389648438 -384.021728515625 121.5
v -599.4999389648438 -384.021728515625 -30.5
v -599.4999389648438 -256.0108947753906 -30.5
v -649.2391967773438 -384.021728515625 121.5
v -649.2391967773438 -237.72360229492188 121.5
v -649.2391967773438 -237.72360229492188 -30.5
v -649.2391967773438 -384.021728515625 -30.5
v -649.2391967773438 -384.021728515625 121.5
v -649.2391967773438 -384.021728515625 -30.5
v -599.4999389648438 -384.021728515625 -30.5
v -599.4999389648438 -384.021728515625 121.5
v -649.2391967773438 -237.72360229492188 -30.5
v -649.2391967773438 -237.72360229492188 121.5
v -599.4999389648438 -256.0108947753906 121.5
v -599.4999389648438 -256.0108947753906 -30.5
v -649.2391967773438 -237.72360229492188 -30.5
v -599.4999389648438 -256.0108947753906 -30.5
v -599.4999389648438 -384.021728515625 -30.5
v -649.2391967773438 -384.021728515625 -30.5
v -599.4999389648438 -256.0108947753906 121.5
v -649.2391967773438 -237.72360229492188 121.5
v -649.2391967773438 -384.021728515625 121.5
v -599.4999389648438 -384.021728515625 121.5
v -599.5 -384.0 121.5
v -599.5 -608.0 121.5
v -599.5 -608.0 -30.5
v -599.5 -384.0 -30.5
v -703.5 -608.0 121.5
v -703.5 -384.0 121.5
v -703.5 -384.0 -30.5
v -703.5 -608.0 -30.5
v -703.5 -608.0 121.5
v -703.5 -608.0 -30.5
v -599.5 -608.0 -30.5
v -599.5 -608.0 121.5
v -703.5 -384.0 -30.5
v -703.5 -384.0 121.5
v -599.5 -384.0 121.5
v -599.5 -384.0 -30.5
v -703.5 -384.0 -30.5
v -599.5 -384.0 -30.5
v -599.5 -608.0 -30.5
v -703.5 -608.0 -30.5
v -599.5 -384.0 121.5
v -703.5 -384.0 121.5
v -703.5 -608.0 121.5
v -599.5 -608.0 121.5
v -649.2391967773438 -237.72360229492188 -38.5
v -649.2391967773438 -384.021728515625 -38.5
v -649.2391967773438 -384.021728515625 -190.5
v -649.2391967773438 -237.72360229492188 -190.5
v -703.5000610351562 -384.021728515625 -38.5
v -703.5000610351562 -237.72372436523438 -38.5
v -703.5000610351562 -237.72372436523438 -190.5
v -703.5000610351562 -384.021728515625 -190.5
v -703.5000610351562 -384.021728515625 -38.5
v -703.5000610351562 -384.021728515625 -190.5
v -649.2391967773438 -384.021728515625 -190.5
v -649.2391967773438 -384.021728515625 -38.5
v -703.5000610351562 -237.72372436523438 -190.5
v -703.5000610351562 -237.72372436523438 -38.5
v -649.2391967773438 -237.72360229492188 -38.5
v -649.2391967773438 -237.72360229492188 -190.5
v -703.5000610351562 -237.72372436523438 -190.5
v -649.2391967773438 -237.72360229492188 -190.5
v -649.2391967773438 -384.021728515625 -190.5
v -703.5000610351562 -384.021728515625 -190.5
v -649.2391967773438 -237.72360229492188 -38.5
v -703.5000610351562 -237.72372436523438 -38.5
v -703.5000610351562 -384.021728515625 -38.5
v -649.2391967773438 -384.021728515625 -38.5
v -599.4999389648438 -256.0108947753906 -38.5
v -599.4999389648438 -384.021728515625 -38.5
v -599.4999389648438 -384.021728515625 -190.5
v -599.4999389648438 -256.0108947753906 -190.5
v -649.2391967773438 -384.021728515625 -38.5
v -649.2391967773438 -237.72360229492188 -38.5
v -649.2391967773438 -237.72360229492188 -190.5
v -649.2391967773438 -384.021728515625 -190.5
v -649.2391967773438 -384.021728515625 -38.5
v -649.2391967773438 -384.021728515625 -190.5
v -599.4999389648438 -384.021728515625 -190.5
v -599.4999389648438 -384.021728515625 -38.5
v -649.2391967773438 -237.72360229492188 -190.5
v -649.2391967773438 -237.72360229492188 -38.5
v -599.4999389648438 -256.0108947753906 -38.5
v -599.4999389648438 -256.0108947753906 -190.5
v -649.2391967773438 -237.72360229492188 -190.5
v -599.4999389648438 -256.0108947753906 -190.5
v -599.4999389648438 -384.021728515625 -190.5
v -649.2391967773438 -384.021728515625 -190.5
v -599.4999389648438 -256.0108947753906 -38.5
v -649.2391967773438 -237.72360229492188 -38.5
v -649.2391967773438 -384.021728515625 -38.5
v -599.4999389648438 -384.021728515625 -38.5
v -599.5 -384.0 -38.5
v -599.5 -608.0 -38.5
v -599.5 -608.0 -190.5
v -599.5 -384.0 -190.5
v -703.5 -608.0 -38.5
v -703.5 -384.0 -38.5
v -703.5 -384.0 -190.5
v -703.5 -608.0 -190.5
v -703.5 -608.0 -38.5
v -703.5 -608.0 -190.5
v -599.5 -608.0 -190.5
v -599.5 -608.0 -38.5
v -703.5 -384.0 -190.5
v -703.5 -384.0 -38.5
v -599.5 -384.0 -38.5
v -599.5 -384.0 -190.5
v -703.5 -384.0 -190.5
v -599.5 -384.0 -190.5
v -599.5 -608.0 -190.5
v -703.5 -608.0 -190.5
v -599.5 -384.0 -38.5
v -703.5 -384.0 -38.5
v -703.5 -608.0 -38.5
v -599.5 -608.0 -38.5
v -649.2391967773438 -237.72360229492188 -198.49996948242188
v -649.2391967773438 -384.021728515625 -198.49996948242188
v -649.2391967773438 -384.021728515625 -350.4999694824219
v -649.2391967773438 -237.72360229492188 -350.4999694824219
v -703.5000610351562 -384.021728515625 -198.49996948242188
v -703.5000610351562 -237.72372436523438 -198.49996948242188
v -703.5000610351562 -237.72372436523438 -350.4999694824219
v -703.5000610351562 -384.021728515625 -350.4999694824219
v -703.5000610351562 -384.021728515625 -198.49996948242188
v -703.5000610351562 -384.021728515625 -350.4999694824219
v -649.2391967773438 -384.021728515625 -350.4999694824219
v -649.2391967773438 -384.021728515625 -198.49996948242188
v -703.5000610351562 -237.72372436523438 -350.4999694824219
v -703.5000610351562 -237.72372436523438 -198.49996948242188
v -649.2391967773438 -237.72360229492188 -198.49996948242188
v -649.2391967773438 -237.72360229492188 -350.4999694824219
v -703.5000610351562 -237.72372436523438 -350.4999694824219
v -649.2391967773438 -237.72360229492188 -350.4999694824219
v -649.2391967773438 -384.021728515625 -350.4999694824219
v -703.5000610351562 -384.021728515625 -350.4999694824219
v -649.2391967773438 -237.72360229492188 -198.49996948242188
v -703.5000610351562 -237.72372436523438 -198.49996948242188
v -703.5000610351562 -384.021728515625 -198.49996948242188
v -649.2391967773438 -384.021728515625 -198.49996948242188
v -599.4999389648438 -256.0108947753906 -198.49996948242188
v -599.4999389648438 -384.021728515625 -198.49996948242188
v -599.4999389648438 -384.021728515625 -350.4999694824219
v -599.4999389648438 -256.0108947753906 -350.4999694824219
v -649.2391967773438 -384.021728515625 -198.49996948242188
v -649.2391967773438 -237.72360229492188 -198.49996948242188
v -649.2391967773438 -237.72360229492188 -350.4999694824219
v -649.2391967773438 -384.021728515625 -350.4999694824219
v -649.2391967773438 -384.021728515625 -198.49996948242188
v -649.2391967773438 -384.021728515625 -350.4999694824219
v -599.4999389648438 -384.021728515625 -350.4999694824219
v -599.4999389648438 -384.021728515625 -198.49996948242188
v -649.2391967773438 -237.72360229492188 -350.4999694824219
v -649.2391967773438 -237.72360229492188 -198.49996948242188
v -599.4999389648438 -256.0108947753906 -198.49996948242188
v -599.4999389648438 -256.0108947753906 -350.4999694824219
v -649.2391967773438 -237.72360229492188 -350.4999694824219
v -599.4999389648438 -256.0108947753906 -350.4999694824219
v -599.4999389648438 -384.021728515625 -350.4999694824219
v -649.2391967773438 -384.021728515625 -350.4999694824219
v -599.4999389648438 -256.0108947753906 -198.49996948242188
v -649.2391967773438 -237.72360229492188 -198.49996948242188
v -649.2391967773438 -384.021728515625 -198.49996948242188
v -599.4999389648438 -384.021728515625 -198.49996948242188
v -599.5 -384.0 -198.49996948242188
v -599.5 -608.0 -198.49996948242188
v -599.5 -608.0 -350.4999694824219
v -599.5 -384.0 -350.4999694824219
v -703.5 -608.0 -198.49996948242188
v -703.5 -384.0 -198.49996948242188
v -703.5 -384.0 -350.4999694824219
v -703.5 -608.0 -350.4999694824219
v -703.5 -608.0 -198.49996948242188
v -703.5 -608.0 -350.4999694824219
v -599.5 -608.0 -350.4999694824219
v -599.5 -608.0 -198.49996948242188
v -703.5 -384.0 -350.4999694824219
v -703.5 -384.0 -198.49996948242188
v -599.5 -384.0 -198.49996948242188
v -599.5 -384.0 -350.4999694824219
v -703.5 -384.0 -350.4999694824219
v -599.5 -384.0 -350.4999694824219
v -599.5 -608.0 -350.4999694824219
v -703.5 -608.0 -350.4999694824219
v -599.5 -384.0 -198.49996948242188
v -703.5 -384.0 -198.49996948242188
v -703.5 -608.0 -198.49996948242188
v -599.5 -608.0 -198.49996948242188
v -761.7608032226562 -237.72360229492188 -350.4999694824219
v -761.7608032226562 -384.021728515625 -350.4999694824219
v -761.7608032226562 -384.021728515625 -198.49996948242188
v -761.7608032226562 -237.72360229492188 -198.49996948242188
v -707.5 -384.021728515625 -350.4999694824219
v -707.5 -237.72372436523438 -350.4999694824219
v -707.4999389648438 -237.72372436523438 -198.49996948242188
v -707.4999389648438 -384.021728515625 -198.49996948242188
v -707.5 -384.021728515625 -350.4999694824219
v -707.4999389648438 -384.021728515625 -198.49996948242188
v -761.7608032226562 -384.021728515625 -198.49996948242188
v -761.7608032226562 -384.021728515625 -350.4999694824219
v -707.4999389648438 -237.72372436523438 -198.49996948242188
v -707.5 -237.72372436523438 -350.4999694824219
v -761.7608032226562 -237.72360229492188 -350.4999694824219
v -761.7608032226562 -237.72360229492188 -198.49996948242188
v -707.4999389648438 -237.72372436523438 -198.49996948242188
v -761.7608032226562 -237.72360229492188 -198.49996948242188
v -761.7608032226562 -384.021728515625 -198.49996948242188
v -707.4999389648438 -384.021728515625 -198.49996948242188
v -761.7608032226562 -237.72360229492188 -350.4999694824219
v -707.5 -237.72372436523438 -350.4999694824219
v -707.5 -384.021728515625 -350.4999694824219
v -761.7608032226562 -384.021728515625 -350.4999694824219
v -811.5 -256.0108947753906 -350.4999694824219
v -811.5 -384.021728515625 -350.4999694824219
v -811.4998779296875 -384.021728515625 -198.49996948242188
v -811.4998779296875 -256.0108947753906 -198.49996948242188
v -761.7607421875 -384.021728515625 -350.4999694824219
v -761.7607421875 -237.72360229492188 -350.4999694824219
v -761.7607421875 -237.72360229492188 -198.49996948242188
v -761.7607421875 -384.021728515625 -198.49996948242188
v -761.7607421875 -384.021728515625 -350.4999694824219
v -761.7607421875 -384.021728515625 -198.49996948242188
v -811.4998779296875 -384.021728515625 -198.49996948242188
v -811.5 -384.021728515625 -350.4999694824219
v -761.7607421875 -237.72360229492188 -198.49996948242188
v -761.7607421875 -237.72360229492188 -350.4999694824219
v -811.5 -256.0108947753906 -350.4999694824219
v -811.4998779296875 -256.0108947753906 -198.49996948242188
v -761.7607421875 -237.72360229492188 -198.49996948242188
v -811.4998779296875 -256.0108947753906 -198.49996948242188
v -811.4998779296875 -384.021728515625 -198.49996948242188
v -761.7607421875 -384.021728515625 -198.49996948242188
v -811.5 -256.0108947753906 -350.4999694824219
v -761.7607421875 -237.72360229492188 -350.4999694824219
v -761.7607421875 -384.021728515625 -350.4999694824219
v -811.5 -384.021728515625 -350.4999694824219
v -811.5 -384.0 -350.4999694824219
v -811.5 -608.0 -350.4999694824219
v -811.5 -608.0 -198.49996948242188
v -811.5 -384.0 -198.49996948242188
v -707.5 -608.0 -350.4999694824219
v -707.5 -384.0 -350.4999694824219
v -707.5 -384.0 -198.49996948242188
v -707.5 -608.0 -198.49996948242188
v -707.5 -608.0 -350.4999694824219
v -707.5 -608.0 -198.49996948242188
v -811.5 -608.0 -198.49996948242188
v -811.5 -608.0 -350.4999694824219
v -707.5 -384.0 -198.49996948242188
v -707.5 -384.0 -350.4999694824219
v -811.5 -384.0 -350.4999694824219
v -811.5 -384.0 -198.49996948242188
v -707.5 -384.0 -198.49996948242188
v -811.5 -384.0 -198.49996948242188
v -811.5 -608.0 -198.49996948242188
v -707.5 -608.0 -198.49996948242188
v -811.5 -384.0 -350.4999694824219
v -707.5 -384.0 -350.4999694824219
v -707.5 -608.0 -350.4999694824219
v -811.5 -608.0 -350.4999694824219
v -761.7608032226562 -237.72360229492188 -190.5
v -761.7608032226562 -384.021728515625 -190.5
v -761.7608032226562 -384.021728515625 -38.5
v -761.7608032226562 -237.72360229492188 -38.5
v -707.4999389648438 -384.021728515625 -190.5
v -707.4999389648438 -237.72372436523438 -190.5
v -707.4999389648438 -237.72372436523438 -38.5
v -707.4999389648438 -384.021728515625 -38.5
v -707.4999389648438 -384.021728515625 -190.5
v -707.4999389648438 -384.021728515625 -38.5
v -761.7608032226562 -384.021728515625 -38.5
v -761.7608032226562 -384.021728515625 -190.5
v -707.4999389648438 -237.72372436523438 -38.5
v -707.4999389648438 -237.72372436523438 -190.5
v -761.7608032226562 -237.72360229492188 -190.5
v -761.7608032226562 -237.72360229492188 -38.5
v -707.4999389648438 -237.72372436523438 -38.5
v -761.7608032226562 -237.72360229492188 -38.5
v -761.7608032226562 -384.021728515625 -38.5
v -707.4999389648438 -384.021728515625 -38.5
v -761.7608032226562 -237.72360229492188 -190.5
v -707.4999389648438 -237.72372436523438 -190.5
v -707.4999389648438 -384.021728515625 -190.5
v -761.7608032226562 -384.021728515625 -190.5
v -811.4999389648438 -256.0108947753906 -190.5
v -811.4999389648438 -384.021728515625 -190.5
v -811.4999389648438 -384.021728515625 -38.5
v -811.4999389648438 -256.0108947753906 -38.5
v -761.7608032226562 -384.021728515625 -190.5
v -761.7608032226562 -237.72360229492188 -190.5
v -761.7608032226562 -237.72360229492188 -38.5
v -761.7608032226562 -384.021728515625 -38.5
v -761.7608032226562 -384.021728515625 -190.5
v -761.7608032226562 -384.021728515625 -38.5
v -811.4999389648438 -384.021728515625 -38.5
v -811.4999389648438 -384.021728515625 -190.5
v -761.7608032226562 -237.72360229492188 -38.5
v -761.7608032226562 -237.72360229492188 -190.5
v -811.4999389648438 -256.0108947753906 -190.5
v -811.4999389648438 -256.0108947753906 -38.5
v -761.7608032226562 -237.72360229492188 -38.5
v -811.4999389648438 -256.0108947753906 -38.5
v -811.4999389648438 -384.021728515625 -38.5
v -761.7608032226562 -384.021728515625 -38.5
v -811.4999389648438 -256.0108947753906 -190.5
v -761.7608032226562 -237.72360229492188 -190.5
v -761.7608032226562 -384.021728515625 -190.5
v -811.4999389648438 -384.021728515625 -190.5
v -811.4999389648438 -384.0 -190.5
v -811.4999389648438 -608.0 -190.5
v -811.4999389648438 -608.0 -38.5
v -811.4999389648438 -384.0 -38.5
v -707.4999389648438 -608.0 -190.5
v -707.4999389648438 -384.0 -190.5
v -707.4999389648438 -384.0 -38.5
v -707.4999389648438 -608.0 -38.5
v -707.4999389648438 -608.0 -190.5
v -707.4999389648438 -608.0 -38.5
v -811.4999389648438 -608.0 -38.5
v -811.4999389648438 -608.0 -190.5
v -707.4999389648438 -384.0 -38.5
v -707.4999389648438 -384.0 -190.5
v -811.4999389648438 -384.0 -190.5
v -811.4999389648438 -384.0 -38.5
v -707.4999389648438 -384.0 -38.5
v -811.4999389648438 -384.0 -38.5
v -811.4999389648438 -608.0 -38.5
v -707.4999389648438 -608.0 -38.5
v -811.4999389648438 -384.0 -190.5
v -707.4999389648438 -384.0 -190.5
v -707.4999389648438 -608.0 -190.5
v -811.4999389648438 -608.0 -190.5
v -761.7608032226562 -237.72360229492188 -30.5
v -761.7608032226562 -384.021728515625 -30.5
v -761.7607421875 -384.021728515625 121.5
v -761.7607421875 -237.72360229492188 121.5
v -707.4999389648438 -384.021728515625 -30.5
v -707.4999389648438 -237.72372436523438 -30.5
v -707.4999389648438 -237.72372436523438 121.5
v -707.4999389648438 -384.021728515625 121.5
v -707.4999389648438 -384.021728515625 -30.5
v -707.4999389648438 -384.021728515625 121.5
v -761.7607421875 -384.021728515625 121.5
v -761.7608032226562 -384.021728515625 -30.5
v -707.4999389648438 -237.72372436523438 121.5
v -707.4999389648438 -237.72372436523438 -30.5
v -761.7608032226562 -237.72360229492188 -30.5
v -761.7607421875 -237.72360229492188 121.5
v -707.4999389648438 -237.72372436523438 121.5
v -761.7607421875 -237.72360229492188 121.5
v -761.7607421875 -384.021728515625 121.5
v -707.4999389648438 -384.021728515625 121.5
v -761.7608032226562 -237.72360229492188 -30.5
v -707.4999389648438 -237.72372436523438 -30.5
v -707.4999389648438 -384.021728515625 -30.5
v -761.7608032226562 -384.021728515625 -30.5
v -811.5 -256.0108947753906 -30.5
v -811.5 -384.021728515625 -30.5
v -811.5 -384.021728515625 121.5
v -811.5 -256.0108947753906 121.5
v -761.7608642578125 -384.021728515625 -30.5
v -761.7608642578125 -237.72360229492188 -30.5
v -761.7607421875 -237.72360229492188 121.5
v -761.7607421875 -384.021728515625 121.5
v -761.7608642578125 -384.021728515625 -30.5
v -761.7607421875 -384.021728515625 121.5
v -811.5 -384.021728515625 121.5
v -811.5 -384.021728515625 -30.5
v -761.7607421875 -237.72360229492188 121.5
v -761.7608642578125 -237.72360229492188 -30.5
v -811.5 -256.0108947753906 -30.5
v -811.5 -256.0108947753906 121.5
v -761.7607421875 -237.72360229492188 121.5
v -811.5 -256.0108947753906 121.5
v -811.5 -384.021728515625 121.5
v -761.7607421875 -384.021728515625 121.5
v -811.5 -256.0108947753906 -30.5
v -761.7608642578125 -237.72360229492188 -30.5
v -761.7608642578125 -384.021728515625 -30.5
v -811.5 -384.021728515625 -30.5
v -811.4999389648438 -384.0 -30.5
v -811.4999389648438 -608.0 -30.5
v -811.4999389648438 -608.0 121.5
v -811.4999389648438 -384.0 121.5
v -707.4999389648438 -608.0 -30.5
v -707.4999389648438 -384.0 -30.5
v -707.4999389648438 -384.0 121.5
v -707.4999389648438 -608.0 121.5
v -707.4999389648438 -608.0 -30.5
v -707.4999389648438 -608.0 121.5
v -811.4999389648438 -608.0 121.5
v -811.4999389648438 -608.0 -30.5
v -707.4999389648438 -384.0 121.5
v -707.4999389648438 -384.0 -30.5
v -811.4999389648438 -384.0 -30.5
v -811.4999389648438 -384.0 121.5
v -707.4999389648438 -384.0 121.5
v -811.4999389648438 -384.0 121.5
v -811.4999389648438 -608.0 121.5
v -707.4999389648438 -608.0 121.5
v -811.4999389648438 -384.0 -30.5
v -707.4999389648438 -384.0 -30.5
v -707.4999389648438 -608.0 -30.5
v -811.4999389648438 -608.0 -30.5
v -649.2391967773438 -237.72360229492188 -358.5
v -649.2391967773438 -384.021728515625 -358.5
v -649.2391967773438 -384.021728515625 -510.5
v -649.2391967773438 -237.72360229492188 -510.5
v -703.5000610351562 -384.021728515625 -358.5
v -703.5000610351562 -237.72372436523438 -358.5
v -703.5000610351562 -237.72372436523438 -510.5
v -703.5000610351562 -384.021728515625 -510.5
v -703.5000610351562 -384.021728515625 -358.5
v -703.5000610351562 -384.021728515625 -510.5
v -649.2391967773438 -384.021728515625 -510.5
v -649.2391967773438 -384.021728515625 -358.5
v -703.5000610351562 -237.72372436523438 -510.5
v -703.5000610351562 -237.72372436523438 -358.5
v -649.2391967773438 -237.72360229492188 -358.5
v -649.2391967773438 -237.72360229492188 -510.5
v -703.5000610351562 -237.72372436523438 -510.5
v -649.2391967773438 -237.72360229492188 -510.5
v -649.2391967773438 -384.021728515625 -510.5
v -703.5000610351562 -384.021728515625 -510.5
v -649.2391967773438 -237.72360229492188 -358.5
v -703.5000610351562 -237.72372436523438 -358.5
v -703.5000610351562 -384.021728515625 -358.5
v -649.2391967773438 -384.021728515625 -358.5
v -599.4999389648438 -256.0108947753906 -358.5
v -599.4999389648438 -384.021728515625 -358.5
v -599.4999389648438 -384.021728515625 -510.5
v -599.4999389648438 -256.0108947753906 -510.5
v -649.2391967773438 -384.021728515625 -358.5
v -649.2391967773438 -237.72360229492188 -358.5
v -649.2391967773438 -237.72360229492188 -510.5
v -649.2391967773438 -384.021728515625 -510.5
v -649.2391967773438 -384.021728515625 -358.5
v -649.2391967773438 -384.021728515625 -510.5
v -599.4999389648438 -384.021728515625 -510.5
v -599.4999389648438 -384.021728515625 -358.5
v -649.2391967773438 -237.72360229492188 -510.5
v -649.2391967773438 -237.72360229492188 -358.5
v -599.4999389648438 -256.0108947753906 -358.5
v -599.4999389648438 -256.0108947753906 -510.5
v -649.2391967773438 -237.72360229492188 -510.5
v -599.4999389648438 -256.0108947753906 -510.5
v -599.4999389648438 -384.021728515625 -510.5
v -649.2391967773438 -384.021728515625 -510.5
v -599.4999389648438 -256.0108947753906 -358.5
v -649.2391967773438 -237.72360229492188 -358.5
v -649.2391967773438 -384.021728515625 -358.5
v -599.4999389648438 -384.021728515625 -358.5
v -599.5 -384.0 -358.5
v -599.5 -608.0 -358.5
v -599.5 -608.0 -510.5
v -599.5 -384.0 -510.5
v -703.5 -608.0 -358.5
v -703.5 -384.0 -358.5
v -703.5 -384.0 -510.5
v -703.5 -608.0 -510.5
v -703.5 -608.0 -358.5
v -703.5 -608.0 -510.5
v -599.5 -608.0 -510.5
v -599.5 -608.0 -358.5
v -703.5 -384.0 -510.5
v -703.5 -384.0 -358.5
v -599.5 -384.0 -358.5
v -599.5 -384.0 -510.5
v -703.5 -384.0 -510.5
v -599.5 -384.0 -510.5
v -599.5 -608.0 -510.5
v -703.5 -608.0 -510.5
v -599.5 -384.0 -358.5
v -703.5 -384.0 -358.5
v -703.5 -608.0 -358.5
v -599.5 -608.0 -358.5
v -649.2391967773438 -237.72360229492188 -518.5
v -649.2391967773438 -384.021728515625 -518.5
v -649.2391967773438 -384.021728515625 -670.5
v -649.2391967773438 -237.72360229492188 -670.5
v -703.5000610351562 -384.021728515625 -518.5
v -703.5000610351562 -237.72372436523438 -518.5
v -703.5000610351562 -237.72372436523438 -670.5
v -703.5000610351562 -384.021728515625 -670.5
v -703.5000610351562 -384.021728515625 -518.5
v -703.5000610351562 -384.021728515625 -670.5
v -649.2391967773438 -384.021728515625 -670.5
v -649.2391967773438 -384.021728515625 -518.5
v -703.5000610351562 -237.72372436523438 -670.5
v -703.5000610351562 -237.72372436523438 -518.5
v -649.2391967773438 -237.72360229492188 -518.5
v -649.2391967773438 -237.72360229492188 -670.5
v -703.5000610351562 -237.72372436523438 -670.5
v -649.2391967773438 -237.72360229492188 -670.5
v -649.2391967773438 -384.021728515625 -670.5
v -703.5000610351562 -384.021728515625 -670.5
v -649.2391967773438 -237.72360229492188 -518.5
v -703.5000610351562 -237.72372436523438 -518.5
v -703.5000610351562 -384.021728515625 -518.5
v -649.2391967773438 -384.021728515625 -518.5
v -599.4999389648438 -256.0108947753906 -518.5
v -599.4999389648438 -384.021728515625 -518.5
v -599.4999389648438 -384.021728515625 -670.5
v -599.4999389648438 -256.0108947753906 -670.5
v -649.2391967773438 -384.021728515625 -518.5
v -649.2391967773438 -237.72360229492188 -518.5
v -649.2391967773438 -237.72360229492188 -670.5
v -649.2391967773438 -384.021728515625 -670.5
v -649.2391967773438 -384.021728515625 -518.5
v -649.2391967773438 -384.021728515625 -670.5
v -599.4999389648438 -384.021728515625 -670.5
v -599.4999389648438 -384.021728515625 -518.5
v -649.2391967773438 -237.72360229492188 -670.5
v -649.2391967773438 -237.72360229492188 -518.5
v -599.4999389648438 -256.0108947753906 -518.5
v -599.4999389648438 -256.0108947753906 -670.5
v -649.2391967773438 -237.72360229492188 -670.5
v -599.4999389648438 -256.0108947753906 -670.5
v -599.4999389648438 -384.021728515625 -670.5
v -649.2391967773438 -384.021728515625 -670.5
v -599.4999389648438 -256.0108947753906 -518.5
v -649.2391967773438 -237.72360229492188 -518.5
v -649.2391967773438 -384.021728515625 -518.5
v -599.4999389648438 -384.021728515625 -518.5
v -599.5 -384.0 -518.5
v -599.5 -608.0 -518.5
v -599.5 -608.0 -670.5
v -599.5 -384.0 -670.5
v -703.5 -608.0 -518.5
v -703.5 -384.0 -518.5
v -703.5 -384.0 -670.5
v -703.5 -608.0 -670.5
v -703.5 -608.0 -518.5
v -703.5 -608.0 -670.5
v -599.5 -608.0 -670.5
v -599.5 -608.0 -518.5
v -703.5 -384.0 -670.5
v -703.5 -384.0 -518.5
v -599.5 -384.0 -518.5
v -599.5 -384.0 -670.5
v -703.5 -384.0 -670.5
v -599.5 -384.0 -670.5
v -599.5 -608.0 -670.5
v -703.5 -608.0 -670.5
v -599.5 -384.0 -518.5
v -703.5 -384.0 -518.5
v -703.5 -608.0 -518.5
v -599.5 -608.0 -518.5
v -761.7608032226562 -237.72360229492188 -670.5
v -761.7608032226562 -384.021728515625 -670.5
v -761.7608032226562 -384.021728515625 -518.5
v -761.7608032226562 -237.72360229492188 -518.5
v -707.4999389648438 -384.021728515625 -670.5
v -707.4999389648438 -237.72372436523438 -670.5
v -707.4999389648438 -237.72372436523438 -518.5
v -707.4999389648438 -384.021728515625 -518.5
v -707.4999389648438 -384.021728515625 -670.5
v -707.4999389648438 -384.021728515625 -518.5
v -761.7608032226562 -384.021728515625 -518.5
v -761.7608032226562 -384.021728515625 -670.5
v -707.4999389648438 -237.72372436523438 -518.5
v -707.4999389648438 -237.72372436523438 -670.5
v -761.7608032226562 -237.72360229492188 -670.5
v -761.7608032226562 -237.72360229492188 -518.5
v -707.4999389648438 -237.72372436523438 -518.5
v -761.7608032226562 -237.72360229492188 -518.5
v -761.7608032226562 -384.021728515625 -518.5
v -707.4999389648438 -384.021728515625 -518.5
v -761.7608032226562 -237.72360229492188 -670.5
v -707.4999389648438 -237.72372436523438 -670.5
v -707.4999389648438 -384.021728515625 -670.5
v -761.7608032226562 -384.021728515625 -670.5
v -811.4999389648438 -256.0108947753906 -670.5
v -811.4999389648438 -384.021728515625 -670.5
v -811.4999389648438 -384.021728515625 -518.5
v -811.4999389648438 -256.0108947753906 -518.5
v -761.7608032226562 -384.021728515625 -670.5
v -761.7608032226562 -237.72360229492188 -670.5
v -761.7608032226562 -237.72360229492188 -518.5
v -761.7608032226562 -384.021728515625 -518.5
v -761.7608032226562 -384.021728515625 -670.5
v -761.7608032226562 -384.021728515625 -518.5
v -811.4999389648438 -384.021728515625 -518.5
v -811.4999389648438 -384.021728515625 -670.5
v -761.7608032226562 -237.72360229492188 -518.5
v -761.7608032226562 -237.72360229492188 -670.5
v -811.4999389648438 -256.0108947753906 -670.5
v -811.4999389648438 -256.0108947753906 -518.5
v -761.7608032226562 -237.72360229492188 -518.5
v -811.4999389648438 -256.0108947753906 -518.5
v -811.4999389648438 -384.021728515625 -518.5
v -761.7608032226562 -384.021728515625 -518.5
v -811.4999389648438 -256.0108947753906 -670.5
v -761.7608032226562 -237.72360229492188 -670.5
v -761.7608032226562 -384.021728515625 -670.5
v -811.4999389648438 -384.021728515625 -670.5
v -811.4999389648438 -384.0 -670.5
v -811.4999389648438 -608.0 -670.5
v -811.4999389648438 -608.0 -518.5
v -811.4999389648438 -384.0 -518.5
v -707.4999389648438 -608.0 -670.5
v -707.4999389648438 -384.0 -670.5
v -707.4999389648438 -384.0 -518.5
v -707.4999389648438 -608.0 -518.5
v -707.4999389648438 -608.0 -670.5
v -707.4999389648438 -608.0 -518.5
v -811.4999389648438 -608.0 -518.5
v -811.4999389648438 -608.0 -670.5
v -707.4999389648438 -384.0 -518.5
v -707.4999389648438 -384.0 -670.5
v -811.4999389648438 -384.0 -670.5
v -811.4999389648438 -384.0 -518.5
v -707.4999389648438 -384.0 -518.5
v -811.4999389648438 -384.0 -518.5
v -811.4999389648438 -608.0 -518.5
v -707.4999389648438 -608.0 -518.5
v -811.4999389648438 -384.0 -670.5
v -707.4999389648438 -384.0 -670.5
v -707.4999389648438 -608.0 -670.5
v -811.4999389648438 -608.0 -670.5
v -761.7608032226562 -237.72360229492188 -510.5
v -761.7608032226562 -384.021728515625 -510.5
v -761.7607421875 -384.021728515625 -358.5
v -761.7607421875 -237.72360229492188 -358.5
v -707.4999389648438 -384.021728515625 -510.5
v -707.4999389648438 -237.72372436523438 -510.5
v -707.4999389648438 -237.72372436523438 -358.5
v -707.4999389648438 -384.021728515625 -358.5
v -707.4999389648438 -384.021728515625 -510.5
v -707.4999389648438 -384.021728515625 -358.5
v -761.7607421875 -384.021728515625 -358.5
v -761.7608032226562 -384.021728515625 -510.5
v -707.4999389648438 -237.72372436523438 -358.5
v -707.4999389648438 -237.72372436523438 -510.5
v -761.7608032226562 -237.72360229492188 -510.5
v -761.7607421875 -237.72360229492188 -358.5
v -707.4999389648438 -237.72372436523438 -358.5
v -761.7607421875 -237.72360229492188 -358.5
v -761.7607421875 -384.021728515625 -358.5
v -707.4999389648438 -384.021728515625 -358.5
v -761.7608032226562 -237.72360229492188 -510.5
v -707.4999389648438 -237.72372436523438 -510.5
v -707.4999389648438 -384.021728515625 -510.5
v -761.7608032226562 -384.021728515625 -510.5
v -811.5 -256.0108947753906 -510.5
v -811.5 -384.021728515625 -510.5
v -811.5 -384.021728515625 -358.5
v -811.5 -256.0108947753906 -358.5
v -761.7608642578125 -384.021728515625 -510.5
v -761.7608642578125 -237.72360229492188 -510.5
v -761.7607421875 -237.72360229492188 -358.5
v -761.7607421875 -384.021728515625 -358.5
v -761.7608642578125 -384.021728515625 -510.5
v -761.7607421875 -384.021728515625 -358.5
v -811.5 -384.021728515625 -358.5
v -811.5 -384.021728515625 -510.5
v -761.7607421875 -237.72360229492188 -358.5
v -761.7608642578125 -237.72360229492188 -510.5
v -811.5 -256.0108947753906 -510.5
v -811.5 -256.0108947753906 -358.5
v -761.7607421875 -237.72360229492188 -358.5
v -811.5 -256.0108947753906 -358.5
v -811.5 -384.021728515625 -358.5
v -761.7607421875 -384.021728515625 -358.5
v -811.5 -256.0108947753906 -510.5
v -761.7608642578125 -237.72360229492188 -510.5
v -761.7608642578125 -384.021728515625 -510.5
v -811.5 -384.021728515625 -510.5
v -811.4999389648438 -384.0 -510.5
v -811.4999389648438 -608.0 -510.5
v -811.4999389648438 -608.0 -358.5
v -811.4999389648438 -384.0 -358.5
v -707.4999389648438 -608.0 -510.5
v -707.4999389648438 -384.0 -510.5
v -707.4999389648438 -384.0 -358.5
v -707.4999389648438 -608.0 -358.5
v -707.4999389648438 -608.0 -510.5
v -707.4999389648438 -608.0 -358.5
v -811.4999389648438 -608.0 -358.5
v -811.4999389648438 -608.0 -510.5
v -707.4999389648438 -384.0 -358.5
v -707.4999389648438 -384.0 -510.5
v -811.4999389648438 -384.0 -510.5
v -811.4999389648438 -384.0 -358.5
v -707.4999389648438 -384.0 -358.5
v -811.4999389648438 -384.0 -358.5
v -811.4999389648438 -608.0 -358.5
v -707.4999389648438 -608.0 -358.5
v -811.4999389648438 -384.0 -510.5
v -707.4999389648438 -384.0 -510.5
v -707.4999389648438 -608.0 -510.5
v -811.4999389648438 -608.0 -510.5
v -265.23919677734375 -237.72360229492188 825.5
v -265.23919677734375 -384.021728515625 825.5
v -265.23919677734375 -384.021728515625 673.5
v -265.23919677734375 -237.72360229492188 673.5
v -319.50006103515625 -384.021728515625 825.5
v -319.50006103515625 -237.72372436523438 825.5
v -319.50006103515625 -237.72372436523438 673.5
v -319.50006103515625 -384.021728515625 673.5
v -319.50006103515625 -384.021728515625 825.5
v -319.50006103515625 -384.021728515625 673.5
v -265.23919677734375 -384.021728515625 673.5
v -265.23919677734375 -384.021728515625 825.5
v -319.50006103515625 -237.72372436523438 673.5
v -319.50006103515625 -237.72372436523438 825.5
v -265.23919677734375 -237.72360229492188 825.5
v -265.23919677734375 -237.72360229492188 673.5
v -319.50006103515625 -237.72372436523438 673.5
v -265.23919677734375 -237.72360229492188 673.5
v -265.23919677734375 -384.021728515625 673.5
v -319.50006103515625 -384.021728515625 673.5
v -265.23919677734375 -237.72360229492188 825.5
v -319.50006103515625 -237.72372436523438 825.5
v -319.50006103515625 -384.021728515625 825.5
v -265.23919677734375 -384.021728515625 825.5
v -215.49993896484375 -256.0108947753906 825.5
v -215.49993896484375 -384.021728515625 825.5
v -215.49993896484375 -384.021728515625 673.5
v -215.49993896484375 -256.0108947753906 673.5
v -265.23919677734375 -384.021728515625 825.5
v -265.23919677734375 -237.72360229492188 825.5
v -265.23919677734375 -237.72360229492188 673.5
v -265.23919677734375 -384.021728515625 673.5
v -265.23919677734375 -384.021728515625 825.5
v -265.23919677734375 -384.021728515625 673.5
v -215.49993896484375 -384.021728515625 673.5
v -215.49993896484375 -384.021728515625 825.5
v -265.23919677734375 -237.72360229492188 673.5
v -265.23919677734375 -237.72360229492188 825.5
v -215.49993896484375 -256.0108947753906 825.5
v -215.49993896484375 -256.0108947753906 673.5
v -265.23919677734375 -237.72360229492188 673.5
v -215.49993896484375 -256.0108947753906 673.5
v -215.49993896484375 -384.021728515625 673.5
v -265.23919677734375 -384.021728515625 673.5
v -215.49993896484375 -256.0108947753906 825.5
v -265.23919677734375 -237.72360229492188 825.5
v -265.23919677734375 -384.021728515625 825.5
v -215.49993896484375 -384.021728515625 825.5
v -215.5 -384.0 825.5
v -215.5 -608.0 825.5
v -215.5 -608.0 673.5
v -215.5 -384.0 673.5
v -319.5 -608.0 825.5
v -319.5 -384.0 825.5
v -319.5 -384.0 673.5
v -319.5 -608.0 673.5
v -319.5 -608.0 825.5
v -319.5 -608.0 673.5
v -215.5 -608.0 673.5
v -215.5 -608.0 825.5
v -319.5 -384.0 673.5
v -319.5 -384.0 825.5
v -215.5 -384.0 825.5
v -215.5 -384.0 673.5
v -319.5 -384.0 673.5
v -215.5 -384.0 673.5
v -215.5 -608.0 673.5
v -319.5 -608.0 673.5
v -215.5 -384.0 825.5
v -319.5 -384.0 825.5
v -319.5 -608.0 825.5
v -215.5 -608.0 825.5
v -265.23919677734375 -237.72360229492188 665.5
v -265.23919677734375 -384.021728515625 665.5
v -265.23919677734375 -384.021728515625 513.5
v -265.23919677734375 -237.72360229492188 513.5
v -319.50006103515625 -384.021728515625 665.5
v -319.50006103515625 -237.72372436523438 665.5
v -319.50006103515625 -237.72372436523438 513.5
v -319.50006103515625 -384.021728515625 513.5
v -319.50006103515625 -384.021728515625 665.5
v -319.50006103515625 -384.021728515625 513.5
v -265.23919677734375 -384.021728515625 513.5
v -265.23919677734375 -384.021728515625 665.5
v -319.50006103515625 -237.72372436523438 513.5
v -319.50006103515625 -237.72372436523438 665.5
v -265.23919677734375 -237.72360229492188 665.5
v -265.23919677734375 -237.72360229492188 513.5
v -319.50006103515625 -237.72372436523438 513.5
v -265.23919677734375 -237.72360229492188 513.5
v -265.23919677734375 -384.021728515625 513.5
v -319.50006103515625 -384.021728515625 513.5
v -265.23919677734375 -237.72360229492188 665.5
v -319.50006103515625 -237.72372436523438 665.5
v -319.50006103515625 -384.021728515625 665.5
v -265.23919677734375 -384.021728515625 665.5
v -215.49993896484375 -256.0108947753906 665.5
v -215.49993896484375 -384.021728515625 665.5
v -215.49993896484375 -384.021728515625 513.5
v -215.49993896484375 -256.0108947753906 513.5
v -265.23919677734375 -384.021728515625 665.5
v -265.23919677734375 -237.72360229492188 665.5
v -265.23919677734375 -237.72360229492188 513.5
v -265.23919677734375 -384.021728515625 513.5
v -265.23919677734375 -384.021728515625 665.5
v -265.23919677734375 -384.021728515625 513.5
v -215.49993896484375 -384.021728515625 513.5
v -215.49993896484375 -384.021728515625 665.5
v -265.23919677734375 -237.72360229492188 513.5
v -265.23919677734375 -237.72360229492188 665.5
v -215.49993896484375 -256.0108947753906 665.5
v -215.49993896484375 -256.0108947753906 513.5
v -265.23919677734375 -237.72360229492188 513.5
v -215.49993896484375 -256.0108947753906 513.5
v -215.49993896484375 -384.021728515625 513.5
v -265.23919677734375 -384.021728515625 513.5
v -215.49993896484375 -256.0108947753906 665.5
v -265.23919677734375 -237.72360229492188 665.5
v -265.23919677734375 -384.021728515625 665.5
v -215.49993896484375 -384.021728515625 665.5
v -215.5 -384.0 665.5
v -215.5 -608.0 665.5
v -215.5 -608.0 513.5
v -215.5 -384.0 513.5
v -319.5 -608.0 665.5
v -319.5 -384.0 665.5
v -319.5 -384.0 513.5
v -319.5 -608.0 513.5
v -319.5 -608.0 665.5
v -319.5 -608.0 513.5
v -215.5 -608.0 513.5
v -215.5 -608.0 665.5
v -319.5 -384.0 513.5
v -319.5 -384.0 665.5
v -215.5 -384.0 665.5
v -215.5 -384.0 513.5
v -319.5 -384.0 513.5
v -215.5 -384.0 513.5
v -215.5 -608.0 513.5
v -319.5 -608.0 513.5
v -215.5 -384.0 665.5
v -319.5 -384.0 665.5
v -319.5 -608.0 665.5
v -215.5 -608.0 665.5
v -265.23919677734375 -237.72360229492188 505.5000305175781
v -265.23919677734375 -384.021728515625 505.5000305175781
v -265.23919677734375 -384.021728515625 353.5000305175781
v -265.23919677734375 -237.72360229492188 353.5000305175781
v -319.50006103515625 -384.021728515625 505.5000305175781
v -319.50006103515625 -237.72372436523438 505.5000305175781
v -319.50006103515625 -237.72372436523438 353.5000305175781
v -319.50006103515625 -384.021728515625 353.5000305175781
v -319.50006103515625 -384.021728515625 505.5000305175781
v -319.50006103515625 -384.021728515625 353.5000305175781
v -265.23919677734375 -384.021728515625 353.5000305175781
v -265.23919677734375 -384.021728515625 505.5000305175781
v -319.50006103515625 -237.72372436523438 353.5000305175781
v -319.50006103515625 -237.72372436523438 505.5000305175781
v -265.23919677734375 -237.72360229492188 505.5000305175781
v -265.23919677734375 -237.72360229492188 353.5000305175781
v -319.50006103515625 -237.72372436523438 353.5000305175781
v -265.23919677734375 -237.72360229492188 353.5000305175781
v -265.23919677734375 -384.021728515625 353.5000305175781
v -319.50006103515625 -384.021728515625 353.5000305175781
v -265.23919677734375 -237.72360229492188 505.5000305175781
v -319.50006103515625 -237.72372436523438 505.5000305175781
v -319.50006103515625 -384.021728515625 505.5000305175781
v -265.23919677734375 -384.021728515625 505.5000305175781
v -215.49993896484375 -256.0108947753906 505.5000305175781
v -215.49993896484375 -384.021728515625 505.5000305175781
v -215.49993896484375 -384.021728515625 353.5000305175781
v -215.49993896484375 -256.0108947753906 353.5000305175781
v -265.23919677734375 -384.021728515625 505.5000305175781
v -265.23919677734375 -237.72360229492188 505.5000305175781
v -265.23919677734375 -237.72360229492188 353.5000305175781
v -265.23919677734375 -384.021728515625 353.5000305175781
v -265.23919677734375 -384.021728515625 505.5000305175781
v -265.23919677734375 -384.021728515625 353.5000305175781
v -215.49993896484375 -384.021728515625 353.5000305175781
v -215.49993896484375 -384.021728515625 505.5000305175781
v -265.23919677734375 -237.72360229492188 353.5000305175781
v -265.23919677734375 -237.72360229492188 505.5000305175781
v -215.49993896484375 -256.0108947753906 505.5000305175781
v -215.49993896484375 -256.0108947753906 353.5000305175781
v -265.23919677734375 -237.72360229492188 353.5000305175781
v -215.49993896484375 -256.0108947753906 353.5000305175781
v -215.49993896484375 -384.021728515625 353.5000305175781
v -265.23919677734375 -384.021728515625 353.5000305175781
v -215.49993896484375 -256.0108947753906 505.5000305175781
v -265.23919677734375 -237.72360229492188 505.5000305175781
v -265.23919677734375 -384.021728515625 505.5000305175781
v -215.49993896484375 -384.021728515625 505.5000305175781
v -215.5 -384.0 505.5000305175781
v -215.5 -608.0 505.5000305175781
v -215.5 -608.0 353.5000305175781
v -215.5 -384.0 353.5000305175781
v -319.5 -608.0 505.5000305175781
v -319.5 -384.0 505.5000305175781
v -319.5 -384.0 353.5000305175781
v -319.5 -608.0 353.5000305175781
v -319.5 -608.0 505.5000305175781
v -319.5 -608.0 353.5000305175781
v -215.5 -608.0 353.5000305175781
v -215.5 -608.0 505.5000305175781
v -319.5 -384.0 353.5000305175781
v -319.5 -384.0 505.5000305175781
v -215.5 -384.0 505.5000305175781
v -215.5 -384.0 353.5000305175781
v -319.5 -384.0 353.5000305175781
v -215.5 -384.0 353.5000305175781
v -215.5 -608.0 353.5000305175781
v -319.5 -608.0 353.5000305175781
v -215.5 -384.0 505.5000305175781
v -319.5 -384.0 505.5000305175781
v -319.5 -608.0 505.5000305175781
v -215.5 -608.0 505.5000305175781
v -377.76080322265625 -237.72360229492188 353.5000305175781
v -377.76080322265625 -384.021728515625 353.5000305175781
v -377.76080322265625 -384.021728515625 505.5000305175781
v -377.76080322265625 -237.72360229492188 505.5000305175781
v -323.5 -384.021728515625 353.5000305175781
v -323.5 -237.72372436523438 353.5000305175781
v -323.49993896484375 -237.72372436523438 505.5000305175781
v -323.49993896484375 -384.021728515625 505.5000305175781
v -323.5 -384.021728515625 353.5000305175781
v -323.49993896484375 -384.021728515625 505.5000305175781
v -377.76080322265625 -384.021728515625 505.5000305175781
v -377.76080322265625 -384.021728515625 353.5000305175781
v -323.49993896484375 -237.72372436523438 505.5000305175781
v -323.5 -237.72372436523438 353.5000305175781
v -377.76080322265625 -237.72360229492188 353.5000305175781
v -377.76080322265625 -237.72360229492188 505.5000305175781
v -323.49993896484375 -237.72372436523438 505.5000305175781
v -377.76080322265625 -237.72360229492188 505.5000305175781
v -377.76080322265625 -384.021728515625 505.5000305175781
v -323.49993896484375 -384.021728515625 505.5000305175781
v -377.76080322265625 -237.72360229492188 353.5000305175781
v -323.5 -237.72372436523438 353.5000305175781
v -323.5 -384.021728515625 353.5000305175781
v -377.76080322265625 -384.021728515625 353.5000305175781
v -427.5 -256.0108947753906 353.5000305175781
v -427.5 -384.021728515625 353.5000305175781
v -427.4998779296875 -384.021728515625 505.5000305175781
v -427.4998779296875 -256.0108947753906 505.5000305175781
v -377.7607421875 -384.021728515625 353.5000305175781
v -377.7607421875 -237.72360229492188 353.5000305175781
v -377.7607421875 -237.72360229492188 505.5000305175781
v -377.7607421875 -384.021728515625 505.5000305175781
v -377.7607421875 -384.021728515625 353.5000305175781
v -377.7607421875 -384.021728515625 505.5000305175781
v -427.4998779296875 -384.021728515625 505.5000305175781
v -427.5 -384.021728515625 353.5000305175781
v -377.7607421875 -237.72360229492188 505.5000305175781
v -377.7607421875 -237.72360229492188 353.5000305175781
v -427.5 -256.0108947753906 353.5000305175781
v -427.4998779296875 -256.0108947753906 505.5000305175781
v -377.7607421875 -237.72360229492188 505.5000305175781
v -427.4998779296875 -256.0108947753906 505.5000305175781
v -427.4998779296875 -384.021728515625 505.5000305175781
v -377.7607421875 -384.021728515625 505.5000305175781
v -427.5 -256.0108947753906 353.5000305175781
v -377.7607421875 -237.72360229492188 353.5000305175781
v -377.7607421875 -384.021728515625 353.5000305175781
v -427.5 -384.021728515625 353.5000305175781
v -427.5 -384.0 353.5000305175781
v -427.5 -608.0 353.5000305175781
v -427.5 -608.0 505.5000305175781
v -427.5 -384.0 505.5000305175781
v -323.5 -608.0 353.5000305175781
v -323.5 -384.0 353.5000305175781
v -323.5 -384.0 505.5000305175781
v -323.5 -608.0 505.5000305175781
v -323.5 -608.0 353.5000305175781
v -323.5 -608.0 505.5000305175781
v -427.5 -608.0 505.5000305175781
v -427.5 -608.0 353.5000305175781
v -323.5 -384.0 505.5000305175781
v -323.5 -384.0 353.5000305175781
v -427.5 -384.0 353.5000305175781
v -427.5 -384.0 505.5000305175781
v -323.5 -384.0 505.5000305175781
v -427.5 -384.0 505.5000305175781
v -427.5 -608.0 505.5000305175781
v -323.5 -608.0 505.5000305175781
v -427.5 -384.0 353.5000305175781
v -323.5 -384.0 353.5000305175781
v -323.5 -608.0 353.5000305175781
v -427.5 -608.0 353.5000305175781
v -377.76080322265625 -237.72360229492188 513.5
v -377.76080322265625 -384.021728515625 513.5
v -377.76080322265625 -384.021728515625 665.5
v -377.76080322265625 -237.72360229492188 665.5
v -323.49993896484375 -384.021728515625 513.5
v -323.49993896484375 -237.72372436523438 513.5
v -323.49993896484375 -237.72372436523438 665.5
v -323.49993896484375 -384.021728515625 665.5
v -323.49993896484375 -384.021728515625 513.5
v -323.49993896484375 -384.021728515625 665.5
v -377.76080322265625 -384.021728515625 665.5
v -377.76080322265625 -384.021728515625 513.5
v -323.49993896484375 -237.72372436523438 665.5
v -323.49993896484375 -237.72372436523438 513.5
v -377.76080322265625 -237.72360229492188 513.5
v -377.76080322265625 -237.72360229492188 665.5
v -323.49993896484375 -237.72372436523438 665.5
v -377.76080322265625 -237.72360229492188 665.5
v -377.76080322265625 -384.021728515625 665.5
v -323.49993896484375 -384.021728515625 665.5
v -377.76080322265625 -237.72360229492188 513.5
v -323.49993896484375 -237.72372436523438 513.5
v -323.49993896484375 -384.021728515625 513.5
v -377.76080322265625 -384.021728515625 513.5
v -427.49993896484375 -256.0108947753906 513.5
v -427.49993896484375 -384.021728515625 513.5
v -427.49993896484375 -384.021728515625 665.5
v -427.49993896484375 -256.0108947753906 665.5
v -377.76080322265625 -384.021728515625 513.5
v -377.76080322265625 -237.72360229492188 513.5
v -377.76080322265625 -237.72360229492188 665.5
v -377.76080322265625 -384.021728515625 665.5
v -377.76080322265625 -384.021728515625 513.5
v -377.76080322265625 -384.021728515625 665.5
v -427.49993896484375 -384.021728515625 665.5
v -427.49993896484375 -384.021728515625 513.5
v -377.76080322265625 -237.72360229492188 665.5
v -377.76080322265625 -237.72360229492188 513.5
v -427.49993896484375 -256.0108947753906 513.5
v -427.49993896484375 -256.0108947753906 665.5
v -377.76080322265625 -237.72360229492188 665.5
v -427.49993896484375 -256.0108947753906 665.5
v -427.49993896484375 -384.021728515625 665.5
v -377.76080322265625 -384.021728515625 665.5
v -427.49993896484375 -256.0108947753906 513.5
v -377.76080322265625 -237.72360229492188 513.5
v -377.76080322265625 -384.021728515625 513.5
v -427.49993896484375 -384.021728515625 513.5
v -427.49993896484375 -384.0 513.5
v -427.49993896484375 -608.0 513.5
v -427.49993896484375 -608.0 665.5
v -427.49993896484375 -384.0 665.5
v -323.49993896484375 -608.0 513.5
v -323.49993896484375 -384.0 513.5
v -323.49993896484375 -384.0 665.5
v -323.49993896484375 -608.0 665.5
v -323.49993896484375 -608.0 513.5
v -323.49993896484375 -608.0 665.5
v -427.49993896484375 -608.0 665.5
v -427.49993896484375 -608.0 513.5
v -323.49993896484375 -384.0 665.5
v -323.49993896484375 -384.0 513.5
v -427.49993896484375 -384.0 513.5
v -427.49993896484375 -384.0 665.5
v -323.49993896484375 -384.0 665.5
v -427.49993896484375 -384.0 665.5
v -427.49993896484375 -608.0 665.5
v -323.49993896484375 -608.0 665.5
v -427.49993896484375 -384.0 513.5
v -323.49993896484375 -384.0 513.5
v -323.49993896484375 -608.0 513.5
v -427.49993896484375 -608.0 513.5
v -377.76080322265625 -237.72360229492188 673.5
v -377.76080322265625 -384.021728515625 673.5
v -377.7607421875 -384.021728515625 825.5
v -377.7607421875 -237.72360229492188 825.5
v -323.49993896484375 -384.021728515625 673.5
v -323.49993896484375 -237.72372436523438 673.5
v -323.49993896484375 -237.72372436523438 825.5
v -323.49993896484375 -384.021728515625 825.5
v -323.49993896484375 -384.021728515625 673.5
v -323.49993896484375 -384.021728515625 825.5
v -377.7607421875 -384.021728515625 825.5
v -377.76080322265625 -384.021728515625 673.5
v -323.49993896484375 -237.72372436523438 825.5
v -323.49993896484375 -237.72372436523438 673.5
v -377.76080322265625 -237.72360229492188 673.5
v -377.7607421875 -237.72360229492188 825.5
v -323.49993896484375 -237.72372436523438 825.5
v -377.7607421875 -237.72360229492188 825.5
v -377.7607421875 -384.021728515625 825.5
v -323.49993896484375 -384.021728515625 825.5
v -377.76080322265625 -237.72360229492188 673.5
v -323.49993896484375 -237.72372436523438 673.5
v -323.49993896484375 -384.021728515625 673.5
v -377.76080322265625 -384.021728515625 673.5
v -427.5 -256.0108947753906 673.5
v -427.5 -384.021728515625 673.5
v -427.5 -384.021728515625 825.5
v -427.5 -256.0108947753906 825.5
v -377.7608642578125 -384.021728515625 673.5
v -377.7608642578125 -237.72360229492188 673.5
v -377.7607421875 -237.72360229492188 825.5
v -377.7607421875 -384.021728515625 825.5
v -377.7608642578125 -384.021728515625 673.5
v -377.7607421875 -384.021728515625 825.5
v -427.5 -384.021728515625 825.5
v -427.5 -384.021728515625 673.5
v -377.7607421875 -237.72360229492188 825.5
v -377.7608642578125 -237.72360229492188 673.5
v -427.5 -256.0108947753906 673.5
v -427.5 -256.0108947753906 825.5
v -377.7607421875 -237.72360229492188 825.5
v -427.5 -256.0108947753906 825.5
v -427.5 -384.021728515625 825.5
v -377.7607421875 -384.021728515625 825.5
v -427.5 -256.0108947753906 673.5
v -377.7608642578125 -237.72360229492188 673.5
v -377.7608642578125 -384.021728515625 673.5
v -427.5 -384.021728515625 673.5
v -427.49993896484375 -384.0 673.5
v -427.49993896484375 -608.0 673.5
v -427.49993896484375 -608.0 825.5
v -427.49993896484375 -384.0 825.5
v -323.49993896484375 -608.0 673.5
v -323.49993896484375 -384.0 673.5
v -323.49993896484375 -384.0 825.5
v -323.49993896484375 -608.0 825.5
v -323.49993896484375 -608.0 673.5
v -323.49993896484375 -608.0 825.5
v -427.49993896484375 -608.0 825.5
v -427.49993896484375 -608.0 673.5
v -323.49993896484375 -384.0 825.5
v -323.49993896484375 -384.0 673.5
v -427.49993896484375 -384.0 673.5
v -427.49993896484375 -384.0 825.5
v -323.49993896484375 -384.0 825.5
v -427.49993896484375 -384.0 825.5
v -427.49993896484375 -608.0 825.5
v -323.49993896484375 -608.0 825.5
v -427.49993896484375 -384.0 673.5
v -323.49993896484375 -384.0 673.5
v -323.49993896484375 -608.0 673.5
v -427.49993896484375 -608.0 673.5
v -265.23919677734375 -237.72360229492188 121.50003051757812
v -265.23919677734375 -384.021728515625 121.50003051757812
v -265.23919677734375 -384.021728515625 -30.499969482421875
v -265.23919677734375 -237.72360229492188 -30.499969482421875
v -319.50006103515625 -384.021728515625 121.50003051757812
v -319.50006103515625 -237.72372436523438 121.50003051757812
v -319.50006103515625 -237.72372436523438 -30.499969482421875
v -319.50006103515625 -384.021728515625 -30.499969482421875
v -319.50006103515625 -384.021728515625 121.50003051757812
v -319.50006103515625 -384.021728515625 -30.499969482421875
v -265.23919677734375 -384.021728515625 -30.499969482421875
v -265.23919677734375 -384.021728515625 121.50003051757812
v -319.50006103515625 -237.72372436523438 -30.499969482421875
v -319.50006103515625 -237.72372436523438 121.50003051757812
v -265.23919677734375 -237.72360229492188 121.50003051757812
v -265.23919677734375 -237.72360229492188 -30.499969482421875
v -319.50006103515625 -237.72372436523438 -30.499969482421875
v -265.23919677734375 -237.72360229492188 -30.499969482421875
v -265.23919677734375 -384.021728515625 -30.499969482421875
v -319.50006103515625 -384.021728515625 -30.499969482421875
v -265.23919677734375 -237.72360229492188 121.50003051757812
v -319.50006103515625 -237.72372436523438 121.50003051757812
v -319.50006103515625 -384.021728515625 121.50003051757812
v -265.23919677734375 -384.021728515625 121.50003051757812
v -215.49993896484375 -256.0108947753906 121.50003051757812
v -215.49993896484375 -384.021728515625 121.50003051757812
v -215.49993896484375 -384.021728515625 -30.499969482421875
v -215.49993896484375 -256.0108947753906 -30.499969482421875
v -265.23919677734375 -384.021728515625 121.50003051757812
v -265.23919677734375 -237.72360229492188 121.50003051757812
v -265.23919677734375 -237.72360229492188 -30.499969482421875
v -265.23919677734375 -384.021728515625 -30.499969482421875
v -265.23919677734375 -384.021728515625 121.50003051757812
v -265.23919677734375 -384.021728515625 -30.499969482421875
v -215.49993896484375 -384.021728515625 -30.499969482421875
v -215.49993896484375 -384.021728515625 121.50003051757812
v -265.23919677734375 -237.72360229492188 -30.499969482421875
v -265.23919677734375 -237.72360229492188 121.50003051757812
v -215.49993896484375 -256.0108947753906 121.50003051757812
v -215.49993896484375 -256.0108947753906 -30.499969482421875
v -265.23919677734375 -237.72360229492188 -30.499969482421875
v -215.49993896484375 -256.0108947753906 -30.499969482421875
v -215.49993896484375 -384.021728515625 -30.499969482421875
v -265.23919677734375 -384.021728515625 -30.499969482421875
v -215.49993896484375 -256.0108947753906 121.50003051757812
v -265.23919677734375 -237.72360229492188 121.50003051757812
v -265.23919677734375 -384.021728515625 121.50003051757812
v -215.49993896484375 -384.021728515625 121.50003051757812
v -215.5 -384.0 121.50003051757812
v -215.5 -608.0 121.50003051757812
v -215.5 -608.0 -30.499969482421875
v -215.5 -384.0 -30.499969482421875
v -319.5 -608.0 121.50003051757812
v -319.5 -384.0 121.50003051757812
v -319.5 -384.0 -30.499969482421875
v -319.5 -608.0 -30.499969482421875
v -319.5 -608.0 121.50003051757812
v -319.5 -608.0 -30.499969482421875
v -215.5 -608.0 -30.499969482421875
v -215.5 -608.0 121.50003051757812
v -319.5 -384.0 -30.499969482421875
v -319.5 -384.0 121.50003051757812
v -215.5 -384.0 121.50003051757812
v -215.5 -384.0 -30.499969482421875
v -319.5 -384.0 -30.499969482421875
v -215.5 -384.0 -30.499969482421875
v -215.5 -608.0 -30.499969482421875
v -319.5 -608.0 -30.499969482421875
v -215.5 -384.0 121.50003051757812
v -319.5 -384.0 121.50003051757812
v -319.5 -608.0 121.50003051757812
v -215.5 -608.0 121.50003051757812
v -265.23919677734375 -237.72360229492188 -198.49996948242188
v -265.23919677734375 -384.021728515625 -198.49996948242188
v -265.23919677734375 -384.021728515625 -350.4999694824219
v -265.23919677734375 -237.72360229492188 -350.4999694824219
v -319.50006103515625 -384.021728515625 -198.49996948242188
v -319.50006103515625 -237.72372436523438 -198.49996948242188
v -319.50006103515625 -237.72372436523438 -350.4999694824219
v -319.50006103515625 -384.021728515625 -350.4999694824219
v -319.50006103515625 -384.021728515625 -198.49996948242188
v -319.50006103515625 -384.021728515625 -350.4999694824219
v -265.23919677734375 -384.021728515625 -350.4999694824219
v -265.23919677734375 -384.021728515625 -198.49996948242188
v -319.50006103515625 -237.72372436523438 -350.4999694824219
v -319.50006103515625 -237.72372436523438 -198.49996948242188
v -265.23919677734375 -237.72360229492188 -198.49996948242188
v -265.23919677734375 -237.72360229492188 -350.4999694824219
v -319.50006103515625 -237.72372436523438 -350.4999694824219
v -265.23919677734375 -237.72360229492188 -350.4999694824219
v -265.23919677734375 -384.021728515625 -350.4999694824219
v -319.50006103515625 -384.021728515625 -350.4999694824219
v -265.23919677734375 -237.72360229492188 -198.49996948242188
v -319.50006103515625 -237.72372436523438 -198.49996948242188
v -319.50006103515625 -384.021728515625 -198.49996948242188
v -265.23919677734375 -384.021728515625 -198.49996948242188
v -215.49993896484375 -256.0108947753906 -198.49996948242188
v -215.49993896484375 -384.021728515625 -198.49996948242188
v -215.49993896484375 -384.021728515625 -350.4999694824219
v -215.49993896484375 -256.0108947753906 -350.4999694824219
v -265.23919677734375 -384.021728515625 -198.49996948242188
v -265.23919677734375 -237.72360229492188 -198.49996948242188
v -265.23919677734375 -237.72360229492188 -350.4999694824219
v -265.23919677734375 -384.021728515625 -350.4999694824219
v -265.23919677734375 -384.021728515625 -198.49996948242188
v -265.23919677734375 -384.021728515625 -350.4999694824219
v -215.49993896484375 -384.021728515625 -350.4999694824219
v -215.49993896484375 -384.021728515625 -198.49996948242188
v -265.23919677734375 -237.72360229492188 -350.4999694824219
v -265.23919677734375 -237.72360229492188 -198.49996948242188
v -215.49993896484375 -256.0108947753906 -198.49996948242188
v -215.49993896484375 -256.0108947753906 -350.4999694824219
v -265.23919677734375 -237.72360229492188 -350.4999694824219
v -215.49993896484375 -256.0108947753906 -350.4999694824219
v -215.49993896484375 -384.021728515625 -350.4999694824219
v -265.23919677734375 -384.021728515625 -350.4999694824219
v -215.49993896484375 -256.0108947753906 -198.49996948242188
v -265.23919677734375 -237.72360229492188 -198.49996948242188
v -265.23919677734375 -384.021728515625 -198.49996948242188
v -215.49993896484375 -384.021728515625 -198.49996948242188
v -215.5 -384.0 -198.49996948242188
v -215.5 -608.0 -198.49996948242188
v -215.5 -608.0 -350.4999694824219
v -215.5 -384.0 -350.4999694824219
v -319.5 -608.0 -198.49996948242188
v -319.5 -384.0 -198.49996948242188
v -319.5 -384.0 -350.4999694824219
v -319.5 -608.0 -350.4999694824219
v -319.5 -608.0 -198.49996948242188
v -319.5 -608.0 -350.4999694824219
v -215.5 -608.0 -350.4999694824219
v -215.5 -608.0 -198.49996948242188
v -319.5 -384.0 -350.4999694824219
v -319.5 -384.0 -198.49996948242188
v -215.5 -384.0 -198.49996948242188
v -215.5 -384.0 -350.4999694824219
v -319.5 -384.0 -350.4999694824219
v -215.5 -384.0 -350.4999694824219
v -215.5 -608.0 -350.4999694824219
v -319.5 -608.0 -350.4999694824219
v -215.5 -384.0 -198.49996948242188
v -319.5 -384.0 -198.49996948242188
v -319.5 -608.0 -198.49996948242188
v -215.5 -608.0 -198.49996948242188
v -377.76080322265625 -237.72360229492188 -350.4999694824219
v -377.76080322265625 -384.021728515625 -350.4999694824219
v -377.76080322265625 -384.021728515625 -198.49996948242188
v -377.76080322265625 -237.72360229492188 -198.49996948242188
v -323.5 -384.021728515625 -350.4999694824219
v -323.5 -237.72372436523438 -350.4999694824219
v -323.49993896484375 -237.72372436523438 -198.49996948242188
v -323.49993896484375 -384.021728515625 -198.49996948242188
v -323.5 -384.021728515625 -350.4999694824219
v -323.49993896484375 -384.021728515625 -198.49996948242188
v -377.76080322265625 -384.021728515625 -198.49996948242188
v -377.76080322265625 -384.021728515625 -350.4999694824219
v -323.49993896484375 -237.72372436523438 -198.49996948242188
v -323.5 -237.72372436523438 -350.4999694824219
v -377.76080322265625 -237.72360229492188 -350.4999694824219
v -377.76080322265625 -237.72360229492188 -198.49996948242188
v -323.49993896484375 -237.72372436523438 -198.49996948242188
v -377.76080322265625 -237.72360229492188 -198.49996948242188
v -377.76080322265625 -384.021728515625 -198.49996948242188
v -323.49993896484375 -384.021728515625 -198.49996948242188
v -377.76080322265625 -237.72360229492188 -350.4999694824219
v -323.5 -237.72372436523438 -350.4999694824219
v -323.5 -384.021728515625 -350.4999694824219
v -377.76080322265625 -384.021728515625 -350.4999694824219
v -427.5 -256.0108947753906 -350.4999694824219
v -427.5 -384.021728515625 -350.4999694824219
v -427.4998779296875 -384.021728515625 -198.49996948242188
v -427.4998779296875 -256.0108947753906 -198.49996948242188
v -377.7607421875 -384.021728515625 -350.4999694824219
v -377.7607421875 -237.72360229492188 -350.4999694824219
v -377.7607421875 -237.72360229492188 -198.49996948242188
v -377.7607421875 -384.021728515625 -198.49996948242188
v -377.7607421875 -384.021728515625 -350.4999694824219
v -377.7607421875 -384.021728515625 -198.49996948242188
v -427.4998779296875 -384.021728515625 -198.49996948242188
v -427.5 -384.021728515625 -350.4999694824219
v -377.7607421875 -237.72360229492188 -198.49996948242188
v -377.7607421875 -237.72360229492188 -350.4999694824219
v -427.5 -256.0108947753906 -350.4999694824219
v -427.4998779296875 -256.0108947753906 -198.49996948242188
v -377.7607421875 -237.72360229492188 -198.49996948242188
v -427.4998779296875 -256.0108947753906 -198.49996948242188
v -427.4998779296875 -384.021728515625 -198.49996948242188
v -377.7607421875 -384.021728515625 -198.49996948242188
v -427.5 -256.0108947753906 -350.4999694824219
v -377.7607421875 -237.72360229492188 -350.4999694824219
v -377.7607421875 -384.021728515625 -350.4999694824219
v -427.5 -384.021728515625 -350.4999694824219
v -427.5 -384.0 -350.4999694824219
v -427.5 -608.0 -350.4999694824219
v -427.5 -608.0 -198.49996948242188
v -427.5 -384.0 -198.49996948242188
v -323.5 -608.0 -350.4999694824219
v -323.5 -384.0 -350.4999694824219
v -323.5 -384.0 -198.49996948242188
v -323.5 -608.0 -198.49996948242188
v -323.5 -608.0 -350.4999694824219
v -323.5 -608.0 -198.49996948242188
v -427.5 -608.0 -198.49996948242188
v -427.5 -608.0 -350.4999694824219
v -323.5 -384.0 -198.49996948242188
v -323.5 -384.0 -350.4999694824219
v -427.5 -384.0 -350.4999694824219
v -427.5 -384.0 -198.49996948242188
v -323.5 -384.0 -198.49996948242188
v -427.5 -384.0 -198.49996948242188
v -427.5 -608.0 -198.49996948242188
v -323.5 -608.0 -198.49996948242188
v -427.5 -384.0 -350.4999694824219
v -323.5 -384.0 -350.4999694824219
v -323.5 -608.0 -350.4999694824219
v -427.5 -608.0 -350.4999694824219
v -377.76080322265625 -237.72360229492188 -190.5
v -377.76080322265625 -384.021728515625 -190.5
v -377.76080322265625 -384.021728515625 -38.5
v -377.76080322265625 -237.72360229492188 -38.5
v -323.49993896484375 -384.021728515625 -190.5
v -323.49993896484375 -237.72372436523438 -190.5
v -323.49993896484375 -237.72372436523438 -38.5
v -323.49993896484375 -384.021728515625 -38.5
v -323.49993896484375 -384.021728515625 -190.5
v -323.49993896484375 -384.021728515625 -38.5
v -377.76080322265625 -384.021728515625 -38.5
v -377.76080322265625 -384.021728515625 -190.5
v -323.49993896484375 -237.72372436523438 -38.5
v -323.49993896484375 -237.72372436523438 -190.5
v -377.76080322265625 -237.72360229492188 -190.5
v -377.76080322265625 -237.72360229492188 -38.5
v -323.49993896484375 -237.72372436523438 -38.5
v -377.76080322265625 -237.72360229492188 -38.5
v -377.76080322265625 -384.021728515625 -38.5
v -323.49993896484375 -384.021728515625 -38.5
v -377.76080322265625 -237.72360229492188 -190.5
v -323.49993896484375 -237.72372436523438 -190.5
v -323.49993896484375 -384.021728515625 -190.5
v -377.76080322265625 -384.021728515625 -190.5
v -427.49993896484375 -256.0108947753906 -190.5
v -427.49993896484375 -384.021728515625 -190.5
v -427.49993896484375 -384.021728515625 -38.5
v -427.49993896484375 -256.0108947753906 -38.5
v -377.76080322265625 -384.021728515625 -190.5
v -377.76080322265625 -237.72360229492188 -190.5
v -377.76080322265625 -237.72360229492188 -38.5
v -377.76080322265625 -384.021728515625 -38.5
v -377.76080322265625 -384.021728515625 -190.5
v -377.76080322265625 -384.021728515625 -38.5
v -427.49993896484375 -384.021728515625 -38.5
v -427.49993896484375 -384.021728515625 -190.5
v -377.76080322265625 -237.72360229492188 -38.5
v -377.76080322265625 -237.72360229492188 -190.5
v -427.49993896484375 -256.0108947753906 -190.5
v -427.49993896484375 -256.0108947753906 -38.5
v -377.76080322265625 -237.72360229492188 -38.5
v -427.49993896484375 -256.0108947753906 -38.5
v -427.49993896484375 -384.021728515625 -38.5
v -377.76080322265625 -384.021728515625 -38.5
v -427.49993896484375 -256.0108947753906 -190.5
v -377.76080322265625 -237.72360229492188 -190.5
v -377.76080322265625 -384.021728515625 -190.5
v -427.49993896484375 -384.021728515625 -190.5
v -427.49993896484375 -384.0 -190.5
v -427.49993896484375 -608.0 -190.5
v -427.49993896484375 -608.0 -38.5
v -427.49993896484375 -384.0 -38.5
v -323.49993896484375 -608.0 -190.5
v -323.49993896484375 -384.0 -190.5
v -323.49993896484375 -384.0 -38.5
v -323.49993896484375 -608.0 -38.5
v -323.49993896484375 -608.0 -190.5
v -323.49993896484375 -608.0 -38.5
v -427.49993896484375 -608.0 -38.5
v -427.49993896484375 -608.0 -190.5
v -323.49993896484375 -384.0 -38.5
v -323.49993896484375 -384.0 -190.5
v -427.49993896484375 -384.0 -190.5
v -427.49993896484375 -384.0 -38.5
v -323.49993896484375 -384.0 -38.5
v -427.49993896484375 -384.0 -38.5
v -427.49993896484375 -608.0 -38.5
v -323.49993896484375 -608.0 -38.5
v -427.49993896484375 -384.0 -190.5
v -323.49993896484375 -384.0 -190.5
v -323.49993896484375 -608.0 -190.5
v -427.49993896484375 -608.0 -190.5
v -377.76080322265625 -237.72360229492188 -30.499969482421875
v -377.76080322265625 -384.021728515625 -30.499969482421875
v -377.7607421875 -384.021728515625 121.50003051757812
v -377.7607421875 -237.72360229492188 121.50003051757812
v -323.49993896484375 -384.021728515625 -30.499969482421875
v -323.49993896484375 -237.72372436523438 -30.499969482421875
v -323.49993896484375 -237.72372436523438 121.50003051757812
v -323.49993896484375 -384.021728515625 121.50003051757812
v -323.49993896484375 -384.021728515625 -30.499969482421875
v -323.49993896484375 -384.021728515625 121.50003051757812
v -377.7607421875 -384.021728515625 121.50003051757812
v -377.76080322265625 -384.021728515625 -30.499969482421875
v -323.49993896484375 -237.72372436523438 121.50003051757812
v -323.49993896484375 -237.72372436523438 -30.499969482421875
v -377.76080322265625 -237.72360229492188 -30.499969482421875
v -377.7607421875 -237.72360229492188 121.50003051757812
v -323.49993896484375 -237.72372436523438 121.50003051757812
v -377.7607421875 -237.72360229492188 121.50003051757812
v -377.7607421875 -384.021728515625 121.50003051757812
v -323.49993896484375 -384.021728515625 121.50003051757812
v -377.76080322265625 -237.72360229492188 -30.499969482421875
v -323.49993896484375 -237.72372436523438 -30.499969482421875
v -323.49993896484375 -384.021728515625 -30.499969482421875
v -377.76080322265625 -384.021728515625 -30.499969482421875
v -427.5 -256.0108947753906 -30.499969482421875
v -427.5 -384.021728515625 -30.499969482421875
v -427.5 -384.021728515625 121.50003051757812
v -427.5 -256.0108947753906 121.50003051757812
v -377.7608642578125 -384.021728515625 -30.499969482421875
v -377.7608642578125 -237.72360229492188 -30.499969482421875
v -377.7607421875 -237.72360229492188 121.50003051757812
v -377.7607421875 -384.021728515625 121.50003051757812
v -377.7608642578125 -384.021728515625 -30.499969482421875
v -377.7607421875 -384.021728515625 121.50003051757812
v -427.5 -384.021728515625 121.50003051757812
v -427.5 -384.021728515625 -30.499969482421875
v -377.7607421875 -237.72360229492188 121.50003051757812
v -377.7608642578125 -237.72360229492188 -30.499969482421875
v -427.5 -256.0108947753906 -30.499969482421875
v -427.5 -256.0108947753906 121.50003051757812
v -377.7607421875 -237.72360229492188 121.50003051757812
v -427.5 -256.0108947753906 121.50003051757812
v -427.5 -384.021728515625 121.50003051757812
v -377.7607421875 -384.021728515625 121.50003051757812
v -427.5 -256.0108947753906 -30.499969482421875
v -377.7608642578125 -237.72360229492188 -30.499969482421875
v -377.7608642578125 -384.021728515625 -30.499969482421875
v -427.5 -384.021728515625 -30.499969482421875
v -427.49993896484375 -384.0 -30.499969482421875
v -427.49993896484375 -608.0 -30.499969482421875
v -427.49993896484375 -608.0 121.50003051757812
v -427.49993896484375 -384.0 121.50003051757812
v -323.49993896484375 -608.0 -30.499969482421875
v -323.49993896484375 -384.0 -30.499969482421875
v -323.49993896484375 -384.0 121.50003051757812
v -323.49993896484375 -608.0 121.50003051757812
v -323.49993896484375 -608.0 -30.499969482421875
v -323.49993896484375 -608.0 121.50003051757812
v -427.49993896484375 -608.0 121.50003051757812
v -427.49993896484375 -608.0 -30.499969482421875
v -323.49993896484375 -384.0 121.50003051757812
v -323.49993896484375 -384.0 -30.499969482421875
v -427.49993896484375 -384.0 -30.499969482421875
v -427.49993896484375 -384.0 121.50003051757812
v -323.49993896484375 -384.0 121.50003051757812
v -427.49993896484375 -384.0 121.50003051757812
v -427.49993896484375 -608.0 121.50003051757812
v -323.49993896484375 -608.0 121.50003051757812
v -427.49993896484375 -384.0 -30.499969482421875
v -323.49993896484375 -384.0 -30.499969482421875
v -323.49993896484375 -608.0 -30.499969482421875
v -427.49993896484375 -608.0 -30.499969482421875
v -265.23919677734375 -237.72360229492188 -358.4999694824219
v -265.23919677734375 -384.021728515625 -358.4999694824219
v -265.23919677734375 -384.021728515625 -510.5
v -265.23919677734375 -237.72360229492188 -510.5
v -319.50006103515625 -384.021728515625 -358.4999694824219
v -319.50006103515625 -237.72372436523438 -358.4999694824219
v -319.50006103515625 -237.72372436523438 -510.5
v -319.50006103515625 -384.021728515625 -510.5
v -319.50006103515625 -384.021728515625 -358.4999694824219
v -319.50006103515625 -384.021728515625 -510.5
v -265.23919677734375 -384.021728515625 -510.5
v -265.23919677734375 -384.021728515625 -358.4999694824219
v -319.50006103515625 -237.72372436523438 -510.5
v -319.50006103515625 -237.72372436523438 -358.4999694824219
v -265.23919677734375 -237.72360229492188 -358.4999694824219
v -265.23919677734375 -237.72360229492188 -510.5
v -319.50006103515625 -237.72372436523438 -510.5
v -265.23919677734375 -237.72360229492188 -510.5
v -265.23919677734375 -384.021728515625 -510.5
v -319.50006103515625 -384.021728515625 -510.5
v -265.23919677734375 -237.72360229492188 -358.4999694824219
v -319.50006103515625 -237.72372436523438 -358.4999694824219
v -319.50006103515625 -384.021728515625 -358.4999694824219
v -265.23919677734375 -384.021728515625 -358.4999694824219
v -215.49993896484375 -256.0108947753906 -358.4999694824219
v -215.49993896484375 -384.021728515625 -358.4999694824219
v -215.49993896484375 -384.021728515625 -510.5
v -215.49993896484375 -256.0108947753906 -510.5
v -265.23919677734375 -384.021728515625 -358.4999694824219
v -265.23919677734375 -237.72360229492188 -358.4999694824219
v -265.23919677734375 -237.72360229492188 -510.5
v -265.23919677734375 -384.021728515625 -510.5
v -265.23919677734375 -384.021728515625 -358.4999694824219
v -265.23919677734375 -384.021728515625 -510.5
v -215.49993896484375 -384.021728515625 -510.5
v -215.49993896484375 -384.021728515625 -358.4999694824219
v -265.23919677734375 -237.72360229492188 -510.5
v -265.23919677734375 -237.72360229492188 -358.4999694824219
v -215.49993896484375 -256.0108947753906 -358.4999694824219
v -215.49993896484375 -256.0108947753906 -510.5
v -265.23919677734375 -237.72360229492188 -510.5
v -215.49993896484375 -256.0108947753906 -510.5
v -215.49993896484375 -384.021728515625 -510.5
v -265.23919677734375 -384.021728515625 -510.5
v -215.49993896484375 -256.0108947753906 -358.4999694824219
v -265.23919677734375 -237.72360229492188 -358.4999694824219
v -265.23919677734375 -384.021728515625 -358.4999694824219
v -215.49993896484375 -384.021728515625 -358.4999694824219
v -215.5 -384.0 -358.4999694824219
v -215.5 -608.0 -358.4999694824219
v -215.5 -608.0 -510.5
v -215.5 -384.0 -510.5
v -319.5 -608.0 -358.4999694824219
v -319.5 -384.0 -358.4999694824219
v -319.5 -384.0 -510.5
v -319.5 -608.0 -510.5
v -319.5 -608.0 -358.4999694824219
v -319.5 -608.0 -510.5
v -215.5 -608.0 -510.5
v -215.5 -608.0 -358.4999694824219
v -319.5 -384.0 -510.5
v -319.5 -384.0 -358.4999694824219
v -215.5 -384.0 -358.4999694824219
v -215.5 -384.0 -510.5
v -319.5 -384.0 -510.5
v -215.5 -384.0 -510.5
v -215.5 -608.0 -510.5
v -319.5 -608.0 -510.5
v -215.5 -384.0 -358.4999694824219
v -319.5 -384.0 -358.4999694824219
v -319.5 -608.0 -358.4999694824219
v -215.5 -608.0 -358.4999694824219
v -265.23919677734375 -237.72360229492188 -518.5
v -265.23919677734375 -384.021728515625 -518.5
v -265.23919677734375 -384.021728515625 -670.5
v -265.23919677734375 -237.72360229492188 -670.5
v -319.50006103515625 -384.021728515625 -518.5
v -319.50006103515625 -237.72372436523438 -518.5
v -319.50006103515625 -237.72372436523438 -670.5
v -319.50006103515625 -384.021728515625 -670.5
v -319.50006103515625 -384.021728515625 -518.5
v -319.50006103515625 -384.021728515625 -670.5
v -265.23919677734375 -384.021728515625 -670.5
v -265.23919677734375 -384.021728515625 -518.5
v -319.50006103515625 -237.72372436523438 -670.5
v -319.50006103515625 -237.72372436523438 -518.5
v -265.23919677734375 -237.72360229492188 -518.5
v -265.23919677734375 -237.72360229492188 -670.5
v -319.50006103515625 -237.72372436523438 -670.5
v -265.23919677734375 -237.72360229492188 -670.5
v -265.23919677734375 -384.021728515625 -670.5
v -319.50006103515625 -384.021728515625 -670.5
v -265.23919677734375 -237.72360229492188 -518.5
v -319.50006103515625 -237.72372436523438 -518.5
v -319.50006103515625 -384.021728515625 -518.5
v -265.23919677734375 -384.021728515625 -518.5
v -215.49993896484375 -256.0108947753906 -518.5
v -215.49993896484375 -384.021728515625 -518.5
v -215.49993896484375 -384.021728515625 -670.5
v -215.49993896484375 -256.0108947753906 -670.5
v -265.23919677734375 -384.021728515625 -518.5
v -265.23919677734375 -237.72360229492188 -518.5
v -265.23919677734375 -237.72360229492188 -670.5
v -265.23919677734375 -384.021728515625 -670.5
v -265.23919677734375 -384.021728515625 -518.5
v -265.23919677734375 -384.021728515625 -670.5
v -215.49993896484375 -384.021728515625 -670.5
v -215.49993896484375 -384.021728515625 -518.5
v -265.23919677734375 -237.72360229492188 -670.5
v -265.23919677734375 -237.72360229492188 -518.5
v -215.49993896484375 -256.0108947753906 -518.5
v -215.49993896484375 -256.0108947753906 -670.5
v -265.23919677734375 -237.72360229492188 -670.5
v -215.49993896484375 -256.0108947753906 -670.5
v -215.49993896484375 -384.021728515625 -670.5
v -265.23919677734375 -384.021728515625 -670.5
v -215.49993896484375 -256.0108947753906 -518.5
v -265.23919677734375 -237.72360229492188 -518.5
v -265.23919677734375 -384.021728515625 -518.5
v -215.49993896484375 -384.021728515625 -518.5
v -215.5 -384.0 -518.5
v -215.5 -608.0 -518.5
v -215.5 -608.0 -670.5
v -215.5 -384.0 -670.5
v -319.5 -608.0 -518.5
v -319.5 -384.0 -518.5
v -319.5 -384.0 -670.5
v -319.5 -608.0 -670.5
v -319.5 -608.0 -518.5
v -319.5 -608.0 -670.5
v -215.5 -608.0 -670.5
v -215.5 -608.0 -518.5
v -319.5 -384.0 -670.5
v -319.5 -384.0 -518.5
v -215.5 -384.0 -518.5
v -215.5 -384.0 -670.5
v -319.5 -384.0 -670.5
v -215.5 -384.0 -670.5
v -215.5 -608.0 -670.5
v -319.5 -608.0 -670.5
v -215.5 -384.0 -518.5
v -319.5 -384.0 -518.5
v -319.5 -608.0 -518.5
v -215.5 -608.0 -518.5
v -377.76080322265625 -237.72360229492188 -670.5
v -377.76080322265625 -384.021728515625 -670.5
v -377.76080322265625 -384.021728515625 -518.5
v -377.76080322265625 -237.72360229492188 -518.5
v -323.49993896484375 -384.021728515625 -670.5
v -323.49993896484375 -237.72372436523438 -670.5
v -323.49993896484375 -237.72372436523438 -518.5
v -323.49993896484375 -384.021728515625 -518.5
v -323.49993896484375 -384.021728515625 -670.5
v -323.49993896484375 -384.021728515625 -518.5
v -377.76080322265625 -384.021728515625 -518.5
v -377.76080322265625 -384.021728515625 -670.5
v -323.49993896484375 -237.72372436523438 -518.5
v -323.49993896484375 -237.72372436523438 -670.5
v -377.76080322265625 -237.72360229492188 -670.5
v -377.76080322265625 -237.72360229492188 -518.5
v -323.49993896484375 -237.72372436523438 -518.5
v -377.76080322265625 -237.72360229492188 -518.5
v -377.76080322265625 -384.021728515625 -518.5
v -323.49993896484375 -384.021728515625 -518.5
v -377.76080322265625 -237.72360229492188 -670.5
v -323.49993896484375 -237.72372436523438 -670.5
v -323.49993896484375 -384.021728515625 -670.5
v -377.76080322265625 -384.021728515625 -670.5
v -427.49993896484375 -256.0108947753906 -670.5
v -427.49993896484375 -384.021728515625 -670.5
v -427.49993896484375 -384.021728515625 -518.5
v -427.49993896484375 -256.0108947753906 -518.5
v -377.76080322265625 -384.021728515625 -670.5
v -377.76080322265625 -237.72360229492188 -670.5
v -377.76080322265625 -237.72360229492188 -518.5
v -377.76080322265625 -384.021728515625 -518.5
v -377.76080322265625 -384.021728515625 -670.5
v -377.76080322265625 -384.021728515625 -518.5
v -427.49993896484375 -384.021728515625 -518.5
v -427.49993896484375 -384.021728515625 -670.5
v -377.76080322265625 -237.72360229492188 -518.5
v -377.76080322265625 -237.72360229492188 -670.5
v -427.49993896484375 -256.0108947753906 -670.5
v -427.49993896484375 -256.0108947753906 -518.5
v -377.76080322265625 -237.72360229492188 -518.5
v -427.49993896484375 -256.0108947753906 -518.5
v -427.49993896484375 -384.021728515625 -518.5
v -377.76080322265625 -384.021728515625 -518.5
v -427.49993896484375 -256.0108947753906 -670.5
v -377.76080322265625 -237.72360229492188 -670.5
v -377.76080322265625 -384.021728515625 -670.5
v -427.49993896484375 -384.021728515625 -670.5
v -427.49993896484375 -384.0 -670.5
v -427.49993896484375 -608.0 -670.5
v -427.49993896484375 -608.0 -518.5
v -427.49993896484375 -384.0 -518.5
v -323.49993896484375 -608.0 -670.5
v -323.49993896484375 -384.0 -670.5
v -323.49993896484375 -384.0 -518.5
v -323.49993896484375 -608.0 -518.5
v -323.49993896484375 -608.0 -670.5
v -323.49993896484375 -608.0 -518.5
v -427.49993896484375 -608.0 -518.5
v -427.49993896484375 -608.0 -670.5
v -323.49993896484375 -384.0 -518.5
v -323.49993896484375 -384.0 -670.5
v -427.49993896484375 -384.0 -670.5
v -427.49993896484375 -384.0 -518.5
v -323.49993896484375 -384.0 -518.5
v -427.49993896484375 -384.0 -518.5
v -427.49993896484375 -608.0 -518.5
v -323.49993896484375 -608.0 -518.5
v -427.49993896484375 -384.0 -670.5
v -323.49993896484375 -384.0 -670.5
v -323.49993896484375 -608.0 -670.5
v -427.49993896484375 -608.0 -670.5
v -377.76080322265625 -237.72360229492188 -510.5
v -377.76080322265625 -384.021728515625 -510.5
v -377.7607421875 -384.021728515625 -358.4999694824219
v -377.7607421875 -237.72360229492188 -358.4999694824219
v -323.49993896484375 -384.021728515625 -510.5
v -323.49993896484375 -237.72372436523438 -510.5
v -323.49993896484375 -237.72372436523438 -358.4999694824219
v -323.49993896484375 -384.021728515625 -358.4999694824219
v -323.49993896484375 -384.021728515625 -510.5
v -323.49993896484375 -384.021728515625 -358.4999694824219
v -377.7607421875 -384.021728515625 -358.4999694824219
v -377.76080322265625 -384.021728515625 -510.5
v -323.49993896484375 -237.72372436523438 -358.4999694824219
v -323.49993896484375 -237.72372436523438 -510.5
v -377.76080322265625 -237.72360229492188 -510.5
v -377.7607421875 -237.72360229492188 -358.4999694824219
v -323.49993896484375 -237.72372436523438 -358.4999694824219
v -377.7607421875 -237.72360229492188 -358.4999694824219
v -377.7607421875 -384.021728515625 -358.4999694824219
v -323.49993896484375 -384.021728515625 -358.4999694824219
v -377.76080322265625 -237.72360229492188 -510.5
v -323.49993896484375 -237.72372436523438 -510.5
v -323.49993896484375 -384.021728515625 -510.5
v -377.76080322265625 -384.021728515625 -510.5
v -427.5 -256.0108947753906 -510.5
v -427.5 -384.021728515625 -510.5
v -427.5 -384.021728515625 -358.4999694824219
v -427.5 -256.0108947753906 -358.4999694824219
v -377.7608642578125 -384.021728515625 -510.5
v -377.7608642578125 -237.72360229492188 -510.5
v -377.7607421875 -237.72360229492188 -358.4999694824219
v -377.7607421875 -384.021728515625 -358.4999694824219
v -377.7608642578125 -384.021728515625 -510.5
v -377.7607421875 -384.021728515625 -358.4999694824219
v -427.5 -384.021728515625 -358.4999694824219
v -427.5 -384.021728515625 -510.5
v -377.7607421875 -237.72360229492188 -358.4999694824219
v -377.7608642578125 -237.72360229492188 -510.5
v -427.5 -256.0108947753906 -510.5
v -427.5 -256.0108947753906 -358.4999694824219
v -377.7607421875 -237.72360229492188 -358.4999694824219
v -427.5 -256.0108947753906 -358.4999694824219
v -427.5 -384.021728515625 -358.4999694824219
v -377.7607421875 -384.021728515625 -358.4999694824219
v -427.5 -256.0108947753906 -510.5
v -377.7608642578125 -237.72360229492188 -510.5
v -377.7608642578125 -384.021728515625 -510.5
v -427.5 -384.021728515625 -510.5
v -427.49993896484375 -384.0 -510.5
v -427.49993896484375 -608.0 -510.5
v -427.49993896484375 -608.0 -358.4999694824219
v -427.49993896484375 -384.0 -358.4999694824219
v -323.49993896484375 -608.0 -510.5
v -323.49993896484375 -384.0 -510.5
v -323.49993896484375 -384.0 -358.4999694824219
v -323.49993896484375 -608.0 -358.4999694824219
v -323.49993896484375 -608.0 -510.5
v -323.49993896484375 -608.0 -358.4999694824219
v -427.49993896484375 -608.0 -358.4999694824219
v -427.49993896484375 -608.0 -510.5
v -323.49993896484375 -384.0 -358.4999694824219
v -323.49993896484375 -384.0 -510.5
v -427.49993896484375 -384.0 -510.5
v -427.49993896484375 -384.0 -358.4999694824219
v -323.49993896484375 -384.0 -358.4999694824219
v -427.49993896484375 -384.0 -358.4999694824219
v -427.49993896484375 -608.0 -358.4999694824219
v -323.49993896484375 -608.0 -358.4999694824219
v -427.49993896484375 -384.0 -510.5
v -323.49993896484375 -384.0 -510.5
v -323.49993896484375 -608.0 -510.5
v -427.49993896484375 -608.0 -510.5
v 118.76080322265625 -237.72360229492188 121.50003051757812
v 118.76080322265625 -384.021728515625 121.50003051757812
v 118.76080322265625 -384.021728515625 -30.499969482421875
v 118.76080322265625 -237.72360229492188 -30.499969482421875
v 64.49993896484375 -384.021728515625 121.50003051757812
v 64.49993896484375 -237.72372436523438 121.50003051757812
v 64.49993896484375 -237.72372436523438 -30.499969482421875
v 64.49993896484375 -384.021728515625 -30.499969482421875
v 64.49993896484375 -384.021728515625 121.50003051757812
v 64.49993896484375 -384.021728515625 -30.499969482421875
v 118.76080322265625 -384.021728515625 -30.499969482421875
v 118.76080322265625 -384.021728515625 121.50003051757812
v 64.49993896484375 -237.72372436523438 -30.499969482421875
v 64.49993896484375 -237.72372436523438 121.50003051757812
v 118.76080322265625 -237.72360229492188 121.50003051757812
v 118.76080322265625 -237.72360229492188 -30.499969482421875
v 64.49993896484375 -237.72372436523438 -30.499969482421875
v 118.76080322265625 -237.72360229492188 -30.499969482421875
v 118.76080322265625 -384.021728515625 -30.499969482421875
v 64.49993896484375 -384.021728515625 -30.499969482421875
v 118.76080322265625 -237.72360229492188 121.50003051757812
v 64.49993896484375 -237.72372436523438 121.50003051757812
v 64.49993896484375 -384.021728515625 121.50003051757812
v 118.76080322265625 -384.021728515625 121.50003051757812
v 168.50006103515625 -256.0108947753906 121.50003051757812
v 168.50006103515625 -384.021728515625 121.50003051757812
v 168.50006103515625 -384.021728515625 -30.499969482421875
v 168.50006103515625 -256.0108947753906 -30.499969482421875
v 118.76080322265625 -384.021728515625 121.50003051757812
v 118.76080322265625 -237.72360229492188 121.50003051757812
v 118.76080322265625 -237.72360229492188 -30.499969482421875
v 118.76080322265625 -384.021728515625 -30.499969482421875
v 118.76080322265625 -384.021728515625 121.50003051757812
v 118.76080322265625 -384.021728515625 -30.499969482421875
v 168.50006103515625 -384.021728515625 -30.499969482421875
v 168.50006103515625 -384.021728515625 121.50003051757812
v 118.76080322265625 -237.72360229492188 -30.499969482421875
v 118.76080322265625 -237.72360229492188 121.50003051757812
v 168.50006103515625 -256.0108947753906 121.50003051757812
v 168.50006103515625 -256.0108947753906 -30.499969482421875
v 118.76080322265625 -237.72360229492188 -30.499969482421875
v 168.50006103515625 -256.0108947753906 -30.499969482421875
v 168.50006103515625 -384.021728515625 -30.499969482421875
v 118.76080322265625 -384.021728515625 -30.499969482421875
v 168.50006103515625 -256.0108947753906 121.50003051757812
v 118.76080322265625 -237.72360229492188 121.50003051757812
v 118.76080322265625 -384.021728515625 121.50003051757812
v 168.50006103515625 -384.021728515625 121.50003051757812
v 168.5 -384.0 121.50003051757812
v 168.5 -608.0 121.50003051757812
v 168.5 -608.0 -30.499969482421875
v 168.5 -384.0 -30.499969482421875
v 64.5 -608.0 121.50003051757812
v 64.5 -384.0 121.50003051757812
v 64.5 -384.0 -30.499969482421875
v 64.5 -608.0 -30.499969482421875
v 64.5 -608.0 121.50003051757812
v 64.5 -608.0 -30.499969482421875
v 168.5 -608.0 -30.499969482421875
v 168.5 -608.0 121.50003051757812
v 64.5 -384.0 -30.499969482421875
v 64.5 -384.0 121.50003051757812
v 168.5 -384.0 121.50003051757812
v 168.5 -384.0 -30.499969482421875
v 64.5 -384.0 -30.499969482421875
v 168.5 -384.0 -30.499969482421875
v 168.5 -608.0 -30.499969482421875
v 64.5 -608.0 -30.499969482421875
v 168.5 -384.0 121.50003051757812
v 64.5 -384.0 121.50003051757812
v 64.5 -608.0 121.50003051757812
v 168.5 -608.0 121.50003051757812
v 118.76080322265625 -237.72360229492188 -38.5
v 118.76080322265625 -384.021728515625 -38.5
v 118.76080322265625 -384.021728515625 -190.5
v 118.76080322265625 -237.72360229492188 -190.5
v 64.49993896484375 -384.021728515625 -38.5
v 64.49993896484375 -237.72372436523438 -38.5
v 64.49993896484375 -237.72372436523438 -190.5
v 64.49993896484375 -384.021728515625 -190.5
v 64.49993896484375 -384.021728515625 -38.5
v 64.49993896484375 -384.021728515625 -190.5
v 118.76080322265625 -384.021728515625 -190.5
v 118.76080322265625 -384.021728515625 -38.5
v 64.49993896484375 -237.72372436523438 -190.5
v 64.49993896484375 -237.72372436523438 -38.5
v 118.76080322265625 -237.72360229492188 -38.5
v 118.76080322265625 -237.72360229492188 -190.5
v 64.49993896484375 -237.72372436523438 -190.5
v 118.76080322265625 -237.72360229492188 -190.5
v 118.76080322265625 -384.021728515625 -190.5
v 64.49993896484375 -384.021728515625 -190.5
v 118.76080322265625 -237.72360229492188 -38.5
v 64.49993896484375 -237.72372436523438 -38.5
v 64.49993896484375 -384.021728515625 -38.5
v 118.76080322265625 -384.021728515625 -38.5
v 168.50006103515625 -256.0108947753906 -38.5
v 168.50006103515625 -384.021728515625 -38.5
v 168.50006103515625 -384.021728515625 -190.5
v 168.50006103515625 -256.0108947753906 -190.5
v 118.76080322265625 -384.021728515625 -38.5
v 118.76080322265625 -237.72360229492188 -38.5
v 118.76080322265625 -237.72360229492188 -190.5
v 118.76080322265625 -384.021728515625 -190.5
v 118.76080322265625 -384.021728515625 -38.5
v 118.76080322265625 -384.021728515625 -190.5
v 168.50006103515625 -384.021728515625 -190.5
v 168.50006103515625 -384.021728515625 -38.5
v 118.76080322265625 -237.72360229492188 -190.5
v 118.76080322265625 -237.72360229492188 -38.5
v 168.50006103515625 -256.0108947753906 -38.5
v 168.50006103515625 -256.0108947753906 -190.5
v 118.76080322265625 -237.72360229492188 -190.5
v 168.50006103515625 -256.0108947753906 -190.5
v 168.50006103515625 -384.021728515625 -190.5
v 118.76080322265625 -384.021728515625 -190.5
v 168.50006103515625 -256.0108947753906 -38.5
v 118.76080322265625 -237.72360229492188 -38.5
v 118.76080322265625 -384.021728515625 -38.5
v 168.50006103515625 -384.021728515625 -38.5
v 168.5 -384.0 -38.5
v 168.5 -608.0 -38.5
v 168.5 -608.0 -190.5
v 168.5 -384.0 -190.5
v 64.5 -608.0 -38.5
v 64.5 -384.0 -38.5
v 64.5 -384.0 -190.5
v 64.5 -608.0 -190.5
v 64.5 -608.0 -38.5
v 64.5 -608.0 -190.5
v 168.5 -608.0 -190.5
v 168.5 -608.0 -38.5
v 64.5 -384.0 -190.5
v 64.5 -384.0 -38.5
v 168.5 -384.0 -38.5
v 168.5 -384.0 -190.5
v 64.5 -384.0 -190.5
v 168.5 -384.0 -190.5
v 168.5 -608.0 -190.5
v 64.5 -608.0 -190.5
v 168.5 -384.0 -38.5
v 64.5 -384.0 -38.5
v 64.5 -608.0 -38.5
v 168.5 -608.0 -38.5
v 118.76080322265625 -237.72360229492188 -198.49996948242188
v 118.76080322265625 -384.021728515625 -198.49996948242188
v 118.76080322265625 -384.021728515625 -350.4999694824219
v 118.76080322265625 -237.72360229492188 -350.4999694824219
v 64.49993896484375 -384.021728515625 -198.49996948242188
v 64.49993896484375 -237.72372436523438 -198.49996948242188
v 64.49993896484375 -237.72372436523438 -350.4999694824219
v 64.49993896484375 -384.021728515625 -350.4999694824219
v 64.49993896484375 -384.021728515625 -198.49996948242188
v 64.49993896484375 -384.021728515625 -350.4999694824219
v 118.76080322265625 -384.021728515625 -350.4999694824219
v 118.76080322265625 -384.021728515625 -198.49996948242188
v 64.49993896484375 -237.72372436523438 -350.4999694824219
v 64.49993896484375 -237.72372436523438 -198.49996948242188
v 118.76080322265625 -237.72360229492188 -198.49996948242188
v 118.76080322265625 -237.72360229492188 -350.4999694824219
v 64.49993896484375 -237.72372436523438 -350.4999694824219
v 118.76080322265625 -237.72360229492188 -350.4999694824219
v 118.76080322265625 -384.021728515625 -350.4999694824219
v 64.49993896484375 -384.021728515625 -350.4999694824219
v 118.76080322265625 -237.72360229492188 -198.49996948242188
v 64.49993896484375 -237.72372436523438 -198.49996948242188
v 64.49993896484375 -384.021728515625 -198.49996948242188
v 118.76080322265625 -384.021728515625 -198.49996948242188
v 168.50006103515625 -256.0108947753906 -198.49996948242188
v 168.50006103515625 -384.021728515625 -198.49996948242188
v 168.50006103515625 -384.021728515625 -350.4999694824219
v 168.50006103515625 -256.0108947753906 -350.4999694824219
v 118.76080322265625 -384.021728515625 -198.49996948242188
v 118.76080322265625 -237.72360229492188 -198.49996948242188
v 118.76080322265625 -237.72360229492188 -350.4999694824219
v 118.76080322265625 -384.021728515625 -350.4999694824219
v 118.76080322265625 -384.021728515625 -198.49996948242188
v 118.76080322265625 -384.021728515625 -350.4999694824219
v 168.50006103515625 -384.021728515625 -350.4999694824219
v 168.50006103515625 -384.021728515625 -198.49996948242188
v 118.76080322265625 -237.72360229492188 -350.4999694824219
v 118.76080322265625 -237.72360229492188 -198.49996948242188
v 168.50006103515625 -256.0108947753906 -198.49996948242188
v 168.50006103515625 -256.0108947753906 -350.4999694824219
v 118.76080322265625 -237.72360229492188 -350.4999694824219
v 168.50006103515625 -256.0108947753906 -350.4999694824219
v 168.50006103515625 -384.021728515625 -350.4999694824219
v 118.76080322265625 -384.021728515625 -350.4999694824219
v 168.50006103515625 -256.0108947753906 -198.49996948242188
v 118.76080322265625 -237.72360229492188 -198.49996948242188
v 118.76080322265625 -384.021728515625 -198.49996948242188
v 168.50006103515625 -384.021728515625 -198.49996948242188
v 168.5 -384.0 -198.49996948242188
v 168.5 -608.0 -198.49996948242188
v 168.5 -608.0 -350.4999694824219
v 168.5 -384.0 -350.4999694824219
v 64.5 -608.0 -198.49996948242188
v 64.5 -384.0 -198.49996948242188
v 64.5 -384.0 -350.4999694824219
v 64.5 -608.0 -350.4999694824219
v 64.5 -608.0 -198.49996948242188
v 64.5 -608.0 -350.4999694824219
v 168.5 -608.0 -350.4999694824219
v 168.5 -608.0 -198.49996948242188
v 64.5 -384.0 -350.4999694824219
v 64.5 -384.0 -198.49996948242188
v 168.5 -384.0 -198.49996948242188
v 168.5 -384.0 -350.4999694824219
v 64.5 -384.0 -350.4999694824219
v 168.5 -384.0 -350.4999694824219
v 168.5 -608.0 -350.4999694824219
v 64.5 -608.0 -350.4999694824219
v 168.5 -384.0 -198.49996948242188
v 64.5 -384.0 -198.49996948242188
v 64.5 -608.0 -198.49996948242188
v 168.5 -608.0 -198.49996948242188
v 6.23919677734375 -237.72360229492188 -350.4999694824219
v 6.23919677734375 -384.021728515625 -350.4999694824219
v 6.23919677734375 -384.021728515625 -198.49996948242188
v 6.23919677734375 -237.72360229492188 -198.49996948242188
v 60.5 -384.021728515625 -350.4999694824219
v 60.5 -237.72372436523438 -350.4999694824219
v 60.50006103515625 -237.72372436523438 -198.49996948242188
v 60.50006103515625 -384.021728515625 -198.49996948242188
v 60.5 -384.021728515625 -350.4999694824219
v 60.50006103515625 -384.021728515625 -198.49996948242188
v 6.23919677734375 -384.021728515625 -198.49996948242188
v 6.23919677734375 -384.021728515625 -350.4999694824219
v 60.50006103515625 -237.72372436523438 -198.49996948242188
v 60.5 -237.72372436523438 -350.4999694824219
v 6.23919677734375 -237.72360229492188 -350.4999694824219
v 6.23919677734375 -237.72360229492188 -198.49996948242188
v 60.50006103515625 -237.72372436523438 -198.49996948242188
v 6.23919677734375 -237.72360229492188 -198.49996948242188
v 6.23919677734375 -384.021728515625 -198.49996948242188
v 60.50006103515625 -384.021728515625 -198.49996948242188
v 6.23919677734375 -237.72360229492188 -350.4999694824219
v 60.5 -237.72372436523438 -350.4999694824219
v 60.5 -384.021728515625 -350.4999694824219
v 6.23919677734375 -384.021728515625 -350.4999694824219
v -43.5 -256.0108947753906 -350.4999694824219
v -43.5 -384.021728515625 -350.4999694824219
v -43.4998779296875 -384.021728515625 -198.49996948242188
v -43.4998779296875 -256.0108947753906 -198.49996948242188
v 6.2392578125 -384.021728515625 -350.4999694824219
v 6.2392578125 -237.72360229492188 -350.4999694824219
v 6.2392578125 -237.72360229492188 -198.49996948242188
v 6.2392578125 -384.021728515625 -198.49996948242188
v 6.2392578125 -384.021728515625 -350.4999694824219
v 6.2392578125 -384.021728515625 -198.49996948242188
v -43.4998779296875 -384.021728515625 -198.49996948242188
v -43.5 -384.021728515625 -350.4999694824219
v 6.2392578125 -237.72360229492188 -198.49996948242188
v 6.2392578125 -237.72360229492188 -350.4999694824219
v -43.5 -256.0108947753906 -350.4999694824219
v -43.4998779296875 -256.0108947753906 -198.49996948242188
v 6.2392578125 -237.72360229492188 -198.49996948242188
v -43.4998779296875 -256.0108947753906 -198.49996948242188
v -43.4998779296875 -384.021728515625 -198.49996948242188
v 6.2392578125 -384.021728515625 -198.49996948242188
v -43.5 -256.0108947753906 -350.4999694824219
v 6.2392578125 -237.72360229492188 -350.4999694824219
v 6.2392578125 -384.021728515625 -350.4999694824219
v -43.5 -384.021728515625 -350.4999694824219
v -43.5 -384.0 -350.4999694824219
v -43.5 -608.0 -350.4999694824219
v -43.5 -608.0 -198.49996948242188
v -43.5 -384.0 -198.49996948242188
v 60.5 -608.0 -350.4999694824219
v 60.5 -384.0 -350.4999694824219
v 60.5 -384.0 -198.49996948242188
v 60.5 -608.0 -198.49996948242188
v 60.5 -608.0 -350.4999694824219
v 60.5 -608.0 -198.49996948242188
v -43.5 -608.0 -198.49996948242188
v -43.5 -608.0 -350.4999694824219
v 60.5 -384.0 -198.49996948242188
v 60.5 -384.0 -350.4999694824219
v -43.5 -384.0 -350.4999694824219
v -43.5 -384.0 -198.49996948242188
v 60.5 -384.0 -198.49996948242188
v -43.5 -384.0 -198.49996948242188
v -43.5 -608.0 -198.49996948242188
v 60.5 -608.0 -198.49996948242188
v -43.5 -384.0 -350.4999694824219
v 60.5 -384.0 -350.4999694824219
v 60.5 -608.0 -350.4999694824219
v -43.5 -608.0 -350.4999694824219
v -173.82608032226562 -263.893310546875 -190.5
v -100.67703247070312 -390.5911560058594 -190.5
v -100.67703247070312 -390.5911560058594 -38.5
v -173.82608032226562 -263.893310546875 -38.5
v -53.685760498046875 -363.46075439453125 -190.5
v -126.83474731445312 -236.76295471191406 -190.5
v -126.83474731445312 -236.76295471191406 -38.5
v -53.685760498046875 -363.46075439453125 -38.5
v -53.685760498046875 -363.46075439453125 -190.5
v -53.685760498046875 -363.46075439453125 -38.5
v -100.67703247070312 -390.5911560058594 -38.5
v -100.67703247070312 -390.5911560058594 -190.5
v -126.83474731445312 -236.76295471191406 -38.5
v -126.83474731445312 -236.76295471191406 -190.5
v -173.82608032226562 -263.893310546875 -190.5
v -173.82608032226562 -263.893310546875 -38.5
v -126.83474731445312 -236.76295471191406 -38.5
v -173.82608032226562 -263.893310546875 -38.5
v -100.67703247070312 -390.5911560058594 -38.5
v -53.685760498046875 -363.46075439453125 -38.5
v -173.82608032226562 -263.893310546875 -190.5
v -126.83474731445312 -236.76295471191406 -190.5
v -53.685760498046875 -363.46075439453125 -190.5
v -100.67703247070312 -390.5911560058594 -190.5
v -207.7577667236328 -304.60015869140625 -190.5
v -143.7523651123047 -415.4608154296875 -190.5
v -143.7523651123047 -415.4608154296875 -38.5
v -207.7577667236328 -304.60015869140625 -38.5
v -100.67700958251953 -390.59124755859375 -190.5
v -173.8260498046875 -263.89337158203125 -190.5
v -173.8260498046875 -263.89337158203125 -38.5
v -100.67700958251953 -390.59124755859375 -38.5
v -100.67700958251953 -390.59124755859375 -190.5
v -100.67700958251953 -390.59124755859375 -38.5
v -143.7523651123047 -415.4608154296875 -38.5
v -143.7523651123047 -415.4608154296875 -190.5
v -173.8260498046875 -263.89337158203125 -38.5
v -173.8260498046875 -263.89337158203125 -190.5
v -207.7577667236328 -304.60015869140625 -190.5
v -207.7577667236328 -304.60015869140625 -38.5
v -173.8260498046875 -263.89337158203125 -38.5
v -207.7577667236328 -304.60015869140625 -38.5
v -143.7523651123047 -415.4608154296875 -38.5
v -100.67700958251953 -390.59124755859375 -38.5
v -207.7577667236328 -304.60015869140625 -190.5
v -173.8260498046875 -263.89337158203125 -190.5
v -100.67700958251953 -390.59124755859375 -190.5
v -143.7523651123047 -415.4608154296875 -190.5
v -143.7632293701172 -415.4420166015625 -190.5
v -31.76323699951172 -609.4317016601562 -190.5
v -31.76323699951172 -609.4317016601562 -38.5
v -143.7632293701172 -415.4420166015625 -38.5
v 58.303401947021484 -557.4317016601562 -190.5
v -53.69659423828125 -363.44195556640625 -190.5
v -53.69659423828125 -363.44195556640625 -38.5
v 58.303401947021484 -557.4317016601562 -38.5
v 58.303401947021484 -557.4317016601562 -190.5
v 58.303401947021484 -557.4317016601562 -38.5
v -31.76323699951172 -609.4317016601562 -38.5
v -31.76323699951172 -609.4317016601562 -190.5
v -53.69659423828125 -363.44195556640625 -38.5
v -53.69659423828125 -363.44195556640625 -190.5
v -143.7632293701172 -415.4420166015625 -190.5
v -143.7632293701172 -415.4420166015625 -38.5
v -53.69659423828125 -363.44195556640625 -38.5
v -143.7632293701172 -415.4420166015625 -38.5
v -31.76323699951172 -609.4317016601562 -38.5
v 58.303401947021484 -557.4317016601562 -38.5
v -143.7632293701172 -415.4420166015625 -190.5
v -53.69659423828125 -363.44195556640625 -190.5
v 58.303401947021484 -557.4317016601562 -190.5
v -31.76323699951172 -609.4317016601562 -190.5
v 6.23919677734375 -237.72360229492188 -30.499969482421875
v 6.23919677734375 -384.021728515625 -30.499969482421875
v 6.2392578125 -384.021728515625 121.50003051757812
v 6.2392578125 -237.72360229492188 121.50003051757812
v 60.50006103515625 -384.021728515625 -30.499969482421875
v 60.50006103515625 -237.72372436523438 -30.499969482421875
v 60.50006103515625 -237.72372436523438 121.50003051757812
v 60.50006103515625 -384.021728515625 121.50003051757812
v 60.50006103515625 -384.021728515625 -30.499969482421875
v 60.50006103515625 -384.021728515625 121.50003051757812
v 6.2392578125 -384.021728515625 121.50003051757812
v 6.23919677734375 -384.021728515625 -30.499969482421875
v 60.50006103515625 -237.72372436523438 121.50003051757812
v 60.50006103515625 -237.72372436523438 -30.499969482421875
v 6.23919677734375 -237.72360229492188 -30.499969482421875
v 6.2392578125 -237.72360229492188 121.50003051757812
v 60.50006103515625 -237.72372436523438 121.50003051757812
v 6.2392578125 -237.72360229492188 121.50003051757812
v 6.2392578125 -384.021728515625 121.50003051757812
v 60.50006103515625 -384.021728515625 121.50003051757812
v 6.23919677734375 -237.72360229492188 -30.499969482421875
v 60.50006103515625 -237.72372436523438 -30.499969482421875
v 60.50006103515625 -384.021728515625 -30.499969482421875
v 6.23919677734375 -384.021728515625 -30.499969482421875
v -43.5 -256.0108947753906 -30.499969482421875
v -43.5 -384.021728515625 -30.499969482421875
v -43.5 -384.021728515625 121.50003051757812
v -43.5 -256.0108947753906 121.50003051757812
v 6.2391357421875 -384.021728515625 -30.499969482421875
v 6.2391357421875 -237.72360229492188 -30.499969482421875
v 6.2392578125 -237.72360229492188 121.50003051757812
v 6.2392578125 -384.021728515625 121.50003051757812
v 6.2391357421875 -384.021728515625 -30.499969482421875
v 6.2392578125 -384.021728515625 121.50003051757812
v -43.5 -384.021728515625 121.50003051757812
v -43.5 -384.021728515625 -30.499969482421875
v 6.2392578125 -237.72360229492188 121.50003051757812
v 6.2391357421875 -237.72360229492188 -30.499969482421875
v -43.5 -256.0108947753906 -30.499969482421875
v -43.5 -256.0108947753906 121.50003051757812
v 6.2392578125 -237.72360229492188 121.50003051757812
v -43.5 -256.0108947753906 121.50003051757812
v -43.5 -384.021728515625 121.50003051757812
v 6.2392578125 -384.021728515625 121.50003051757812
v -43.5 -256.0108947753906 -30.499969482421875
v 6.2391357421875 -237.72360229492188 -30.499969482421875
v 6.2391357421875 -384.021728515625 -30.499969482421875
v -43.5 -384.021728515625 -30.499969482421875
v -43.49993896484375 -384.0 -30.499969482421875
v -43.49993896484375 -608.0 -30.499969482421875
v -43.49993896484375 -608.0 121.50003051757812
v -43.49993896484375 -384.0 121.50003051757812
v 60.50006103515625 -608.0 -30.499969482421875
v 60.50006103515625 -384.0 -30.499969482421875
v 60.50006103515625 -384.0 121.50003051757812
v 60.50006103515625 -608.0 121.50003051757812
v 60.50006103515625 -608.0 -30.499969482421875
v 60.50006103515625 -608.0 121.50003051757812
v -43.49993896484375 -608.0 121.50003051757812
v -43.49993896484375 -608.0 -30.499969482421875
v 60.50006103515625 -384.0 121.50003051757812
v 60.50006103515625 -384.0 -30.499969482421875
v -43.49993896484375 -384.0 -30.499969482421875
v -43.49993896484375 -384.0 121.50003051757812
v 60.50006103515625 -384.0 121.50003051757812
v -43.49993896484375 -384.0 121.50003051757812
v -43.49993896484375 -608.0 121.50003051757812
v 60.50006103515625 -608.0 121.50003051757812
v -43.49993896484375 -384.0 -30.499969482421875
v 60.50006103515625 -384.0 -30.499969482421875
v 60.50006103515625 -608.0 -30.499969482421875
v -43.49993896484375 -608.0 -30.499969482421875
v 502.76080322265625 -237.72360229492188 121.50003051757812
v 502.76080322265625 -384.021728515625 121.50003051757812
v 502.76080322265625 -384.021728515625 -30.499969482421875
v 502.76080322265625 -237.72360229492188 -30.499969482421875
v 448.49993896484375 -384.021728515625 121.50003051757812
v 448.49993896484375 -237.72372436523438 121.50003051757812
v 448.49993896484375 -237.72372436523438 -30.499969482421875
v 448.49993896484375 -384.021728515625 -30.499969482421875
v 448.49993896484375 -384.021728515625 121.50003051757812
v 448.49993896484375 -384.021728515625 -30.499969482421875
v 502.76080322265625 -384.021728515625 -30.499969482421875
v 502.76080322265625 -384.021728515625 121.50003051757812
v 448.49993896484375 -237.72372436523438 -30.499969482421875
v 448.49993896484375 -237.72372436523438 121.50003051757812
v 502.76080322265625 -237.72360229492188 121.50003051757812
v 502.76080322265625 -237.72360229492188 -30.499969482421875
v 448.49993896484375 -237.72372436523438 -30.499969482421875
v 502.76080322265625 -237.72360229492188 -30.499969482421875
v 502.76080322265625 -384.021728515625 -30.499969482421875
v 448.49993896484375 -384.021728515625 -30.499969482421875
v 502.76080322265625 -237.72360229492188 121.50003051757812
v 448.49993896484375 -237.72372436523438 121.50003051757812
v 448.49993896484375 -384.021728515625 121.50003051757812
v 502.76080322265625 -384.021728515625 121.50003051757812
v 552.5000610351562 -256.0108947753906 121.50003051757812
v 552.5000610351562 -384.021728515625 121.50003051757812
v 552.5000610351562 -384.021728515625 -30.499969482421875
v 552.5000610351562 -256.0108947753906 -30.499969482421875
v 502.76080322265625 -384.021728515625 121.50003051757812
v 502.76080322265625 -237.72360229492188 121.50003051757812
v 502.76080322265625 -237.72360229492188 -30.499969482421875
v 502.76080322265625 -384.021728515625 -30.499969482421875
v 502.76080322265625 -384.021728515625 121.50003051757812
v 502.76080322265625 -384.021728515625 -30.499969482421875
v 552.5000610351562 -384.021728515625 -30.499969482421875
v 552.5000610351562 -384.021728515625 121.50003051757812
v 502.76080322265625 -237.72360229492188 -30.499969482421875
v 502.76080322265625 -237.72360229492188 121.50003051757812
v 552.5000610351562 -256.0108947753906 121.50003051757812
v 552.5000610351562 -256.0108947753906 -30.499969482421875
v 502.76080322265625 -237.72360229492188 -30.499969482421875
v 552.5000610351562 -256.0108947753906 -30.499969482421875
v 552.5000610351562 -384.021728515625 -30.499969482421875
v 502.76080322265625 -384.021728515625 -30.499969482421875
v 552.5000610351562 -256.0108947753906 121.50003051757812
v 502.76080322265625 -237.72360229492188 121.50003051757812
v 502.76080322265625 -384.021728515625 121.50003051757812
v 552.5000610351562 -384.021728515625 121.50003051757812
v 552.5 -384.0 121.50003051757812
v 552.5 -608.0 121.50003051757812
v 552.5 -608.0 -30.499969482421875
v 552.5 -384.0 -30.499969482421875
v 448.5 -608.0 121.50003051757812
v 448.5 -384.0 121.50003051757812
v 448.5 -384.0 -30.499969482421875
v 448.5 -608.0 -30.499969482421875
v 448.5 -608.0 121.50003051757812
v 448.5 -608.0 -30.499969482421875
v 552.5 -608.0 -30.499969482421875
v 552.5 -608.0 121.50003051757812
v 448.5 -384.0 -30.499969482421875
v 448.5 -384.0 121.50003051757812
v 552.5 -384.0 121.50003051757812
v 552.5 -384.0 -30.499969482421875
v 448.5 -384.0 -30.499969482421875
v 552.5 -384.0 -30.499969482421875
v 552.5 -608.0 -30.499969482421875
v 448.5 -608.0 -30.499969482421875
v 552.5 -384.0 121.50003051757812
v 448.5 -384.0 121.50003051757812
v 448.5 -608.0 121.50003051757812
v 552.5 -608.0 121.50003051757812
v 502.76080322265625 -237.72360229492188 -38.5
v 502.76080322265625 -384.021728515625 -38.5
v 502.76080322265625 -384.021728515625 -190.5
v 502.76080322265625 -237.72360229492188 -190.5
v 448.49993896484375 -384.021728515625 -38.5
v 448.49993896484375 -237.72372436523438 -38.5
v 448.49993896484375 -237.72372436523438 -190.5
v 448.49993896484375 -384.021728515625 -190.5
v 448.49993896484375 -384.021728515625 -38.5
v 448.49993896484375 -384.021728515625 -190.5
v 502.76080322265625 -384.021728515625 -190.5
v 502.76080322265625 -384.021728515625 -38.5
v 448.49993896484375 -237.72372436523438 -190.5
v 448.49993896484375 -237.72372436523438 -38.5
v 502.76080322265625 -237.72360229492188 -38.5
v 502.76080322265625 -237.72360229492188 -190.5
v 448.49993896484375 -237.72372436523438 -190.5
v 502.76080322265625 -237.72360229492188 -190.5
v 502.76080322265625 -384.021728515625 -190.5
v 448.49993896484375 -384.021728515625 -190.5
v 502.76080322265625 -237.72360229492188 -38.5
v 448.49993896484375 -237.72372436523438 -38.5
v 448.49993896484375 -384.021728515625 -38.5
v 502.76080322265625 -384.021728515625 -38.5
v 552.5000610351562 -256.0108947753906 -38.5
v 552.5000610351562 -384.021728515625 -38.5
v 552.5000610351562 -384.021728515625 -190.5
v 552.5000610351562 -256.0108947753906 -190.5
v 502.76080322265625 -384.021728515625 -38.5
v 502.76080322265625 -237.72360229492188 -38.5
v 502.76080322265625 -237.72360229492188 -190.5
v 502.76080322265625 -384.021728515625 -190.5
v 502.76080322265625 -384.021728515625 -38.5
v 502.76080322265625 -384.021728515625 -190.5
v 552.5000610351562 -384.021728515625 -190.5
v 552.5000610351562 -384.021728515625 -38.5
v 502.76080322265625 -237.72360229492188 -190.5
v 502.76080322265625 -237.72360229492188 -38.5
v 552.5000610351562 -256.0108947753906 -38.5
v 552.5000610351562 -256.0108947753906 -190.5
v 502.76080322265625 -237.72360229492188 -190.5
v 552.5000610351562 -256.0108947753906 -190.5
v 552.5000610351562 -384.021728515625 -190.5
v 502.76080322265625 -384.021728515625 -190.5
v 552.5000610351562 -256.0108947753906 -38.5
v 502.76080322265625 -237.72360229492188 -38.5
v 502.76080322265625 -384.021728515625 -38.5
v 552.5000610351562 -384.021728515625 -38.5
v 552.5 -384.0 -38.5
v 552.5 -608.0 -38.5
v 552.5 -608.0 -190.5
v 552.5 -384.0 -190.5
v 448.5 -608.0 -38.5
v 448.5 -384.0 -38.5
v 448.5 -384.0 -190.5
v 448.5 -608.0 -190.5
v 448.5 -608.0 -38.5
v 448.5 -608.0 -190.5
v 552.5 -608.0 -190.5
v 552.5 -608.0 -38.5
v 448.5 -384.0 -190.5
v 448.5 -384.0 -38.5
v 552.5 -384.0 -38.5
v 552.5 -384.0 -190.5
v 448.5 -384.0 -190.5
v 552.5 -384.0 -190.5
v 552.5 -608.0 -190.5
v 448.5 -608.0 -190.5
v 552.5 -384.0 -38.5
v 448.5 -384.0 -38.5
v 448.5 -608.0 -38.5
v 552.5 -608.0 -38.5
v 502.76080322265625 -237.72360229492188 -198.49996948242188
v 502.76080322265625 -384.021728515625 -198.49996948242188
v 502.76080322265625 -384.021728515625 -350.4999694824219
v 502.76080322265625 -237.72360229492188 -350.4999694824219
v 448.49993896484375 -384.021728515625 -198.49996948242188
v 448.49993896484375 -237.72372436523438 -198.49996948242188
v 448.49993896484375 -237.72372436523438 -350.4999694824219
v 448.49993896484375 -384.021728515625 -350.4999694824219
v 448.49993896484375 -384.021728515625 -198.49996948242188
v 448.49993896484375 -384.021728515625 -350.4999694824219
v 502.76080322265625 -384.021728515625 -350.4999694824219
v 502.76080322265625 -384.021728515625 -198.49996948242188
v 448.49993896484375 -237.72372436523438 -350.4999694824219
v 448.49993896484375 -237.72372436523438 -198.49996948242188
v 502.76080322265625 -237.72360229492188 -198.49996948242188
v 502.76080322265625 -237.72360229492188 -350.4999694824219
v 448.49993896484375 -237.72372436523438 -350.4999694824219
v 502.76080322265625 -237.72360229492188 -350.4999694824219
v 502.76080322265625 -384.021728515625 -350.4999694824219
v 448.49993896484375 -384.021728515625 -350.4999694824219
v 502.76080322265625 -237.72360229492188 -198.49996948242188
v 448.49993896484375 -237.72372436523438 -198.49996948242188
v 448.49993896484375 -384.021728515625 -198.49996948242188
v 502.76080322265625 -384.021728515625 -198.49996948242188
v 552.5000610351562 -256.0108947753906 -198.49996948242188
v 552.5000610351562 -384.021728515625 -198.49996948242188
v 552.5000610351562 -384.021728515625 -350.4999694824219
v 552.5000610351562 -256.0108947753906 -350.4999694824219
v 502.76080322265625 -384.021728515625 -198.49996948242188
v 502.76080322265625 -237.72360229492188 -198.49996948242188
v 502.76080322265625 -237.72360229492188 -350.4999694824219
v 502.76080322265625 -384.021728515625 -350.4999694824219
v 502.76080322265625 -384.021728515625 -198.49996948242188
v 502.76080322265625 -384.021728515625 -350.4999694824219
v 552.5000610351562 -384.021728515625 -350.4999694824219
v 552.5000610351562 -384.021728515625 -198.49996948242188
v 502.76080322265625 -237.72360229492188 -350.4999694824219
v 502.76080322265625 -237.72360229492188 -198.49996948242188
v 552.5000610351562 -256.0108947753906 -198.49996948242188
v 552.5000610351562 -256.0108947753906 -350.4999694824219
v 502.76080322265625 -237.72360229492188 -350.4999694824219
v 552.5000610351562 -256.0108947753906 -350.4999694824219
v 552.5000610351562 -384.021728515625 -350.4999694824219
v 502.76080322265625 -384.021728515625 -350.4999694824219
v 552.5000610351562 -256.0108947753906 -198.49996948242188
v 502.76080322265625 -237.72360229492188 -198.49996948242188
v 502.76080322265625 -384.021728515625 -198.49996948242188
v 552.5000610351562 -384.021728515625 -198.49996948242188
v 552.5 -384.0 -198.49996948242188
v 552.5 -608.0 -198.49996948242188
v 552.5 -608.0 -350.4999694824219
v 552.5 -384.0 -350.4999694824219
v 448.5 -608.0 -198.49996948242188
v 448.5 -384.0 -198.49996948242188
v 448.5 -384.0 -350.4999694824219
v 448.5 -608.0 -350.4999694824219
v 448.5 -608.0 -198.49996948242188
v 448.5 -608.0 -350.4999694824219
v 552.5 -608.0 -350.4999694824219
v 552.5 -608.0 -198.49996948242188
v 448.5 -384.0 -350.4999694824219
v 448.5 -384.0 -198.49996948242188
v 552.5 -384.0 -198.49996948242188
v 552.5 -384.0 -350.4999694824219
v 448.5 -384.0 -350.4999694824219
v 552.5 -384.0 -350.4999694824219
v 552.5 -608.0 -350.4999694824219
v 448.5 -608.0 -350.4999694824219
v 552.5 -384.0 -198.49996948242188
v 448.5 -384.0 -198.49996948242188
v 448.5 -608.0 -198.49996948242188
v 552.5 -608.0 -198.49996948242188
v 390.23919677734375 -237.72360229492188 -350.4999694824219
v 390.23919677734375 -384.021728515625 -350.4999694824219
v 390.23919677734375 -384.021728515625 -198.49996948242188
v 390.23919677734375 -237.72360229492188 -198.49996948242188
v 444.5 -384.021728515625 -350.4999694824219
v 444.5 -237.72372436523438 -350.4999694824219
v 444.50006103515625 -237.72372436523438 -198.49996948242188
v 444.50006103515625 -384.021728515625 -198.49996948242188
v 444.5 -384.021728515625 -350.4999694824219
v 444.50006103515625 -384.021728515625 -198.49996948242188
v 390.23919677734375 -384.021728515625 -198.49996948242188
v 390.23919677734375 -384.021728515625 -350.4999694824219
v 444.50006103515625 -237.72372436523438 -198.49996948242188
v 444.5 -237.72372436523438 -350.4999694824219
v 390.23919677734375 -237.72360229492188 -350.4999694824219
v 390.23919677734375 -237.72360229492188 -198.49996948242188
v 444.50006103515625 -237.72372436523438 -198.49996948242188
v 390.23919677734375 -237.72360229492188 -198.49996948242188
v 390.23919677734375 -384.021728515625 -198.49996948242188
v 444.50006103515625 -384.021728515625 -198.49996948242188
v 390.23919677734375 -237.72360229492188 -350.4999694824219
v 444.5 -237.72372436523438 -350.4999694824219
v 444.5 -384.021728515625 -350.4999694824219
v 390.23919677734375 -384.021728515625 -350.4999694824219
v 340.5 -256.0108947753906 -350.4999694824219
v 340.5 -384.021728515625 -350.4999694824219
v 340.5001220703125 -384.021728515625 -198.49996948242188
v 340.5001220703125 -256.0108947753906 -198.49996948242188
v 390.2392578125 -384.021728515625 -350.4999694824219
v 390.2392578125 -237.72360229492188 -350.4999694824219
v 390.2392578125 -237.72360229492188 -198.49996948242188
v 390.2392578125 -384.021728515625 -198.49996948242188
v 390.2392578125 -384.021728515625 -350.4999694824219
v 390.2392578125 -384.021728515625 -198.49996948242188
v 340.5001220703125 -384.021728515625 -198.49996948242188
v 340.5 -384.021728515625 -350.4999694824219
v 390.2392578125 -237.72360229492188 -198.49996948242188
v 390.2392578125 -237.72360229492188 -350.4999694824219
v 340.5 -256.0108947753906 -350.4999694824219
v 340.5001220703125 -256.0108947753906 -198.49996948242188
v 390.2392578125 -237.72360229492188 -198.49996948242188
v 340.5001220703125 -256.0108947753906 -198.49996948242188
v 340.5001220703125 -384.021728515625 -198.49996948242188
v 390.2392578125 -384.021728515625 -198.49996948242188
v 340.5 -256.0108947753906 -350.4999694824219
v 390.2392578125 -237.72360229492188 -350.4999694824219
v 390.2392578125 -384.021728515625 -350.4999694824219
v 340.5 -384.021728515625 -350.4999694824219
v 340.5 -384.0 -350.4999694824219
v 340.5 -608.0 -350.4999694824219
v 340.5 -608.0 -198.49996948242188
v 340.5 -384.0 -198.49996948242188
v 444.5 -608.0 -350.4999694824219
v 444.5 -384.0 -350.4999694824219
v 444.5 -384.0 -198.49996948242188
v 444.5 -608.0 -198.49996948242188
v 444.5 -608.0 -350.4999694824219
v 444.5 -608.0 -198.49996948242188
v 340.5 -608.0 -198.49996948242188
v 340.5 -608.0 -350.4999694824219
v 444.5 -384.0 -198.49996948242188
v 444.5 -384.0 -350.4999694824219
v 340.5 -384.0 -350.4999694824219
v 340.5 -384.0 -198.49996948242188
v 444.5 -384.0 -198.49996948242188
v 340.5 -384.0 -198.49996948242188
v 340.5 -608.0 -198.49996948242188
v 444.5 -608.0 -198.49996948242188
v 340.5 -384.0 -350.4999694824219
v 444.5 -384.0 -350.4999694824219
v 444.5 -608.0 -350.4999694824219
v 340.5 -608.0 -350.4999694824219
v 390.23919677734375 -237.72360229492188 -190.5
v 390.23919677734375 -384.021728515625 -190.5
v 390.23919677734375 -384.021728515625 -38.5
v 390.23919677734375 -237.72360229492188 -38.5
v 444.50006103515625 -384.021728515625 -190.5
v 444.50006103515625 -237.72372436523438 -190.5
v 444.50006103515625 -237.72372436523438 -38.5
v 444.50006103515625 -384.021728515625 -38.5
v 444.50006103515625 -384.021728515625 -190.5
v 444.50006103515625 -384.021728515625 -38.5
v 390.23919677734375 -384.021728515625 -38.5
v 390.23919677734375 -384.021728515625 -190.5
v 444.50006103515625 -237.72372436523438 -38.5
v 444.50006103515625 -237.72372436523438 -190.5
v 390.23919677734375 -237.72360229492188 -190.5
v 390.23919677734375 -237.72360229492188 -38.5
v 444.50006103515625 -237.72372436523438 -38.5
v 390.23919677734375 -237.72360229492188 -38.5
v 390.23919677734375 -384.021728515625 -38.5
v 444.50006103515625 -384.021728515625 -38.5
v 390.23919677734375 -237.72360229492188 -190.5
v 444.50006103515625 -237.72372436523438 -190.5
v 444.50006103515625 -384.021728515625 -190.5
v 390.23919677734375 -384.021728515625 -190.5
v 340.50006103515625 -256.0108947753906 -190.5
v 340.50006103515625 -384.021728515625 -190.5
v 340.50006103515625 -384.021728515625 -38.5
v 340.50006103515625 -256.0108947753906 -38.5
v 390.23919677734375 -384.021728515625 -190.5
v 390.23919677734375 -237.72360229492188 -190.5
v 390.23919677734375 -237.72360229492188 -38.5
v 390.23919677734375 -384.021728515625 -38.5
v -704.0 -28.0 832.0
v -704.0 -32.0 832.0
v -768.0 -32.0 832.0
v -768.0 -28.0 832.0
v -704.0 -32.0 992.0
v -704.0 -28.0 992.0
v -768.0 -28.0 992.0
v -768.0 -32.0 992.0
v -704.0 -32.0 992.0
v -768.0 -32.0 992.0
v -768.0 -32.0 832.0
v -704.0 -32.0 832.0
v -768.0 -28.0 992.0
v -704.0 -28.0 992.0
v -704.0 -28.0 832.0
v -768.0 -28.0 832.0
v -768.0 -28.0 992.0
v -768.0 -28.0 832.0
v -768.0 -32.0 832.0
v -768.0 -32.0 992.0
v -704.0 -28.0 832.0
v -704.0 -28.0 992.0
v -704.0 -32.0 992.0
v -704.0 -32.0 832.0
v -640.0 -60.0 832.0
v -640.0 -64.0 832.0
v -704.0 -64.0 832.0
v -704.0 -60.0 832.0
v -640.0 -64.0 992.0
v -640.0 -60.0 992.0
v -704.0 -60.0 992.0
v -704.0 -64.0 992.0
v -640.0 -64.0 992.0
v -704.0 -64.0 992.0
v -704.0 -64.0 832.0
v -640.0 -64.0 832.0
v -704.0 -60.0 992.0
v -640.0 -60.0 992.0
v -640.0 -60.0 832.0
v -704.0 -60.0 832.0
v -704.0 -60.0 992.0
v -704.0 -60.0 832.0
v -704.0 -64.0 832.0
v -704.0 -64.0 992.0
v -640.0 -60.0 832.0
v -640.0 -60.0 992.0
v -640.0 -64.0 992.0
v -640.0 -64.0 832.0
v -576.0 -92.0 832.0
v -576.0 -96.0 832.0
v -640.0 -96.0 832.0
v -640.0 -92.0 832.0
v -576.0 -96.0 992.0
v -576.0 -92.0 992.0
v -640.0 -92.0 992.0
v -640.0 -96.0 992.0
v -576.0 -96.0 992.0
v -640.0 -96.0 992.0
v -640.0 -96.0 832.0
v -576.0 -96.0 832.0
v -640.0 -92.0 992.0
v -576.0 -92.0 992.0
v -576.0 -92.0 832.0
v -640.0 -92.0 832.0
v -640.0 -92.0 992.0
v -640.0 -92.0 832.0
v -640.0 -96.0 832.0
v -640.0 -96.0 992.0
v -576.0 -92.0 832.0
v -576.0 -92.0 992.0
v -576.0 -96.0 992.0
v -576.0 -96.0 832.0
v -512.0 -124.0 832.0
v -512.0 -128.0 832.0
v -576.0 -128.0 832.0
v -576.0 -124.0 832.0
v -512.0 -128.0 992.0
v -512.0 -124.0 992.0
v -576.0 -124.0 992.0
v -576.0 -128.0 992.0
v -512.0 -128.0 992.0
v -576.0 -128.0 992.0
v -576.0 -128.0 832.0
v -512.0 -128.0 832.0
v -576.0 -124.0 992.0
v -512.0 -124.0 992.0
v -512.0 -124.0 832.0
v -576.0 -124.0 832.0
v -576.0 -124.0 992.0
v -576.0 -124.0 832.0
v -576.0 -128.0 832.0
v -576.0 -128.0 992.0
v -512.0 -124.0 832.0
v -512.0 -124.0 992.0
v -512.0 -128.0 992.0
v -512.0 -128.0 832.0
v -448.0 -156.0 832.0
v -448.0 -160.0 832.0
v -512.0 -160.0 832.0
v -512.0 -156.0 832.0
v -448.0 -160.0 992.0
v -448.0 -156.0 992.0
v -512.0 -156.0 992.0
v -512.0 -160.0 992.0
v -448.0 -160.0 992.0
v -512.0 -160.0 992.0
v -512.0 -160.0 832.0
v -448.0 -160.0 832.0
v -512.0 -156.0 992.0
v -448.0 -156.0 992.0
v -448.0 -156.0 832.0
v -512.0 -156.0 832.0
v -512.0 -156.0 992.0
v -512.0 -156.0 832.0
v -512.0 -160.0 832.0
v -512.0 -160.0 992.0
v -448.0 -156.0 832.0
v -448.0 -156.0 992.0
v -448.0 -160.0 992.0
v -448.0 -160.0 832.0
v -384.0 -188.0 832.0
v -384.0 -192.0 832.0
v -448.0 -192.0 832.0
v -448.0 -188.0 832.0
v -384.0 -192.0 992.0
v -384.0 -188.0 992.0
v -448.0 -188.0 992.0
v -448.0 -192.0 992.0
v -384.0 -192.0 992.0
v -448.0 -192.0 992.0
v -448.0 -192.0 832.0
v -384.0 -192.0 832.0
v -448.0 -188.0 992.0
v -384.0 -188.0 992.0
v -384.0 -188.0 832.0
v -448.0 -188.0 832.0
v -448.0 -188.0 992.0
v -448.0 -188.0 832.0
v -448.0 -192.0 832.0
v -448.0 -192.0 992.0
v -384.0 -188.0 832.0
v -384.0 -188.0 992.0
v -384.0 -192.0 992.0
v -384.0 -192.0 832.0
v -320.0 -220.0 832.0
v -320.0 -224.0 832.0
v -384.0 -224.0 832.0
v -384.0 -220.0 832.0
v -320.0 -224.0 992.0
v -320.0 -220.0 992.0
v -384.0 -220.0 992.0
v -384.0 -224.0 992.0
v -320.0 -224.0 992.0
v -384.0 -224.0 992.0
v -384.0 -224.0 832.0
v -320.0 -224.0 832.0
v -384.0 -220.0 992.0
v -320.0 -220.0 992.0
v -320.0 -220.0 832.0
v -384.0 -220.0 832.0
v -384.0 -220.0 992.0
v -384.0 -220.0 832.0
v -384.0 -224.0 832.0
v -384.0 -224.0 992.0
v -320.0 -220.0 832.0
v -320.0 -220.0 992.0
v -320.0 -224.0 992.0
v -320.0 -224.0 832.0
v 224.0 -380.0 832.0
v 224.0 -384.0 832.0
v -96.0 -384.0 832.0
v -96.0 -380.0 832.0
v 224.0 -384.0 992.0
v 224.0 -380.0 992.0
v -96.0 -380.0 992.0
v -96.0 -384.0 992.0
v 224.0 -384.0 992.0
v -96.0 -384.0 992.0
v -96.0 -384.0 832.0
v 224.0 -384.0 832.0
v -96.0 -380.0 992.0
v 224.0 -380.0 992.0
v 224.0 -380.0 832.0
v -96.0 -380.0 832.0
v -96.0 -380.0 992.0
v -96.0 -380.0 832.0
v -96.0 -384.0 832.0
v -96.0 -384.0 992.0
v 224.0 -380.0 832.0
v 224.0 -380.0 992.0
v 224.0 -384.0 992.0
v 224.0 -384.0 832.0
v -96.0 -412.0 768.0
v -96.0 -416.0 768.0
v -96.0 -416.0 832.0
v -96.0 -412.0 832.0
v 224.0 -416.0 768.0
v 224.0 -412.0 768.0
v 224.0 -412.0 832.0
v 224.0 -416.0 832.0
v 224.0 -416.0 768.0
v 224.0 -416.0 832.0
v -96.0 -416.0 832.0
v -96.0 -416.0 768.0
v 224.0 -412.0 832.0
v 224.0 -412.0 768.0
v -96.0 -412.0 768.0
v -96.0 -412.0 832.0
v 224.0 -412.0 832.0
v -96.0 -412.0 832.0
v -96.0 -416.0 832.0
v 224.0 -416.0 832.0
v -96.0 -412.0 768.0
v 224.0 -412.0 768.0
v 224.0 -416.0 768.0
v -96.0 -416.0 768.0
v -96.0 -444.0 704.0
v -96.0 -448.0 704.0
v -96.0 -448.0 768.0
v -96.0 -444.0 768.0
v 224.0 -448.0 704.0
v 224.0 -444.0 704.0
v 224.0 -444.0 768.0
v 224.0 -448.0 768.0
v 224.0 -448.0 704.0
v 224.0 -448.0 768.0
v -96.0 -448.0 768.0
v -96.0 -448.0 704.0
v 224.0 -444.0 768.0
v 224.0 -444.0 704.0
v -96.0 -444.0 704.0
v -96.0 -444.0 768.0
v 224.0 -444.0 768.0
v -96.0 -444.0 768.0
v -96.0 -448.0 768.0
v 224.0 -448.0 768.0
v -96.0 -444.0 704.0
v 224.0 -444.0 704.0
v 224.0 -448.0 704.0
v -96.0 -448.0 704.0
v -96.0 -476.0 640.0
v -96.0 -480.0 640.0
v -96.0 -480.0 704.0
v -96.0 -476.0 704.0
v 224.0 -480.0 640.0
v 224.0 -476.0 640.0
v 224.0 -476.0 704.0
v 224.0 -480.0 704.0
v 224.0 -480.0 640.0
v 224.0 -480.0 704.0
v -96.0 -480.0 704.0
v -96.0 -480.0 640.0
v 224.0 -476.0 704.0
v 224.0 -476.0 640.0
v -96.0 -476.0 640.0
v -96.0 -476.0 704.0
v 224.0 -476.0 704.0
v -96.0 -476.0 704.0
v -96.0 -480.0 704.0
v 224.0 -480.0 704.0
v -96.0 -476.0 640.0
v 224.0 -476.0 640.0
v 224.0 -480.0 640.0
v -96.0 -480.0 640.0
v -96.0 -508.0 576.0
v -96.0 -512.0 576.0
v -96.0 -512.0 640.0
v -96.0 -508.0 640.0
v 224.0 -512.0 576.0
v 224.0 -508.0 576.0
v 224.0 -508.0 640.0
v 224.0 -512.0 640.0
v 224.0 -512.0 576.0
v 224.0 -512.0 640.0
v -96.0 -512.0 640.0
v -96.0 -512.0 576.0
v 224.0 -508.0 640.0
v 224.0 -508.0 576.0
v -96.0 -508.0 576.0
v -96.0 -508.0 640.0
v 224.0 -508.0 640.0
v -96.0 -508.0 640.0
v -96.0 -512.0 640.0
v 224.0 -512.0 640.0
v -96.0 -508.0 576.0
v 224.0 -508.0 576.0
v 224.0 -512.0 576.0
v -96.0 -512.0 576.0
v -96.0 -540.0000610351562 512.0
v -96.0 -544.0000610351562 512.0
v -96.0 -544.0000610351562 576.0
v -96.0 -540.0000610351562 576.0
v 224.0 -544.0000610351562 512.0
v 224.0 -540.0000610351562 512.0
v 224.0 -540.0000610351562 576.0
v 224.0 -544.0000610351562 576.0
v 224.0 -544.0000610351562 512.0
v 224.0 -544.0000610351562 576.0
v -96.0 -544.0000610351562 576.0
v -96.0 -544.0000610351562 512.0
v 224.0 -540.0000610351562 576.0
v 224.0 -540.0000610351562 512.0
v -96.0 -540.0000610351562 512.0
v -96.0 -540.0000610351562 576.0
v 224.0 -540.0000610351562 576.0
v -96.0 -540.0000610351562 576.0
v -96.0 -544.0000610351562 576.0
v 224.0 -544.0000610351562 576.0
v -96.0 -540.0000610351562 512.0
v 224.0 -540.0000610351562 512.0
v 224.0 -544.0000610351562 512.0
v -96.0 -544.0000610351562 512.0
v -96.0 -572.0 448.0
v -96.0 -576.0 448.0
v -96.0 -576.0 512.0
v -96.0 -572.0 512.0
v 224.0 -576.0 448.0
v 224.0 -572.0 448.0
v 224.0 -572.0 512.0
v 224.0 -576.0 512.0
v 224.0 -576.0 448.0
v 224.0 -576.0 512.0
v -96.0 -576.0 512.0
v -96.0 -576.0 448.0
v 224.0 -572.0 512.0
v 224.0 -572.0 448.0
v -96.0 -572.0 448.0
v -96.0 -572.0 512.0
v 224.0 -572.0 512.0
v -96.0 -572.0 512.0
v -96.0 -576.0 512.0
v 224.0 -576.0 512.0
v -96.0 -572.0 448.0
v 224.0 -572.0 448.0
v 224.0 -576.0 448.0
v -96.0 -576.0 448.0
v -256.0 -252.0 832.0
v -256.0 -256.0 832.0
v -320.0 -256.0 832.0
v -320.0 -252.0 832.0
v -256.0 -256.0 992.0
v -256.0 -252.0 992.0
v -320.0 -252.0 992.0
v -320.0 -256.0 992.0
v -256.0 -256.0 992.0
v -320.0 -256.0 992.0
v -320.0 -256.0 832.0
v -256.0 -256.0 832.0
v -320.0 -252.0 992.0
v -256.0 -252.0 992.0
v -256.0 -252.0 832.0
v -320.0 -252.0 832.0
v -320.0 -252.0 992.0
v -320.0 -252.0 832.0
v -320.0 -256.0 832.0
v -320.0 -256.0 992.0
v -256.0 -252.0 832.0
v -256.0 -252.0 992.0
v -256.0 -256.0 992.0
v -256.0 -256.0 832.0
v -192.0 -284.0 832.0
v -192.0 -288.0 832.0
v -256.0 -288.0 832.0
v -256.0 -284.0 832.0
v -192.0 -288.0 992.0
v -192.0 -284.0 992.0
v -256.0 -284.0 992.0
v -256.0 -288.0 992.0
v -192.0 -288.0 992.0
v -256.0 -288.0 992.0
v -256.0 -288.0 832.0
v -192.0 -288.0 832.0
v -256.0 -284.0 992.0
v -192.0 -284.0 992.0
v -192.0 -284.0 832.0
v -256.0 -284.0 832.0
v -256.0 -284.0 992.0
v -256.0 -284.0 832.0
v -256.0 -288.0 832.0
v -256.0 -288.0 992.0
v -192.0 -284.0 832.0
v -192.0 -284.0 992.0
v -192.0 -288.0 992.0
v -192.0 -288.0 832.0
v -128.0 -316.0 832.0
v -128.0 -320.0 832.0
v -192.0 -320.0 832.0
v -192.0 -316.0 832.0
v -128.0 -320.0 992.0
v -128.0 -316.0 992.0
v -192.0 -316.0 992.0
v -192.0 -320.0 992.0
v -128.0 -320.0 992.0
v -192.0 -320.0 992.0
v -192.0 -320.0 832.0
v -128.0 -320.0 832.0
v -192.0 -316.0 992.0
v -128.0 -316.0 992.0
v -128.0 -316.0 832.0
v -192.0 -316.0 832.0
v -192.0 -316.0 992.0
v -192.0 -316.0 832.0
v -192.0 -320.0 832.0
v -192.0 -320.0 992.0
v -128.0 -316.0 832.0
v -128.0 -316.0 992.0
v -128.0 -320.0 992.0
v -128.0 -320.0 832.0
v -64.0 -348.0 832.0
v -64.0 -352.0 832.0
v -128.0 -352.0 832.0
v -128.0 -348.0 832.0
v -64.0 -352.0 992.0
v -64.0 -348.0 992.0
v -128.0 -348.0 992.0
v -128.0 -352.0 992.0
v -64.0 -352.0 992.0
v -128.0 -352.0 992.0
v -128.0 -352.0 832.0
v -64.0 -352.0 832.0
v -128.0 -348.0 992.0
v -64.0 -348.0 992.0
v -64.0 -348.0 832.0
v -128.0 -348.0 832.0
v -128.0 -348.0 992.0
v -128.0 -348.0 832.0
v -128.0 -352.0 832.0
v -128.0 -352.0 992.0
v -64.0 -348.0 832.0
v -64.0 -348.0 992.0
v -64.0 -352.0 992.0
v -64.0 -352.0 832.0
v -768.0 0.0 -992.0000610351562
v -768.0 -8.0 -992.0000610351562
v -992.0 -8.0 -992.0000610351562
v -992.0 0.0 -992.0000610351562
v -768.0 -8.0 992.0
v -768.0 0.0 992.0
v -992.0 0.0 992.0
v -992.0 -8.0 992.0
v -768.0 -8.0 992.0
v -992.0 -8.0 992.0
v -992.0 -8.0 -992.0000610351562
v -768.0 -8.0 -992.0000610351562
v -992.0 0.0 992.0
v -768.0 0.0 992.0
v -768.0 0.0 -992.0000610351562
v -992.0 0.0 -992.0000610351562
v -992.0 0.0 992.0
v -992.0 0.0 -992.0000610351562
v -992.0 -8.0 -992.0000610351562
v -992.0 -8.0 992.0
v -768.0 0.0 -992.0000610351562
v -768.0 0.0 992.0
v -768.0 -8.0 992.0
v -768.0 -8.0 -992.0000610351562
v 175.99996948242188 0.0 -992.0
v 175.99996948242188 -8.0 -992.0
v -768.0 -8.0 -992.0
v -768.0 0.0 -992.0
v 175.99996948242188 -8.0 -708.0
v 175.99996948242188 0.0 -708.0
v -768.0 0.0 -708.0
v -768.0 -8.0 -708.0
v 175.99996948242188 -8.0 -708.0
v -768.0 -8.0 -708.0
v -768.0 -8.0 -992.0
v 175.99996948242188 -8.0 -992.0
v -768.0 0.0 -708.0
v 175.99996948242188 0.0 -708.0
v 175.99996948242188 0.0 -992.0
v -768.0 0.0 -992.0
v -768.0 0.0 -708.0
v -768.0 0.0 -992.0
v -768.0 -8.0 -992.0
v -768.0 -8.0 -708.0
v 175.99996948242188 0.0 -992.0
v 175.99996948242188 0.0 -708.0
v 175.99996948242188 -8.0 -708.0
v 175.99996948242188 -8.0 -992.0
v 922.4039306640625 -284.0 377.5960693359375
v 922.4039306640625 -607.943359375 377.5960693359375
v 986.4039306640625 -607.943359375 377.5960693359375
v 986.4039306640625 -284.0 377.5960693359375
v 922.4039306640625 -607.943359375 373.5960693359375
v 922.4039306640625 -284.0 373.5960693359375
v 986.4039306640625 -284.0 373.5960693359375
v 986.4039306640625 -607.943359375 373.5960693359375
v 922.4039306640625 -607.943359375 373.5960693359375
v 986.4039306640625 -607.943359375 373.5960693359375
v 986.4039306640625 -607.943359375 377.5960693359375
v 922.4039306640625 -607.943359375 377.5960693359375
v 986.4039306640625 -284.0 373.5960693359375
v 922.4039306640625 -284.0 373.5960693359375
v 922.4039306640625 -284.0 377.5960693359375
v 986.4039306640625 -284.0 377.5960693359375
v 986.4039306640625 -284.0 373.5960693359375
v 986.4039306640625 -284.0 377.5960693359375
v 986.4039306640625 -607.943359375 377.5960693359375
v 986.4039306640625 -607.943359375 373.5960693359375
v 922.4039306640625 -284.0 377.5960693359375
v 922.4039306640625 -284.0 373.5960693359375
v 922.4039306640625 -607.943359375 373.5960693359375
v 922.4039306640625 -607.943359375 377.5960693359375
v 922.4039306640625 -284.0 557.5960693359375
v 922.4039306640625 -607.943359375 557.5960693359375
v 986.4039306640625 -607.943359375 557.5960693359375
v 986.4039306640625 -284.0 557.5960693359375
v 922.4039306640625 -607.943359375 553.5960693359375
v 922.4039306640625 -284.0 553.5960693359375
v 986.4039306640625 -284.0 553.5960693359375
v 986.4039306640625 -607.943359375 553.5960693359375
v 922.4039306640625 -607.943359375 553.5960693359375
v 986.4039306640625 -607.943359375 553.5960693359375
v 986.4039306640625 -607.943359375 557.5960693359375
v 922.4039306640625 -607.943359375 557.5960693359375
v 986.4039306640625 -284.0 553.5960693359375
v 922.4039306640625 -284.0 553.5960693359375
v 922.4039306640625 -284.0 557.5960693359375
v 986.4039306640625 -284.0 557.5960693359375
v 986.4039306640625 -284.0 553.5960693359375
v 986.4039306640625 -284.0 557.5960693359375
v 986.4039306640625 -607.943359375 557.5960693359375
v 986.4039306640625 -607.943359375 553.5960693359375
v 922.4039306640625 -284.0 557.5960693359375
v 922.4039306640625 -284.0 553.5960693359375
v 922.4039306640625 -607.943359375 553.5960693359375
v 922.4039306640625 -607.943359375 557.5960693359375
v 922.4039306640625 -284.0 185.59608459472656
v 922.4039306640625 -607.943359375 185.59608459472656
v 986.4039306640625 -607.943359375 185.59608459472656
v 986.4039306640625 -284.0 185.59608459472656
v 922.4039306640625 -607.943359375 181.59608459472656
v 922.4039306640625 -284.0 181.59608459472656
v 986.4039306640625 -284.0 181.59608459472656
v 986.4039306640625 -607.943359375 181.59608459472656
v 922.4039306640625 -607.943359375 181.59608459472656
v 986.4039306640625 -607.943359375 181.59608459472656
v 986.4039306640625 -607.943359375 185.59608459472656
v 922.4039306640625 -607.943359375 185.59608459472656
v 986.4039306640625 -284.0 181.59608459472656
v 922.4039306640625 -284.0 181.59608459472656
v 922.4039306640625 -284.0 185.59608459472656
v 986.4039306640625 -284.0 185.59608459472656
v 986.4039306640625 -284.0 181.59608459472656
v 986.4039306640625 -284.0 185.59608459472656
v 986.4039306640625 -607.943359375 185.59608459472656
v 986.4039306640625 -607.943359375 181.59608459472656
v 922.4039306640625 -284.0 185.59608459472656
v 922.4039306640625 -284.0 181.59608459472656
v 922.4039306640625 -607.943359375 181.59608459472656
v 922.4039306640625 -607.943359375 185.59608459472656
v 922.4039306640625 -284.0 365.5960693359375
v 922.4039306640625 -607.943359375 365.5960693359375
v 986.4039306640625 -607.943359375 365.5960693359375
v 986.4039306640625 -284.0 365.5960693359375
v 922.4039306640625 -607.943359375 361.5960693359375
v 922.4039306640625 -284.0 361.5960693359375
v 986.4039306640625 -284.0 361.5960693359375
v 986.4039306640625 -607.943359375 361.5960693359375
v 922.4039306640625 -607.943359375 361.5960693359375
v 986.4039306640625 -607.943359375 361.5960693359375
v 986.4039306640625 -607.943359375 365.5960693359375
v 922.4039306640625 -607.943359375 365.5960693359375
v 986.4039306640625 -284.0 361.5960693359375
v 922.4039306640625 -284.0 361.5960693359375
v 922.4039306640625 -284.0 365.5960693359375
v 986.4039306640625 -284.0 365.5960693359375
v 986.4039306640625 -284.0 361.5960693359375
v 986.4039306640625 -284.0 365.5960693359375
v 986.4039306640625 -607.943359375 365.5960693359375
v 986.4039306640625 -607.943359375 361.5960693359375
v 922.4039306640625 -284.0 365.5960693359375
v 922.4039306640625 -284.0 361.5960693359375
v 922.4039306640625 -607.943359375 361.5960693359375
v 922.4039306640625 -607.943359375 365.5960693359375
v 960.0 -472.0 425.192138671875
v 960.0 -472.0 393.192138671875
v 960.0 -440.0 393.192138671875
v 960.0 -440.0 425.192138671875
v 958.0 -440.0 423.192138671875
v 960.0 -440.0 425.192138671875
v 960.0 -440.0 393.192138671875
v 958.0 -440.0 395.192138671875
v 958.0 -472.0 423.192138671875
v 958.0 -440.0 423.192138671875
v 958.0 -440.0 395.192138671875
v 958.0 -472.0 395.192138671875
v 928.0 -440.0 393.192138671875
v 928.0 -472.0 393.192138671875
v 928.0 -472.0 425.192138671875
v 928.0 -440.0 425.192138671875
v 928.0 -440.0 393.192138671875
v 928.0 -440.0 425.192138671875
v 930.0 -440.0 423.192138671875
v 930.0 -440.0 395.192138671875
v 930.0 -472.0 395.192138671875
v 930.0 -440.0 395.192138671875
v 930.0 -440.0 423.192138671875
v 930.0 -472.0 423.192138671875
v 958.0 -468.0 395.192138671875
v 930.0 -468.0 395.192138671875
v 930.0 -468.0 423.192138671875
v 958.0 -468.0 423.192138671875
v 960.0 -440.0 393.192138671875
v 928.0 -440.0 393.192138671875
v 930.0 -440.0 395.192138671875
v 958.0 -440.0 395.192138671875
v 928.0 -472.0 393.192138671875
v 928.0 -440.0 393.192138671875
v 960.0 -440.0 393.192138671875
v 960.0 -472.0 393.192138671875
v 958.0 -472.0 395.192138671875
v 958.0 -440.0 395.192138671875
v 930.0 -440.0 395.192138671875
v 930.0 -472.0 395.192138671875
v 930.0 -440.0 423.192138671875
v 928.0 -440.0 425.192138671875
v 960.0 -440.0 425.192138671875
v 958.0 -440.0 423.192138671875
v 928.0 -440.0 425.192138671875
v 928.0 -472.0 425.192138671875
v 960.0 -472.0 425.192138671875
v 960.0 -440.0 425.192138671875
v 930.0 -472.0 423.192138671875
v 930.0 -440.0 423.192138671875
v 958.0 -440.0 423.192138671875
v 958.0 -472.0 423.192138671875
v 963.595947265625 -472.0 458.5058288574219
v 955.3137817382812 -472.0 427.5962219238281
v 955.3137817382812 -440.0 427.5962219238281
v 963.595947265625 -440.0 458.5058288574219
v 961.1464233398438 -440.0 457.0916442871094
v 963.595947265625 -440.0 458.5058288574219
v 955.3137817382812 -440.0 427.5962219238281
v 953.8995361328125 -440.0 430.0456848144531
v 961.1464233398438 -472.0 457.0916442871094
v 961.1464233398438 -440.0 457.0916442871094
v 953.8995361328125 -440.0 430.0456848144531
v 953.8995361328125 -472.0 430.0456848144531
v 924.4041137695312 -440.0 435.8783874511719
v 924.4041137695312 -472.0 435.8783874511719
v 932.686279296875 -472.0 466.7879943847656
v 932.686279296875 -440.0 466.7879943847656
v 924.4041137695312 -440.0 435.8783874511719
v 932.686279296875 -440.0 466.7879943847656
v 934.1005249023438 -440.0 464.3385314941406
v 926.8536376953125 -440.0 437.2925720214844
v 926.8536376953125 -472.0 437.2925720214844
v 926.8536376953125 -440.0 437.2925720214844
v 934.1005249023438 -440.0 464.3385314941406
v 934.1005249023438 -472.0 464.3385314941406
v 953.8994750976562 -468.0 430.04571533203125
v 926.8535766601562 -468.0 437.29266357421875
v 934.1005249023438 -468.0 464.33856201171875
v 961.1464233398438 -468.0 457.09161376953125
v 955.3137817382812 -440.0 427.59619140625
v 924.4041137695312 -440.0 435.87841796875
v 926.8535766601562 -440.0 437.29266357421875
v 953.8995971679688 -440.0 430.04571533203125
v 924.4041137695312 -472.0 435.87841796875
v 924.4041137695312 -440.0 435.87841796875
v 955.3137817382812 -440.0 427.59619140625
v 955.3137817382812 -472.0 427.59619140625
v 953.8995971679688 -472.0 430.04571533203125
v 953.8995971679688 -440.0 430.04571533203125
v 926.8535766601562 -440.0 437.29266357421875
v 926.8535766601562 -472.0 437.29266357421875
v 934.1004638671875 -440.0 464.3385314941406
v 932.686279296875 -440.0 466.7880554199219
v 963.595947265625 -440.0 458.5058288574219
v 961.146484375 -440.0 457.0915832519531
v 932.686279296875 -440.0 466.7880554199219
v 932.686279296875 -472.0 466.7880554199219
v 963.595947265625 -472.0 458.5058288574219
v 963.595947265625 -440.0 458.5058288574219
v 934.1004638671875 -472.0 464.3385314941406
v 934.1004638671875 -440.0 464.3385314941406
v 961.146484375 -440.0 457.0915832519531
v 961.146484375 -472.0 457.0915832519531
v 390.23919677734375 -384.021728515625 -190.5
v 390.23919677734375 -384.021728515625 -38.5
v 340.50006103515625 -384.021728515625 -38.5
v 340.50006103515625 -384.021728515625 -190.5
v 390.23919677734375 -237.72360229492188 -38.5
v 390.23919677734375 -237.72360229492188 -190.5
v 340.50006103515625 -256.0108947753906 -190.5
v 340.50006103515625 -256.0108947753906 -38.5
v 390.23919677734375 -237.72360229492188 -38.5
v 340.50006103515625 -256.0108947753906 -38.5
v 340.50006103515625 -384.021728515625 -38.5
v 390.23919677734375 -384.021728515625 -38.5
v 340.50006103515625 -256.0108947753906 -190.5
v 390.23919677734375 -237.72360229492188 -190.5
v 390.23919677734375 -384.021728515625 -190.5
v 340.50006103515625 -384.021728515625 -190.5
v 340.50006103515625 -384.0 -190.5
v 340.50006103515625 -608.0 -190.5
v 340.50006103515625 -608.0 -38.5
v 340.50006103515625 -384.0 -38.5
v 444.50006103515625 -608.0 -190.5
v 444.50006103515625 -384.0 -190.5
v 444.50006103515625 -384.0 -38.5
v 444.50006103515625 -608.0 -38.5
v 444.50006103515625 -608.0 -190.5
v 444.50006103515625 -608.0 -38.5
v 340.50006103515625 -608.0 -38.5
v 340.50006103515625 -608.0 -190.5
v 444.50006103515625 -384.0 -38.5
v 444.50006103515625 -384.0 -190.5
v 340.50006103515625 -384.0 -190.5
v 340.50006103515625 -384.0 -38.5
v 444.50006103515625 -384.0 -38.5
v 340.50006103515625 -384.0 -38.5
v 340.50006103515625 -608.0 -38.5
v 444.50006103515625 -608.0 -38.5
v 340.50006103515625 -384.0 -190.5
v 444.50006103515625 -384.0 -190.5
v 444.50006103515625 -608.0 -190.5
v 340.50006103515625 -608.0 -190.5
v 390.23919677734375 -237.72360229492188 -30.499969482421875
v 390.23919677734375 -384.021728515625 -30.499969482421875
v 390.2392578125 -384.021728515625 121.50003051757812
v 390.2392578125 -237.72360229492188 121.50003051757812
v 444.50006103515625 -384.021728515625 -30.499969482421875
v 444.50006103515625 -237.72372436523438 -30.499969482421875
v 444.50006103515625 -237.72372436523438 121.50003051757812
v 444.50006103515625 -384.021728515625 121.50003051757812
v 444.50006103515625 -384.021728515625 -30.499969482421875
v 444.50006103515625 -384.021728515625 121.50003051757812
v 390.2392578125 -384.021728515625 121.50003051757812
v 390.23919677734375 -384.021728515625 -30.499969482421875
v 444.50006103515625 -237.72372436523438 121.50003051757812
v 444.50006103515625 -237.72372436523438 -30.499969482421875
v 390.23919677734375 -237.72360229492188 -30.499969482421875
v 390.2392578125 -237.72360229492188 121.50003051757812
v 444.50006103515625 -237.72372436523438 121.50003051757812
v 390.2392578125 -237.72360229492188 121.50003051757812
v 390.2392578125 -384.021728515625 121.50003051757812
v 444.50006103515625 -384.021728515625 121.50003051757812
v 390.23919677734375 -237.72360229492188 -30.499969482421875
v 444.50006103515625 -237.72372436523438 -30.499969482421875
v 444.50006103515625 -384.021728515625 -30.499969482421875
v 390.23919677734375 -384.021728515625 -30.499969482421875
v 340.5 -256.0108947753906 -30.499969482421875
v 340.5 -384.021728515625 -30.499969482421875
v 340.5 -384.021728515625 121.50003051757812
v 340.5 -256.0108947753906 121.50003051757812
v 390.2391357421875 -384.021728515625 -30.499969482421875
v 390.2391357421875 -237.72360229492188 -30.499969482421875
v 390.2392578125 -237.72360229492188 121.50003051757812
v 390.2392578125 -384.021728515625 121.50003051757812
v 390.2391357421875 -384.021728515625 -30.499969482421875
v 390.2392578125 -384.021728515625 121.50003051757812
v 340.5 -384.021728515625 121.50003051757812
v 340.5 -384.021728515625 -30.499969482421875
v 390.2392578125 -237.72360229492188 121.50003051757812
v 390.2391357421875 -237.72360229492188 -30.499969482421875
v 340.5 -256.0108947753906 -30.499969482421875
v 340.5 -256.0108947753906 121.50003051757812
v 390.2392578125 -237.72360229492188 121.50003051757812
v 340.5 -256.0108947753906 121.50003051757812
v 340.5 -384.021728515625 121.50003051757812
v 390.2392578125 -384.021728515625 121.50003051757812
v 340.5 -256.0108947753906 -30.499969482421875
v 390.2391357421875 -237.72360229492188 -30.499969482421875
v 390.2391357421875 -384.021728515625 -30.499969482421875
v 340.5 -384.021728515625 -30.499969482421875
v 340.50006103515625 -384.0 -30.499969482421875
v 340.50006103515625 -608.0 -30.499969482421875
v 340.50006103515625 -608.0 121.50003051757812
v 340.50006103515625 -384.0 121.50003051757812
v 444.50006103515625 -608.0 -30.499969482421875
v 444.50006103515625 -384.0 -30.499969482421875
v 444.50006103515625 -384.0 121.50003051757812
v 444.50006103515625 -608.0 121.50003051757812
v 444.50006103515625 -608.0 -30.499969482421875
v 444.50006103515625 -608.0 121.50003051757812
v 340.50006103515625 -608.0 121.50003051757812
v 340.50006103515625 -608.0 -30.499969482421875
v 444.50006103515625 -384.0 121.50003051757812
v 444.50006103515625 -384.0 -30.499969482421875
v 340.50006103515625 -384.0 -30.499969482421875
v 340.50006103515625 -384.0 121.50003051757812
v 444.50006103515625 -384.0 121.50003051757812
v 340.50006103515625 -384.0 121.50003051757812
v 340.50006103515625 -608.0 121.50003051757812
v 444.50006103515625 -608.0 121.50003051757812
v 340.50006103515625 -384.0 -30.499969482421875
v 444.50006103515625 -384.0 -30.499969482421875
v 444.50006103515625 -608.0 -30.499969482421875
v 340.50006103515625 -608.0 -30.499969482421875
v 60.25 -352.00006103515625 -356.25
v 60.25 -461.72369384765625 -356.25
v 60.25 -461.72369384765625 -504.25
v 60.25 -352.00006103515625 -504.25
v 3.641357421875 -461.72369384765625 -356.25
v 3.641357421875 -352.00006103515625 -356.25
v 3.641357421875 -352.00006103515625 -504.25
v 3.641357421875 -461.72369384765625 -504.25
v 3.641357421875 -461.72369384765625 -356.25
v 3.641357421875 -461.72369384765625 -504.25
v 60.25 -461.72369384765625 -504.25
v 60.25 -461.72369384765625 -356.25
v 3.641357421875 -352.00006103515625 -504.25
v 3.641357421875 -352.00006103515625 -356.25
v 60.25 -352.00006103515625 -356.25
v 60.25 -352.00006103515625 -504.25
v 3.641357421875 -352.00006103515625 -504.25
v 60.25 -352.00006103515625 -504.25
v 60.25 -461.72369384765625 -504.25
v 3.641357421875 -461.72369384765625 -504.25
v 60.25 -352.00006103515625 -356.25
v 3.641357421875 -352.00006103515625 -356.25
v 3.641357421875 -461.72369384765625 -356.25
v 60.25 -461.72369384765625 -356.25
v 3.641357421875 -461.72369384765625 -504.25
v 3.641357421875 -608.0217895507812 -504.25
v 3.641357421875 -608.0217895507812 -356.25
v 3.641357421875 -461.72369384765625 -356.25
v 60.25 -608.0218505859375 -504.25
v 60.25 -461.72381591796875 -504.25
v 60.25 -461.72381591796875 -356.25
v 60.25 -608.0218505859375 -356.25
v 60.25 -608.0218505859375 -504.25
v 60.25 -608.0218505859375 -356.25
v 3.641357421875 -608.0217895507812 -356.25
v 3.641357421875 -608.0217895507812 -504.25
v 60.25 -461.72381591796875 -356.25
v 60.25 -461.72381591796875 -504.25
v 3.641357421875 -461.72369384765625 -504.25
v 3.641357421875 -461.72369384765625 -356.25
v 60.25 -461.72381591796875 -356.25
v 3.641357421875 -461.72369384765625 -356.25
v 3.641357421875 -608.0217895507812 -356.25
v 60.25 -608.0218505859375 -356.25
v 3.641357421875 -461.72369384765625 -504.25
v 60.25 -461.72381591796875 -504.25
v 60.25 -608.0218505859375 -504.25
v 3.641357421875 -608.0217895507812 -504.25
v -48.25 -480.010986328125 -504.25
v -48.25 -608.0218505859375 -504.25
v -48.25 -608.0218505859375 -356.25
v -48.25 -480.010986328125 -356.25
v 3.641357421875 -608.0218505859375 -504.25
v 3.641357421875 -461.72369384765625 -504.25
v 3.641357421875 -461.72369384765625 -356.25
v 3.641357421875 -608.0218505859375 -356.25
v 3.641357421875 -608.0218505859375 -504.25
v 3.641357421875 -608.0218505859375 -356.25
v -48.25 -608.0218505859375 -356.25
v -48.25 -608.0218505859375 -504.25
v 3.641357421875 -461.72369384765625 -356.25
v 3.641357421875 -461.72369384765625 -504.25
v -48.25 -480.010986328125 -504.25
v -48.25 -480.010986328125 -356.25
v 3.641357421875 -461.72369384765625 -356.25
v -48.25 -480.010986328125 -356.25
v -48.25 -608.0218505859375 -356.25
v 3.641357421875 -608.0218505859375 -356.25
v -48.25 -480.010986328125 -504.25
v 3.641357421875 -461.72369384765625 -504.25
v 3.641357421875 -608.0218505859375 -504.25
v -48.25 -608.0218505859375 -504.25
v 298.97637939453125 -256.40557861328125 -354.5
v 225.82730102539062 -383.10345458984375 -354.5
v 225.82730102539062 -383.10345458984375 -506.5
v 298.97637939453125 -256.40557861328125 -506.5
v 178.8360137939453 -355.9729919433594 -354.5
v 251.98501586914062 -229.2752227783203 -354.5
v 251.98501586914062 -229.2752227783203 -506.5
v 178.8360137939453 -355.9729919433594 -506.5
v 178.8360137939453 -355.9729919433594 -354.5
v 178.8360137939453 -355.9729919433594 -506.5
v 225.82730102539062 -383.10345458984375 -506.5
v 225.82730102539062 -383.10345458984375 -354.5
v 251.98501586914062 -229.2752227783203 -506.5
v 251.98501586914062 -229.2752227783203 -354.5
v 298.97637939453125 -256.40557861328125 -354.5
v 298.97637939453125 -256.40557861328125 -506.5
v 251.98501586914062 -229.2752227783203 -506.5
v 298.97637939453125 -256.40557861328125 -506.5
v 225.82730102539062 -383.10345458984375 -506.5
v 178.8360137939453 -355.9729919433594 -506.5
v 298.97637939453125 -256.40557861328125 -354.5
v 251.98501586914062 -229.2752227783203 -354.5
v 178.8360137939453 -355.9729919433594 -354.5
v 225.82730102539062 -383.10345458984375 -354.5
v 332.908203125 -297.11248779296875 -354.5
v 268.9027404785156 -407.9731140136719 -354.5
v 268.9027404785156 -407.9731140136719 -506.5
v 332.908203125 -297.11248779296875 -506.5
v 225.82728576660156 -383.1034851074219 -354.5
v 298.976318359375 -256.40557861328125 -354.5
v 298.976318359375 -256.40557861328125 -506.5
v 225.82728576660156 -383.1034851074219 -506.5
v 225.82728576660156 -383.1034851074219 -354.5
v 225.82728576660156 -383.1034851074219 -506.5
v 268.9027404785156 -407.9731140136719 -506.5
v 268.9027404785156 -407.9731140136719 -354.5
v 298.976318359375 -256.40557861328125 -506.5
v 298.976318359375 -256.40557861328125 -354.5
v 332.908203125 -297.11248779296875 -354.5
v 332.908203125 -297.11248779296875 -506.5
v 298.976318359375 -256.40557861328125 -506.5
v 332.908203125 -297.11248779296875 -506.5
v 268.9027404785156 -407.9731140136719 -506.5
v 225.82728576660156 -383.1034851074219 -506.5
v 332.908203125 -297.11248779296875 -354.5
v 298.976318359375 -256.40557861328125 -354.5
v 225.82728576660156 -383.1034851074219 -354.5
v 268.9027404785156 -407.9731140136719 -354.5
v 268.91357421875 -407.9542236328125 -354.5
v 156.91355895996094 -601.9439086914062 -354.5
v 156.91355895996094 -601.9439086914062 -506.5
v 268.91357421875 -407.9542236328125 -506.5
v 66.84691619873047 -549.9439697265625 -354.5
v 178.84690856933594 -355.95428466796875 -354.5
v 178.84690856933594 -355.95428466796875 -506.5
v 66.84691619873047 -549.9439697265625 -506.5
v 66.84691619873047 -549.9439697265625 -354.5
v 66.84691619873047 -549.9439697265625 -506.5
v 156.91355895996094 -601.9439086914062 -506.5
v 156.91355895996094 -601.9439086914062 -354.5
v 178.84690856933594 -355.95428466796875 -506.5
v 178.84690856933594 -355.95428466796875 -354.5
v 268.91357421875 -407.9542236328125 -354.5
v 268.91357421875 -407.9542236328125 -506.5
v 178.84690856933594 -355.95428466796875 -506.5
v 268.91357421875 -407.9542236328125 -506.5
v 156.91355895996094 -601.9439086914062 -506.5
v 66.84691619873047 -549.9439697265625 -506.5
v 268.91357421875 -407.9542236328125 -354.5
v 178.84690856933594 -355.95428466796875 -354.5
v 66.84691619873047 -549.9439697265625 -354.5
v 156.91355895996094 -601.9439086914062 -354.5
v 444.00006103515625 -352.00006103515625 -504.75
v 444.00006103515625 -461.72369384765625 -504.75
v 444.00006103515625 -461.72369384765625 -356.75
v 444.00006103515625 -352.00006103515625 -356.75
v 500.60870361328125 -461.72369384765625 -504.75
v 500.60870361328125 -352.00006103515625 -504.75
v 500.60870361328125 -352.00006103515625 -356.75
v 500.60870361328125 -461.72369384765625 -356.75
v 500.60870361328125 -461.72369384765625 -504.75
v 500.60870361328125 -461.72369384765625 -356.75
v 444.00006103515625 -461.72369384765625 -356.75
v 444.00006103515625 -461.72369384765625 -504.75
v 500.60870361328125 -352.00006103515625 -356.75
v 500.60870361328125 -352.00006103515625 -504.75
v 444.00006103515625 -352.00006103515625 -504.75
v 444.00006103515625 -352.00006103515625 -356.75
v 500.60870361328125 -352.00006103515625 -356.75
v 444.00006103515625 -352.00006103515625 -356.75
v 444.00006103515625 -461.72369384765625 -356.75
v 500.60870361328125 -461.72369384765625 -356.75
v 444.00006103515625 -352.00006103515625 -504.75
v 500.60870361328125 -352.00006103515625 -504.75
v 500.60870361328125 -461.72369384765625 -504.75
v 444.00006103515625 -461.72369384765625 -504.75
v 500.60870361328125 -461.72369384765625 -356.75
v 500.60870361328125 -608.0217895507812 -356.75
v 500.60870361328125 -608.0217895507812 -504.75
v 500.60870361328125 -461.72369384765625 -504.75
v 444.00006103515625 -608.0218505859375 -356.75
v 444.00006103515625 -461.72381591796875 -356.75
v 444.00006103515625 -461.72381591796875 -504.75
v 444.00006103515625 -608.0218505859375 -504.75
v 444.00006103515625 -608.0218505859375 -356.75
v 444.00006103515625 -608.0218505859375 -504.75
v 500.60870361328125 -608.0217895507812 -504.75
v 500.60870361328125 -608.0217895507812 -356.75
v 444.00006103515625 -461.72381591796875 -504.75
v 444.00006103515625 -461.72381591796875 -356.75
v 500.60870361328125 -461.72369384765625 -356.75
v 500.60870361328125 -461.72369384765625 -504.75
v 444.00006103515625 -461.72381591796875 -504.75
v 500.60870361328125 -461.72369384765625 -504.75
v 500.60870361328125 -608.0217895507812 -504.75
v 444.00006103515625 -608.0218505859375 -504.75
v 500.60870361328125 -461.72369384765625 -356.75
v 444.00006103515625 -461.72381591796875 -356.75
v 444.00006103515625 -608.0218505859375 -356.75
v 500.60870361328125 -608.0217895507812 -356.75
v 552.5000610351562 -480.010986328125 -356.75
v 552.5000610351562 -608.0218505859375 -356.75
v 552.5000610351562 -608.0218505859375 -504.75
v 552.5000610351562 -480.010986328125 -504.75
v 500.60870361328125 -608.0218505859375 -356.75
v 500.60870361328125 -461.72369384765625 -356.75
v 500.60870361328125 -461.72369384765625 -504.75
v 500.60870361328125 -608.0218505859375 -504.75
v 500.60870361328125 -608.0218505859375 -356.75
v 500.60870361328125 -608.0218505859375 -504.75
v 552.5000610351562 -608.0218505859375 -504.75
v 552.5000610351562 -608.0218505859375 -356.75
v 500.60870361328125 -461.72369384765625 -504.75
v 500.60870361328125 -461.72369384765625 -356.75
v 552.5000610351562 -480.010986328125 -356.75
v 552.5000610351562 -480.010986328125 -504.75
v 500.60870361328125 -461.72369384765625 -504.75
v 552.5000610351562 -480.010986328125 -504.75
v 552.5000610351562 -608.0218505859375 -504.75
v 500.60870361328125 -608.0218505859375 -504.75
v 552.5000610351562 -480.010986328125 -356.75
v 500.60870361328125 -461.72369384765625 -356.75
v 500.60870361328125 -608.0218505859375 -356.75
v 552.5000610351562 -608.0218505859375 -356.75
v 385.4892578125 -237.72360229492188 -506.5
v 385.4892578125 -384.021728515625 -506.5
v 385.4892578125 -384.021728515625 -354.5
v 385.4892578125 -237.72360229492188 -354.5
v 439.7501220703125 -384.021728515625 -506.5
v 439.7501220703125 -237.72372436523438 -506.5
v 439.7501220703125 -237.72372436523438 -354.5
v 439.7501220703125 -384.021728515625 -354.5
v 439.7501220703125 -384.021728515625 -506.5
v 439.7501220703125 -384.021728515625 -354.5
v 385.4892578125 -384.021728515625 -354.5
v 385.4892578125 -384.021728515625 -506.5
v 439.7501220703125 -237.72372436523438 -354.5
v 439.7501220703125 -237.72372436523438 -506.5
v 385.4892578125 -237.72360229492188 -506.5
v 385.4892578125 -237.72360229492188 -354.5
v 439.7501220703125 -237.72372436523438 -354.5
v 385.4892578125 -237.72360229492188 -354.5
v 385.4892578125 -384.021728515625 -354.5
v 439.7501220703125 -384.021728515625 -354.5
v 385.4892578125 -237.72360229492188 -506.5
v 439.7501220703125 -237.72372436523438 -506.5
v 439.7501220703125 -384.021728515625 -506.5
v 385.4892578125 -384.021728515625 -506.5
v 335.75 -256.0108947753906 -506.5
v 335.75 -384.021728515625 -506.5
v 335.75 -384.021728515625 -354.5
v 335.75 -256.0108947753906 -354.5
v 385.4892578125 -384.021728515625 -506.5
v 385.4892578125 -237.72360229492188 -506.5
v 385.4892578125 -237.72360229492188 -354.5
v 385.4892578125 -384.021728515625 -354.5
v 385.4892578125 -384.021728515625 -506.5
v 385.4892578125 -384.021728515625 -354.5
v 335.75 -384.021728515625 -354.5
v 335.75 -384.021728515625 -506.5
v 385.4892578125 -237.72360229492188 -354.5
v 385.4892578125 -237.72360229492188 -506.5
v 335.75 -256.0108947753906 -506.5
v 335.75 -256.0108947753906 -354.5
v 385.4892578125 -237.72360229492188 -354.5
v 335.75 -256.0108947753906 -354.5
v 335.75 -384.021728515625 -354.5
v 385.4892578125 -384.021728515625 -354.5
v 335.75 -256.0108947753906 -506.5
v 385.4892578125 -237.72360229492188 -506.5
v 385.4892578125 -384.021728515625 -506.5
v 335.75 -384.021728515625 -506.5
v 335.75006103515625 -384.0 -506.5
v 335.75006103515625 -608.0 -506.5
v 335.75006103515625 -608.0 -354.5
v 335.75006103515625 -384.0 -354.5
v 439.75006103515625 -608.0 -506.5
v 439.75006103515625 -384.0 -506.5
v 439.75006103515625 -384.0 -354.5
v 439.75006103515625 -608.0 -354.5
v 439.75006103515625 -608.0 -506.5
v 439.75006103515625 -608.0 -354.5
v 335.75006103515625 -608.0 -354.5
v 335.75006103515625 -608.0 -506.5
v 439.75006103515625 -384.0 -354.5
v 439.75006103515625 -384.0 -506.5
v 335.75006103515625 -384.0 -506.5
v 335.75006103515625 -384.0 -354.5
v 439.75006103515625 -384.0 -354.5
v 335.75006103515625 -384.0 -354.5
v 335.75006103515625 -608.0 -354.5
v 439.75006103515625 -608.0 -354.5
v 335.75006103515625 -384.0 -506.5
v 439.75006103515625 -384.0 -506.5
v 439.75006103515625 -608.0 -506.5
v 335.75006103515625 -608.0 -506.5
v 838.7608032226562 -237.72360229492188 985.5
v 838.7608032226562 -384.021728515625 985.5
v 838.7608032226562 -384.021728515625 833.5
v 838.7608032226562 -237.72360229492188 833.5
v 784.4999389648438 -384.021728515625 985.5
v 784.4999389648438 -237.72372436523438 985.5
v 784.4999389648438 -237.72372436523438 833.5
v 784.4999389648438 -384.021728515625 833.5
v 784.4999389648438 -384.021728515625 985.5
v 784.4999389648438 -384.021728515625 833.5
v 838.7608032226562 -384.021728515625 833.5
v 838.7608032226562 -384.021728515625 985.5
v 784.4999389648438 -237.72372436523438 833.5
v 784.4999389648438 -237.72372436523438 985.5
v 838.7608032226562 -237.72360229492188 985.5
v 838.7608032226562 -237.72360229492188 833.5
v 784.4999389648438 -237.72372436523438 833.5
v 838.7608032226562 -237.72360229492188 833.5
v 838.7608032226562 -384.021728515625 833.5
v 784.4999389648438 -384.021728515625 833.5
v 838.7608032226562 -237.72360229492188 985.5
v 784.4999389648438 -237.72372436523438 985.5
v 784.4999389648438 -384.021728515625 985.5
v 838.7608032226562 -384.021728515625 985.5
v 888.5000610351562 -256.0108947753906 985.5
v 888.5000610351562 -384.021728515625 985.5
v 888.5000610351562 -384.021728515625 833.5
v 888.5000610351562 -256.0108947753906 833.5
v 838.7608032226562 -384.021728515625 985.5
v 838.7608032226562 -237.72360229492188 985.5
v 838.7608032226562 -237.72360229492188 833.5
v 838.7608032226562 -384.021728515625 833.5
v 838.7608032226562 -384.021728515625 985.5
v 838.7608032226562 -384.021728515625 833.5
v 888.5000610351562 -384.021728515625 833.5
v 888.5000610351562 -384.021728515625 985.5
v 838.7608032226562 -237.72360229492188 833.5
v 838.7608032226562 -237.72360229492188 985.5
v 888.5000610351562 -256.0108947753906 985.5
v 888.5000610351562 -256.0108947753906 833.5
v 838.7608032226562 -237.72360229492188 833.5
v 888.5000610351562 -256.0108947753906 833.5
v 888.5000610351562 -384.021728515625 833.5
v 838.7608032226562 -384.021728515625 833.5
v 888.5000610351562 -256.0108947753906 985.5
v 838.7608032226562 -237.72360229492188 985.5
v 838.7608032226562 -384.021728515625 985.5
v 888.5000610351562 -384.021728515625 985.5
v 888.5 -384.0 985.5
v 888.5 -608.0 985.5
v 888.5 -608.0 833.5
v 888.5 -384.0 833.5
v 784.5 -608.0 985.5
v 784.5 -384.0 985.5
v 784.5 -384.0 833.5
v 784.5 -608.0 833.5
v 784.5 -608.0 985.5
v 784.5 -608.0 833.5
v 888.5 -608.0 833.5
v 888.5 -608.0 985.5
v 784.5 -384.0 833.5
v 784.5 -384.0 985.5
v 888.5 -384.0 985.5
v 888.5 -384.0 833.5
v 784.5 -384.0 833.5
v 888.5 -384.0 833.5
v 888.5 -608.0 833.5
v 784.5 -608.0 833.5
v 888.5 -384.0 985.5
v 784.5 -384.0 985.5
v 784.5 -608.0 985.5
v 888.5 -608.0 985.5
v 838.7608032226562 -237.72360229492188 825.5
v 838.7608032226562 -384.021728515625 825.5
v 838.7608032226562 -384.021728515625 673.5
v 838.7608032226562 -237.72360229492188 673.5
v 784.4999389648438 -384.021728515625 825.5
v 784.4999389648438 -237.72372436523438 825.5
v 784.4999389648438 -237.72372436523438 673.5
v 784.4999389648438 -384.021728515625 673.5
v 784.4999389648438 -384.021728515625 825.5
v 784.4999389648438 -384.021728515625 673.5
v 838.7608032226562 -384.021728515625 673.5
v 838.7608032226562 -384.021728515625 825.5
v 784.4999389648438 -237.72372436523438 673.5
v 784.4999389648438 -237.72372436523438 825.5
v 838.7608032226562 -237.72360229492188 825.5
v 838.7608032226562 -237.72360229492188 673.5
v 784.4999389648438 -237.72372436523438 673.5
v 838.7608032226562 -237.72360229492188 673.5
v 838.7608032226562 -384.021728515625 673.5
v 784.4999389648438 -384.021728515625 673.5
v 838.7608032226562 -237.72360229492188 825.5
v 784.4999389648438 -237.72372436523438 825.5
v 784.4999389648438 -384.021728515625 825.5
v 838.7608032226562 -384.021728515625 825.5
v 888.5000610351562 -256.0108947753906 825.5
v 888.5000610351562 -384.021728515625 825.5
v 888.5000610351562 -384.021728515625 673.5
v 888.5000610351562 -256.0108947753906 673.5
v 838.7608032226562 -384.021728515625 825.5
v 838.7608032226562 -237.72360229492188 825.5
v 838.7608032226562 -237.72360229492188 673.5
v 838.7608032226562 -384.021728515625 673.5
v 838.7608032226562 -384.021728515625 825.5
v 838.7608032226562 -384.021728515625 673.5
v 888.5000610351562 -384.021728515625 673.5
v 888.5000610351562 -384.021728515625 825.5
v 838.7608032226562 -237.72360229492188 673.5
v 838.7608032226562 -237.72360229492188 825.5
v 888.5000610351562 -256.0108947753906 825.5
v 888.5000610351562 -256.0108947753906 673.5
v 838.7608032226562 -237.72360229492188 673.5
v 888.5000610351562 -256.0108947753906 673.5
v 888.5000610351562 -384.021728515625 673.5
v 838.7608032226562 -384.021728515625 673.5
v 888.5000610351562 -256.0108947753906 825.5
v 838.7608032226562 -237.72360229492188 825.5
v 838.7608032226562 -384.021728515625 825.5
v 888.5000610351562 -384.021728515625 825.5
v 888.5 -384.0 825.5
v 888.5 -608.0 825.5
v 888.5 -608.0 673.5
v 888.5 -384.0 673.5
v 784.5 -608.0 825.5
v 784.5 -384.0 825.5
v 784.5 -384.0 673.5
v 784.5 -608.0 673.5
v 784.5 -608.0 825.5
v 784.5 -608.0 673.5
v 888.5 -608.0 673.5
v 888.5 -608.0 825.5
v 784.5 -384.0 673.5
v 784.5 -384.0 825.5
v 888.5 -384.0 825.5
v 888.5 -384.0 673.5
v 784.5 -384.0 673.5
v 888.5 -384.0 673.5
v 888.5 -608.0 673.5
v 784.5 -608.0 673.5
v 888.5 -384.0 825.5
v 784.5 -384.0 825.5
v 784.5 -608.0 825.5
v 888.5 -608.0 825.5
v 860.5 -237.72360229492188 615.2391967773438
v 860.5 -384.021728515625 615.2391967773438
v 708.5 -384.021728515625 615.2391967773438
v 708.5 -237.72360229492188 615.2391967773438
v 860.5 -384.021728515625 669.5
v 860.5 -237.72372436523438 669.5
v 708.5 -237.72372436523438 669.5000610351562
v 708.5 -384.021728515625 669.5000610351562
v 860.5 -384.021728515625 669.5
v 708.5 -384.021728515625 669.5000610351562
v 708.5 -384.021728515625 615.2391967773438
v 860.5 -384.021728515625 615.2391967773438
v 708.5 -237.72372436523438 669.5000610351562
v 860.5 -237.72372436523438 669.5
v 860.5 -237.72360229492188 615.2391967773438
v 708.5 -237.72360229492188 615.2391967773438
v 708.5 -237.72372436523438 669.5000610351562
v 708.5 -237.72360229492188 615.2391967773438
v 708.5 -384.021728515625 615.2391967773438
v 708.5 -384.021728515625 669.5000610351562
v 860.5 -237.72360229492188 615.2391967773438
v 860.5 -237.72372436523438 669.5
v 860.5 -384.021728515625 669.5
v 860.5 -384.021728515625 615.2391967773438
v 860.5 -256.0108947753906 565.5
v 860.5 -384.021728515625 565.5
v 708.5 -384.021728515625 565.5001220703125
v 708.5 -256.0108947753906 565.5001220703125
v 860.5 -384.021728515625 615.2392578125
v 860.5 -237.72360229492188 615.2392578125
v 708.5 -237.72360229492188 615.2392578125
v 708.5 -384.021728515625 615.2392578125
v 860.5 -384.021728515625 615.2392578125
v 708.5 -384.021728515625 615.2392578125
v 708.5 -384.021728515625 565.5001220703125
v 860.5 -384.021728515625 565.5
v 708.5 -237.72360229492188 615.2392578125
v 860.5 -237.72360229492188 615.2392578125
v 860.5 -256.0108947753906 565.5
v 708.5 -256.0108947753906 565.5001220703125
v 708.5 -237.72360229492188 615.2392578125
v 708.5 -256.0108947753906 565.5001220703125
v 708.5 -384.021728515625 565.5001220703125
v 708.5 -384.021728515625 615.2392578125
v 860.5 -256.0108947753906 565.5
v 860.5 -237.72360229492188 615.2392578125
v 860.5 -384.021728515625 615.2392578125
v 860.5 -384.021728515625 565.5
v 860.5 -384.0 565.5
v 860.5 -608.0 565.5
v 708.5 -608.0 565.5
v 708.5 -384.0 565.5
v 860.5 -608.0 669.5
v 860.5 -384.0 669.5
v 708.5 -384.0 669.5
v 708.5 -608.0 669.5
v 860.5 -608.0 669.5
v 708.5 -608.0 669.5
v 708.5 -608.0 565.5
v 860.5 -608.0 565.5
v 708.5 -384.0 669.5
v 860.5 -384.0 669.5
v 860.5 -384.0 565.5
v 708.5 -384.0 565.5
v 708.5 -384.0 669.5
v 708.5 -384.0 565.5
v 708.5 -608.0 565.5
v 708.5 -608.0 669.5
v 860.5 -384.0 565.5
v 860.5 -384.0 669.5
v 860.5 -608.0 669.5
v 860.5 -608.0 565.5
v 726.2391967773438 -237.72360229492188 673.5
v 726.2391967773438 -384.021728515625 673.5
v 726.2391967773438 -384.021728515625 825.5
v 726.2391967773438 -237.72360229492188 825.5
v 780.5000610351562 -384.021728515625 673.5
v 780.5000610351562 -237.72372436523438 673.5
v 780.5000610351562 -237.72372436523438 825.5
v 780.5000610351562 -384.021728515625 825.5
v 780.5000610351562 -384.021728515625 673.5
v 780.5000610351562 -384.021728515625 825.5
v 726.2391967773438 -384.021728515625 825.5
v 726.2391967773438 -384.021728515625 673.5
v 780.5000610351562 -237.72372436523438 825.5
v 780.5000610351562 -237.72372436523438 673.5
v 726.2391967773438 -237.72360229492188 673.5
v 726.2391967773438 -237.72360229492188 825.5
v 780.5000610351562 -237.72372436523438 825.5
v 726.2391967773438 -237.72360229492188 825.5
v 726.2391967773438 -384.021728515625 825.5
v 780.5000610351562 -384.021728515625 825.5
v 726.2391967773438 -237.72360229492188 673.5
v 780.5000610351562 -237.72372436523438 673.5
v 780.5000610351562 -384.021728515625 673.5
v 726.2391967773438 -384.021728515625 673.5
v 676.5000610351562 -256.0108947753906 673.5
v 676.5000610351562 -384.021728515625 673.5
v 676.5000610351562 -384.021728515625 825.5
v 676.5000610351562 -256.0108947753906 825.5
v 726.2391967773438 -384.021728515625 673.5
v 726.2391967773438 -237.72360229492188 673.5
v 726.2391967773438 -237.72360229492188 825.5
v 726.2391967773438 -384.021728515625 825.5
v 726.2391967773438 -384.021728515625 673.5
v 726.2391967773438 -384.021728515625 825.5
v 676.5000610351562 -384.021728515625 825.5
v 676.5000610351562 -384.021728515625 673.5
v 726.2391967773438 -237.72360229492188 825.5
v 726.2391967773438 -237.72360229492188 673.5
v 676.5000610351562 -256.0108947753906 673.5
v 676.5000610351562 -256.0108947753906 825.5
v 726.2391967773438 -237.72360229492188 825.5
v 676.5000610351562 -256.0108947753906 825.5
v 676.5000610351562 -384.021728515625 825.5
v 726.2391967773438 -384.021728515625 825.5
v 676.5000610351562 -256.0108947753906 673.5
v 726.2391967773438 -237.72360229492188 673.5
v 726.2391967773438 -384.021728515625 673.5
v 676.5000610351562 -384.021728515625 673.5
v 676.5000610351562 -384.0 673.5
v 676.5000610351562 -608.0 673.5
v 676.5000610351562 -608.0 825.5
v 676.5000610351562 -384.0 825.5
v 780.5000610351562 -608.0 673.5
v 780.5000610351562 -384.0 673.5
v 780.5000610351562 -384.0 825.5
v 780.5000610351562 -608.0 825.5
v 780.5000610351562 -608.0 673.5
v 780.5000610351562 -608.0 825.5
v 676.5000610351562 -608.0 825.5
v 676.5000610351562 -608.0 673.5
v 780.5000610351562 -384.0 825.5
v 780.5000610351562 -384.0 673.5
v 676.5000610351562 -384.0 673.5
v 676.5000610351562 -384.0 825.5
v 780.5000610351562 -384.0 825.5
v 676.5000610351562 -384.0 825.5
v 676.5000610351562 -608.0 825.5
v 780.5000610351562 -608.0 825.5
v 676.5000610351562 -384.0 673.5
v 780.5000610351562 -384.0 673.5
v 780.5000610351562 -608.0 673.5
v 676.5000610351562 -608.0 673.5
v 726.2391967773438 -237.72360229492188 833.5
v 726.2391967773438 -384.021728515625 833.5
v 726.2392578125 -384.021728515625 985.5
v 726.2392578125 -237.72360229492188 985.5
v 780.5000610351562 -384.021728515625 833.5
v 780.5000610351562 -237.72372436523438 833.5
v 780.5000610351562 -237.72372436523438 985.5
v 780.5000610351562 -384.021728515625 985.5
v 780.5000610351562 -384.021728515625 833.5
v 780.5000610351562 -384.021728515625 985.5
v 726.2392578125 -384.021728515625 985.5
v 726.2391967773438 -384.021728515625 833.5
v 780.5000610351562 -237.72372436523438 985.5
v 780.5000610351562 -237.72372436523438 833.5
v 726.2391967773438 -237.72360229492188 833.5
v 726.2392578125 -237.72360229492188 985.5
v 780.5000610351562 -237.72372436523438 985.5
v 726.2392578125 -237.72360229492188 985.5
v 726.2392578125 -384.021728515625 985.5
v 780.5000610351562 -384.021728515625 985.5
v 726.2391967773438 -237.72360229492188 833.5
v 780.5000610351562 -237.72372436523438 833.5
v 780.5000610351562 -384.021728515625 833.5
v 726.2391967773438 -384.021728515625 833.5
v 676.5001220703125 -256.0108947753906 833.5
v 676.5001220703125 -384.021728515625 833.5
v 676.5001220703125 -384.021728515625 985.5
v 676.5001220703125 -256.0108947753906 985.5
v 726.2392578125 -384.021728515625 833.5
v 726.2392578125 -237.72360229492188 833.5
v 726.2392578125 -237.72360229492188 985.5
v 726.2392578125 -384.021728515625 985.5
v 726.2392578125 -384.021728515625 833.5
v 726.2392578125 -384.021728515625 985.5
v 676.5001220703125 -384.021728515625 985.5
v 676.5001220703125 -384.021728515625 833.5
v 726.2392578125 -237.72360229492188 985.5
v 726.2392578125 -237.72360229492188 833.5
v 676.5001220703125 -256.0108947753906 833.5
v 676.5001220703125 -256.0108947753906 985.5
v 726.2392578125 -237.72360229492188 985.5
v 676.5001220703125 -256.0108947753906 985.5
v 676.5001220703125 -384.021728515625 985.5
v 726.2392578125 -384.021728515625 985.5
v 676.5001220703125 -256.0108947753906 833.5
v 726.2392578125 -237.72360229492188 833.5
v 726.2392578125 -384.021728515625 833.5
v 676.5001220703125 -384.021728515625 833.5
v 676.5000610351562 -384.0 833.5
v 676.5000610351562 -608.0 833.5
v 676.5000610351562 -608.0 985.5
v 676.5000610351562 -384.0 985.5
v 780.5000610351562 -608.0 833.5
v 780.5000610351562 -384.0 833.5
v 780.5000610351562 -384.0 985.5
v 780.5000610351562 -608.0 985.5
v 780.5000610351562 -608.0 833.5
v 780.5000610351562 -608.0 985.5
v 676.5000610351562 -608.0 985.5
v 676.5000610351562 -608.0 833.5
v 780.5000610351562 -384.0 985.5
v 780.5000610351562 -384.0 833.5
v 676.5000610351562 -384.0 833.5
v 676.5000610351562 -384.0 985.5
v 780.5000610351562 -384.0 985.5
v 676.5000610351562 -384.0 985.5
v 676.5000610351562 -608.0 985.5
v 780.5000610351562 -608.0 985.5
v 676.5000610351562 -384.0 833.5
v 780.5000610351562 -384.0 833.5
v 780.5000610351562 -608.0 833.5
v 676.5000610351562 -608.0 833.5
v -310.0000305175781 -606.0 -992.0
v -330.0000305175781 -606.0 -992.0
v -329.9999694824219 -606.0 768.0000610351562
v -309.9999694824219 -606.0 768.0000610351562
v -310.0000305175781 -606.0 -992.0
v -309.9999694824219 -606.0 768.0000610351562
v -303.9999694824219 -608.0 768.0000610351562
v -304.0000305175781 -608.0 -992.0
v -329.9999694824219 -606.0 768.0000610351562
v -330.0000305175781 -606.0 -992.0
v -336.0000305175781 -608.0 -992.0
v -335.9999694824219 -608.0 768.0000610351562
v -694.0 -606.0 -624.0
v -714.0 -606.0 -624.0
v -714.0 -606.0 768.0000610351562
v -694.0 -606.0 768.0000610351562
v -694.0 -606.0 -624.0
v -694.0 -606.0 768.0000610351562
v -688.0 -608.0 768.0000610351562
v -688.0 -608.0 -624.0
v -714.0 -606.0 768.0000610351562
v -714.0 -606.0 -624.0
v -720.0 -608.0 -624.0
v -720.0 -608.0 768.0000610351562
v 74.0 -604.0 -432.0
v 54.0 -604.0 -432.0
v 54.0 -604.0 246.0
v 74.0 -604.0 246.0
v 74.0 -604.0 -432.0
v 74.0 -604.0 246.0
v 80.0 -608.0 248.0
v 80.0 -608.0 -432.0
v 54.0 -604.0 246.0
v 54.0 -604.0 -432.0
v 48.0 -608.0 -432.0
v 48.0 -608.0 248.0
v 458.0 -606.0 -440.0
v 438.0 -606.0 -440.0
v 438.0 -606.0 912.0
v 458.0 -606.0 912.0
v 458.0 -606.0 -440.0
v 458.0 -606.0 912.0
v 464.0 -608.0 912.0
v 464.0 -608.0 -440.0
v 438.0 -606.0 912.0
v 438.0 -606.0 -440.0
v 432.0 -608.0 -440.0
v 432.0 -608.0 912.0
v 794.0 -604.0 266.0
v 774.0 -604.0 266.0
v 774.0 -604.0 936.0
v 794.0 -604.0 936.0
v 794.0 -604.0 266.0
v 794.0 -604.0 936.0
v 800.0 -608.0 936.0
v 800.0 -608.0 264.0
v 774.0 -604.0 936.0
v 774.0 -604.0 266.0
v 768.0 -608.0 264.0
v 768.0 -608.0 936.0
v -500.0 383.8240966796875 -20.0
v -500.0 380.0 -20.0
v -524.0 380.0 -20.0
v -524.0 383.8240966796875 -20.0
v -500.0 380.0 20.0
v -500.0 383.8240966796875 20.0
v -524.0 383.8240966796875 20.0
v -524.0 380.0 20.0
v -500.0 380.0 20.0
v -524.0 380.0 20.0
v -524.0 380.0 -20.0
v -500.0 380.0 -20.0
v -524.0 383.8240966796875 20.0
v -500.0 383.8240966796875 20.0
v -500.0 383.8240966796875 -20.0
v -524.0 383.8240966796875 -20.0
v -524.0 383.8240966796875 20.0
v -524.0 383.8240966796875 -20.0
v -524.0 380.0 -20.0
v -524.0 380.0 20.0
v -500.0 383.8240966796875 -20.0
v -500.0 383.8240966796875 20.0
v -500.0 380.0 20.0
v -500.0 380.0 -20.0
v 524.0 383.8240966796875 -20.0
v 524.0 380.0 -20.0
v 500.0 380.0 -20.0
v 500.0 383.8240966796875 -20.0
v 524.0 380.0 20.0
v 524.0 383.8240966796875 20.0
v 500.0 383.8240966796875 20.0
v 500.0 380.0 20.0
v 524.0 380.0 20.0
v 500.0 380.0 20.0
v 500.0 380.0 -20.0
v 524.0 380.0 -20.0
v 500.0 383.8240966796875 20.0
v 524.0 383.8240966796875 20.0
v 524.0 383.8240966796875 -20.0
v 500.0 383.8240966796875 -20.0
v 500.0 383.8240966796875 20.0
v 500.0 383.8240966796875 -20.0
v 500.0 380.0 -20.0
v 500.0 380.0 20.0
v 524.0 383.8240966796875 -20.0
v 524.0 383.8240966796875 20.0
v 524.0 380.0 20.0
v 524.0 380.0 -20.0
v -20.0 383.8240966796875 -844.0
v -20.0 380.0 -844.0
v -20.0 380.0 -820.0
v -20.0 383.8240966796875 -820.0
v 20.0 380.0 -844.0
v 20.0 383.8240966796875 -844.0
v 20.0 383.8240966796875 -820.0
v 20.0 380.0 -820.0
v 20.0 380.0 -844.0
v 20.0 380.0 -820.0
v -20.0 380.0 -820.0
v -20.0 380.0 -844.0
v 20.0 383.8240966796875 -820.0
v 20.0 383.8240966796875 -844.0
v -20.0 383.8240966796875 -844.0
v -20.0 383.8240966796875 -820.0
v 20.0 383.8240966796875 -820.0
v -20.0 383.8240966796875 -820.0
v -20.0 380.0 -820.0
v 20.0 380.0 -820.0
v -20.0 383.8240966796875 -844.0
v 20.0 383.8240966796875 -844.0
v 20.0 380.0 -844.0
v -20.0 380.0 -844.0
vt 4.0 2.500000238418579
vt 4.0 2.503906488418579
vt -4.0 2.503906488418579
vt -4.0 2.500000238418579
vt 4.0 5.0
vt -4.0 5.0
vt -4.0 -3.0
vt 4.0 -3.0
vt -3.0 0.9375
vt -3.875 0.5
vt -3.875 0.9375
vt -3.875 0.9375
vt -3.875 0.5
vt -3.0 0.9375
vt -0.4374999701976776 0.5
vt 0.4375 0.5
vt 0.4375 0.9375
vt -0.4374999701976776 0.9375
vt -3.0 0.5625000298023224
vt -3.0 1.4375
vt -3.875 1.4375
vt -3.875 0.5625000298023224
vt -3.875 0.5625000298023224
vt -3.875 1.4375
vt -3.0 1.4375
vt -3.0 0.5625000298023224
vt 5.633802890777588 -4.562280178070068
vt -5.633802890777588 -4.562280178070068
vt -5.633802890777588 -4.738336563110352
vt 5.633802890777588 -4.738336563110352
vt -5.633802890777588 -4.562280178070068
vt 5.633802890777588 -4.562280178070068
vt 5.633802890777588 -4.738336563110352
vt -5.633802890777588 -4.738336563110352
vt 5.633802890777588 -2.449603796005249
vt 5.633802890777588 0.8954658731818199
vt -5.633802890777588 0.8954658731818199
vt -5.633802890777588 -2.449603796005249
vt -5.633802890777588 -4.562280178070068
vt -5.457746505737305 -4.562280178070068
vt -5.457746505737305 6.353212356567383
vt -5.633802890777588 6.353212833404541
vt -5.633802890777588 -2.449603796005249
vt -5.633802890777588 0.8954658731818199
vt -5.457746505737305 0.8954658731818199
vt -5.457746505737305 -2.449603796005249
vt 5.4577460289001465 0.8954658731818199
vt 5.4577460289001465 -2.449603796005249
vt -5.457746505737305 -2.449603796005249
vt -5.457746505737305 0.8954658731818199
vt -5.457746505737305 -4.562280178070068
vt -5.633802890777588 -4.562280178070068
vt -5.633802890777588 6.353212833404541
vt -5.457746505737305 6.353212356567383
vt -5.457746505737305 -2.449603796005249
vt -5.457746505737305 0.8954658731818199
vt -5.633802890777588 0.8954658731818199
vt -5.633802890777588 -2.449603796005249
vt 5.633802890777588 2.8320863246917725
vt -5.633802890777588 2.8320863246917725
vt -5.633802890777588 2.6560299396514893
vt 5.633802890777588 2.6560299396514893
vt 1.936619758605957 -2.449603796005249
vt 1.936619758605957 0.8954658731818199
vt 1.7605633735656738 0.8954658731818199
vt 1.7605633735656738 -2.449603796005249
vt 1.936619758605957 0.8954658731818199
vt 1.936619758605957 -2.449603796005249
vt 1.7605633735656738 -2.449603796005249
vt 1.7605633735656738 0.8954658731818199
vt -5.633802890777588 -2.449603796005249
vt -5.633802890777588 0.8954658731818199
vt 5.633802890777588 0.8954658731818199
vt 5.633802890777588 -2.449603796005249
vt 5.457746505737305 6.353211879730225
vt 5.457746505737305 -4.562280178070068
vt 5.633802890777588 -4.562280178070068
vt 5.633802890777588 6.353212833404541
vt 5.457746505737305 -2.449603796005249
vt 5.457746505737305 0.8954658731818199
vt 5.633802890777588 0.8954658731818199
vt 5.633802890777588 -2.449603796005249
vt -5.457746505737305 0.8954658731818199
vt -5.457746505737305 -2.449603796005249
vt 5.457745552062988 -2.449603796005249
vt 5.457745552062988 0.8954658731818199
vt 5.633802890777588 -4.562280178070068
vt 5.457746505737305 -4.562280178070068
vt 5.457746505737305 6.353211879730225
vt 5.633802890777588 6.353212833404541
vt 5.633802890777588 -2.449603796005249
vt 5.633802890777588 0.8954658731818199
vt 5.457746505737305 0.8954658731818199
vt 5.457746505737305 -2.449603796005249
vt 7.7294745445251465 1.0
vt 7.7294745445251465 -1.96875
vt 10.231925010681152 -1.96875
vt 10.231925010681152 1.0
vt 7.7294745445251465 -1.96875
vt 7.7294745445251465 1.0
vt 10.388175010681152 1.0
vt 10.388175010681152 -1.96875
vt -4.765625 1.0
vt -4.921875 1.0
vt -4.921875 -1.96875
vt -4.765625 -1.96875
vt -5.078124523162842 1.0
vt -0.8593752384185791 1.0
vt -0.8593752384185791 -1.96875
vt -5.078124523162842 -1.96875
vt -0.7031245231628418 1.0
vt -4.921874523162842 1.0
vt -4.921874523162842 -1.96875
vt -0.7031245231628418 -1.96875
vt 3.874756336212158 1.0
vt 2.687378168106079 1.0
vt 2.687378168106079 -1.375
vt 3.874756336212158 -1.375
vt -2.7288732528686523 1.8830325603485107
vt -2.7288732528686523 2.059088945388794
vt -2.816901445388794 2.059088945388794
vt -2.816901445388794 1.8830325603485107
vt -2.816901445388794 1.8830325603485107
vt -2.816901445388794 2.059088945388794
vt -2.7288732528686523 2.059088945388794
vt -2.7288732528686523 1.8830325603485107
vt 0.26408451795578003 -1.6601011753082275
vt -0.26408451795578003 -1.6601011753082275
vt -0.26408451795578003 -1.7481293678283691
vt 0.26408451795578003 -1.7481293678283691
vt 0.26408451795578003 1.8830325603485107
vt 0.26408451795578003 2.059088945388794
vt -0.26408451795578003 2.059088945388794
vt -0.26408451795578003 1.8830325603485107
vt -0.26408451795578003 -1.7261223793029785
vt -2.816901445388794 -1.7261223793029785
vt -2.816901445388794 -1.8141505718231201
vt -0.26408451795578003 -1.8141505718231201
vt -2.816901445388794 -1.7261223793029785
vt -0.26408451795578003 -1.7261223793029785
vt -0.26408451795578003 -1.8141505718231201
vt -2.816901445388794 -1.8141505718231201
vt -2.816901445388794 1.0027508803177625
vt -2.816901445388794 2.059088945388794
vt -2.7288732528686523 2.059088945388794
vt -2.7288732528686523 1.0027508803177625
vt -0.26408451795578003 1.0027508803177625
vt -0.26408451795578003 2.059088945388794
vt -2.816901445388794 2.059088945388794
vt -2.816901445388794 1.0027508803177625
vt 2.816901445388794 -1.7261223793029785
vt 0.26408451795578003 -1.7261223793029785
vt 0.26408451795578003 -1.8141505718231201
vt 2.816901445388794 -1.8141505718231201
vt 2.816901445388794 -1.8141505718231201
vt 0.26408451795578003 -1.8141505718231201
vt 0.26408451795578003 -1.7261223793029785
vt 2.816901445388794 -1.7261223793029785
vt -2.7288732528686523 2.059088945388794
vt -2.816901445388794 2.059088945388794
vt -2.816901445388794 1.0027508803177625
vt -2.7288732528686523 1.0027508803177625
vt 2.4317781925201416 1.0027508803177625
vt 2.4317781925201416 2.059088945388794
vt -0.12103873491287231 2.059088945388794
vt -0.12103873491287231 1.0027508803177625
vt -2.816901445388794 1.8830325603485107
vt -2.816901445388794 2.059088945388794
vt -2.7288732528686523 2.059088945388794
vt -2.7288732528686523 1.8830325603485107
vt -2.816901445388794 1.8830325603485107
vt -2.7288732528686523 1.8830325603485107
vt -2.7288732528686523 2.059088945388794
vt -2.816901445388794 2.059088945388794
vt -0.26408451795578003 2.059088945388794
vt 0.26408451795578003 2.059088945388794
vt 0.26408451795578003 1.8830325603485107
vt -0.26408451795578003 1.8830325603485107
vt 0.2640846371650696 3.6931118965148926
vt -0.2640843987464905 3.6931118965148926
vt -0.2640843987464905 3.605083703994751
vt 0.2640846371650696 3.605083703994751
vt -2.816901445388794 -1.7261223793029785
vt -2.7288732528686523 -1.7261223793029785
vt -2.7288732528686523 0.7386662065982819
vt -2.816901445388794 0.7386663556098938
vt -2.816901445388794 1.0027508803177625
vt -2.816901445388794 2.059088945388794
vt -2.7288732528686523 2.059088945388794
vt -2.7288732528686523 1.0027508803177625
vt -0.26408466696739197 2.059088945388794
vt -0.26408466696739197 1.0027508803177625
vt -2.7288732528686523 1.0027508803177625
vt -2.7288732528686523 2.059088945388794
vt -2.7288732528686523 -1.7261223793029785
vt -2.816901445388794 -1.7261223793029785
vt -2.816901445388794 0.7386663556098938
vt -2.7288732528686523 0.7386662065982819
vt -2.7288732528686523 1.0027508803177625
vt -2.7288732528686523 2.059088945388794
vt -2.816901445388794 2.059088945388794
vt -2.816901445388794 1.0027508803177625
vt -2.7288732528686523 3.8196516036987305
vt -2.816901445388794 3.8196516036987305
vt -2.816901445388794 1.266834795475006
vt -2.7288732528686523 1.266834795475006
vt -2.7288732528686523 2.059088945388794
vt -2.816901445388794 2.059088945388794
vt -2.816901445388794 1.0027508803177625
vt -2.7288732528686523 1.0027508803177625
vt 2.8169007301330566 2.059088945388794
vt 2.8169007301330566 1.0027508803177625
vt 0.2640839219093323 1.0027508803177625
vt 0.2640839219093323 2.059088945388794
vt -2.816901445388794 1.266834795475006
vt -2.816901445388794 3.8196516036987305
vt -2.7288732528686523 3.8196516036987305
vt -2.7288732528686523 1.266834795475006
vt -2.816901445388794 1.0027508803177625
vt -2.816901445388794 2.059088945388794
vt -2.7288732528686523 2.059088945388794
vt -2.7288732528686523 1.0027508803177625
vt 2.7288732528686523 0.7386662662029266
vt 2.7288732528686523 -1.7261223793029785
vt 2.816901445388794 -1.7261223793029785
vt 2.816901445388794 0.7386665344238281
vt 2.7288732528686523 1.0027508803177625
vt 2.7288732528686523 2.059088945388794
vt 2.816901445388794 2.059088945388794
vt 2.816901445388794 1.0027508803177625
vt -2.7288732528686523 2.059088945388794
vt -2.7288732528686523 1.0027508803177625
vt -0.2640846073627472 1.0027508803177625
vt -0.2640846073627472 2.059088945388794
vt 2.816901445388794 -1.7261223793029785
vt 2.7288732528686523 -1.7261223793029785
vt 2.7288732528686523 0.7386662662029266
vt 2.816901445388794 0.7386665344238281
vt 2.816901445388794 1.0027508803177625
vt 2.816901445388794 2.059088945388794
vt 2.7288732528686523 2.059088945388794
vt 2.7288732528686523 1.0027508803177625
vt 2.816901445388794 3.8196523189544678
vt 2.7288732528686523 3.8196523189544678
vt 2.7288732528686523 1.2668367326259613
vt 2.816901445388794 1.2668367326259613
vt 2.7288732528686523 1.0027508803177625
vt 2.816901445388794 1.0027508803177625
vt 2.816901445388794 2.059088945388794
vt 2.7288732528686523 2.059088945388794
vt -0.10453212261199951 1.0027508803177625
vt 2.4482834339141846 1.0027508803177625
vt 2.4482834339141846 2.059088945388794
vt -0.10453212261199951 2.059088945388794
vt 2.7288732528686523 1.2668367326259613
vt 2.7288732528686523 3.8196523189544678
vt 2.816901445388794 3.8196523189544678
vt 2.816901445388794 1.2668367326259613
vt 2.7288732528686523 1.0027508803177625
vt 2.7288732528686523 2.059088945388794
vt 2.816901445388794 2.059088945388794
vt 2.816901445388794 1.0027508803177625
vt -2.816901445388794 1.0027508803177625
vt -2.816901445388794 2.059088945388794
vt 2.816901445388794 2.059088945388794
vt 2.816901445388794 1.0027508803177625
vt 0.26408451795578003 2.059088945388794
vt -0.26408451795578003 2.059088945388794
vt -0.26408451795578003 1.8830325603485107
vt 0.26408451795578003 1.8830325603485107
vt 2.7288732528686523 1.8830325603485107
vt 2.7288732528686523 2.059088945388794
vt 2.816901445388794 2.059088945388794
vt 2.816901445388794 1.8830325603485107
vt 2.7288732528686523 1.8830325603485107
vt 2.816901445388794 1.8830325603485107
vt 2.816901445388794 2.059088945388794
vt 2.7288732528686523 2.059088945388794
vt 0.2640843987464905 -1.6601011753082275
vt -0.2640846371650696 -1.6601011753082275
vt -0.2640846371650696 -1.7481293678283691
vt 0.2640843987464905 -1.7481293678283691
vt -0.18155813217163086 2.059088945388794
vt -0.18155813217163086 1.0027508803177625
vt 1.2268925905227661 1.0027508803177625
vt 1.2268925905227661 2.059088945388794
vt 0.5721831321716309 1.0027508803177625
vt 0.5721831321716309 2.059088945388794
vt 1.9806338548660278 2.059088945388794
vt 1.9806338548660278 1.0027508803177625
vt 0.48415493965148926 2.059088945388794
vt 0.5721831321716309 2.059088945388794
vt 0.5721831321716309 1.0027508803177625
vt 0.48415493965148926 1.0027508803177625
vt -2.164942741394043 2.059088945388794
vt 0.21181736886501312 2.059088945388794
vt 0.21181736886501312 1.0027508803177625
vt -2.164942741394043 1.0027508803177625
vt 0.19256120920181274 2.059088945388794
vt -2.1841988563537598 2.059088945388794
vt -2.1841988563537598 1.0027508803177625
vt 0.19256120920181274 1.0027508803177625
vt 1.0837609767913818 2.059088945388794
vt 1.0837609767913818 1.0027508803177625
vt 1.920028567314148 1.0027508803177625
vt 1.920028567314148 2.059088945388794
vt 2.126344680786133 1.0027508803177625
vt 2.126344680786133 2.059088945388794
vt 2.874584197998047 2.059088945388794
vt 2.874584197998047 1.0027508803177625
vt 0.48415493965148926 2.059088945388794
vt 0.48415493965148926 1.0027508803177625
vt 0.5721831321716309 1.0027508803177625
vt 0.5721831321716309 2.059088945388794
vt 0.48415493965148926 1.0027508803177625
vt 0.48415493965148926 2.059088945388794
vt 0.5721831321716309 2.059088945388794
vt 0.5721831321716309 1.0027508803177625
vt 0.48415493965148926 -1.7261223793029785
vt 0.5721831321716309 -1.7261223793029785
vt 0.5721831321716309 -0.977882981300354
vt 0.48415493965148926 -0.8898547887802124
vt 0.5721831321716309 -1.7261223793029785
vt 0.48415493965148926 -1.7261223793029785
vt 0.48415493965148926 -0.8898547887802124
vt 0.5721831321716309 -0.977882981300354
vt -2.866417169570923 2.059088945388794
vt -2.118177890777588 2.059088945388794
vt -2.118177890777588 1.0027508803177625
vt -2.866417169570923 1.0027508803177625
vt -2.052156686782837 2.059088945388794
vt -2.8884243965148926 2.059088945388794
vt -2.8884243965148926 1.0027508803177625
vt -2.052156686782837 1.0027508803177625
vt -2.857142925262451 -1.8571429252624512
vt -2.857142925262451 -1.6785712242126465
vt 2.857142925262451 -1.6785712242126465
vt 2.857142925262451 -1.8571429252624512
vt -2.857142925262451 -1.6785712242126465
vt -2.857142925262451 -1.8571429252624512
vt 2.857142925262451 -1.8571429252624512
vt 2.857142925262451 -1.6785712242126465
vt -2.857142925262451 3.857142925262451
vt 2.857142925262451 3.857142925262451
vt 2.857142925262451 -1.8571429252624512
vt -2.857142925262451 -1.8571429252624512
vt 2.857142925262451 -1.8571429252624512
vt -2.857142925262451 -1.8571429252624512
vt -2.857142925262451 -1.6785712242126465
vt 2.857142925262451 -1.6785712242126465
vt -2.857142925262451 -1.8571429252624512
vt 2.857142925262451 -1.8571429252624512
vt 2.857142925262451 -1.6785712242126465
vt -2.857142925262451 -1.6785712242126465
vt 2.3290719985961914 0.6923827528953552
vt 2.3290719985961914 -0.16699230670928955
vt 1.6650094985961914 -0.16699230670928955
vt 1.6650094985961914 0.6923827528953552
vt 1.6650094985961914 0.609375
vt 2.3290719985961914 0.609375
vt 2.3290719985961914 0.53125
vt 1.6650094985961914 0.53125
vt 2.3437209129333496 4.130550861358643
vt 2.3437209129333496 4.8671581745147705
vt 1.67965829372406 4.8671581745147705
vt 1.67965829372406 4.130550861358643
vt 2.3290719985961914 0.7363278865814209
vt 2.3290719985961914 -0.00027930736541748047
vt 1.6650094985961914 -0.00027930736541748047
vt 1.6650094985961914 0.7363278865814209
vt 1.6650094985961914 0.74365234375
vt 2.3290719985961914 0.74365234375
vt 2.3290719985961914 0.66552734375
vt 1.6650094985961914 0.66552734375
vt 2.3437201976776123 4.253319025039673
vt 2.3437201976776123 4.867158651351929
vt 1.6796578168869019 4.867158651351929
vt 1.6796578168869019 4.253319025039673
vt 2.3290719985961914 0.6606448292732239
vt 2.3290719985961914 0.04680520296096802
vt 1.6650094985961914 0.04680520296096802
vt 1.6650094985961914 0.6606448292732239
vt 1.6650094985961914 0.912109375
vt 2.3290719985961914 0.912109375
vt 2.3290719985961914 0.833984375
vt 1.6650094985961914 0.833984375
vt 2.3437206745147705 4.376086711883545
vt 2.3437206745147705 4.8671581745147705
vt 1.679658055305481 4.8671581745147705
vt 1.679658055305481 4.376086711883545
vt 2.3290719985961914 0.7021481394767761
vt 2.3290719985961914 0.2110767960548401
vt 1.6650094985961914 0.2110767960548401
vt 1.6650094985961914 0.7021481394767761
vt 1.6650094985961914 0.833984375
vt 2.3290719985961914 0.833984375
vt 2.3290719985961914 0.755859375
vt 1.6650094985961914 0.755859375
vt 2.3437201976776123 4.498855113983154
vt 2.3437201976776123 4.867158651351929
vt 1.6796578168869019 4.867158651351929
vt 1.6796578168869019 4.498855113983154
vt 2.3290719985961914 0.5800784230232239
vt 2.3290719985961914 0.2117747664451599
vt 1.6650094985961914 0.2117747664451599
vt 1.6650094985961914 0.5800784230232239
vt 1.6650094985961914 0.833984375
vt 2.3290719985961914 0.833984375
vt 2.3290719985961914 0.755859375
vt 1.6650094985961914 0.755859375
vt 2.3437201976776123 4.621622085571289
vt 2.3437201976776123 5.53122091293335
vt 1.6796576976776123 5.53122091293335
vt 1.6796576976776123 4.621622085571289
vt 2.3290719985961914 5.501953125
vt 2.3290719985961914 4.5923542976379395
vt 1.6650094985961914 4.5923542976379395
vt 1.6650094985961914 5.501953125
vt 1.6650094985961914 1.0
vt 2.3290719985961914 1.0
vt 2.3290719985961914 0.921875
vt 1.6650094985961914 0.921875
vt 3.0859079360961914 3.5111312866210938
vt 3.0859079360961914 4.12497091293335
vt 2.4218454360961914 4.12497091293335
vt 2.4218454360961914 3.5111312866210938
vt 2.3290719985961914 -0.05224597454071045
vt 2.3290719985961914 -0.6660856008529663
vt 1.6650094985961914 -0.6660856008529663
vt 1.6650094985961914 -0.05224597454071045
vt 1.6650094985961914 0.4140625
vt 2.3290719985961914 0.4140625
vt 2.3290719985961914 0.3359375
vt 1.6650094985961914 0.3359375
vt 3.0859079360961914 3.633899211883545
vt 3.0859079360961914 4.1249706745147705
vt 2.4218454360961914 4.1249706745147705
vt 2.4218454360961914 3.633899211883545
vt 2.3290719985961914 -0.008301019668579102
vt 2.3290719985961914 -0.4993724822998047
vt 1.6650094985961914 -0.4993724822998047
vt 1.6650094985961914 -0.008301019668579102
vt 1.6650094985961914 0.4091796875
vt 2.3290719985961914 0.4091796875
vt 2.3290719985961914 0.3310546875
vt 1.6650094985961914 0.3310546875
vt 3.0859079360961914 3.756667137145996
vt 3.0859079360961914 4.12497091293335
vt 2.4218454360961914 4.12497091293335
vt 2.4218454360961914 3.756667137145996
vt 2.3290719985961914 -0.08642578125
vt 2.3290719985961914 -0.45472943782806396
vt 1.6650094985961914 -0.45472943782806396
vt 1.6650094985961914 -0.08642578125
vt 1.6650094985961914 0.501953125
vt 2.3290719985961914 0.501953125
vt 2.3290719985961914 0.423828125
vt 1.6650094985961914 0.423828125
vt 3.0859081745147705 3.879434108734131
vt 3.0859081745147705 4.164032936096191
vt 2.4218456745147705 4.164032936096191
vt 2.4218456745147705 3.879434108734131
vt 2.3290719985961914 -0.010742664337158203
vt 2.3290719985961914 -0.2953413724899292
vt 1.6650094985961914 -0.2953413724899292
vt 1.6650094985961914 -0.010742664337158203
vt 1.6650094985961914 0.501953125
vt 2.3290719985961914 0.501953125
vt 2.3290719985961914 0.423828125
vt 1.6650094985961914 0.423828125
vt 5.736313819885254 -0.3330078125
vt 4.876938819885254 -0.3330078125
vt 4.876938819885254 0.3310546875
vt 5.736313819885254 0.3310546875
vt 2.83447265625 3.8369140625
vt 2.83447265625 4.5009765625
vt 2.75634765625 4.5009765625
vt 2.75634765625 3.8369140625
vt -1.1272324323654175 2.757812976837158
vt -0.390625 2.757812976837158
vt -0.390625 3.421875476837158
vt -1.1272324323654175 3.421875476837158
vt 5.780333042144775 -0.3330078125
vt 5.043725490570068 -0.3330078125
vt 5.043725490570068 0.3310546875
vt 5.780333042144775 0.3310546875
vt 2.83447265625 3.8369140625
vt 2.83447265625 4.5009765625
vt 2.75634765625 4.5009765625
vt 2.75634765625 3.8369140625
vt -1.0044647455215454 2.757812976837158
vt -0.39062511920928955 2.757812976837158
vt -0.39062511920928955 3.421875476837158
vt -1.0044647455215454 3.421875476837158
vt 5.658336162567139 -0.3330078125
vt 5.044496536254883 -0.3330078125
vt 5.044496536254883 0.3310546875
vt 5.658336162567139 0.3310546875
vt 3.00048828125 3.8369140625
vt 3.00048828125 4.5009765625
vt 2.92236328125 4.5009765625
vt 2.92236328125 3.8369140625
vt -0.8816968202590942 2.757812976837158
vt -0.3906254768371582 2.757812976837158
vt -0.3906254768371582 3.421875476837158
vt -0.8816968202590942 3.421875476837158
vt 5.702354907989502 -0.3330078125
vt 5.2112836837768555 -0.3330078125
vt 5.2112836837768555 0.3310546875
vt 5.702354907989502 0.3310546875
vt 3.00048828125 3.8369140625
vt 3.00048828125 4.5009765625
vt 2.92236328125 4.5009765625
vt 2.92236328125 3.8369140625
vt -0.7589290142059326 2.757812976837158
vt -0.39062535762786865 2.757812976837158
vt -0.39062535762786865 3.421875476837158
vt -0.7589290142059326 3.421875476837158
vt 5.746374130249023 -0.3330078125
vt 5.378070831298828 -0.3330078125
vt 5.378070831298828 0.3310546875
vt 5.746374130249023 0.3310546875
vt 3.16650390625 3.8369140625
vt 3.16650390625 4.5009765625
vt 3.08837890625 4.5009765625
vt 3.08837890625 3.8369140625
vt -0.636361837387085 2.7576119899749756
vt 0.3122997283935547 2.7576119899749756
vt 0.3122997283935547 3.4216747283935547
vt -0.636361837387085 3.4216747283935547
vt 6.493940353393555 -0.3330080509185791
vt 5.545278549194336 -0.3330080509185791
vt 5.545278549194336 0.3310546875
vt 6.493940353393555 0.3310546875
vt 3.28125 3.8369140625
vt 3.28125 4.500976800918579
vt 3.203125 4.500976800918579
vt 3.203125 3.8369140625
vt -1.1272321939468384 2.757812976837158
vt -0.39062488079071045 2.757812976837158
vt -0.39062488079071045 3.421875476837158
vt -1.1272321939468384 3.421875476837158
vt 5.281723499298096 -0.3330078125
vt 4.545116424560547 -0.3330078125
vt 4.545116424560547 0.3310546875
vt 5.281723499298096 0.3310546875
vt 2.5 3.8369140625
vt 2.5 4.5009765625
vt 2.421875 4.5009765625
vt 2.421875 3.8369140625
vt -1.004464864730835 2.757812976837158
vt -0.39062511920928955 2.757812976837158
vt -0.39062511920928955 3.421875476837158
vt -1.004464864730835 3.421875476837158
vt 5.157285690307617 -0.3330078125
vt 4.543445587158203 -0.3330078125
vt 4.543445587158203 0.3310546875
vt 5.157285690307617 0.3310546875
vt 2.66845703125 3.8369140625
vt 2.66845703125 4.5009765625
vt 2.59033203125 4.5009765625
vt 2.59033203125 3.8369140625
vt -0.8816967010498047 2.757812976837158
vt -0.39062535762786865 2.757812976837158
vt -0.39062535762786865 3.421875476837158
vt -0.8816967010498047 3.421875476837158
vt 5.2257184982299805 -0.3330078125
vt 4.734646797180176 -0.3330078125
vt 4.734646797180176 0.3310546875
vt 5.2257184982299805 0.3310546875
vt 2.666015625 3.8369140625
vt 2.666015625 4.5009765625
vt 2.587890625 4.5009765625
vt 2.587890625 3.8369140625
vt -0.6361979246139526 2.757775902748108
vt 0.03902626037597656 2.757775902748108
vt 0.03902626037597656 2.9140255451202393
vt -0.6361979246139526 2.9140255451202393
vt 6.494104385375977 0.33105456829071045
vt 5.818880081176758 0.33105456829071045
vt 5.818880081176758 0.4873042106628418
vt 6.494104385375977 0.4873042106628418
vt 1.9140617847442627 1.0
vt 1.7578121423721313 1.0
vt 1.7578121423721313 0.921875
vt 1.9140617847442627 0.921875
vt 4.48255729675293 -1.4064133167266846
vt 4.48255729675293 -1.4246301651000977
vt 4.59688663482666 -1.4246301651000977
vt 4.59688663482666 -1.4064133167266846
vt 4.6397600173950195 -1.4198665618896484
vt 4.6397600173950195 -1.4016497135162354
vt 4.75408935546875 -1.4016497135162354
vt 4.75408935546875 -1.4198665618896484
vt 2.7342729568481445 -3.3301191329956055
vt 2.848602294921875 -3.3301191329956055
vt 2.848602294921875 -3.1395702362060547
vt 2.7342729568481445 -3.1395702362060547
vt 2.853365421295166 -3.3301191329956055
vt 2.7390360832214355 -3.3301191329956055
vt 2.7390360832214355 -3.1395702362060547
vt 2.853365421295166 -3.1395702362060547
vt 3.434223175048828 1.2711130380630493
vt 3.6247718334198 1.2711130380630493
vt 3.6247718334198 1.2528960704803467
vt 3.434223175048828 1.2528960704803467
vt 3.6247718334198 1.2711130380630493
vt 3.434223175048828 1.2711130380630493
vt 3.434223175048828 1.2528960704803467
vt 3.6247718334198 1.2528960704803467
vt 2.3286213874816895 0.7475228309631348
vt 2.3104043006896973 0.7475228309631348
vt 2.3104043006896973 0.8618521690368652
vt 2.3286213874816895 0.8618521690368652
vt 2.467607021331787 0.752286434173584
vt 2.4858241081237793 0.752286434173584
vt 2.4858241081237793 0.8666157722473145
vt 2.467607021331787 0.8666157722473145
vt -1.3433688879013062 0.7475228309631348
vt -1.3433688879013062 0.8618521690368652
vt -1.152820110321045 0.8618521690368652
vt -1.152820110321045 0.7475228309631348
vt -1.3386057615280151 0.861851692199707
vt -1.3386057615280151 0.7475223541259766
vt -1.148056983947754 0.7475223541259766
vt -1.148056983947754 0.861851692199707
vt 3.434222936630249 1.2711130380630493
vt 3.6247718334198 1.2711130380630493
vt 3.6247718334198 1.2528960704803467
vt 3.434222936630249 1.2528960704803467
vt 3.6247718334198 1.2711130380630493
vt 3.434222936630249 1.2711130380630493
vt 3.434222936630249 1.2528960704803467
vt 3.6247718334198 1.2528960704803467
vt 2.3286211490631104 0.7475228905677795
vt 2.3104043006896973 0.7475228905677795
vt 2.3104043006896973 0.861852154135704
vt 2.3286211490631104 0.861852154135704
vt 2.467607021331787 0.7522866129875183
vt 2.4858238697052 0.7522866129875183
vt 2.4858238697052 0.866615891456604
vt 2.467607021331787 0.866615891456604
vt -1.3433690071105957 0.7475231885910034
vt -1.3433690071105957 0.8618524372577667
vt -1.152820110321045 0.8618524372577667
vt -1.152820110321045 0.747523158788681
vt -1.3386058807373047 0.8618518710136414
vt -1.3386058807373047 0.7475225925445557
vt -1.148056983947754 0.7475225925445557
vt -1.148056983947754 0.8618518561124802
vt 3.434222936630249 1.2711130380630493
vt 3.6247718334198 1.2711130380630493
vt 3.6247718334198 1.2528960704803467
vt 3.434222936630249 1.2528960704803467
vt 3.6247718334198 1.2711130380630493
vt 3.434222936630249 1.2711130380630493
vt 3.434222936630249 1.2528960704803467
vt 3.6247718334198 1.2528960704803467
vt -0.90625 1.5625
vt -0.90625 1.015625
vt -0.875 1.015625
vt -0.875 1.5625
vt -0.90625 1.015625
vt -0.90625 1.5625
vt -0.875 1.5625
vt -0.875 1.015625
vt -0.90625 0.375
vt -0.875 0.375
vt -0.875 0.40625
vt -0.90625 0.40625
vt -0.875 0.375
vt -0.90625 0.375
vt -0.90625 0.40625
vt -0.875 0.40625
vt -0.625 1.5625
vt -0.59375 1.5625
vt -0.59375 1.015625
vt -0.625 1.015625
vt -0.59375 1.5625
vt -0.625 1.5625
vt -0.625 1.015625
vt -0.59375 1.015625
vt -0.90625 1.5625
vt -0.90625 1.015625
vt -0.875 1.015625
vt -0.875 1.5625
vt -0.90625 1.015625
vt -0.90625 1.5625
vt -0.875 1.5625
vt -0.875 1.015625
vt -0.90625 0.59375
vt -0.875 0.59375
vt -0.875 0.625
vt -0.90625 0.625
vt -0.875 0.59375
vt -0.90625 0.59375
vt -0.90625 0.625
vt -0.875 0.625
vt -0.40625 1.5625
vt -0.375 1.5625
vt -0.375 1.015625
vt -0.40625 1.015625
vt -0.375 1.5625
vt -0.40625 1.5625
vt -0.40625 1.015625
vt -0.375 1.015625
vt -0.90625 1.5625
vt -0.90625 1.015625
vt -0.875 1.015625
vt -0.875 1.5625
vt -0.90625 1.015625
vt -0.90625 1.5625
vt -0.875 1.5625
vt -0.875 1.015625
vt -0.90625 0.8125
vt -0.875 0.8125
vt -0.875 0.84375
vt -0.90625 0.84375
vt -0.875 0.8125
vt -0.90625 0.8125
vt -0.90625 0.84375
vt -0.875 0.84375
vt -0.1875 1.5625
vt -0.15625 1.5625
vt -0.15625 1.015625
vt -0.1875 1.015625
vt -0.15625 1.5625
vt -0.1875 1.5625
vt -0.1875 1.015625
vt -0.15625 1.015625
vt -0.90625 1.5625
vt -0.90625 1.015625
vt -0.875 1.015625
vt -0.875 1.5625
vt -0.90625 1.015625
vt -0.90625 1.5625
vt -0.875 1.5625
vt -0.875 1.015625
vt -0.90625 1.03125
vt -0.875 1.03125
vt -0.875 1.0625
vt -0.90625 1.0625
vt -0.875 1.03125
vt -0.90625 1.03125
vt -0.90625 1.0625
vt -0.875 1.0625
vt 0.03125 1.5625
vt 0.0625 1.5625
vt 0.0625 1.015625
vt 0.03125 1.015625
vt 0.0625 1.5625
vt 0.03125 1.5625
vt 0.03125 1.015625
vt 0.0625 1.015625
vt -0.90625 1.5625
vt -0.90625 1.015625
vt -0.875 1.015625
vt -0.875 1.5625
vt -0.90625 1.015625
vt -0.90625 1.5625
vt -0.875 1.5625
vt -0.875 1.015625
vt -0.90625 1.25
vt -0.875 1.25
vt -0.875 1.28125
vt -0.90625 1.28125
vt -0.875 1.25
vt -0.90625 1.25
vt -0.90625 1.28125
vt -0.875 1.28125
vt 0.25 1.5625
vt 0.28125 1.5625
vt 0.28125 1.015625
vt 0.25 1.015625
vt 0.28125 1.5625
vt 0.25 1.5625
vt 0.25 1.015625
vt 0.28125 1.015625
vt -0.90625 1.5625
vt -0.90625 1.015625
vt -0.875 1.015625
vt -0.875 1.5625
vt -0.90625 1.015625
vt -0.90625 1.5625
vt -0.875 1.5625
vt -0.875 1.015625
vt -0.90625 1.46875
vt -0.875 1.46875
vt -0.875 1.5
vt -0.90625 1.5
vt -0.875 1.46875
vt -0.90625 1.46875
vt -0.90625 1.5
vt -0.875 1.5
vt 0.46875 1.5625
vt 0.5 1.5625
vt 0.5 1.015625
vt 0.46875 1.015625
vt 0.5 1.5625
vt 0.46875 1.5625
vt 0.46875 1.015625
vt 0.5 1.015625
vt -0.859375 1.59375
vt -0.859375 1.5625
vt -0.921875 1.5625
vt -0.921875 1.59375
vt -0.859375 1.5625
vt -0.859375 1.59375
vt -0.921875 1.59375
vt -0.921875 1.5625
vt -0.859375 1.734375
vt -0.921875 1.734375
vt -0.921875 -4.21875
vt -0.859375 -4.21875
vt -0.921875 1.734375
vt -0.859375 1.734375
vt -0.859375 -4.21875
vt -0.921875 -4.21875
vt 0.734375 1.59375
vt -5.21875 1.59375
vt -5.21875 1.5625
vt 0.734375 1.5625
vt -5.21875 1.59375
vt 0.734375 1.59375
vt 0.734375 1.5625
vt -5.21875 1.5625
vt 0.921875 -0.78125
vt 0.921875 -1.4375
vt 0.859375 -1.4375
vt 0.859375 -0.78125
vt 0.921875 -1.4375
vt 0.921875 -0.78125
vt 0.859375 -0.78125
vt 0.859375 -1.4375
vt 0.921875 0.265625
vt 0.859375 0.265625
vt 0.859375 0.203125
vt 0.921875 0.203125
vt 0.859375 0.265625
vt 0.921875 0.265625
vt 0.921875 0.203125
vt 0.859375 0.203125
vt -0.734375 -0.78125
vt -0.796875 -0.78125
vt -0.796875 -1.4375
vt -0.734375 -1.4375
vt -0.796875 -0.78125
vt -0.734375 -0.78125
vt -0.734375 -1.4375
vt -0.796875 -1.4375
vt -0.859375 2.53125
vt -0.859375 -1.34375
vt -0.921875 -1.34375
vt -0.921875 2.53125
vt -0.859375 -1.34375
vt -0.859375 2.53125
vt -0.921875 2.53125
vt -0.921875 -1.34375
vt -0.859375 0.265625
vt -0.921875 0.265625
vt -0.921875 0.203125
vt -0.859375 0.203125
vt -0.921875 0.265625
vt -0.859375 0.265625
vt -0.859375 0.203125
vt -0.921875 0.203125
vt -0.734375 2.53125
vt -0.796875 2.53125
vt -0.796875 -1.34375
vt -0.734375 -1.34375
vt -0.796875 2.53125
vt -0.734375 2.53125
vt -0.734375 -1.34375
vt -0.796875 -1.34375
vt -0.859375 1.0312499981373549
vt -0.859375 0.96875
vt -0.921875 0.96875
vt -0.921875 1.0312499981373549
vt -0.859375 0.96875
vt -0.859375 1.0312499981373549
vt -0.921875 1.0312499981373549
vt -0.921875 0.96875
vt -0.859375 1.734375
vt -0.921875 1.734375
vt -0.921875 -4.21875
vt -0.859375 -4.21875
vt -0.921875 1.734375
vt -0.859375 1.734375
vt -0.859375 -4.21875
vt -0.921875 -4.21875
vt 0.734375 1.0312499981373549
vt -5.21875 1.0312499981373549
vt -5.21875 0.96875
vt 0.734375 0.96875
vt -5.21875 1.0312499981373549
vt 0.734375 1.0312499981373549
vt 0.734375 0.96875
vt -5.21875 0.96875
vt -0.8828125 1.28125
vt -0.8828125 1.0625000074505806
vt -0.8984375 1.0625000074505806
vt -0.8984375 1.28125
vt -0.8828125 1.0625000074505806
vt -0.8828125 1.28125
vt -0.8984375 1.28125
vt -0.8984375 1.0625000074505806
vt -0.8828125 1.734375
vt -0.8984375 1.734375
vt -0.8984375 -4.21875
vt -0.8828125 -4.21875
vt -0.8984375 1.734375
vt -0.8828125 1.734375
vt -0.8828125 -4.21875
vt -0.8984375 -4.21875
vt 0.734375 1.28125
vt -5.21875 1.28125
vt -5.21875 1.0625000074505806
vt 0.734375 1.0625000074505806
vt -5.21875 1.28125
vt 0.734375 1.28125
vt 0.734375 1.0625000074505806
vt -5.21875 1.0625000074505806
vt -0.90625 1.5625
vt -0.90625 1.015625
vt -0.875 1.015625
vt -0.875 1.5625
vt -0.90625 1.015625
vt -0.90625 1.5625
vt -0.875 1.5625
vt -0.875 1.015625
vt -0.90625 0.59375
vt -0.875 0.59375
vt -0.875 0.625
vt -0.90625 0.625
vt -0.875 0.59375
vt -0.90625 0.59375
vt -0.90625 0.625
vt -0.875 0.625
vt -0.40625 1.5625
vt -0.375 1.5625
vt -0.375 1.015625
vt -0.40625 1.015625
vt -0.375 1.5625
vt -0.40625 1.5625
vt -0.40625 1.015625
vt -0.375 1.015625
vt -0.90625 1.5625
vt -0.90625 1.015625
vt -0.875 1.015625
vt -0.875 1.5625
vt -0.90625 1.015625
vt -0.90625 1.5625
vt -0.875 1.5625
vt -0.875 1.015625
vt -0.90625 0.8125
vt -0.875 0.8125
vt -0.875 0.84375
vt -0.90625 0.84375
vt -0.875 0.8125
vt -0.90625 0.8125
vt -0.90625 0.84375
vt -0.875 0.84375
vt -0.1875 1.5625
vt -0.15625 1.5625
vt -0.15625 1.015625
vt -0.1875 1.015625
vt -0.15625 1.5625
vt -0.1875 1.5625
vt -0.1875 1.015625
vt -0.15625 1.015625
vt -0.90625 1.5625
vt -0.90625 1.015625
vt -0.875 1.015625
vt -0.875 1.5625
vt -0.90625 1.015625
vt -0.90625 1.5625
vt -0.875 1.5625
vt -0.875 1.015625
vt -0.90625 1.03125
vt -0.875 1.03125
vt -0.875 1.0625
vt -0.90625 1.0625
vt -0.875 1.03125
vt -0.90625 1.03125
vt -0.90625 1.0625
vt -0.875 1.0625
vt 0.03125 1.5625
vt 0.0625 1.5625
vt 0.0625 1.015625
vt 0.03125 1.015625
vt 0.0625 1.5625
vt 0.03125 1.5625
vt 0.03125 1.015625
vt 0.0625 1.015625
vt 0.921875 0.09375
vt 0.921875 -1.375
vt 0.859375 -1.375
vt 0.859375 0.09375
vt 0.921875 -1.375
vt 0.921875 0.09375
vt 0.859375 0.09375
vt 0.859375 -1.375
vt 0.921875 1.796875
vt 0.859375 1.796875
vt 0.859375 1.734375
vt 0.921875 1.734375
vt 0.859375 1.796875
vt 0.921875 1.796875
vt 0.921875 1.734375
vt 0.859375 1.734375
vt 0.796875 0.09375
vt 0.734375 0.09375
vt 0.734375 -1.375
vt 0.796875 -1.375
vt 0.734375 0.09375
vt 0.796875 0.09375
vt 0.796875 -1.375
vt 0.734375 -1.375
vt 0.921875 -0.78125
vt 0.921875 -1.4375
vt 0.859375 -1.4375
vt 0.859375 -0.78125
vt 0.921875 -1.4375
vt 0.921875 -0.78125
vt 0.859375 -0.78125
vt 0.859375 -1.4375
vt 0.921875 0.265625
vt 0.859375 0.265625
vt 0.859375 0.203125
vt 0.921875 0.203125
vt 0.859375 0.265625
vt 0.921875 0.265625
vt 0.921875 0.203125
vt 0.859375 0.203125
vt -0.734375 -0.78125
vt -0.796875 -0.78125
vt -0.796875 -1.4375
vt -0.734375 -1.4375
vt -0.796875 -0.78125
vt -0.734375 -0.78125
vt -0.734375 -1.4375
vt -0.796875 -1.4375
vt 0.8632813692092896 0.5682191848754883
vt 0.8632813692092896 0.5411558747291565
vt 0.91796875 0.5411558747291565
vt 0.91796875 0.5682191848754883
vt 0.86328125 -0.28125
vt 0.86328125 -0.25
vt 0.9179686307907104 -0.25
vt 0.9179686307907104 -0.28125
vt 0.86328125 0.25
vt 0.9179686307907104 0.25
vt 0.91796875 1.765625
vt 0.8632813692092896 1.765625
vt 0.9179686307907104 0.234375
vt 0.86328125 0.234375
vt 0.8632813692092896 1.7499995231628418
vt 0.91796875 1.7499995231628418
vt -0.765625 -0.25
vt 0.7499995231628418 0.5682191848754883
vt 0.765625 0.5411558747291565
vt -0.75 -0.28125
vt 0.7499995231628418 0.5682191848754883
vt -0.765625 -0.25
vt -0.75 -0.28125
vt 0.765625 0.5411558747291565
vt 0.9218747615814209 0.265625
vt 0.921875 1.734375
vt 0.8593752384185791 1.734375
vt 0.859375 0.265625
vt 0.859375 0.265625
vt 0.8593752384185791 1.734375
vt 0.921875 1.734375
vt 0.9218747615814209 0.265625
vt 0.734375 0.11041975021362305
vt 0.734375 -0.1740403175354004
vt -0.734375 -0.8589262962341309
vt -0.734375 -0.5744657516479492
vt -0.734375 -0.8589262962341309
vt 0.734375 -0.1740403175354004
vt 0.734375 0.11041975021362305
vt -0.734375 -0.5744657516479492
vt 0.921875 0.11041975021362305
vt 0.8593752384185791 0.11041975021362305
vt 0.8593752384185791 -0.1740403175354004
vt 0.921875 -0.1740403175354004
vt 0.859375 -0.8589262962341309
vt 0.859375 -0.5744657516479492
vt 0.9218747615814209 -0.5744657516479492
vt 0.9218747615814209 -0.8589262962341309
vt 0.318359375 0.546875
vt 0.318359375 0.53125
vt 0.291015625 0.53125
vt 0.291015625 0.546875
vt 0.318359375 0.53125
vt 0.318359375 0.546875
vt 0.291015625 0.546875
vt 0.291015625 0.53125
vt 0.318359375 3.03125
vt 0.291015625 3.03125
vt 0.291015625 2.640625
vt 0.318359375 2.640625
vt 0.291015625 3.03125
vt 0.318359375 3.03125
vt 0.318359375 2.640625
vt 0.291015625 2.640625
vt 2.03125 0.546875
vt 1.640625 0.546875
vt 1.640625 0.53125
vt 2.03125 0.53125
vt 1.640625 0.546875
vt 2.03125 0.546875
vt 2.03125 0.53125
vt 1.640625 0.53125
vt 0.3203125 0.3125
vt 0.3203125 0.171875
vt 0.2890625 0.171875
vt 0.2890625 0.3125
vt 0.3203125 0.171875
vt 0.3203125 0.3125
vt 0.2890625 0.3125
vt 0.2890625 0.171875
vt 0.3203125 2.9375
vt 0.2890625 2.9375
vt 0.2890625 2.6484375
vt 0.3203125 2.6484375
vt 0.2890625 2.9375
vt 0.3203125 2.9375
vt 0.3203125 2.6484375
vt 0.2890625 2.6484375
vt 1.9375 0.3125
vt 1.6484375 0.3125
vt 1.6484375 0.171875
vt 1.9375 0.171875
vt 1.6484375 0.3125
vt 1.9375 0.3125
vt 1.9375 0.171875
vt 1.6484375 0.171875
vt -0.921875 1.59375
vt -0.921875 -5.0
vt -0.859375 -5.0
vt -0.859375 1.59375
vt -0.921875 -5.0
vt -0.921875 1.59375
vt -0.859375 1.59375
vt -0.859375 -5.0
vt -0.921875 1.734375
vt -0.859375 1.734375
vt -0.859375 1.796875
vt -0.921875 1.796875
vt -0.859375 1.734375
vt -0.921875 1.734375
vt -0.921875 1.796875
vt -0.859375 1.796875
vt 0.734375 1.59375
vt 0.796875 1.59375
vt 0.796875 -5.0
vt 0.734375 -5.0
vt 0.796875 1.59375
vt 0.734375 1.59375
vt 0.734375 -5.0
vt 0.796875 -5.0
vt 0.921875 0.09375
vt 0.921875 -1.375
vt 0.859375 -1.375
vt 0.859375 0.09375
vt 0.921875 -1.375
vt 0.921875 0.09375
vt 0.859375 0.09375
vt 0.859375 -1.375
vt 0.921875 1.796875
vt 0.859375 1.796875
vt 0.859375 1.734375
vt 0.921875 1.734375
vt 0.859375 1.796875
vt 0.921875 1.796875
vt 0.921875 1.734375
vt 0.859375 1.734375
vt 0.796875 0.09375
vt 0.734375 0.09375
vt 0.734375 -1.375
vt 0.796875 -1.375
vt 0.734375 0.09375
vt 0.796875 0.09375
vt 0.796875 -1.375
vt 0.734375 -1.375
vt 0.8632813692092896 0.5682191848754883
vt 0.8632813692092896 0.5411558747291565
vt 0.91796875 0.5411558747291565
vt 0.91796875 0.5682191848754883
vt 0.86328125 -0.28125
vt 0.86328125 -0.25
vt 0.9179686307907104 -0.25
vt 0.9179686307907104 -0.28125
vt 0.86328125 0.25
vt 0.9179686307907104 0.25
vt 0.91796875 1.765625
vt 0.8632813692092896 1.765625
vt 0.9179686307907104 0.234375
vt 0.86328125 0.234375
vt 0.8632813692092896 1.7499995231628418
vt 0.91796875 1.7499995231628418
vt -0.765625 -0.25
vt 0.7499995231628418 0.5682191848754883
vt 0.765625 0.5411558747291565
vt -0.75 -0.28125
vt 0.7499995231628418 0.5682191848754883
vt -0.765625 -0.25
vt -0.75 -0.28125
vt 0.765625 0.5411558747291565
vt -3.140625 -0.5000002384185791
vt -3.140625 -0.5000002384185791
vt -3.140625 -0.5000002384185791
vt -3.140625 -0.5000002384185791
vt 1.734375 1.796875
vt -0.859375 1.796875
vt -0.859375 1.734375
vt 1.734375 1.734375
vt 1.734375 1.734375
vt -0.859375 1.734375
vt -0.859375 1.796875
vt 1.734375 1.796875
vt -0.859375 0.8230854868888855
vt 1.734375 -0.5000002384185791
vt 1.734375 -0.5000002384185791
vt -0.859375 1.107545480132103
vt 1.734375 -0.2031252384185791
vt 1.734375 -0.5000002384185791
vt -0.859375 0.8230855464935303
vt -0.859375 1.1075454950332642
vt 1.734375 -0.5000002384185791
vt 1.734375 -0.2031252384185791
vt 0.796875 1.107545480132103
vt 0.734375 1.1075454950332642
vt 0.734375 0.8230855464935303
vt 0.796875 0.8230854868888855
vt 0.734375 -0.5000002384185791
vt 0.734375 -0.2031252384185791
vt 0.796875 -0.2031252384185791
vt 0.796875 -0.5000002384185791
vt 0.9218747615814209 0.265625
vt 0.921875 1.734375
vt 0.8593752384185791 1.734375
vt 0.859375 0.265625
vt 0.859375 0.265625
vt 0.8593752384185791 1.734375
vt 0.921875 1.734375
vt 0.9218747615814209 0.265625
vt 0.734375 0.11041975021362305
vt 0.734375 -0.1740403175354004
vt -0.734375 -0.8589262962341309
vt -0.734375 -0.5744657516479492
vt -0.734375 -0.8589262962341309
vt 0.734375 -0.1740403175354004
vt 0.734375 0.11041975021362305
vt -0.734375 -0.5744657516479492
vt 0.921875 0.11041975021362305
vt 0.8593752384185791 0.11041975021362305
vt 0.8593752384185791 -0.1740403175354004
vt 0.921875 -0.1740403175354004
vt 0.859375 -0.8589262962341309
vt 0.859375 -0.5744657516479492
vt 0.9218747615814209 -0.5744657516479492
vt 0.9218747615814209 -0.8589262962341309
vt 0.73828125 1.5897033214569092
vt 0.73828125 1.5626400709152222
vt 0.79296875 1.5626400709152222
vt 0.79296875 1.5897033214569092
vt 0.73828125 0.046875
vt 0.73828125 0.078125
vt 0.79296875 0.078125
vt 0.79296875 0.046875
vt 1.765625 1.73828125
vt 1.765625 1.79296875
vt -0.8800804615020752 1.79296875
vt -0.8800804615020752 1.73828125
vt 1.765625 1.79296875
vt 1.765625 1.73828125
vt -0.8644554615020752 1.73828125
vt -0.8644554615020752 1.79296875
vt 1.765625 0.078125
vt -0.8644554615020752 1.5897033214569092
vt -0.8800804615020752 1.5626400709152222
vt 1.765625 0.046875
vt -0.8644554615020752 1.5897033214569092
vt 1.765625 0.078125
vt 1.765625 0.046875
vt -0.8800804615020752 1.5626400709152222
vt 0.7617186903953552 5.37890625
vt 0.8007811307907104 5.37890625
vt 0.8007813692092896 1.50390625
vt 0.7617188096046448 1.50390625
vt 0.7578124403953552 5.37890625
vt 0.7578125596046448 1.50390625
vt 0.7460938096046448 1.50390625
vt 0.7460936903953552 5.37890625
vt 0.7968751192092896 1.50390625
vt 0.7968748807907104 5.37890625
vt 0.8085936307907104 5.37890625
vt 0.8085938692092896 1.50390625
vt -0.90625 1.5625
vt -0.90625 1.015625
vt -0.875 1.015625
vt -0.875 1.5625
vt -0.90625 1.015625
vt -0.90625 1.5625
vt -0.875 1.5625
vt -0.875 1.015625
vt -0.90625 0.375
vt -0.875 0.375
vt -0.875 0.40625
vt -0.90625 0.40625
vt -0.875 0.375
vt -0.90625 0.375
vt -0.90625 0.40625
vt -0.875 0.40625
vt -0.625 1.5625
vt -0.59375 1.5625
vt -0.59375 1.015625
vt -0.625 1.015625
vt -0.59375 1.5625
vt -0.625 1.5625
vt -0.625 1.015625
vt -0.59375 1.015625
vt -0.90625 1.5625
vt -0.90625 1.015625
vt -0.875 1.015625
vt -0.875 1.5625
vt -0.90625 1.015625
vt -0.90625 1.5625
vt -0.875 1.5625
vt -0.875 1.015625
vt -0.90625 0.59375
vt -0.875 0.59375
vt -0.875 0.625
vt -0.90625 0.625
vt -0.875 0.59375
vt -0.90625 0.59375
vt -0.90625 0.625
vt -0.875 0.625
vt -0.40625 1.5625
vt -0.375 1.5625
vt -0.375 1.015625
vt -0.40625 1.015625
vt -0.375 1.5625
vt -0.40625 1.5625
vt -0.40625 1.015625
vt -0.375 1.015625
vt -6.5 -2.28125
vt -6.5 -2.3125
vt -7.0 -2.3125
vt -7.0 -2.28125
vt -6.5 -2.3125
vt -6.5 -2.28125
vt -7.0 -2.28125
vt -7.0 -2.3125
vt -4.337438583374023 -3.75
vt -4.337438583374023 -4.25
vt -2.9624385833740234 -4.25
vt -2.9624385833740234 -3.75
vt -4.337438583374023 -4.25
vt -4.337438583374023 -3.75
vt -2.9624385833740234 -3.75
vt -2.9624385833740234 -4.25
vt -2.5874383449554443 -2.28125
vt -1.2124385833740234 -2.28125
vt -1.2124385833740234 -2.3125
vt -2.5874383449554443 -2.3125
vt -1.2124385833740234 -2.28125
vt -2.5874383449554443 -2.28125
vt -2.5874383449554443 -2.3125
vt -1.2124385833740234 -2.3125
vt -6.0234375 -2.6875
vt -6.0234375 -2.71875
vt -6.5234375 -2.71875
vt -6.5234375 -2.6875
vt -6.0234375 -2.71875
vt -6.0234375 -2.6875
vt -6.5234375 -2.6875
vt -6.5234375 -2.71875
vt -3.8608758449554443 -3.75
vt -3.8608758449554443 -4.25
vt -2.4858760833740234 -4.25
vt -2.4858760833740234 -3.75
vt -3.8608758449554443 -4.25
vt -3.8608758449554443 -3.75
vt -2.4858760833740234 -3.75
vt -2.4858760833740234 -4.25
vt -2.1108763217926025 -2.6875
vt -0.7358765602111816 -2.6875
vt -0.7358765602111816 -2.71875
vt -2.1108763217926025 -2.71875
vt -0.7358765602111816 -2.6875
vt -2.1108763217926025 -2.6875
vt -2.1108763217926025 -2.71875
vt -0.7358765602111816 -2.71875
vt -6.5 -1.71875
vt -6.5 -1.75
vt -7.0 -1.75
vt -7.0 -1.71875
vt -6.5 -1.75
vt -6.5 -1.71875
vt -7.0 -1.71875
vt -7.0 -1.75
vt -4.337438583374023 -3.28125
vt -4.337438583374023 -3.78125
vt -2.9624385833740234 -3.78125
vt -2.9624385833740234 -3.28125
vt -4.657751083374023 -3.78125
vt -4.657751083374023 -3.28125
vt -3.2827510833740234 -3.28125
vt -3.2827510833740234 -3.78125
vt -2.5874383449554443 -1.71875
vt -1.2124385833740234 -1.71875
vt -1.2124385833740234 -1.75
vt -2.5874383449554443 -1.75
vt -1.2124385833740234 -1.71875
vt -2.5874383449554443 -1.71875
vt -2.5874383449554443 -1.75
vt -1.2124385833740234 -1.75
vt -6.1328125 -2.421875
vt -6.1328125 -2.453125
vt -6.6328125 -2.453125
vt -6.6328125 -2.421875
vt -6.1328125 -2.453125
vt -6.1328125 -2.421875
vt -6.6328125 -2.421875
vt -6.6328125 -2.453125
vt -3.9702508449554443 -3.484375
vt -3.9702508449554443 -3.984375
vt -2.5952510833740234 -3.984375
vt -2.5952510833740234 -3.484375
vt -3.9702508449554443 -3.984375
vt -3.9702508449554443 -3.484375
vt -2.5952510833740234 -3.484375
vt -2.5952510833740234 -3.984375
vt -2.2202508449554443 -2.421875
vt -0.8452510833740234 -2.421875
vt -0.8452510833740234 -2.453125
vt -2.2202508449554443 -2.453125
vt -0.8452510833740234 -2.421875
vt -2.2202508449554443 -2.421875
vt -2.2202508449554443 -2.453125
vt -0.8452510833740234 -2.453125
vt -7.0 -3.3046875
vt -7.0 -3.3359375
vt -7.5 -3.3359375
vt -7.5 -3.3046875
vt -7.0 -3.3359375
vt -7.0 -3.3046875
vt -7.5 -3.3046875
vt -7.5 -3.3359375
vt -4.837438583374023 -3.8671875
vt -4.837438583374023 -4.3671875
vt -3.4624385833740234 -4.3671875
vt -3.4624385833740234 -3.8671875
vt -4.837438583374023 -4.3671875
vt -4.837438583374023 -3.8671875
vt -3.4624385833740234 -3.8671875
vt -3.4624385833740234 -4.3671875
vt -3.0874383449554443 -3.3046875
vt -1.7124385833740234 -3.3046875
vt -1.7124385833740234 -3.3359375
vt -3.0874383449554443 -3.3359375
vt -1.7124385833740234 -3.3046875
vt -3.0874383449554443 -3.3046875
vt -3.0874383449554443 -3.3359375
vt -1.7124385833740234 -3.3359375
vt -6.5 -2.28125
vt -6.5 -2.3125
vt -7.0 -2.3125
vt -7.0 -2.28125
vt -6.5 -2.3125
vt -6.5 -2.28125
vt -7.0 -2.28125
vt -7.0 -2.3125
vt -4.337439060211182 -3.75
vt -4.337439060211182 -4.25
vt -2.9624388217926025 -4.25
vt -2.9624388217926025 -3.75
vt -4.337439060211182 -4.25
vt -4.337439060211182 -3.75
vt -2.9624388217926025 -3.75
vt -2.9624388217926025 -4.25
vt -2.5874390602111816 -2.28125
vt -1.2124388217926025 -2.28125
vt -1.2124388217926025 -2.3125
vt -2.5874390602111816 -2.3125
vt -1.2124388217926025 -2.28125
vt -2.5874390602111816 -2.28125
vt -2.5874390602111816 -2.3125
vt -1.2124388217926025 -2.3125
vt -6.0234375 -2.6875
vt -6.0234375 -2.71875
vt -6.5234375 -2.71875
vt -6.5234375 -2.6875
vt -6.0234375 -2.71875
vt -6.0234375 -2.6875
vt -6.5234375 -2.6875
vt -6.5234375 -2.71875
vt -3.8608765602111816 -3.75
vt -3.8608765602111816 -4.25
vt -2.4858763217926025 -4.25
vt -2.4858763217926025 -3.75
vt -3.8608765602111816 -4.25
vt -3.8608765602111816 -3.75
vt -2.4858763217926025 -3.75
vt -2.4858763217926025 -4.25
vt -2.1108760833740234 -2.6875
vt -0.7358760833740234 -2.6875
vt -0.7358760833740234 -2.71875
vt -2.1108760833740234 -2.71875
vt -0.7358760833740234 -2.6875
vt -2.1108760833740234 -2.6875
vt -2.1108760833740234 -2.71875
vt -0.7358760833740234 -2.71875
vt -6.5 -1.71875
vt -6.5 -1.75
vt -7.0 -1.75
vt -7.0 -1.71875
vt -6.5 -1.75
vt -6.5 -1.71875
vt -7.0 -1.71875
vt -7.0 -1.75
vt -4.337439060211182 -3.28125
vt -4.337439060211182 -3.78125
vt -2.9624388217926025 -3.78125
vt -2.9624388217926025 -3.28125
vt -4.657751560211182 -3.78125
vt -4.657751560211182 -3.28125
vt -3.2827513217926025 -3.28125
vt -3.2827513217926025 -3.78125
vt -2.5874390602111816 -1.71875
vt -1.2124388217926025 -1.71875
vt -1.2124388217926025 -1.75
vt -2.5874390602111816 -1.75
vt -1.2124388217926025 -1.71875
vt -2.5874390602111816 -1.71875
vt -2.5874390602111816 -1.75
vt -1.2124388217926025 -1.75
vt -6.1328125 -2.421875
vt -6.1328125 -2.453125
vt -6.6328125 -2.453125
vt -6.6328125 -2.421875
vt -6.1328125 -2.453125
vt -6.1328125 -2.421875
vt -6.6328125 -2.421875
vt -6.6328125 -2.453125
vt -3.9702515602111816 -3.484375
vt -3.9702515602111816 -3.984375
vt -2.5952513217926025 -3.984375
vt -2.5952513217926025 -3.484375
vt -3.9702515602111816 -3.984375
vt -3.9702515602111816 -3.484375
vt -2.5952513217926025 -3.484375
vt -2.5952513217926025 -3.984375
vt -2.2202510833740234 -2.421875
vt -0.8452510833740234 -2.421875
vt -0.8452510833740234 -2.453125
vt -2.2202510833740234 -2.453125
vt -0.8452510833740234 -2.421875
vt -2.2202510833740234 -2.421875
vt -2.2202510833740234 -2.453125
vt -0.8452510833740234 -2.453125
vt -7.0 -3.3046875
vt -7.0 -3.3359375
vt -7.5 -3.3359375
vt -7.5 -3.3046875
vt -7.0 -3.3359375
vt -7.0 -3.3046875
vt -7.5 -3.3046875
vt -7.5 -3.3359375
vt -4.837439060211182 -3.8671875
vt -4.837439060211182 -4.3671875
vt -3.4624388217926025 -4.3671875
vt -3.4624388217926025 -3.8671875
vt -4.837439060211182 -4.3671875
vt -4.837439060211182 -3.8671875
vt -3.4624388217926025 -3.8671875
vt -3.4624388217926025 -4.3671875
vt -3.0874390602111816 -3.3046875
vt -1.7124388217926025 -3.3046875
vt -1.7124388217926025 -3.3359375
vt -3.0874390602111816 -3.3359375
vt -1.7124388217926025 -3.3046875
vt -3.0874390602111816 -3.3046875
vt -3.0874390602111816 -3.3359375
vt -1.7124388217926025 -3.3359375
vt -0.859375 2.53125
vt -0.859375 -1.34375
vt -0.921875 -1.34375
vt -0.921875 2.53125
vt -0.859375 -1.34375
vt -0.859375 2.53125
vt -0.921875 2.53125
vt -0.921875 -1.34375
vt -0.859375 0.265625
vt -0.921875 0.265625
vt -0.921875 0.203125
vt -0.859375 0.203125
vt -0.921875 0.265625
vt -0.859375 0.265625
vt -0.859375 0.203125
vt -0.921875 0.203125
vt -0.734375 2.53125
vt -0.796875 2.53125
vt -0.796875 -1.34375
vt -0.734375 -1.34375
vt -0.796875 2.53125
vt -0.734375 2.53125
vt -0.734375 -1.34375
vt -0.796875 -1.34375
vt -0.90625 1.5625
vt -0.90625 1.015625
vt -0.875 1.015625
vt -0.875 1.5625
vt -0.90625 1.015625
vt -0.90625 1.5625
vt -0.875 1.5625
vt -0.875 1.015625
vt -0.90625 0.375
vt -0.875 0.375
vt -0.875 0.40625
vt -0.90625 0.40625
vt -0.875 0.375
vt -0.90625 0.375
vt -0.90625 0.40625
vt -0.875 0.40625
vt -0.625 1.5625
vt -0.59375 1.5625
vt -0.59375 1.015625
vt -0.625 1.015625
vt -0.59375 1.5625
vt -0.625 1.5625
vt -0.625 1.015625
vt -0.59375 1.015625
vt -0.90625 1.5625
vt -0.90625 1.015625
vt -0.875 1.015625
vt -0.875 1.5625
vt -0.90625 1.015625
vt -0.90625 1.5625
vt -0.875 1.5625
vt -0.875 1.015625
vt -0.90625 0.59375
vt -0.875 0.59375
vt -0.875 0.625
vt -0.90625 0.625
vt -0.875 0.59375
vt -0.90625 0.59375
vt -0.90625 0.625
vt -0.875 0.625
vt -0.40625 1.5625
vt -0.375 1.5625
vt -0.375 1.015625
vt -0.40625 1.015625
vt -0.375 1.5625
vt -0.40625 1.5625
vt -0.40625 1.015625
vt -0.375 1.015625
vt -0.90625 1.5625
vt -0.90625 1.015625
vt -0.875 1.015625
vt -0.875 1.5625
vt -0.90625 1.015625
vt -0.90625 1.5625
vt -0.875 1.5625
vt -0.875 1.015625
vt -0.90625 0.8125
vt -0.875 0.8125
vt -0.875 0.84375
vt -0.90625 0.84375
vt -0.875 0.8125
vt -0.90625 0.8125
vt -0.90625 0.84375
vt -0.875 0.84375
vt -0.1875 1.5625
vt -0.15625 1.5625
vt -0.15625 1.015625
vt -0.1875 1.015625
vt -0.15625 1.5625
vt -0.1875 1.5625
vt -0.1875 1.015625
vt -0.15625 1.015625
vt -0.90625 1.5625
vt -0.90625 1.015625
vt -0.875 1.015625
vt -0.875 1.5625
vt -0.90625 1.015625
vt -0.90625 1.5625
vt -0.875 1.5625
vt -0.875 1.015625
vt -0.90625 1.03125
vt -0.875 1.03125
vt -0.875 1.0625
vt -0.90625 1.0625
vt -0.875 1.03125
vt -0.90625 1.03125
vt -0.90625 1.0625
vt -0.875 1.0625
vt 0.03125 1.5625
vt 0.0625 1.5625
vt 0.0625 1.015625
vt 0.03125 1.015625
vt 0.0625 1.5625
vt 0.03125 1.5625
vt 0.03125 1.015625
vt 0.0625 1.015625
vt -0.90625 1.5625
vt -0.90625 1.015625
vt -0.875 1.015625
vt -0.875 1.5625
vt -0.90625 1.015625
vt -0.90625 1.5625
vt -0.875 1.5625
vt -0.875 1.015625
vt -0.90625 1.25
vt -0.875 1.25
vt -0.875 1.28125
vt -0.90625 1.28125
vt -0.875 1.25
vt -0.90625 1.25
vt -0.90625 1.28125
vt -0.875 1.28125
vt 0.25 1.5625
vt 0.28125 1.5625
vt 0.28125 1.015625
vt 0.25 1.015625
vt 0.28125 1.5625
vt 0.25 1.5625
vt 0.25 1.015625
vt 0.28125 1.015625
vt -0.90625 1.5625
vt -0.90625 1.015625
vt -0.875 1.015625
vt -0.875 1.5625
vt -0.90625 1.015625
vt -0.90625 1.5625
vt -0.875 1.5625
vt -0.875 1.015625
vt -0.90625 1.46875
vt -0.875 1.46875
vt -0.875 1.5
vt -0.90625 1.5
vt -0.875 1.46875
vt -0.90625 1.46875
vt -0.90625 1.5
vt -0.875 1.5
vt 0.46875 1.5625
vt 0.5 1.5625
vt 0.5 1.015625
vt 0.46875 1.015625
vt 0.5 1.5625
vt 0.46875 1.5625
vt 0.46875 1.015625
vt 0.5 1.015625
vt -0.90625 1.5625
vt -0.90625 1.015625
vt -0.875 1.015625
vt -0.875 1.5625
vt -0.90625 1.015625
vt -0.90625 1.5625
vt -0.875 1.5625
vt -0.875 1.015625
vt -0.90625 0.59375
vt -0.875 0.59375
vt -0.875 0.625
vt -0.90625 0.625
vt -0.875 0.59375
vt -0.90625 0.59375
vt -0.90625 0.625
vt -0.875 0.625
vt -0.40625 1.5625
vt -0.375 1.5625
vt -0.375 1.015625
vt -0.40625 1.015625
vt -0.375 1.5625
vt -0.40625 1.5625
vt -0.40625 1.015625
vt -0.375 1.015625
vt -0.90625 1.5625
vt -0.90625 1.015625
vt -0.875 1.015625
vt -0.875 1.5625
vt -0.90625 1.015625
vt -0.90625 1.5625
vt -0.875 1.5625
vt -0.875 1.015625
vt -0.90625 0.8125
vt -0.875 0.8125
vt -0.875 0.84375
vt -0.90625 0.84375
vt -0.875 0.8125
vt -0.90625 0.8125
vt -0.90625 0.84375
vt -0.875 0.84375
vt -0.1875 1.5625
vt -0.15625 1.5625
vt -0.15625 1.015625
vt -0.1875 1.015625
vt -0.15625 1.5625
vt -0.1875 1.5625
vt -0.1875 1.015625
vt -0.15625 1.015625
vt -0.90625 1.5625
vt -0.90625 1.015625
vt -0.875 1.015625
vt -0.875 1.5625
vt -0.90625 1.015625
vt -0.90625 1.5625
vt -0.875 1.5625
vt -0.875 1.015625
vt -0.90625 1.03125
vt -0.875 1.03125
vt -0.875 1.0625
vt -0.90625 1.0625
vt -0.875 1.03125
vt -0.90625 1.03125
vt -0.90625 1.0625
vt -0.875 1.0625
vt 0.03125 1.5625
vt 0.0625 1.5625
vt 0.0625 1.015625
vt 0.03125 1.015625
vt 0.0625 1.5625
vt 0.03125 1.5625
vt 0.03125 1.015625
vt 0.0625 1.015625
vt -0.90625 1.5625
vt -0.90625 1.015625
vt -0.875 1.015625
vt -0.875 1.5625
vt -0.90625 1.015625
vt -0.90625 1.5625
vt -0.875 1.5625
vt -0.875 1.015625
vt -0.90625 0.375
vt -0.875 0.375
vt -0.875 0.40625
vt -0.90625 0.40625
vt -0.875 0.375
vt -0.90625 0.375
vt -0.90625 0.40625
vt -0.875 0.40625
vt -0.625 1.5625
vt -0.59375 1.5625
vt -0.59375 1.015625
vt -0.625 1.015625
vt -0.59375 1.5625
vt -0.625 1.5625
vt -0.625 1.015625
vt -0.59375 1.015625
vt -0.90625 1.5625
vt -0.90625 1.015625
vt -0.875 1.015625
vt -0.875 1.5625
vt -0.90625 1.015625
vt -0.90625 1.5625
vt -0.875 1.5625
vt -0.875 1.015625
vt -0.90625 0.59375
vt -0.875 0.59375
vt -0.875 0.625
vt -0.90625 0.625
vt -0.875 0.59375
vt -0.90625 0.59375
vt -0.90625 0.625
vt -0.875 0.625
vt -0.40625 1.5625
vt -0.375 1.5625
vt -0.375 1.015625
vt -0.40625 1.015625
vt -0.375 1.5625
vt -0.40625 1.5625
vt -0.40625 1.015625
vt -0.375 1.015625
vt -0.90625 1.5625
vt -0.90625 1.015625
vt -0.875 1.015625
vt -0.875 1.5625
vt -0.90625 1.015625
vt -0.90625 1.5625
vt -0.875 1.5625
vt -0.875 1.015625
vt -0.90625 0.375
vt -0.875 0.375
vt -0.875 0.40625
vt -0.90625 0.40625
vt -0.875 0.375
vt -0.90625 0.375
vt -0.90625 0.40625
vt -0.875 0.40625
vt -0.625 1.5625
vt -0.59375 1.5625
vt -0.59375 1.015625
vt -0.625 1.015625
vt -0.59375 1.5625
vt -0.625 1.5625
vt -0.625 1.015625
vt -0.59375 1.015625
vt -0.90625 1.5625
vt -0.90625 1.015625
vt -0.875 1.015625
vt -0.875 1.5625
vt -0.90625 1.015625
vt -0.90625 1.5625
vt -0.875 1.5625
vt -0.875 1.015625
vt -0.90625 0.59375
vt -0.875 0.59375
vt -0.875 0.625
vt -0.90625 0.625
vt -0.875 0.59375
vt -0.90625 0.59375
vt -0.90625 0.625
vt -0.875 0.625
vt -0.40625 1.5625
vt -0.375 1.5625
vt -0.375 1.015625
vt -0.40625 1.015625
vt -0.375 1.5625
vt -0.40625 1.5625
vt -0.40625 1.015625
vt -0.375 1.015625
vt -0.90625 1.5625
vt -0.90625 1.015625
vt -0.875 1.015625
vt -0.875 1.5625
vt -0.90625 1.015625
vt -0.90625 1.5625
vt -0.875 1.5625
vt -0.875 1.015625
vt -0.90625 0.8125
vt -0.875 0.8125
vt -0.875 0.84375
vt -0.90625 0.84375
vt -0.875 0.8125
vt -0.90625 0.8125
vt -0.90625 0.84375
vt -0.875 0.84375
vt -0.1875 1.5625
vt -0.15625 1.5625
vt -0.15625 1.015625
vt -0.1875 1.015625
vt -0.15625 1.5625
vt -0.1875 1.5625
vt -0.1875 1.015625
vt -0.15625 1.015625
vt -0.90625 1.5625
vt -0.90625 1.015625
vt -0.875 1.015625
vt -0.875 1.5625
vt -0.90625 1.015625
vt -0.90625 1.5625
vt -0.875 1.5625
vt -0.875 1.015625
vt -0.90625 1.03125
vt -0.875 1.03125
vt -0.875 1.0625
vt -0.90625 1.0625
vt -0.875 1.03125
vt -0.90625 1.03125
vt -0.90625 1.0625
vt -0.875 1.0625
vt 0.03125 1.5625
vt 0.0625 1.5625
vt 0.0625 1.015625
vt 0.03125 1.015625
vt 0.0625 1.5625
vt 0.03125 1.5625
vt 0.03125 1.015625
vt 0.0625 1.015625
vt -0.90625 1.5625
vt -0.90625 1.015625
vt -0.875 1.015625
vt -0.875 1.5625
vt -0.90625 1.015625
vt -0.90625 1.5625
vt -0.875 1.5625
vt -0.875 1.015625
vt -0.90625 1.25
vt -0.875 1.25
vt -0.875 1.28125
vt -0.90625 1.28125
vt -0.875 1.25
vt -0.90625 1.25
vt -0.90625 1.28125
vt -0.875 1.28125
vt 0.25 1.5625
vt 0.28125 1.5625
vt 0.28125 1.015625
vt 0.25 1.015625
vt 0.28125 1.5625
vt 0.25 1.5625
vt 0.25 1.015625
vt 0.28125 1.015625
vt -0.90625 1.5625
vt -0.90625 1.015625
vt -0.875 1.015625
vt -0.875 1.5625
vt -0.90625 1.015625
vt -0.90625 1.5625
vt -0.875 1.5625
vt -0.875 1.015625
vt -0.90625 1.46875
vt -0.875 1.46875
vt -0.875 1.5
vt -0.90625 1.5
vt -0.875 1.46875
vt -0.90625 1.46875
vt -0.90625 1.5
vt -0.875 1.5
vt 0.46875 1.5625
vt 0.5 1.5625
vt 0.5 1.015625
vt 0.46875 1.015625
vt 0.5 1.5625
vt 0.46875 1.5625
vt 0.46875 1.015625
vt 0.5 1.015625
vt -0.90625 1.5625
vt -0.90625 1.015625
vt -0.875 1.015625
vt -0.875 1.5625
vt -0.90625 1.015625
vt -0.90625 1.5625
vt -0.875 1.5625
vt -0.875 1.015625
vt -0.90625 1.03125
vt -0.875 1.03125
vt -0.875 1.0625
vt -0.90625 1.0625
vt -0.875 1.03125
vt -0.90625 1.03125
vt -0.90625 1.0625
vt -0.875 1.0625
vt 0.03125 1.5625
vt 0.0625 1.5625
vt 0.0625 1.015625
vt 0.03125 1.015625
vt 0.0625 1.5625
vt 0.03125 1.5625
vt 0.03125 1.015625
vt 0.0625 1.015625
vt -0.90625 1.5625
vt -0.90625 1.015625
vt -0.875 1.015625
vt -0.875 1.5625
vt -0.90625 1.015625
vt -0.90625 1.5625
vt -0.875 1.5625
vt -0.875 1.015625
vt -0.90625 0.375
vt -0.875 0.375
vt -0.875 0.40625
vt -0.90625 0.40625
vt -0.875 0.375
vt -0.90625 0.375
vt -0.90625 0.40625
vt -0.875 0.40625
vt -0.6249998807907104 1.5625
vt -0.5937498807907104 1.5625
vt -0.5937498807907104 1.015625
vt -0.6249998807907104 1.015625
vt -0.5937498807907104 1.5625
vt -0.6249998807907104 1.5625
vt -0.6249998807907104 1.015625
vt -0.5937498807907104 1.015625
vt -0.90625 1.5625
vt -0.90625 1.015625
vt -0.875 1.015625
vt -0.875 1.5625
vt -0.90625 1.015625
vt -0.90625 1.5625
vt -0.875 1.5625
vt -0.875 1.015625
vt -0.90625 0.59375
vt -0.875 0.59375
vt -0.875 0.625
vt -0.90625 0.625
vt -0.875 0.59375
vt -0.90625 0.59375
vt -0.90625 0.625
vt -0.875 0.625
vt -0.40624988079071045 1.5625
vt -0.37499988079071045 1.5625
vt -0.37499988079071045 1.015625
vt -0.40624988079071045 1.015625
vt -0.37499988079071045 1.5625
vt -0.40624988079071045 1.5625
vt -0.40624988079071045 1.015625
vt -0.37499988079071045 1.015625
vt -0.90625 1.5625
vt -0.90625 1.015625
vt -0.875 1.015625
vt -0.875 1.5625
vt -0.90625 1.015625
vt -0.90625 1.5625
vt -0.875 1.5625
vt -0.875 1.015625
vt -0.90625 0.8125
vt -0.875 0.8125
vt -0.875 0.84375
vt -0.90625 0.84375
vt -0.875 0.8125
vt -0.90625 0.8125
vt -0.90625 0.84375
vt -0.875 0.84375
vt -0.18749988079071045 1.5625
vt -0.15624988079071045 1.5625
vt -0.15624988079071045 1.015625
vt -0.18749988079071045 1.015625
vt -0.15624988079071045 1.5625
vt -0.18749988079071045 1.5625
vt -0.18749988079071045 1.015625
vt -0.15624988079071045 1.015625
vt -0.90625 1.5625
vt -0.90625 1.015625
vt -0.875 1.015625
vt -0.875 1.5625
vt -0.90625 1.015625
vt -0.90625 1.5625
vt -0.875 1.5625
vt -0.875 1.015625
vt -0.90625 1.0312501192092896
vt -0.875 1.0312501192092896
vt -0.875 1.0625001192092896
vt -0.90625 1.0625001192092896
vt -0.875 1.0312501192092896
vt -0.90625 1.0312501192092896
vt -0.90625 1.0625001192092896
vt -0.875 1.0625001192092896
vt 0.03125011920928955 1.5625
vt 0.06250011920928955 1.5625
vt 0.06250011920928955 1.015625
vt 0.03125011920928955 1.015625
vt 0.06250011920928955 1.5625
vt 0.03125011920928955 1.5625
vt 0.03125011920928955 1.015625
vt 0.06250011920928955 1.015625
vt -0.90625 1.5625
vt -0.90625 1.015625
vt -0.875 1.015625
vt -0.875 1.5625
vt -0.90625 1.015625
vt -0.90625 1.5625
vt -0.875 1.5625
vt -0.875 1.015625
vt -0.90625 1.2500001192092896
vt -0.875 1.2500001192092896
vt -0.875 1.2812501192092896
vt -0.90625 1.2812501192092896
vt -0.875 1.2500001192092896
vt -0.90625 1.2500001192092896
vt -0.90625 1.2812501192092896
vt -0.875 1.2812501192092896
vt 0.25000011920928955 1.5625
vt 0.28125011920928955 1.5625
vt 0.28125011920928955 1.015625
vt 0.25000011920928955 1.015625
vt 0.28125011920928955 1.5625
vt 0.25000011920928955 1.5625
vt 0.25000011920928955 1.015625
vt 0.28125011920928955 1.015625
vt -0.90625 1.5625
vt -0.90625 1.015625
vt -0.875 1.015625
vt -0.875 1.5625
vt -0.90625 1.015625
vt -0.90625 1.5625
vt -0.875 1.5625
vt -0.875 1.015625
vt -0.90625 1.4687501192092896
vt -0.875 1.4687501192092896
vt -0.875 1.5000001192092896
vt -0.90625 1.5000001192092896
vt -0.875 1.4687501192092896
vt -0.90625 1.4687501192092896
vt -0.90625 1.5000001192092896
vt -0.875 1.5000001192092896
vt 0.46875011920928955 1.5625
vt 0.5000001192092896 1.5625
vt 0.5000001192092896 1.015625
vt 0.46875011920928955 1.015625
vt 0.5000001192092896 1.5625
vt 0.46875011920928955 1.5625
vt 0.46875011920928955 1.015625
vt 0.5000001192092896 1.015625
vt -0.90625 1.5625
vt -0.90625 1.015625
vt -0.875 1.015625
vt -0.875 1.5625
vt -0.90625 1.015625
vt -0.90625 1.5625
vt -0.875 1.5625
vt -0.875 1.015625
vt -0.90625 0.5937502384185791
vt -0.875 0.5937502384185791
vt -0.875 0.6250002384185791
vt -0.90625 0.6250002384185791
vt -0.875 0.5937502384185791
vt -0.90625 0.5937502384185791
vt -0.90625 0.6250002384185791
vt -0.875 0.6250002384185791
vt -0.40625 1.5625
vt -0.375 1.5625
vt -0.375 1.015625
vt -0.40625 1.015625
vt -0.375 1.5625
vt -0.40625 1.5625
vt -0.40625 1.015625
vt -0.375 1.015625
vt -0.90625 1.5625
vt -0.90625 1.015625
vt -0.875 1.015625
vt -0.875 1.5625
vt -0.90625 1.015625
vt -0.90625 1.5625
vt -0.875 1.5625
vt -0.875 1.015625
vt -0.90625 0.8125002384185791
vt -0.875 0.8125002384185791
vt -0.875 0.8437502384185791
vt -0.90625 0.8437502384185791
vt -0.875 0.8125002384185791
vt -0.90625 0.8125002384185791
vt -0.90625 0.8437502384185791
vt -0.875 0.8437502384185791
vt -0.1874997615814209 1.5625
vt -0.1562497615814209 1.5625
vt -0.1562497615814209 1.015625
vt -0.1874997615814209 1.015625
vt -0.1562497615814209 1.5625
vt -0.1874997615814209 1.5625
vt -0.1874997615814209 1.015625
vt -0.1562497615814209 1.015625
vt -0.90625 1.5625
vt -0.90625 1.015625
vt -0.875 1.015625
vt -0.875 1.5625
vt -0.90625 1.015625
vt -0.90625 1.5625
vt -0.875 1.5625
vt -0.875 1.015625
vt -0.90625 1.0312501192092896
vt -0.875 1.0312501192092896
vt -0.875 1.0625001192092896
vt -0.90625 1.0625001192092896
vt -0.875 1.0312501192092896
vt -0.90625 1.0312501192092896
vt -0.90625 1.0625001192092896
vt -0.875 1.0625001192092896
vt 0.03125011920928955 1.5625
vt 0.06250011920928955 1.5625
vt 0.06250011920928955 1.015625
vt 0.03125011920928955 1.015625
vt 0.06250011920928955 1.5625
vt 0.03125011920928955 1.5625
vt 0.03125011920928955 1.015625
vt 0.06250011920928955 1.015625
vt -0.9062497615814209 1.5625
vt -0.9062497615814209 1.015625
vt -0.8749997615814209 1.015625
vt -0.8749997615814209 1.5625
vt -0.9062497615814209 1.015625
vt -0.9062497615814209 1.5625
vt -0.8749997615814209 1.5625
vt -0.8749997615814209 1.015625
vt -0.9062497615814209 0.3750002384185791
vt -0.8749997615814209 0.3750002384185791
vt -0.8749997615814209 0.4062502384185791
vt -0.9062497615814209 0.4062502384185791
vt -0.8749997615814209 0.3750002384185791
vt -0.9062497615814209 0.3750002384185791
vt -0.9062497615814209 0.4062502384185791
vt -0.8749997615814209 0.4062502384185791
vt -0.625 1.5625
vt -0.59375 1.5625
vt -0.59375 1.015625
vt -0.625 1.015625
vt -0.59375 1.5625
vt -0.625 1.5625
vt -0.625 1.015625
vt -0.59375 1.015625
vt -0.90625 1.5625
vt -0.90625 1.015625
vt -0.875 1.015625
vt -0.875 1.5625
vt -0.90625 1.015625
vt -0.90625 1.5625
vt -0.875 1.5625
vt -0.875 1.015625
vt -0.90625 0.5937502384185791
vt -0.875 0.5937502384185791
vt -0.875 0.6250002384185791
vt -0.90625 0.6250002384185791
vt -0.875 0.5937502384185791
vt -0.90625 0.5937502384185791
vt -0.90625 0.6250002384185791
vt -0.875 0.6250002384185791
vt -0.40625 1.5625
vt -0.375 1.5625
vt -0.375 1.015625
vt -0.40625 1.015625
vt -0.375 1.5625
vt -0.40625 1.5625
vt -0.40625 1.015625
vt -0.375 1.015625
vt -0.90625 1.5625
vt -0.90625 1.015625
vt -0.875 1.015625
vt -0.875 1.5625
vt -0.90625 1.015625
vt -0.90625 1.5625
vt -0.875 1.5625
vt -0.875 1.015625
vt -0.90625 0.375
vt -0.875 0.375
vt -0.875 0.40625
vt -0.90625 0.40625
vt -0.875 0.375
vt -0.90625 0.375
vt -0.90625 0.40625
vt -0.875 0.40625
vt -0.6249998807907104 1.5625
vt -0.5937498807907104 1.5625
vt -0.5937498807907104 1.015625
vt -0.6249998807907104 1.015625
vt -0.5937498807907104 1.5625
vt -0.6249998807907104 1.5625
vt -0.6249998807907104 1.015625
vt -0.5937498807907104 1.015625
vt -0.90625 1.5625
vt -0.90625 1.015625
vt -0.875 1.015625
vt -0.875 1.5625
vt -0.90625 1.015625
vt -0.90625 1.5625
vt -0.875 1.5625
vt -0.875 1.015625
vt -0.90625 0.59375
vt -0.875 0.59375
vt -0.875 0.625
vt -0.90625 0.625
vt -0.875 0.59375
vt -0.90625 0.59375
vt -0.90625 0.625
vt -0.875 0.625
vt -0.40624988079071045 1.5625
vt -0.37499988079071045 1.5625
vt -0.37499988079071045 1.015625
vt -0.40624988079071045 1.015625
vt -0.37499988079071045 1.5625
vt -0.40624988079071045 1.5625
vt -0.40624988079071045 1.015625
vt -0.37499988079071045 1.015625
vt -0.90625 1.5625
vt -0.90625 1.015625
vt -0.875 1.015625
vt -0.875 1.5625
vt -0.90625 1.015625
vt -0.90625 1.5625
vt -0.875 1.5625
vt -0.875 1.015625
vt -0.90625 0.5937501192092896
vt -0.875 0.5937501192092896
vt -0.875 0.6250001192092896
vt -0.90625 0.6250001192092896
vt -0.875 0.5937501192092896
vt -0.90625 0.5937501192092896
vt -0.90625 0.6250001192092896
vt -0.875 0.6250001192092896
vt -0.40625011920928955 1.5625
vt -0.37500011920928955 1.5625
vt -0.37500011920928955 1.015625
vt -0.40625011920928955 1.015625
vt -0.37500011920928955 1.5625
vt -0.40625011920928955 1.5625
vt -0.40625011920928955 1.015625
vt -0.37500011920928955 1.015625
vt -0.90625 1.5625
vt -0.90625 1.015625
vt -0.875 1.015625
vt -0.875 1.5625
vt -0.90625 1.015625
vt -0.90625 1.5625
vt -0.875 1.5625
vt -0.875 1.015625
vt -0.90625 0.8125001341104507
vt -0.875 0.8125001341104507
vt -0.875 0.8437501341104507
vt -0.90625 0.8437501341104507
vt -0.875 0.8125001341104507
vt -0.90625 0.8125001341104507
vt -0.90625 0.8437501341104507
vt -0.875 0.8437501341104507
vt -0.18749986588954926 1.5625
vt -0.15624986588954926 1.5625
vt -0.15624986588954926 1.015625
vt -0.18749986588954926 1.015625
vt -0.15624986588954926 1.5625
vt -0.18749986588954926 1.5625
vt -0.18749986588954926 1.015625
vt -0.15624986588954926 1.015625
vt -0.90625 1.5625
vt -0.90625 1.015625
vt -0.875 1.015625
vt -0.875 1.5625
vt -0.90625 1.015625
vt -0.90625 1.5625
vt -0.875 1.5625
vt -0.875 1.015625
vt -0.90625 1.0312501341104507
vt -0.875 1.0312501341104507
vt -0.875 1.0625001341104507
vt -0.90625 1.0625001341104507
vt -0.875 1.0312501341104507
vt -0.90625 1.0312501341104507
vt -0.90625 1.0625001341104507
vt -0.875 1.0625001341104507
vt 0.031250134110450745 1.5625
vt 0.06250013411045074 1.5625
vt 0.06250013411045074 1.015625
vt 0.031250134110450745 1.015625
vt 0.06250013411045074 1.5625
vt 0.031250134110450745 1.5625
vt 0.031250134110450745 1.015625
vt 0.06250013411045074 1.015625
vt -0.90625 1.5625
vt -0.90625 1.015625
vt -0.875 1.015625
vt -0.875 1.5625
vt -0.90625 1.015625
vt -0.90625 1.5625
vt -0.875 1.5625
vt -0.875 1.015625
vt -0.90625 0.37500011920928955
vt -0.875 0.37500011920928955
vt -0.875 0.40625011920928955
vt -0.90625 0.40625011920928955
vt -0.875 0.37500011920928955
vt -0.90625 0.37500011920928955
vt -0.90625 0.40625011920928955
vt -0.875 0.40625011920928955
vt -0.6250001192092896 1.5625
vt -0.5937501192092896 1.5625
vt -0.5937501192092896 1.015625
vt -0.6250001192092896 1.015625
vt -0.5937501192092896 1.5625
vt -0.6250001192092896 1.5625
vt -0.6250001192092896 1.015625
vt -0.5937501192092896 1.015625
vt -0.90625 1.5625
vt -0.90625 1.015625
vt -0.875 1.015625
vt -0.875 1.5625
vt -0.90625 1.015625
vt -0.90625 1.5625
vt -0.875 1.5625
vt -0.875 1.015625
vt -0.90625 0.5937501192092896
vt -0.875 0.5937501192092896
vt -0.875 0.6250001192092896
vt -0.90625 0.6250001192092896
vt -0.875 0.5937501192092896
vt -0.90625 0.5937501192092896
vt -0.90625 0.6250001192092896
vt -0.875 0.6250001192092896
vt -0.40625011920928955 1.5625
vt -0.37500011920928955 1.5625
vt -0.37500011920928955 1.015625
vt -0.40625011920928955 1.015625
vt -0.37500011920928955 1.5625
vt -0.40625011920928955 1.5625
vt -0.40625011920928955 1.015625
vt -0.37500011920928955 1.015625
vt -0.859375 2.53125
vt -0.859375 -1.34375
vt -0.921875 -1.34375
vt -0.921875 2.53125
vt -0.859375 -1.34375
vt -0.859375 2.53125
vt -0.921875 2.53125
vt -0.921875 -1.34375
vt -0.859375 0.265625
vt -0.921875 0.265625
vt -0.921875 0.203125
vt -0.859375 0.203125
vt -0.921875 0.265625
vt -0.859375 0.265625
vt -0.859375 0.203125
vt -0.921875 0.203125
vt -0.734375 2.53125
vt -0.796875 2.53125
vt -0.796875 -1.34375
vt -0.734375 -1.34375
vt -0.796875 2.53125
vt -0.734375 2.53125
vt -0.734375 -1.34375
vt -0.796875 -1.34375
vt -0.8671872615814209 1.59375
vt -0.8671872615814209 1.5625
vt -0.9296872615814209 1.5625
vt -0.9296872615814209 1.59375
vt -0.8671875 1.5625
vt -0.8671875 1.59375
vt -0.9296875 1.59375
vt -0.9296875 1.5625
vt -0.8671875 -0.8984376192092896
vt -0.9296875 -0.8984376192092896
vt -0.9296872615814209 -4.5078125
vt -0.8671872615814209 -4.5078125
vt -0.9296875 -0.8984376192092896
vt -0.8671875 -0.8984376192092896
vt -0.8671872615814209 -4.5078125
vt -0.9296872615814209 -4.5078125
vt -1.8984376192092896 1.59375
vt -5.5078125 1.59375
vt -5.5078125 1.5625
vt -1.8984376192092896 1.5625
vt -5.5078125 1.59375
vt -1.8984376192092896 1.59375
vt -1.8984376192092896 1.5625
vt -5.5078125 1.5625
vt -0.8906247615814209 1.28125
vt -0.8906247615814209 1.0625000074505806
vt -0.9062497615814209 1.0625000074505806
vt -0.9062497615814209 1.28125
vt -0.890625 1.0625000074505806
vt -0.890625 1.28125
vt -0.90625 1.28125
vt -0.90625 1.0625000074505806
vt -0.890625 -0.8984376192092896
vt -0.90625 -0.8984376192092896
vt -0.9062497615814209 -4.5078125
vt -0.8906247615814209 -4.5078125
vt -0.90625 -0.8984376192092896
vt -0.890625 -0.8984376192092896
vt -0.8906247615814209 -4.5078125
vt -0.9062497615814209 -4.5078125
vt -1.8984376192092896 1.28125
vt -5.5078125 1.28125
vt -5.5078125 1.0625000074505806
vt -1.8984376192092896 1.0625000074505806
vt -5.5078125 1.28125
vt -1.8984376192092896 1.28125
vt -1.8984376192092896 1.0625000074505806
vt -5.5078125 1.0625000074505806
vt -0.8593747615814209 1.0312499981373549
vt -0.8593747615814209 0.96875
vt -0.9218747615814209 0.96875
vt -0.9218747615814209 1.0312499981373549
vt -0.859375 0.96875
vt -0.859375 1.0312499981373549
vt -0.921875 1.0312499981373549
vt -0.921875 0.96875
vt -0.859375 -0.890625
vt -0.921875 -0.890625
vt -0.9218747615814209 -4.5
vt -0.8593747615814209 -4.5
vt -0.921875 -0.890625
vt -0.859375 -0.890625
vt -0.8593747615814209 -4.5
vt -0.9218747615814209 -4.5
vt -1.890625 1.0312499981373549
vt -5.5 1.0312499981373549
vt -5.5 0.96875
vt -1.890625 0.96875
vt -5.5 1.0312499981373549
vt -1.890625 1.0312499981373549
vt -1.890625 0.96875
vt -5.5 0.96875
vt -11.984375 -1.5806775093078613
vt -11.984375 -1.9947912693023682
vt -11.390625 -1.9947912693023682
vt -11.390625 -1.5806775093078613
vt -3.4846231937408447 -1.7832694053649902
vt -3.4846231937408447 -1.3368034362792969
vt -3.013392925262451 -1.3368034362792969
vt -3.013392925262451 -1.7832694053649902
vt -14.390625 16.986330032348633
vt -13.796875 16.986330032348633
vt -13.796875 17.198286056518555
vt -14.390625 17.198286056518555
vt -1.0136717557907104 0.5624999403953552
vt -1.3105467557907104 0.5624999403953552
vt -1.3105467557907104 0.6684781908988953
vt -1.0136717557907104 0.6684781908988953
vt -1.4550782442092896 -1.2254834175109863
vt -1.2784478664398193 -1.2254829406738281
vt -1.2784478664398193 -1.7969598770141602
vt -1.4550782442092896 -1.7969598770141602
vt 4.669707298278809 -1.2450141906738281
vt 4.501487731933594 -1.2450146675109863
vt 4.501487731933594 -1.8164911270141602
vt 4.669707298278809 -1.8164911270141602
vt -2.998046875 -1.6451196670532227
vt -2.998046875 -2.0022928714752197
vt -2.5032551288604736 -2.0022928714752197
vt -2.5032551288604736 -1.6451196670532227
vt 3.51171875 -1.9999995231628418
vt 3.51171875 -1.4285225868225098
vt 4.10546875 -1.4285225868225098
vt 4.10546875 -1.9999995231628418
vt -14.390625 17.198284149169922
vt -13.796875 17.198284149169922
vt -13.796875 17.392578125
vt -14.390625 17.392578125
vt -1.0136717557907104 0.6684780716896057
vt -1.3105467557907104 0.6684780716896057
vt -1.3105467557907104 0.765625
vt -1.0136717557907104 0.765625
vt -1.2784481048583984 -1.2254829406738281
vt -1.1165363788604736 -1.29691743850708
vt -1.1165363788604736 -1.7969598770141602
vt -1.2784481048583984 -1.7969598770141602
vt 4.823908805847168 -1.31644868850708
vt 4.669707298278809 -1.2450141906738281
vt 4.669707298278809 -1.8164911270141602
vt 4.823908805847168 -1.8164911270141602
vt -1.4973958730697632 -1.3800222873687744
vt -1.4973958730697632 -2.0050225257873535
vt -1.0026041269302368 -2.0050225257873535
vt -1.0026041269302368 -1.3800222873687744
vt -3.49609375 -0.9934276342391968
vt -3.49609375 -0.298983097076416
vt -3.0013020038604736 -0.298983097076416
vt -3.0013020038604736 -0.9934276342391968
vt -9.007811546325684 4.144532203674316
vt -8.414061546325684 4.144532203674316
vt -8.414061546325684 4.550782203674316
vt -9.007811546325684 4.550782203674316
vt -7.917967796325684 4.265625953674316
vt -8.511717796325684 4.265625953674316
vt -8.511717796325684 4.671875953674316
vt -7.917967796325684 4.671875953674316
vt 2.5488288402557373 -1.2435898780822754
vt 2.8873705863952637 -1.2435898780822754
vt 2.8873705863952637 -1.8044872283935547
vt 2.5488288402557373 -1.8044872283935547
vt 2.8873705863952637 -1.2435898780822754
vt 2.5488288402557373 -1.2435898780822754
vt 2.5488288402557373 -1.8044872283935547
vt 2.8873705863952637 -1.8044872283935547
vt -11.984375 -1.5806775093078613
vt -11.984375 -1.9947912693023682
vt -11.390625 -1.9947912693023682
vt -11.390625 -1.5806775093078613
vt -3.4846231937408447 -1.7832694053649902
vt -3.4846231937408447 -1.3368034362792969
vt -3.013392925262451 -1.3368034362792969
vt -3.013392925262451 -1.7832694053649902
vt -14.390625 16.986330032348633
vt -13.796875 16.986330032348633
vt -13.796875 17.198286056518555
vt -14.390625 17.198286056518555
vt -1.013671875 0.5624999403953552
vt -1.310546875 0.5624999403953552
vt -1.310546875 0.6684781908988953
vt -1.013671875 0.6684781908988953
vt -1.4550782442092896 -1.2254834175109863
vt -1.2784478664398193 -1.2254829406738281
vt -1.2784478664398193 -1.7969598770141602
vt -1.4550782442092896 -1.7969598770141602
vt 4.669707298278809 -1.2450141906738281
vt 4.501487731933594 -1.2450146675109863
vt 4.501487731933594 -1.8164911270141602
vt 4.669707298278809 -1.8164911270141602
vt -2.998046636581421 -1.6451196670532227
vt -2.998046636581421 -2.0022928714752197
vt -2.5032551288604736 -2.0022928714752197
vt -2.5032551288604736 -1.6451196670532227
vt 3.51171875 -1.9999995231628418
vt 3.51171875 -1.4285225868225098
vt 4.10546875 -1.4285225868225098
vt 4.10546875 -1.9999995231628418
vt -14.390625 17.198284149169922
vt -13.796875 17.198284149169922
vt -13.796875 17.392578125
vt -14.390625 17.392578125
vt -1.013671875 0.6684780716896057
vt -1.310546875 0.6684780716896057
vt -1.310546875 0.765625
vt -1.013671875 0.7656251192092896
vt -1.2784481048583984 -1.2254829406738281
vt -1.1165363788604736 -1.29691743850708
vt -1.1165363788604736 -1.7969598770141602
vt -1.2784481048583984 -1.7969598770141602
vt 4.823908805847168 -1.31644868850708
vt 4.669707298278809 -1.2450141906738281
vt 4.669707298278809 -1.8164911270141602
vt 4.823908805847168 -1.8164911270141602
vt -1.497395634651184 -1.3800222873687744
vt -1.497395634651184 -2.0050225257873535
vt -1.0026041269302368 -2.0050225257873535
vt -1.0026041269302368 -1.3800222873687744
vt -3.496093511581421 -0.9934276342391968
vt -3.496093511581421 -0.298983097076416
vt -3.0013020038604736 -0.298983097076416
vt -3.0013020038604736 -0.9934276342391968
vt -9.007811546325684 4.144532203674316
vt -8.414061546325684 4.144532203674316
vt -8.414061546325684 4.550782203674316
vt -9.007811546325684 4.550782203674316
vt -7.917967796325684 4.265625953674316
vt -8.511717796325684 4.265625953674316
vt -8.511717796325684 4.671875953674316
vt -7.917967796325684 4.671875953674316
vt 2.5488288402557373 -1.2435898780822754
vt 2.8873705863952637 -1.2435898780822754
vt 2.8873705863952637 -1.8044872283935547
vt 2.5488288402557373 -1.8044872283935547
vt 2.8873705863952637 -1.2435898780822754
vt 2.5488288402557373 -1.2435898780822754
vt 2.5488288402557373 -1.8044872283935547
vt 2.8873705863952637 -1.8044872283935547
vt -11.984375 -1.5806775093078613
vt -11.984375 -1.9947912693023682
vt -11.390625 -1.9947912693023682
vt -11.390625 -1.5806775093078613
vt -3.4846229553222656 -1.7832694053649902
vt -3.4846229553222656 -1.3368034362792969
vt -3.013392925262451 -1.3368034362792969
vt -3.013392925262451 -1.7832694053649902
vt -14.390625 16.986330032348633
vt -13.796875 16.986330032348633
vt -13.796875 17.198286056518555
vt -14.390625 17.198286056518555
vt -1.013671875 0.5624999403953552
vt -1.310546875 0.5624999403953552
vt -1.310546875 0.6684781908988953
vt -1.013671875 0.6684781908988953
vt -1.4550782442092896 -1.2254834175109863
vt -1.2784478664398193 -1.2254829406738281
vt -1.2784478664398193 -1.7969598770141602
vt -1.4550782442092896 -1.7969598770141602
vt 4.669707298278809 -1.2450141906738281
vt 4.501487731933594 -1.2450146675109863
vt 4.501487731933594 -1.8164911270141602
vt 4.669707298278809 -1.8164911270141602
vt -2.998046875 -1.6451196670532227
vt -2.998046875 -2.0022928714752197
vt -2.5032553672790527 -2.0022928714752197
vt -2.5032553672790527 -1.6451196670532227
vt 3.51171875 -1.9999995231628418
vt 3.51171875 -1.4285225868225098
vt 4.10546875 -1.4285225868225098
vt 4.10546875 -1.9999995231628418
vt -14.390625 17.198284149169922
vt -13.796875 17.198284149169922
vt -13.796875 17.392578125
vt -14.390625 17.392578125
vt -1.013671875 0.6684780716896057
vt -1.310546875 0.6684780716896057
vt -1.310546875 0.7656251192092896
vt -1.013671875 0.7656251192092896
vt -1.2784481048583984 -1.2254829406738281
vt -1.1165363788604736 -1.29691743850708
vt -1.1165363788604736 -1.7969598770141602
vt -1.2784481048583984 -1.7969598770141602
vt 4.823908805847168 -1.31644868850708
vt 4.669707298278809 -1.2450141906738281
vt 4.669707298278809 -1.8164911270141602
vt 4.823908805847168 -1.8164911270141602
vt -1.4973957538604736 -1.3800222873687744
vt -1.4973957538604736 -2.0050225257873535
vt -1.0026042461395264 -2.0050225257873535
vt -1.0026042461395264 -1.3800222873687744
vt -3.49609375 -0.9934276342391968
vt -3.49609375 -0.298983097076416
vt -3.0013022422790527 -0.298983097076416
vt -3.0013022422790527 -0.9934276342391968
vt -9.007811546325684 4.144532203674316
vt -8.414061546325684 4.144532203674316
vt -8.414061546325684 4.550782203674316
vt -9.007811546325684 4.550782203674316
vt -7.917967796325684 4.265625953674316
vt -8.511717796325684 4.265625953674316
vt -8.511717796325684 4.671875953674316
vt -7.917967796325684 4.671875953674316
vt 2.5488288402557373 -1.2435898780822754
vt 2.8873705863952637 -1.2435898780822754
vt 2.8873705863952637 -1.8044872283935547
vt 2.5488288402557373 -1.8044872283935547
vt 2.8873705863952637 -1.2435898780822754
vt 2.5488288402557373 -1.2435898780822754
vt 2.5488288402557373 -1.8044872283935547
vt 2.8873705863952637 -1.8044872283935547
vt -11.984375 -1.5806775093078613
vt -11.984375 -1.9947912693023682
vt -11.390625 -1.9947912693023682
vt -11.390625 -1.5806775093078613
vt -3.4846229553222656 -1.7832694053649902
vt -3.4846229553222656 -1.3368034362792969
vt -3.013392925262451 -1.3368034362792969
vt -3.013392925262451 -1.7832694053649902
vt -14.390625 16.986330032348633
vt -13.796875 16.986330032348633
vt -13.796875 17.198286056518555
vt -14.390625 17.198286056518555
vt -1.0136719942092896 0.5624999701976776
vt -1.3105469942092896 0.5625000298023224
vt -1.3105469942092896 0.6684781610965729
vt -1.0136719942092896 0.6684782207012177
vt -1.455077886581421 -1.2254834175109863
vt -1.2784473896026611 -1.2254829406738281
vt -1.2784473896026611 -1.7969598770141602
vt -1.455077886581421 -1.7969598770141602
vt 4.669707298278809 -1.2450141906738281
vt 4.501488208770752 -1.2450146675109863
vt 4.501488208770752 -1.8164911270141602
vt 4.669707298278809 -1.8164911270141602
vt -2.998047113418579 -1.6451196670532227
vt -2.998047113418579 -2.0022928714752197
vt -2.5032553672790527 -2.0022928714752197
vt -2.5032553672790527 -1.6451196670532227
vt 3.511719226837158 -1.9999995231628418
vt 3.511719226837158 -1.4285225868225098
vt 4.105469226837158 -1.4285225868225098
vt 4.105469226837158 -1.9999995231628418
vt -14.390625 17.198284149169922
vt -13.796875 17.198284149169922
vt -13.796875 17.392578125
vt -14.390625 17.392578125
vt -1.0136719942092896 0.6684782207012177
vt -1.3105469942092896 0.6684781610965729
vt -1.3105469942092896 0.7656250298023224
vt -1.0136719942092896 0.7656249701976776
vt -1.2784476280212402 -1.2254829406738281
vt -1.1165363788604736 -1.29691743850708
vt -1.1165363788604736 -1.7969598770141602
vt -1.2784476280212402 -1.7969598770141602
vt 4.823908805847168 -1.31644868850708
vt 4.669707298278809 -1.2450141906738281
vt 4.669707298278809 -1.8164911270141602
vt 4.823908805847168 -1.8164911270141602
vt -1.4973957538604736 -1.3800222873687744
vt -1.4973957538604736 -2.0050225257873535
vt -1.0026040077209473 -2.0050225257873535
vt -1.0026040077209473 -1.3800222873687744
vt -3.49609375 -0.9934276342391968
vt -3.49609375 -0.298983097076416
vt -3.0013022422790527 -0.298983097076416
vt -3.0013022422790527 -0.9934276342391968
vt -9.007811546325684 4.144531488418579
vt -8.414061546325684 4.14453125
vt -8.414061546325684 4.550781726837158
vt -9.007811546325684 4.550781488418579
vt -7.917967796325684 4.265625
vt -8.511717796325684 4.265625238418579
vt -8.511717796325684 4.671875238418579
vt -7.917967796325684 4.671875476837158
vt 2.548828125 -1.2435898780822754
vt 2.8873698711395264 -1.2435898780822754
vt 2.8873698711395264 -1.8044872283935547
vt 2.548828125 -1.8044872283935547
vt 2.8873698711395264 -1.2435898780822754
vt 2.548828125 -1.2435898780822754
vt 2.548828125 -1.8044872283935547
vt 2.8873698711395264 -1.8044872283935547
vt -11.984375 -1.5806775093078613
vt -11.984375 -1.9947912693023682
vt -11.390625 -1.9947912693023682
vt -11.390625 -1.5806775093078613
vt -3.4846231937408447 -1.7832694053649902
vt -3.4846231937408447 -1.3368034362792969
vt -3.013392925262451 -1.3368034362792969
vt -3.013392925262451 -1.7832694053649902
vt -14.390625 16.986330032348633
vt -13.796875 16.986330032348633
vt -13.796875 17.198286056518555
vt -14.390625 17.198286056518555
vt -1.0136719942092896 0.5625000298023224
vt -1.3105469942092896 0.5624999701976776
vt -1.3105469942092896 0.6684782207012177
vt -1.0136719942092896 0.6684782803058624
vt -1.455077886581421 -1.2254834175109863
vt -1.2784473896026611 -1.2254829406738281
vt -1.2784473896026611 -1.7969598770141602
vt -1.455077886581421 -1.7969598770141602
vt 4.669707298278809 -1.2450141906738281
vt 4.501487731933594 -1.2450146675109863
vt 4.501487731933594 -1.8164911270141602
vt 4.669707298278809 -1.8164911270141602
vt -2.998046636581421 -1.6451196670532227
vt -2.998046636581421 -2.0022928714752197
vt -2.5032551288604736 -2.0022928714752197
vt -2.5032551288604736 -1.6451196670532227
vt 3.511719226837158 -1.9999995231628418
vt 3.511719226837158 -1.4285225868225098
vt 4.105469226837158 -1.4285225868225098
vt 4.105469226837158 -1.9999995231628418
vt -14.390625 17.198284149169922
vt -13.796875 17.198284149169922
vt -13.796875 17.392578125
vt -14.390625 17.392578125
vt -1.0136719942092896 0.6684782803058624
vt -1.3105469942092896 0.6684782207012177
vt -1.3105469942092896 0.7656249701976776
vt -1.0136719942092896 0.7656250298023224
vt -1.2784476280212402 -1.2254829406738281
vt -1.1165363788604736 -1.29691743850708
vt -1.1165363788604736 -1.7969598770141602
vt -1.2784476280212402 -1.7969598770141602
vt 4.823908805847168 -1.31644868850708
vt 4.669707298278809 -1.2450141906738281
vt 4.669707298278809 -1.8164911270141602
vt 4.823908805847168 -1.8164911270141602
vt -1.4973957538604736 -1.3800222873687744
vt -1.4973957538604736 -2.0050225257873535
vt -1.0026042461395264 -2.0050225257873535
vt -1.0026042461395264 -1.3800222873687744
vt -3.496093511581421 -0.9934276342391968
vt -3.496093511581421 -0.298983097076416
vt -3.0013020038604736 -0.298983097076416
vt -3.0013020038604736 -0.9934276342391968
vt -9.007811546325684 4.144533157348633
vt -8.414061546325684 4.144533395767212
vt -8.414061546325684 4.550783395767212
vt -9.007811546325684 4.550783157348633
vt -7.917967796325684 4.265627145767212
vt -8.511717796325684 4.265626907348633
vt -8.511717796325684 4.671876907348633
vt -7.917967796325684 4.671877145767212
vt 2.5488288402557373 -1.2435898780822754
vt 2.8873705863952637 -1.2435898780822754
vt 2.8873705863952637 -1.8044872283935547
vt 2.5488288402557373 -1.8044872283935547
vt 2.8873705863952637 -1.2435898780822754
vt 2.548828601837158 -1.2435898780822754
vt 2.548828601837158 -1.8044872283935547
vt 2.8873705863952637 -1.8044872283935547
vt -11.984375 -1.5806775093078613
vt -11.984375 -1.9947912693023682
vt -11.390625 -1.9947912693023682
vt -11.390625 -1.5806775093078613
vt -3.4846227169036865 -1.7832694053649902
vt -3.4846227169036865 -1.3368034362792969
vt -3.013392448425293 -1.3368034362792969
vt -3.013392448425293 -1.7832694053649902
vt -14.390625 16.986328125
vt -13.796875 16.986328125
vt -13.796875 17.198284149169922
vt -14.390625 17.198284149169922
vt -1.0136719942092896 0.5625000298023224
vt -1.3105469942092896 0.5625000298023224
vt -1.3105469942092896 0.6684782803058624
vt -1.0136719942092896 0.6684781610965729
vt -1.455077886581421 -1.2254834175109863
vt -1.2784476280212402 -1.2254829406738281
vt -1.2784476280212402 -1.7969598770141602
vt -1.455077886581421 -1.7969598770141602
vt 4.669708251953125 -1.2450141906738281
vt 4.501489162445068 -1.2450146675109863
vt 4.501489162445068 -1.8164911270141602
vt 4.669708251953125 -1.8164911270141602
vt -2.998046875 -1.6451196670532227
vt -2.998046875 -2.0022928714752197
vt -2.5032551288604736 -2.0022928714752197
vt -2.5032551288604736 -1.6451196670532227
vt 3.51171875 -1.9999995231628418
vt 3.51171875 -1.4285225868225098
vt 4.10546875 -1.4285225868225098
vt 4.10546875 -1.9999995231628418
vt -14.390625 17.198284149169922
vt -13.796875 17.198284149169922
vt -13.796875 17.392578125
vt -14.390625 17.392578125
vt -1.0136719942092896 0.6684781610965729
vt -1.3105469942092896 0.6684782803058624
vt -1.3105469942092896 0.7656250298023224
vt -1.0136719942092896 0.7656250298023224
vt -1.2784477472305298 -1.2254829406738281
vt -1.116536259651184 -1.29691743850708
vt -1.116536259651184 -1.7969598770141602
vt -1.2784477472305298 -1.7969598770141602
vt 4.823909759521484 -1.31644868850708
vt 4.669708251953125 -1.2450141906738281
vt 4.669708251953125 -1.8164911270141602
vt 4.823909759521484 -1.8164911270141602
vt -1.4973959922790527 -1.3800222873687744
vt -1.4973959922790527 -2.0050225257873535
vt -1.0026042461395264 -2.0050225257873535
vt -1.0026042461395264 -1.3800222873687744
vt -3.496093273162842 -0.9934276342391968
vt -3.496093273162842 -0.298983097076416
vt -3.0013015270233154 -0.298983097076416
vt -3.0013015270233154 -0.9934276342391968
vt -9.007811546325684 4.1445324420928955
vt -8.414061546325684 4.1445324420928955
vt -8.414061546325684 4.5507824420928955
vt -9.007811546325684 4.5507824420928955
vt -7.917967796325684 4.2656261920928955
vt -8.511717796325684 4.2656261920928955
vt -8.511717796325684 4.6718761920928955
vt -7.917967796325684 4.6718761920928955
vt 2.5488290786743164 -1.2435898780822754
vt 2.8873705863952637 -1.2435898780822754
vt 2.8873705863952637 -1.8044872283935547
vt 2.5488290786743164 -1.8044872283935547
vt 2.8873705863952637 -1.2435898780822754
vt 2.5488288402557373 -1.2435898780822754
vt 2.5488288402557373 -1.8044872283935547
vt 2.8873705863952637 -1.8044872283935547
vt -11.984375 -1.5806775093078613
vt -11.984375 -1.9947912693023682
vt -11.390625 -1.9947912693023682
vt -11.390625 -1.5806775093078613
vt -3.4846231937408447 -1.7832694053649902
vt -3.4846231937408447 -1.3368034362792969
vt -3.013392925262451 -1.3368034362792969
vt -3.013392925262451 -1.7832694053649902
vt -14.390625 16.986330032348633
vt -13.796875 16.986330032348633
vt -13.796875 17.198286056518555
vt -14.390625 17.198286056518555
vt -1.0136717557907104 0.5625
vt -1.3105467557907104 0.5624998807907104
vt -1.310546875 0.6684781312942505
vt -1.013671875 0.66847825050354
vt -1.455078363418579 -1.2254834175109863
vt -1.2784478664398193 -1.2254829406738281
vt -1.2784478664398193 -1.7969598770141602
vt -1.455078363418579 -1.7969598770141602
vt 4.669707298278809 -1.2450141906738281
vt 4.501488208770752 -1.2450146675109863
vt 4.501488208770752 -1.8164911270141602
vt 4.669707298278809 -1.8164911270141602
vt -2.998046875 -1.6451196670532227
vt -2.998046875 -2.0022928714752197
vt -2.5032553672790527 -2.0022928714752197
vt -2.5032553672790527 -1.6451196670532227
vt 3.51171875 -1.9999995231628418
vt 3.51171875 -1.4285225868225098
vt 4.10546875 -1.4285225868225098
vt 4.10546875 -1.9999995231628418
vt -14.390625 17.198284149169922
vt -13.796875 17.198284149169922
vt -13.796875 17.392578125
vt -14.390625 17.392578125
vt -1.013671875 0.6684781312942505
vt -1.310546875 0.6684780120849609
vt -1.310546875 0.765625
vt -1.013671875 0.7656251192092896
vt -1.278448224067688 -1.2254829406738281
vt -1.1165367364883423 -1.29691743850708
vt -1.1165367364883423 -1.7969598770141602
vt -1.278448224067688 -1.7969598770141602
vt 4.823908805847168 -1.31644868850708
vt 4.669707298278809 -1.2450141906738281
vt 4.669707298278809 -1.8164911270141602
vt 4.823908805847168 -1.8164911270141602
vt -1.4973958730697632 -1.3800222873687744
vt -1.4973958730697632 -2.0050225257873535
vt -1.002604365348816 -2.0050225257873535
vt -1.002604365348816 -1.3800222873687744
vt -3.49609375 -0.9934276342391968
vt -3.49609375 -0.298983097076416
vt -3.0013022422790527 -0.298983097076416
vt -3.0013022422790527 -0.9934276342391968
vt -9.007811546325684 4.144531965255737
vt -8.414061546325684 4.144532203674316
vt -8.414061546325684 4.550782203674316
vt -9.007811546325684 4.550781965255737
vt -7.917967796325684 4.265625953674316
vt -8.511717796325684 4.265625715255737
vt -8.511717796325684 4.671875715255737
vt -7.917967796325684 4.671875953674316
vt 2.548828601837158 -1.2435898780822754
vt 2.8873701095581055 -1.2435898780822754
vt 2.8873701095581055 -1.8044872283935547
vt 2.548828601837158 -1.8044872283935547
vt 2.8873701095581055 -1.2435898780822754
vt 2.548828601837158 -1.2435898780822754
vt 2.548828601837158 -1.8044872283935547
vt 2.8873701095581055 -1.8044872283935547
vt -11.984375 -1.5806775093078613
vt -11.984375 -1.9947912693023682
vt -11.390625 -1.9947912693023682
vt -11.390625 -1.5806775093078613
vt -3.4846231937408447 -1.7832694053649902
vt -3.4846231937408447 -1.3368034362792969
vt -3.013392925262451 -1.3368034362792969
vt -3.013392925262451 -1.7832694053649902
vt -14.390625 16.986330032348633
vt -13.796875 16.986330032348633
vt -13.796875 17.198286056518555
vt -14.390625 17.198286056518555
vt -1.0136717557907104 0.5625
vt -1.3105467557907104 0.5625
vt -1.310546875 0.66847825050354
vt -1.013671875 0.66847825050354
vt -1.455078363418579 -1.2254834175109863
vt -1.2784478664398193 -1.2254829406738281
vt -1.2784478664398193 -1.7969598770141602
vt -1.455078363418579 -1.7969598770141602
vt 4.669707298278809 -1.2450141906738281
vt 4.501488208770752 -1.2450146675109863
vt 4.501488208770752 -1.8164911270141602
vt 4.669707298278809 -1.8164911270141602
vt -2.998046875 -1.6451196670532227
vt -2.998046875 -2.0022928714752197
vt -2.5032551288604736 -2.0022928714752197
vt -2.5032551288604736 -1.6451196670532227
vt 3.51171875 -1.9999995231628418
vt 3.51171875 -1.4285225868225098
vt 4.10546875 -1.4285225868225098
vt 4.10546875 -1.9999995231628418
vt -14.390625 17.198284149169922
vt -13.796875 17.198284149169922
vt -13.796875 17.392578125
vt -14.390625 17.392578125
vt -1.013671875 0.6684781312942505
vt -1.310546875 0.6684781312942505
vt -1.310546875 0.7656251192092896
vt -1.013671875 0.7656251192092896
vt -1.278448224067688 -1.2254829406738281
vt -1.1165367364883423 -1.29691743850708
vt -1.1165367364883423 -1.7969598770141602
vt -1.278448224067688 -1.7969598770141602
vt 4.823908805847168 -1.31644868850708
vt 4.669707298278809 -1.2450141906738281
vt 4.669707298278809 -1.8164911270141602
vt 4.823908805847168 -1.8164911270141602
vt -1.4973957538604736 -1.3800222873687744
vt -1.4973957538604736 -2.0050225257873535
vt -1.0026040077209473 -2.0050225257873535
vt -1.0026040077209473 -1.3800222873687744
vt -3.49609375 -0.9934276342391968
vt -3.49609375 -0.298983097076416
vt -3.0013020038604736 -0.298983097076416
vt -3.0013020038604736 -0.9934276342391968
vt -9.007811546325684 4.144532203674316
vt -8.414061546325684 4.144532203674316
vt -8.414061546325684 4.550782203674316
vt -9.007811546325684 4.550782203674316
vt -7.917967796325684 4.265625953674316
vt -8.511717796325684 4.265625953674316
vt -8.511717796325684 4.671875953674316
vt -7.917967796325684 4.671875953674316
vt 2.548828601837158 -1.2435898780822754
vt 2.8873701095581055 -1.2435898780822754
vt 2.8873701095581055 -1.8044872283935547
vt 2.548828601837158 -1.8044872283935547
vt 2.8873701095581055 -1.2435898780822754
vt 2.548828601837158 -1.2435898780822754
vt 2.548828601837158 -1.8044872283935547
vt 2.8873701095581055 -1.8044872283935547
vt -11.984375 -1.5806775093078613
vt -11.984375 -1.9947912693023682
vt -11.390625 -1.9947912693023682
vt -11.390625 -1.5806775093078613
vt -3.4846229553222656 -1.7832694053649902
vt -3.4846229553222656 -1.3368034362792969
vt -3.013392925262451 -1.3368034362792969
vt -3.013392925262451 -1.7832694053649902
vt -14.390625 16.986330032348633
vt -13.796875 16.986330032348633
vt -13.796875 17.198286056518555
vt -14.390625 17.198286056518555
vt -1.013671875 0.5625
vt -1.310546875 0.5625
vt -1.310546875 0.66847825050354
vt -1.013671875 0.66847825050354
vt -1.455078363418579 -1.2254834175109863
vt -1.2784478664398193 -1.2254829406738281
vt -1.2784478664398193 -1.7969598770141602
vt -1.455078363418579 -1.7969598770141602
vt 4.669707298278809 -1.2450141906738281
vt 4.501488208770752 -1.2450146675109863
vt 4.501488208770752 -1.8164911270141602
vt 4.669707298278809 -1.8164911270141602
vt -2.998046875 -1.6451196670532227
vt -2.998046875 -2.0022928714752197
vt -2.5032548904418945 -2.0022928714752197
vt -2.5032548904418945 -1.6451196670532227
vt 3.51171875 -1.9999995231628418
vt 3.51171875 -1.4285225868225098
vt 4.10546875 -1.4285225868225098
vt 4.10546875 -1.9999995231628418
vt -14.390625 17.198284149169922
vt -13.796875 17.198284149169922
vt -13.796875 17.392578125
vt -14.390625 17.392578125
vt -1.013671875 0.6684781312942505
vt -1.310546875 0.6684781312942505
vt -1.310546875 0.7656251192092896
vt -1.013671875 0.7656251192092896
vt -1.278448224067688 -1.2254829406738281
vt -1.1165366172790527 -1.29691743850708
vt -1.1165366172790527 -1.7969598770141602
vt -1.278448224067688 -1.7969598770141602
vt 4.823908805847168 -1.31644868850708
vt 4.669707298278809 -1.2450141906738281
vt 4.669707298278809 -1.8164911270141602
vt 4.823908805847168 -1.8164911270141602
vt -1.4973957538604736 -1.3800222873687744
vt -1.4973957538604736 -2.0050225257873535
vt -1.0026040077209473 -2.0050225257873535
vt -1.0026040077209473 -1.3800222873687744
vt -3.496093511581421 -0.9934276342391968
vt -3.496093511581421 -0.298983097076416
vt -3.0013017654418945 -0.298983097076416
vt -3.0013017654418945 -0.9934276342391968
vt -9.007811546325684 4.144532203674316
vt -8.414061546325684 4.144532203674316
vt -8.414061546325684 4.550782203674316
vt -9.007811546325684 4.550782203674316
vt -7.917967796325684 4.265625953674316
vt -8.511717796325684 4.265625953674316
vt -8.511717796325684 4.671875953674316
vt -7.917967796325684 4.671875953674316
vt 2.548828601837158 -1.2435898780822754
vt 2.8873703479766846 -1.2435898780822754
vt 2.8873703479766846 -1.8044872283935547
vt 2.548828601837158 -1.8044872283935547
vt 2.8873701095581055 -1.2435898780822754
vt 2.548828601837158 -1.2435898780822754
vt 2.548828601837158 -1.8044872283935547
vt 2.8873701095581055 -1.8044872283935547
vt -11.984375 -1.5806775093078613
vt -11.984375 -1.9947912693023682
vt -11.390625 -1.9947912693023682
vt -11.390625 -1.5806775093078613
vt -3.4846229553222656 -1.7832694053649902
vt -3.4846229553222656 -1.3368034362792969
vt -3.013392925262451 -1.3368034362792969
vt -3.013392925262451 -1.7832694053649902
vt -14.390625 16.986330032348633
vt -13.796875 16.986330032348633
vt -13.796875 17.198286056518555
vt -14.390625 17.198286056518555
vt -1.013672113418579 0.5625
vt -1.310547113418579 0.5625001192092896
vt -1.310547113418579 0.66847825050354
vt -1.013672113418579 0.66847825050354
vt -1.455078125 -1.2254834175109863
vt -1.2784476280212402 -1.2254829406738281
vt -1.2784476280212402 -1.7969598770141602
vt -1.455078125 -1.7969598770141602
vt 4.669707775115967 -1.2450141906738281
vt 4.50148868560791 -1.2450146675109863
vt 4.50148868560791 -1.8164911270141602
vt 4.669707775115967 -1.8164911270141602
vt -2.998046875 -1.6451196670532227
vt -2.998046875 -2.0022928714752197
vt -2.5032553672790527 -2.0022928714752197
vt -2.5032553672790527 -1.6451196670532227
vt 3.511719226837158 -1.9999995231628418
vt 3.511719226837158 -1.4285225868225098
vt 4.105469226837158 -1.4285225868225098
vt 4.105469226837158 -1.9999995231628418
vt -14.390625 17.198284149169922
vt -13.796875 17.198284149169922
vt -13.796875 17.392578125
vt -14.390625 17.392578125
vt -1.013672113418579 0.6684781312942505
vt -1.310547113418579 0.6684781312942505
vt -1.310547113418579 0.7656251192092896
vt -1.013672113418579 0.7656248807907104
vt -1.2784478664398193 -1.2254829406738281
vt -1.1165366172790527 -1.29691743850708
vt -1.1165366172790527 -1.7969598770141602
vt -1.2784478664398193 -1.7969598770141602
vt 4.823908805847168 -1.31644868850708
vt 4.669707298278809 -1.2450141906738281
vt 4.669707298278809 -1.8164911270141602
vt 4.823908805847168 -1.8164911270141602
vt -1.4973958730697632 -1.3800222873687744
vt -1.4973958730697632 -2.0050225257873535
vt -1.0026041269302368 -2.0050225257873535
vt -1.0026041269302368 -1.3800222873687744
vt -3.49609375 -0.9934276342391968
vt -3.49609375 -0.298983097076416
vt -3.0013022422790527 -0.298983097076416
vt -3.0013022422790527 -0.9934276342391968
vt -9.007811546325684 4.144531488418579
vt -8.414061546325684 4.144531488418579
vt -8.414061546325684 4.550781488418579
vt -9.007811546325684 4.550781488418579
vt -7.917968273162842 4.265625238418579
vt -8.511717796325684 4.265625238418579
vt -8.511717796325684 4.671875238418579
vt -7.917968273162842 4.671875238418579
vt 2.548828363418579 -1.2435898780822754
vt 2.8873701095581055 -1.2435898780822754
vt 2.8873701095581055 -1.8044872283935547
vt 2.548828363418579 -1.8044872283935547
vt 2.8873701095581055 -1.2435898780822754
vt 2.548828363418579 -1.2435898780822754
vt 2.548828363418579 -1.8044872283935547
vt 2.8873701095581055 -1.8044872283935547
vt -11.984375 -1.5806775093078613
vt -11.984375 -1.9947912693023682
vt -11.390625 -1.9947912693023682
vt -11.390625 -1.5806775093078613
vt -3.4846229553222656 -1.7832694053649902
vt -3.4846229553222656 -1.3368034362792969
vt -3.013392925262451 -1.3368034362792969
vt -3.013392925262451 -1.7832694053649902
vt -14.390625 16.986330032348633
vt -13.796875 16.986330032348633
vt -13.796875 17.198286056518555
vt -14.390625 17.198286056518555
vt -1.013672113418579 0.5625
vt -1.310547113418579 0.5625
vt -1.310547113418579 0.66847825050354
vt -1.013672113418579 0.66847825050354
vt -1.455078125 -1.2254834175109863
vt -1.2784476280212402 -1.2254829406738281
vt -1.2784476280212402 -1.7969598770141602
vt -1.455078125 -1.7969598770141602
vt 4.669707775115967 -1.2450141906738281
vt 4.501488208770752 -1.2450146675109863
vt 4.501488208770752 -1.8164911270141602
vt 4.669707775115967 -1.8164911270141602
vt -2.998047113418579 -1.6451196670532227
vt -2.998047113418579 -2.0022928714752197
vt -2.5032553672790527 -2.0022928714752197
vt -2.5032553672790527 -1.6451196670532227
vt 3.5117194652557373 -1.9999995231628418
vt 3.5117194652557373 -1.4285225868225098
vt 4.105469703674316 -1.4285225868225098
vt 4.105469703674316 -1.9999995231628418
vt -14.390625 17.198284149169922
vt -13.796875 17.198284149169922
vt -13.796875 17.392578125
vt -14.390625 17.392578125
vt -1.013672113418579 0.66847825050354
vt -1.310547113418579 0.66847825050354
vt -1.310547113418579 0.765625
vt -1.013672113418579 0.765625
vt -1.2784476280212402 -1.2254829406738281
vt -1.1165363788604736 -1.29691743850708
vt -1.1165363788604736 -1.7969598770141602
vt -1.2784476280212402 -1.7969598770141602
vt 4.823908805847168 -1.31644868850708
vt 4.669707775115967 -1.2450141906738281
vt 4.669707775115967 -1.8164911270141602
vt 4.823908805847168 -1.8164911270141602
vt -1.4973959922790527 -1.3800222873687744
vt -1.4973959922790527 -2.0050225257873535
vt -1.0026042461395264 -2.0050225257873535
vt -1.0026042461395264 -1.3800222873687744
vt -3.496093988418579 -0.9934276342391968
vt -3.496093988418579 -0.298983097076416
vt -3.0013022422790527 -0.298983097076416
vt -3.0013022422790527 -0.9934276342391968
vt -9.0078125 4.144533157348633
vt -8.4140625 4.144533157348633
vt -8.4140625 4.550783157348633
vt -9.0078125 4.550783157348633
vt -7.917968273162842 4.265626907348633
vt -8.51171875 4.265626907348633
vt -8.51171875 4.671876907348633
vt -7.917968273162842 4.671876907348633
vt 2.5488288402557373 -1.2435898780822754
vt 2.8873705863952637 -1.2435898780822754
vt 2.8873705863952637 -1.8044872283935547
vt 2.5488288402557373 -1.8044872283935547
vt 2.8873705863952637 -1.2435898780822754
vt 2.5488288402557373 -1.2435898780822754
vt 2.5488288402557373 -1.8044872283935547
vt 2.8873705863952637 -1.8044872283935547
vt -11.984375 -1.5806775093078613
vt -11.984375 -1.9947912693023682
vt -11.390625 -1.9947912693023682
vt -11.390625 -1.5806775093078613
vt -3.4846231937408447 -1.7832694053649902
vt -3.4846231937408447 -1.3368034362792969
vt -3.013392925262451 -1.3368034362792969
vt -3.013392925262451 -1.7832694053649902
vt -14.390625 16.986328125
vt -13.796875 16.986328125
vt -13.796875 17.198284149169922
vt -14.390625 17.198284149169922
vt -1.013672113418579 0.5625001192092896
vt -1.310547113418579 0.5625
vt -1.310547113418579 0.66847825050354
vt -1.013672113418579 0.66847825050354
vt -1.455078125 -1.2254834175109863
vt -1.2784478664398193 -1.2254829406738281
vt -1.2784478664398193 -1.7969598770141602
vt -1.455078125 -1.7969598770141602
vt 4.669708251953125 -1.2450141906738281
vt 4.50148868560791 -1.2450146675109863
vt 4.50148868560791 -1.8164911270141602
vt 4.669708251953125 -1.8164911270141602
vt -2.998047113418579 -1.6451196670532227
vt -2.998047113418579 -2.0022928714752197
vt -2.503255605697632 -2.0022928714752197
vt -2.503255605697632 -1.6451196670532227
vt 3.511718988418579 -1.9999995231628418
vt 3.511718988418579 -1.4285225868225098
vt 4.10546875 -1.4285225868225098
vt 4.10546875 -1.9999995231628418
vt -14.390625 17.198284149169922
vt -13.796875 17.198284149169922
vt -13.796875 17.392578125
vt -14.390625 17.392578125
vt -1.013672113418579 0.66847825050354
vt -1.310547113418579 0.6684783697128296
vt -1.310547113418579 0.7656251192092896
vt -1.013672113418579 0.7656252384185791
vt -1.2784478664398193 -1.2254829406738281
vt -1.1165361404418945 -1.29691743850708
vt -1.1165361404418945 -1.7969598770141602
vt -1.2784478664398193 -1.7969598770141602
vt 4.823909759521484 -1.31644868850708
vt 4.669708728790283 -1.2450141906738281
vt 4.669708728790283 -1.8164911270141602
vt 4.823909759521484 -1.8164911270141602
vt -1.4973959922790527 -1.3800222873687744
vt -1.4973959922790527 -2.0050225257873535
vt -1.0026044845581055 -2.0050225257873535
vt -1.0026044845581055 -1.3800222873687744
vt -3.496093988418579 -0.9934276342391968
vt -3.496093988418579 -0.298983097076416
vt -3.001302480697632 -0.298983097076416
vt -3.001302480697632 -0.9934276342391968
vt -9.0078125 4.144532203674316
vt -8.4140625 4.144532680511475
vt -8.4140625 4.550782680511475
vt -9.0078125 4.550782203674316
vt -7.917968273162842 4.265626430511475
vt -8.51171875 4.265625953674316
vt -8.51171875 4.671875953674316
vt -7.917968273162842 4.671876430511475
vt 2.5488288402557373 -1.2435898780822754
vt 2.8873705863952637 -1.2435898780822754
vt 2.8873705863952637 -1.8044872283935547
vt 2.5488288402557373 -1.8044872283935547
vt 2.8873705863952637 -1.2435898780822754
vt 2.5488288402557373 -1.2435898780822754
vt 2.5488288402557373 -1.8044872283935547
vt 2.8873705863952637 -1.8044872283935547
vt -3.0381946563720703 -1.001953125
vt -3.0381946563720703 -1.3368031978607178
vt -3.4970240592956543 -1.3368031978607178
vt -3.4970240592956543 -1.001953125
vt -4.5149736404418945 -1.37699556350708
vt -4.5149736404418945 -1.0368304252624512
vt -4.996744632720947 -1.0368304252624512
vt -4.996744632720947 -1.37699556350708
vt -4.4296875 4.480751991271973
vt -5.0078125 4.480751991271973
vt -5.0078125 4.333333730697632
vt -4.4296875 4.333333730697632
vt -3.4784226417541504 4.4807515144348145
vt -3.0195932388305664 4.4807515144348145
vt -3.0195932388305664 4.333333253860474
vt -3.4784226417541504 4.333333253860474
vt 4.681636333465576 -1.0416102409362793
vt 4.506138324737549 -1.0416102409362793
vt 4.506138324737549 -1.3273487091064453
vt 4.681636333465576 -1.3273487091064453
vt -1.4436848163604736 -0.19791674613952637
vt -1.2594119310379028 -0.19791674613952637
vt -1.2594119310379028 -0.48365533351898193
vt -1.4436848163604736 -0.48365533351898193
vt -12.0 -1.5806775093078613
vt -12.0 -1.9947912693023682
vt -11.421875 -1.9947912693023682
vt -11.421875 -1.5806775093078613
vt -3.4970240592956543 -1.7832696437835693
vt -3.4970240592956543 -1.3368034362792969
vt -3.0381946563720703 -1.3368034362792969
vt -3.0381946563720703 -1.7832696437835693
vt -14.40625 17.000001907348633
vt -13.828125 17.000001907348633
vt -13.828125 17.22113037109375
vt -14.40625 17.22113037109375
vt -3.83203125 -1.0078144073486328
vt -4.41015625 -1.0078144073486328
vt -4.41015625 -0.786686897277832
vt -3.83203125 -0.786686897277832
vt -1.4436848163604736 -1.2254834175109863
vt -1.2594119310379028 -1.2254829406738281
vt -1.2594119310379028 -1.7969598770141602
vt -1.4436848163604736 -1.7969601154327393
vt 4.681636333465576 -1.4285225868225098
vt 4.506138324737549 -1.428523063659668
vt 4.506138324737549 -1.999999761581421
vt 4.681636333465576 -1.9999995231628418
vt -3.4830727577209473 -1.3871867656707764
vt -3.4830727577209473 -1.784045696258545
vt -3.0013017654418945 -1.784045696258545
vt -3.0013017654418945 -1.3871867656707764
vt 3.49609375 -1.999999761581421
vt 3.49609375 -1.4285225868225098
vt 4.07421875 -1.4285225868225098
vt 4.07421875 -1.999999761581421
vt -14.40625 17.221126556396484
vt -13.828125 17.221126556396484
vt -13.828125 17.423828125
vt -14.40625 17.423828125
vt 2.0084633827209473 1.6259033679962158
vt 2.490234375 1.6259033679962158
vt 2.490234375 1.4650298357009888
vt 2.0084633827209473 1.4650298357009888
vt -1.2594119310379028 -1.2254829406738281
vt -1.0904947519302368 -1.2969176769256592
vt -1.0904947519302368 -1.7969601154327393
vt -1.2594119310379028 -1.7969601154327393
vt 4.842509746551514 -1.4999573230743408
vt 4.681636333465576 -1.4285225868225098
vt 4.681636333465576 -1.999999761581421
vt 4.842509746551514 -1.999999761581421
vt -3.5026040077209473 -1.0027282238006592
vt -3.5026040077209473 -1.9947915077209473
vt -3.9973957538604736 -1.9947915077209473
vt -3.9973957538604736 -1.0027282238006592
vt -4.00390625 -0.9934276342391968
vt -4.00390625 -0.0013641119003295898
vt -4.498697757720947 -0.0013641119003295898
vt -4.498697757720947 -0.9934276342391968
vt -5.40625 5.828125476837158
vt -6.0 5.828125476837158
vt -6.0 5.406250476837158
vt -5.40625 5.406250476837158
vt -4.476686477661133 -1.2941467761993408
vt -4.005456447601318 -1.2941467761993408
vt -4.005456447601318 -1.6289682388305664
vt -4.476686477661133 -1.6289682388305664
vt 3.9518227577209473 -1.0032052993774414
vt 3.6002602577209473 -1.0032052993774414
vt 3.6002602577209473 -1.8044872283935547
vt 3.9518227577209473 -1.8044872283935547
vt 3.6002602577209473 -1.0032052993774414
vt 3.9518227577209473 -1.0032052993774414
vt 3.9518227577209473 -1.8044872283935547
vt 3.6002602577209473 -1.8044872283935547
vt -11.984375 -1.5806775093078613
vt -11.984375 -1.9947912693023682
vt -11.390625 -1.9947912693023682
vt -11.390625 -1.5806775093078613
vt -3.4846231937408447 -1.7832694053649902
vt -3.4846231937408447 -1.3368034362792969
vt -3.013392925262451 -1.3368034362792969
vt -3.013392925262451 -1.7832694053649902
vt -14.390625 16.986330032348633
vt -13.796875 16.986330032348633
vt -13.796875 17.198286056518555
vt -14.390625 17.198286056518555
vt -1.0136717557907104 0.5624998211860657
vt -1.3105467557907104 0.5624998211860657
vt -1.3105467557907104 0.6684780716896057
vt -1.0136717557907104 0.6684780716896057
vt -1.455078363418579 -1.2254834175109863
vt -1.2784479856491089 -1.2254829406738281
vt -1.2784479856491089 -1.7969598770141602
vt -1.455078363418579 -1.7969598770141602
vt 4.669707298278809 -1.2450141906738281
vt 4.501487731933594 -1.2450146675109863
vt 4.501487731933594 -1.8164911270141602
vt 4.669707298278809 -1.8164911270141602
vt -2.998046875 -1.6451196670532227
vt -2.998046875 -2.0022928714752197
vt -2.5032551288604736 -2.0022928714752197
vt -2.5032551288604736 -1.6451196670532227
vt 3.51171875 -1.9999995231628418
vt 3.51171875 -1.4285225868225098
vt 4.10546875 -1.4285225868225098
vt 4.10546875 -1.9999995231628418
vt -14.390625 17.198284149169922
vt -13.796875 17.198284149169922
vt -13.796875 17.392578125
vt -14.390625 17.392578125
vt -1.0136717557907104 0.6684780716896057
vt -1.3105467557907104 0.6684780716896057
vt -1.3105467557907104 0.7656251192092896
vt -1.0136717557907104 0.7656251192092896
vt -1.278448224067688 -1.2254829406738281
vt -1.1165364980697632 -1.29691743850708
vt -1.1165364980697632 -1.7969598770141602
vt -1.278448224067688 -1.7969598770141602
vt 4.823908805847168 -1.31644868850708
vt 4.669707298278809 -1.2450141906738281
vt 4.669707298278809 -1.8164911270141602
vt 4.823908805847168 -1.8164911270141602
vt -1.4973957538604736 -1.3800222873687744
vt -1.4973957538604736 -2.0050225257873535
vt -1.0026041269302368 -2.0050225257873535
vt -1.0026041269302368 -1.3800222873687744
vt -3.49609375 -0.9934276342391968
vt -3.49609375 -0.298983097076416
vt -3.0013022422790527 -0.298983097076416
vt -3.0013022422790527 -0.9934276342391968
vt -9.007811546325684 4.144531726837158
vt -8.414061546325684 4.144531726837158
vt -8.414061546325684 4.550781965255737
vt -9.007811546325684 4.550781965255737
vt -7.917967796325684 4.265625476837158
vt -8.511717796325684 4.265625476837158
vt -8.511717796325684 4.671875715255737
vt -7.917967796325684 4.671875715255737
vt 2.5488288402557373 -1.2435898780822754
vt 2.8873705863952637 -1.2435898780822754
vt 2.8873705863952637 -1.8044872283935547
vt 2.5488288402557373 -1.8044872283935547
vt 2.8873703479766846 -1.2435898780822754
vt 2.548828601837158 -1.2435898780822754
vt 2.548828601837158 -1.8044872283935547
vt 2.8873703479766846 -1.8044872283935547
vt -11.984375 -1.5806775093078613
vt -11.984375 -1.9947912693023682
vt -11.390625 -1.9947912693023682
vt -11.390625 -1.5806775093078613
vt -3.4846229553222656 -1.7832694053649902
vt -3.4846229553222656 -1.3368034362792969
vt -3.013392925262451 -1.3368034362792969
vt -3.013392925262451 -1.7832694053649902
vt -14.390625 16.986330032348633
vt -13.796875 16.986330032348633
vt -13.796875 17.198286056518555
vt -14.390625 17.198286056518555
vt -1.013671875 0.5625
vt -1.310546875 0.5625
vt -1.310546875 0.66847825050354
vt -1.013671875 0.66847825050354
vt -1.455078363418579 -1.2254834175109863
vt -1.2784478664398193 -1.2254829406738281
vt -1.2784478664398193 -1.7969598770141602
vt -1.455078363418579 -1.7969598770141602
vt 4.669707298278809 -1.2450141906738281
vt 4.501488208770752 -1.2450146675109863
vt 4.501488208770752 -1.8164911270141602
vt 4.669707298278809 -1.8164911270141602
vt -2.998046875 -1.6451196670532227
vt -2.998046875 -2.0022928714752197
vt -2.5032551288604736 -2.0022928714752197
vt -2.5032551288604736 -1.6451196670532227
vt 3.51171875 -1.9999995231628418
vt 3.51171875 -1.4285225868225098
vt 4.10546875 -1.4285225868225098
vt 4.10546875 -1.9999995231628418
vt -14.390625 17.198284149169922
vt -13.796875 17.198284149169922
vt -13.796875 17.392578125
vt -14.390625 17.392578125
vt -1.013671875 0.6684781312942505
vt -1.310546875 0.6684781312942505
vt -1.310546875 0.7656251192092896
vt -1.013671875 0.7656251192092896
vt -1.2784483432769775 -1.2254829406738281
vt -1.1165366172790527 -1.29691743850708
vt -1.1165366172790527 -1.7969598770141602
vt -1.2784483432769775 -1.7969598770141602
vt 4.823909282684326 -1.31644868850708
vt 4.669707298278809 -1.2450141906738281
vt 4.669707298278809 -1.8164911270141602
vt 4.823909282684326 -1.8164911270141602
vt -1.4973958730697632 -1.3800222873687744
vt -1.4973958730697632 -2.0050225257873535
vt -1.0026042461395264 -2.0050225257873535
vt -1.0026042461395264 -1.3800222873687744
vt -3.496093511581421 -0.9934276342391968
vt -3.496093511581421 -0.298983097076416
vt -3.0013017654418945 -0.298983097076416
vt -3.0013017654418945 -0.9934276342391968
vt -9.007811546325684 4.144532203674316
vt -8.414061546325684 4.144532203674316
vt -8.414061546325684 4.550782203674316
vt -9.007811546325684 4.550782203674316
vt -7.917967796325684 4.265625953674316
vt -8.511717796325684 4.265625953674316
vt -8.511717796325684 4.671875953674316
vt -7.917967796325684 4.671875953674316
vt 2.548828601837158 -1.2435898780822754
vt 2.8873703479766846 -1.2435898780822754
vt 2.8873703479766846 -1.8044872283935547
vt 2.548828601837158 -1.8044872283935547
vt 2.8873703479766846 -1.2435898780822754
vt 2.548828601837158 -1.2435898780822754
vt 2.548828601837158 -1.8044872283935547
vt 2.8873703479766846 -1.8044872283935547
vt -11.984375 -1.5806775093078613
vt -11.984375 -1.9947912693023682
vt -11.390625 -1.9947912693023682
vt -11.390625 -1.5806775093078613
vt -3.4846229553222656 -1.7832694053649902
vt -3.4846229553222656 -1.3368034362792969
vt -3.013392925262451 -1.3368034362792969
vt -3.013392925262451 -1.7832694053649902
vt -14.390625 16.986330032348633
vt -13.796875 16.986330032348633
vt -13.796875 17.198286056518555
vt -14.390625 17.198286056518555
vt -1.013671875 0.5625
vt -1.310546875 0.5625
vt -1.310546875 0.66847825050354
vt -1.013671875 0.66847825050354
vt -1.455078363418579 -1.2254834175109863
vt -1.2784478664398193 -1.2254829406738281
vt -1.2784478664398193 -1.7969598770141602
vt -1.455078363418579 -1.7969598770141602
vt 4.669707298278809 -1.2450141906738281
vt 4.501488208770752 -1.2450146675109863
vt 4.501488208770752 -1.8164911270141602
vt 4.669707298278809 -1.8164911270141602
vt -2.998046636581421 -1.6451196670532227
vt -2.998046636581421 -2.0022928714752197
vt -2.5032551288604736 -2.0022928714752197
vt -2.5032551288604736 -1.6451196670532227
vt 3.51171875 -1.9999995231628418
vt 3.51171875 -1.4285225868225098
vt 4.10546875 -1.4285225868225098
vt 4.10546875 -1.9999995231628418
vt -14.390625 17.198284149169922
vt -13.796875 17.198284149169922
vt -13.796875 17.392578125
vt -14.390625 17.392578125
vt -1.013671875 0.6684781312942505
vt -1.310546875 0.6684781312942505
vt -1.310546875 0.7656251192092896
vt -1.013671875 0.7656251192092896
vt -1.2784483432769775 -1.2254829406738281
vt -1.1165366172790527 -1.29691743850708
vt -1.1165366172790527 -1.7969598770141602
vt -1.2784483432769775 -1.7969598770141602
vt 4.823909282684326 -1.31644868850708
vt 4.669707298278809 -1.2450141906738281
vt 4.669707298278809 -1.8164911270141602
vt 4.823909282684326 -1.8164911270141602
vt -1.4973957538604736 -1.3800222873687744
vt -1.4973957538604736 -2.0050225257873535
vt -1.0026040077209473 -2.0050225257873535
vt -1.0026040077209473 -1.3800222873687744
vt -3.496093511581421 -0.9934276342391968
vt -3.496093511581421 -0.298983097076416
vt -3.0013017654418945 -0.298983097076416
vt -3.0013017654418945 -0.9934276342391968
vt -9.007811546325684 4.144532203674316
vt -8.414061546325684 4.144532203674316
vt -8.414061546325684 4.550782203674316
vt -9.007811546325684 4.550782203674316
vt -7.917967796325684 4.265625953674316
vt -8.511717796325684 4.265625953674316
vt -8.511717796325684 4.671875953674316
vt -7.917967796325684 4.671875953674316
vt 2.548828601837158 -1.2435898780822754
vt 2.8873703479766846 -1.2435898780822754
vt 2.8873703479766846 -1.8044872283935547
vt 2.548828601837158 -1.8044872283935547
vt 2.8873703479766846 -1.2435898780822754
vt 2.548828601837158 -1.2435898780822754
vt 2.548828601837158 -1.8044872283935547
vt 2.8873703479766846 -1.8044872283935547
vt -11.984375 -1.5806775093078613
vt -11.984375 -1.9947912693023682
vt -11.390625 -1.9947912693023682
vt -11.390625 -1.5806775093078613
vt -3.4846229553222656 -1.7832694053649902
vt -3.4846229553222656 -1.3368034362792969
vt -3.013392686843872 -1.3368034362792969
vt -3.013392686843872 -1.7832694053649902
vt -14.390625 16.986330032348633
vt -13.796875 16.986330032348633
vt -13.796875 17.198286056518555
vt -14.390625 17.198286056518555
vt -1.0136717557907104 0.5625
vt -1.3105467557907104 0.5625
vt -1.3105467557907104 0.66847825050354
vt -1.0136717557907104 0.66847825050354
vt -1.455078363418579 -1.2254834175109863
vt -1.2784478664398193 -1.2254829406738281
vt -1.2784478664398193 -1.7969598770141602
vt -1.455078363418579 -1.7969598770141602
vt 4.669707298278809 -1.2450141906738281
vt 4.501488208770752 -1.2450146675109863
vt 4.501488208770752 -1.8164911270141602
vt 4.669707298278809 -1.8164911270141602
vt -2.998046875 -1.6451196670532227
vt -2.998046875 -2.0022928714752197
vt -2.5032548904418945 -2.0022928714752197
vt -2.5032548904418945 -1.6451196670532227
vt 3.511718988418579 -1.9999995231628418
vt 3.511718988418579 -1.4285225868225098
vt 4.10546875 -1.4285225868225098
vt 4.10546875 -1.9999995231628418
vt -14.390625 17.198284149169922
vt -13.796875 17.198284149169922
vt -13.796875 17.392578125
vt -14.390625 17.392578125
vt -1.0136717557907104 0.6684781312942505
vt -1.3105467557907104 0.6684781312942505
vt -1.3105467557907104 0.7656251192092896
vt -1.0136717557907104 0.7656251192092896
vt -1.2784483432769775 -1.2254829406738281
vt -1.1165366172790527 -1.29691743850708
vt -1.1165366172790527 -1.7969598770141602
vt -1.2784483432769775 -1.7969598770141602
vt 4.823909282684326 -1.31644868850708
vt 4.669707298278809 -1.2450141906738281
vt 4.669707298278809 -1.8164911270141602
vt 4.823909282684326 -1.8164911270141602
vt -1.497395634651184 -1.3800222873687744
vt -1.497395634651184 -2.0050225257873535
vt -1.0026038885116577 -2.0050225257873535
vt -1.0026038885116577 -1.3800222873687744
vt -3.496093511581421 -0.9934276342391968
vt -3.496093511581421 -0.298983097076416
vt -3.0013017654418945 -0.298983097076416
vt -3.0013017654418945 -0.9934276342391968
vt -9.007811546325684 4.144532203674316
vt -8.414061546325684 4.144532203674316
vt -8.414061546325684 4.550782203674316
vt -9.007811546325684 4.550782203674316
vt -7.917967796325684 4.265625953674316
vt -8.511717796325684 4.265625953674316
vt -8.511717796325684 4.671875953674316
vt -7.917967796325684 4.671875953674316
vt 2.548828601837158 -1.2435898780822754
vt 2.8873703479766846 -1.2435898780822754
vt 2.8873703479766846 -1.8044872283935547
vt 2.548828601837158 -1.8044872283935547
vt 2.8873703479766846 -1.2435898780822754
vt 2.548828601837158 -1.2435898780822754
vt 2.548828601837158 -1.8044872283935547
vt 2.8873703479766846 -1.8044872283935547
vt -11.984375 -1.5806775093078613
vt -11.984375 -1.9947912693023682
vt -11.390625 -1.9947912693023682
vt -11.390625 -1.5806775093078613
vt -3.484623432159424 -1.7832694053649902
vt -3.484623432159424 -1.3368034362792969
vt -3.0133931636810303 -1.3368034362792969
vt -3.0133931636810303 -1.7832694053649902
vt -14.390625 16.986330032348633
vt -13.796875 16.986330032348633
vt -13.796875 17.198286056518555
vt -14.390625 17.198286056518555
vt -1.013672113418579 0.5625
vt -1.310547113418579 0.5625
vt -1.310547113418579 0.6684781312942505
vt -1.013672113418579 0.66847825050354
vt -1.455077886581421 -1.2254834175109863
vt -1.2784473896026611 -1.2254829406738281
vt -1.2784473896026611 -1.7969598770141602
vt -1.455077886581421 -1.7969598770141602
vt 4.669707298278809 -1.2450141906738281
vt 4.501487731933594 -1.2450146675109863
vt 4.501487731933594 -1.8164911270141602
vt 4.669707298278809 -1.8164911270141602
vt -2.998047351837158 -1.6451196670532227
vt -2.998047351837158 -2.0022928714752197
vt -2.503255605697632 -2.0022928714752197
vt -2.503255605697632 -1.6451196670532227
vt 3.5117194652557373 -1.9999995231628418
vt 3.5117194652557373 -1.4285225868225098
vt 4.105469226837158 -1.4285225868225098
vt 4.105469226837158 -1.9999995231628418
vt -14.390625 17.198284149169922
vt -13.796875 17.198284149169922
vt -13.796875 17.392578125
vt -14.390625 17.392578125
vt -1.013672113418579 0.6684781312942505
vt -1.310547113418579 0.6684780120849609
vt -1.310547113418579 0.765625
vt -1.013672113418579 0.7656248807907104
vt -1.2784476280212402 -1.2254829406738281
vt -1.1165363788604736 -1.29691743850708
vt -1.1165363788604736 -1.7969598770141602
vt -1.2784476280212402 -1.7969598770141602
vt 4.823908805847168 -1.31644868850708
vt 4.669707298278809 -1.2450141906738281
vt 4.669707298278809 -1.8164911270141602
vt 4.823908805847168 -1.8164911270141602
vt -1.4973958730697632 -1.3800222873687744
vt -1.4973958730697632 -2.0050225257873535
vt -1.0026041269302368 -2.0050225257873535
vt -1.0026041269302368 -1.3800222873687744
vt -3.496094226837158 -0.9934276342391968
vt -3.496094226837158 -0.298983097076416
vt -3.0013022422790527 -0.298983097076416
vt -3.0013022422790527 -0.9934276342391968
vt -9.007811546325684 4.14453125
vt -8.414061546325684 4.144531726837158
vt -8.414061546325684 4.550781726837158
vt -9.007811546325684 4.55078125
vt -7.917967796325684 4.265625476837158
vt -8.511717796325684 4.265625
vt -8.511717796325684 4.671875
vt -7.917968273162842 4.671875476837158
vt 2.548828363418579 -1.2435898780822754
vt 2.8873701095581055 -1.2435898780822754
vt 2.8873701095581055 -1.8044872283935547
vt 2.548828363418579 -1.8044872283935547
vt 2.8873698711395264 -1.2435898780822754
vt 2.548828125 -1.2435898780822754
vt 2.548828125 -1.8044872283935547
vt 2.8873698711395264 -1.8044872283935547
vt -11.984375 -1.5806775093078613
vt -11.984375 -1.9947912693023682
vt -11.390625 -1.9947912693023682
vt -11.390625 -1.5806775093078613
vt -3.484623432159424 -1.7832694053649902
vt -3.484623432159424 -1.3368034362792969
vt -3.0133931636810303 -1.3368034362792969
vt -3.0133931636810303 -1.7832694053649902
vt -14.390625 16.986330032348633
vt -13.796875 16.986330032348633
vt -13.796875 17.198286056518555
vt -14.390625 17.198286056518555
vt -1.013672113418579 0.5625
vt -1.310547113418579 0.5625
vt -1.310547113418579 0.66847825050354
vt -1.013672113418579 0.66847825050354
vt -1.455077886581421 -1.2254834175109863
vt -1.2784473896026611 -1.2254829406738281
vt -1.2784473896026611 -1.7969598770141602
vt -1.455077886581421 -1.7969598770141602
vt 4.669707298278809 -1.2450141906738281
vt 4.501487731933594 -1.2450146675109863
vt 4.501487731933594 -1.8164911270141602
vt 4.669707298278809 -1.8164911270141602
vt -2.998047351837158 -1.6451196670532227
vt -2.998047351837158 -2.0022928714752197
vt -2.503255605697632 -2.0022928714752197
vt -2.503255605697632 -1.6451196670532227
vt 3.511719226837158 -1.9999995231628418
vt 3.511719226837158 -1.4285225868225098
vt 4.105469226837158 -1.4285225868225098
vt 4.105469226837158 -1.9999995231628418
vt -14.390625 17.198284149169922
vt -13.796875 17.198284149169922
vt -13.796875 17.392578125
vt -14.390625 17.392578125
vt -1.013672113418579 0.66847825050354
vt -1.310547113418579 0.66847825050354
vt -1.310547113418579 0.765625
vt -1.013672113418579 0.765625
vt -1.2784473896026611 -1.2254829406738281
vt -1.1165361404418945 -1.29691743850708
vt -1.1165361404418945 -1.7969598770141602
vt -1.2784473896026611 -1.7969598770141602
vt 4.823908805847168 -1.31644868850708
vt 4.669707298278809 -1.2450141906738281
vt 4.669707298278809 -1.8164911270141602
vt 4.823908805847168 -1.8164911270141602
vt -1.4973959922790527 -1.3800222873687744
vt -1.4973959922790527 -2.0050225257873535
vt -1.0026042461395264 -2.0050225257873535
vt -1.0026042461395264 -1.3800222873687744
vt -3.496093988418579 -0.9934276342391968
vt -3.496093988418579 -0.298983097076416
vt -3.001302480697632 -0.298983097076416
vt -3.001302480697632 -0.9934276342391968
vt -9.007811546325684 4.144533395767212
vt -8.414061546325684 4.144533395767212
vt -8.414061546325684 4.550783395767212
vt -9.007811546325684 4.550783395767212
vt -7.917968273162842 4.265627145767212
vt -8.511717796325684 4.265627145767212
vt -8.511717796325684 4.671877145767212
vt -7.917968273162842 4.671877145767212
vt 2.5488290786743164 -1.2435898780822754
vt 2.8873708248138428 -1.2435898780822754
vt 2.8873708248138428 -1.8044872283935547
vt 2.5488290786743164 -1.8044872283935547
vt 2.8873708248138428 -1.2435898780822754
vt 2.5488290786743164 -1.2435898780822754
vt 2.5488290786743164 -1.8044872283935547
vt 2.8873708248138428 -1.8044872283935547
vt -11.984375 -1.5806775093078613
vt -11.984375 -1.9947912693023682
vt -11.390625 -1.9947912693023682
vt -11.390625 -1.5806775093078613
vt -3.484623432159424 -1.7832694053649902
vt -3.484623432159424 -1.3368034362792969
vt -3.0133934020996094 -1.3368034362792969
vt -3.0133934020996094 -1.7832694053649902
vt -14.390625 16.986328125
vt -13.796875 16.986328125
vt -13.796875 17.198284149169922
vt -14.390625 17.198284149169922
vt -1.013672113418579 0.5625
vt -1.310547113418579 0.5625
vt -1.310547113418579 0.66847825050354
vt -1.013672113418579 0.6684781312942505
vt -1.455077886581421 -1.2254834175109863
vt -1.2784476280212402 -1.2254829406738281
vt -1.2784476280212402 -1.7969598770141602
vt -1.455077886581421 -1.7969598770141602
vt 4.669708251953125 -1.2450141906738281
vt 4.50148868560791 -1.2450146675109863
vt 4.50148868560791 -1.8164911270141602
vt 4.669708251953125 -1.8164911270141602
vt -2.998047113418579 -1.6451196670532227
vt -2.998047113418579 -2.0022928714752197
vt -2.5032553672790527 -2.0022928714752197
vt -2.5032553672790527 -1.6451196670532227
vt 3.511718988418579 -1.9999995231628418
vt 3.511718988418579 -1.4285225868225098
vt 4.105469226837158 -1.4285225868225098
vt 4.105469226837158 -1.9999995231628418
vt -14.390625 17.198284149169922
vt -13.796875 17.198284149169922
vt -13.796875 17.392578125
vt -14.390625 17.392578125
vt -1.013672113418579 0.6684781312942505
vt -1.310547113418579 0.6684783697128296
vt -1.310547113418579 0.7656251192092896
vt -1.013672113418579 0.7656251192092896
vt -1.2784476280212402 -1.2254829406738281
vt -1.1165359020233154 -1.29691743850708
vt -1.1165359020233154 -1.7969598770141602
vt -1.2784476280212402 -1.7969598770141602
vt 4.823909759521484 -1.31644868850708
vt 4.669708728790283 -1.2450141906738281
vt 4.669708728790283 -1.8164911270141602
vt 4.823909759521484 -1.8164911270141602
vt -1.4973961114883423 -1.3800222873687744
vt -1.4973961114883423 -2.0050225257873535
vt -1.0026044845581055 -2.0050225257873535
vt -1.0026044845581055 -1.3800222873687744
vt -3.496093988418579 -0.9934276342391968
vt -3.496093988418579 -0.298983097076416
vt -3.0013022422790527 -0.298983097076416
vt -3.0013022422790527 -0.9934276342391968
vt -9.007811546325684 4.1445324420928955
vt -8.414061546325684 4.1445324420928955
vt -8.414061546325684 4.5507824420928955
vt -9.007811546325684 4.5507824420928955
vt -7.917968273162842 4.2656261920928955
vt -8.511717796325684 4.2656261920928955
vt -8.511717796325684 4.6718761920928955
vt -7.917968273162842 4.6718761920928955
vt 2.5488290786743164 -1.2435898780822754
vt 2.8873708248138428 -1.2435898780822754
vt 2.8873708248138428 -1.8044872283935547
vt 2.5488290786743164 -1.8044872283935547
vt 2.8873708248138428 -1.2435898780822754
vt 2.5488290786743164 -1.2435898780822754
vt 2.5488290786743164 -1.8044872283935547
vt 2.8873708248138428 -1.8044872283935547
vt -11.984375 -1.5806775093078613
vt -11.984375 -1.9947912693023682
vt -11.390625 -1.9947912693023682
vt -11.390625 -1.5806775093078613
vt -3.4846229553222656 -1.7832694053649902
vt -3.4846229553222656 -1.3368034362792969
vt -3.013392686843872 -1.3368034362792969
vt -3.013392686843872 -1.7832694053649902
vt -14.390625 16.986330032348633
vt -13.796875 16.986330032348633
vt -13.796875 17.198286056518555
vt -14.390625 17.198286056518555
vt -1.013671875 0.5625
vt -1.310546875 0.5625
vt -1.310546875 0.66847825050354
vt -1.013671875 0.66847825050354
vt -1.4550784826278687 -1.2254834175109863
vt -1.2784479856491089 -1.2254829406738281
vt -1.2784479856491089 -1.7969598770141602
vt -1.4550784826278687 -1.7969598770141602
vt 4.669707298278809 -1.2450141906738281
vt 4.501488208770752 -1.2450146675109863
vt 4.501488208770752 -1.8164911270141602
vt 4.669707298278809 -1.8164911270141602
vt -2.998046875 -1.6451196670532227
vt -2.998046875 -2.0022928714752197
vt -2.5032551288604736 -2.0022928714752197
vt -2.5032551288604736 -1.6451196670532227
vt 3.51171875 -1.9999995231628418
vt 3.51171875 -1.4285225868225098
vt 4.10546875 -1.4285225868225098
vt 4.10546875 -1.9999995231628418
vt -14.390625 17.198284149169922
vt -13.796875 17.198284149169922
vt -13.796875 17.392578125
vt -14.390625 17.392578125
vt -1.013671875 0.6684781312942505
vt -1.310546875 0.6684781312942505
vt -1.310546875 0.7656251192092896
vt -1.013671875 0.7656251192092896
vt -1.2784483432769775 -1.2254829406738281
vt -1.1165366172790527 -1.29691743850708
vt -1.1165366172790527 -1.7969598770141602
vt -1.2784483432769775 -1.7969598770141602
vt 4.823909282684326 -1.31644868850708
vt 4.669707298278809 -1.2450141906738281
vt 4.669707298278809 -1.8164911270141602
vt 4.823909282684326 -1.8164911270141602
vt -1.4973958730697632 -1.3800222873687744
vt -1.4973958730697632 -2.0050225257873535
vt -1.0026042461395264 -2.0050225257873535
vt -1.0026042461395264 -1.3800222873687744
vt -3.49609375 -0.9934276342391968
vt -3.49609375 -0.298983097076416
vt -3.0013020038604736 -0.298983097076416
vt -3.0013020038604736 -0.9934276342391968
vt -9.007811546325684 4.144532203674316
vt -8.414061546325684 4.144532203674316
vt -8.414061546325684 4.550782203674316
vt -9.007811546325684 4.550782203674316
vt -7.917967796325684 4.265625953674316
vt -8.511717796325684 4.265625953674316
vt -8.511717796325684 4.671875953674316
vt -7.917967796325684 4.671875953674316
vt 2.548828601837158 -1.2435898780822754
vt 2.8873705863952637 -1.2435898780822754
vt 2.8873705863952637 -1.8044872283935547
vt 2.548828601837158 -1.8044872283935547
vt 2.8873703479766846 -1.2435898780822754
vt 2.548828601837158 -1.2435898780822754
vt 2.548828601837158 -1.8044872283935547
vt 2.8873703479766846 -1.8044872283935547
vt -11.984375 -1.5806775093078613
vt -11.984375 -1.9947912693023682
vt -11.390625 -1.9947912693023682
vt -11.390625 -1.5806775093078613
vt -3.4846229553222656 -1.7832694053649902
vt -3.4846229553222656 -1.3368034362792969
vt -3.013392686843872 -1.3368034362792969
vt -3.013392686843872 -1.7832694053649902
vt -14.390625 16.986330032348633
vt -13.796875 16.986330032348633
vt -13.796875 17.198286056518555
vt -14.390625 17.198286056518555
vt -1.0136717557907104 0.5625
vt -1.3105467557907104 0.5625
vt -1.310546875 0.66847825050354
vt -1.013671875 0.66847825050354
vt -1.4550784826278687 -1.2254834175109863
vt -1.2784479856491089 -1.2254829406738281
vt -1.2784479856491089 -1.7969598770141602
vt -1.4550784826278687 -1.7969598770141602
vt 4.669707298278809 -1.2450141906738281
vt 4.501488208770752 -1.2450146675109863
vt 4.501488208770752 -1.8164911270141602
vt 4.669707298278809 -1.8164911270141602
vt -2.998046398162842 -1.6451196670532227
vt -2.998046398162842 -2.0022928714752197
vt -2.5032548904418945 -2.0022928714752197
vt -2.5032548904418945 -1.6451196670532227
vt 3.51171875 -1.9999995231628418
vt 3.51171875 -1.4285225868225098
vt 4.10546875 -1.4285225868225098
vt 4.10546875 -1.9999995231628418
vt -14.390625 17.198284149169922
vt -13.796875 17.198284149169922
vt -13.796875 17.392578125
vt -14.390625 17.392578125
vt -1.013671875 0.6684781312942505
vt -1.310546875 0.6684781312942505
vt -1.310546875 0.7656251192092896
vt -1.013671875 0.7656251192092896
vt -1.2784483432769775 -1.2254829406738281
vt -1.1165366172790527 -1.29691743850708
vt -1.1165366172790527 -1.7969598770141602
vt -1.2784483432769775 -1.7969598770141602
vt 4.823909282684326 -1.31644868850708
vt 4.669707298278809 -1.2450141906738281
vt 4.669707298278809 -1.8164911270141602
vt 4.823909282684326 -1.8164911270141602
vt -1.497395634651184 -1.3800222873687744
vt -1.497395634651184 -2.0050225257873535
vt -1.0026040077209473 -2.0050225257873535
vt -1.0026040077209473 -1.3800222873687744
vt -3.496093273162842 -0.9934276342391968
vt -3.496093273162842 -0.298983097076416
vt -3.0013017654418945 -0.298983097076416
vt -3.0013017654418945 -0.9934276342391968
vt -9.007811546325684 4.144532203674316
vt -8.414061546325684 4.144532203674316
vt -8.414061546325684 4.550782203674316
vt -9.007811546325684 4.550782203674316
vt -7.917967796325684 4.265625953674316
vt -8.511717796325684 4.265625953674316
vt -8.511717796325684 4.671875953674316
vt -7.917967796325684 4.671875953674316
vt 2.548828601837158 -1.2435898780822754
vt 2.8873705863952637 -1.2435898780822754
vt 2.8873705863952637 -1.8044872283935547
vt 2.548828601837158 -1.8044872283935547
vt 2.8873705863952637 -1.2435898780822754
vt 2.548828601837158 -1.2435898780822754
vt 2.548828601837158 -1.8044872283935547
vt 2.8873705863952637 -1.8044872283935547
vt -11.984375 -1.5806775093078613
vt -11.984375 -1.9947912693023682
vt -11.390625 -1.9947912693023682
vt -11.390625 -1.5806775093078613
vt -3.484623432159424 -1.7832694053649902
vt -3.484623432159424 -1.3368034362792969
vt -3.013392925262451 -1.3368034362792969
vt -3.013392925262451 -1.7832694053649902
vt -14.390625 16.986330032348633
vt -13.796875 16.986330032348633
vt -13.796875 17.198286056518555
vt -14.390625 17.198286056518555
vt -1.013672113418579 0.5625
vt -1.310547113418579 0.5625
vt -1.310547113418579 0.66847825050354
vt -1.013672113418579 0.66847825050354
vt -1.4550776481628418 -1.2254834175109863
vt -1.278447151184082 -1.2254829406738281
vt -1.278447151184082 -1.7969598770141602
vt -1.4550776481628418 -1.7969598770141602
vt 4.669707298278809 -1.2450141906738281
vt 4.501487731933594 -1.2450146675109863
vt 4.501487731933594 -1.8164911270141602
vt 4.669707298278809 -1.8164911270141602
vt -2.998047113418579 -1.6451196670532227
vt -2.998047113418579 -2.0022928714752197
vt -2.5032553672790527 -2.0022928714752197
vt -2.5032553672790527 -1.6451196670532227
vt 3.511719226837158 -1.9999995231628418
vt 3.511719226837158 -1.4285225868225098
vt 4.105469226837158 -1.4285225868225098
vt 4.105469226837158 -1.9999995231628418
vt -14.390625 17.198284149169922
vt -13.796875 17.198284149169922
vt -13.796875 17.392578125
vt -14.390625 17.392578125
vt -1.013672113418579 0.66847825050354
vt -1.310547113418579 0.66847825050354
vt -1.310547113418579 0.765625
vt -1.013672113418579 0.765625
vt -1.278447151184082 -1.2254829406738281
vt -1.1165359020233154 -1.29691743850708
vt -1.1165359020233154 -1.7969598770141602
vt -1.278447151184082 -1.7969598770141602
vt 4.823908805847168 -1.31644868850708
vt 4.669707298278809 -1.2450141906738281
vt 4.669707298278809 -1.8164911270141602
vt 4.823908805847168 -1.8164911270141602
vt -1.4973958730697632 -1.3800222873687744
vt -1.4973958730697632 -2.0050225257873535
vt -1.0026042461395264 -2.0050225257873535
vt -1.0026042461395264 -1.3800222873687744
vt -3.496093988418579 -0.9934276342391968
vt -3.496093988418579 -0.298983097076416
vt -3.0013022422790527 -0.298983097076416
vt -3.0013022422790527 -0.9934276342391968
vt -9.0078125 4.144533395767212
vt -8.4140625 4.144533395767212
vt -8.4140625 4.550783395767212
vt -9.0078125 4.550783395767212
vt -7.917968273162842 4.265627145767212
vt -8.51171875 4.265627145767212
vt -8.51171875 4.671877145767212
vt -7.917968273162842 4.671877145767212
vt 2.5488288402557373 -1.2435898780822754
vt 2.8873705863952637 -1.2435898780822754
vt 2.8873705863952637 -1.8044872283935547
vt 2.5488288402557373 -1.8044872283935547
vt 2.8873705863952637 -1.2435898780822754
vt 2.5488288402557373 -1.2435898780822754
vt 2.5488288402557373 -1.8044872283935547
vt 2.8873705863952637 -1.8044872283935547
vt -11.984375 -1.5806775093078613
vt -11.984375 -1.9947912693023682
vt -11.390625 -1.9947912693023682
vt -11.390625 -1.5806775093078613
vt -3.4846231937408447 -1.7832694053649902
vt -3.4846231937408447 -1.3368034362792969
vt -3.013392925262451 -1.3368034362792969
vt -3.013392925262451 -1.7832694053649902
vt -14.390625 16.986328125
vt -13.796875 16.986328125
vt -13.796875 17.198284149169922
vt -14.390625 17.198284149169922
vt -1.013672113418579 0.5625
vt -1.310547113418579 0.5625
vt -1.310547113418579 0.66847825050354
vt -1.013672113418579 0.6684781312942505
vt -1.4550776481628418 -1.2254834175109863
vt -1.2784473896026611 -1.2254829406738281
vt -1.2784473896026611 -1.7969598770141602
vt -1.4550776481628418 -1.7969598770141602
vt 4.669708251953125 -1.2450141906738281
vt 4.50148868560791 -1.2450146675109863
vt 4.50148868560791 -1.8164911270141602
vt 4.669708251953125 -1.8164911270141602
vt -2.998047113418579 -1.6451196670532227
vt -2.998047113418579 -2.0022928714752197
vt -2.5032553672790527 -2.0022928714752197
vt -2.5032553672790527 -1.6451196670532227
vt 3.511719226837158 -1.9999995231628418
vt 3.511719226837158 -1.4285225868225098
vt 4.105469226837158 -1.4285225868225098
vt 4.105469226837158 -1.9999995231628418
vt -14.390625 17.198284149169922
vt -13.796875 17.198284149169922
vt -13.796875 17.392578125
vt -14.390625 17.392578125
vt -1.013672113418579 0.6684781312942505
vt -1.310547113418579 0.6684783697128296
vt -1.310547113418579 0.7656251192092896
vt -1.013672113418579 0.7656251192092896
vt -1.2784473896026611 -1.2254829406738281
vt -1.1165356636047363 -1.29691743850708
vt -1.1165356636047363 -1.7969598770141602
vt -1.2784473896026611 -1.7969598770141602
vt 4.823909759521484 -1.31644868850708
vt 4.669708251953125 -1.2450141906738281
vt 4.669708251953125 -1.8164911270141602
vt 4.823909759521484 -1.8164911270141602
vt -1.4973962306976318 -1.3800222873687744
vt -1.4973962306976318 -2.0050225257873535
vt -1.002604603767395 -2.0050225257873535
vt -1.002604603767395 -1.3800222873687744
vt -3.496093988418579 -0.9934276342391968
vt -3.496093988418579 -0.298983097076416
vt -3.0013022422790527 -0.298983097076416
vt -3.0013022422790527 -0.9934276342391968
vt -9.007811546325684 4.1445324420928955
vt -8.414061546325684 4.1445324420928955
vt -8.414061546325684 4.5507824420928955
vt -9.007811546325684 4.5507824420928955
vt -7.917968273162842 4.2656261920928955
vt -8.511717796325684 4.2656261920928955
vt -8.511717796325684 4.6718761920928955
vt -7.917968273162842 4.6718761920928955
vt 2.5488288402557373 -1.2435898780822754
vt 2.8873705863952637 -1.2435898780822754
vt 2.8873705863952637 -1.8044872283935547
vt 2.5488288402557373 -1.8044872283935547
vt 2.8873705863952637 -1.2435898780822754
vt 2.5488288402557373 -1.2435898780822754
vt 2.5488288402557373 -1.8044872283935547
vt 2.8873705863952637 -1.8044872283935547
vt -11.984375 -1.5806775093078613
vt -11.984375 -1.9947912693023682
vt -11.390625 -1.9947912693023682
vt -11.390625 -1.5806775093078613
vt -3.4846231937408447 -1.7832694053649902
vt -3.4846231937408447 -1.3368034362792969
vt -3.013392925262451 -1.3368034362792969
vt -3.013392925262451 -1.7832694053649902
vt -14.390625 16.986330032348633
vt -13.796875 16.986330032348633
vt -13.796875 17.198286056518555
vt -14.390625 17.198286056518555
vt -1.013671875 0.5624999403953552
vt -1.310546875 0.5624999403953552
vt -1.310546875 0.6684781908988953
vt -1.013671875 0.6684781908988953
vt -1.4550782442092896 -1.2254834175109863
vt -1.2784478664398193 -1.2254829406738281
vt -1.2784478664398193 -1.7969598770141602
vt -1.4550782442092896 -1.7969598770141602
vt 4.669707298278809 -1.2450141906738281
vt 4.501487731933594 -1.2450146675109863
vt 4.501487731933594 -1.8164911270141602
vt 4.669707298278809 -1.8164911270141602
vt -2.998046636581421 -1.6451196670532227
vt -2.998046636581421 -2.0022928714752197
vt -2.5032551288604736 -2.0022928714752197
vt -2.5032551288604736 -1.6451196670532227
vt 3.51171875 -1.9999995231628418
vt 3.51171875 -1.4285225868225098
vt 4.10546875 -1.4285225868225098
vt 4.10546875 -1.9999995231628418
vt -14.390625 17.198284149169922
vt -13.796875 17.198284149169922
vt -13.796875 17.392578125
vt -14.390625 17.392578125
vt -1.013671875 0.6684780716896057
vt -1.310546875 0.6684780716896057
vt -1.310546875 0.7656250596046448
vt -1.013671875 0.7656250596046448
vt -1.278448224067688 -1.2254829406738281
vt -1.1165366172790527 -1.29691743850708
vt -1.1165366172790527 -1.7969598770141602
vt -1.278448224067688 -1.7969598770141602
vt 4.823908805847168 -1.31644868850708
vt 4.669707298278809 -1.2450141906738281
vt 4.669707298278809 -1.8164911270141602
vt 4.823908805847168 -1.8164911270141602
vt -1.4973958730697632 -1.3800222873687744
vt -1.4973958730697632 -2.0050225257873535
vt -1.002604365348816 -2.0050225257873535
vt -1.002604365348816 -1.3800222873687744
vt -3.496093511581421 -0.9934276342391968
vt -3.496093511581421 -0.298983097076416
vt -3.0013020038604736 -0.298983097076416
vt -3.0013020038604736 -0.9934276342391968
vt -9.007811546325684 4.144532203674316
vt -8.414061546325684 4.144532203674316
vt -8.414061546325684 4.550782203674316
vt -9.007811546325684 4.550782203674316
vt -7.917967796325684 4.265625953674316
vt -8.511717796325684 4.265625953674316
vt -8.511717796325684 4.671875953674316
vt -7.917967796325684 4.671875953674316
vt 2.548828601837158 -1.2435898780822754
vt 2.8873703479766846 -1.2435898780822754
vt 2.8873703479766846 -1.8044872283935547
vt 2.548828601837158 -1.8044872283935547
vt 2.8873703479766846 -1.2435898780822754
vt 2.548828601837158 -1.2435898780822754
vt 2.548828601837158 -1.8044872283935547
vt 2.8873703479766846 -1.8044872283935547
vt -11.984375 -1.5806775093078613
vt -11.984375 -1.9947912693023682
vt -11.390625 -1.9947912693023682
vt -11.390625 -1.5806775093078613
vt -3.4846229553222656 -1.7832694053649902
vt -3.4846229553222656 -1.3368034362792969
vt -3.013392925262451 -1.3368034362792969
vt -3.013392925262451 -1.7832694053649902
vt -14.390625 16.986330032348633
vt -13.796875 16.986330032348633
vt -13.796875 17.198286056518555
vt -14.390625 17.198286056518555
vt -1.013671875 0.5624999403953552
vt -1.310546875 0.5624999403953552
vt -1.310546875 0.6684781908988953
vt -1.013671875 0.6684781908988953
vt -1.4550782442092896 -1.2254834175109863
vt -1.2784478664398193 -1.2254829406738281
vt -1.2784478664398193 -1.7969598770141602
vt -1.4550782442092896 -1.7969598770141602
vt 4.669707298278809 -1.2450141906738281
vt 4.501487731933594 -1.2450146675109863
vt 4.501487731933594 -1.8164911270141602
vt 4.669707298278809 -1.8164911270141602
vt -2.998046875 -1.6451196670532227
vt -2.998046875 -2.0022928714752197
vt -2.5032551288604736 -2.0022928714752197
vt -2.5032551288604736 -1.6451196670532227
vt 3.51171875 -1.9999995231628418
vt 3.51171875 -1.4285225868225098
vt 4.10546875 -1.4285225868225098
vt 4.10546875 -1.9999995231628418
vt -14.390625 17.198284149169922
vt -13.796875 17.198284149169922
vt -13.796875 17.392578125
vt -14.390625 17.392578125
vt -1.013671875 0.6684780716896057
vt -1.310546875 0.6684780716896057
vt -1.310546875 0.7656250596046448
vt -1.013671875 0.7656250894069672
vt -1.278448224067688 -1.2254829406738281
vt -1.1165366172790527 -1.29691743850708
vt -1.1165366172790527 -1.7969598770141602
vt -1.278448224067688 -1.7969598770141602
vt 4.823908805847168 -1.31644868850708
vt 4.669707298278809 -1.2450141906738281
vt 4.669707298278809 -1.8164911270141602
vt 4.823908805847168 -1.8164911270141602
vt -1.4973957538604736 -1.3800222873687744
vt -1.4973957538604736 -2.0050225257873535
vt -1.0026041269302368 -2.0050225257873535
vt -1.0026041269302368 -1.3800222873687744
vt -3.49609375 -0.9934276342391968
vt -3.49609375 -0.298983097076416
vt -3.0013020038604736 -0.298983097076416
vt -3.0013020038604736 -0.9934276342391968
vt -9.007811546325684 4.144532203674316
vt -8.414061546325684 4.144532203674316
vt -8.414061546325684 4.550782203674316
vt -9.007811546325684 4.550782203674316
vt -7.917967796325684 4.265625953674316
vt -8.511717796325684 4.265625953674316
vt -8.511717796325684 4.671875953674316
vt -7.917967796325684 4.671875953674316
vt 2.548828601837158 -1.2435898780822754
vt 2.8873705863952637 -1.2435898780822754
vt 2.8873705863952637 -1.8044872283935547
vt 2.548828601837158 -1.8044872283935547
vt 2.8873703479766846 -1.2435898780822754
vt 2.548828601837158 -1.2435898780822754
vt 2.548828601837158 -1.8044872283935547
vt 2.8873703479766846 -1.8044872283935547
vt -11.984375 -1.5806775093078613
vt -11.984375 -1.9947912693023682
vt -11.390625 -1.9947912693023682
vt -11.390625 -1.5806775093078613
vt -3.4846229553222656 -1.7832694053649902
vt -3.4846229553222656 -1.3368034362792969
vt -3.013392925262451 -1.3368034362792969
vt -3.013392925262451 -1.7832694053649902
vt -14.390625 16.986330032348633
vt -13.796875 16.986330032348633
vt -13.796875 17.198286056518555
vt -14.390625 17.198286056518555
vt -1.013671875 0.5624999403953552
vt -1.310546875 0.5624999403953552
vt -1.310546875 0.6684781908988953
vt -1.013671875 0.6684781908988953
vt -1.455078125 -1.2254834175109863
vt -1.2784478664398193 -1.2254829406738281
vt -1.2784478664398193 -1.7969598770141602
vt -1.455078125 -1.7969598770141602
vt 4.669707298278809 -1.2450141906738281
vt 4.501487731933594 -1.2450146675109863
vt 4.501487731933594 -1.8164911270141602
vt 4.669707298278809 -1.8164911270141602
vt -2.998046875 -1.6451196670532227
vt -2.998046875 -2.0022928714752197
vt -2.5032551288604736 -2.0022928714752197
vt -2.5032551288604736 -1.6451196670532227
vt 3.51171875 -1.9999995231628418
vt 3.51171875 -1.4285225868225098
vt 4.10546875 -1.4285225868225098
vt 4.10546875 -1.9999995231628418
vt -14.390625 17.198284149169922
vt -13.796875 17.198284149169922
vt -13.796875 17.392578125
vt -14.390625 17.392578125
vt -1.013671875 0.6684780716896057
vt -1.310546875 0.6684780716896057
vt -1.310546875 0.7656250894069672
vt -1.013671875 0.7656250894069672
vt -1.278448224067688 -1.2254829406738281
vt -1.1165366172790527 -1.29691743850708
vt -1.1165366172790527 -1.7969598770141602
vt -1.278448224067688 -1.7969598770141602
vt 4.823908805847168 -1.31644868850708
vt 4.669707298278809 -1.2450141906738281
vt 4.669707298278809 -1.8164911270141602
vt 4.823908805847168 -1.8164911270141602
vt -1.4973958730697632 -1.3800222873687744
vt -1.4973958730697632 -2.0050225257873535
vt -1.0026041269302368 -2.0050225257873535
vt -1.0026041269302368 -1.3800222873687744
vt -3.49609375 -0.9934276342391968
vt -3.49609375 -0.298983097076416
vt -3.0013017654418945 -0.298983097076416
vt -3.0013017654418945 -0.9934276342391968
vt -9.007811546325684 4.144532203674316
vt -8.414061546325684 4.144532203674316
vt -8.414061546325684 4.550782203674316
vt -9.007811546325684 4.550782203674316
vt -7.917967796325684 4.265625953674316
vt -8.511717796325684 4.265625953674316
vt -8.511717796325684 4.671875953674316
vt -7.917967796325684 4.671875953674316
vt 2.5488288402557373 -1.2435898780822754
vt 2.8873705863952637 -1.2435898780822754
vt 2.8873705863952637 -1.8044872283935547
vt 2.5488288402557373 -1.8044872283935547
vt 2.8873705863952637 -1.2435898780822754
vt 2.548828601837158 -1.2435898780822754
vt 2.548828601837158 -1.8044872283935547
vt 2.8873705863952637 -1.8044872283935547
vt -11.984375 -1.5806775093078613
vt -11.984375 -1.9947912693023682
vt -11.390625 -1.9947912693023682
vt -11.390625 -1.5806775093078613
vt -3.484623432159424 -1.7832694053649902
vt -3.484623432159424 -1.3368034362792969
vt -3.0133931636810303 -1.3368034362792969
vt -3.0133931636810303 -1.7832694053649902
vt -14.390625 16.986330032348633
vt -13.796875 16.986330032348633
vt -13.796875 17.198286056518555
vt -14.390625 17.198286056518555
vt -1.013672113418579 0.5625
vt -1.310547113418579 0.5625001192092896
vt -1.310547113418579 0.66847825050354
vt -1.013672113418579 0.66847825050354
vt -1.4550780057907104 -1.2254834175109863
vt -1.2784476280212402 -1.2254829406738281
vt -1.2784476280212402 -1.7969598770141602
vt -1.4550780057907104 -1.7969598770141602
vt 4.669707775115967 -1.2450141906738281
vt 4.501488208770752 -1.2450146675109863
vt 4.501488208770752 -1.8164911270141602
vt 4.669707775115967 -1.8164911270141602
vt -2.998047351837158 -1.6451196670532227
vt -2.998047351837158 -2.0022928714752197
vt -2.5032553672790527 -2.0022928714752197
vt -2.5032553672790527 -1.6451196670532227
vt 3.511719226837158 -1.9999995231628418
vt 3.511719226837158 -1.4285225868225098
vt 4.105469226837158 -1.4285225868225098
vt 4.105469226837158 -1.9999995231628418
vt -14.390625 17.198284149169922
vt -13.796875 17.198284149169922
vt -13.796875 17.392578125
vt -14.390625 17.392578125
vt -1.013672113418579 0.6684781312942505
vt -1.310547113418579 0.6684781312942505
vt -1.310547113418579 0.7656251192092896
vt -1.013672113418579 0.7656248807907104
vt -1.2784478664398193 -1.2254829406738281
vt -1.1165366172790527 -1.29691743850708
vt -1.1165366172790527 -1.7969598770141602
vt -1.2784478664398193 -1.7969598770141602
vt 4.823908805847168 -1.31644868850708
vt 4.669707298278809 -1.2450141906738281
vt 4.669707298278809 -1.8164911270141602
vt 4.823908805847168 -1.8164911270141602
vt -1.497395634651184 -1.3800222873687744
vt -1.497395634651184 -2.0050225257873535
vt -1.0026038885116577 -2.0050225257873535
vt -1.0026038885116577 -1.3800222873687744
vt -3.496093988418579 -0.9934276342391968
vt -3.496093988418579 -0.298983097076416
vt -3.0013022422790527 -0.298983097076416
vt -3.0013022422790527 -0.9934276342391968
vt -9.007811546325684 4.144531488418579
vt -8.414061546325684 4.144531488418579
vt -8.414061546325684 4.550781488418579
vt -9.007811546325684 4.550781488418579
vt -7.917967796325684 4.265625238418579
vt -8.511717796325684 4.265625238418579
vt -8.511717796325684 4.671875238418579
vt -7.917967796325684 4.671875238418579
vt 2.548828125 -1.2435898780822754
vt 2.8873701095581055 -1.2435898780822754
vt 2.8873701095581055 -1.8044872283935547
vt 2.548828125 -1.8044872283935547
vt 2.8873698711395264 -1.2435898780822754
vt 2.548828125 -1.2435898780822754
vt 2.548828125 -1.8044872283935547
vt 2.8873698711395264 -1.8044872283935547
vt -11.984375 -1.5806775093078613
vt -11.984375 -1.9947912693023682
vt -11.390625 -1.9947912693023682
vt -11.390625 -1.5806775093078613
vt -3.4846229553222656 -1.7832694053649902
vt -3.4846229553222656 -1.3368034362792969
vt -3.013392925262451 -1.3368034362792969
vt -3.013392925262451 -1.7832694053649902
vt -14.390625 16.986330032348633
vt -13.796875 16.986330032348633
vt -13.796875 17.198286056518555
vt -14.390625 17.198286056518555
vt -1.0136719942092896 0.5625000596046448
vt -1.3105469942092896 0.5625
vt -1.3105469942092896 0.66847825050354
vt -1.0136719942092896 0.6684783101081848
vt -1.4550780057907104 -1.2254834175109863
vt -1.2784476280212402 -1.2254829406738281
vt -1.2784476280212402 -1.7969598770141602
vt -1.4550780057907104 -1.7969598770141602
vt 4.669707775115967 -1.2450141906738281
vt 4.501488208770752 -1.2450146675109863
vt 4.501488208770752 -1.8164911270141602
vt 4.669707775115967 -1.8164911270141602
vt -2.998046875 -1.6451196670532227
vt -2.998046875 -2.0022928714752197
vt -2.5032553672790527 -2.0022928714752197
vt -2.5032553672790527 -1.6451196670532227
vt 3.5117194652557373 -1.9999995231628418
vt 3.5117194652557373 -1.4285225868225098
vt 4.105469703674316 -1.4285225868225098
vt 4.105469703674316 -1.9999995231628418
vt -14.390625 17.198284149169922
vt -13.796875 17.198284149169922
vt -13.796875 17.392578125
vt -14.390625 17.392578125
vt -1.0136719942092896 0.6684783101081848
vt -1.3105469942092896 0.66847825050354
vt -1.3105469942092896 0.765625
vt -1.0136719942092896 0.7656250596046448
vt -1.2784476280212402 -1.2254829406738281
vt -1.1165363788604736 -1.29691743850708
vt -1.1165363788604736 -1.7969598770141602
vt -1.2784476280212402 -1.7969598770141602
vt 4.823908805847168 -1.31644868850708
vt 4.669707775115967 -1.2450141906738281
vt 4.669707775115967 -1.8164911270141602
vt 4.823908805847168 -1.8164911270141602
vt -1.4973958730697632 -1.3800222873687744
vt -1.4973958730697632 -2.0050225257873535
vt -1.0026042461395264 -2.0050225257873535
vt -1.0026042461395264 -1.3800222873687744
vt -3.49609375 -0.9934276342391968
vt -3.49609375 -0.298983097076416
vt -3.0013022422790527 -0.298983097076416
vt -3.0013022422790527 -0.9934276342391968
vt -9.007811546325684 4.144533157348633
vt -8.414061546325684 4.144533395767212
vt -8.414061546325684 4.550783395767212
vt -9.007811546325684 4.550783157348633
vt -7.917967796325684 4.265626907348633
vt -8.511717796325684 4.265626907348633
vt -8.511717796325684 4.671876907348633
vt -7.917967796325684 4.671876907348633
vt 2.5488290786743164 -1.2435898780822754
vt 2.8873705863952637 -1.2435898780822754
vt 2.8873705863952637 -1.8044872283935547
vt 2.5488290786743164 -1.8044872283935547
vt 2.8873705863952637 -1.2435898780822754
vt 2.5488290786743164 -1.2435898780822754
vt 2.5488290786743164 -1.8044872283935547
vt 2.8873705863952637 -1.8044872283935547
vt -11.984375 -1.5806775093078613
vt -11.984375 -1.9947912693023682
vt -11.390625 -1.9947912693023682
vt -11.390625 -1.5806775093078613
vt -3.4846231937408447 -1.7832694053649902
vt -3.4846231937408447 -1.3368034362792969
vt -3.013392925262451 -1.3368034362792969
vt -3.013392925262451 -1.7832694053649902
vt -14.390625 16.986328125
vt -13.796875 16.986328125
vt -13.796875 17.198284149169922
vt -14.390625 17.198284149169922
vt -1.0136719942092896 0.5625001192092896
vt -1.3105469942092896 0.5625000596046448
vt -1.3105469942092896 0.6684783101081848
vt -1.0136719942092896 0.66847825050354
vt -1.455077886581421 -1.2254834175109863
vt -1.2784477472305298 -1.2254829406738281
vt -1.2784477472305298 -1.7969598770141602
vt -1.455077886581421 -1.7969598770141602
vt 4.669708251953125 -1.2450141906738281
vt 4.501489162445068 -1.2450146675109863
vt 4.501489162445068 -1.8164911270141602
vt 4.669708251953125 -1.8164911270141602
vt -2.998047113418579 -1.6451196670532227
vt -2.998047113418579 -2.0022928714752197
vt -2.503255605697632 -2.0022928714752197
vt -2.503255605697632 -1.6451196670532227
vt 3.511718988418579 -1.9999995231628418
vt 3.511718988418579 -1.4285225868225098
vt 4.10546875 -1.4285225868225098
vt 4.10546875 -1.9999995231628418
vt -14.390625 17.198284149169922
vt -13.796875 17.198284149169922
vt -13.796875 17.392578125
vt -14.390625 17.392578125
vt -1.0136719942092896 0.66847825050354
vt -1.3105469942092896 0.6684784293174744
vt -1.3105469942092896 0.7656251788139343
vt -1.0136719942092896 0.7656252384185791
vt -1.2784477472305298 -1.2254829406738281
vt -1.116536021232605 -1.29691743850708
vt -1.116536021232605 -1.7969598770141602
vt -1.2784477472305298 -1.7969598770141602
vt 4.823909759521484 -1.31644868850708
vt 4.669708728790283 -1.2450141906738281
vt 4.669708728790283 -1.8164911270141602
vt 4.823909759521484 -1.8164911270141602
vt -1.4973959922790527 -1.3800222873687744
vt -1.4973959922790527 -2.0050225257873535
vt -1.0026044845581055 -2.0050225257873535
vt -1.0026044845581055 -1.3800222873687744
vt -3.496093988418579 -0.9934276342391968
vt -3.496093988418579 -0.298983097076416
vt -3.001302480697632 -0.298983097076416
vt -3.001302480697632 -0.9934276342391968
vt -9.007811546325684 4.1445324420928955
vt -8.414061546325684 4.144532680511475
vt -8.414061546325684 4.550782680511475
vt -9.007811546325684 4.5507824420928955
vt -7.917967796325684 4.2656261920928955
vt -8.511717796325684 4.265625953674316
vt -8.511717796325684 4.671875953674316
vt -7.917967796325684 4.6718761920928955
vt 2.5488290786743164 -1.2435898780822754
vt 2.8873705863952637 -1.2435898780822754
vt 2.8873705863952637 -1.8044872283935547
vt 2.5488290786743164 -1.8044872283935547
vt 2.8873705863952637 -1.2435898780822754
vt 2.5488290786743164 -1.2435898780822754
vt 2.5488290786743164 -1.8044872283935547
vt 2.8873705863952637 -1.8044872283935547
vt -11.984375 -1.5806775093078613
vt -11.984375 -1.9947912693023682
vt -11.390625 -1.9947912693023682
vt -11.390625 -1.5806775093078613
vt -3.4846229553222656 -1.7832694053649902
vt -3.4846229553222656 -1.3368034362792969
vt -3.013392686843872 -1.3368034362792969
vt -3.013392686843872 -1.7832694053649902
vt -14.390625 16.986330032348633
vt -13.796875 16.986330032348633
vt -13.796875 17.198286056518555
vt -14.390625 17.198286056518555
vt -1.0136717557907104 0.5625
vt -1.3105467557907104 0.5625
vt -1.3105467557907104 0.66847825050354
vt -1.0136717557907104 0.66847825050354
vt -1.4550782442092896 -1.2254834175109863
vt -1.2784478664398193 -1.2254829406738281
vt -1.2784478664398193 -1.7969598770141602
vt -1.4550782442092896 -1.7969598770141602
vt 4.669707298278809 -1.2450141906738281
vt 4.501487731933594 -1.2450146675109863
vt 4.501487731933594 -1.8164911270141602
vt 4.669707298278809 -1.8164911270141602
vt -2.998046636581421 -1.6451196670532227
vt -2.998046636581421 -2.0022928714752197
vt -2.5032551288604736 -2.0022928714752197
vt -2.5032551288604736 -1.6451196670532227
vt 3.511718988418579 -1.9999995231628418
vt 3.511718988418579 -1.4285225868225098
vt 4.10546875 -1.4285225868225098
vt 4.10546875 -1.9999995231628418
vt -14.390625 17.198284149169922
vt -13.796875 17.198284149169922
vt -13.796875 17.392578125
vt -14.390625 17.392578125
vt -1.0136717557907104 0.6684781312942505
vt -1.3105467557907104 0.6684781312942505
vt -1.3105467557907104 0.7656251192092896
vt -1.0136717557907104 0.7656251192092896
vt -1.278448224067688 -1.2254829406738281
vt -1.1165366172790527 -1.29691743850708
vt -1.1165366172790527 -1.7969598770141602
vt -1.278448224067688 -1.7969598770141602
vt 4.823908805847168 -1.31644868850708
vt 4.669707298278809 -1.2450141906738281
vt 4.669707298278809 -1.8164911270141602
vt 4.823908805847168 -1.8164911270141602
vt -1.4973957538604736 -1.3800222873687744
vt -1.4973957538604736 -2.0050225257873535
vt -1.0026041269302368 -2.0050225257873535
vt -1.0026041269302368 -1.3800222873687744
vt -3.496093511581421 -0.9934276342391968
vt -3.496093511581421 -0.298983097076416
vt -3.0013020038604736 -0.298983097076416
vt -3.0013020038604736 -0.9934276342391968
vt -9.007811546325684 4.144532203674316
vt -8.414061546325684 4.144532203674316
vt -8.414061546325684 4.550782203674316
vt -9.007811546325684 4.550782203674316
vt -7.917967796325684 4.265625953674316
vt -8.511717796325684 4.265625953674316
vt -8.511717796325684 4.671875953674316
vt -7.917967796325684 4.671875953674316
vt 2.5488288402557373 -1.2435898780822754
vt 2.8873705863952637 -1.2435898780822754
vt 2.8873705863952637 -1.8044872283935547
vt 2.5488288402557373 -1.8044872283935547
vt 2.8873705863952637 -1.2435898780822754
vt 2.5488288402557373 -1.2435898780822754
vt 2.5488288402557373 -1.8044872283935547
vt 2.8873705863952637 -1.8044872283935547
vt -11.984375 -1.5806775093078613
vt -11.984375 -1.9947912693023682
vt -11.390625 -1.9947912693023682
vt -11.390625 -1.5806775093078613
vt -3.4846229553222656 -1.7832694053649902
vt -3.4846229553222656 -1.3368034362792969
vt -3.013392925262451 -1.3368034362792969
vt -3.013392925262451 -1.7832694053649902
vt -14.390625 16.986330032348633
vt -13.796875 16.986330032348633
vt -13.796875 17.198286056518555
vt -14.390625 17.198286056518555
vt -1.013671875 0.5625000596046448
vt -1.3105467557907104 0.5625
vt -1.3105467557907104 0.66847825050354
vt -1.013671875 0.6684783101081848
vt -1.4550782442092896 -1.2254834175109863
vt -1.2784477472305298 -1.2254829406738281
vt -1.2784477472305298 -1.7969598770141602
vt -1.4550782442092896 -1.7969598770141602
vt 4.669707298278809 -1.2450141906738281
vt 4.501487731933594 -1.2450146675109863
vt 4.501487731933594 -1.8164911270141602
vt 4.669707298278809 -1.8164911270141602
vt -2.998046875 -1.6451196670532227
vt -2.998046875 -2.0022928714752197
vt -2.5032551288604736 -2.0022928714752197
vt -2.5032551288604736 -1.6451196670532227
vt 3.511718988418579 -1.9999995231628418
vt 3.511718988418579 -1.4285225868225098
vt 4.10546875 -1.4285225868225098
vt 4.10546875 -1.9999995231628418
vt -14.390625 17.198284149169922
vt -13.796875 17.198284149169922
vt -13.796875 17.392578125
vt -14.390625 17.392578125
vt -1.013671875 0.6684781908988953
vt -1.3105467557907104 0.6684781312942505
vt -1.3105467557907104 0.7656251490116119
vt -1.013671875 0.7656251490116119
vt -1.278448224067688 -1.2254829406738281
vt -1.1165366172790527 -1.29691743850708
vt -1.1165366172790527 -1.7969598770141602
vt -1.278448224067688 -1.7969598770141602
vt 4.823908805847168 -1.31644868850708
vt 4.669707298278809 -1.2450141906738281
vt 4.669707298278809 -1.8164911270141602
vt 4.823908805847168 -1.8164911270141602
vt -1.497395634651184 -1.3800222873687744
vt -1.497395634651184 -2.0050225257873535
vt -1.0026040077209473 -2.0050225257873535
vt -1.0026040077209473 -1.3800222873687744
vt -3.49609375 -0.9934276342391968
vt -3.49609375 -0.298983097076416
vt -3.0013020038604736 -0.298983097076416
vt -3.0013020038604736 -0.9934276342391968
vt -9.007811546325684 4.144532203674316
vt -8.414061546325684 4.144532203674316
vt -8.414061546325684 4.550782203674316
vt -9.007811546325684 4.550782203674316
vt -7.917967796325684 4.265625953674316
vt -8.511717796325684 4.265625953674316
vt -8.511717796325684 4.671875953674316
vt -7.917967796325684 4.671875953674316
vt 2.5488288402557373 -1.2435898780822754
vt 2.8873705863952637 -1.2435898780822754
vt 2.8873705863952637 -1.8044872283935547
vt 2.5488288402557373 -1.8044872283935547
vt 2.8873705863952637 -1.2435898780822754
vt 2.5488288402557373 -1.2435898780822754
vt 2.5488288402557373 -1.8044872283935547
vt 2.8873705863952637 -1.8044872283935547
vt -11.984375 -1.5806775093078613
vt -11.984375 -1.9947912693023682
vt -11.390625 -1.9947912693023682
vt -11.390625 -1.5806775093078613
vt -3.484623432159424 -1.7832694053649902
vt -3.484623432159424 -1.3368034362792969
vt -3.0133931636810303 -1.3368034362792969
vt -3.0133931636810303 -1.7832694053649902
vt -14.390625 16.986330032348633
vt -13.796875 16.986330032348633
vt -13.796875 17.198286056518555
vt -14.390625 17.198286056518555
vt -1.013672113418579 0.5624999403953552
vt -1.310547113418579 0.5625
vt -1.310547113418579 0.6684781312942505
vt -1.013672113418579 0.6684781908988953
vt -1.455077886581421 -1.2254834175109863
vt -1.2784475088119507 -1.2254829406738281
vt -1.2784475088119507 -1.7969598770141602
vt -1.455077886581421 -1.7969598770141602
vt 4.669707298278809 -1.2450141906738281
vt 4.501488208770752 -1.2450146675109863
vt 4.501488208770752 -1.8164911270141602
vt 4.669707298278809 -1.8164911270141602
vt -2.998047351837158 -1.6451196670532227
vt -2.998047351837158 -2.0022928714752197
vt -2.503255605697632 -2.0022928714752197
vt -2.503255605697632 -1.6451196670532227
vt 3.5117197036743164 -1.9999995231628418
vt 3.5117197036743164 -1.4285225868225098
vt 4.105469703674316 -1.4285225868225098
vt 4.105469703674316 -1.9999995231628418
vt -14.390625 17.198284149169922
vt -13.796875 17.198284149169922
vt -13.796875 17.392578125
vt -14.390625 17.392578125
vt -1.013672113418579 0.6684780716896057
vt -1.310547113418579 0.6684780120849609
vt -1.310547113418579 0.765625
vt -1.013672113418579 0.7656248211860657
vt -1.2784477472305298 -1.2254829406738281
vt -1.1165364980697632 -1.29691743850708
vt -1.1165364980697632 -1.7969598770141602
vt -1.2784477472305298 -1.7969598770141602
vt 4.823908805847168 -1.31644868850708
vt 4.669707298278809 -1.2450141906738281
vt 4.669707298278809 -1.8164911270141602
vt 4.823908805847168 -1.8164911270141602
vt -1.4973958730697632 -1.3800222873687744
vt -1.4973958730697632 -2.0050225257873535
vt -1.0026041269302368 -2.0050225257873535
vt -1.0026041269302368 -1.3800222873687744
vt -3.496094226837158 -0.9934276342391968
vt -3.496094226837158 -0.298983097076416
vt -3.001302480697632 -0.298983097076416
vt -3.001302480697632 -0.9934276342391968
vt -9.007811546325684 4.14453125
vt -8.414061546325684 4.144531488418579
vt -8.414061546325684 4.550781488418579
vt -9.007811546325684 4.55078125
vt -7.917967796325684 4.265625476837158
vt -8.511717796325684 4.265625238418579
vt -8.511717796325684 4.671875238418579
vt -7.917967796325684 4.671875476837158
vt 2.548828125 -1.2435898780822754
vt 2.8873698711395264 -1.2435898780822754
vt 2.8873698711395264 -1.8044872283935547
vt 2.548828125 -1.8044872283935547
vt 2.8873698711395264 -1.2435898780822754
vt 2.548828125 -1.2435898780822754
vt 2.548828125 -1.8044872283935547
vt 2.8873698711395264 -1.8044872283935547
vt -11.984375 -1.5806775093078613
vt -11.984375 -1.9947912693023682
vt -11.390625 -1.9947912693023682
vt -11.390625 -1.5806775093078613
vt -3.4846231937408447 -1.7832694053649902
vt -3.4846231937408447 -1.3368034362792969
vt -3.0133931636810303 -1.3368034362792969
vt -3.0133931636810303 -1.7832694053649902
vt -14.390625 16.986330032348633
vt -13.796875 16.986330032348633
vt -13.796875 17.198286056518555
vt -14.390625 17.198286056518555
vt -1.013672113418579 0.5625
vt -1.310547113418579 0.5624999403953552
vt -1.310547113418579 0.6684781908988953
vt -1.013672113418579 0.66847825050354
vt -1.4550777673721313 -1.2254834175109863
vt -1.2784473896026611 -1.2254829406738281
vt -1.2784473896026611 -1.7969598770141602
vt -1.4550777673721313 -1.7969598770141602
vt 4.669707298278809 -1.2450141906738281
vt 4.501487731933594 -1.2450146675109863
vt 4.501487731933594 -1.8164911270141602
vt 4.669707298278809 -1.8164911270141602
vt -2.998047113418579 -1.6451196670532227
vt -2.998047113418579 -2.0022928714752197
vt -2.5032553672790527 -2.0022928714752197
vt -2.5032553672790527 -1.6451196670532227
vt 3.5117194652557373 -1.9999995231628418
vt 3.5117194652557373 -1.4285225868225098
vt 4.105469703674316 -1.4285225868225098
vt 4.105469703674316 -1.9999995231628418
vt -14.390625 17.198284149169922
vt -13.796875 17.198284149169922
vt -13.796875 17.392578125
vt -14.390625 17.392578125
vt -1.013672113418579 0.66847825050354
vt -1.310547113418579 0.6684781908988953
vt -1.310547113418579 0.7656249403953552
vt -1.013672113418579 0.765625
vt -1.2784473896026611 -1.2254829406738281
vt -1.1165361404418945 -1.29691743850708
vt -1.1165361404418945 -1.7969598770141602
vt -1.2784473896026611 -1.7969598770141602
vt 4.823908805847168 -1.31644868850708
vt 4.669707298278809 -1.2450141906738281
vt 4.669707298278809 -1.8164911270141602
vt 4.823908805847168 -1.8164911270141602
vt -1.4973959922790527 -1.3800222873687744
vt -1.4973959922790527 -2.0050225257873535
vt -1.002604365348816 -2.0050225257873535
vt -1.002604365348816 -1.3800222873687744
vt -3.49609375 -0.9934276342391968
vt -3.49609375 -0.298983097076416
vt -3.0013022422790527 -0.298983097076416
vt -3.0013022422790527 -0.9934276342391968
vt -9.007811546325684 4.144533157348633
vt -8.414061546325684 4.144533395767212
vt -8.414061546325684 4.550783395767212
vt -9.007811546325684 4.550783157348633
vt -7.917967796325684 4.265627145767212
vt -8.511717796325684 4.265626907348633
vt -8.511717796325684 4.671876907348633
vt -7.917967796325684 4.671877145767212
vt 2.5488290786743164 -1.2435898780822754
vt 2.8873705863952637 -1.2435898780822754
vt 2.8873705863952637 -1.8044872283935547
vt 2.5488290786743164 -1.8044872283935547
vt 2.8873705863952637 -1.2435898780822754
vt 2.5488290786743164 -1.2435898780822754
vt 2.5488290786743164 -1.8044872283935547
vt 2.8873705863952637 -1.8044872283935547
vt -11.984375 -1.5806775093078613
vt -11.984375 -1.9947912693023682
vt -11.390625 -1.9947912693023682
vt -11.390625 -1.5806775093078613
vt -3.484623432159424 -1.7832694053649902
vt -3.484623432159424 -1.3368034362792969
vt -3.0133931636810303 -1.3368034362792969
vt -3.0133931636810303 -1.7832694053649902
vt -14.390625 16.986328125
vt -13.796875 16.986328125
vt -13.796875 17.198284149169922
vt -14.390625 17.198284149169922
vt -1.0136719942092896 0.5625000596046448
vt -1.3105469942092896 0.5625
vt -1.3105469942092896 0.66847825050354
vt -1.0136719942092896 0.6684781908988953
vt -1.4550777673721313 -1.2254834175109863
vt -1.2784476280212402 -1.2254829406738281
vt -1.2784476280212402 -1.7969598770141602
vt -1.4550777673721313 -1.7969598770141602
vt 4.669708251953125 -1.2450141906738281
vt 4.50148868560791 -1.2450146675109863
vt 4.50148868560791 -1.8164911270141602
vt 4.669708251953125 -1.8164911270141602
vt -2.998047113418579 -1.6451196670532227
vt -2.998047113418579 -2.0022928714752197
vt -2.5032553672790527 -2.0022928714752197
vt -2.5032553672790527 -1.6451196670532227
vt 3.511719226837158 -1.9999995231628418
vt 3.511719226837158 -1.4285225868225098
vt 4.105469226837158 -1.4285225868225098
vt 4.105469226837158 -1.9999995231628418
vt -14.390625 17.198284149169922
vt -13.796875 17.198284149169922
vt -13.796875 17.392578125
vt -14.390625 17.392578125
vt -1.0136719942092896 0.6684781908988953
vt -1.3105469942092896 0.6684783697128296
vt -1.3105469942092896 0.7656251192092896
vt -1.0136719942092896 0.7656251788139343
vt -1.2784476280212402 -1.2254829406738281
vt -1.1165359020233154 -1.29691743850708
vt -1.1165359020233154 -1.7969598770141602
vt -1.2784476280212402 -1.7969598770141602
vt 4.823909759521484 -1.31644868850708
vt 4.669708251953125 -1.2450141906738281
vt 4.669708251953125 -1.8164911270141602
vt 4.823909759521484 -1.8164911270141602
vt -1.4973961114883423 -1.3800222873687744
vt -1.4973961114883423 -2.0050225257873535
vt -1.0026044845581055 -2.0050225257873535
vt -1.0026044845581055 -1.3800222873687744
vt -3.496093988418579 -0.9934276342391968
vt -3.496093988418579 -0.298983097076416
vt -3.0013022422790527 -0.298983097076416
vt -3.0013022422790527 -0.9934276342391968
vt -9.007811546325684 4.1445324420928955
vt -8.414061546325684 4.144532680511475
vt -8.414061546325684 4.550782680511475
vt -9.007811546325684 4.5507824420928955
vt -7.917967796325684 4.265626430511475
vt -8.511717796325684 4.2656261920928955
vt -8.511717796325684 4.6718761920928955
vt -7.917967796325684 4.671876430511475
vt 2.5488290786743164 -1.2435898780822754
vt 2.8873705863952637 -1.2435898780822754
vt 2.8873705863952637 -1.8044872283935547
vt 2.5488290786743164 -1.8044872283935547
vt 2.8873705863952637 -1.2435898780822754
vt 2.5488290786743164 -1.2435898780822754
vt 2.5488290786743164 -1.8044872283935547
vt 2.8873705863952637 -1.8044872283935547
vt -11.984375 -1.5806775093078613
vt -11.984375 -1.9947912693023682
vt -11.390625 -1.9947912693023682
vt -11.390625 -1.5806775093078613
vt -3.4846229553222656 -1.7832694053649902
vt -3.4846229553222656 -1.3368034362792969
vt -3.013392925262451 -1.3368034362792969
vt -3.013392925262451 -1.7832694053649902
vt -14.390625 16.986330032348633
vt -13.796875 16.986330032348633
vt -13.796875 17.198286056518555
vt -14.390625 17.198286056518555
vt -1.013671875 0.5625000298023224
vt -1.310546875 0.5625000298023224
vt -1.310546875 0.6684782803058624
vt -1.013671875 0.6684782803058624
vt -1.455078125 -1.2254834175109863
vt -1.2784478664398193 -1.2254829406738281
vt -1.2784478664398193 -1.7969598770141602
vt -1.455078125 -1.7969598770141602
vt 4.669707298278809 -1.2450141906738281
vt 4.501487731933594 -1.2450146675109863
vt 4.501487731933594 -1.8164911270141602
vt 4.669707298278809 -1.8164911270141602
vt -2.998046875 -1.6451196670532227
vt -2.998046875 -2.0022928714752197
vt -2.5032553672790527 -2.0022928714752197
vt -2.5032553672790527 -1.6451196670532227
vt 3.51171875 -1.9999995231628418
vt 3.51171875 -1.4285225868225098
vt 4.10546875 -1.4285225868225098
vt 4.10546875 -1.9999995231628418
vt -14.390625 17.198284149169922
vt -13.796875 17.198284149169922
vt -13.796875 17.392578125
vt -14.390625 17.392578125
vt -1.013671875 0.6684781610965729
vt -1.310546875 0.6684781610965729
vt -1.310546875 0.7656251192092896
vt -1.013671875 0.7656251192092896
vt -1.278448224067688 -1.2254829406738281
vt -1.1165366172790527 -1.29691743850708
vt -1.1165366172790527 -1.7969598770141602
vt -1.278448224067688 -1.7969598770141602
vt 4.823908805847168 -1.31644868850708
vt 4.669707298278809 -1.2450141906738281
vt 4.669707298278809 -1.8164911270141602
vt 4.823908805847168 -1.8164911270141602
vt -1.4973958730697632 -1.3800222873687744
vt -1.4973958730697632 -2.0050225257873535
vt -1.0026041269302368 -2.0050225257873535
vt -1.0026041269302368 -1.3800222873687744
vt -3.49609375 -0.9934276342391968
vt -3.49609375 -0.298983097076416
vt -3.0013022422790527 -0.298983097076416
vt -3.0013022422790527 -0.9934276342391968
vt -9.007811546325684 4.144532203674316
vt -8.414061546325684 4.144532203674316
vt -8.414061546325684 4.550782203674316
vt -9.007811546325684 4.550782203674316
vt -7.917967796325684 4.265625953674316
vt -8.511717796325684 4.265625953674316
vt -8.511717796325684 4.671875953674316
vt -7.917967796325684 4.671875953674316
vt 2.5488290786743164 -1.2435898780822754
vt 2.8873705863952637 -1.2435898780822754
vt 2.8873705863952637 -1.8044872283935547
vt 2.5488290786743164 -1.8044872283935547
vt 2.8873705863952637 -1.2435898780822754
vt 2.5488288402557373 -1.2435898780822754
vt 2.5488288402557373 -1.8044872283935547
vt 2.8873705863952637 -1.8044872283935547
vt -11.984375 -1.5806775093078613
vt -11.984375 -1.9947912693023682
vt -11.390625 -1.9947912693023682
vt -11.390625 -1.5806775093078613
vt -3.4846229553222656 -1.7832694053649902
vt -3.4846229553222656 -1.3368034362792969
vt -3.013392686843872 -1.3368034362792969
vt -3.013392686843872 -1.7832694053649902
vt -14.390625 16.986330032348633
vt -13.796875 16.986330032348633
vt -13.796875 17.198286056518555
vt -14.390625 17.198286056518555
vt -1.013671875 0.5625000298023224
vt -1.310546875 0.5625000298023224
vt -1.310546875 0.6684782803058624
vt -1.013671875 0.6684782803058624
vt -1.455078125 -1.2254834175109863
vt -1.2784477472305298 -1.2254829406738281
vt -1.2784477472305298 -1.7969598770141602
vt -1.455078125 -1.7969598770141602
vt 4.669707298278809 -1.2450141906738281
vt 4.501487731933594 -1.2450146675109863
vt 4.501487731933594 -1.8164911270141602
vt 4.669707298278809 -1.8164911270141602
vt -2.998046636581421 -1.6451196670532227
vt -2.998046636581421 -2.0022928714752197
vt -2.5032548904418945 -2.0022928714752197
vt -2.5032548904418945 -1.6451196670532227
vt 3.51171875 -1.9999995231628418
vt 3.51171875 -1.4285225868225098
vt 4.10546875 -1.4285225868225098
vt 4.10546875 -1.9999995231628418
vt -14.390625 17.198284149169922
vt -13.796875 17.198284149169922
vt -13.796875 17.392578125
vt -14.390625 17.392578125
vt -1.013671875 0.6684781610965729
vt -1.310546875 0.6684781610965729
vt -1.310546875 0.7656251192092896
vt -1.013671875 0.7656251490116119
vt -1.2784481048583984 -1.2254829406738281
vt -1.1165366172790527 -1.29691743850708
vt -1.1165366172790527 -1.7969598770141602
vt -1.2784481048583984 -1.7969598770141602
vt 4.823908805847168 -1.31644868850708
vt 4.669707298278809 -1.2450141906738281
vt 4.669707298278809 -1.8164911270141602
vt 4.823908805847168 -1.8164911270141602
vt -1.4973957538604736 -1.3800222873687744
vt -1.4973957538604736 -2.0050225257873535
vt -1.0026040077209473 -2.0050225257873535
vt -1.0026040077209473 -1.3800222873687744
vt -3.496093511581421 -0.9934276342391968
vt -3.496093511581421 -0.298983097076416
vt -3.0013017654418945 -0.298983097076416
vt -3.0013017654418945 -0.9934276342391968
vt -9.007811546325684 4.144532203674316
vt -8.414061546325684 4.144532203674316
vt -8.414061546325684 4.550782203674316
vt -9.007811546325684 4.550782203674316
vt -7.917967796325684 4.265625953674316
vt -8.511717796325684 4.265625953674316
vt -8.511717796325684 4.671875953674316
vt -7.917967796325684 4.671875953674316
vt 2.5488290786743164 -1.2435898780822754
vt 2.8873705863952637 -1.2435898780822754
vt 2.8873705863952637 -1.8044872283935547
vt 2.5488290786743164 -1.8044872283935547
vt 2.8873705863952637 -1.2435898780822754
vt 2.5488290786743164 -1.2435898780822754
vt 2.5488290786743164 -1.8044872283935547
vt 2.8873705863952637 -1.8044872283935547
vt -11.984375 -1.5806775093078613
vt -11.984375 -1.9947912693023682
vt -11.390625 -1.9947912693023682
vt -11.390625 -1.5806775093078613
vt -3.484623432159424 -1.7832694053649902
vt -3.484623432159424 -1.3368034362792969
vt -3.0133931636810303 -1.3368034362792969
vt -3.0133931636810303 -1.7832694053649902
vt -14.390625 16.986329078674316
vt -13.796875 16.986330032348633
vt -13.796875 17.198286056518555
vt -14.390625 17.198286056518555
vt -1.013672113418579 0.5625
vt -1.310547113418579 0.5624999403953552
vt -1.310547113418579 0.6684781908988953
vt -1.013672113418579 0.66847825050354
vt -1.4550777673721313 -1.2254834175109863
vt -1.2784473896026611 -1.2254829406738281
vt -1.2784473896026611 -1.7969598770141602
vt -1.4550777673721313 -1.7969598770141602
vt 4.669707298278809 -1.2450141906738281
vt 4.501488208770752 -1.2450146675109863
vt 4.501488208770752 -1.8164911270141602
vt 4.669707298278809 -1.8164911270141602
vt -2.998047351837158 -1.6451196670532227
vt -2.998047351837158 -2.0022928714752197
vt -2.503255605697632 -2.0022928714752197
vt -2.503255605697632 -1.6451196670532227
vt 3.5117194652557373 -1.9999995231628418
vt 3.5117194652557373 -1.4285225868225098
vt 4.105469703674316 -1.4285225868225098
vt 4.105469703674316 -1.9999995231628418
vt -14.390625 17.198284149169922
vt -13.796875 17.198284149169922
vt -13.796875 17.392578125
vt -14.390625 17.392578125
vt -1.013672113418579 0.66847825050354
vt -1.310547113418579 0.6684781908988953
vt -1.310547113418579 0.7656249403953552
vt -1.013672113418579 0.765625
vt -1.2784473896026611 -1.2254829406738281
vt -1.1165361404418945 -1.29691743850708
vt -1.1165361404418945 -1.7969598770141602
vt -1.2784473896026611 -1.7969598770141602
vt 4.823908805847168 -1.31644868850708
vt 4.669707298278809 -1.2450141906738281
vt 4.669707298278809 -1.8164911270141602
vt 4.823908805847168 -1.8164911270141602
vt -1.4973961114883423 -1.3800222873687744
vt -1.4973961114883423 -2.0050225257873535
vt -1.002604365348816 -2.0050225257873535
vt -1.002604365348816 -1.3800222873687744
vt -3.496094226837158 -0.9934276342391968
vt -3.496094226837158 -0.298983097076416
vt -3.0013022422790527 -0.298983097076416
vt -3.0013022422790527 -0.9934276342391968
vt -9.007811546325684 4.144533157348633
vt -8.414061546325684 4.144533395767212
vt -8.414061546325684 4.550783395767212
vt -9.007811546325684 4.550783157348633
vt -7.917967796325684 4.265627145767212
vt -8.511717796325684 4.265626907348633
vt -8.511717796325684 4.671876907348633
vt -7.917967796325684 4.671877145767212
vt 2.5488290786743164 -1.2435898780822754
vt 2.8873705863952637 -1.2435898780822754
vt 2.8873705863952637 -1.8044872283935547
vt 2.5488290786743164 -1.8044872283935547
vt 2.8873705863952637 -1.2435898780822754
vt 2.5488290786743164 -1.2435898780822754
vt 2.5488290786743164 -1.8044872283935547
vt 2.8873705863952637 -1.8044872283935547
vt -11.984375 -1.5806775093078613
vt -11.984375 -1.9947912693023682
vt -11.390625 -1.9947912693023682
vt -11.390625 -1.5806775093078613
vt -3.484623432159424 -1.7832694053649902
vt -3.484623432159424 -1.3368034362792969
vt -3.0133934020996094 -1.3368034362792969
vt -3.0133934020996094 -1.7832694053649902
vt -14.390625 16.986328125
vt -13.796875 16.986328125
vt -13.796875 17.198284149169922
vt -14.390625 17.198284149169922
vt -1.0136719942092896 0.5625
vt -1.310547113418579 0.5625
vt -1.310547113418579 0.66847825050354
vt -1.013672113418579 0.6684781312942505
vt -1.4550776481628418 -1.2254834175109863
vt -1.2784475088119507 -1.2254829406738281
vt -1.2784475088119507 -1.7969598770141602
vt -1.4550776481628418 -1.7969598770141602
vt 4.669708251953125 -1.2450141906738281
vt 4.50148868560791 -1.2450146675109863
vt 4.50148868560791 -1.8164911270141602
vt 4.669708251953125 -1.8164911270141602
vt -2.998047351837158 -1.6451196670532227
vt -2.998047351837158 -2.0022928714752197
vt -2.5032553672790527 -2.0022928714752197
vt -2.5032553672790527 -1.6451196670532227
vt 3.511718988418579 -1.9999995231628418
vt 3.511718988418579 -1.4285225868225098
vt 4.105469226837158 -1.4285225868225098
vt 4.105469226837158 -1.9999995231628418
vt -14.390625 17.198284149169922
vt -13.796875 17.198284149169922
vt -13.796875 17.392578125
vt -14.390625 17.392578125
vt -1.013672113418579 0.6684781312942505
vt -1.310547113418579 0.6684783697128296
vt -1.310547113418579 0.7656251192092896
vt -1.013672113418579 0.7656251192092896
vt -1.2784475088119507 -1.2254829406738281
vt -1.1165357828140259 -1.29691743850708
vt -1.1165357828140259 -1.7969598770141602
vt -1.2784475088119507 -1.7969598770141602
vt 4.823909759521484 -1.31644868850708
vt 4.669708251953125 -1.2450141906738281
vt 4.669708251953125 -1.8164911270141602
vt 4.823909759521484 -1.8164911270141602
vt -1.4973963499069214 -1.3800222873687744
vt -1.4973963499069214 -2.0050225257873535
vt -1.002604603767395 -2.0050225257873535
vt -1.002604603767395 -1.3800222873687744
vt -3.496094226837158 -0.9934276342391968
vt -3.496094226837158 -0.298983097076416
vt -3.0013022422790527 -0.298983097076416
vt -3.0013022422790527 -0.9934276342391968
vt -9.007811546325684 4.1445324420928955
vt -8.414061546325684 4.1445324420928955
vt -8.414061546325684 4.5507824420928955
vt -9.007811546325684 4.5507824420928955
vt -7.917967796325684 4.2656261920928955
vt -8.511717796325684 4.2656261920928955
vt -8.511717796325684 4.6718761920928955
vt -7.917967796325684 4.6718761920928955
vt 2.5488290786743164 -1.2435898780822754
vt 2.8873708248138428 -1.2435898780822754
vt 2.8873708248138428 -1.8044872283935547
vt 2.5488290786743164 -1.8044872283935547
vt 2.8873705863952637 -1.2435898780822754
vt 2.5488290786743164 -1.2435898780822754
vt 2.5488290786743164 -1.8044872283935547
vt 2.8873705863952637 -1.8044872283935547
vt -11.984375 -1.5806775093078613
vt -11.984375 -1.9947912693023682
vt -11.390625 -1.9947912693023682
vt -11.390625 -1.5806775093078613
vt -3.4846229553222656 -1.7832694053649902
vt -3.4846229553222656 -1.3368034362792969
vt -3.013392925262451 -1.3368034362792969
vt -3.013392925262451 -1.7832694053649902
vt -14.390625 16.986330032348633
vt -13.796875 16.986330032348633
vt -13.796875 17.198286056518555
vt -14.390625 17.198286056518555
vt -1.013671875 0.5625
vt -1.310546875 0.5625
vt -1.310546875 0.66847825050354
vt -1.013671875 0.66847825050354
vt -1.4550782442092896 -1.2254834175109863
vt -1.2784478664398193 -1.2254829406738281
vt -1.2784478664398193 -1.7969598770141602
vt -1.4550782442092896 -1.7969598770141602
vt 4.669707298278809 -1.2450141906738281
vt 4.501487731933594 -1.2450146675109863
vt 4.501487731933594 -1.8164911270141602
vt 4.669707298278809 -1.8164911270141602
vt -2.998046875 -1.6451196670532227
vt -2.998046875 -2.0022928714752197
vt -2.5032551288604736 -2.0022928714752197
vt -2.5032551288604736 -1.6451196670532227
vt 3.51171875 -1.9999995231628418
vt 3.51171875 -1.4285225868225098
vt 4.10546875 -1.4285225868225098
vt 4.10546875 -1.9999995231628418
vt -14.390625 17.198284149169922
vt -13.796875 17.198284149169922
vt -13.796875 17.392578125
vt -14.390625 17.392578125
vt -1.013671875 0.6684781312942505
vt -1.310546875 0.6684781312942505
vt -1.310546875 0.7656251192092896
vt -1.013671875 0.7656251192092896
vt -1.2784483432769775 -1.2254829406738281
vt -1.1165366172790527 -1.29691743850708
vt -1.1165366172790527 -1.7969598770141602
vt -1.2784483432769775 -1.7969598770141602
vt 4.823908805847168 -1.31644868850708
vt 4.669707298278809 -1.2450141906738281
vt 4.669707298278809 -1.8164911270141602
vt 4.823908805847168 -1.8164911270141602
vt -1.4973957538604736 -1.3800222873687744
vt -1.4973957538604736 -2.0050225257873535
vt -1.0026041269302368 -2.0050225257873535
vt -1.0026041269302368 -1.3800222873687744
vt -3.496093511581421 -0.9934276342391968
vt -3.496093511581421 -0.298983097076416
vt -3.0013020038604736 -0.298983097076416
vt -3.0013020038604736 -0.9934276342391968
vt -9.007811546325684 4.144532203674316
vt -8.414061546325684 4.144532203674316
vt -8.414061546325684 4.550782203674316
vt -9.007811546325684 4.550782203674316
vt -7.917967796325684 4.265625953674316
vt -8.511717796325684 4.265625953674316
vt -8.511717796325684 4.671875953674316
vt -7.917967796325684 4.671875953674316
vt 2.5488288402557373 -1.2435898780822754
vt 2.8873705863952637 -1.2435898780822754
vt 2.8873705863952637 -1.8044872283935547
vt 2.5488288402557373 -1.8044872283935547
vt 2.8873705863952637 -1.2435898780822754
vt 2.5488288402557373 -1.2435898780822754
vt 2.5488288402557373 -1.8044872283935547
vt 2.8873705863952637 -1.8044872283935547
vt -11.984375 -1.5806775093078613
vt -11.984375 -1.9947912693023682
vt -11.390625 -1.9947912693023682
vt -11.390625 -1.5806775093078613
vt -3.4846231937408447 -1.7832694053649902
vt -3.4846231937408447 -1.3368034362792969
vt -3.013392925262451 -1.3368034362792969
vt -3.013392925262451 -1.7832694053649902
vt -14.390625 16.986330032348633
vt -13.796875 16.986330032348633
vt -13.796875 17.198286056518555
vt -14.390625 17.198286056518555
vt -1.013671875 0.5625
vt -1.310546875 0.5625
vt -1.310546875 0.66847825050354
vt -1.013671875 0.66847825050354
vt -1.455078125 -1.2254834175109863
vt -1.2784477472305298 -1.2254829406738281
vt -1.2784477472305298 -1.7969598770141602
vt -1.455078125 -1.7969598770141602
vt 4.669707298278809 -1.2450141906738281
vt 4.501487731933594 -1.2450146675109863
vt 4.501487731933594 -1.8164911270141602
vt 4.669707298278809 -1.8164911270141602
vt -2.998046875 -1.6451196670532227
vt -2.998046875 -2.0022928714752197
vt -2.5032551288604736 -2.0022928714752197
vt -2.5032551288604736 -1.6451196670532227
vt 3.51171875 -1.9999995231628418
vt 3.51171875 -1.4285225868225098
vt 4.10546875 -1.4285225868225098
vt 4.10546875 -1.9999995231628418
vt -14.390625 17.198284149169922
vt -13.796875 17.198284149169922
vt -13.796875 17.392578125
vt -14.390625 17.392578125
vt -1.013671875 0.6684781312942505
vt -1.310546875 0.6684781312942505
vt -1.310546875 0.7656251192092896
vt -1.013671875 0.7656251490116119
vt -1.278448224067688 -1.2254829406738281
vt -1.1165366172790527 -1.29691743850708
vt -1.1165366172790527 -1.7969598770141602
vt -1.278448224067688 -1.7969598770141602
vt 4.823908805847168 -1.31644868850708
vt 4.669707298278809 -1.2450141906738281
vt 4.669707298278809 -1.8164911270141602
vt 4.823908805847168 -1.8164911270141602
vt -1.497395634651184 -1.3800222873687744
vt -1.497395634651184 -2.0050225257873535
vt -1.0026038885116577 -2.0050225257873535
vt -1.0026038885116577 -1.3800222873687744
vt -3.49609375 -0.9934276342391968
vt -3.49609375 -0.298983097076416
vt -3.0013020038604736 -0.298983097076416
vt -3.0013020038604736 -0.9934276342391968
vt -9.007811546325684 4.144532203674316
vt -8.414061546325684 4.144532203674316
vt -8.414061546325684 4.550782203674316
vt -9.007811546325684 4.550782203674316
vt -7.917967796325684 4.265625953674316
vt -8.511717796325684 4.265625953674316
vt -8.511717796325684 4.671875953674316
vt -7.917967796325684 4.671875953674316
vt 2.5488288402557373 -1.2435898780822754
vt 2.8873705863952637 -1.2435898780822754
vt 2.8873705863952637 -1.8044872283935547
vt 2.5488288402557373 -1.8044872283935547
vt 2.8873705863952637 -1.2435898780822754
vt 2.5488288402557373 -1.2435898780822754
vt 2.5488288402557373 -1.8044872283935547
vt 2.8873705863952637 -1.8044872283935547
vt -11.984375 -1.5806775093078613
vt -11.984375 -1.9947912693023682
vt -11.390625 -1.9947912693023682
vt -11.390625 -1.5806775093078613
vt -3.4846229553222656 -1.7832694053649902
vt -3.4846229553222656 -1.3368034362792969
vt -3.013392925262451 -1.3368034362792969
vt -3.013392925262451 -1.7832694053649902
vt -14.390625 16.986330032348633
vt -13.796875 16.986330032348633
vt -13.796875 17.198286056518555
vt -14.390625 17.198286056518555
vt -1.013671875 0.5625000298023224
vt -1.310546875 0.5625
vt -1.310546875 0.66847825050354
vt -1.013671875 0.6684782803058624
vt -1.455078125 -1.2254834175109863
vt -1.2784477472305298 -1.2254829406738281
vt -1.2784477472305298 -1.7969598770141602
vt -1.455078125 -1.7969598770141602
vt 4.669707298278809 -1.2450141906738281
vt 4.501487731933594 -1.2450146675109863
vt 4.501487731933594 -1.8164911270141602
vt 4.669707298278809 -1.8164911270141602
vt -2.998046875 -1.6451196670532227
vt -2.998046875 -2.0022928714752197
vt -2.5032551288604736 -2.0022928714752197
vt -2.5032551288604736 -1.6451196670532227
vt 3.51171875 -1.9999995231628418
vt 3.51171875 -1.4285225868225098
vt 4.10546875 -1.4285225868225098
vt 4.10546875 -1.9999995231628418
vt -14.390625 17.198284149169922
vt -13.796875 17.198284149169922
vt -13.796875 17.392578125
vt -14.390625 17.392578125
vt -1.013671875 0.6684781610965729
vt -1.310546875 0.6684781312942505
vt -1.310546875 0.7656251490116119
vt -1.013671875 0.7656251490116119
vt -1.278448224067688 -1.2254829406738281
vt -1.1165366172790527 -1.29691743850708
vt -1.1165366172790527 -1.7969598770141602
vt -1.278448224067688 -1.7969598770141602
vt 4.823908805847168 -1.31644868850708
vt 4.669707298278809 -1.2450141906738281
vt 4.669707298278809 -1.8164911270141602
vt 4.823908805847168 -1.8164911270141602
vt -1.4973957538604736 -1.3800222873687744
vt -1.4973957538604736 -2.0050225257873535
vt -1.0026040077209473 -2.0050225257873535
vt -1.0026040077209473 -1.3800222873687744
vt -3.49609375 -0.9934276342391968
vt -3.49609375 -0.298983097076416
vt -3.0013020038604736 -0.298983097076416
vt -3.0013020038604736 -0.9934276342391968
vt -9.007811546325684 4.144532203674316
vt -8.414061546325684 4.144532203674316
vt -8.414061546325684 4.550782203674316
vt -9.007811546325684 4.550782203674316
vt -7.917967796325684 4.265625953674316
vt -8.511717796325684 4.265625953674316
vt -8.511717796325684 4.671875953674316
vt -7.917967796325684 4.671875953674316
vt 2.5488288402557373 -1.2435898780822754
vt 2.8873705863952637 -1.2435898780822754
vt 2.8873705863952637 -1.8044872283935547
vt 2.5488288402557373 -1.8044872283935547
vt 2.8873705863952637 -1.2435898780822754
vt 2.5488288402557373 -1.2435898780822754
vt 2.5488288402557373 -1.8044872283935547
vt 2.8873705863952637 -1.8044872283935547
vt -11.984375 -1.5806775093078613
vt -11.984375 -1.9947912693023682
vt -11.390625 -1.9947912693023682
vt -11.390625 -1.5806775093078613
vt -3.484623432159424 -1.7832694053649902
vt -3.484623432159424 -1.3368034362792969
vt -3.0133934020996094 -1.3368034362792969
vt -3.0133934020996094 -1.7832694053649902
vt -14.390625 16.986330032348633
vt -13.796875 16.986330032348633
vt -13.796875 17.198286056518555
vt -14.390625 17.198286056518555
vt -1.013672113418579 0.5624999403953552
vt -1.310547113418579 0.5625000298023224
vt -1.310547113418579 0.6684781610965729
vt -1.013672113418579 0.6684781908988953
vt -1.4550780057907104 -1.2254834175109863
vt -1.2784475088119507 -1.2254829406738281
vt -1.2784475088119507 -1.7969598770141602
vt -1.4550780057907104 -1.7969598770141602
vt 4.669707298278809 -1.2450141906738281
vt 4.501488208770752 -1.2450146675109863
vt 4.501488208770752 -1.8164911270141602
vt 4.669707298278809 -1.8164911270141602
vt -2.998047351837158 -1.6451196670532227
vt -2.998047351837158 -2.0022928714752197
vt -2.503255605697632 -2.0022928714752197
vt -2.503255605697632 -1.6451196670532227
vt 3.5117197036743164 -1.9999995231628418
vt 3.5117197036743164 -1.4285225868225098
vt 4.105469703674316 -1.4285225868225098
vt 4.105469703674316 -1.9999995231628418
vt -14.390625 17.198284149169922
vt -13.796875 17.198284149169922
vt -13.796875 17.392578125
vt -14.390625 17.392578125
vt -1.013672113418579 0.6684780716896057
vt -1.310547113418579 0.6684780418872833
vt -1.310547113418579 0.7656250298023224
vt -1.013672113418579 0.7656248211860657
vt -1.2784477472305298 -1.2254829406738281
vt -1.1165364980697632 -1.29691743850708
vt -1.1165364980697632 -1.7969598770141602
vt -1.2784477472305298 -1.7969598770141602
vt 4.823908805847168 -1.31644868850708
vt 4.669707298278809 -1.2450141906738281
vt 4.669707298278809 -1.8164911270141602
vt 4.823908805847168 -1.8164911270141602
vt -1.4973958730697632 -1.3800222873687744
vt -1.4973958730697632 -2.0050225257873535
vt -1.0026041269302368 -2.0050225257873535
vt -1.0026041269302368 -1.3800222873687744
vt -3.496094226837158 -0.9934276342391968
vt -3.496094226837158 -0.298983097076416
vt -3.001302480697632 -0.298983097076416
vt -3.001302480697632 -0.9934276342391968
vt -9.007811546325684 4.144531488418579
vt -8.414061546325684 4.144531726837158
vt -8.414061546325684 4.550781726837158
vt -9.007811546325684 4.550781488418579
vt -7.917967796325684 4.265625476837158
vt -8.511717796325684 4.265625238418579
vt -8.511717796325684 4.671875238418579
vt -7.917967796325684 4.671875476837158
vt 2.548828363418579 -1.2435898780822754
vt 2.8873701095581055 -1.2435898780822754
vt 2.8873701095581055 -1.8044872283935547
vt 2.548828363418579 -1.8044872283935547
vt 2.8873698711395264 -1.2435898780822754
vt 2.548828363418579 -1.2435898780822754
vt 2.548828363418579 -1.8044872283935547
vt 2.8873698711395264 -1.8044872283935547
vt -11.984375 -1.5806777477264404
vt -11.984375 -1.9947915077209473
vt -11.390625 -1.9947915077209473
vt -11.390625 -1.5806777477264404
vt -3.484623432159424 -1.7832698822021484
vt -3.484623432159424 -1.336803674697876
vt -3.0133934020996094 -1.336803674697876
vt -3.0133934020996094 -1.7832698822021484
vt -14.390625 16.9863338470459
vt -13.796875 16.9863338470459
vt -13.796875 17.19828987121582
vt -14.390625 17.19828987121582
vt -1.013672113418579 0.5625000596046448
vt -1.310547113418579 0.5625
vt -1.310547113418579 0.66847825050354
vt -1.013672113418579 0.6684783101081848
vt -1.4550776481628418 -1.2254834175109863
vt -1.2784472703933716 -1.2254831790924072
vt -1.2784473896026611 -1.7969598770141602
vt -1.4550776481628418 -1.7969603538513184
vt 4.669707298278809 -1.2450144290924072
vt 4.501487731933594 -1.2450146675109863
vt 4.501488208770752 -1.8164916038513184
vt 4.669707298278809 -1.8164911270141602
vt -2.998046875 -1.6451201438903809
vt -2.998046875 -2.002293109893799
vt -2.5032553672790527 -2.002293109893799
vt -2.5032553672790527 -1.6451201438903809
vt 3.5117197036743164 -1.9999995231628418
vt 3.5117197036743164 -1.4285225868225098
vt 4.105469703674316 -1.4285225868225098
vt 4.105469703674316 -1.9999995231628418
vt -14.390625 17.198284149169922
vt -13.796875 17.198284149169922
vt -13.796875 17.392578125
vt -14.390625 17.392578125
vt -1.013672113418579 0.6684780120849609
vt -1.310547113418579 0.6684779524803162
vt -1.310547113418579 0.7656246423721313
vt -1.013672113418579 0.7656247019767761
vt -1.2784475088119507 -1.225482702255249
vt -1.116536259651184 -1.29691743850708
vt -1.1165361404418945 -1.7969598770141602
vt -1.2784475088119507 -1.7969598770141602
vt 4.823906898498535 -1.31644868850708
vt 4.669705867767334 -1.245013952255249
vt 4.669705867767334 -1.8164911270141602
vt 4.823906898498535 -1.8164911270141602
vt -1.4973959922790527 -1.3800227642059326
vt -1.4973959922790527 -2.0050227642059326
vt -1.002604365348816 -2.0050227642059326
vt -1.002604365348816 -1.3800227642059326
vt -3.49609375 -0.9934276342391968
vt -3.49609375 -0.298983097076416
vt -3.0013022422790527 -0.298983097076416
vt -3.0013022422790527 -0.9934276342391968
vt -9.007811546325684 4.144533395767212
vt -8.414061546325684 4.144533634185791
vt -8.414061546325684 4.550783634185791
vt -9.007811546325684 4.550783634185791
vt -7.917967796325684 4.265627384185791
vt -8.511717796325684 4.265627145767212
vt -8.511717796325684 4.671877384185791
vt -7.917967796325684 4.671877384185791
vt 2.548828363418579 -1.2435898780822754
vt 2.8873701095581055 -1.2435898780822754
vt 2.8873701095581055 -1.8044874668121338
vt 2.548828363418579 -1.8044872283935547
vt 2.8873698711395264 -1.2435898780822754
vt 2.548828125 -1.2435898780822754
vt 2.548828363418579 -1.8044872283935547
vt 2.8873701095581055 -1.8044874668121338
vt -11.984375 -1.5806775093078613
vt -11.984375 -1.9947912693023682
vt -11.390625 -1.9947912693023682
vt -11.390625 -1.5806775093078613
vt -3.4846231937408447 -1.7832694053649902
vt -3.4846231937408447 -1.3368034362792969
vt -3.0133931636810303 -1.3368034362792969
vt -3.0133931636810303 -1.7832694053649902
vt -14.390625 16.986328125
vt -13.796875 16.986328125
vt -13.796875 17.198284149169922
vt -14.390625 17.198284149169922
vt -1.0136719942092896 0.5625000298023224
vt -1.3105469942092896 0.5625
vt -1.310547113418579 0.66847825050354
vt -1.013672113418579 0.6684781610965729
vt -1.455077886581421 -1.2254834175109863
vt -1.2784476280212402 -1.2254829406738281
vt -1.2784476280212402 -1.7969598770141602
vt -1.455077886581421 -1.7969598770141602
vt 4.669707775115967 -1.2450141906738281
vt 4.50148868560791 -1.2450146675109863
vt 4.50148868560791 -1.8164911270141602
vt 4.669707775115967 -1.8164911270141602
vt -2.998047113418579 -1.6451196670532227
vt -2.998047113418579 -2.0022928714752197
vt -2.503255605697632 -2.0022928714752197
vt -2.503255605697632 -1.6451196670532227
vt 3.511719226837158 -1.9999995231628418
vt 3.511719226837158 -1.4285225868225098
vt 4.105469226837158 -1.4285225868225098
vt 4.105469226837158 -1.9999995231628418
vt -14.390625 17.198284149169922
vt -13.796875 17.198284149169922
vt -13.796875 17.392578125
vt -14.390625 17.392578125
vt -1.013672113418579 0.6684781610965729
vt -1.310547113418579 0.6684783697128296
vt -1.310547113418579 0.7656251192092896
vt -1.013672113418579 0.7656251490116119
vt -1.2784476280212402 -1.2254829406738281
vt -1.116536021232605 -1.29691743850708
vt -1.116536021232605 -1.7969598770141602
vt -1.2784476280212402 -1.7969598770141602
vt 4.823909282684326 -1.31644868850708
vt 4.669708251953125 -1.2450141906738281
vt 4.669708251953125 -1.8164911270141602
vt 4.823909282684326 -1.8164911270141602
vt -1.4973962306976318 -1.3800222873687744
vt -1.4973962306976318 -2.0050225257873535
vt -1.0026044845581055 -2.0050225257873535
vt -1.0026044845581055 -1.3800222873687744
vt -3.49609375 -0.9934276342391968
vt -3.49609375 -0.298983097076416
vt -3.0013022422790527 -0.298983097076416
vt -3.0013022422790527 -0.9934276342391968
vt -9.007811546325684 4.1445324420928955
vt -8.414061546325684 4.1445324420928955
vt -8.414061546325684 4.5507824420928955
vt -9.007811546325684 4.5507824420928955
vt -7.917967796325684 4.2656261920928955
vt -8.511717796325684 4.2656261920928955
vt -8.511717796325684 4.6718761920928955
vt -7.917967796325684 4.6718761920928955
vt 2.5488290786743164 -1.2435898780822754
vt 2.8873705863952637 -1.2435898780822754
vt 2.8873705863952637 -1.8044872283935547
vt 2.5488290786743164 -1.8044872283935547
vt 2.8873705863952637 -1.2435898780822754
vt 2.5488288402557373 -1.2435898780822754
vt 2.5488288402557373 -1.8044872283935547
vt 2.8873705863952637 -1.8044872283935547
vt -11.984375 -1.5806775093078613
vt -11.984375 -1.9947912693023682
vt -11.390625 -1.9947912693023682
vt -11.390625 -1.5806775093078613
vt -3.4846229553222656 -1.7832694053649902
vt -3.4846229553222656 -1.3368034362792969
vt -3.013392925262451 -1.3368034362792969
vt -3.013392925262451 -1.7832694053649902
vt -14.390625 16.986330032348633
vt -13.796875 16.986330032348633
vt -13.796875 17.198286056518555
vt -14.390625 17.198286056518555
vt -1.013671875 0.5625
vt -1.310546875 0.5625
vt -1.310546875 0.66847825050354
vt -1.013671875 0.66847825050354
vt -1.455078363418579 -1.2254834175109863
vt -1.2784479856491089 -1.2254829406738281
vt -1.2784479856491089 -1.7969598770141602
vt -1.455078363418579 -1.7969598770141602
vt 4.669707298278809 -1.2450141906738281
vt 4.501487731933594 -1.2450146675109863
vt 4.501487731933594 -1.8164911270141602
vt 4.669707298278809 -1.8164911270141602
vt -2.998046875 -1.6451196670532227
vt -2.998046875 -2.0022928714752197
vt -2.5032551288604736 -2.0022928714752197
vt -2.5032551288604736 -1.6451196670532227
vt 3.51171875 -1.9999995231628418
vt 3.51171875 -1.4285225868225098
vt 4.10546875 -1.4285225868225098
vt 4.10546875 -1.9999995231628418
vt -14.390625 17.198284149169922
vt -13.796875 17.198284149169922
vt -13.796875 17.392578125
vt -14.390625 17.392578125
vt -1.013671875 0.6684781312942505
vt -1.310546875 0.6684781312942505
vt -1.310546875 0.7656251192092896
vt -1.013671875 0.7656251192092896
vt -1.278448224067688 -1.2254829406738281
vt -1.1165364980697632 -1.29691743850708
vt -1.1165364980697632 -1.7969598770141602
vt -1.278448224067688 -1.7969598770141602
vt 4.823908805847168 -1.31644868850708
vt 4.669707298278809 -1.2450141906738281
vt 4.669707298278809 -1.8164911270141602
vt 4.823908805847168 -1.8164911270141602
vt -1.4973957538604736 -1.3800222873687744
vt -1.4973957538604736 -2.0050225257873535
vt -1.0026041269302368 -2.0050225257873535
vt -1.0026041269302368 -1.3800222873687744
vt -3.49609375 -0.9934276342391968
vt -3.49609375 -0.298983097076416
vt -3.0013020038604736 -0.298983097076416
vt -3.0013020038604736 -0.9934276342391968
vt -9.007811546325684 4.144532203674316
vt -8.414061546325684 4.144532203674316
vt -8.414061546325684 4.550782203674316
vt -9.007811546325684 4.550782203674316
vt -7.917967796325684 4.265625953674316
vt -8.511717796325684 4.265625953674316
vt -8.511717796325684 4.671875953674316
vt -7.917967796325684 4.671875953674316
vt 2.5488288402557373 -1.2435898780822754
vt 2.8873705863952637 -1.2435898780822754
vt 2.8873705863952637 -1.8044872283935547
vt 2.5488288402557373 -1.8044872283935547
vt 2.8873705863952637 -1.2435898780822754
vt 2.5488288402557373 -1.2435898780822754
vt 2.5488288402557373 -1.8044872283935547
vt 2.8873705863952637 -1.8044872283935547
vt -11.984375 -1.5806775093078613
vt -11.984375 -1.9947912693023682
vt -11.390625 -1.9947912693023682
vt -11.390625 -1.5806775093078613
vt -3.4846231937408447 -1.7832694053649902
vt -3.4846231937408447 -1.3368034362792969
vt -3.013392925262451 -1.3368034362792969
vt -3.013392925262451 -1.7832694053649902
vt -14.390625 16.986330032348633
vt -13.796875 16.986330032348633
vt -13.796875 17.198286056518555
vt -14.390625 17.198286056518555
vt -1.013671875 0.5625
vt -1.310546875 0.5625
vt -1.310546875 0.66847825050354
vt -1.013671875 0.66847825050354
vt -1.455078363418579 -1.2254834175109863
vt -1.2784479856491089 -1.2254829406738281
vt -1.2784479856491089 -1.7969598770141602
vt -1.455078363418579 -1.7969598770141602
vt 4.669707298278809 -1.2450141906738281
vt 4.501487731933594 -1.2450146675109863
vt 4.501487731933594 -1.8164911270141602
vt 4.669707298278809 -1.8164911270141602
vt -2.998046875 -1.6451196670532227
vt -2.998046875 -2.0022928714752197
vt -2.5032551288604736 -2.0022928714752197
vt -2.5032551288604736 -1.6451196670532227
vt 3.51171875 -1.9999995231628418
vt 3.51171875 -1.4285225868225098
vt 4.10546875 -1.4285225868225098
vt 4.10546875 -1.9999995231628418
vt -14.390625 17.198284149169922
vt -13.796875 17.198284149169922
vt -13.796875 17.392578125
vt -14.390625 17.392578125
vt -1.013671875 0.6684781312942505
vt -1.310546875 0.6684781312942505
vt -1.310546875 0.7656251192092896
vt -1.013671875 0.7656251192092896
vt -1.278448224067688 -1.2254829406738281
vt -1.1165364980697632 -1.29691743850708
vt -1.1165364980697632 -1.7969598770141602
vt -1.278448224067688 -1.7969598770141602
vt 4.823908805847168 -1.31644868850708
vt 4.669707298278809 -1.2450141906738281
vt 4.669707298278809 -1.8164911270141602
vt 4.823908805847168 -1.8164911270141602
vt -1.4973955154418945 -1.3800222873687744
vt -1.4973955154418945 -2.0050225257873535
vt -1.0026037693023682 -2.0050225257873535
vt -1.0026037693023682 -1.3800222873687744
vt -3.49609375 -0.9934276342391968
vt -3.49609375 -0.298983097076416
vt -3.0013020038604736 -0.298983097076416
vt -3.0013020038604736 -0.9934276342391968
vt -9.007811546325684 4.144532203674316
vt -8.414061546325684 4.144532203674316
vt -8.414061546325684 4.550782203674316
vt -9.007811546325684 4.550782203674316
vt -7.917967796325684 4.265625953674316
vt -8.511717796325684 4.265625953674316
vt -8.511717796325684 4.671875953674316
vt -7.917967796325684 4.671875953674316
vt 2.5488288402557373 -1.2435898780822754
vt 2.8873705863952637 -1.2435898780822754
vt 2.8873705863952637 -1.8044872283935547
vt 2.5488288402557373 -1.8044872283935547
vt 2.8873705863952637 -1.2435898780822754
vt 2.5488288402557373 -1.2435898780822754
vt 2.5488288402557373 -1.8044872283935547
vt 2.8873705863952637 -1.8044872283935547
vt -11.984375 -1.5806775093078613
vt -11.984375 -1.9947912693023682
vt -11.390625 -1.9947912693023682
vt -11.390625 -1.5806775093078613
vt -3.4846229553222656 -1.7832694053649902
vt -3.4846229553222656 -1.3368034362792969
vt -3.013392925262451 -1.3368034362792969
vt -3.013392925262451 -1.7832694053649902
vt -14.390625 16.986330032348633
vt -13.796875 16.986330032348633
vt -13.796875 17.198286056518555
vt -14.390625 17.198286056518555
vt -1.013671875 0.5625000596046448
vt -1.310546875 0.5625
vt -1.310546875 0.66847825050354
vt -1.013671875 0.6684783101081848
vt -1.455078363418579 -1.2254834175109863
vt -1.2784479856491089 -1.2254829406738281
vt -1.2784479856491089 -1.7969598770141602
vt -1.455078363418579 -1.7969598770141602
vt 4.669707298278809 -1.2450141906738281
vt 4.501487731933594 -1.2450146675109863
vt 4.501487731933594 -1.8164911270141602
vt 4.669707298278809 -1.8164911270141602
vt -2.998046875 -1.6451196670532227
vt -2.998046875 -2.0022928714752197
vt -2.5032553672790527 -2.0022928714752197
vt -2.5032553672790527 -1.6451196670532227
vt 3.51171875 -1.9999995231628418
vt 3.51171875 -1.4285225868225098
vt 4.10546875 -1.4285225868225098
vt 4.10546875 -1.9999995231628418
vt -14.390625 17.198284149169922
vt -13.796875 17.198284149169922
vt -13.796875 17.392578125
vt -14.390625 17.392578125
vt -1.013671875 0.6684781908988953
vt -1.310546875 0.6684781312942505
vt -1.310546875 0.7656251192092896
vt -1.013671875 0.7656251192092896
vt -1.278448224067688 -1.2254829406738281
vt -1.1165364980697632 -1.29691743850708
vt -1.1165364980697632 -1.7969598770141602
vt -1.278448224067688 -1.7969598770141602
vt 4.823908805847168 -1.31644868850708
vt 4.669707298278809 -1.2450141906738281
vt 4.669707298278809 -1.8164911270141602
vt 4.823908805847168 -1.8164911270141602
vt -1.4973957538604736 -1.3800222873687744
vt -1.4973957538604736 -2.0050225257873535
vt -1.0026041269302368 -2.0050225257873535
vt -1.0026041269302368 -1.3800222873687744
vt -3.49609375 -0.9934276342391968
vt -3.49609375 -0.298983097076416
vt -3.0013022422790527 -0.298983097076416
vt -3.0013022422790527 -0.9934276342391968
vt -9.007811546325684 4.144532203674316
vt -8.414061546325684 4.144532203674316
vt -8.414061546325684 4.550782203674316
vt -9.007811546325684 4.550782203674316
vt -7.917967796325684 4.265625953674316
vt -8.511717796325684 4.265625953674316
vt -8.511717796325684 4.671875953674316
vt -7.917967796325684 4.671875953674316
vt 2.5488288402557373 -1.2435898780822754
vt 2.8873705863952637 -1.2435898780822754
vt 2.8873705863952637 -1.8044872283935547
vt 2.5488288402557373 -1.8044872283935547
vt 2.8873705863952637 -1.2435898780822754
vt 2.5488288402557373 -1.2435898780822754
vt 2.5488288402557373 -1.8044872283935547
vt 2.8873705863952637 -1.8044872283935547
vt -11.984375 -1.5806775093078613
vt -11.984375 -1.9947912693023682
vt -11.390625 -1.9947912693023682
vt -11.390625 -1.5806775093078613
vt -3.484623432159424 -1.7832694053649902
vt -3.484623432159424 -1.3368034362792969
vt -3.0133934020996094 -1.3368034362792969
vt -3.0133934020996094 -1.7832694053649902
vt -14.390625 16.986330032348633
vt -13.796875 16.986330032348633
vt -13.796875 17.198286056518555
vt -14.390625 17.198286056518555
vt -1.013672113418579 0.5624999403953552
vt -1.310547113418579 0.5625
vt -1.310547113418579 0.6684781312942505
vt -1.013672113418579 0.6684781908988953
vt -1.4550780057907104 -1.2254834175109863
vt -1.2784475088119507 -1.2254829406738281
vt -1.2784475088119507 -1.7969598770141602
vt -1.4550780057907104 -1.7969598770141602
vt 4.669707298278809 -1.2450141906738281
vt 4.501487731933594 -1.2450146675109863
vt 4.501487731933594 -1.8164911270141602
vt 4.669707298278809 -1.8164911270141602
vt -2.998047351837158 -1.6451196670532227
vt -2.998047351837158 -2.0022928714752197
vt -2.503255605697632 -2.0022928714752197
vt -2.503255605697632 -1.6451196670532227
vt 3.5117201805114746 -1.9999995231628418
vt 3.5117201805114746 -1.4285225868225098
vt 4.105470180511475 -1.4285225868225098
vt 4.105470180511475 -1.9999995231628418
vt -14.390625 17.198284149169922
vt -13.796875 17.198284149169922
vt -13.796875 17.392578125
vt -14.390625 17.392578125
vt -1.013672113418579 0.6684780716896057
vt -1.310547113418579 0.6684780120849609
vt -1.310547113418579 0.765625
vt -1.013672113418579 0.7656248211860657
vt -1.2784477472305298 -1.2254829406738281
vt -1.1165364980697632 -1.29691743850708
vt -1.1165364980697632 -1.7969598770141602
vt -1.2784477472305298 -1.7969598770141602
vt 4.82390832901001 -1.31644868850708
vt 4.66970682144165 -1.2450141906738281
vt 4.66970682144165 -1.8164911270141602
vt 4.82390832901001 -1.8164911270141602
vt -1.4973958730697632 -1.3800222873687744
vt -1.4973958730697632 -2.0050225257873535
vt -1.0026042461395264 -2.0050225257873535
vt -1.0026042461395264 -1.3800222873687744
vt -3.496094226837158 -0.9934276342391968
vt -3.496094226837158 -0.298983097076416
vt -3.001302719116211 -0.298983097076416
vt -3.001302719116211 -0.9934276342391968
vt -9.007811546325684 4.144531488418579
vt -8.414061546325684 4.144531726837158
vt -8.414061546325684 4.550781726837158
vt -9.007811546325684 4.550781488418579
vt -7.917967319488525 4.265625476837158
vt -8.511717796325684 4.265625238418579
vt -8.511717796325684 4.671875238418579
vt -7.917967319488525 4.671875476837158
vt 2.548828363418579 -1.2435898780822754
vt 2.8873701095581055 -1.2435898780822754
vt 2.8873701095581055 -1.8044872283935547
vt 2.548828363418579 -1.8044872283935547
vt 2.8873701095581055 -1.2435898780822754
vt 2.548828363418579 -1.2435898780822754
vt 2.548828363418579 -1.8044872283935547
vt 2.8873701095581055 -1.8044872283935547
vt -11.984375 -1.5806775093078613
vt -11.984375 -1.9947912693023682
vt -11.390625 -1.9947912693023682
vt -11.390625 -1.5806775093078613
vt -3.484623432159424 -1.7832694053649902
vt -3.484623432159424 -1.3368034362792969
vt -3.0133931636810303 -1.3368034362792969
vt -3.0133931636810303 -1.7832694053649902
vt -14.390625 16.986330032348633
vt -13.796875 16.986330032348633
vt -13.796875 17.198286056518555
vt -14.390625 17.198286056518555
vt -1.013672113418579 0.5625
vt -1.310547113418579 0.5624999403953552
vt -1.310547113418579 0.6684781908988953
vt -1.013672113418579 0.66847825050354
vt -1.455077886581421 -1.2254834175109863
vt -1.2784473896026611 -1.2254829406738281
vt -1.2784473896026611 -1.7969598770141602
vt -1.455077886581421 -1.7969598770141602
vt 4.669707298278809 -1.2450141906738281
vt 4.501487731933594 -1.2450146675109863
vt 4.501487731933594 -1.8164911270141602
vt 4.669707298278809 -1.8164911270141602
vt -2.998047351837158 -1.6451196670532227
vt -2.998047351837158 -2.0022928714752197
vt -2.503255605697632 -2.0022928714752197
vt -2.503255605697632 -1.6451196670532227
vt 3.5117199420928955 -1.9999995231628418
vt 3.5117199420928955 -1.4285225868225098
vt 4.105469703674316 -1.4285225868225098
vt 4.105469703674316 -1.9999995231628418
vt -4.575892925262451 0.2243303656578064
vt -4.575892925262451 0.20200896263122559
vt -4.933035850524902 0.20200896263122559
vt -4.933035850524902 0.2243303656578064
vt -4.575892925262451 0.20200896263122559
vt -4.575892925262451 0.2243303656578064
vt -4.933035850524902 0.2243303656578064
vt -4.933035850524902 0.20200896263122559
vt -4.575892925262451 5.916295051574707
vt -4.933035850524902 5.916295051574707
vt -4.933035850524902 5.0234375
vt -4.575892925262451 5.0234375
vt -4.933035850524902 5.916295051574707
vt -4.575892925262451 5.916295051574707
vt -4.575892925262451 5.0234375
vt -4.933035850524902 5.0234375
vt 5.245535850524902 0.2243303656578064
vt 4.352678298950195 0.2243303656578064
vt 4.352678298950195 0.20200896263122559
vt 5.245535850524902 0.20200896263122559
vt 4.352678298950195 0.2243303656578064
vt 5.245535850524902 0.2243303656578064
vt 5.245535850524902 0.20200896263122559
vt 4.352678298950195 0.20200896263122559
vt -4.21875 0.045758962631225586
vt -4.21875 0.0234375
vt -4.575892925262451 0.0234375
vt -4.575892925262451 0.045758962631225586
vt -4.21875 0.0234375
vt -4.21875 0.045758962631225586
vt -4.575892925262451 0.045758962631225586
vt -4.575892925262451 0.0234375
vt -4.21875 5.916295051574707
vt -4.575892925262451 5.916295051574707
vt -4.575892925262451 5.0234375
vt -4.21875 5.0234375
vt -4.575892925262451 5.916295051574707
vt -4.21875 5.916295051574707
vt -4.21875 5.0234375
vt -4.575892925262451 5.0234375
vt 5.245535850524902 0.045758962631225586
vt 4.352678298950195 0.045758962631225586
vt 4.352678298950195 0.0234375
vt 5.245535850524902 0.0234375
vt 4.352678298950195 0.045758962631225586
vt 5.245535850524902 0.045758962631225586
vt 5.245535850524902 0.0234375
vt 4.352678298950195 0.0234375
vt -3.5714287757873535 -0.1328125
vt -3.5714287757873535 -0.15513396263122559
vt -3.9285717010498047 -0.15513396263122559
vt -3.9285717010498047 -0.1328125
vt -3.5714287757873535 -0.15513396263122559
vt -3.5714287757873535 -0.1328125
vt -3.9285717010498047 -0.1328125
vt -3.9285717010498047 -0.15513396263122559
vt -3.5714287757873535 5.916295051574707
vt -3.9285717010498047 5.916295051574707
vt -3.9285717010498047 5.0234375
vt -3.5714287757873535 5.0234375
vt -3.9285717010498047 5.916295051574707
vt -3.5714287757873535 5.916295051574707
vt -3.5714287757873535 5.0234375
vt -3.9285717010498047 5.0234375
vt 5.535714626312256 -0.1328125
vt 4.642857074737549 -0.1328125
vt 4.642857074737549 -0.15513396263122559
vt 5.535714626312256 -0.15513396263122559
vt 4.642857074737549 -0.1328125
vt 5.535714626312256 -0.1328125
vt 5.535714626312256 -0.15513396263122559
vt 4.642857074737549 -0.15513396263122559
vt -3.5044643878936768 -0.3113839626312256
vt -3.5044643878936768 -0.33370542526245117
vt -3.861607313156128 -0.33370542526245117
vt -3.861607313156128 -0.3113839626312256
vt -3.5044643878936768 -0.33370542526245117
vt -3.5044643878936768 -0.3113839626312256
vt -3.861607313156128 -0.3113839626312256
vt -3.861607313156128 -0.33370542526245117
vt -3.5044643878936768 5.916295051574707
vt -3.861607313156128 5.916295051574707
vt -3.861607313156128 5.0234375
vt -3.5044643878936768 5.0234375
vt -3.861607313156128 5.916295051574707
vt -3.5044643878936768 5.916295051574707
vt -3.5044643878936768 5.0234375
vt -3.861607313156128 5.0234375
vt 5.245535850524902 -0.3113839626312256
vt 4.352678298950195 -0.3113839626312256
vt 4.352678298950195 -0.33370542526245117
vt 5.245535850524902 -0.33370542526245117
vt 4.352678298950195 -0.3113839626312256
vt 5.245535850524902 -0.3113839626312256
vt 5.245535850524902 -0.33370542526245117
vt 4.352678298950195 -0.33370542526245117
vt -3.1473214626312256 -0.48995542526245117
vt -3.1473214626312256 -0.5122768878936768
vt -3.5044643878936768 -0.5122768878936768
vt -3.5044643878936768 -0.48995542526245117
vt -3.1473214626312256 -0.5122768878936768
vt -3.1473214626312256 -0.48995542526245117
vt -3.5044643878936768 -0.48995542526245117
vt -3.5044643878936768 -0.5122768878936768
vt -3.1473214626312256 5.916295051574707
vt -3.5044643878936768 5.916295051574707
vt -3.5044643878936768 5.0234375
vt -3.1473214626312256 5.0234375
vt -3.5044643878936768 5.916295051574707
vt -3.1473214626312256 5.916295051574707
vt -3.1473214626312256 5.0234375
vt -3.5044643878936768 5.0234375
vt 5.245535850524902 -0.48995542526245117
vt 4.352678298950195 -0.48995542526245117
vt 4.352678298950195 -0.5122768878936768
vt 5.245535850524902 -0.5122768878936768
vt 4.352678298950195 -0.48995542526245117
vt 5.245535850524902 -0.48995542526245117
vt 5.245535850524902 -0.5122768878936768
vt 4.352678298950195 -0.5122768878936768
vt -2.5 -0.6685268878936768
vt -2.5 -0.6908481121063232
vt -2.857142925262451 -0.6908481121063232
vt -2.857142925262451 -0.6685268878936768
vt -2.5 -0.6908481121063232
vt -2.5 -0.6685268878936768
vt -2.857142925262451 -0.6685268878936768
vt -2.857142925262451 -0.6908481121063232
vt -2.5 5.916295051574707
vt -2.857142925262451 5.916295051574707
vt -2.857142925262451 5.0234375
vt -2.5 5.0234375
vt -2.857142925262451 5.916295051574707
vt -2.5 5.916295051574707
vt -2.5 5.0234375
vt -2.857142925262451 5.0234375
vt 5.535714626312256 -0.6685268878936768
vt 4.642857074737549 -0.6685268878936768
vt 4.642857074737549 -0.6908481121063232
vt 5.535714626312256 -0.6908481121063232
vt 4.642857074737549 -0.6685268878936768
vt 5.535714626312256 -0.6685268878936768
vt 5.535714626312256 -0.6908481121063232
vt 4.642857074737549 -0.6908481121063232
vt -2.4330358505249023 -0.8470983505249023
vt -2.4330358505249023 -0.8694195747375488
vt -2.7901785373687744 -0.8694195747375488
vt -2.7901785373687744 -0.8470983505249023
vt -2.4330358505249023 -0.8694195747375488
vt -2.4330358505249023 -0.8470983505249023
vt -2.7901785373687744 -0.8470983505249023
vt -2.7901785373687744 -0.8694195747375488
vt -2.4330358505249023 5.916295051574707
vt -2.7901785373687744 5.916295051574707
vt -2.7901785373687744 5.0234375
vt -2.4330358505249023 5.0234375
vt -2.7901785373687744 5.916295051574707
vt -2.4330358505249023 5.916295051574707
vt -2.4330358505249023 5.0234375
vt -2.7901785373687744 5.0234375
vt 5.245535850524902 -0.8470983505249023
vt 4.352678298950195 -0.8470983505249023
vt 4.352678298950195 -0.8694195747375488
vt 5.245535850524902 -0.8694195747375488
vt 4.352678298950195 -0.8470983505249023
vt 5.245535850524902 -0.8470983505249023
vt 5.245535850524902 -0.8694195747375488
vt 4.352678298950195 -0.8694195747375488
vt -0.1171875 -1.7566967010498047
vt -0.1171875 -1.7790179252624512
vt -1.9029017686843872 -1.7790179252624512
vt -1.9029017686843872 -1.7566967010498047
vt -0.1171875 -1.7790179252624512
vt -0.1171875 -1.7566967010498047
vt -1.9029017686843872 -1.7566967010498047
vt -1.9029017686843872 -1.7790179252624512
vt -0.1171875 5.8995537757873535
vt -1.9029017686843872 5.8995537757873535
vt -1.9029017686843872 5.0066962242126465
vt -0.1171875 5.0066962242126465
vt -1.9029017686843872 5.8995537757873535
vt -0.1171875 5.8995537757873535
vt -0.1171875 5.0066962242126465
vt -1.9029017686843872 5.0066962242126465
vt 4.525670051574707 -1.7566967010498047
vt 3.6328125 -1.7566967010498047
vt 3.6328125 -1.7790179252624512
vt 4.525670051574707 -1.7790179252624512
vt 3.6328125 -1.7566967010498047
vt 4.525670051574707 -1.7566967010498047
vt 4.525670051574707 -1.7790179252624512
vt 3.6328125 -1.7790179252624512
vt 3.275669574737549 -1.9352679252624512
vt 3.275669574737549 -1.9575891494750977
vt 3.6328125 -1.9575891494750977
vt 3.6328125 -1.9352679252624512
vt 3.275669574737549 -1.9575891494750977
vt 3.275669574737549 -1.9352679252624512
vt 3.6328125 -1.9352679252624512
vt 3.6328125 -1.9575891494750977
vt -0.1171875 4.649553298950195
vt -0.1171875 5.0066962242126465
vt -1.9029017686843872 5.0066962242126465
vt -1.9029017686843872 4.649553298950195
vt -0.1171875 5.0066962242126465
vt -0.1171875 4.649553298950195
vt -1.9029017686843872 4.649553298950195
vt -1.9029017686843872 5.0066962242126465
vt -0.1171875 -1.9352679252624512
vt -1.9029017686843872 -1.9352679252624512
vt -1.9029017686843872 -1.9575891494750977
vt -0.1171875 -1.9575891494750977
vt -1.9029017686843872 -1.9352679252624512
vt -0.1171875 -1.9352679252624512
vt -0.1171875 -1.9575891494750977
vt -1.9029017686843872 -1.9575891494750977
vt 2.9185266494750977 -2.1138391494750977
vt 2.9185266494750977 -2.1361608505249023
vt 3.275669574737549 -2.1361608505249023
vt 3.275669574737549 -2.1138391494750977
vt 2.9185266494750977 -2.1361608505249023
vt 2.9185266494750977 -2.1138391494750977
vt 3.275669574737549 -2.1138391494750977
vt 3.275669574737549 -2.1361608505249023
vt -0.1171875 4.292410850524902
vt -0.1171875 4.649553298950195
vt -1.9029017686843872 4.649553298950195
vt -1.9029017686843872 4.292410850524902
vt -0.1171875 4.649553298950195
vt -0.1171875 4.292410850524902
vt -1.9029017686843872 4.292410850524902
vt -1.9029017686843872 4.649553298950195
vt -0.1171875 -2.1138391494750977
vt -1.9029017686843872 -2.1138391494750977
vt -1.9029017686843872 -2.1361608505249023
vt -0.1171875 -2.1361608505249023
vt -1.9029017686843872 -2.1138391494750977
vt -0.1171875 -2.1138391494750977
vt -0.1171875 -2.1361608505249023
vt -1.9029017686843872 -2.1361608505249023
vt 2.5613842010498047 -2.0859375
vt 2.5613842010498047 -2.1082589626312256
vt 2.9185266494750977 -2.1082589626312256
vt 2.9185266494750977 -2.0859375
vt 2.5613842010498047 -2.1082589626312256
vt 2.5613842010498047 -2.0859375
vt 2.9185266494750977 -2.0859375
vt 2.9185266494750977 -2.1082589626312256
vt -0.1171875 4.1417412757873535
vt -0.1171875 4.498883962631226
vt -1.9029017686843872 4.498883962631226
vt -1.9029017686843872 4.1417412757873535
vt -0.1171875 4.498883962631226
vt -0.1171875 4.1417412757873535
vt -1.9029017686843872 4.1417412757873535
vt -1.9029017686843872 4.498883962631226
vt -0.1171875 -2.0859375
vt -1.9029017686843872 -2.0859375
vt -1.9029017686843872 -2.1082589626312256
vt -0.1171875 -2.1082589626312256
vt -1.9029017686843872 -2.0859375
vt -0.1171875 -2.0859375
vt -0.1171875 -2.1082589626312256
vt -1.9029017686843872 -2.1082589626312256
vt 2.2042412757873535 -2.470982074737549
vt 2.2042412757873535 -2.4933037757873535
vt 2.5613842010498047 -2.4933037757873535
vt 2.5613842010498047 -2.470982074737549
vt 2.2042412757873535 -2.4933037757873535
vt 2.2042412757873535 -2.470982074737549
vt 2.5613842010498047 -2.470982074737549
vt 2.5613842010498047 -2.4933037757873535
vt -0.1171875 3.578125
vt -0.1171875 3.935267925262451
vt -1.9029017686843872 3.935267925262451
vt -1.9029017686843872 3.578125
vt -0.1171875 3.935267925262451
vt -0.1171875 3.578125
vt -1.9029017686843872 3.578125
vt -1.9029017686843872 3.935267925262451
vt -0.1171875 -2.470982074737549
vt -1.9029017686843872 -2.470982074737549
vt -1.9029017686843872 -2.4933037757873535
vt -0.1171875 -2.4933037757873535
vt -1.9029017686843872 -2.470982074737549
vt -0.1171875 -2.470982074737549
vt -0.1171875 -2.4933037757873535
vt -1.9029017686843872 -2.4933037757873535
vt 1.8470982313156128 -2.6495535373687744
vt 1.8470982313156128 -2.671875
vt 2.2042412757873535 -2.671875
vt 2.2042412757873535 -2.6495535373687744
vt 1.8470982313156128 -2.671875
vt 1.8470982313156128 -2.6495535373687744
vt 2.2042412757873535 -2.6495535373687744
vt 2.2042412757873535 -2.671875
vt -0.1171875 3.220982074737549
vt -0.1171875 3.578125
vt -1.9029017686843872 3.578125
vt -1.9029017686843872 3.220982074737549
vt -0.1171875 3.578125
vt -0.1171875 3.220982074737549
vt -1.9029017686843872 3.220982074737549
vt -1.9029017686843872 3.578125
vt -0.1171875 -2.6495535373687744
vt -1.9029017686843872 -2.6495535373687744
vt -1.9029017686843872 -2.671875
vt -0.1171875 -2.671875
vt -1.9029017686843872 -2.6495535373687744
vt -0.1171875 -2.6495535373687744
vt -0.1171875 -2.671875
vt -1.9029017686843872 -2.671875
vt 1.4899553060531616 -2.6216518878936768
vt 1.4899553060531616 -2.6439733505249023
vt 1.8470982313156128 -2.6439733505249023
vt 1.8470982313156128 -2.6216518878936768
vt 1.4899553060531616 -2.6439733505249023
vt 1.4899553060531616 -2.6216518878936768
vt 1.8470982313156128 -2.6216518878936768
vt 1.8470982313156128 -2.6439733505249023
vt -0.1171875 3.0703125
vt -0.1171875 3.427455425262451
vt -1.9029017686843872 3.427455425262451
vt -1.9029017686843872 3.0703125
vt -0.1171875 3.427455425262451
vt -0.1171875 3.0703125
vt -1.9029017686843872 3.0703125
vt -1.9029017686843872 3.427455425262451
vt -0.1171875 -2.6216518878936768
vt -1.9029017686843872 -2.6216518878936768
vt -1.9029017686843872 -2.6439733505249023
vt -0.1171875 -2.6439733505249023
vt -1.9029017686843872 -2.6216518878936768
vt -0.1171875 -2.6216518878936768
vt -0.1171875 -2.6439733505249023
vt -1.9029017686843872 -2.6439733505249023
vt -2.075892925262451 -1.0256695747375488
vt -2.075892925262451 -1.0479910373687744
vt -2.4330358505249023 -1.0479910373687744
vt -2.4330358505249023 -1.0256695747375488
vt -2.075892925262451 -1.0479910373687744
vt -2.075892925262451 -1.0256695747375488
vt -2.4330358505249023 -1.0256695747375488
vt -2.4330358505249023 -1.0479910373687744
vt -2.075892925262451 5.916295051574707
vt -2.4330358505249023 5.916295051574707
vt -2.4330358505249023 5.0234375
vt -2.075892925262451 5.0234375
vt -2.4330358505249023 5.916295051574707
vt -2.075892925262451 5.916295051574707
vt -2.075892925262451 5.0234375
vt -2.4330358505249023 5.0234375
vt 5.245535850524902 -1.0256695747375488
vt 4.352678298950195 -1.0256695747375488
vt 4.352678298950195 -1.0479910373687744
vt 5.245535850524902 -1.0479910373687744
vt 4.352678298950195 -1.0256695747375488
vt 5.245535850524902 -1.0256695747375488
vt 5.245535850524902 -1.0479910373687744
vt 4.352678298950195 -1.0479910373687744
vt -1.5736606121063232 -1.2042410373687744
vt -1.5736606121063232 -1.2265625
vt -1.9308035373687744 -1.2265625
vt -1.9308035373687744 -1.2042410373687744
vt -1.5736606121063232 -1.2265625
vt -1.5736606121063232 -1.2042410373687744
vt -1.9308035373687744 -1.2042410373687744
vt -1.9308035373687744 -1.2265625
vt -1.5736606121063232 5.916295051574707
vt -1.9308035373687744 5.916295051574707
vt -1.9308035373687744 5.0234375
vt -1.5736606121063232 5.0234375
vt -1.9308035373687744 5.916295051574707
vt -1.5736606121063232 5.916295051574707
vt -1.5736606121063232 5.0234375
vt -1.9308035373687744 5.0234375
vt 5.390625476837158 -1.2042410373687744
vt 4.497767925262451 -1.2042410373687744
vt 4.497767925262451 -1.2265625
vt 5.390625476837158 -1.2265625
vt 4.497767925262451 -1.2042410373687744
vt 5.390625476837158 -1.2042410373687744
vt 5.390625476837158 -1.2265625
vt 4.497767925262451 -1.2265625
vt -1.3616071939468384 -1.3828125
vt -1.3616071939468384 -1.4051339626312256
vt -1.71875 -1.4051339626312256
vt -1.71875 -1.3828125
vt -1.3616071939468384 -1.4051339626312256
vt -1.3616071939468384 -1.3828125
vt -1.71875 -1.3828125
vt -1.71875 -1.4051339626312256
vt -1.3616071939468384 5.916295051574707
vt -1.71875 5.916295051574707
vt -1.71875 5.0234375
vt -1.3616071939468384 5.0234375
vt -1.71875 5.916295051574707
vt -1.3616071939468384 5.916295051574707
vt -1.3616071939468384 5.0234375
vt -1.71875 5.0234375
vt 5.245535850524902 -1.3828125
vt 4.352678298950195 -1.3828125
vt 4.352678298950195 -1.4051339626312256
vt 5.245535850524902 -1.4051339626312256
vt 4.352678298950195 -1.3828125
vt 5.245535850524902 -1.3828125
vt 5.245535850524902 -1.4051339626312256
vt 4.352678298950195 -1.4051339626312256
vt -1.0044643878936768 -1.5613839626312256
vt -1.0044643878936768 -1.5837054252624512
vt -1.3616071939468384 -1.5837054252624512
vt -1.3616071939468384 -1.5613839626312256
vt -1.0044643878936768 -1.5837054252624512
vt -1.0044643878936768 -1.5613839626312256
vt -1.3616071939468384 -1.5613839626312256
vt -1.3616071939468384 -1.5837054252624512
vt -1.0044643878936768 5.916295051574707
vt -1.3616071939468384 5.916295051574707
vt -1.3616071939468384 5.0234375
vt -1.0044643878936768 5.0234375
vt -1.3616071939468384 5.916295051574707
vt -1.0044643878936768 5.916295051574707
vt -1.0044643878936768 5.0234375
vt -1.3616071939468384 5.0234375
vt 5.245535850524902 -1.5613839626312256
vt 4.352678298950195 -1.5613839626312256
vt 4.352678298950195 -1.5837054252624512
vt 5.245535850524902 -1.5837054252624512
vt 4.352678298950195 -1.5613839626312256
vt 5.245535850524902 -1.5613839626312256
vt 5.245535850524902 -1.5837054252624512
vt 4.352678298950195 -1.5837054252624512
vt -4.575892925262451 0.8828125
vt -4.575892925262451 0.8381696343421936
vt -5.825893402099609 0.8381696343421936
vt -5.825893402099609 0.8828125
vt -4.575892925262451 0.8381696343421936
vt -4.575892925262451 0.8828125
vt -5.825893402099609 0.8828125
vt -5.825893402099609 0.8381696343421936
vt -4.575892925262451 6.418527126312256
vt -5.825893402099609 6.418527126312256
vt -5.825893402099609 -4.652902126312256
vt -4.575892925262451 -4.652902126312256
vt -5.825893402099609 6.418527126312256
vt -4.575892925262451 6.418527126312256
vt -4.575892925262451 -4.652902126312256
vt -5.825893402099609 -4.652902126312256
vt 5.245535850524902 0.8828125
vt -5.825893402099609 0.8828125
vt -5.825893402099609 0.8381696343421936
vt 5.245535850524902 0.8381696343421936
vt -5.825893402099609 0.8828125
vt 5.245535850524902 0.8828125
vt 5.245535850524902 0.8381696343421936
vt -5.825893402099609 0.8381696343421936
vt -0.5580359697341919 0.8828125
vt -0.5580359697341919 0.8381696343421936
vt -5.825892925262451 0.8381696343421936
vt -5.825892925262451 0.8828125
vt -0.5580359697341919 0.8381696343421936
vt -0.5580359697341919 0.8828125
vt -5.825892925262451 0.8828125
vt -5.825892925262451 0.8381696343421936
vt -0.5580359697341919 -3.068080425262451
vt -5.825892925262451 -3.068080425262451
vt -5.825892925262451 -4.652902126312256
vt -0.5580359697341919 -4.652902126312256
vt -5.825892925262451 -3.068080425262451
vt -0.5580359697341919 -3.068080425262451
vt -0.5580359697341919 -4.652902126312256
vt -5.825892925262451 -4.652902126312256
vt -4.241071701049805 0.8828125
vt -5.825893402099609 0.8828125
vt -5.825893402099609 0.8381696343421936
vt -4.241071701049805 0.8381696343421936
vt -5.825893402099609 0.8828125
vt -4.241071701049805 0.8828125
vt -4.241071701049805 0.8381696343421936
vt -5.825893402099609 0.8381696343421936
vt -3.25 -0.609375
vt -3.25 -1.8747787475585938
vt -3.5 -1.8747787475585938
vt -3.5 -0.609375
vt -3.25 -1.8747787475585938
vt -3.25 -0.609375
vt -3.5 -0.609375
vt -3.5 -1.8747787475585938
vt -2.1843442916870117 -1.375
vt -2.1843442916870117 -1.625
vt -2.1687192916870117 -1.625
vt -2.1687192916870117 -1.375
vt -2.1843442916870117 -1.625
vt -2.1843442916870117 -1.375
vt -2.1687192916870117 -1.375
vt -2.1687192916870117 -1.625
vt -1.3093444108963013 -0.609375
vt -1.2937194108963013 -0.609375
vt -1.2937194108963013 -1.8747787475585938
vt -1.3093444108963013 -1.8747787475585938
vt -1.2937194108963013 -0.609375
vt -1.3093444108963013 -0.609375
vt -1.3093444108963013 -1.8747787475585938
vt -1.2937194108963013 -1.8747787475585938
vt -3.25 -0.609375
vt -3.25 -1.8747787475585938
vt -3.5 -1.8747787475585938
vt -3.5 -0.609375
vt -3.25 -1.8747787475585938
vt -3.25 -0.609375
vt -3.5 -0.609375
vt -3.5 -1.8747787475585938
vt -1.4812192916870117 -1.375
vt -1.4812192916870117 -1.625
vt -1.4655942916870117 -1.625
vt -1.4655942916870117 -1.375
vt -1.4812192916870117 -1.625
vt -1.4812192916870117 -1.375
vt -1.4655942916870117 -1.375
vt -1.4655942916870117 -1.625
vt -0.6062192916870117 -0.609375
vt -0.5905942916870117 -0.609375
vt -0.5905942916870117 -1.8747787475585938
vt -0.6062192916870117 -1.8747787475585938
vt -0.5905942916870117 -0.609375
vt -0.6062192916870117 -0.609375
vt -0.6062192916870117 -1.8747787475585938
vt -0.5905942916870117 -1.8747787475585938
vt -3.25 -0.609375
vt -3.25 -1.8747787475585938
vt -3.5 -1.8747787475585938
vt -3.5 -0.609375
vt -3.25 -1.8747787475585938
vt -3.25 -0.609375
vt -3.5 -0.609375
vt -3.5 -1.8747787475585938
vt -2.1843442916870117 -1.375
vt -2.1843442916870117 -1.625
vt -2.1687192916870117 -1.625
vt -2.1687192916870117 -1.375
vt -2.1843442916870117 -1.625
vt -2.1843442916870117 -1.375
vt -2.1687192916870117 -1.375
vt -2.1687192916870117 -1.625
vt -1.3093444108963013 -0.609375
vt -1.2937194108963013 -0.609375
vt -1.2937194108963013 -1.8747787475585938
vt -1.3093444108963013 -1.8747787475585938
vt -1.2937194108963013 -0.609375
vt -1.3093444108963013 -0.609375
vt -1.3093444108963013 -1.8747787475585938
vt -1.2937194108963013 -1.8747787475585938
vt -3.25 -0.609375
vt -3.25 -1.8747787475585938
vt -3.5 -1.8747787475585938
vt -3.5 -0.609375
vt -3.25 -1.8747787475585938
vt -3.25 -0.609375
vt -3.5 -0.609375
vt -3.5 -1.8747787475585938
vt -1.4812194108963013 -1.375
vt -1.4812194108963013 -1.625
vt -1.4655944108963013 -1.625
vt -1.4655944108963013 -1.375
vt -1.4812194108963013 -1.625
vt -1.4812194108963013 -1.375
vt -1.4655944108963013 -1.375
vt -1.4655944108963013 -1.625
vt -0.6062194108963013 -0.609375
vt -0.5905944108963013 -0.609375
vt -0.5905944108963013 -1.8747787475585938
vt -0.6062194108963013 -1.8747787475585938
vt -0.5905944108963013 -0.609375
vt -0.6062194108963013 -0.609375
vt -0.6062194108963013 -1.8747787475585938
vt -0.5905944108963013 -1.8747787475585938
vt -0.2890625 -0.84375
vt -0.4140625 -0.84375
vt -0.4140625 -0.71875
vt -0.2890625 -0.71875
vt -0.296875 -1.4453125
vt -0.2890625 -1.453125
vt -0.4140625 -1.453125
vt -0.40625 -1.4453125
vt -0.296875 -0.84375
vt -0.296875 -0.71875
vt -0.40625 -0.71875
vt -0.40625 -0.84375
vt -0.4140625 -0.71875
vt -0.4140625 -0.84375
vt -0.2890625 -0.84375
vt -0.2890625 -0.71875
vt -0.4140625 -1.328125
vt -0.2890625 -1.328125
vt -0.296875 -1.3359375
vt -0.40625 -1.3359375
vt -0.40625 -0.84375
vt -0.40625 -0.71875
vt -0.296875 -0.71875
vt -0.296875 -0.84375
vt -0.40625 -1.4453125
vt -0.40625 -1.3359375
vt -0.296875 -1.3359375
vt -0.296875 -1.4453125
vt -0.4140625 -1.453125
vt -0.4140625 -1.328125
vt -0.40625 -1.3359375
vt -0.40625 -1.4453125
vt -2.328125 -0.84375
vt -2.328125 -0.71875
vt -2.453125 -0.71875
vt -2.453125 -0.84375
vt -2.4453125 -0.84375
vt -2.4453125 -0.71875
vt -2.3359375 -0.71875
vt -2.3359375 -0.84375
vt -0.296875 -1.3359375
vt -0.2890625 -1.328125
vt -0.2890625 -1.453125
vt -0.296875 -1.4453125
vt -2.328125 -0.71875
vt -2.328125 -0.84375
vt -2.453125 -0.84375
vt -2.453125 -0.71875
vt -2.3359375 -0.84375
vt -2.3359375 -0.71875
vt -2.4453125 -0.71875
vt -2.4453125 -0.84375
vt -0.15893077850341797 -0.84375
vt -0.27967143058776855 -0.84375
vt -0.27967143058776855 -0.71875
vt -0.15893077850341797 -0.71875
vt -0.16445493698120117 -1.4576029777526855
vt -0.15893077850341797 -1.4671714305877686
vt -0.27967143058776855 -1.434819221496582
vt -0.27010321617126465 -1.4292948246002197
vt -0.16445493698120117 -0.84375
vt -0.16445493698120117 -0.71875
vt -0.27010321617126465 -0.71875
vt -0.27010321617126465 -0.84375
vt -0.24731922149658203 -0.71875
vt -0.24731922149658203 -0.84375
vt -0.12657856941223145 -0.84375
vt -0.12657856941223145 -0.71875
vt -0.24731922149658203 -1.3140785694122314
vt -0.12657856941223145 -1.346430778503418
vt -0.13614678382873535 -1.3519551753997803
vt -0.24179506301879883 -1.3236470222473145
vt -0.24179506301879883 -0.84375
vt -0.24179506301879883 -0.71875
vt -0.13614678382873535 -0.71875
vt -0.13614678382873535 -0.84375
vt -0.27010321617126465 -1.4292948246002197
vt -0.24179482460021973 -1.3236467838287354
vt -0.13614678382873535 -1.3519551753997803
vt -0.16445517539978027 -1.4576032161712646
vt -0.27967166900634766 -1.434819221496582
vt -0.24731922149658203 -1.3140783309936523
vt -0.24179482460021973 -1.3236465454101562
vt -0.27010321617126465 -1.4292950630187988
vt -2.3140783309936523 -0.84375
vt -2.3140783309936523 -0.71875
vt -2.434819221496582 -0.71875
vt -2.434819221496582 -0.84375
vt -2.429295063018799 -0.84375
vt -2.429295063018799 -0.71875
vt -2.3236465454101562 -0.71875
vt -2.3236465454101562 -0.84375
vt -0.13614678382873535 -1.3519549369812012
vt -0.12657833099365234 -1.346430778503418
vt -0.15893077850341797 -1.4671716690063477
vt -0.16445517539978027 -1.4576034545898438
vt -2.346430778503418 -0.71875
vt -2.346430778503418 -0.84375
vt -2.4671716690063477 -0.84375
vt -2.4671716690063477 -0.71875
vt -2.351954936981201 -0.84375
vt -2.351954936981201 -0.71875
vt -2.4576034545898438 -0.71875
vt -2.4576034545898438 -0.84375
vt -14.390625 17.198284149169922
vt -13.796875 17.198284149169922
vt -13.796875 17.392578125
vt -14.390625 17.392578125
vt -1.013672113418579 0.66847825050354
vt -1.310547113418579 0.6684781908988953
vt -1.310547113418579 0.7656249403953552
vt -1.013672113418579 0.765625
vt -1.2784473896026611 -1.2254829406738281
vt -1.1165361404418945 -1.29691743850708
vt -1.1165361404418945 -1.7969598770141602
vt -1.2784473896026611 -1.7969598770141602
vt 4.82390832901001 -1.31644868850708
vt 4.669707298278809 -1.2450141906738281
vt 4.669707298278809 -1.8164911270141602
vt 4.82390832901001 -1.8164911270141602
vt -1.4973959922790527 -1.3800222873687744
vt -1.4973959922790527 -2.0050225257873535
vt -1.002604365348816 -2.0050225257873535
vt -1.002604365348816 -1.3800222873687744
vt -3.496093988418579 -0.9934276342391968
vt -3.496093988418579 -0.298983097076416
vt -3.0013022422790527 -0.298983097076416
vt -3.0013022422790527 -0.9934276342391968
vt -9.007811546325684 4.144533157348633
vt -8.414061546325684 4.144533395767212
vt -8.414061546325684 4.550783395767212
vt -9.007811546325684 4.550783157348633
vt -7.917967796325684 4.265627145767212
vt -8.511717796325684 4.265626907348633
vt -8.511717796325684 4.671876907348633
vt -7.917967796325684 4.671877145767212
vt 2.5488290786743164 -1.2435898780822754
vt 2.8873705863952637 -1.2435898780822754
vt 2.8873705863952637 -1.8044872283935547
vt 2.5488290786743164 -1.8044872283935547
vt 2.8873705863952637 -1.2435898780822754
vt 2.5488288402557373 -1.2435898780822754
vt 2.5488288402557373 -1.8044872283935547
vt 2.8873705863952637 -1.8044872283935547
vt -11.984375 -1.5806775093078613
vt -11.984375 -1.9947912693023682
vt -11.390625 -1.9947912693023682
vt -11.390625 -1.5806775093078613
vt -3.4846231937408447 -1.7832694053649902
vt -3.4846231937408447 -1.3368034362792969
vt -3.013392925262451 -1.3368034362792969
vt -3.013392925262451 -1.7832694053649902
vt -14.390625 16.986328125
vt -13.796875 16.986328125
vt -13.796875 17.198284149169922
vt -14.390625 17.198284149169922
vt -1.013672113418579 0.5625000596046448
vt -1.310547113418579 0.5625
vt -1.310547113418579 0.66847825050354
vt -1.013672113418579 0.6684781908988953
vt -1.455077886581421 -1.2254834175109863
vt -1.2784476280212402 -1.2254829406738281
vt -1.2784476280212402 -1.7969598770141602
vt -1.455077886581421 -1.7969598770141602
vt 4.669708251953125 -1.2450141906738281
vt 4.50148868560791 -1.2450146675109863
vt 4.50148868560791 -1.8164911270141602
vt 4.669708251953125 -1.8164911270141602
vt -2.998047113418579 -1.6451196670532227
vt -2.998047113418579 -2.0022928714752197
vt -2.5032553672790527 -2.0022928714752197
vt -2.5032553672790527 -1.6451196670532227
vt 3.511718988418579 -1.9999995231628418
vt 3.511718988418579 -1.4285225868225098
vt 4.105469226837158 -1.4285225868225098
vt 4.105469226837158 -1.9999995231628418
vt -14.390625 17.198284149169922
vt -13.796875 17.198284149169922
vt -13.796875 17.392578125
vt -14.390625 17.392578125
vt -1.013672113418579 0.6684781908988953
vt -1.310547113418579 0.6684783697128296
vt -1.310547113418579 0.7656251192092896
vt -1.013672113418579 0.7656251788139343
vt -1.2784476280212402 -1.2254829406738281
vt -1.116536021232605 -1.29691743850708
vt -1.116536021232605 -1.7969598770141602
vt -1.2784476280212402 -1.7969598770141602
vt 4.823909759521484 -1.31644868850708
vt 4.669708251953125 -1.2450141906738281
vt 4.669708251953125 -1.8164911270141602
vt 4.823909759521484 -1.8164911270141602
vt -1.4973962306976318 -1.3800222873687744
vt -1.4973962306976318 -2.0050225257873535
vt -1.002604603767395 -2.0050225257873535
vt -1.002604603767395 -1.3800222873687744
vt -3.496093511581421 -0.9934276342391968
vt -3.496093511581421 -0.298983097076416
vt -3.0013020038604736 -0.298983097076416
vt -3.0013020038604736 -0.9934276342391968
vt -9.007811546325684 4.1445324420928955
vt -8.414061546325684 4.144532680511475
vt -8.414061546325684 4.550782680511475
vt -9.007811546325684 4.5507824420928955
vt -7.917967319488525 4.265626430511475
vt -8.511717796325684 4.2656261920928955
vt -8.511717796325684 4.6718761920928955
vt -7.917967319488525 4.671876430511475
vt 2.5488290786743164 -1.2435898780822754
vt 2.8873705863952637 -1.2435898780822754
vt 2.8873705863952637 -1.8044872283935547
vt 2.5488290786743164 -1.8044872283935547
vt 2.8873705863952637 -1.2435898780822754
vt 2.5488290786743164 -1.2435898780822754
vt 2.5488290786743164 -1.8044872283935547
vt 2.8873705863952637 -1.8044872283935547
vt -3.038194417953491 -1.001953125
vt -3.038194417953491 -1.3368031978607178
vt -3.497023820877075 -1.3368031978607178
vt -3.497023820877075 -1.001953125
vt -4.5149736404418945 -1.37699556350708
vt -4.5149736404418945 -1.0368304252624512
vt -4.996744632720947 -1.0368304252624512
vt -4.996744632720947 -1.37699556350708
vt -4.4296875 4.480751991271973
vt -5.0078125 4.480751991271973
vt -5.0078125 4.333333492279053
vt -4.4296875 4.333333492279053
vt -3.4784226417541504 4.4807517528533936
vt -3.0195932388305664 4.4807517528533936
vt -3.0195932388305664 4.333333253860474
vt -3.4784226417541504 4.333333253860474
vt 4.681636333465576 -1.0416102409362793
vt 4.506138324737549 -1.0416102409362793
vt 4.506138324737549 -1.3273487091064453
vt 4.681636333465576 -1.3273487091064453
vt -1.4436849355697632 -0.19791674613952637
vt -1.2594119310379028 -0.19791674613952637
vt -1.2594119310379028 -0.48365533351898193
vt -1.4436849355697632 -0.48365533351898193
vt -12.0 -1.5806775093078613
vt -12.0 -1.9947912693023682
vt -11.421875 -1.9947912693023682
vt -11.421875 -1.5806775093078613
vt -3.497023820877075 -1.7832696437835693
vt -3.497023820877075 -1.3368034362792969
vt -3.038194417953491 -1.3368034362792969
vt -3.038194417953491 -1.7832696437835693
vt -14.40625 17.000001907348633
vt -13.828125 17.000001907348633
vt -13.828125 17.221128463745117
vt -14.40625 17.221128463745117
vt -3.83203125 -1.0078144073486328
vt -4.41015625 -1.0078144073486328
vt -4.41015625 -0.786686897277832
vt -3.83203125 -0.786686897277832
vt -1.4436849355697632 -1.2254834175109863
vt -1.2594119310379028 -1.2254829406738281
vt -1.2594119310379028 -1.7969598770141602
vt -1.4436849355697632 -1.7969601154327393
vt 4.681636333465576 -1.4285225868225098
vt 4.506138324737549 -1.428523063659668
vt 4.506138324737549 -1.999999761581421
vt 4.681636333465576 -1.9999995231628418
vt -3.4830727577209473 -1.3871867656707764
vt -3.4830727577209473 -1.784045696258545
vt -3.0013020038604736 -1.784045696258545
vt -3.0013020038604736 -1.3871867656707764
vt 3.49609375 -1.999999761581421
vt 3.49609375 -1.4285225868225098
vt 4.07421875 -1.4285225868225098
vt 4.07421875 -1.999999761581421
vt -14.40625 17.221126556396484
vt -13.828125 17.221126556396484
vt -13.828125 17.423828125
vt -14.40625 17.423828125
vt 2.0084633827209473 1.6259032487869263
vt 2.490234375 1.6259032487869263
vt 2.490234375 1.4650297164916992
vt 2.0084633827209473 1.465029776096344
vt -1.2594119310379028 -1.2254829406738281
vt -1.0904948711395264 -1.2969176769256592
vt -1.0904948711395264 -1.7969601154327393
vt -1.2594119310379028 -1.7969601154327393
vt 4.842510223388672 -1.4999573230743408
vt 4.681636333465576 -1.4285225868225098
vt 4.681636333465576 -1.999999761581421
vt 4.842510223388672 -1.999999761581421
vt -11.984375 -1.5806777477264404
vt -11.984375 -1.9947915077209473
vt -11.390625 -1.9947915077209473
vt -11.390625 -1.5806777477264404
vt -3.4846229553222656 -1.7832696437835693
vt -3.4846229553222656 -1.336803674697876
vt -3.013392925262451 -1.336803674697876
vt -3.013392925262451 -1.7832696437835693
vt -14.390625 16.986328125
vt -13.796875 16.986328125
vt -13.796875 17.198284149169922
vt -14.390625 17.198284149169922
vt -1.013671636581421 0.5625000596046448
vt -1.310546636581421 0.5625000596046448
vt -1.310546636581421 0.6684783101081848
vt -1.013671636581421 0.6684783101081848
vt -1.4550782442092896 -1.2254836559295654
vt -1.2784477472305298 -1.2254834175109863
vt -1.2784478664398193 -1.7969603538513184
vt -1.4550782442092896 -1.7969603538513184
vt 4.669706344604492 -1.2450146675109863
vt 4.501486778259277 -1.2450149059295654
vt 4.501486778259277 -1.8164916038513184
vt 4.669706344604492 -1.8164916038513184
vt -2.998046875 -1.6451201438903809
vt -2.998046875 -2.002293109893799
vt -2.5032553672790527 -2.002293109893799
vt -2.5032553672790527 -1.6451201438903809
vt 3.51171875 -1.9999995231628418
vt 3.51171875 -1.4285225868225098
vt 4.10546875 -1.4285225868225098
vt 4.10546875 -1.9999995231628418
vt -14.390625 17.198286056518555
vt -13.796875 17.198286056518555
vt -13.796875 17.392580032348633
vt -14.390625 17.392580032348633
vt -1.013671636581421 0.6684781908988953
vt -1.310546636581421 0.6684781908988953
vt -1.310546636581421 0.7656252980232239
vt -1.013671636581421 0.7656252980232239
vt -1.278448224067688 -1.2254829406738281
vt -1.116536259651184 -1.29691743850708
vt -1.1165364980697632 -1.7969598770141602
vt -1.2784481048583984 -1.7969598770141602
vt 4.82390832901001 -1.31644868850708
vt 4.66970682144165 -1.2450141906738281
vt 4.66970682144165 -1.8164911270141602
vt 4.82390832901001 -1.8164911270141602
vt -1.4973959922790527 -1.3800220489501953
vt -1.4973959922790527 -2.0050220489501953
vt -1.002604365348816 -2.0050220489501953
vt -1.002604365348816 -1.3800220489501953
vt -3.49609375 -0.9934275150299072
vt -3.49609375 -0.298983097076416
vt -3.0013020038604736 -0.298983097076416
vt -3.0013020038604736 -0.9934275150299072
vt -9.007811546325684 4.14453125
vt -8.414061546325684 4.14453125
vt -8.414061546325684 4.550781011581421
vt -9.007811546325684 4.550781011581421
vt -7.917967796325684 4.265625
vt -8.511717796325684 4.265625
vt -8.511717796325684 4.671875
vt -7.917967796325684 4.671875
vt 2.5488290786743164 -1.2435898780822754
vt 2.8873705863952637 -1.2435896396636963
vt 2.8873705863952637 -1.8044872283935547
vt 2.5488288402557373 -1.8044872283935547
vt 2.8873703479766846 -1.2435896396636963
vt 2.5488288402557373 -1.2435898780822754
vt 2.548828601837158 -1.8044872283935547
vt 2.8873703479766846 -1.8044872283935547
vt -3.0381946563720703 -1.001953125
vt -3.0381946563720703 -1.3368031978607178
vt -3.4970240592956543 -1.3368031978607178
vt -3.4970240592956543 -1.001953125
vt -4.5149736404418945 -1.37699556350708
vt -4.5149736404418945 -1.0368304252624512
vt -4.996744632720947 -1.0368304252624512
vt -4.996744632720947 -1.37699556350708
vt -4.4296875 4.480751991271973
vt -5.0078125 4.480751991271973
vt -5.0078125 4.333333492279053
vt -4.4296875 4.333333492279053
vt -3.4784226417541504 4.4807515144348145
vt -3.0195932388305664 4.4807515144348145
vt -3.0195932388305664 4.333333492279053
vt -3.4784226417541504 4.333333492279053
vt 4.681636810302734 -1.0416102409362793
vt 4.506138801574707 -1.0416102409362793
vt 4.506138801574707 -1.3273487091064453
vt 4.681636810302734 -1.3273487091064453
vt -1.4436848163604736 -0.19791674613952637
vt -1.2594118118286133 -0.19791674613952637
vt -1.2594118118286133 -0.48365533351898193
vt -1.4436848163604736 -0.48365533351898193
vt -12.0 -1.5806775093078613
vt -12.0 -1.9947912693023682
vt -11.421875 -1.9947912693023682
vt -11.421875 -1.5806775093078613
vt -3.4970240592956543 -1.7832696437835693
vt -3.4970240592956543 -1.3368034362792969
vt -3.0381946563720703 -1.3368034362792969
vt -3.0381946563720703 -1.7832696437835693
vt -14.40625 17.000001907348633
vt -13.828125 17.000001907348633
vt -13.828125 17.221128463745117
vt -14.40625 17.221128463745117
vt -3.83203125 -1.0078144073486328
vt -4.41015625 -1.0078144073486328
vt -4.41015625 -0.7866870164871216
vt -3.832031488418579 -0.786686897277832
vt -1.4436848163604736 -1.2254834175109863
vt -1.2594118118286133 -1.2254829406738281
vt -1.2594118118286133 -1.7969598770141602
vt -1.4436848163604736 -1.7969601154327393
vt 4.681636810302734 -1.4285225868225098
vt 4.506138801574707 -1.428523063659668
vt 4.506138801574707 -1.999999761581421
vt 4.681636810302734 -1.9999995231628418
vt -3.4830727577209473 -1.3871867656707764
vt -3.4830727577209473 -1.784045696258545
vt -3.0013017654418945 -1.784045696258545
vt -3.0013017654418945 -1.3871867656707764
vt 3.496093511581421 -1.999999761581421
vt 3.496093511581421 -1.4285225868225098
vt 4.07421875 -1.4285225868225098
vt 4.07421875 -1.999999761581421
vt -14.40625 17.221126556396484
vt -13.828125 17.221126556396484
vt -13.828125 17.423828125
vt -14.40625 17.423828125
vt 2.0084633827209473 1.6259032487869263
vt 2.490234375 1.6259032487869263
vt 2.490234375 1.4650297164916992
vt 2.0084633827209473 1.4650297164916992
vt -1.2594118118286133 -1.2254829406738281
vt -1.0904946327209473 -1.2969176769256592
vt -1.0904946327209473 -1.7969601154327393
vt -1.2594118118286133 -1.7969601154327393
vt 4.842510223388672 -1.4999573230743408
vt 4.681636810302734 -1.4285225868225098
vt 4.681636810302734 -1.999999761581421
vt 4.842510223388672 -1.999999761581421
vt -11.984375 -1.5806775093078613
vt -11.984375 -1.9947912693023682
vt -11.390625 -1.9947912693023682
vt -11.390625 -1.5806775093078613
vt -3.4846229553222656 -1.7832694053649902
vt -3.4846229553222656 -1.3368034362792969
vt -3.013392925262451 -1.3368034362792969
vt -3.013392925262451 -1.7832694053649902
vt -14.390625 16.986329078674316
vt -13.796875 16.986329078674316
vt -13.796875 17.198286056518555
vt -14.390625 17.198286056518555
vt -1.013671636581421 0.5624998807907104
vt -1.310546636581421 0.5624998807907104
vt -1.310546636581421 0.6684781312942505
vt -1.013671636581421 0.6684781312942505
vt -1.455078125 -1.2254834175109863
vt -1.2784476280212402 -1.2254829406738281
vt -1.2784476280212402 -1.7969598770141602
vt -1.455078125 -1.7969598770141602
vt 4.669707298278809 -1.2450141906738281
vt 4.501487731933594 -1.2450146675109863
vt 4.501487731933594 -1.8164911270141602
vt 4.669707298278809 -1.8164911270141602
vt -2.998046875 -1.6451196670532227
vt -2.998046875 -2.0022928714752197
vt -2.5032551288604736 -2.0022928714752197
vt -2.5032551288604736 -1.6451196670532227
vt 3.511718988418579 -1.9999995231628418
vt 3.511718988418579 -1.4285225868225098
vt 4.10546875 -1.4285225868225098
vt 4.10546875 -1.9999995231628418
vt -14.390625 17.198284149169922
vt -13.796875 17.198284149169922
vt -13.796875 17.392578125
vt -14.390625 17.392578125
vt -1.013671636581421 0.6684781312942505
vt -1.310546636581421 0.6684781312942505
vt -1.310546636581421 0.7656251192092896
vt -1.013671636581421 0.7656251192092896
vt -1.2784481048583984 -1.2254829406738281
vt -1.1165364980697632 -1.29691743850708
vt -1.1165364980697632 -1.7969598770141602
vt -1.2784481048583984 -1.7969598770141602
vt 4.823908805847168 -1.31644868850708
vt 4.669707298278809 -1.2450141906738281
vt 4.669707298278809 -1.8164911270141602
vt 4.823908805847168 -1.8164911270141602
vt -1.4973958730697632 -1.3800222873687744
vt -1.4973958730697632 -2.0050225257873535
vt -1.0026042461395264 -2.0050225257873535
vt -1.0026042461395264 -1.3800222873687744
vt -3.496093511581421 -0.9934276342391968
vt -3.496093511581421 -0.298983097076416
vt -3.0013017654418945 -0.298983097076416
vt -3.0013017654418945 -0.9934276342391968
vt -9.007811546325684 4.144531726837158
vt -8.414061546325684 4.144531726837158
vt -8.414061546325684 4.550781726837158
vt -9.007811546325684 4.550781726837158
vt -7.917967796325684 4.265625476837158
vt -8.511717796325684 4.265625476837158
vt -8.511717796325684 4.671875476837158
vt -7.917967796325684 4.671875476837158
vt 2.548828601837158 -1.2435898780822754
vt 2.8873701095581055 -1.2435898780822754
vt 2.8873701095581055 -1.8044872283935547
vt 2.548828601837158 -1.8044872283935547
vt 2.8873701095581055 -1.2435898780822754
vt 2.548828363418579 -1.2435898780822754
vt 2.548828363418579 -1.8044872283935547
vt 2.8873701095581055 -1.8044872283935547
vt -11.984375 -1.5806775093078613
vt -11.984375 -1.9947912693023682
vt -11.390625 -1.9947912693023682
vt -11.390625 -1.5806775093078613
vt -3.4846229553222656 -1.7832694053649902
vt -3.4846229553222656 -1.3368034362792969
vt -3.013392925262451 -1.3368034362792969
vt -3.013392925262451 -1.7832694053649902
vt -14.390625 16.986330032348633
vt -13.796875 16.986330032348633
vt -13.796875 17.198286056518555
vt -14.390625 17.198286056518555
vt -1.013671875 0.5624998807907104
vt -1.310546875 0.5624998807907104
vt -1.310546875 0.6684781312942505
vt -1.013671875 0.6684781312942505
vt -1.455078363418579 -1.2254834175109863
vt -1.2784478664398193 -1.2254829406738281
vt -1.2784478664398193 -1.7969598770141602
vt -1.455078363418579 -1.7969598770141602
vt 4.669707298278809 -1.2450141906738281
vt 4.501487731933594 -1.2450146675109863
vt 4.501487731933594 -1.8164911270141602
vt 4.669707298278809 -1.8164911270141602
vt -2.998047113418579 -1.6451196670532227
vt -2.998047113418579 -2.0022928714752197
vt -2.5032553672790527 -2.0022928714752197
vt -2.5032553672790527 -1.6451196670532227
vt 3.511718511581421 -1.9999995231628418
vt 3.511718511581421 -1.4285225868225098
vt 4.10546875 -1.4285225868225098
vt 4.10546875 -1.9999995231628418
vt -14.390625 17.198284149169922
vt -13.796875 17.198284149169922
vt -13.796875 17.392578125
vt -14.390625 17.392578125
vt -1.013671875 0.6684780120849609
vt -1.310546875 0.6684780120849609
vt -1.310546875 0.765625
vt -1.013671875 0.765625
vt -1.2784478664398193 -1.2254829406738281
vt -1.1165363788604736 -1.29691743850708
vt -1.1165363788604736 -1.7969598770141602
vt -1.2784478664398193 -1.7969598770141602
vt 4.823908805847168 -1.31644868850708
vt 4.669707298278809 -1.2450141906738281
vt 4.669707298278809 -1.8164911270141602
vt 4.823908805847168 -1.8164911270141602
vt -1.4973961114883423 -1.3800222873687744
vt -1.4973961114883423 -2.0050225257873535
vt -1.002604365348816 -2.0050225257873535
vt -1.002604365348816 -1.3800222873687744
vt -3.49609375 -0.9934276342391968
vt -3.49609375 -0.298983097076416
vt -3.0013020038604736 -0.298983097076416
vt -3.0013020038604736 -0.9934276342391968
vt -9.007811546325684 4.144532203674316
vt -8.414061546325684 4.144532203674316
vt -8.414061546325684 4.550782203674316
vt -9.007811546325684 4.550782203674316
vt -7.917967796325684 4.265625953674316
vt -8.511717796325684 4.265625953674316
vt -8.511717796325684 4.671875953674316
vt -7.917967796325684 4.671875953674316
vt 2.5488290786743164 -1.2435898780822754
vt 2.8873705863952637 -1.2435898780822754
vt 2.8873705863952637 -1.8044872283935547
vt 2.5488290786743164 -1.8044872283935547
vt 2.8873703479766846 -1.2435898780822754
vt 2.5488288402557373 -1.2435898780822754
vt 2.5488288402557373 -1.8044872283935547
vt 2.8873703479766846 -1.8044872283935547
vt -11.984375 -1.5806775093078613
vt -11.984375 -1.9947912693023682
vt -11.390625 -1.9947912693023682
vt -11.390625 -1.5806775093078613
vt -3.4846229553222656 -1.7832694053649902
vt -3.4846229553222656 -1.3368034362792969
vt -3.013392686843872 -1.3368034362792969
vt -3.013392686843872 -1.7832694053649902
vt -14.390625 16.986330032348633
vt -13.796875 16.986330032348633
vt -13.796875 17.198286056518555
vt -14.390625 17.198286056518555
vt -1.0136719942092896 0.5625
vt -1.3105469942092896 0.5624998807907104
vt -1.3105469942092896 0.6684781312942505
vt -1.0136719942092896 0.66847825050354
vt -1.455078363418579 -1.2254834175109863
vt -1.2784478664398193 -1.2254829406738281
vt -1.2784478664398193 -1.7969598770141602
vt -1.455078363418579 -1.7969598770141602
vt 4.669707298278809 -1.2450141906738281
vt 4.501487731933594 -1.2450146675109863
vt 4.501487731933594 -1.8164911270141602
vt 4.669707298278809 -1.8164911270141602
vt -2.998046875 -1.6451196670532227
vt -2.998046875 -2.0022928714752197
vt -2.5032553672790527 -2.0022928714752197
vt -2.5032553672790527 -1.6451196670532227
vt 3.511718511581421 -1.9999995231628418
vt 3.511718511581421 -1.4285225868225098
vt 4.10546875 -1.4285225868225098
vt 4.10546875 -1.9999995231628418
vt -14.390625 17.198284149169922
vt -13.796875 17.198284149169922
vt -13.796875 17.392578125
vt -14.390625 17.392578125
vt -1.0136719942092896 0.6684781312942505
vt -1.3105469942092896 0.6684780120849609
vt -1.3105469942092896 0.765625
vt -1.0136719942092896 0.7656251192092896
vt -1.2784478664398193 -1.2254829406738281
vt -1.1165363788604736 -1.29691743850708
vt -1.1165363788604736 -1.7969598770141602
vt -1.2784478664398193 -1.7969598770141602
vt 4.823908805847168 -1.31644868850708
vt 4.669707298278809 -1.2450141906738281
vt 4.669707298278809 -1.8164911270141602
vt 4.823908805847168 -1.8164911270141602
vt -1.4973957538604736 -1.3800222873687744
vt -1.4973957538604736 -2.0050225257873535
vt -1.0026042461395264 -2.0050225257873535
vt -1.0026042461395264 -1.3800222873687744
vt -3.496093511581421 -0.9934276342391968
vt -3.496093511581421 -0.298983097076416
vt -3.0013020038604736 -0.298983097076416
vt -3.0013020038604736 -0.9934276342391968
vt -9.007811546325684 4.144532203674316
vt -8.414061546325684 4.144532203674316
vt -8.414061546325684 4.550782203674316
vt -9.007811546325684 4.550782203674316
vt -7.917967796325684 4.265625953674316
vt -8.511717796325684 4.265625953674316
vt -8.511717796325684 4.671875953674316
vt -7.917967796325684 4.671875953674316
vt 2.5488290786743164 -1.2435898780822754
vt 2.8873705863952637 -1.2435898780822754
vt 2.8873705863952637 -1.8044872283935547
vt 2.5488290786743164 -1.8044872283935547
vt 2.8873705863952637 -1.2435898780822754
vt 2.5488290786743164 -1.2435898780822754
vt 2.5488290786743164 -1.8044872283935547
vt 2.8873705863952637 -1.8044872283935547
vt -11.984375 -1.5806775093078613
vt -11.984375 -1.9947912693023682
vt -11.390625 -1.9947912693023682
vt -11.390625 -1.5806775093078613
vt -3.4846231937408447 -1.7832694053649902
vt -3.4846231937408447 -1.3368034362792969
vt -3.013392925262451 -1.3368034362792969
vt -3.013392925262451 -1.7832694053649902
vt -14.390625 16.986329078674316
vt -13.796875 16.986329078674316
vt -13.796875 17.198286056518555
vt -14.390625 17.198286056518555
vt -1.013671875 0.5624998807907104
vt -1.310546875 0.5624998807907104
vt -1.310546875 0.6684780120849609
vt -1.013671875 0.6684781312942505
vt -1.455077886581421 -1.2254834175109863
vt -1.2784476280212402 -1.2254829406738281
vt -1.2784476280212402 -1.7969598770141602
vt -1.455077886581421 -1.7969598770141602
vt 4.669707298278809 -1.2450141906738281
vt 4.501487731933594 -1.2450146675109863
vt 4.501487731933594 -1.8164911270141602
vt 4.669707298278809 -1.8164911270141602
vt -2.998046875 -1.6451196670532227
vt -2.998046875 -2.0022928714752197
vt -2.5032551288604736 -2.0022928714752197
vt -2.5032551288604736 -1.6451196670532227
vt 3.5117194652557373 -1.9999995231628418
vt 3.5117194652557373 -1.4285225868225098
vt 4.105469703674316 -1.4285225868225098
vt 4.105469703674316 -1.9999995231628418
vt -14.390625 17.198284149169922
vt -13.796875 17.198286056518555
vt -13.796875 17.392578125
vt -14.390625 17.392578125
vt -1.013671875 0.6684781312942505
vt -1.310546875 0.6684780120849609
vt -1.3105469942092896 0.765625
vt -1.0136719942092896 0.7656248807907104
vt -1.2784478664398193 -1.2254829406738281
vt -1.1165366172790527 -1.29691743850708
vt -1.1165366172790527 -1.7969598770141602
vt -1.2784478664398193 -1.7969598770141602
vt 4.823908805847168 -1.31644868850708
vt 4.669707298278809 -1.2450141906738281
vt 4.669707298278809 -1.8164911270141602
vt 4.823908805847168 -1.8164911270141602
vt -1.4973958730697632 -1.3800222873687744
vt -1.4973958730697632 -2.0050225257873535
vt -1.0026041269302368 -2.0050225257873535
vt -1.0026041269302368 -1.3800222873687744
vt -3.49609375 -0.9934276342391968
vt -3.49609375 -0.298983097076416
vt -3.0013020038604736 -0.298983097076416
vt -3.0013020038604736 -0.9934276342391968
vt -9.007810592651367 4.14453125
vt -8.414060592651367 4.144531488418579
vt -8.414060592651367 4.550781488418579
vt -9.007810592651367 4.55078125
vt -7.917966842651367 4.265625238418579
vt -8.511716842651367 4.265625
vt -8.511716842651367 4.671875
vt -7.917967319488525 4.671875238418579
vt 2.548828363418579 -1.2435898780822754
vt 2.8873701095581055 -1.2435898780822754
vt 2.8873701095581055 -1.8044872283935547
vt 2.548828363418579 -1.8044872283935547
vt 2.8873698711395264 -1.2435898780822754
vt 2.548828363418579 -1.2435898780822754
vt 2.548828363418579 -1.8044872283935547
vt 2.8873698711395264 -1.8044872283935547
vt -11.984375 -1.5806775093078613
vt -11.984375 -1.9947912693023682
vt -11.390625 -1.9947912693023682
vt -11.390625 -1.5806775093078613
vt -3.4846231937408447 -1.7832694053649902
vt -3.4846231937408447 -1.3368034362792969
vt -3.013392925262451 -1.3368034362792969
vt -3.013392925262451 -1.7832694053649902
vt -14.390625 16.986330032348633
vt -13.796875 16.986330032348633
vt -13.796875 17.198286056518555
vt -14.390625 17.198286056518555
vt -1.013671875 0.5625
vt -1.310546875 0.5624998807907104
vt -1.310546875 0.6684781312942505
vt -1.013671875 0.66847825050354
vt -1.4550780057907104 -1.2254834175109863
vt -1.2784477472305298 -1.2254829406738281
vt -1.2784477472305298 -1.7969598770141602
vt -1.4550780057907104 -1.7969598770141602
vt 4.669707775115967 -1.2450141906738281
vt 4.501488208770752 -1.2450146675109863
vt 4.501488208770752 -1.8164911270141602
vt 4.669707775115967 -1.8164911270141602
vt -2.998046636581421 -1.6451196670532227
vt -2.998046636581421 -2.0022928714752197
vt -2.5032551288604736 -2.0022928714752197
vt -2.5032551288604736 -1.6451196670532227
vt 3.511719226837158 -1.9999995231628418
vt 3.511719226837158 -1.4285225868225098
vt 4.105469226837158 -1.4285225868225098
vt 4.105469226837158 -1.9999995231628418
vt -14.390625 17.198284149169922
vt -13.796875 17.198284149169922
vt -13.796875 17.392578125
vt -14.390625 17.392578125
vt -1.013671875 0.66847825050354
vt -1.310546875 0.6684781312942505
vt -1.3105469942092896 0.7656248807907104
vt -1.0136719942092896 0.765625
vt -1.2784479856491089 -1.2254829406738281
vt -1.1165367364883423 -1.29691743850708
vt -1.1165367364883423 -1.7969598770141602
vt -1.2784479856491089 -1.7969598770141602
vt 4.823908805847168 -1.31644868850708
vt 4.669707775115967 -1.2450141906738281
vt 4.669707775115967 -1.8164911270141602
vt 4.823908805847168 -1.8164911270141602
vt -1.4973957538604736 -1.3800222873687744
vt -1.4973957538604736 -2.0050225257873535
vt -1.0026042461395264 -2.0050225257873535
vt -1.0026042461395264 -1.3800222873687744
vt -3.496093511581421 -0.9934276342391968
vt -3.496093511581421 -0.298983097076416
vt -3.0013020038604736 -0.298983097076416
vt -3.0013020038604736 -0.9934276342391968
vt -9.007810592651367 4.144533157348633
vt -8.414060592651367 4.144533395767212
vt -8.414061546325684 4.550783395767212
vt -9.007811546325684 4.550783157348633
vt -7.917967319488525 4.265627145767212
vt -8.511716842651367 4.265626907348633
vt -8.511717796325684 4.671876907348633
vt -7.917967796325684 4.671877145767212
vt 2.5488290786743164 -1.2435898780822754
vt 2.8873705863952637 -1.2435898780822754
vt 2.8873705863952637 -1.8044872283935547
vt 2.5488290786743164 -1.8044872283935547
vt 2.8873705863952637 -1.2435898780822754
vt 2.5488290786743164 -1.2435898780822754
vt 2.5488290786743164 -1.8044872283935547
vt 2.8873705863952637 -1.8044872283935547
vt -11.984375 -1.5806775093078613
vt -11.984375 -1.9947912693023682
vt -11.390625 -1.9947912693023682
vt -11.390625 -1.5806775093078613
vt -3.4846227169036865 -1.7832694053649902
vt -3.4846227169036865 -1.3368034362792969
vt -3.013392448425293 -1.3368034362792969
vt -3.013392448425293 -1.7832694053649902
vt -14.390625 16.986328125
vt -13.796875 16.986328125
vt -13.796875 17.198284149169922
vt -14.390625 17.198284149169922
vt -1.013671875 0.5625
vt -1.310546875 0.5625
vt -1.310546875 0.66847825050354
vt -1.013671875 0.6684781312942505
vt -1.4550777673721313 -1.2254834175109863
vt -1.2784475088119507 -1.2254829406738281
vt -1.2784475088119507 -1.7969598770141602
vt -1.4550777673721313 -1.7969598770141602
vt 4.669708251953125 -1.2450141906738281
vt 4.50148868560791 -1.2450146675109863
vt 4.50148868560791 -1.8164911270141602
vt 4.669708251953125 -1.8164911270141602
vt -2.998046875 -1.6451196670532227
vt -2.998046875 -2.0022928714752197
vt -2.5032551288604736 -2.0022928714752197
vt -2.5032551288604736 -1.6451196670532227
vt 3.51171875 -1.9999995231628418
vt 3.51171875 -1.4285225868225098
vt 4.10546875 -1.4285225868225098
vt 4.10546875 -1.9999995231628418
vt -14.390625 17.198284149169922
vt -13.796875 17.198284149169922
vt -13.796875 17.392578125
vt -14.390625 17.392578125
vt -1.013671875 0.66847825050354
vt -1.310546875 0.66847825050354
vt -1.3105469942092896 0.765625
vt -1.0136719942092896 0.765625
vt -1.2784475088119507 -1.2254829406738281
vt -1.116536259651184 -1.29691743850708
vt -1.116536259651184 -1.7969598770141602
vt -1.2784475088119507 -1.7969598770141602
vt 4.823909282684326 -1.31644868850708
vt 4.669708251953125 -1.2450141906738281
vt 4.669708251953125 -1.8164911270141602
vt 4.823909282684326 -1.8164911270141602
vt -1.4973959922790527 -1.3800222873687744
vt -1.4973959922790527 -2.0050225257873535
vt -1.0026042461395264 -2.0050225257873535
vt -1.0026042461395264 -1.3800222873687744
vt -3.496093273162842 -0.9934276342391968
vt -3.496093273162842 -0.298983097076416
vt -3.0013015270233154 -0.298983097076416
vt -3.0013015270233154 -0.9934276342391968
vt -9.007810592651367 4.1445324420928955
vt -8.414060592651367 4.1445324420928955
vt -8.414061546325684 4.5507824420928955
vt -9.007811546325684 4.5507824420928955
vt -7.917967319488525 4.2656261920928955
vt -8.511716842651367 4.2656261920928955
vt -8.511717796325684 4.6718761920928955
vt -7.917967796325684 4.6718761920928955
vt 2.5488293170928955 -1.2435898780822754
vt 2.8873708248138428 -1.2435898780822754
vt 2.8873708248138428 -1.8044872283935547
vt 2.5488293170928955 -1.8044872283935547
vt 2.8873705863952637 -1.2435898780822754
vt 2.5488290786743164 -1.2435898780822754
vt 2.5488290786743164 -1.8044872283935547
vt 2.8873705863952637 -1.8044872283935547
vt 0.7617185711860657 5.73828125
vt 0.8007810711860657 5.73828125
vt 0.80078125 2.3007811307907104
vt 0.76171875 2.3007811307907104
vt 0.7578123211860657 5.73828125
vt 0.7578125 2.3007811307907104
vt 0.74609375 2.3007811307907104
vt 0.7460935711860657 5.73828125
vt 0.796875 2.3007811307907104
vt 0.7968748211860657 5.73828125
vt 0.8085935711860657 5.73828125
vt 0.80859375 2.3007811307907104
vt 0.7617185711860657 5.01953125
vt 0.8007810711860657 5.01953125
vt 0.8007813096046448 2.30078125
vt 0.7617188096046448 2.30078125
vt 0.7578123211860657 5.01953125
vt 0.7578125596046448 2.30078125
vt 0.7460938096046448 2.30078125
vt 0.7460935711860657 5.01953125
vt 0.7968750596046448 2.30078125
vt 0.7968748211860657 5.01953125
vt 0.8085935711860657 5.01953125
vt 0.8085938096046448 2.30078125
vt 1.05078125 2.957031488418579
vt 1.01171875 2.957031488418579
vt 1.01171875 4.281250238418579
vt 1.05078125 4.281250238418579
vt 1.046875 2.957031488418579
vt 1.046875 4.281250238418579
vt 1.05859375 4.285156488418579
vt 1.05859375 2.957031488418579
vt 1.0078125 4.281250238418579
vt 1.0078125 2.957031488418579
vt 0.9960936903953552 2.957031488418579
vt 0.9960936903953552 4.285156488418579
vt 0.7617186903953552 4.644531488418579
vt 0.8007811903953552 4.644531488418579
vt 0.8007814288139343 2.0039063692092896
vt 0.7617189288139343 2.0039063692092896
vt 0.7578124403953552 4.644531488418579
vt 0.7578126788139343 2.0039063692092896
vt 0.7460939288139343 2.0039063692092896
vt 0.7460936903953552 4.644531488418579
vt 0.7968751788139343 2.0039063692092896
vt 0.7968749403953552 4.644531488418579
vt 0.8085936903953552 4.644531488418579
vt 0.8085939288139343 2.0039063692092896
vt 3.86328125 4.351562738418579
vt 3.82421875 4.351562738418579
vt 3.82421875 5.66015625
vt 3.86328125 5.66015625
vt 3.859375 4.351562738418579
vt 3.859375 5.66015625
vt 3.87109375 5.66015625
vt 3.87109375 4.347656488418579
vt 3.8203125 5.66015625
vt 3.8203125 4.351562738418579
vt 3.80859375 4.347656488418579
vt 3.80859375 5.66015625
vt 2.3286213874816895 0.7475228309631348
vt 2.3104043006896973 0.7475228309631348
vt 2.3104043006896973 0.8618521690368652
vt 2.3286213874816895 0.8618521690368652
vt 2.467607021331787 0.7522866725921631
vt 2.4858238697052 0.7522866725921631
vt 2.4858238697052 0.8666160106658936
vt 2.467607021331787 0.8666160106658936
vt -1.3433690071105957 0.7475230693817139
vt -1.3433690071105957 0.8618524074554443
vt -1.1528202295303345 0.8618524074554443
vt -1.1528202295303345 0.7475230693817139
vt -1.3386058807373047 0.8618519306182861
vt -1.3386058807373047 0.7475225925445557
vt -1.1480571031570435 0.7475225925445557
vt -1.1480571031570435 0.8618519306182861
vt 3.434223175048828 1.2711130380630493
vt 3.6247718334198 1.2711130380630493
vt 3.6247718334198 1.2528960704803467
vt 3.434223175048828 1.2528960704803467
vt 3.6247718334198 1.2711130380630493
vt 3.434223175048828 1.2711130380630493
vt 3.434223175048828 1.2528960704803467
vt 3.6247718334198 1.2528960704803467
vt 2.3286211490631104 0.7475228309631348
vt 2.3104043006896973 0.7475228309631348
vt 2.3104043006896973 0.8618521690368652
vt 2.3286211490631104 0.8618521690368652
vt 2.467607021331787 0.752286434173584
vt 2.4858238697052 0.752286434173584
vt 2.4858238697052 0.8666157722473145
vt 2.467607021331787 0.8666157722473145
vt -1.3433690071105957 0.7475230693817139
vt -1.3433690071105957 0.8618524074554443
vt -1.1528202295303345 0.8618524074554443
vt -1.1528202295303345 0.7475230693817139
vt -1.3386058807373047 0.8618519306182861
vt -1.3386058807373047 0.7475225925445557
vt -1.1480571031570435 0.7475225925445557
vt -1.1480571031570435 0.8618519306182861
vt 3.4342234134674072 1.2711130380630493
vt 3.624772071838379 1.2711130380630493
vt 3.624772071838379 1.2528960704803467
vt 3.4342234134674072 1.2528960704803467
vt 3.624772071838379 1.2711130380630493
vt 3.4342234134674072 1.2711130380630493
vt 3.4342234134674072 1.2528960704803467
vt 3.624772071838379 1.2528960704803467
vt 2.3286213874816895 0.7475228309631348
vt 2.3104043006896973 0.7475228309631348
vt 2.3104043006896973 0.8618521690368652
vt 2.3286213874816895 0.8618521690368652
vt 2.467607021331787 0.752286434173584
vt 2.4858241081237793 0.752286434173584
vt 2.4858241081237793 0.8666157722473145
vt 2.467607021331787 0.8666157722473145
vt -1.3433688879013062 0.7475230693817139
vt -1.3433688879013062 0.8618524074554443
vt -1.152820110321045 0.8618524074554443
vt -1.152820110321045 0.7475230693817139
vt -1.3386057615280151 0.8618519306182861
vt -1.3386057615280151 0.7475225925445557
vt -1.148056983947754 0.7475225925445557
vt -1.148056983947754 0.8618519306182861
vt 3.434223175048828 1.2711130380630493
vt 3.6247718334198 1.2711130380630493
vt 3.6247718334198 1.2528960704803467
vt 3.434223175048828 1.2528960704803467
vt 3.6247718334198 1.2711130380630493
vt 3.434223175048828 1.2711130380630493
vt 3.434223175048828 1.2528960704803467
vt 3.6247718334198 1.2528960704803467

g RoomMesh_Geometry
f 1/1 2/2 3/3
f 4/4 1/1 3/3
f 5/5 6/6 7/7
f 8/8 5/5 7/7
f 9/9 10/10 11/11
f 12/12 13/13 14/14
f 15/15 16/16 17/17
f 18/18 15/15 17/17
f 19/19 20/20 21/21
f 22/22 19/19 21/21
f 23/23 24/24 25/25
f 26/26 23/23 25/25
f 27/27 28/28 29/29
f 30/30 27/27 29/29
f 31/31 32/32 33/33
f 34/34 31/31 33/33
f 35/35 36/36 37/37
f 38/38 35/35 37/37
f 39/39 40/40 41/41
f 42/42 39/39 41/41
f 43/43 44/44 45/45
f 46/46 43/43 45/45
f 47/47 48/48 49/49
f 50/50 47/47 49/49
f 51/51 52/52 53/53
f 54/54 51/51 53/53
f 55/55 56/56 57/57
f 58/58 55/55 57/57
f 59/59 60/60 61/61
f 62/62 59/59 61/61
f 63/63 64/64 65/65
f 66/66 63/63 65/65
f 67/67 68/68 69/69
f 70/70 67/67 69/69
f 71/71 72/72 73/73
f 74/74 71/71 73/73
f 75/75 76/76 77/77
f 78/78 75/75 77/77
f 79/79 80/80 81/81
f 82/82 79/79 81/81
f 83/83 84/84 85/85
f 86/86 83/83 85/85
f 87/87 88/88 89/89
f 90/90 87/87 89/89
f 91/91 92/92 93/93
f 94/94 91/91 93/93
f 95/95 96/96 97/97
f 98/98 95/95 97/97
f 99/99 100/100 101/101
f 102/102 99/99 101/101
f 103/103 104/104 105/105
f 106/106 103/103 105/105
f 107/107 108/108 109/109
f 110/110 107/107 109/109
f 111/111 112/112 113/113
f 114/114 111/111 113/113
f 115/115 116/116 117/117
f 118/118 115/115 117/117
f 119/119 120/120 121/121
f 122/122 119/119 121/121
f 123/123 124/124 125/125
f 126/126 123/123 125/125
f 127/127 128/128 129/129
f 130/130 127/127 129/129
f 131/131 132/132 133/133
f 134/134 131/131 133/133
f 135/135 136/136 137/137
f 138/138 135/135 137/137
f 139/139 140/140 141/141
f 142/142 139/139 141/141
f 143/143 144/144 145/145
f 146/146 143/143 145/145
f 147/147 148/148 149/149
f 150/150 147/147 149/149
f 151/151 152/152 153/153
f 154/154 151/151 153/153
f 155/155 156/156 157/157
f 158/158 155/155 157/157
f 159/159 160/160 161/161
f 162/162 159/159 161/161
f 163/163 164/164 165/165
f 166/166 163/163 165/165
f 167/167 168/168 169/169
f 170/170 167/167 169/169
f 171/171 172/172 173/173
f 174/174 171/171 173/173
f 175/175 176/176 177/177
f 178/178 175/175 177/177
f 179/179 180/180 181/181
f 182/182 179/179 181/181
f 183/183 184/184 185/185
f 186/186 183/183 185/185
f 187/187 188/188 189/189
f 190/190 187/187 189/189
f 191/191 192/192 193/193
f 194/194 191/191 193/193
f 195/195 196/196 197/197
f 198/198 195/195 197/197
f 199/199 200/200 201/201
f 202/202 199/199 201/201
f 203/203 204/204 205/205
f 206/206 203/203 205/205
f 207/207 208/208 209/209
f 210/210 207/207 209/209
f 211/211 212/212 213/213
f 214/214 211/211 213/213
f 215/215 216/216 217/217
f 218/218 215/215 217/217
f 219/219 220/220 221/221
f 222/222 219/219 221/221
f 223/223 224/224 225/225
f 226/226 223/223 225/225
f 227/227 228/228 229/229
f 230/230 227/227 229/229
f 231/231 232/232 233/233
f 234/234 231/231 233/233
f 235/235 236/236 237/237
f 238/238 235/235 237/237
f 239/239 240/240 241/241
f 242/242 239/239 241/241
f 243/243 244/244 245/245
f 246/246 243/243 245/245
f 247/247 248/248 249/249
f 250/250 247/247 249/249
f 251/251 252/252 253/253
f 254/254 251/251 253/253
f 255/255 256/256 257/257
f 258/258 255/255 257/257
f 259/259 260/260 261/261
f 262/262 259/259 261/261
f 263/263 264/264 265/265
f 266/266 263/263 265/265
f 267/267 268/268 269/269
f 270/270 267/267 269/269
f 271/271 272/272 273/273
f 274/274 271/271 273/273
f 275/275 276/276 277/277
f 278/278 275/275 277/277
f 279/279 280/280 281/281
f 282/282 279/279 281/281
f 283/283 284/284 285/285
f 286/286 283/283 285/285
f 287/287 288/288 289/289
f 290/290 287/287 289/289
f 291/291 292/292 293/293
f 294/294 291/291 293/293
f 295/295 296/296 297/297
f 298/298 295/295 297/297
f 299/299 300/300 301/301
f 302/302 299/299 301/301
f 303/303 304/304 305/305
f 306/306 303/303 305/305
f 307/307 308/308 309/309
f 310/310 307/307 309/309
f 311/311 312/312 313/313
f 314/314 311/311 313/313
f 315/315 316/316 317/317
f 318/318 315/315 317/317
f 319/319 320/320 321/321
f 322/322 319/319 321/321
f 323/323 324/324 325/325
f 326/326 323/323 325/325
f 327/327 328/328 329/329
f 330/330 327/327 329/329
f 331/331 332/332 333/333
f 334/334 331/331 333/333
f 335/335 336/336 337/337
f 338/338 335/335 337/337
f 339/339 340/340 341/341
f 342/342 339/339 341/341
f 343/343 344/344 345/345
f 346/346 343/343 345/345
f 347/347 348/348 349/349
f 350/350 347/347 349/349
f 351/351 352/352 353/353
f 354/354 351/351 353/353
f 355/355 356/356 357/357
f 358/358 355/355 357/357
f 359/359 360/360 361/361
f 362/362 359/359 361/361
f 363/363 364/364 365/365
f 366/366 363/363 365/365
f 367/367 368/368 369/369
f 370/370 367/367 369/369
f 371/371 372/372 373/373
f 374/374 371/371 373/373
f 375/375 376/376 377/377
f 378/378 375/375 377/377
f 379/379 380/380 381/381
f 382/382 379/379 381/381
f 383/383 384/384 385/385
f 386/386 383/383 385/385
f 387/387 388/388 389/389
f 390/390 387/387 389/389
f 391/391 392/392 393/393
f 394/394 391/391 393/393
f 395/395 396/396 397/397
f 398/398 395/395 397/397
f 399/399 400/400 401/401
f 402/402 399/399 401/401
f 403/403 404/404 405/405
f 406/406 403/403 405/405
f 407/407 408/408 409/409
f 410/410 407/407 409/409
f 411/411 412/412 413/413
f 414/414 411/411 413/413
f 415/415 416/416 417/417
f 418/418 415/415 417/417
f 419/419 420/420 421/421
f 422/422 419/419 421/421
f 423/423 424/424 425/425
f 426/426 423/423 425/425
f 427/427 428/428 429/429
f 430/430 427/427 429/429
f 431/431 432/432 433/433
f 434/434 431/431 433/433
f 435/435 436/436 437/437
f 438/438 435/435 437/437
f 439/439 440/440 441/441
f 442/442 439/439 441/441
f 443/443 444/444 445/445
f 446/446 443/443 445/445
f 447/447 448/448 449/449
f 450/450 447/447 449/449
f 451/451 452/452 453/453
f 454/454 451/451 453/453
f 455/455 456/456 457/457
f 458/458 455/455 457/457
f 459/459 460/460 461/461
f 462/462 459/459 461/461
f 463/463 464/464 465/465
f 466/466 463/463 465/465
f 467/467 468/468 469/469
f 470/470 467/467 469/469
f 471/471 472/472 473/473
f 474/474 471/471 473/473
f 475/475 476/476 477/477
f 478/478 475/475 477/477
f 479/479 480/480 481/481
f 482/482 479/479 481/481
f 483/483 484/484 485/485
f 486/486 483/483 485/485
f 487/487 488/488 489/489
f 490/490 487/487 489/489
f 491/491 492/492 493/493
f 494/494 491/491 493/493
f 495/495 496/496 497/497
f 498/498 495/495 497/497
f 499/499 500/500 501/501
f 502/502 499/499 501/501
f 503/503 504/504 505/505
f 506/506 503/503 505/505
f 507/507 508/508 509/509
f 510/510 507/507 509/509
f 511/511 512/512 513/513
f 514/514 511/511 513/513
f 515/515 516/516 517/517
f 518/518 515/515 517/517
f 519/519 520/520 521/521
f 522/522 519/519 521/521
f 523/523 524/524 525/525
f 526/526 523/523 525/525
f 527/527 528/528 529/529
f 530/530 527/527 529/529
f 531/531 532/532 533/533
f 534/534 531/531 533/533
f 535/535 536/536 537/537
f 538/538 535/535 537/537
f 539/539 540/540 541/541
f 542/542 539/539 541/541
f 543/543 544/544 545/545
f 546/546 543/543 545/545
f 547/547 548/548 549/549
f 550/550 547/547 549/549
f 551/551 552/552 553/553
f 554/554 551/551 553/553
f 555/555 556/556 557/557
f 558/558 555/555 557/557
f 559/559 560/560 561/561
f 562/562 559/559 561/561
f 563/563 564/564 565/565
f 566/566 563/563 565/565
f 567/567 568/568 569/569
f 570/570 567/567 569/569
f 571/571 572/572 573/573
f 574/574 571/571 573/573
f 575/575 576/576 577/577
f 578/578 575/575 577/577
f 579/579 580/580 581/581
f 582/582 579/579 581/581
f 583/583 584/584 585/585
f 586/586 583/583 585/585
f 587/587 588/588 589/589
f 590/590 587/587 589/589
f 591/591 592/592 593/593
f 594/594 591/591 593/593
f 595/595 596/596 597/597
f 598/598 595/595 597/597
f 599/599 600/600 601/601
f 602/602 599/599 601/601
f 603/603 604/604 605/605
f 606/606 603/603 605/605
f 607/607 608/608 609/609
f 610/610 607/607 609/609
f 611/611 612/612 613/613
f 614/614 611/611 613/613
f 615/615 616/616 617/617
f 618/618 615/615 617/617
f 619/619 620/620 621/621
f 622/622 619/619 621/621
f 623/623 624/624 625/625
f 626/626 623/623 625/625
f 627/627 628/628 629/629
f 630/630 627/627 629/629
f 631/631 632/632 633/633
f 634/634 631/631 633/633
f 635/635 636/636 637/637
f 638/638 635/635 637/637
f 639/639 640/640 641/641
f 642/642 639/639 641/641
f 643/643 644/644 645/645
f 646/646 643/643 645/645
f 647/647 648/648 649/649
f 650/650 647/647 649/649
f 651/651 652/652 653/653
f 654/654 651/651 653/653
f 655/655 656/656 657/657
f 658/658 655/655 657/657
f 659/659 660/660 661/661
f 662/662 659/659 661/661
f 663/663 664/664 665/665
f 666/666 663/663 665/665
f 667/667 668/668 669/669
f 670/670 667/667 669/669
f 671/671 672/672 673/673
f 674/674 671/671 673/673
f 675/675 676/676 677/677
f 678/678 675/675 677/677
f 679/679 680/680 681/681
f 682/682 679/679 681/681
f 683/683 684/684 685/685
f 686/686 683/683 685/685
f 687/687 688/688 689/689
f 690/690 687/687 689/689
f 691/691 692/692 693/693
f 694/694 691/691 693/693
f 695/695 696/696 697/697
f 698/698 695/695 697/697
f 699/699 700/700 701/701
f 702/702 699/699 701/701
f 703/703 704/704 705/705
f 706/706 703/703 705/705
f 707/707 708/708 709/709
f 710/710 707/707 709/709
f 711/711 712/712 713/713
f 714/714 711/711 713/713
f 715/715 716/716 717/717
f 718/718 715/715 717/717
f 719/719 720/720 721/721
f 722/722 719/719 721/721
f 723/723 724/724 725/725
f 726/726 723/723 725/725
f 727/727 728/728 729/729
f 730/730 727/727 729/729
f 731/731 732/732 733/733
f 734/734 731/731 733/733
f 735/735 736/736 737/737
f 738/738 735/735 737/737
f 739/739 740/740 741/741
f 742/742 739/739 741/741
f 743/743 744/744 745/745
f 746/746 743/743 745/745
f 747/747 748/748 749/749
f 750/750 747/747 749/749
f 751/751 752/752 753/753
f 754/754 751/751 753/753
f 755/755 756/756 757/757
f 758/758 755/755 757/757
f 759/759 760/760 761/761
f 762/762 759/759 761/761
f 763/763 764/764 765/765
f 766/766 763/763 765/765
f 767/767 768/768 769/769
f 770/770 767/767 769/769
f 771/771 772/772 773/773
f 774/774 771/771 773/773
f 775/775 776/776 777/777
f 778/778 775/775 777/777
f 779/779 780/780 781/781
f 782/782 779/779 781/781
f 783/783 784/784 785/785
f 786/786 783/783 785/785
f 787/787 788/788 789/789
f 790/790 787/787 789/789
f 791/791 792/792 793/793
f 794/794 791/791 793/793
f 795/795 796/796 797/797
f 798/798 795/795 797/797
f 799/799 800/800 801/801
f 802/802 799/799 801/801
f 803/803 804/804 805/805
f 806/806 803/803 805/805
f 807/807 808/808 809/809
f 810/810 807/807 809/809
f 811/811 812/812 813/813
f 814/814 811/811 813/813
f 815/815 816/816 817/817
f 818/818 815/815 817/817
f 819/819 820/820 821/821
f 822/822 819/819 821/821
f 823/823 824/824 825/825
f 826/826 823/823 825/825
f 827/827 828/828 829/829
f 830/830 827/827 829/829
f 831/831 832/832 833/833
f 834/834 831/831 833/833
f 835/835 836/836 837/837
f 838/838 835/835 837/837
f 839/839 840/840 841/841
f 842/842 839/839 841/841
f 843/843 844/844 845/845
f 846/846 843/843 845/845
f 847/847 848/848 849/849
f 850/850 847/847 849/849
f 851/851 852/852 853/853
f 854/854 851/851 853/853
f 855/855 856/856 857/857
f 858/858 855/855 857/857
f 859/859 860/860 861/861
f 862/862 859/859 861/861
f 863/863 864/864 865/865
f 866/866 863/863 865/865
f 867/867 868/868 869/869
f 870/870 867/867 869/869
f 871/871 872/872 873/873
f 874/874 871/871 873/873
f 875/875 876/876 877/877
f 878/878 875/875 877/877
f 879/879 880/880 881/881
f 882/882 879/879 881/881
f 883/883 884/884 885/885
f 886/886 883/883 885/885
f 887/887 888/888 889/889
f 890/890 887/887 889/889
f 891/891 892/892 893/893
f 894/894 891/891 893/893
f 895/895 896/896 897/897
f 898/898 895/895 897/897
f 899/899 900/900 901/901
f 902/902 899/899 901/901
f 903/903 904/904 905/905
f 906/906 903/903 905/905
f 907/907 908/908 909/909
f 910/910 907/907 909/909
f 911/911 912/912 913/913
f 914/914 911/911 913/913
f 915/915 916/916 917/917
f 918/918 915/915 917/917
f 919/919 920/920 921/921
f 922/922 919/919 921/921
f 923/923 924/924 925/925
f 926/926 923/923 925/925
f 927/927 928/928 929/929
f 930/930 927/927 929/929
f 931/931 932/932 933/933
f 934/934 931/931 933/933
f 935/935 936/936 937/937
f 938/938 935/935 937/937
f 939/939 940/940 941/941
f 942/942 939/939 941/941
f 943/943 944/944 945/945
f 946/946 943/943 945/945
f 947/947 948/948 949/949
f 950/950 947/947 949/949
f 951/951 952/952 953/953
f 954/954 951/951 953/953
f 955/955 956/956 957/957
f 958/958 955/955 957/957
f 959/959 960/960 961/961
f 962/962 959/959 961/961
f 963/963 964/964 965/965
f 966/966 963/963 965/965
f 967/967 968/968 969/969
f 970/970 967/967 969/969
f 971/971 972/972 973/973
f 974/974 971/971 973/973
f 975/975 976/976 977/977
f 978/978 975/975 977/977
f 979/979 980/980 981/981
f 982/982 979/979 981/981
f 983/983 984/984 985/985
f 986/986 983/983 985/985
f 987/987 988/988 989/989
f 990/990 987/987 989/989
f 991/991 992/992 993/993
f 994/994 991/991 993/993
f 995/995 996/996 997/997
f 998/998 995/995 997/997
f 999/999 1000/1000 1001/1001
f 1002/1002 999/999 1001/1001
f 1003/1003 1004/1004 1005/1005
f 1006/1006 1003/1003 1005/1005
f 1007/1007 1008/1008 1009/1009
f 1010/1010 1007/1007 1009/1009
f 1011/1011 1012/1012 1013/1013
f 1014/1014 1011/1011 1013/1013
f 1015/1015 1016/1016 1017/1017
f 1018/1018 1015/1015 1017/1017
f 1019/1019 1020/1020 1021/1021
f 1022/1022 1019/1019 1021/1021
f 1023/1023 1024/1024 1025/1025
f 1026/1026 1023/1023 1025/1025
f 1027/1027 1028/1028 1029/1029
f 1030/1030 1027/1027 1029/1029
f 1031/1031 1032/1032 1033/1033
f 1034/1034 1031/1031 1033/1033
f 1035/1035 1036/1036 1037/1037
f 1038/1038 1035/1035 1037/1037
f 1039/1039 1040/1040 1041/1041
f 1042/1042 1039/1039 1041/1041
f 1043/1043 1044/1044 1045/1045
f 1046/1046 1043/1043 1045/1045
f 1047/1047 1048/1048 1049/1049
f 1050/1050 1047/1047 1049/1049
f 1051/1051 1052/1052 1053/1053
f 1054/1054 1051/1051 1053/1053
f 1055/1055 1056/1056 1057/1057
f 1058/1058 1055/1055 1057/1057
f 1059/1059 1060/1060 1061/1061
f 1062/1062 1059/1059 1061/1061
f 1063/1063 1064/1064 1065/1065
f 1066/1066 1063/1063 1065/1065
f 1067/1067 1068/1068 1069/1069
f 1070/1070 1067/1067 1069/1069
f 1071/1071 1072/1072 1073/1073
f 1074/1074 1071/1071 1073/1073
f 1075/1075 1076/1076 1077/1077
f 1078/1078 1075/1075 1077/1077
f 1079/1079 1080/1080 1081/1081
f 1082/1082 1079/1079 1081/1081
f 1083/1083 1084/1084 1085/1085
f 1086/1086 1083/1083 1085/1085
f 1087/1087 1088/1088 1089/1089
f 1090/1090 1087/1087 1089/1089
f 1091/1091 1092/1092 1093/1093
f 1094/1094 1091/1091 1093/1093
f 1095/1095 1096/1096 1097/1097
f 1098/1098 1095/1095 1097/1097
f 1099/1099 1100/1100 1101/1101
f 1102/1102 1099/1099 1101/1101
f 1103/1103 1104/1104 1105/1105
f 1106/1106 1103/1103 1105/1105
f 1107/1107 1108/1108 1109/1109
f 1110/1110 1107/1107 1109/1109
f 1111/1111 1112/1112 1113/1113
f 1114/1114 1111/1111 1113/1113
f 1115/1115 1116/1116 1117/1117
f 1118/1118 1115/1115 1117/1117
f 1119/1119 1120/1120 1121/1121
f 1122/1122 1119/1119 1121/1121
f 1123/1123 1124/1124 1125/1125
f 1126/1126 1123/1123 1125/1125
f 1127/1127 1128/1128 1129/1129
f 1130/1130 1127/1127 1129/1129
f 1131/1131 1132/1132 1133/1133
f 1134/1134 1131/1131 1133/1133
f 1135/1135 1136/1136 1137/1137
f 1138/1138 1135/1135 1137/1137
f 1139/1139 1140/1140 1141/1141
f 1142/1142 1139/1139 1141/1141
f 1143/1143 1144/1144 1145/1145
f 1146/1146 1143/1143 1145/1145
f 1147/1147 1148/1148 1149/1149
f 1150/1150 1147/1147 1149/1149
f 1151/1151 1152/1152 1153/1153
f 1154/1154 1151/1151 1153/1153
f 1155/1155 1156/1156 1157/1157
f 1158/1158 1155/1155 1157/1157
f 1159/1159 1160/1160 1161/1161
f 1162/1162 1159/1159 1161/1161
f 1163/1163 1164/1164 1165/1165
f 1166/1166 1163/1163 1165/1165
f 1167/1167 1168/1168 1169/1169
f 1170/1170 1167/1167 1169/1169
f 1171/1171 1172/1172 1173/1173
f 1174/1174 1171/1171 1173/1173
f 1175/1175 1176/1176 1177/1177
f 1178/1178 1175/1175 1177/1177
f 1179/1179 1180/1180 1181/1181
f 1182/1182 1179/1179 1181/1181
f 1183/1183 1184/1184 1185/1185
f 1186/1186 1183/1183 1185/1185
f 1187/1187 1188/1188 1189/1189
f 1190/1190 1187/1187 1189/1189
f 1191/1191 1192/1192 1193/1193
f 1194/1194 1191/1191 1193/1193
f 1195/1195 1196/1196 1197/1197
f 1198/1198 1195/1195 1197/1197
f 1199/1199 1200/1200 1201/1201
f 1202/1202 1199/1199 1201/1201
f 1203/1203 1204/1204 1205/1205
f 1206/1206 1203/1203 1205/1205
f 1207/1207 1208/1208 1209/1209
f 1210/1210 1207/1207 1209/1209
f 1211/1211 1212/1212 1213/1213
f 1214/1214 1211/1211 1213/1213
f 1215/1215 1216/1216 1217/1217
f 1218/1218 1215/1215 1217/1217
f 1219/1219 1220/1220 1221/1221
f 1222/1222 1219/1219 1221/1221
f 1223/1223 1224/1224 1225/1225
f 1226/1226 1223/1223 1225/1225
f 1227/1227 1226/1226 1225/1225
f 1228/1228 1229/1229 1230/1230
f 1231/1231 1228/1228 1230/1230
f 1232/1232 1231/1231 1230/1230
f 1233/1233 1234/1234 1235/1235
f 1236/1236 1233/1233 1235/1235
f 1237/1237 1238/1238 1239/1239
f 1240/1240 1237/1237 1239/1239
f 1241/1241 1242/1242 1243/1243
f 1244/1244 1241/1241 1243/1243
f 1245/1245 1246/1246 1247/1247
f 1248/1248 1245/1245 1247/1247
f 1249/1249 1250/1250 1251/1251
f 1252/1252 1249/1249 1251/1251
f 1253/1253 1254/1254 1255/1255
f 1256/1256 1253/1253 1255/1255
f 1257/1257 1258/1258 1259/1259
f 1260/1260 1257/1257 1259/1259
f 1261/1261 1262/1262 1263/1263
f 1264/1264 1261/1261 1263/1263
f 1265/1265 1266/1266 1267/1267
f 1268/1268 1265/1265 1267/1267
f 1269/1269 1270/1270 1271/1271
f 1272/1272 1269/1269 1271/1271
f 1273/1273 1274/1274 1275/1275
f 1276/1276 1273/1273 1275/1275
f 1277/1277 1278/1278 1279/1279
f 1280/1280 1277/1277 1279/1279
f 1281/1281 1282/1282 1283/1283
f 1284/1284 1281/1281 1283/1283
f 1285/1285 1286/1286 1287/1287
f 1288/1288 1285/1285 1287/1287
f 1289/1289 1290/1290 1291/1291
f 1292/1292 1289/1289 1291/1291
f 1293/1293 1294/1294 1295/1295
f 1296/1296 1293/1293 1295/1295
f 1297/1297 1298/1298 1299/1299
f 1300/1300 1297/1297 1299/1299
f 1301/1301 1302/1302 1303/1303
f 1304/1304 1301/1301 1303/1303
f 1305/1305 1306/1306 1307/1307
f 1308/1308 1305/1305 1307/1307
f 1309/1309 1310/1310 1311/1311
f 1312/1312 1309/1309 1311/1311
f 1313/1313 1314/1314 1315/1315
f 1316/1316 1313/1313 1315/1315
f 1317/1317 1318/1318 1319/1319
f 1320/1320 1317/1317 1319/1319
f 1321/1321 1322/1322 1323/1323
f 1324/1324 1321/1321 1323/1323
f 1325/1325 1326/1326 1327/1327
f 1328/1328 1325/1325 1327/1327
f 1329/1329 1330/1330 1331/1331
f 1332/1332 1329/1329 1331/1331
f 1333/1333 1334/1334 1335/1335
f 1336/1336 1333/1333 1335/1335
f 1337/1337 1338/1338 1339/1339
f 1340/1340 1337/1337 1339/1339
f 1341/1341 1342/1342 1343/1343
f 1344/1344 1341/1341 1343/1343
f 1345/1345 1346/1346 1347/1347
f 1348/1348 1345/1345 1347/1347
f 1349/1349 1350/1350 1351/1351
f 1352/1352 1349/1349 1351/1351
f 1353/1353 1354/1354 1355/1355
f 1356/1356 1353/1353 1355/1355
f 1357/1357 1358/1358 1359/1359
f 1360/1360 1357/1357 1359/1359
f 1361/1361 1362/1362 1363/1363
f 1364/1364 1361/1361 1363/1363
f 1365/1365 1366/1366 1367/1367
f 1368/1368 1365/1365 1367/1367
f 1369/1369 1370/1370 1371/1371
f 1372/1372 1369/1369 1371/1371
f 1373/1373 1374/1374 1375/1375
f 1376/1376 1373/1373 1375/1375
f 1377/1377 1378/1378 1379/1379
f 1380/1380 1377/1377 1379/1379
f 1381/1381 1382/1382 1383/1383
f 1384/1384 1381/1381 1383/1383
f 1385/1385 1386/1386 1387/1387
f 1388/1388 1385/1385 1387/1387
f 1389/1389 1390/1390 1391/1391
f 1392/1392 1389/1389 1391/1391
f 1393/1393 1394/1394 1395/1395
f 1396/1396 1393/1393 1395/1395
f 1397/1397 1398/1398 1399/1399
f 1400/1400 1397/1397 1399/1399
f 1401/1401 1402/1402 1403/1403
f 1404/1404 1401/1401 1403/1403
f 1405/1405 1406/1406 1407/1407
f 1408/1408 1405/1405 1407/1407
f 1409/1409 1410/1410 1411/1411
f 1412/1412 1409/1409 1411/1411
f 1413/1413 1414/1414 1415/1415
f 1416/1416 1413/1413 1415/1415
f 1417/1417 1418/1418 1419/1419
f 1420/1420 1417/1417 1419/1419
f 1421/1421 1422/1422 1423/1423
f 1424/1424 1421/1421 1423/1423
f 1425/1425 1426/1426 1427/1427
f 1428/1428 1425/1425 1427/1427
f 1429/1429 1430/1430 1431/1431
f 1432/1432 1429/1429 1431/1431
f 1433/1433 1434/1434 1435/1435
f 1436/1436 1433/1433 1435/1435
f 1437/1437 1438/1438 1439/1439
f 1440/1440 1437/1437 1439/1439
f 1441/1441 1442/1442 1443/1443
f 1444/1444 1441/1441 1443/1443
f 1445/1445 1446/1446 1447/1447
f 1448/1448 1445/1445 1447/1447
f 1449/1449 1450/1450 1451/1451
f 1452/1452 1449/1449 1451/1451
f 1453/1453 1454/1454 1455/1455
f 1456/1456 1453/1453 1455/1455
f 1457/1457 1458/1458 1459/1459
f 1460/1460 1457/1457 1459/1459
f 1461/1461 1462/1462 1463/1463
f 1464/1464 1461/1461 1463/1463
f 1465/1465 1466/1466 1467/1467
f 1468/1468 1465/1465 1467/1467
f 1469/1469 1470/1470 1471/1471
f 1472/1472 1469/1469 1471/1471
f 1473/1473 1474/1474 1475/1475
f 1476/1476 1473/1473 1475/1475
f 1477/1477 1478/1478 1479/1479
f 1480/1480 1477/1477 1479/1479
f 1481/1481 1482/1482 1483/1483
f 1484/1484 1481/1481 1483/1483
f 1485/1485 1486/1486 1487/1487
f 1488/1488 1485/1485 1487/1487
f 1489/1489 1490/1490 1491/1491
f 1492/1492 1489/1489 1491/1491
f 1493/1493 1494/1494 1495/1495
f 1496/1496 1493/1493 1495/1495
f 1497/1497 1498/1498 1499/1499
f 1500/1500 1497/1497 1499/1499
f 1501/1501 1502/1502 1503/1503
f 1504/1504 1501/1501 1503/1503
f 1505/1505 1506/1506 1507/1507
f 1508/1508 1505/1505 1507/1507
f 1509/1509 1510/1510 1511/1511
f 1512/1512 1509/1509 1511/1511
f 1513/1513 1514/1514 1515/1515
f 1516/1516 1513/1513 1515/1515
f 1517/1517 1518/1518 1519/1519
f 1520/1520 1517/1517 1519/1519
f 1521/1521 1522/1522 1523/1523
f 1524/1524 1521/1521 1523/1523
f 1525/1525 1526/1526 1527/1527
f 1528/1528 1525/1525 1527/1527
f 1529/1529 1530/1530 1531/1531
f 1532/1532 1529/1529 1531/1531
f 1533/1533 1534/1534 1535/1535
f 1536/1536 1533/1533 1535/1535
f 1537/1537 1538/1538 1539/1539
f 1540/1540 1537/1537 1539/1539
f 1541/1541 1542/1542 1543/1543
f 1544/1544 1541/1541 1543/1543
f 1545/1545 1546/1546 1547/1547
f 1548/1548 1545/1545 1547/1547
f 1549/1549 1550/1550 1551/1551
f 1552/1552 1549/1549 1551/1551
f 1553/1553 1554/1554 1555/1555
f 1556/1556 1553/1553 1555/1555
f 1557/1557 1558/1558 1559/1559
f 1560/1560 1557/1557 1559/1559
f 1561/1561 1562/1562 1563/1563
f 1564/1564 1561/1561 1563/1563
f 1565/1565 1566/1566 1567/1567
f 1568/1568 1565/1565 1567/1567
f 1569/1569 1570/1570 1571/1571
f 1572/1572 1569/1569 1571/1571
f 1573/1573 1574/1574 1575/1575
f 1576/1576 1573/1573 1575/1575
f 1577/1577 1578/1578 1579/1579
f 1580/1580 1577/1577 1579/1579
f 1581/1581 1582/1582 1583/1583
f 1584/1584 1581/1581 1583/1583
f 1585/1585 1586/1586 1587/1587
f 1588/1588 1585/1585 1587/1587
f 1589/1589 1590/1590 1591/1591
f 1592/1592 1589/1589 1591/1591
f 1593/1593 1594/1594 1595/1595
f 1596/1596 1593/1593 1595/1595
f 1597/1597 1598/1598 1599/1599
f 1600/1600 1597/1597 1599/1599
f 1601/1601 1602/1602 1603/1603
f 1604/1604 1601/1601 1603/1603
f 1605/1605 1606/1606 1607/1607
f 1608/1608 1605/1605 1607/1607
f 1609/1609 1610/1610 1611/1611
f 1612/1612 1609/1609 1611/1611
f 1613/1613 1614/1614 1615/1615
f 1616/1616 1613/1613 1615/1615
f 1617/1617 1618/1618 1619/1619
f 1620/1620 1617/1617 1619/1619
f 1621/1621 1622/1622 1623/1623
f 1624/1624 1621/1621 1623/1623
f 1625/1625 1626/1626 1627/1627
f 1628/1628 1625/1625 1627/1627
f 1629/1629 1630/1630 1631/1631
f 1632/1632 1629/1629 1631/1631
f 1633/1633 1634/1634 1635/1635
f 1636/1636 1633/1633 1635/1635
f 1637/1637 1638/1638 1639/1639
f 1640/1640 1637/1637 1639/1639
f 1641/1641 1642/1642 1643/1643
f 1644/1644 1641/1641 1643/1643
f 1645/1645 1646/1646 1647/1647
f 1648/1648 1645/1645 1647/1647
f 1649/1649 1650/1650 1651/1651
f 1652/1652 1649/1649 1651/1651
f 1653/1653 1654/1654 1655/1655
f 1656/1656 1653/1653 1655/1655
f 1657/1657 1658/1658 1659/1659
f 1660/1660 1657/1657 1659/1659
f 1661/1661 1662/1662 1663/1663
f 1664/1664 1661/1661 1663/1663
f 1665/1665 1666/1666 1667/1667
f 1668/1668 1665/1665 1667/1667
f 1669/1669 1670/1670 1671/1671
f 1672/1672 1669/1669 1671/1671
f 1673/1673 1674/1674 1675/1675
f 1676/1676 1673/1673 1675/1675
f 1677/1677 1678/1678 1679/1679
f 1680/1680 1677/1677 1679/1679
f 1681/1681 1682/1682 1683/1683
f 1684/1684 1681/1681 1683/1683
f 1685/1685 1686/1686 1687/1687
f 1688/1688 1685/1685 1687/1687
f 1689/1689 1690/1690 1691/1691
f 1692/1692 1689/1689 1691/1691
f 1693/1693 1694/1694 1695/1695
f 1696/1696 1693/1693 1695/1695
f 1697/1697 1698/1698 1699/1699
f 1700/1700 1697/1697 1699/1699
f 1701/1701 1702/1702 1703/1703
f 1704/1704 1701/1701 1703/1703
f 1705/1705 1706/1706 1707/1707
f 1708/1708 1705/1705 1707/1707
f 1709/1709 1710/1710 1711/1711
f 1712/1712 1709/1709 1711/1711
f 1713/1713 1714/1714 1715/1715
f 1716/1716 1713/1713 1715/1715
f 1717/1717 1718/1718 1719/1719
f 1720/1720 1717/1717 1719/1719
f 1721/1721 1722/1722 1723/1723
f 1724/1724 1721/1721 1723/1723
f 1725/1725 1726/1726 1727/1727
f 1728/1728 1725/1725 1727/1727
f 1729/1729 1730/1730 1731/1731
f 1732/1732 1729/1729 1731/1731
f 1733/1733 1734/1734 1735/1735
f 1736/1736 1733/1733 1735/1735
f 1737/1737 1738/1738 1739/1739
f 1740/1740 1737/1737 1739/1739
f 1741/1741 1742/1742 1743/1743
f 1744/1744 1741/1741 1743/1743
f 1745/1745 1746/1746 1747/1747
f 1748/1748 1745/1745 1747/1747
f 1749/1749 1750/1750 1751/1751
f 1752/1752 1749/1749 1751/1751
f 1753/1753 1754/1754 1755/1755
f 1756/1756 1753/1753 1755/1755
f 1757/1757 1758/1758 1759/1759
f 1760/1760 1757/1757 1759/1759
f 1761/1761 1762/1762 1763/1763
f 1764/1764 1761/1761 1763/1763
f 1765/1765 1766/1766 1767/1767
f 1768/1768 1765/1765 1767/1767
f 1769/1769 1770/1770 1771/1771
f 1772/1772 1769/1769 1771/1771
f 1773/1773 1774/1774 1775/1775
f 1776/1776 1773/1773 1775/1775
f 1777/1777 1778/1778 1779/1779
f 1780/1780 1777/1777 1779/1779
f 1781/1781 1782/1782 1783/1783
f 1784/1784 1781/1781 1783/1783
f 1785/1785 1786/1786 1787/1787
f 1788/1788 1785/1785 1787/1787
f 1789/1789 1790/1790 1791/1791
f 1792/1792 1789/1789 1791/1791
f 1793/1793 1794/1794 1795/1795
f 1796/1796 1793/1793 1795/1795
f 1797/1797 1798/1798 1799/1799
f 1800/1800 1797/1797 1799/1799
f 1801/1801 1802/1802 1803/1803
f 1804/1804 1801/1801 1803/1803
f 1805/1805 1806/1806 1807/1807
f 1808/1808 1805/1805 1807/1807
f 1809/1809 1810/1810 1811/1811
f 1812/1812 1809/1809 1811/1811
f 1813/1813 1814/1814 1815/1815
f 1816/1816 1813/1813 1815/1815
f 1817/1817 1818/1818 1819/1819
f 1820/1820 1817/1817 1819/1819
f 1821/1821 1822/1822 1823/1823
f 1824/1824 1821/1821 1823/1823
f 1825/1825 1826/1826 1827/1827
f 1828/1828 1825/1825 1827/1827
f 1829/1829 1830/1830 1831/1831
f 1832/1832 1829/1829 1831/1831
f 1833/1833 1834/1834 1835/1835
f 1836/1836 1833/1833 1835/1835
f 1837/1837 1838/1838 1839/1839
f 1840/1840 1837/1837 1839/1839
f 1841/1841 1842/1842 1843/1843
f 1844/1844 1841/1841 1843/1843
f 1845/1845 1846/1846 1847/1847
f 1848/1848 1845/1845 1847/1847
f 1849/1849 1850/1850 1851/1851
f 1852/1852 1849/1849 1851/1851
f 1853/1853 1854/1854 1855/1855
f 1856/1856 1853/1853 1855/1855
f 1857/1857 1858/1858 1859/1859
f 1860/1860 1857/1857 1859/1859
f 1861/1861 1862/1862 1863/1863
f 1864/1864 1861/1861 1863/1863
f 1865/1865 1866/1866 1867/1867
f 1868/1868 1865/1865 1867/1867
f 1869/1869 1870/1870 1871/1871
f 1872/1872 1869/1869 1871/1871
f 1873/1873 1874/1874 1875/1875
f 1876/1876 1873/1873 1875/1875
f 1877/1877 1878/1878 1879/1879
f 1880/1880 1877/1877 1879/1879
f 1881/1881 1882/1882 1883/1883
f 1884/1884 1881/1881 1883/1883
f 1885/1885 1886/1886 1887/1887
f 1888/1888 1885/1885 1887/1887
f 1889/1889 1890/1890 1891/1891
f 1892/1892 1889/1889 1891/1891
f 1893/1893 1894/1894 1895/1895
f 1896/1896 1893/1893 1895/1895
f 1897/1897 1898/1898 1899/1899
f 1900/1900 1897/1897 1899/1899
f 1901/1901 1902/1902 1903/1903
f 1904/1904 1901/1901 1903/1903
f 1905/1905 1906/1906 1907/1907
f 1908/1908 1905/1905 1907/1907
f 1909/1909 1910/1910 1911/1911
f 1912/1912 1909/1909 1911/1911
f 1913/1913 1914/1914 1915/1915
f 1916/1916 1913/1913 1915/1915
f 1917/1917 1918/1918 1919/1919
f 1920/1920 1917/1917 1919/1919
f 1921/1921 1922/1922 1923/1923
f 1924/1924 1921/1921 1923/1923
f 1925/1925 1926/1926 1927/1927
f 1928/1928 1925/1925 1927/1927
f 1929/1929 1930/1930 1931/1931
f 1932/1932 1929/1929 1931/1931
f 1933/1933 1934/1934 1935/1935
f 1936/1936 1933/1933 1935/1935
f 1937/1937 1938/1938 1939/1939
f 1940/1940 1937/1937 1939/1939
f 1941/1941 1942/1942 1943/1943
f 1944/1944 1941/1941 1943/1943
f 1945/1945 1946/1946 1947/1947
f 1948/1948 1945/1945 1947/1947
f 1949/1949 1950/1950 1951/1951
f 1952/1952 1949/1949 1951/1951
f 1953/1953 1954/1954 1955/1955
f 1956/1956 1953/1953 1955/1955
f 1957/1957 1958/1958 1959/1959
f 1960/1960 1957/1957 1959/1959
f 1961/1961 1962/1962 1963/1963
f 1964/1964 1961/1961 1963/1963
f 1965/1965 1966/1966 1967/1967
f 1968/1968 1965/1965 1967/1967
f 1969/1969 1970/1970 1971/1971
f 1972/1972 1969/1969 1971/1971
f 1973/1973 1974/1974 1975/1975
f 1976/1976 1973/1973 1975/1975
f 1977/1977 1978/1978 1979/1979
f 1980/1980 1977/1977 1979/1979
f 1981/1981 1982/1982 1983/1983
f 1984/1984 1981/1981 1983/1983
f 1985/1985 1986/1986 1987/1987
f 1988/1988 1985/1985 1987/1987
f 1989/1989 1990/1990 1991/1991
f 1992/1992 1989/1989 1991/1991
f 1993/1993 1994/1994 1995/1995
f 1996/1996 1993/1993 1995/1995
f 1997/1997 1998/1998 1999/1999
f 2000/2000 1997/1997 1999/1999
f 2001/2001 2002/2002 2003/2003
f 2004/2004 2001/2001 2003/2003
f 2005/2005 2006/2006 2007/2007
f 2008/2008 2005/2005 2007/2007
f 2009/2009 2010/2010 2011/2011
f 2012/2012 2009/2009 2011/2011
f 2013/2013 2014/2014 2015/2015
f 2016/2016 2013/2013 2015/2015
f 2017/2017 2018/2018 2019/2019
f 2020/2020 2017/2017 2019/2019
f 2021/2021 2022/2022 2023/2023
f 2024/2024 2021/2021 2023/2023
f 2025/2025 2026/2026 2027/2027
f 2028/2028 2025/2025 2027/2027
f 2029/2029 2030/2030 2031/2031
f 2032/2032 2029/2029 2031/2031
f 2033/2033 2034/2034 2035/2035
f 2036/2036 2033/2033 2035/2035
f 2037/2037 2038/2038 2039/2039
f 2040/2040 2037/2037 2039/2039
f 2041/2041 2042/2042 2043/2043
f 2044/2044 2041/2041 2043/2043
f 2045/2045 2046/2046 2047/2047
f 2048/2048 2045/2045 2047/2047
f 2049/2049 2050/2050 2051/2051
f 2052/2052 2049/2049 2051/2051
f 2053/2053 2054/2054 2055/2055
f 2056/2056 2053/2053 2055/2055
f 2057/2057 2058/2058 2059/2059
f 2060/2060 2057/2057 2059/2059
f 2061/2061 2062/2062 2063/2063
f 2064/2064 2061/2061 2063/2063
f 2065/2065 2066/2066 2067/2067
f 2068/2068 2065/2065 2067/2067
f 2069/2069 2070/2070 2071/2071
f 2072/2072 2069/2069 2071/2071
f 2073/2073 2074/2074 2075/2075
f 2076/2076 2073/2073 2075/2075
f 2077/2077 2078/2078 2079/2079
f 2080/2080 2077/2077 2079/2079
f 2081/2081 2082/2082 2083/2083
f 2084/2084 2081/2081 2083/2083
f 2085/2085 2086/2086 2087/2087
f 2088/2088 2085/2085 2087/2087
f 2089/2089 2090/2090 2091/2091
f 2092/2092 2089/2089 2091/2091
f 2093/2093 2094/2094 2095/2095
f 2096/2096 2093/2093 2095/2095
f 2097/2097 2098/2098 2099/2099
f 2100/2100 2097/2097 2099/2099
f 2101/2101 2102/2102 2103/2103
f 2104/2104 2101/2101 2103/2103
f 2105/2105 2106/2106 2107/2107
f 2108/2108 2105/2105 2107/2107
f 2109/2109 2110/2110 2111/2111
f 2112/2112 2109/2109 2111/2111
f 2113/2113 2114/2114 2115/2115
f 2116/2116 2113/2113 2115/2115
f 2117/2117 2118/2118 2119/2119
f 2120/2120 2117/2117 2119/2119
f 2121/2121 2122/2122 2123/2123
f 2124/2124 2121/2121 2123/2123
f 2125/2125 2126/2126 2127/2127
f 2128/2128 2125/2125 2127/2127
f 2129/2129 2130/2130 2131/2131
f 2132/2132 2129/2129 2131/2131
f 2133/2133 2134/2134 2135/2135
f 2136/2136 2133/2133 2135/2135
f 2137/2137 2138/2138 2139/2139
f 2140/2140 2137/2137 2139/2139
f 2141/2141 2142/2142 2143/2143
f 2144/2144 2141/2141 2143/2143
f 2145/2145 2146/2146 2147/2147
f 2148/2148 2145/2145 2147/2147
f 2149/2149 2150/2150 2151/2151
f 2152/2152 2149/2149 2151/2151
f 2153/2153 2154/2154 2155/2155
f 2156/2156 2153/2153 2155/2155
f 2157/2157 2158/2158 2159/2159
f 2160/2160 2157/2157 2159/2159
f 2161/2161 2162/2162 2163/2163
f 2164/2164 2161/2161 2163/2163
f 2165/2165 2166/2166 2167/2167
f 2168/2168 2165/2165 2167/2167
f 2169/2169 2170/2170 2171/2171
f 2172/2172 2169/2169 2171/2171
f 2173/2173 2174/2174 2175/2175
f 2176/2176 2173/2173 2175/2175
f 2177/2177 2178/2178 2179/2179
f 2180/2180 2177/2177 2179/2179
f 2181/2181 2182/2182 2183/2183
f 2184/2184 2181/2181 2183/2183
f 2185/2185 2186/2186 2187/2187
f 2188/2188 2185/2185 2187/2187
f 2189/2189 2190/2190 2191/2191
f 2192/2192 2189/2189 2191/2191
f 2193/2193 2194/2194 2195/2195
f 2196/2196 2193/2193 2195/2195
f 2197/2197 2198/2198 2199/2199
f 2200/2200 2197/2197 2199/2199
f 2201/2201 2202/2202 2203/2203
f 2204/2204 2201/2201 2203/2203
f 2205/2205 2206/2206 2207/2207
f 2208/2208 2205/2205 2207/2207
f 2209/2209 2210/2210 2211/2211
f 2212/2212 2209/2209 2211/2211
f 2213/2213 2214/2214 2215/2215
f 2216/2216 2213/2213 2215/2215
f 2217/2217 2218/2218 2219/2219
f 2220/2220 2217/2217 2219/2219
f 2221/2221 2222/2222 2223/2223
f 2224/2224 2221/2221 2223/2223
f 2225/2225 2226/2226 2227/2227
f 2228/2228 2225/2225 2227/2227
f 2229/2229 2230/2230 2231/2231
f 2232/2232 2229/2229 2231/2231
f 2233/2233 2234/2234 2235/2235
f 2236/2236 2233/2233 2235/2235
f 2237/2237 2238/2238 2239/2239
f 2240/2240 2237/2237 2239/2239
f 2241/2241 2242/2242 2243/2243
f 2244/2244 2241/2241 2243/2243
f 2245/2245 2246/2246 2247/2247
f 2248/2248 2245/2245 2247/2247
f 2249/2249 2250/2250 2251/2251
f 2252/2252 2249/2249 2251/2251
f 2253/2253 2254/2254 2255/2255
f 2256/2256 2253/2253 2255/2255
f 2257/2257 2258/2258 2259/2259
f 2260/2260 2257/2257 2259/2259
f 2261/2261 2262/2262 2263/2263
f 2264/2264 2261/2261 2263/2263
f 2265/2265 2266/2266 2267/2267
f 2268/2268 2265/2265 2267/2267
f 2269/2269 2270/2270 2271/2271
f 2272/2272 2269/2269 2271/2271
f 2273/2273 2274/2274 2275/2275
f 2276/2276 2273/2273 2275/2275
f 2277/2277 2278/2278 2279/2279
f 2280/2280 2277/2277 2279/2279
f 2281/2281 2282/2282 2283/2283
f 2284/2284 2281/2281 2283/2283
f 2285/2285 2286/2286 2287/2287
f 2288/2288 2285/2285 2287/2287
f 2289/2289 2290/2290 2291/2291
f 2292/2292 2289/2289 2291/2291
f 2293/2293 2294/2294 2295/2295
f 2296/2296 2293/2293 2295/2295
f 2297/2297 2298/2298 2299/2299
f 2300/2300 2297/2297 2299/2299
f 2301/2301 2302/2302 2303/2303
f 2304/2304 2301/2301 2303/2303
f 2305/2305 2306/2306 2307/2307
f 2308/2308 2305/2305 2307/2307
f 2309/2309 2310/2310 2311/2311
f 2312/2312 2309/2309 2311/2311
f 2313/2313 2314/2314 2315/2315
f 2316/2316 2313/2313 2315/2315
f 2317/2317 2318/2318 2319/2319
f 2320/2320 2317/2317 2319/2319
f 2321/2321 2322/2322 2323/2323
f 2324/2324 2321/2321 2323/2323
f 2325/2325 2326/2326 2327/2327
f 2328/2328 2325/2325 2327/2327
f 2329/2329 2330/2330 2331/2331
f 2332/2332 2329/2329 2331/2331
f 2333/2333 2334/2334 2335/2335
f 2336/2336 2333/2333 2335/2335
f 2337/2337 2338/2338 2339/2339
f 2340/2340 2337/2337 2339/2339
f 2341/2341 2342/2342 2343/2343
f 2344/2344 2341/2341 2343/2343
f 2345/2345 2346/2346 2347/2347
f 2348/2348 2345/2345 2347/2347
f 2349/2349 2350/2350 2351/2351
f 2352/2352 2349/2349 2351/2351
f 2353/2353 2354/2354 2355/2355
f 2356/2356 2353/2353 2355/2355
f 2357/2357 2358/2358 2359/2359
f 2360/2360 2357/2357 2359/2359
f 2361/2361 2362/2362 2363/2363
f 2364/2364 2361/2361 2363/2363
f 2365/2365 2366/2366 2367/2367
f 2368/2368 2365/2365 2367/2367
f 2369/2369 2370/2370 2371/2371
f 2372/2372 2369/2369 2371/2371
f 2373/2373 2374/2374 2375/2375
f 2376/2376 2373/2373 2375/2375
f 2377/2377 2378/2378 2379/2379
f 2380/2380 2377/2377 2379/2379
f 2381/2381 2382/2382 2383/2383
f 2384/2384 2381/2381 2383/2383
f 2385/2385 2386/2386 2387/2387
f 2388/2388 2385/2385 2387/2387
f 2389/2389 2390/2390 2391/2391
f 2392/2392 2389/2389 2391/2391
f 2393/2393 2394/2394 2395/2395
f 2396/2396 2393/2393 2395/2395
f 2397/2397 2398/2398 2399/2399
f 2400/2400 2397/2397 2399/2399
f 2401/2401 2402/2402 2403/2403
f 2404/2404 2401/2401 2403/2403
f 2405/2405 2406/2406 2407/2407
f 2408/2408 2405/2405 2407/2407
f 2409/2409 2410/2410 2411/2411
f 2412/2412 2409/2409 2411/2411
f 2413/2413 2414/2414 2415/2415
f 2416/2416 2413/2413 2415/2415
f 2417/2417 2418/2418 2419/2419
f 2420/2420 2417/2417 2419/2419
f 2421/2421 2422/2422 2423/2423
f 2424/2424 2421/2421 2423/2423
f 2425/2425 2426/2426 2427/2427
f 2428/2428 2425/2425 2427/2427
f 2429/2429 2430/2430 2431/2431
f 2432/2432 2429/2429 2431/2431
f 2433/2433 2434/2434 2435/2435
f 2436/2436 2433/2433 2435/2435
f 2437/2437 2438/2438 2439/2439
f 2440/2440 2437/2437 2439/2439
f 2441/2441 2442/2442 2443/2443
f 2444/2444 2441/2441 2443/2443
f 2445/2445 2446/2446 2447/2447
f 2448/2448 2445/2445 2447/2447
f 2449/2449 2450/2450 2451/2451
f 2452/2452 2449/2449 2451/2451
f 2453/2453 2454/2454 2455/2455
f 2456/2456 2453/2453 2455/2455
f 2457/2457 2458/2458 2459/2459
f 2460/2460 2457/2457 2459/2459
f 2461/2461 2462/2462 2463/2463
f 2464/2464 2461/2461 2463/2463
f 2465/2465 2466/2466 2467/2467
f 2468/2468 2465/2465 2467/2467
f 2469/2469 2470/2470 2471/2471
f 2472/2472 2469/2469 2471/2471
f 2473/2473 2474/2474 2475/2475
f 2476/2476 2473/2473 2475/2475
f 2477/2477 2478/2478 2479/2479
f 2480/2480 2477/2477 2479/2479
f 2481/2481 2482/2482 2483/2483
f 2484/2484 2481/2481 2483/2483
f 2485/2485 2486/2486 2487/2487
f 2488/2488 2485/2485 2487/2487
f 2489/2489 2490/2490 2491/2491
f 2492/2492 2489/2489 2491/2491
f 2493/2493 2494/2494 2495/2495
f 2496/2496 2493/2493 2495/2495
f 2497/2497 2498/2498 2499/2499
f 2500/2500 2497/2497 2499/2499
f 2501/2501 2502/2502 2503/2503
f 2504/2504 2501/2501 2503/2503
f 2505/2505 2506/2506 2507/2507
f 2508/2508 2505/2505 2507/2507
f 2509/2509 2510/2510 2511/2511
f 2512/2512 2509/2509 2511/2511
f 2513/2513 2514/2514 2515/2515
f 2516/2516 2513/2513 2515/2515
f 2517/2517 2518/2518 2519/2519
f 2520/2520 2517/2517 2519/2519
f 2521/2521 2522/2522 2523/2523
f 2524/2524 2521/2521 2523/2523
f 2525/2525 2526/2526 2527/2527
f 2528/2528 2525/2525 2527/2527
f 2529/2529 2530/2530 2531/2531
f 2532/2532 2529/2529 2531/2531
f 2533/2533 2534/2534 2535/2535
f 2536/2536 2533/2533 2535/2535
f 2537/2537 2538/2538 2539/2539
f 2540/2540 2537/2537 2539/2539
f 2541/2541 2542/2542 2543/2543
f 2544/2544 2541/2541 2543/2543
f 2545/2545 2546/2546 2547/2547
f 2548/2548 2545/2545 2547/2547
f 2549/2549 2550/2550 2551/2551
f 2552/2552 2549/2549 2551/2551
f 2553/2553 2554/2554 2555/2555
f 2556/2556 2553/2553 2555/2555
f 2557/2557 2558/2558 2559/2559
f 2560/2560 2557/2557 2559/2559
f 2561/2561 2562/2562 2563/2563
f 2564/2564 2561/2561 2563/2563
f 2565/2565 2566/2566 2567/2567
f 2568/2568 2565/2565 2567/2567
f 2569/2569 2570/2570 2571/2571
f 2572/2572 2569/2569 2571/2571
f 2573/2573 2574/2574 2575/2575
f 2576/2576 2573/2573 2575/2575
f 2577/2577 2578/2578 2579/2579
f 2580/2580 2577/2577 2579/2579
f 2581/2581 2582/2582 2583/2583
f 2584/2584 2581/2581 2583/2583
f 2585/2585 2586/2586 2587/2587
f 2588/2588 2585/2585 2587/2587
f 2589/2589 2590/2590 2591/2591
f 2592/2592 2589/2589 2591/2591
f 2593/2593 2594/2594 2595/2595
f 2596/2596 2593/2593 2595/2595
f 2597/2597 2598/2598 2599/2599
f 2600/2600 2597/2597 2599/2599
f 2601/2601 2602/2602 2603/2603
f 2604/2604 2601/2601 2603/2603
f 2605/2605 2606/2606 2607/2607
f 2608/2608 2605/2605 2607/2607
f 2609/2609 2610/2610 2611/2611
f 2612/2612 2609/2609 2611/2611
f 2613/2613 2614/2614 2615/2615
f 2616/2616 2613/2613 2615/2615
f 2617/2617 2618/2618 2619/2619
f 2620/2620 2617/2617 2619/2619
f 2621/2621 2622/2622 2623/2623
f 2624/2624 2621/2621 2623/2623
f 2625/2625 2626/2626 2627/2627
f 2628/2628 2625/2625 2627/2627
f 2629/2629 2630/2630 2631/2631
f 2632/2632 2629/2629 2631/2631
f 2633/2633 2634/2634 2635/2635
f 2636/2636 2633/2633 2635/2635
f 2637/2637 2638/2638 2639/2639
f 2640/2640 2637/2637 2639/2639
f 2641/2641 2642/2642 2643/2643
f 2644/2644 2641/2641 2643/2643
f 2645/2645 2646/2646 2647/2647
f 2648/2648 2645/2645 2647/2647
f 2649/2649 2650/2650 2651/2651
f 2652/2652 2649/2649 2651/2651
f 2653/2653 2654/2654 2655/2655
f 2656/2656 2653/2653 2655/2655
f 2657/2657 2658/2658 2659/2659
f 2660/2660 2657/2657 2659/2659
f 2661/2661 2662/2662 2663/2663
f 2664/2664 2661/2661 2663/2663
f 2665/2665 2666/2666 2667/2667
f 2668/2668 2665/2665 2667/2667
f 2669/2669 2670/2670 2671/2671
f 2672/2672 2669/2669 2671/2671
f 2673/2673 2674/2674 2675/2675
f 2676/2676 2673/2673 2675/2675
f 2677/2677 2678/2678 2679/2679
f 2680/2680 2677/2677 2679/2679
f 2681/2681 2682/2682 2683/2683
f 2684/2684 2681/2681 2683/2683
f 2685/2685 2686/2686 2687/2687
f 2688/2688 2685/2685 2687/2687
f 2689/2689 2690/2690 2691/2691
f 2692/2692 2689/2689 2691/2691
f 2693/2693 2694/2694 2695/2695
f 2696/2696 2693/2693 2695/2695
f 2697/2697 2698/2698 2699/2699
f 2700/2700 2697/2697 2699/2699
f 2701/2701 2702/2702 2703/2703
f 2704/2704 2701/2701 2703/2703
f 2705/2705 2706/2706 2707/2707
f 2708/2708 2705/2705 2707/2707
f 2709/2709 2710/2710 2711/2711
f 2712/2712 2709/2709 2711/2711
f 2713/2713 2714/2714 2715/2715
f 2716/2716 2713/2713 2715/2715
f 2717/2717 2718/2718 2719/2719
f 2720/2720 2717/2717 2719/2719
f 2721/2721 2722/2722 2723/2723
f 2724/2724 2721/2721 2723/2723
f 2725/2725 2726/2726 2727/2727
f 2728/2728 2725/2725 2727/2727
f 2729/2729 2730/2730 2731/2731
f 2732/2732 2729/2729 2731/2731
f 2733/2733 2734/2734 2735/2735
f 2736/2736 2733/2733 2735/2735
f 2737/2737 2738/2738 2739/2739
f 2740/2740 2737/2737 2739/2739
f 2741/2741 2742/2742 2743/2743
f 2744/2744 2741/2741 2743/2743
f 2745/2745 2746/2746 2747/2747
f 2748/2748 2745/2745 2747/2747
f 2749/2749 2750/2750 2751/2751
f 2752/2752 2749/2749 2751/2751
f 2753/2753 2754/2754 2755/2755
f 2756/2756 2753/2753 2755/2755
f 2757/2757 2758/2758 2759/2759
f 2760/2760 2757/2757 2759/2759
f 2761/2761 2762/2762 2763/2763
f 2764/2764 2761/2761 2763/2763
f 2765/2765 2766/2766 2767/2767
f 2768/2768 2765/2765 2767/2767
f 2769/2769 2770/2770 2771/2771
f 2772/2772 2769/2769 2771/2771
f 2773/2773 2774/2774 2775/2775
f 2776/2776 2773/2773 2775/2775
f 2777/2777 2778/2778 2779/2779
f 2780/2780 2777/2777 2779/2779
f 2781/2781 2782/2782 2783/2783
f 2784/2784 2781/2781 2783/2783
f 2785/2785 2786/2786 2787/2787
f 2788/2788 2785/2785 2787/2787
f 2789/2789 2790/2790 2791/2791
f 2792/2792 2789/2789 2791/2791
f 2793/2793 2794/2794 2795/2795
f 2796/2796 2793/2793 2795/2795
f 2797/2797 2798/2798 2799/2799
f 2800/2800 2797/2797 2799/2799
f 2801/2801 2802/2802 2803/2803
f 2804/2804 2801/2801 2803/2803
f 2805/2805 2806/2806 2807/2807
f 2808/2808 2805/2805 2807/2807
f 2809/2809 2810/2810 2811/2811
f 2812/2812 2809/2809 2811/2811
f 2813/2813 2814/2814 2815/2815
f 2816/2816 2813/2813 2815/2815
f 2817/2817 2818/2818 2819/2819
f 2820/2820 2817/2817 2819/2819
f 2821/2821 2822/2822 2823/2823
f 2824/2824 2821/2821 2823/2823
f 2825/2825 2826/2826 2827/2827
f 2828/2828 2825/2825 2827/2827
f 2829/2829 2830/2830 2831/2831
f 2832/2832 2829/2829 2831/2831
f 2833/2833 2834/2834 2835/2835
f 2836/2836 2833/2833 2835/2835
f 2837/2837 2838/2838 2839/2839
f 2840/2840 2837/2837 2839/2839
f 2841/2841 2842/2842 2843/2843
f 2844/2844 2841/2841 2843/2843
f 2845/2845 2846/2846 2847/2847
f 2848/2848 2845/2845 2847/2847
f 2849/2849 2850/2850 2851/2851
f 2852/2852 2849/2849 2851/2851
f 2853/2853 2854/2854 2855/2855
f 2856/2856 2853/2853 2855/2855
f 2857/2857 2858/2858 2859/2859
f 2860/2860 2857/2857 2859/2859
f 2861/2861 2862/2862 2863/2863
f 2864/2864 2861/2861 2863/2863
f 2865/2865 2866/2866 2867/2867
f 2868/2868 2865/2865 2867/2867
f 2869/2869 2870/2870 2871/2871
f 2872/2872 2869/2869 2871/2871
f 2873/2873 2874/2874 2875/2875
f 2876/2876 2873/2873 2875/2875
f 2877/2877 2878/2878 2879/2879
f 2880/2880 2877/2877 2879/2879
f 2881/2881 2882/2882 2883/2883
f 2884/2884 2881/2881 2883/2883
f 2885/2885 2886/2886 2887/2887
f 2888/2888 2885/2885 2887/2887
f 2889/2889 2890/2890 2891/2891
f 2892/2892 2889/2889 2891/2891
f 2893/2893 2894/2894 2895/2895
f 2896/2896 2893/2893 2895/2895
f 2897/2897 2898/2898 2899/2899
f 2900/2900 2897/2897 2899/2899
f 2901/2901 2902/2902 2903/2903
f 2904/2904 2901/2901 2903/2903
f 2905/2905 2906/2906 2907/2907
f 2908/2908 2905/2905 2907/2907
f 2909/2909 2910/2910 2911/2911
f 2912/2912 2909/2909 2911/2911
f 2913/2913 2914/2914 2915/2915
f 2916/2916 2913/2913 2915/2915
f 2917/2917 2918/2918 2919/2919
f 2920/2920 2917/2917 2919/2919
f 2921/2921 2922/2922 2923/2923
f 2924/2924 2921/2921 2923/2923
f 2925/2925 2926/2926 2927/2927
f 2928/2928 2925/2925 2927/2927
f 2929/2929 2930/2930 2931/2931
f 2932/2932 2929/2929 2931/2931
f 2933/2933 2934/2934 2935/2935
f 2936/2936 2933/2933 2935/2935
f 2937/2937 2938/2938 2939/2939
f 2940/2940 2937/2937 2939/2939
f 2941/2941 2942/2942 2943/2943
f 2944/2944 2941/2941 2943/2943
f 2945/2945 2946/2946 2947/2947
f 2948/2948 2945/2945 2947/2947
f 2949/2949 2950/2950 2951/2951
f 2952/2952 2949/2949 2951/2951
f 2953/2953 2954/2954 2955/2955
f 2956/2956 2953/2953 2955/2955
f 2957/2957 2958/2958 2959/2959
f 2960/2960 2957/2957 2959/2959
f 2961/2961 2962/2962 2963/2963
f 2964/2964 2961/2961 2963/2963
f 2965/2965 2966/2966 2967/2967
f 2968/2968 2965/2965 2967/2967
f 2969/2969 2970/2970 2971/2971
f 2972/2972 2969/2969 2971/2971
f 2973/2973 2974/2974 2975/2975
f 2976/2976 2973/2973 2975/2975
f 2977/2977 2978/2978 2979/2979
f 2980/2980 2977/2977 2979/2979
f 2981/2981 2982/2982 2983/2983
f 2984/2984 2981/2981 2983/2983
f 2985/2985 2986/2986 2987/2987
f 2988/2988 2985/2985 2987/2987
f 2989/2989 2990/2990 2991/2991
f 2992/2992 2989/2989 2991/2991
f 2993/2993 2994/2994 2995/2995
f 2996/2996 2993/2993 2995/2995
f 2997/2997 2998/2998 2999/2999
f 3000/3000 2997/2997 2999/2999
f 3001/3001 3002/3002 3003/3003
f 3004/3004 3001/3001 3003/3003
f 3005/3005 3006/3006 3007/3007
f 3008/3008 3005/3005 3007/3007
f 3009/3009 3010/3010 3011/3011
f 3012/3012 3009/3009 3011/3011
f 3013/3013 3014/3014 3015/3015
f 3016/3016 3013/3013 3015/3015
f 3017/3017 3018/3018 3019/3019
f 3020/3020 3017/3017 3019/3019
f 3021/3021 3022/3022 3023/3023
f 3024/3024 3021/3021 3023/3023
f 3025/3025 3026/3026 3027/3027
f 3028/3028 3025/3025 3027/3027
f 3029/3029 3030/3030 3031/3031
f 3032/3032 3029/3029 3031/3031
f 3033/3033 3034/3034 3035/3035
f 3036/3036 3033/3033 3035/3035
f 3037/3037 3038/3038 3039/3039
f 3040/3040 3037/3037 3039/3039
f 3041/3041 3042/3042 3043/3043
f 3044/3044 3041/3041 3043/3043
f 3045/3045 3046/3046 3047/3047
f 3048/3048 3045/3045 3047/3047
f 3049/3049 3050/3050 3051/3051
f 3052/3052 3049/3049 3051/3051
f 3053/3053 3054/3054 3055/3055
f 3056/3056 3053/3053 3055/3055
f 3057/3057 3058/3058 3059/3059
f 3060/3060 3057/3057 3059/3059
f 3061/3061 3062/3062 3063/3063
f 3064/3064 3061/3061 3063/3063
f 3065/3065 3066/3066 3067/3067
f 3068/3068 3065/3065 3067/3067
f 3069/3069 3070/3070 3071/3071
f 3072/3072 3069/3069 3071/3071
f 3073/3073 3074/3074 3075/3075
f 3076/3076 3073/3073 3075/3075
f 3077/3077 3078/3078 3079/3079
f 3080/3080 3077/3077 3079/3079
f 3081/3081 3082/3082 3083/3083
f 3084/3084 3081/3081 3083/3083
f 3085/3085 3086/3086 3087/3087
f 3088/3088 3085/3085 3087/3087
f 3089/3089 3090/3090 3091/3091
f 3092/3092 3089/3089 3091/3091
f 3093/3093 3094/3094 3095/3095
f 3096/3096 3093/3093 3095/3095
f 3097/3097 3098/3098 3099/3099
f 3100/3100 3097/3097 3099/3099
f 3101/3101 3102/3102 3103/3103
f 3104/3104 3101/3101 3103/3103
f 3105/3105 3106/3106 3107/3107
f 3108/3108 3105/3105 3107/3107
f 3109/3109 3110/3110 3111/3111
f 3112/3112 3109/3109 3111/3111
f 3113/3113 3114/3114 3115/3115
f 3116/3116 3113/3113 3115/3115
f 3117/3117 3118/3118 3119/3119
f 3120/3120 3117/3117 3119/3119
f 3121/3121 3122/3122 3123/3123
f 3124/3124 3121/3121 3123/3123
f 3125/3125 3126/3126 3127/3127
f 3128/3128 3125/3125 3127/3127
f 3129/3129 3130/3130 3131/3131
f 3132/3132 3129/3129 3131/3131
f 3133/3133 3134/3134 3135/3135
f 3136/3136 3133/3133 3135/3135
f 3137/3137 3138/3138 3139/3139
f 3140/3140 3137/3137 3139/3139
f 3141/3141 3142/3142 3143/3143
f 3144/3144 3141/3141 3143/3143
f 3145/3145 3146/3146 3147/3147
f 3148/3148 3145/3145 3147/3147
f 3149/3149 3150/3150 3151/3151
f 3152/3152 3149/3149 3151/3151
f 3153/3153 3154/3154 3155/3155
f 3156/3156 3153/3153 3155/3155
f 3157/3157 3158/3158 3159/3159
f 3160/3160 3157/3157 3159/3159
f 3161/3161 3162/3162 3163/3163
f 3164/3164 3161/3161 3163/3163
f 3165/3165 3166/3166 3167/3167
f 3168/3168 3165/3165 3167/3167
f 3169/3169 3170/3170 3171/3171
f 3172/3172 3169/3169 3171/3171
f 3173/3173 3174/3174 3175/3175
f 3176/3176 3173/3173 3175/3175
f 3177/3177 3178/3178 3179/3179
f 3180/3180 3177/3177 3179/3179
f 3181/3181 3182/3182 3183/3183
f 3184/3184 3181/3181 3183/3183
f 3185/3185 3186/3186 3187/3187
f 3188/3188 3185/3185 3187/3187
f 3189/3189 3190/3190 3191/3191
f 3192/3192 3189/3189 3191/3191
f 3193/3193 3194/3194 3195/3195
f 3196/3196 3193/3193 3195/3195
f 3197/3197 3198/3198 3199/3199
f 3200/3200 3197/3197 3199/3199
f 3201/3201 3202/3202 3203/3203
f 3204/3204 3201/3201 3203/3203
f 3205/3205 3206/3206 3207/3207
f 3208/3208 3205/3205 3207/3207
f 3209/3209 3210/3210 3211/3211
f 3212/3212 3209/3209 3211/3211
f 3213/3213 3214/3214 3215/3215
f 3216/3216 3213/3213 3215/3215
f 3217/3217 3218/3218 3219/3219
f 3220/3220 3217/3217 3219/3219
f 3221/3221 3222/3222 3223/3223
f 3224/3224 3221/3221 3223/3223
f 3225/3225 3226/3226 3227/3227
f 3228/3228 3225/3225 3227/3227
f 3229/3229 3230/3230 3231/3231
f 3232/3232 3229/3229 3231/3231
f 3233/3233 3234/3234 3235/3235
f 3236/3236 3233/3233 3235/3235
f 3237/3237 3238/3238 3239/3239
f 3240/3240 3237/3237 3239/3239
f 3241/3241 3242/3242 3243/3243
f 3244/3244 3241/3241 3243/3243
f 3245/3245 3246/3246 3247/3247
f 3248/3248 3245/3245 3247/3247
f 3249/3249 3250/3250 3251/3251
f 3252/3252 3249/3249 3251/3251
f 3253/3253 3254/3254 3255/3255
f 3256/3256 3253/3253 3255/3255
f 3257/3257 3258/3258 3259/3259
f 3260/3260 3257/3257 3259/3259
f 3261/3261 3262/3262 3263/3263
f 3264/3264 3261/3261 3263/3263
f 3265/3265 3266/3266 3267/3267
f 3268/3268 3265/3265 3267/3267
f 3269/3269 3270/3270 3271/3271
f 3272/3272 3269/3269 3271/3271
f 3273/3273 3274/3274 3275/3275
f 3276/3276 3273/3273 3275/3275
f 3277/3277 3278/3278 3279/3279
f 3280/3280 3277/3277 3279/3279
f 3281/3281 3282/3282 3283/3283
f 3284/3284 3281/3281 3283/3283
f 3285/3285 3286/3286 3287/3287
f 3288/3288 3285/3285 3287/3287
f 3289/3289 3290/3290 3291/3291
f 3292/3292 3289/3289 3291/3291
f 3293/3293 3294/3294 3295/3295
f 3296/3296 3293/3293 3295/3295
f 3297/3297 3298/3298 3299/3299
f 3300/3300 3297/3297 3299/3299
f 3301/3301 3302/3302 3303/3303
f 3304/3304 3301/3301 3303/3303
f 3305/3305 3306/3306 3307/3307
f 3308/3308 3305/3305 3307/3307
f 3309/3309 3310/3310 3311/3311
f 3312/3312 3309/3309 3311/3311
f 3313/3313 3314/3314 3315/3315
f 3316/3316 3313/3313 3315/3315
f 3317/3317 3318/3318 3319/3319
f 3320/3320 3317/3317 3319/3319
f 3321/3321 3322/3322 3323/3323
f 3324/3324 3321/3321 3323/3323
f 3325/3325 3326/3326 3327/3327
f 3328/3328 3325/3325 3327/3327
f 3329/3329 3330/3330 3331/3331
f 3332/3332 3329/3329 3331/3331
f 3333/3333 3334/3334 3335/3335
f 3336/3336 3333/3333 3335/3335
f 3337/3337 3338/3338 3339/3339
f 3340/3340 3337/3337 3339/3339
f 3341/3341 3342/3342 3343/3343
f 3344/3344 3341/3341 3343/3343
f 3345/3345 3346/3346 3347/3347
f 3348/3348 3345/3345 3347/3347
f 3349/3349 3350/3350 3351/3351
f 3352/3352 3349/3349 3351/3351
f 3353/3353 3354/3354 3355/3355
f 3356/3356 3353/3353 3355/3355
f 3357/3357 3358/3358 3359/3359
f 3360/3360 3357/3357 3359/3359
f 3361/3361 3362/3362 3363/3363
f 3364/3364 3361/3361 3363/3363
f 3365/3365 3366/3366 3367/3367
f 3368/3368 3365/3365 3367/3367
f 3369/3369 3370/3370 3371/3371
f 3372/3372 3369/3369 3371/3371
f 3373/3373 3374/3374 3375/3375
f 3376/3376 3373/3373 3375/3375
f 3377/3377 3378/3378 3379/3379
f 3380/3380 3377/3377 3379/3379
f 3381/3381 3382/3382 3383/3383
f 3384/3384 3381/3381 3383/3383
f 3385/3385 3386/3386 3387/3387
f 3388/3388 3385/3385 3387/3387
f 3389/3389 3390/3390 3391/3391
f 3392/3392 3389/3389 3391/3391
f 3393/3393 3394/3394 3395/3395
f 3396/3396 3393/3393 3395/3395
f 3397/3397 3398/3398 3399/3399
f 3400/3400 3397/3397 3399/3399
f 3401/3401 3402/3402 3403/3403
f 3404/3404 3401/3401 3403/3403
f 3405/3405 3406/3406 3407/3407
f 3408/3408 3405/3405 3407/3407
f 3409/3409 3410/3410 3411/3411
f 3412/3412 3409/3409 3411/3411
f 3413/3413 3414/3414 3415/3415
f 3416/3416 3413/3413 3415/3415
f 3417/3417 3418/3418 3419/3419
f 3420/3420 3417/3417 3419/3419
f 3421/3421 3422/3422 3423/3423
f 3424/3424 3421/3421 3423/3423
f 3425/3425 3426/3426 3427/3427
f 3428/3428 3425/3425 3427/3427
f 3429/3429 3430/3430 3431/3431
f 3432/3432 3429/3429 3431/3431
f 3433/3433 3434/3434 3435/3435
f 3436/3436 3433/3433 3435/3435
f 3437/3437 3438/3438 3439/3439
f 3440/3440 3437/3437 3439/3439
f 3441/3441 3442/3442 3443/3443
f 3444/3444 3441/3441 3443/3443
f 3445/3445 3446/3446 3447/3447
f 3448/3448 3445/3445 3447/3447
f 3449/3449 3450/3450 3451/3451
f 3452/3452 3449/3449 3451/3451
f 3453/3453 3454/3454 3455/3455
f 3456/3456 3453/3453 3455/3455
f 3457/3457 3458/3458 3459/3459
f 3460/3460 3457/3457 3459/3459
f 3461/3461 3462/3462 3463/3463
f 3464/3464 3461/3461 3463/3463
f 3465/3465 3466/3466 3467/3467
f 3468/3468 3465/3465 3467/3467
f 3469/3469 3470/3470 3471/3471
f 3472/3472 3469/3469 3471/3471
f 3473/3473 3474/3474 3475/3475
f 3476/3476 3473/3473 3475/3475
f 3477/3477 3478/3478 3479/3479
f 3480/3480 3477/3477 3479/3479
f 3481/3481 3482/3482 3483/3483
f 3484/3484 3481/3481 3483/3483
f 3485/3485 3486/3486 3487/3487
f 3488/3488 3485/3485 3487/3487
f 3489/3489 3490/3490 3491/3491
f 3492/3492 3489/3489 3491/3491
f 3493/3493 3494/3494 3495/3495
f 3496/3496 3493/3493 3495/3495
f 3497/3497 3498/3498 3499/3499
f 3500/3500 3497/3497 3499/3499
f 3501/3501 3502/3502 3503/3503
f 3504/3504 3501/3501 3503/3503
f 3505/3505 3506/3506 3507/3507
f 3508/3508 3505/3505 3507/3507
f 3509/3509 3510/3510 3511/3511
f 3512/3512 3509/3509 3511/3511
f 3513/3513 3514/3514 3515/3515
f 3516/3516 3513/3513 3515/3515
f 3517/3517 3518/3518 3519/3519
f 3520/3520 3517/3517 3519/3519
f 3521/3521 3522/3522 3523/3523
f 3524/3524 3521/3521 3523/3523
f 3525/3525 3526/3526 3527/3527
f 3528/3528 3525/3525 3527/3527
f 3529/3529 3530/3530 3531/3531
f 3532/3532 3529/3529 3531/3531
f 3533/3533 3534/3534 3535/3535
f 3536/3536 3533/3533 3535/3535
f 3537/3537 3538/3538 3539/3539
f 3540/3540 3537/3537 3539/3539
f 3541/3541 3542/3542 3543/3543
f 3544/3544 3541/3541 3543/3543
f 3545/3545 3546/3546 3547/3547
f 3548/3548 3545/3545 3547/3547
f 3549/3549 3550/3550 3551/3551
f 3552/3552 3549/3549 3551/3551
f 3553/3553 3554/3554 3555/3555
f 3556/3556 3553/3553 3555/3555
f 3557/3557 3558/3558 3559/3559
f 3560/3560 3557/3557 3559/3559
f 3561/3561 3562/3562 3563/3563
f 3564/3564 3561/3561 3563/3563
f 3565/3565 3566/3566 3567/3567
f 3568/3568 3565/3565 3567/3567
f 3569/3569 3570/3570 3571/3571
f 3572/3572 3569/3569 3571/3571
f 3573/3573 3574/3574 3575/3575
f 3576/3576 3573/3573 3575/3575
f 3577/3577 3578/3578 3579/3579
f 3580/3580 3577/3577 3579/3579
f 3581/3581 3582/3582 3583/3583
f 3584/3584 3581/3581 3583/3583
f 3585/3585 3586/3586 3587/3587
f 3588/3588 3585/3585 3587/3587
f 3589/3589 3590/3590 3591/3591
f 3592/3592 3589/3589 3591/3591
f 3593/3593 3594/3594 3595/3595
f 3596/3596 3593/3593 3595/3595
f 3597/3597 3598/3598 3599/3599
f 3600/3600 3597/3597 3599/3599
f 3601/3601 3602/3602 3603/3603
f 3604/3604 3601/3601 3603/3603
f 3605/3605 3606/3606 3607/3607
f 3608/3608 3605/3605 3607/3607
f 3609/3609 3610/3610 3611/3611
f 3612/3612 3609/3609 3611/3611
f 3613/3613 3614/3614 3615/3615
f 3616/3616 3613/3613 3615/3615
f 3617/3617 3618/3618 3619/3619
f 3620/3620 3617/3617 3619/3619
f 3621/3621 3622/3622 3623/3623
f 3624/3624 3621/3621 3623/3623
f 3625/3625 3626/3626 3627/3627
f 3628/3628 3625/3625 3627/3627
f 3629/3629 3630/3630 3631/3631
f 3632/3632 3629/3629 3631/3631
f 3633/3633 3634/3634 3635/3635
f 3636/3636 3633/3633 3635/3635
f 3637/3637 3638/3638 3639/3639
f 3640/3640 3637/3637 3639/3639
f 3641/3641 3642/3642 3643/3643
f 3644/3644 3641/3641 3643/3643
f 3645/3645 3646/3646 3647/3647
f 3648/3648 3645/3645 3647/3647
f 3649/3649 3650/3650 3651/3651
f 3652/3652 3649/3649 3651/3651
f 3653/3653 3654/3654 3655/3655
f 3656/3656 3653/3653 3655/3655
f 3657/3657 3658/3658 3659/3659
f 3660/3660 3657/3657 3659/3659
f 3661/3661 3662/3662 3663/3663
f 3664/3664 3661/3661 3663/3663
f 3665/3665 3666/3666 3667/3667
f 3668/3668 3665/3665 3667/3667
f 3669/3669 3670/3670 3671/3671
f 3672/3672 3669/3669 3671/3671
f 3673/3673 3674/3674 3675/3675
f 3676/3676 3673/3673 3675/3675
f 3677/3677 3678/3678 3679/3679
f 3680/3680 3677/3677 3679/3679
f 3681/3681 3682/3682 3683/3683
f 3684/3684 3681/3681 3683/3683
f 3685/3685 3686/3686 3687/3687
f 3688/3688 3685/3685 3687/3687
f 3689/3689 3690/3690 3691/3691
f 3692/3692 3689/3689 3691/3691
f 3693/3693 3694/3694 3695/3695
f 3696/3696 3693/3693 3695/3695
f 3697/3697 3698/3698 3699/3699
f 3700/3700 3697/3697 3699/3699
f 3701/3701 3702/3702 3703/3703
f 3704/3704 3701/3701 3703/3703
f 3705/3705 3706/3706 3707/3707
f 3708/3708 3705/3705 3707/3707
f 3709/3709 3710/3710 3711/3711
f 3712/3712 3709/3709 3711/3711
f 3713/3713 3714/3714 3715/3715
f 3716/3716 3713/3713 3715/3715
f 3717/3717 3718/3718 3719/3719
f 3720/3720 3717/3717 3719/3719
f 3721/3721 3722/3722 3723/3723
f 3724/3724 3721/3721 3723/3723
f 3725/3725 3726/3726 3727/3727
f 3728/3728 3725/3725 3727/3727
f 3729/3729 3730/3730 3731/3731
f 3732/3732 3729/3729 3731/3731
f 3733/3733 3734/3734 3735/3735
f 3736/3736 3733/3733 3735/3735
f 3737/3737 3738/3738 3739/3739
f 3740/3740 3737/3737 3739/3739
f 3741/3741 3742/3742 3743/3743
f 3744/3744 3741/3741 3743/3743
f 3745/3745 3746/3746 3747/3747
f 3748/3748 3745/3745 3747/3747
f 3749/3749 3750/3750 3751/3751
f 3752/3752 3749/3749 3751/3751
f 3753/3753 3754/3754 3755/3755
f 3756/3756 3753/3753 3755/3755
f 3757/3757 3758/3758 3759/3759
f 3760/3760 3757/3757 3759/3759
f 3761/3761 3762/3762 3763/3763
f 3764/3764 3761/3761 3763/3763
f 3765/3765 3766/3766 3767/3767
f 3768/3768 3765/3765 3767/3767
f 3769/3769 3770/3770 3771/3771
f 3772/3772 3769/3769 3771/3771
f 3773/3773 3774/3774 3775/3775
f 3776/3776 3773/3773 3775/3775
f 3777/3777 3778/3778 3779/3779
f 3780/3780 3777/3777 3779/3779
f 3781/3781 3782/3782 3783/3783
f 3784/3784 3781/3781 3783/3783
f 3785/3785 3786/3786 3787/3787
f 3788/3788 3785/3785 3787/3787
f 3789/3789 3790/3790 3791/3791
f 3792/3792 3789/3789 3791/3791
f 3793/3793 3794/3794 3795/3795
f 3796/3796 3793/3793 3795/3795
f 3797/3797 3798/3798 3799/3799
f 3800/3800 3797/3797 3799/3799
f 3801/3801 3802/3802 3803/3803
f 3804/3804 3801/3801 3803/3803
f 3805/3805 3806/3806 3807/3807
f 3808/3808 3805/3805 3807/3807
f 3809/3809 3810/3810 3811/3811
f 3812/3812 3809/3809 3811/3811
f 3813/3813 3814/3814 3815/3815
f 3816/3816 3813/3813 3815/3815
f 3817/3817 3818/3818 3819/3819
f 3820/3820 3817/3817 3819/3819
f 3821/3821 3822/3822 3823/3823
f 3824/3824 3821/3821 3823/3823
f 3825/3825 3826/3826 3827/3827
f 3828/3828 3825/3825 3827/3827
f 3829/3829 3830/3830 3831/3831
f 3832/3832 3829/3829 3831/3831
f 3833/3833 3834/3834 3835/3835
f 3836/3836 3833/3833 3835/3835
f 3837/3837 3838/3838 3839/3839
f 3840/3840 3837/3837 3839/3839
f 3841/3841 3842/3842 3843/3843
f 3844/3844 3841/3841 3843/3843
f 3845/3845 3846/3846 3847/3847
f 3848/3848 3845/3845 3847/3847
f 3849/3849 3850/3850 3851/3851
f 3852/3852 3849/3849 3851/3851
f 3853/3853 3854/3854 3855/3855
f 3856/3856 3853/3853 3855/3855
f 3857/3857 3858/3858 3859/3859
f 3860/3860 3857/3857 3859/3859
f 3861/3861 3862/3862 3863/3863
f 3864/3864 3861/3861 3863/3863
f 3865/3865 3866/3866 3867/3867
f 3868/3868 3865/3865 3867/3867
f 3869/3869 3870/3870 3871/3871
f 3872/3872 3869/3869 3871/3871
f 3873/3873 3874/3874 3875/3875
f 3876/3876 3873/3873 3875/3875
f 3877/3877 3878/3878 3879/3879
f 3880/3880 3877/3877 3879/3879
f 3881/3881 3882/3882 3883/3883
f 3884/3884 3881/3881 3883/3883
f 3885/3885 3886/3886 3887/3887
f 3888/3888 3885/3885 3887/3887
f 3889/3889 3890/3890 3891/3891
f 3892/3892 3889/3889 3891/3891
f 3893/3893 3894/3894 3895/3895
f 3896/3896 3893/3893 3895/3895
f 3897/3897 3898/3898 3899/3899
f 3900/3900 3897/3897 3899/3899
f 3901/3901 3902/3902 3903/3903
f 3904/3904 3901/3901 3903/3903
f 3905/3905 3906/3906 3907/3907
f 3908/3908 3905/3905 3907/3907
f 3909/3909 3910/3910 3911/3911
f 3912/3912 3909/3909 3911/3911
f 3913/3913 3914/3914 3915/3915
f 3916/3916 3913/3913 3915/3915
f 3917/3917 3918/3918 3919/3919
f 3920/3920 3917/3917 3919/3919
f 3921/3921 3922/3922 3923/3923
f 3924/3924 3921/3921 3923/3923
f 3925/3925 3926/3926 3927/3927
f 3928/3928 3925/3925 3927/3927
f 3929/3929 3930/3930 3931/3931
f 3932/3932 3929/3929 3931/3931
f 3933/3933 3934/3934 3935/3935
f 3936/3936 3933/3933 3935/3935
f 3937/3937 3938/3938 3939/3939
f 3940/3940 3937/3937 3939/3939
f 3941/3941 3942/3942 3943/3943
f 3944/3944 3941/3941 3943/3943
f 3945/3945 3946/3946 3947/3947
f 3948/3948 3945/3945 3947/3947
f 3949/3949 3950/3950 3951/3951
f 3952/3952 3949/3949 3951/3951
f 3953/3953 3954/3954 3955/3955
f 3956/3956 3953/3953 3955/3955
f 3957/3957 3958/3958 3959/3959
f 3960/3960 3957/3957 3959/3959
f 3961/3961 3962/3962 3963/3963
f 3964/3964 3961/3961 3963/3963
f 3965/3965 3966/3966 3967/3967
f 3968/3968 3965/3965 3967/3967
f 3969/3969 3970/3970 3971/3971
f 3972/3972 3969/3969 3971/3971
f 3973/3973 3974/3974 3975/3975
f 3976/3976 3973/3973 3975/3975
f 3977/3977 3978/3978 3979/3979
f 3980/3980 3977/3977 3979/3979
f 3981/3981 3982/3982 3983/3983
f 3984/3984 3981/3981 3983/3983
f 3985/3985 3986/3986 3987/3987
f 3988/3988 3985/3985 3987/3987
f 3989/3989 3990/3990 3991/3991
f 3992/3992 3989/3989 3991/3991
f 3993/3993 3994/3994 3995/3995
f 3996/3996 3993/3993 3995/3995
f 3997/3997 3998/3998 3999/3999
f 4000/4000 3997/3997 3999/3999
f 4001/4001 4002/4002 4003/4003
f 4004/4004 4001/4001 4003/4003
f 4005/4005 4006/4006 4007/4007
f 4008/4008 4005/4005 4007/4007
f 4009/4009 4010/4010 4011/4011
f 4012/4012 4009/4009 4011/4011
f 4013/4013 4014/4014 4015/4015
f 4016/4016 4013/4013 4015/4015
f 4017/4017 4018/4018 4019/4019
f 4020/4020 4017/4017 4019/4019
f 4021/4021 4022/4022 4023/4023
f 4024/4024 4021/4021 4023/4023
f 4025/4025 4026/4026 4027/4027
f 4028/4028 4025/4025 4027/4027
f 4029/4029 4030/4030 4031/4031
f 4032/4032 4029/4029 4031/4031
f 4033/4033 4034/4034 4035/4035
f 4036/4036 4033/4033 4035/4035
f 4037/4037 4038/4038 4039/4039
f 4040/4040 4037/4037 4039/4039
f 4041/4041 4042/4042 4043/4043
f 4044/4044 4041/4041 4043/4043
f 4045/4045 4046/4046 4047/4047
f 4048/4048 4045/4045 4047/4047
f 4049/4049 4050/4050 4051/4051
f 4052/4052 4049/4049 4051/4051
f 4053/4053 4054/4054 4055/4055
f 4056/4056 4053/4053 4055/4055
f 4057/4057 4058/4058 4059/4059
f 4060/4060 4057/4057 4059/4059
f 4061/4061 4062/4062 4063/4063
f 4064/4064 4061/4061 4063/4063
f 4065/4065 4066/4066 4067/4067
f 4068/4068 4065/4065 4067/4067
f 4069/4069 4070/4070 4071/4071
f 4072/4072 4069/4069 4071/4071
f 4073/4073 4074/4074 4075/4075
f 4076/4076 4073/4073 4075/4075
f 4077/4077 4078/4078 4079/4079
f 4080/4080 4077/4077 4079/4079
f 4081/4081 4082/4082 4083/4083
f 4084/4084 4081/4081 4083/4083
f 4085/4085 4086/4086 4087/4087
f 4088/4088 4085/4085 4087/4087
f 4089/4089 4090/4090 4091/4091
f 4092/4092 4089/4089 4091/4091
f 4093/4093 4094/4094 4095/4095
f 4096/4096 4093/4093 4095/4095
f 4097/4097 4098/4098 4099/4099
f 4100/4100 4097/4097 4099/4099
f 4101/4101 4102/4102 4103/4103
f 4104/4104 4101/4101 4103/4103
f 4105/4105 4106/4106 4107/4107
f 4108/4108 4105/4105 4107/4107
f 4109/4109 4110/4110 4111/4111
f 4112/4112 4109/4109 4111/4111
f 4113/4113 4114/4114 4115/4115
f 4116/4116 4113/4113 4115/4115
f 4117/4117 4118/4118 4119/4119
f 4120/4120 4117/4117 4119/4119
f 4121/4121 4122/4122 4123/4123
f 4124/4124 4121/4121 4123/4123
f 4125/4125 4126/4126 4127/4127
f 4128/4128 4125/4125 4127/4127
f 4129/4129 4130/4130 4131/4131
f 4132/4132 4129/4129 4131/4131
f 4133/4133 4134/4134 4135/4135
f 4136/4136 4133/4133 4135/4135
f 4137/4137 4138/4138 4139/4139
f 4140/4140 4137/4137 4139/4139
f 4141/4141 4142/4142 4143/4143
f 4144/4144 4141/4141 4143/4143
f 4145/4145 4146/4146 4147/4147
f 4148/4148 4145/4145 4147/4147
f 4149/4149 4150/4150 4151/4151
f 4152/4152 4149/4149 4151/4151
f 4153/4153 4154/4154 4155/4155
f 4156/4156 4153/4153 4155/4155
f 4157/4157 4158/4158 4159/4159
f 4160/4160 4157/4157 4159/4159
f 4161/4161 4162/4162 4163/4163
f 4164/4164 4161/4161 4163/4163
f 4165/4165 4166/4166 4167/4167
f 4168/4168 4165/4165 4167/4167
f 4169/4169 4170/4170 4171/4171
f 4172/4172 4169/4169 4171/4171
f 4173/4173 4174/4174 4175/4175
f 4176/4176 4173/4173 4175/4175
f 4177/4177 4178/4178 4179/4179
f 4180/4180 4177/4177 4179/4179
f 4181/4181 4182/4182 4183/4183
f 4184/4184 4181/4181 4183/4183
f 4185/4185 4186/4186 4187/4187
f 4188/4188 4185/4185 4187/4187
f 4189/4189 4190/4190 4191/4191
f 4192/4192 4189/4189 4191/4191
f 4193/4193 4194/4194 4195/4195
f 4196/4196 4193/4193 4195/4195
f 4197/4197 4198/4198 4199/4199
f 4200/4200 4197/4197 4199/4199
f 4201/4201 4202/4202 4203/4203
f 4204/4204 4201/4201 4203/4203
f 4205/4205 4206/4206 4207/4207
f 4208/4208 4205/4205 4207/4207
f 4209/4209 4210/4210 4211/4211
f 4212/4212 4209/4209 4211/4211
f 4213/4213 4214/4214 4215/4215
f 4216/4216 4213/4213 4215/4215
f 4217/4217 4218/4218 4219/4219
f 4220/4220 4217/4217 4219/4219
f 4221/4221 4222/4222 4223/4223
f 4224/4224 4221/4221 4223/4223
f 4225/4225 4226/4226 4227/4227
f 4228/4228 4225/4225 4227/4227
f 4229/4229 4230/4230 4231/4231
f 4232/4232 4229/4229 4231/4231
f 4233/4233 4234/4234 4235/4235
f 4236/4236 4233/4233 4235/4235
f 4237/4237 4238/4238 4239/4239
f 4240/4240 4237/4237 4239/4239
f 4241/4241 4242/4242 4243/4243
f 4244/4244 4241/4241 4243/4243
f 4245/4245 4246/4246 4247/4247
f 4248/4248 4245/4245 4247/4247
f 4249/4249 4250/4250 4251/4251
f 4252/4252 4249/4249 4251/4251
f 4253/4253 4254/4254 4255/4255
f 4256/4256 4253/4253 4255/4255
f 4257/4257 4258/4258 4259/4259
f 4260/4260 4257/4257 4259/4259
f 4261/4261 4262/4262 4263/4263
f 4264/4264 4261/4261 4263/4263
f 4265/4265 4266/4266 4267/4267
f 4268/4268 4265/4265 4267/4267
f 4269/4269 4270/4270 4271/4271
f 4272/4272 4269/4269 4271/4271
f 4273/4273 4274/4274 4275/4275
f 4276/4276 4273/4273 4275/4275
f 4277/4277 4278/4278 4279/4279
f 4280/4280 4277/4277 4279/4279
f 4281/4281 4282/4282 4283/4283
f 4284/4284 4281/4281 4283/4283
f 4285/4285 4286/4286 4287/4287
f 4288/4288 4285/4285 4287/4287
f 4289/4289 4290/4290 4291/4291
f 4292/4292 4289/4289 4291/4291
f 4293/4293 4294/4294 4295/4295
f 4296/4296 4293/4293 4295/4295
f 4297/4297 4298/4298 4299/4299
f 4300/4300 4297/4297 4299/4299
f 4301/4301 4302/4302 4303/4303
f 4304/4304 4301/4301 4303/4303
f 4305/4305 4306/4306 4307/4307
f 4308/4308 4305/4305 4307/4307
f 4309/4309 4310/4310 4311/4311
f 4312/4312 4309/4309 4311/4311
f 4313/4313 4314/4314 4315/4315
f 4316/4316 4313/4313 4315/4315
f 4317/4317 4318/4318 4319/4319
f 4320/4320 4317/4317 4319/4319
f 4321/4321 4322/4322 4323/4323
f 4324/4324 4321/4321 4323/4323
f 4325/4325 4326/4326 4327/4327
f 4328/4328 4325/4325 4327/4327
f 4329/4329 4330/4330 4331/4331
f 4332/4332 4329/4329 4331/4331
f 4333/4333 4334/4334 4335/4335
f 4336/4336 4333/4333 4335/4335
f 4337/4337 4338/4338 4339/4339
f 4340/4340 4337/4337 4339/4339
f 4341/4341 4342/4342 4343/4343
f 4344/4344 4341/4341 4343/4343
f 4345/4345 4346/4346 4347/4347
f 4348/4348 4345/4345 4347/4347
f 4349/4349 4350/4350 4351/4351
f 4352/4352 4349/4349 4351/4351
f 4353/4353 4354/4354 4355/4355
f 4356/4356 4353/4353 4355/4355
f 4357/4357 4358/4358 4359/4359
f 4360/4360 4357/4357 4359/4359
f 4361/4361 4362/4362 4363/4363
f 4364/4364 4361/4361 4363/4363
f 4365/4365 4366/4366 4367/4367
f 4368/4368 4365/4365 4367/4367
f 4369/4369 4370/4370 4371/4371
f 4372/4372 4369/4369 4371/4371
f 4373/4373 4374/4374 4375/4375
f 4376/4376 4373/4373 4375/4375
f 4377/4377 4378/4378 4379/4379
f 4380/4380 4377/4377 4379/4379
f 4381/4381 4382/4382 4383/4383
f 4384/4384 4381/4381 4383/4383
f 4385/4385 4386/4386 4387/4387
f 4388/4388 4385/4385 4387/4387
f 4389/4389 4390/4390 4391/4391
f 4392/4392 4389/4389 4391/4391
f 4393/4393 4394/4394 4395/4395
f 4396/4396 4393/4393 4395/4395
f 4397/4397 4398/4398 4399/4399
f 4400/4400 4397/4397 4399/4399
f 4401/4401 4402/4402 4403/4403
f 4404/4404 4401/4401 4403/4403
f 4405/4405 4406/4406 4407/4407
f 4408/4408 4405/4405 4407/4407
f 4409/4409 4410/4410 4411/4411
f 4412/4412 4409/4409 4411/4411
f 4413/4413 4414/4414 4415/4415
f 4416/4416 4413/4413 4415/4415
f 4417/4417 4418/4418 4419/4419
f 4420/4420 4417/4417 4419/4419
f 4421/4421 4422/4422 4423/4423
f 4424/4424 4421/4421 4423/4423
f 4425/4425 4426/4426 4427/4427
f 4428/4428 4425/4425 4427/4427
f 4429/4429 4430/4430 4431/4431
f 4432/4432 4429/4429 4431/4431
f 4433/4433 4434/4434 4435/4435
f 4436/4436 4433/4433 4435/4435
f 4437/4437 4438/4438 4439/4439
f 4440/4440 4437/4437 4439/4439
f 4441/4441 4442/4442 4443/4443
f 4444/4444 4441/4441 4443/4443
f 4445/4445 4446/4446 4447/4447
f 4448/4448 4445/4445 4447/4447
f 4449/4449 4450/4450 4451/4451
f 4452/4452 4449/4449 4451/4451
f 4453/4453 4454/4454 4455/4455
f 4456/4456 4453/4453 4455/4455
f 4457/4457 4458/4458 4459/4459
f 4460/4460 4457/4457 4459/4459
f 4461/4461 4462/4462 4463/4463
f 4464/4464 4461/4461 4463/4463
f 4465/4465 4466/4466 4467/4467
f 4468/4468 4465/4465 4467/4467
f 4469/4469 4470/4470 4471/4471
f 4472/4472 4469/4469 4471/4471
f 4473/4473 4474/4474 4475/4475
f 4476/4476 4473/4473 4475/4475
f 4477/4477 4478/4478 4479/4479
f 4480/4480 4477/4477 4479/4479
f 4481/4481 4482/4482 4483/4483
f 4484/4484 4481/4481 4483/4483
f 4485/4485 4486/4486 4487/4487
f 4488/4488 4485/4485 4487/4487
f 4489/4489 4490/4490 4491/4491
f 4492/4492 4489/4489 4491/4491
f 4493/4493 4494/4494 4495/4495
f 4496/4496 4493/4493 4495/4495
f 4497/4497 4498/4498 4499/4499
f 4500/4500 4497/4497 4499/4499
f 4501/4501 4502/4502 4503/4503
f 4504/4504 4501/4501 4503/4503
f 4505/4505 4506/4506 4507/4507
f 4508/4508 4505/4505 4507/4507
f 4509/4509 4510/4510 4511/4511
f 4512/4512 4509/4509 4511/4511
f 4513/4513 4514/4514 4515/4515
f 4516/4516 4513/4513 4515/4515
f 4517/4517 4518/4518 4519/4519
f 4520/4520 4517/4517 4519/4519
f 4521/4521 4522/4522 4523/4523
f 4524/4524 4521/4521 4523/4523
f 4525/4525 4526/4526 4527/4527
f 4528/4528 4525/4525 4527/4527
f 4529/4529 4530/4530 4531/4531
f 4532/4532 4529/4529 4531/4531
f 4533/4533 4534/4534 4535/4535
f 4536/4536 4533/4533 4535/4535
f 4537/4537 4538/4538 4539/4539
f 4540/4540 4537/4537 4539/4539
f 4541/4541 4542/4542 4543/4543
f 4544/4544 4541/4541 4543/4543
f 4545/4545 4546/4546 4547/4547
f 4548/4548 4545/4545 4547/4547
f 4549/4549 4550/4550 4551/4551
f 4552/4552 4549/4549 4551/4551
f 4553/4553 4554/4554 4555/4555
f 4556/4556 4553/4553 4555/4555
f 4557/4557 4558/4558 4559/4559
f 4560/4560 4557/4557 4559/4559
f 4561/4561 4562/4562 4563/4563
f 4564/4564 4561/4561 4563/4563
f 4565/4565 4566/4566 4567/4567
f 4568/4568 4565/4565 4567/4567
f 4569/4569 4570/4570 4571/4571
f 4572/4572 4569/4569 4571/4571
f 4573/4573 4574/4574 4575/4575
f 4576/4576 4573/4573 4575/4575
f 4577/4577 4578/4578 4579/4579
f 4580/4580 4577/4577 4579/4579
f 4581/4581 4582/4582 4583/4583
f 4584/4584 4581/4581 4583/4583
f 4585/4585 4586/4586 4587/4587
f 4588/4588 4585/4585 4587/4587
f 4589/4589 4590/4590 4591/4591
f 4592/4592 4589/4589 4591/4591
f 4593/4593 4594/4594 4595/4595
f 4596/4596 4593/4593 4595/4595
f 4597/4597 4598/4598 4599/4599
f 4600/4600 4597/4597 4599/4599
f 4601/4601 4602/4602 4603/4603
f 4604/4604 4601/4601 4603/4603
f 4605/4605 4606/4606 4607/4607
f 4608/4608 4605/4605 4607/4607
f 4609/4609 4610/4610 4611/4611
f 4612/4612 4609/4609 4611/4611
f 4613/4613 4614/4614 4615/4615
f 4616/4616 4613/4613 4615/4615
f 4617/4617 4618/4618 4619/4619
f 4620/4620 4617/4617 4619/4619
f 4621/4621 4622/4622 4623/4623
f 4624/4624 4621/4621 4623/4623
f 4625/4625 4626/4626 4627/4627
f 4628/4628 4625/4625 4627/4627
f 4629/4629 4630/4630 4631/4631
f 4632/4632 4629/4629 4631/4631
f 4633/4633 4634/4634 4635/4635
f 4636/4636 4633/4633 4635/4635
f 4637/4637 4638/4638 4639/4639
f 4640/4640 4637/4637 4639/4639
f 4641/4641 4642/4642 4643/4643
f 4644/4644 4641/4641 4643/4643
f 4645/4645 4646/4646 4647/4647
f 4648/4648 4645/4645 4647/4647
f 4649/4649 4650/4650 4651/4651
f 4652/4652 4649/4649 4651/4651
f 4653/4653 4654/4654 4655/4655
f 4656/4656 4653/4653 4655/4655
f 4657/4657 4658/4658 4659/4659
f 4660/4660 4657/4657 4659/4659
f 4661/4661 4662/4662 4663/4663
f 4664/4664 4661/4661 4663/4663
f 4665/4665 4666/4666 4667/4667
f 4668/4668 4665/4665 4667/4667
f 4669/4669 4670/4670 4671/4671
f 4672/4672 4669/4669 4671/4671
f 4673/4673 4674/4674 4675/4675
f 4676/4676 4673/4673 4675/4675
f 4677/4677 4678/4678 4679/4679
f 4680/4680 4677/4677 4679/4679
f 4681/4681 4682/4682 4683/4683
f 4684/4684 4681/4681 4683/4683
f 4685/4685 4686/4686 4687/4687
f 4688/4688 4685/4685 4687/4687
f 4689/4689 4690/4690 4691/4691
f 4692/4692 4689/4689 4691/4691
f 4693/4693 4694/4694 4695/4695
f 4696/4696 4693/4693 4695/4695
f 4697/4697 4698/4698 4699/4699
f 4700/4700 4697/4697 4699/4699
f 4701/4701 4702/4702 4703/4703
f 4704/4704 4701/4701 4703/4703
f 4705/4705 4706/4706 4707/4707
f 4708/4708 4705/4705 4707/4707
f 4709/4709 4710/4710 4711/4711
f 4712/4712 4709/4709 4711/4711
f 4713/4713 4714/4714 4715/4715
f 4716/4716 4713/4713 4715/4715
f 4717/4717 4718/4718 4719/4719
f 4720/4720 4717/4717 4719/4719
f 4721/4721 4722/4722 4723/4723
f 4724/4724 4721/4721 4723/4723
f 4725/4725 4726/4726 4727/4727
f 4728/4728 4725/4725 4727/4727
f 4729/4729 4730/4730 4731/4731
f 4732/4732 4729/4729 4731/4731
f 4733/4733 4734/4734 4735/4735
f 4736/4736 4733/4733 4735/4735
f 4737/4737 4738/4738 4739/4739
f 4740/4740 4737/4737 4739/4739
f 4741/4741 4742/4742 4743/4743
f 4744/4744 4741/4741 4743/4743
f 4745/4745 4746/4746 4747/4747
f 4748/4748 4745/4745 4747/4747
f 4749/4749 4750/4750 4751/4751
f 4752/4752 4749/4749 4751/4751
f 4753/4753 4754/4754 4755/4755
f 4756/4756 4753/4753 4755/4755
f 4757/4757 4758/4758 4759/4759
f 4760/4760 4757/4757 4759/4759
f 4761/4761 4762/4762 4763/4763
f 4764/4764 4761/4761 4763/4763
f 4765/4765 4766/4766 4767/4767
f 4768/4768 4765/4765 4767/4767
f 4769/4769 4770/4770 4771/4771
f 4772/4772 4769/4769 4771/4771
f 4773/4773 4774/4774 4775/4775
f 4776/4776 4773/4773 4775/4775
f 4777/4777 4778/4778 4779/4779
f 4780/4780 4777/4777 4779/4779
f 4781/4781 4782/4782 4783/4783
f 4784/4784 4781/4781 4783/4783
f 4785/4785 4786/4786 4787/4787
f 4788/4788 4785/4785 4787/4787
f 4789/4789 4790/4790 4791/4791
f 4792/4792 4789/4789 4791/4791
f 4793/4793 4794/4794 4795/4795
f 4796/4796 4793/4793 4795/4795
f 4797/4797 4798/4798 4799/4799
f 4800/4800 4797/4797 4799/4799
f 4801/4801 4802/4802 4803/4803
f 4804/4804 4801/4801 4803/4803
f 4805/4805 4806/4806 4807/4807
f 4808/4808 4805/4805 4807/4807
f 4809/4809 4810/4810 4811/4811
f 4812/4812 4809/4809 4811/4811
f 4813/4813 4814/4814 4815/4815
f 4816/4816 4813/4813 4815/4815
f 4817/4817 4818/4818 4819/4819
f 4820/4820 4817/4817 4819/4819
f 4821/4821 4822/4822 4823/4823
f 4824/4824 4821/4821 4823/4823
f 4825/4825 4826/4826 4827/4827
f 4828/4828 4825/4825 4827/4827
f 4829/4829 4830/4830 4831/4831
f 4832/4832 4829/4829 4831/4831
f 4833/4833 4834/4834 4835/4835
f 4836/4836 4833/4833 4835/4835
f 4837/4837 4838/4838 4839/4839
f 4840/4840 4837/4837 4839/4839
f 4841/4841 4842/4842 4843/4843
f 4844/4844 4841/4841 4843/4843
f 4845/4845 4846/4846 4847/4847
f 4848/4848 4845/4845 4847/4847
f 4849/4849 4850/4850 4851/4851
f 4852/4852 4849/4849 4851/4851
f 4853/4853 4854/4854 4855/4855
f 4856/4856 4853/4853 4855/4855
f 4857/4857 4858/4858 4859/4859
f 4860/4860 4857/4857 4859/4859
f 4861/4861 4862/4862 4863/4863
f 4864/4864 4861/4861 4863/4863
f 4865/4865 4866/4866 4867/4867
f 4868/4868 4865/4865 4867/4867
f 4869/4869 4870/4870 4871/4871
f 4872/4872 4869/4869 4871/4871
f 4873/4873 4874/4874 4875/4875
f 4876/4876 4873/4873 4875/4875
f 4877/4877 4878/4878 4879/4879
f 4880/4880 4877/4877 4879/4879
f 4881/4881 4882/4882 4883/4883
f 4884/4884 4881/4881 4883/4883
f 4885/4885 4886/4886 4887/4887
f 4888/4888 4885/4885 4887/4887
f 4889/4889 4890/4890 4891/4891
f 4892/4892 4889/4889 4891/4891
f 4893/4893 4894/4894 4895/4895
f 4896/4896 4893/4893 4895/4895
f 4897/4897 4898/4898 4899/4899
f 4900/4900 4897/4897 4899/4899
f 4901/4901 4902/4902 4903/4903
f 4904/4904 4901/4901 4903/4903
f 4905/4905 4906/4906 4907/4907
f 4908/4908 4905/4905 4907/4907
f 4909/4909 4910/4910 4911/4911
f 4912/4912 4909/4909 4911/4911
f 4913/4913 4914/4914 4915/4915
f 4916/4916 4913/4913 4915/4915
f 4917/4917 4918/4918 4919/4919
f 4920/4920 4917/4917 4919/4919
f 4921/4921 4922/4922 4923/4923
f 4924/4924 4921/4921 4923/4923
f 4925/4925 4926/4926 4927/4927
f 4928/4928 4925/4925 4927/4927
f 4929/4929 4930/4930 4931/4931
f 4932/4932 4929/4929 4931/4931
f 4933/4933 4934/4934 4935/4935
f 4936/4936 4933/4933 4935/4935
f 4937/4937 4938/4938 4939/4939
f 4940/4940 4937/4937 4939/4939
f 4941/4941 4942/4942 4943/4943
f 4944/4944 4941/4941 4943/4943
f 4945/4945 4946/4946 4947/4947
f 4948/4948 4945/4945 4947/4947
f 4949/4949 4950/4950 4951/4951
f 4952/4952 4949/4949 4951/4951
f 4953/4953 4954/4954 4955/4955
f 4956/4956 4953/4953 4955/4955
f 4957/4957 4958/4958 4959/4959
f 4960/4960 4957/4957 4959/4959
f 4961/4961 4962/4962 4963/4963
f 4964/4964 4961/4961 4963/4963
f 4965/4965 4966/4966 4967/4967
f 4968/4968 4965/4965 4967/4967
f 4969/4969 4970/4970 4971/4971
f 4972/4972 4969/4969 4971/4971
f 4973/4973 4974/4974 4975/4975
f 4976/4976 4973/4973 4975/4975
f 4977/4977 4978/4978 4979/4979
f 4980/4980 4977/4977 4979/4979
f 4981/4981 4982/4982 4983/4983
f 4984/4984 4981/4981 4983/4983
f 4985/4985 4986/4986 4987/4987
f 4988/4988 4985/4985 4987/4987
f 4989/4989 4990/4990 4991/4991
f 4992/4992 4989/4989 4991/4991
f 4993/4993 4994/4994 4995/4995
f 4996/4996 4993/4993 4995/4995
f 4997/4997 4998/4998 4999/4999
f 5000/5000 4997/4997 4999/4999
f 5001/5001 5002/5002 5003/5003
f 5004/5004 5001/5001 5003/5003
f 5005/5005 5006/5006 5007/5007
f 5008/5008 5005/5005 5007/5007
f 5009/5009 5010/5010 5011/5011
f 5012/5012 5009/5009 5011/5011
f 5013/5013 5014/5014 5015/5015
f 5016/5016 5013/5013 5015/5015
f 5017/5017 5018/5018 5019/5019
f 5020/5020 5017/5017 5019/5019
f 5021/5021 5022/5022 5023/5023
f 5024/5024 5021/5021 5023/5023
f 5025/5025 5026/5026 5027/5027
f 5028/5028 5025/5025 5027/5027
f 5029/5029 5030/5030 5031/5031
f 5032/5032 5029/5029 5031/5031
f 5033/5033 5034/5034 5035/5035
f 5036/5036 5033/5033 5035/5035
f 5037/5037 5038/5038 5039/5039
f 5040/5040 5037/5037 5039/5039
f 5041/5041 5042/5042 5043/5043
f 5044/5044 5041/5041 5043/5043
f 5045/5045 5046/5046 5047/5047
f 5048/5048 5045/5045 5047/5047
f 5049/5049 5050/5050 5051/5051
f 5052/5052 5049/5049 5051/5051
f 5053/5053 5054/5054 5055/5055
f 5056/5056 5053/5053 5055/5055
f 5057/5057 5058/5058 5059/5059
f 5060/5060 5057/5057 5059/5059
f 5061/5061 5062/5062 5063/5063
f 5064/5064 5061/5061 5063/5063
f 5065/5065 5066/5066 5067/5067
f 5068/5068 5065/5065 5067/5067
f 5069/5069 5070/5070 5071/5071
f 5072/5072 5069/5069 5071/5071
f 5073/5073 5074/5074 5075/5075
f 5076/5076 5073/5073 5075/5075
f 5077/5077 5078/5078 5079/5079
f 5080/5080 5077/5077 5079/5079
f 5081/5081 5082/5082 5083/5083
f 5084/5084 5081/5081 5083/5083
f 5085/5085 5086/5086 5087/5087
f 5088/5088 5085/5085 5087/5087
f 5089/5089 5090/5090 5091/5091
f 5092/5092 5089/5089 5091/5091
f 5093/5093 5094/5094 5095/5095
f 5096/5096 5093/5093 5095/5095
f 5097/5097 5098/5098 5099/5099
f 5100/5100 5097/5097 5099/5099
f 5101/5101 5102/5102 5103/5103
f 5104/5104 5101/5101 5103/5103
f 5105/5105 5106/5106 5107/5107
f 5108/5108 5105/5105 5107/5107
f 5109/5109 5110/5110 5111/5111
f 5112/5112 5109/5109 5111/5111
f 5113/5113 5114/5114 5115/5115
f 5116/5116 5113/5113 5115/5115
f 5117/5117 5118/5118 5119/5119
f 5120/5120 5117/5117 5119/5119
f 5121/5121 5122/5122 5123/5123
f 5124/5124 5121/5121 5123/5123
f 5125/5125 5126/5126 5127/5127
f 5128/5128 5125/5125 5127/5127
f 5129/5129 5130/5130 5131/5131
f 5132/5132 5129/5129 5131/5131
f 5133/5133 5134/5134 5135/5135
f 5136/5136 5133/5133 5135/5135
f 5137/5137 5138/5138 5139/5139
f 5140/5140 5137/5137 5139/5139
f 5141/5141 5142/5142 5143/5143
f 5144/5144 5141/5141 5143/5143
f 5145/5145 5146/5146 5147/5147
f 5148/5148 5145/5145 5147/5147
f 5149/5149 5150/5150 5151/5151
f 5152/5152 5149/5149 5151/5151
f 5153/5153 5154/5154 5155/5155
f 5156/5156 5153/5153 5155/5155
f 5157/5157 5158/5158 5159/5159
f 5160/5160 5157/5157 5159/5159
f 5161/5161 5162/5162 5163/5163
f 5164/5164 5161/5161 5163/5163
f 5165/5165 5166/5166 5167/5167
f 5168/5168 5165/5165 5167/5167
f 5169/5169 5170/5170 5171/5171
f 5172/5172 5169/5169 5171/5171
f 5173/5173 5174/5174 5175/5175
f 5176/5176 5173/5173 5175/5175
f 5177/5177 5178/5178 5179/5179
f 5180/5180 5177/5177 5179/5179
f 5181/5181 5182/5182 5183/5183
f 5184/5184 5181/5181 5183/5183
f 5185/5185 5186/5186 5187/5187
f 5188/5188 5185/5185 5187/5187
f 5189/5189 5190/5190 5191/5191
f 5192/5192 5189/5189 5191/5191
f 5193/5193 5194/5194 5195/5195
f 5196/5196 5193/5193 5195/5195
f 5197/5197 5198/5198 5199/5199
f 5200/5200 5197/5197 5199/5199
f 5201/5201 5202/5202 5203/5203
f 5204/5204 5201/5201 5203/5203
f 5205/5205 5206/5206 5207/5207
f 5208/5208 5205/5205 5207/5207
f 5209/5209 5210/5210 5211/5211
f 5212/5212 5209/5209 5211/5211
f 5213/5213 5214/5214 5215/5215
f 5216/5216 5213/5213 5215/5215
f 5217/5217 5218/5218 5219/5219
f 5220/5220 5217/5217 5219/5219
f 5221/5221 5222/5222 5223/5223
f 5224/5224 5221/5221 5223/5223
f 5225/5225 5226/5226 5227/5227
f 5228/5228 5225/5225 5227/5227
f 5229/5229 5230/5230 5231/5231
f 5232/5232 5229/5229 5231/5231
f 5233/5233 5234/5234 5235/5235
f 5236/5236 5233/5233 5235/5235
f 5237/5237 5238/5238 5239/5239
f 5240/5240 5237/5237 5239/5239
f 5241/5241 5242/5242 5243/5243
f 5244/5244 5241/5241 5243/5243
f 5245/5245 5246/5246 5247/5247
f 5248/5248 5245/5245 5247/5247
f 5249/5249 5250/5250 5251/5251
f 5252/5252 5249/5249 5251/5251
f 5253/5253 5254/5254 5255/5255
f 5256/5256 5253/5253 5255/5255
f 5257/5257 5258/5258 5259/5259
f 5260/5260 5257/5257 5259/5259
f 5261/5261 5262/5262 5263/5263
f 5264/5264 5261/5261 5263/5263
f 5265/5265 5266/5266 5267/5267
f 5268/5268 5265/5265 5267/5267
f 5269/5269 5270/5270 5271/5271
f 5272/5272 5269/5269 5271/5271
f 5273/5273 5274/5274 5275/5275
f 5276/5276 5273/5273 5275/5275
f 5277/5277 5278/5278 5279/5279
f 5280/5280 5277/5277 5279/5279
f 5281/5281 5282/5282 5283/5283
f 5284/5284 5281/5281 5283/5283
f 5285/5285 5286/5286 5287/5287
f 5288/5288 5285/5285 5287/5287
f 5289/5289 5290/5290 5291/5291
f 5292/5292 5289/5289 5291/5291
f 5293/5293 5294/5294 5295/5295
f 5296/5296 5293/5293 5295/5295
f 5297/5297 5298/5298 5299/5299
f 5300/5300 5297/5297 5299/5299
f 5301/5301 5302/5302 5303/5303
f 5304/5304 5301/5301 5303/5303
f 5305/5305 5306/5306 5307/5307
f 5308/5308 5305/5305 5307/5307
f 5309/5309 5310/5310 5311/5311
f 5312/5312 5309/5309 5311/5311
f 5313/5313 5314/5314 5315/5315
f 5316/5316 5313/5313 5315/5315
f 5317/5317 5318/5318 5319/5319
f 5320/5320 5317/5317 5319/5319
f 5321/5321 5322/5322 5323/5323
f 5324/5324 5321/5321 5323/5323
f 5325/5325 5326/5326 5327/5327
f 5328/5328 5325/5325 5327/5327
f 5329/5329 5330/5330 5331/5331
f 5332/5332 5329/5329 5331/5331
f 5333/5333 5334/5334 5335/5335
f 5336/5336 5333/5333 5335/5335
f 5337/5337 5338/5338 5339/5339
f 5340/5340 5337/5337 5339/5339
f 5341/5341 5342/5342 5343/5343
f 5344/5344 5341/5341 5343/5343
f 5345/5345 5346/5346 5347/5347
f 5348/5348 5345/5345 5347/5347
f 5349/5349 5350/5350 5351/5351
f 5352/5352 5349/5349 5351/5351
f 5353/5353 5354/5354 5355/5355
f 5356/5356 5353/5353 5355/5355
f 5357/5357 5358/5358 5359/5359
f 5360/5360 5357/5357 5359/5359
f 5361/5361 5362/5362 5363/5363
f 5364/5364 5361/5361 5363/5363
f 5365/5365 5366/5366 5367/5367
f 5368/5368 5365/5365 5367/5367
f 5369/5369 5370/5370 5371/5371
f 5372/5372 5369/5369 5371/5371
f 5373/5373 5374/5374 5375/5375
f 5376/5376 5373/5373 5375/5375
f 5377/5377 5378/5378 5379/5379
f 5380/5380 5377/5377 5379/5379
f 5381/5381 5382/5382 5383/5383
f 5384/5384 5381/5381 5383/5383
f 5385/5385 5386/5386 5387/5387
f 5388/5388 5385/5385 5387/5387
f 5389/5389 5390/5390 5391/5391
f 5392/5392 5389/5389 5391/5391
f 5393/5393 5394/5394 5395/5395
f 5396/5396 5393/5393 5395/5395
f 5397/5397 5398/5398 5399/5399
f 5400/5400 5397/5397 5399/5399
f 5401/5401 5402/5402 5403/5403
f 5404/5404 5401/5401 5403/5403
f 5405/5405 5406/5406 5407/5407
f 5408/5408 5405/5405 5407/5407
f 5409/5409 5410/5410 5411/5411
f 5412/5412 5409/5409 5411/5411
f 5413/5413 5414/5414 5415/5415
f 5416/5416 5413/5413 5415/5415
f 5417/5417 5418/5418 5419/5419
f 5420/5420 5417/5417 5419/5419
f 5421/5421 5422/5422 5423/5423
f 5424/5424 5421/5421 5423/5423
f 5425/5425 5426/5426 5427/5427
f 5428/5428 5425/5425 5427/5427
f 5429/5429 5430/5430 5431/5431
f 5432/5432 5429/5429 5431/5431
f 5433/5433 5434/5434 5435/5435
f 5436/5436 5433/5433 5435/5435
f 5437/5437 5438/5438 5439/5439
f 5440/5440 5437/5437 5439/5439
f 5441/5441 5442/5442 5443/5443
f 5444/5444 5441/5441 5443/5443
f 5445/5445 5446/5446 5447/5447
f 5448/5448 5445/5445 5447/5447
f 5449/5449 5450/5450 5451/5451
f 5452/5452 5449/5449 5451/5451
f 5453/5453 5454/5454 5455/5455
f 5456/5456 5453/5453 5455/5455
f 5457/5457 5458/5458 5459/5459
f 5460/5460 5457/5457 5459/5459
f 5461/5461 5462/5462 5463/5463
f 5464/5464 5461/5461 5463/5463
f 5465/5465 5466/5466 5467/5467
f 5468/5468 5465/5465 5467/5467
f 5469/5469 5470/5470 5471/5471
f 5472/5472 5469/5469 5471/5471
f 5473/5473 5474/5474 5475/5475
f 5476/5476 5473/5473 5475/5475
f 5477/5477 5478/5478 5479/5479
f 5480/5480 5477/5477 5479/5479
f 5481/5481 5482/5482 5483/5483
f 5484/5484 5481/5481 5483/5483
f 5485/5485 5486/5486 5487/5487
f 5488/5488 5485/5485 5487/5487
f 5489/5489 5490/5490 5491/5491
f 5492/5492 5489/5489 5491/5491
f 5493/5493 5494/5494 5495/5495
f 5496/5496 5493/5493 5495/5495
f 5497/5497 5498/5498 5499/5499
f 5500/5500 5497/5497 5499/5499
f 5501/5501 5502/5502 5503/5503
f 5504/5504 5501/5501 5503/5503
f 5505/5505 5506/5506 5507/5507
f 5508/5508 5505/5505 5507/5507
f 5509/5509 5510/5510 5511/5511
f 5512/5512 5509/5509 5511/5511
f 5513/5513 5514/5514 5515/5515
f 5516/5516 5513/5513 5515/5515
f 5517/5517 5518/5518 5519/5519
f 5520/5520 5517/5517 5519/5519
f 5521/5521 5522/5522 5523/5523
f 5524/5524 5521/5521 5523/5523
f 5525/5525 5526/5526 5527/5527
f 5528/5528 5525/5525 5527/5527
f 5529/5529 5530/5530 5531/5531
f 5532/5532 5529/5529 5531/5531
f 5533/5533 5534/5534 5535/5535
f 5536/5536 5533/5533 5535/5535
f 5537/5537 5538/5538 5539/5539
f 5540/5540 5537/5537 5539/5539
f 5541/5541 5542/5542 5543/5543
f 5544/5544 5541/5541 5543/5543
f 5545/5545 5546/5546 5547/5547
f 5548/5548 5545/5545 5547/5547
f 5549/5549 5550/5550 5551/5551
f 5552/5552 5549/5549 5551/5551
f 5553/5553 5554/5554 5555/5555
f 5556/5556 5553/5553 5555/5555
f 5557/5557 5558/5558 5559/5559
f 5560/5560 5557/5557 5559/5559
f 5561/5561 5562/5562 5563/5563
f 5564/5564 5561/5561 5563/5563
f 5565/5565 5566/5566 5567/5567
f 5568/5568 5565/5565 5567/5567
f 5569/5569 5570/5570 5571/5571
f 5572/5572 5569/5569 5571/5571
f 5573/5573 5574/5574 5575/5575
f 5576/5576 5573/5573 5575/5575
f 5577/5577 5578/5578 5579/5579
f 5580/5580 5577/5577 5579/5579
f 5581/5581 5582/5582 5583/5583
f 5584/5584 5581/5581 5583/5583
f 5585/5585 5586/5586 5587/5587
f 5588/5588 5585/5585 5587/5587
f 5589/5589 5590/5590 5591/5591
f 5592/5592 5589/5589 5591/5591
f 5593/5593 5594/5594 5595/5595
f 5596/5596 5593/5593 5595/5595
f 5597/5597 5598/5598 5599/5599
f 5600/5600 5597/5597 5599/5599
f 5601/5601 5602/5602 5603/5603
f 5604/5604 5601/5601 5603/5603
f 5605/5605 5606/5606 5607/5607
f 5608/5608 5605/5605 5607/5607
f 5609/5609 5610/5610 5611/5611
f 5612/5612 5609/5609 5611/5611
f 5613/5613 5614/5614 5615/5615
f 5616/5616 5613/5613 5615/5615
f 5617/5617 5618/5618 5619/5619
f 5620/5620 5617/5617 5619/5619
f 5621/5621 5622/5622 5623/5623
f 5624/5624 5621/5621 5623/5623
f 5625/5625 5626/5626 5627/5627
f 5628/5628 5625/5625 5627/5627
f 5629/5629 5630/5630 5631/5631
f 5632/5632 5629/5629 5631/5631
f 5633/5633 5634/5634 5635/5635
f 5636/5636 5633/5633 5635/5635
f 5637/5637 5638/5638 5639/5639
f 5640/5640 5637/5637 5639/5639
f 5641/5641 5642/5642 5643/5643
f 5644/5644 5641/5641 5643/5643
f 5645/5645 5646/5646 5647/5647
f 5648/5648 5645/5645 5647/5647
f 5649/5649 5650/5650 5651/5651
f 5652/5652 5649/5649 5651/5651
f 5653/5653 5654/5654 5655/5655
f 5656/5656 5653/5653 5655/5655
f 5657/5657 5658/5658 5659/5659
f 5660/5660 5657/5657 5659/5659
f 5661/5661 5662/5662 5663/5663
f 5664/5664 5661/5661 5663/5663
f 5665/5665 5666/5666 5667/5667
f 5668/5668 5665/5665 5667/5667
f 5669/5669 5670/5670 5671/5671
f 5672/5672 5669/5669 5671/5671
f 5673/5673 5674/5674 5675/5675
f 5676/5676 5673/5673 5675/5675
f 5677/5677 5678/5678 5679/5679
f 5680/5680 5677/5677 5679/5679
f 5681/5681 5682/5682 5683/5683
f 5684/5684 5681/5681 5683/5683
f 5685/5685 5686/5686 5687/5687
f 5688/5688 5685/5685 5687/5687
f 5689/5689 5690/5690 5691/5691
f 5692/5692 5689/5689 5691/5691
f 5693/5693 5694/5694 5695/5695
f 5696/5696 5693/5693 5695/5695
f 5697/5697 5698/5698 5699/5699
f 5700/5700 5697/5697 5699/5699
f 5701/5701 5702/5702 5703/5703
f 5704/5704 5701/5701 5703/5703
f 5705/5705 5706/5706 5707/5707
f 5708/5708 5705/5705 5707/5707
f 5709/5709 5710/5710 5711/5711
f 5712/5712 5709/5709 5711/5711
f 5713/5713 5714/5714 5715/5715
f 5716/5716 5713/5713 5715/5715
f 5717/5717 5718/5718 5719/5719
f 5720/5720 5717/5717 5719/5719
f 5721/5721 5722/5722 5723/5723
f 5724/5724 5721/5721 5723/5723
f 5725/5725 5726/5726 5727/5727
f 5728/5728 5725/5725 5727/5727
f 5729/5729 5730/5730 5731/5731
f 5732/5732 5729/5729 5731/5731
f 5733/5733 5734/5734 5735/5735
f 5736/5736 5733/5733 5735/5735
f 5737/5737 5738/5738 5739/5739
f 5740/5740 5737/5737 5739/5739
f 5741/5741 5742/5742 5743/5743
f 5744/5744 5741/5741 5743/5743
f 5745/5745 5746/5746 5747/5747
f 5748/5748 5745/5745 5747/5747
f 5749/5749 5750/5750 5751/5751
f 5752/5752 5749/5749 5751/5751
f 5753/5753 5754/5754 5755/5755
f 5756/5756 5753/5753 5755/5755
f 5757/5757 5758/5758 5759/5759
f 5760/5760 5757/5757 5759/5759
f 5761/5761 5762/5762 5763/5763
f 5764/5764 5761/5761 5763/5763
f 5765/5765 5766/5766 5767/5767
f 5768/5768 5765/5765 5767/5767
f 5769/5769 5770/5770 5771/5771
f 5772/5772 5769/5769 5771/5771
f 5773/5773 5774/5774 5775/5775
f 5776/5776 5773/5773 5775/5775
f 5777/5777 5778/5778 5779/5779
f 5780/5780 5777/5777 5779/5779
f 5781/5781 5782/5782 5783/5783
f 5784/5784 5781/5781 5783/5783
f 5785/5785 5786/5786 5787/5787
f 5788/5788 5785/5785 5787/5787
f 5789/5789 5790/5790 5791/5791
f 5792/5792 5789/5789 5791/5791
f 5793/5793 5794/5794 5795/5795
f 5796/5796 5793/5793 5795/5795
f 5797/5797 5798/5798 5799/5799
f 5800/5800 5797/5797 5799/5799
f 5801/5801 5802/5802 5803/5803
f 5804/5804 5801/5801 5803/5803
f 5805/5805 5806/5806 5807/5807
f 5808/5808 5805/5805 5807/5807
f 5809/5809 5810/5810 5811/5811
f 5812/5812 5809/5809 5811/5811
f 5813/5813 5814/5814 5815/5815
f 5816/5816 5813/5813 5815/5815
f 5817/5817 5818/5818 5819/5819
f 5820/5820 5817/5817 5819/5819
f 5821/5821 5822/5822 5823/5823
f 5824/5824 5821/5821 5823/5823
f 5825/5825 5826/5826 5827/5827
f 5828/5828 5825/5825 5827/5827
f 5829/5829 5830/5830 5831/5831
f 5832/5832 5829/5829 5831/5831
f 5833/5833 5834/5834 5835/5835
f 5836/5836 5833/5833 5835/5835
f 5837/5837 5838/5838 5839/5839
f 5840/5840 5837/5837 5839/5839
f 5841/5841 5842/5842 5843/5843
f 5844/5844 5841/5841 5843/5843
f 5845/5845 5846/5846 5847/5847
f 5848/5848 5845/5845 5847/5847
f 5849/5849 5850/5850 5851/5851
f 5852/5852 5849/5849 5851/5851
f 5853/5853 5854/5854 5855/5855
f 5856/5856 5853/5853 5855/5855
f 5857/5857 5858/5858 5859/5859
f 5860/5860 5857/5857 5859/5859
f 5861/5861 5862/5862 5863/5863
f 5864/5864 5861/5861 5863/5863
f 5865/5865 5866/5866 5867/5867
f 5868/5868 5865/5865 5867/5867
f 5869/5869 5870/5870 5871/5871
f 5872/5872 5869/5869 5871/5871
f 5873/5873 5874/5874 5875/5875
f 5876/5876 5873/5873 5875/5875
f 5877/5877 5878/5878 5879/5879
f 5880/5880 5877/5877 5879/5879
f 5881/5881 5882/5882 5883/5883
f 5884/5884 5881/5881 5883/5883
f 5885/5885 5886/5886 5887/5887
f 5888/5888 5885/5885 5887/5887
f 5889/5889 5890/5890 5891/5891
f 5892/5892 5889/5889 5891/5891
f 5893/5893 5894/5894 5895/5895
f 5896/5896 5893/5893 5895/5895
f 5897/5897 5898/5898 5899/5899
f 5900/5900 5897/5897 5899/5899
f 5901/5901 5902/5902 5903/5903
f 5904/5904 5901/5901 5903/5903
f 5905/5905 5906/5906 5907/5907
f 5908/5908 5905/5905 5907/5907
f 5909/5909 5910/5910 5911/5911
f 5912/5912 5909/5909 5911/5911
f 5913/5913 5914/5914 5915/5915
f 5916/5916 5913/5913 5915/5915
f 5917/5917 5918/5918 5919/5919
f 5920/5920 5917/5917 5919/5919
f 5921/5921 5922/5922 5923/5923
f 5924/5924 5921/5921 5923/5923
f 5925/5925 5926/5926 5927/5927
f 5928/5928 5925/5925 5927/5927
f 5929/5929 5930/5930 5931/5931
f 5932/5932 5929/5929 5931/5931
f 5933/5933 5934/5934 5935/5935
f 5936/5936 5933/5933 5935/5935
f 5937/5937 5938/5938 5939/5939
f 5940/5940 5937/5937 5939/5939
f 5941/5941 5942/5942 5943/5943
f 5944/5944 5941/5941 5943/5943
f 5945/5945 5946/5946 5947/5947
f 5948/5948 5945/5945 5947/5947
f 5949/5949 5950/5950 5951/5951
f 5952/5952 5949/5949 5951/5951
f 5953/5953 5954/5954 5955/5955
f 5956/5956 5953/5953 5955/5955
f 5957/5957 5958/5958 5959/5959
f 5960/5960 5957/5957 5959/5959
f 5961/5961 5962/5962 5963/5963
f 5964/5964 5961/5961 5963/5963
f 5965/5965 5966/5966 5967/5967
f 5968/5968 5965/5965 5967/5967
f 5969/5969 5970/5970 5971/5971
f 5972/5972 5969/5969 5971/5971
f 5973/5973 5974/5974 5975/5975
f 5976/5976 5973/5973 5975/5975
f 5977/5977 5978/5978 5979/5979
f 5980/5980 5977/5977 5979/5979
f 5981/5981 5982/5982 5983/5983
f 5984/5984 5981/5981 5983/5983
f 5985/5985 5986/5986 5987/5987
f 5988/5988 5985/5985 5987/5987
f 5989/5989 5990/5990 5991/5991
f 5992/5992 5989/5989 5991/5991
f 5993/5993 5994/5994 5995/5995
f 5996/5996 5993/5993 5995/5995
f 5997/5997 5998/5998 5999/5999
f 6000/6000 5997/5997 5999/5999
f 6001/6001 6002/6002 6003/6003
f 6004/6004 6001/6001 6003/6003
f 6005/6005 6006/6006 6007/6007
f 6008/6008 6005/6005 6007/6007
f 6009/6009 6010/6010 6011/6011
f 6012/6012 6009/6009 6011/6011
f 6013/6013 6014/6014 6015/6015
f 6016/6016 6013/6013 6015/6015
f 6017/6017 6018/6018 6019/6019
f 6020/6020 6017/6017 6019/6019
f 6021/6021 6022/6022 6023/6023
f 6024/6024 6021/6021 6023/6023
f 6025/6025 6026/6026 6027/6027
f 6028/6028 6025/6025 6027/6027
f 6029/6029 6030/6030 6031/6031
f 6032/6032 6029/6029 6031/6031
f 6033/6033 6034/6034 6035/6035
f 6036/6036 6033/6033 6035/6035
f 6037/6037 6038/6038 6039/6039
f 6040/6040 6037/6037 6039/6039
f 6041/6041 6042/6042 6043/6043
f 6044/6044 6041/6041 6043/6043
f 6045/6045 6046/6046 6047/6047
f 6048/6048 6045/6045 6047/6047
f 6049/6049 6050/6050 6051/6051
f 6052/6052 6049/6049 6051/6051
f 6053/6053 6054/6054 6055/6055
f 6056/6056 6053/6053 6055/6055
f 6057/6057 6058/6058 6059/6059
f 6060/6060 6057/6057 6059/6059
f 6061/6061 6062/6062 6063/6063
f 6064/6064 6061/6061 6063/6063
f 6065/6065 6066/6066 6067/6067
f 6068/6068 6065/6065 6067/6067
f 6069/6069 6070/6070 6071/6071
f 6072/6072 6069/6069 6071/6071
f 6073/6073 6074/6074 6075/6075
f 6076/6076 6073/6073 6075/6075
f 6077/6077 6078/6078 6079/6079
f 6080/6080 6077/6077 6079/6079
f 6081/6081 6082/6082 6083/6083
f 6084/6084 6081/6081 6083/6083
f 6085/6085 6086/6086 6087/6087
f 6088/6088 6085/6085 6087/6087
f 6089/6089 6090/6090 6091/6091
f 6092/6092 6089/6089 6091/6091
f 6093/6093 6094/6094 6095/6095
f 6096/6096 6093/6093 6095/6095
f 6097/6097 6098/6098 6099/6099
f 6100/6100 6097/6097 6099/6099
f 6101/6101 6102/6102 6103/6103
f 6104/6104 6101/6101 6103/6103
f 6105/6105 6106/6106 6107/6107
f 6108/6108 6105/6105 6107/6107
f 6109/6109 6110/6110 6111/6111
f 6112/6112 6109/6109 6111/6111
f 6113/6113 6114/6114 6115/6115
f 6116/6116 6113/6113 6115/6115
f 6117/6117 6118/6118 6119/6119
f 6120/6120 6117/6117 6119/6119
f 6121/6121 6122/6122 6123/6123
f 6124/6124 6121/6121 6123/6123
f 6125/6125 6126/6126 6127/6127
f 6128/6128 6125/6125 6127/6127
f 6129/6129 6130/6130 6131/6131
f 6132/6132 6129/6129 6131/6131
f 6133/6133 6134/6134 6135/6135
f 6136/6136 6133/6133 6135/6135
f 6137/6137 6138/6138 6139/6139
f 6140/6140 6137/6137 6139/6139
f 6141/6141 6142/6142 6143/6143
f 6144/6144 6141/6141 6143/6143
f 6145/6145 6146/6146 6147/6147
f 6148/6148 6145/6145 6147/6147
f 6149/6149 6150/6150 6151/6151
f 6152/6152 6149/6149 6151/6151
f 6153/6153 6154/6154 6155/6155
f 6156/6156 6153/6153 6155/6155
f 6157/6157 6158/6158 6159/6159
f 6160/6160 6157/6157 6159/6159
f 6161/6161 6162/6162 6163/6163
f 6164/6164 6161/6161 6163/6163
f 6165/6165 6166/6166 6167/6167
f 6168/6168 6165/6165 6167/6167
f 6169/6169 6170/6170 6171/6171
f 6172/6172 6169/6169 6171/6171
f 6173/6173 6174/6174 6175/6175
f 6176/6176 6173/6173 6175/6175
f 6177/6177 6178/6178 6179/6179
f 6180/6180 6177/6177 6179/6179
f 6181/6181 6182/6182 6183/6183
f 6184/6184 6181/6181 6183/6183
f 6185/6185 6186/6186 6187/6187
f 6188/6188 6185/6185 6187/6187
f 6189/6189 6190/6190 6191/6191
f 6192/6192 6189/6189 6191/6191
f 6193/6193 6194/6194 6195/6195
f 6196/6196 6193/6193 6195/6195
f 6197/6197 6198/6198 6199/6199
f 6200/6200 6197/6197 6199/6199
f 6201/6201 6202/6202 6203/6203
f 6204/6204 6201/6201 6203/6203
f 6205/6205 6206/6206 6207/6207
f 6208/6208 6205/6205 6207/6207
f 6209/6209 6210/6210 6211/6211
f 6212/6212 6209/6209 6211/6211
f 6213/6213 6214/6214 6215/6215
f 6216/6216 6213/6213 6215/6215
f 6217/6217 6218/6218 6219/6219
f 6220/6220 6217/6217 6219/6219
f 6221/6221 6222/6222 6223/6223
f 6224/6224 6221/6221 6223/6223
f 6225/6225 6226/6226 6227/6227
f 6228/6228 6225/6225 6227/6227
f 6229/6229 6230/6230 6231/6231
f 6232/6232 6229/6229 6231/6231
f 6233/6233 6234/6234 6235/6235
f 6236/6236 6233/6233 6235/6235
f 6237/6237 6238/6238 6239/6239
f 6240/6240 6237/6237 6239/6239
f 6241/6241 6242/6242 6243/6243
f 6244/6244 6241/6241 6243/6243
f 6245/6245 6246/6246 6247/6247
f 6248/6248 6245/6245 6247/6247
f 6249/6249 6250/6250 6251/6251
f 6252/6252 6249/6249 6251/6251
f 6253/6253 6254/6254 6255/6255
f 6256/6256 6253/6253 6255/6255
f 6257/6257 6258/6258 6259/6259
f 6260/6260 6257/6257 6259/6259
f 6261/6261 6262/6262 6263/6263
f 6264/6264 6261/6261 6263/6263
f 6265/6265 6266/6266 6267/6267
f 6268/6268 6265/6265 6267/6267
f 6269/6269 6270/6270 6271/6271
f 6272/6272 6269/6269 6271/6271
f 6273/6273 6274/6274 6275/6275
f 6276/6276 6273/6273 6275/6275
f 6277/6277 6278/6278 6279/6279
f 6280/6280 6277/6277 6279/6279
f 6281/6281 6282/6282 6283/6283
f 6284/6284 6281/6281 6283/6283
f 6285/6285 6286/6286 6287/6287
f 6288/6288 6285/6285 6287/6287
f 6289/6289 6290/6290 6291/6291
f 6292/6292 6289/6289 6291/6291
f 6293/6293 6294/6294 6295/6295
f 6296/6296 6293/6293 6295/6295
f 6297/6297 6298/6298 6299/6299
f 6300/6300 6297/6297 6299/6299
f 6301/6301 6302/6302 6303/6303
f 6304/6304 6301/6301 6303/6303
f 6305/6305 6306/6306 6307/6307
f 6308/6308 6305/6305 6307/6307
f 6309/6309 6310/6310 6311/6311
f 6312/6312 6309/6309 6311/6311
f 6313/6313 6314/6314 6315/6315
f 6316/6316 6313/6313 6315/6315
f 6317/6317 6318/6318 6319/6319
f 6320/6320 6317/6317 6319/6319
f 6321/6321 6322/6322 6323/6323
f 6324/6324 6321/6321 6323/6323
f 6325/6325 6326/6326 6327/6327
f 6328/6328 6325/6325 6327/6327
f 6329/6329 6330/6330 6331/6331
f 6332/6332 6329/6329 6331/6331
f 6333/6333 6334/6334 6335/6335
f 6336/6336 6333/6333 6335/6335
f 6337/6337 6338/6338 6339/6339
f 6340/6340 6337/6337 6339/6339
f 6341/6341 6342/6342 6343/6343
f 6344/6344 6341/6341 6343/6343
f 6345/6345 6346/6346 6347/6347
f 6348/6348 6345/6345 6347/6347
f 6349/6349 6350/6350 6351/6351
f 6352/6352 6349/6349 6351/6351
f 6353/6353 6354/6354 6355/6355
f 6356/6356 6353/6353 6355/6355
f 6357/6357 6358/6358 6359/6359
f 6360/6360 6357/6357 6359/6359
f 6361/6361 6362/6362 6363/6363
f 6364/6364 6361/6361 6363/6363
f 6365/6365 6366/6366 6367/6367
f 6368/6368 6365/6365 6367/6367
f 6369/6369 6370/6370 6371/6371
f 6372/6372 6369/6369 6371/6371
f 6373/6373 6374/6374 6375/6375
f 6376/6376 6373/6373 6375/6375
f 6377/6377 6378/6378 6379/6379
f 6380/6380 6377/6377 6379/6379
f 6381/6381 6382/6382 6383/6383
f 6384/6384 6381/6381 6383/6383
f 6385/6385 6386/6386 6387/6387
f 6388/6388 6385/6385 6387/6387
f 6389/6389 6390/6390 6391/6391
f 6392/6392 6389/6389 6391/6391
f 6393/6393 6394/6394 6395/6395
f 6396/6396 6393/6393 6395/6395
f 6397/6397 6398/6398 6399/6399
f 6400/6400 6397/6397 6399/6399
f 6401/6401 6402/6402 6403/6403
f 6404/6404 6401/6401 6403/6403
f 6405/6405 6406/6406 6407/6407
f 6408/6408 6405/6405 6407/6407
f 6409/6409 6410/6410 6411/6411
f 6412/6412 6409/6409 6411/6411
f 6413/6413 6414/6414 6415/6415
f 6416/6416 6413/6413 6415/6415
f 6417/6417 6418/6418 6419/6419
f 6420/6420 6417/6417 6419/6419
f 6421/6421 6422/6422 6423/6423
f 6424/6424 6421/6421 6423/6423
f 6425/6425 6426/6426 6427/6427
f 6428/6428 6425/6425 6427/6427
f 6429/6429 6430/6430 6431/6431
f 6432/6432 6429/6429 6431/6431
f 6433/6433 6434/6434 6435/6435
f 6436/6436 6433/6433 6435/6435
f 6437/6437 6438/6438 6439/6439
f 6440/6440 6437/6437 6439/6439
f 6441/6441 6442/6442 6443/6443
f 6444/6444 6441/6441 6443/6443
f 6445/6445 6446/6446 6447/6447
f 6448/6448 6445/6445 6447/6447
f 6449/6449 6450/6450 6451/6451
f 6452/6452 6449/6449 6451/6451
f 6453/6453 6454/6454 6455/6455
f 6456/6456 6453/6453 6455/6455
f 6457/6457 6458/6458 6459/6459
f 6460/6460 6457/6457 6459/6459
f 6461/6461 6462/6462 6463/6463
f 6464/6464 6461/6461 6463/6463
f 6465/6465 6466/6466 6467/6467
f 6468/6468 6465/6465 6467/6467
f 6469/6469 6470/6470 6471/6471
f 6472/6472 6469/6469 6471/6471
f 6473/6473 6474/6474 6475/6475
f 6476/6476 6473/6473 6475/6475
f 6477/6477 6478/6478 6479/6479
f 6480/6480 6477/6477 6479/6479
f 6481/6481 6482/6482 6483/6483
f 6484/6484 6481/6481 6483/6483
f 6485/6485 6486/6486 6487/6487
f 6488/6488 6485/6485 6487/6487
f 6489/6489 6490/6490 6491/6491
f 6492/6492 6489/6489 6491/6491
f 6493/6493 6494/6494 6495/6495
f 6496/6496 6493/6493 6495/6495
f 6497/6497 6498/6498 6499/6499
f 6500/6500 6497/6497 6499/6499
f 6501/6501 6502/6502 6503/6503
f 6504/6504 6501/6501 6503/6503
f 6505/6505 6506/6506 6507/6507
f 6508/6508 6505/6505 6507/6507
f 6509/6509 6510/6510 6511/6511
f 6512/6512 6509/6509 6511/6511
f 6513/6513 6514/6514 6515/6515
f 6516/6516 6513/6513 6515/6515
f 6517/6517 6518/6518 6519/6519
f 6520/6520 6517/6517 6519/6519
f 6521/6521 6522/6522 6523/6523
f 6524/6524 6521/6521 6523/6523
f 6525/6525 6526/6526 6527/6527
f 6528/6528 6525/6525 6527/6527
f 6529/6529 6530/6530 6531/6531
f 6532/6532 6529/6529 6531/6531
f 6533/6533 6534/6534 6535/6535
f 6536/6536 6533/6533 6535/6535
f 6537/6537 6538/6538 6539/6539
f 6540/6540 6537/6537 6539/6539
f 6541/6541 6542/6542 6543/6543
f 6544/6544 6541/6541 6543/6543
f 6545/6545 6546/6546 6547/6547
f 6548/6548 6545/6545 6547/6547
f 6549/6549 6550/6550 6551/6551
f 6552/6552 6549/6549 6551/6551
f 6553/6553 6554/6554 6555/6555
f 6556/6556 6553/6553 6555/6555
f 6557/6557 6558/6558 6559/6559
f 6560/6560 6557/6557 6559/6559
f 6561/6561 6562/6562 6563/6563
f 6564/6564 6561/6561 6563/6563
f 6565/6565 6566/6566 6567/6567
f 6568/6568 6565/6565 6567/6567
f 6569/6569 6570/6570 6571/6571
f 6572/6572 6569/6569 6571/6571
f 6573/6573 6574/6574 6575/6575
f 6576/6576 6573/6573 6575/6575
f 6577/6577 6578/6578 6579/6579
f 6580/6580 6577/6577 6579/6579
f 6581/6581 6582/6582 6583/6583
f 6584/6584 6581/6581 6583/6583
f 6585/6585 6586/6586 6587/6587
f 6588/6588 6585/6585 6587/6587
f 6589/6589 6590/6590 6591/6591
f 6592/6592 6589/6589 6591/6591
f 6593/6593 6594/6594 6595/6595
f 6596/6596 6593/6593 6595/6595
f 6597/6597 6598/6598 6599/6599
f 6600/6600 6597/6597 6599/6599
f 6601/6601 6602/6602 6603/6603
f 6604/6604 6601/6601 6603/6603
f 6605/6605 6606/6606 6607/6607
f 6608/6608 6605/6605 6607/6607
f 6609/6609 6610/6610 6611/6611
f 6612/6612 6609/6609 6611/6611
f 6613/6613 6614/6614 6615/6615
f 6616/6616 6613/6613 6615/6615
f 6617/6617 6618/6618 6619/6619
f 6620/6620 6617/6617 6619/6619
f 6621/6621 6622/6622 6623/6623
f 6624/6624 6621/6621 6623/6623
f 6625/6625 6626/6626 6627/6627
f 6628/6628 6625/6625 6627/6627
f 6629/6629 6630/6630 6631/6631
f 6632/6632 6629/6629 6631/6631
f 6633/6633 6634/6634 6635/6635
f 6636/6636 6633/6633 6635/6635
f 6637/6637 6638/6638 6639/6639
f 6640/6640 6637/6637 6639/6639
f 6641/6641 6642/6642 6643/6643
f 6644/6644 6641/6641 6643/6643
f 6645/6645 6646/6646 6647/6647
f 6648/6648 6645/6645 6647/6647
f 6649/6649 6650/6650 6651/6651
f 6652/6652 6649/6649 6651/6651
f 6653/6653 6654/6654 6655/6655
f 6656/6656 6653/6653 6655/6655
f 6657/6657 6658/6658 6659/6659
f 6660/6660 6657/6657 6659/6659
f 6661/6661 6662/6662 6663/6663
f 6664/6664 6661/6661 6663/6663
f 6665/6665 6666/6666 6667/6667
f 6668/6668 6665/6665 6667/6667
f 6669/6669 6670/6670 6671/6671
f 6672/6672 6669/6669 6671/6671
f 6673/6673 6674/6674 6675/6675
f 6676/6676 6673/6673 6675/6675
f 6677/6677 6678/6678 6679/6679
f 6680/6680 6677/6677 6679/6679
f 6681/6681 6682/6682 6683/6683
f 6684/6684 6681/6681 6683/6683
f 6685/6685 6686/6686 6687/6687
f 6688/6688 6685/6685 6687/6687
f 6689/6689 6690/6690 6691/6691
f 6692/6692 6689/6689 6691/6691
f 6693/6693 6694/6694 6695/6695
f 6696/6696 6693/6693 6695/6695
f 6697/6697 6698/6698 6699/6699
f 6700/6700 6697/6697 6699/6699
f 6701/6701 6702/6702 6703/6703
f 6704/6704 6701/6701 6703/6703
f 6705/6705 6706/6706 6707/6707
f 6708/6708 6705/6705 6707/6707
f 6709/6709 6710/6710 6711/6711
f 6712/6712 6709/6709 6711/6711
f 6713/6713 6714/6714 6715/6715
f 6716/6716 6713/6713 6715/6715
f 6717/6717 6718/6718 6719/6719
f 6720/6720 6717/6717 6719/6719
f 6721/6721 6722/6722 6723/6723
f 6724/6724 6721/6721 6723/6723
f 6725/6725 6726/6726 6727/6727
f 6728/6728 6725/6725 6727/6727
f 6729/6729 6730/6730 6731/6731
f 6732/6732 6729/6729 6731/6731
f 6733/6733 6734/6734 6735/6735
f 6736/6736 6733/6733 6735/6735
f 6737/6737 6738/6738 6739/6739
f 6740/6740 6737/6737 6739/6739
f 6741/6741 6742/6742 6743/6743
f 6744/6744 6741/6741 6743/6743
f 6745/6745 6746/6746 6747/6747
f 6748/6748 6745/6745 6747/6747
f 6749/6749 6750/6750 6751/6751
f 6752/6752 6749/6749 6751/6751
f 6753/6753 6754/6754 6755/6755
f 6756/6756 6753/6753 6755/6755
f 6757/6757 6758/6758 6759/6759
f 6760/6760 6757/6757 6759/6759
f 6761/6761 6762/6762 6763/6763
f 6764/6764 6761/6761 6763/6763
f 6765/6765 6766/6766 6767/6767
f 6768/6768 6765/6765 6767/6767
f 6769/6769 6770/6770 6771/6771
f 6772/6772 6769/6769 6771/6771
f 6773/6773 6774/6774 6775/6775
f 6776/6776 6773/6773 6775/6775
f 6777/6777 6778/6778 6779/6779
f 6780/6780 6777/6777 6779/6779
f 6781/6781 6782/6782 6783/6783
f 6784/6784 6781/6781 6783/6783
f 6785/6785 6786/6786 6787/6787
f 6788/6788 6785/6785 6787/6787
f 6789/6789 6790/6790 6791/6791
f 6792/6792 6789/6789 6791/6791
f 6793/6793 6794/6794 6795/6795
f 6796/6796 6793/6793 6795/6795
f 6797/6797 6798/6798 6799/6799
f 6800/6800 6797/6797 6799/6799
f 6801/6801 6802/6802 6803/6803
f 6804/6804 6801/6801 6803/6803
f 6805/6805 6806/6806 6807/6807
f 6808/6808 6805/6805 6807/6807
f 6809/6809 6810/6810 6811/6811
f 6812/6812 6809/6809 6811/6811
f 6813/6813 6814/6814 6815/6815
f 6816/6816 6813/6813 6815/6815
f 6817/6817 6818/6818 6819/6819
f 6820/6820 6817/6817 6819/6819
f 6821/6821 6822/6822 6823/6823
f 6824/6824 6821/6821 6823/6823
f 6825/6825 6826/6826 6827/6827
f 6828/6828 6825/6825 6827/6827
f 6829/6829 6830/6830 6831/6831
f 6832/6832 6829/6829 6831/6831
f 6833/6833 6834/6834 6835/6835
f 6836/6836 6833/6833 6835/6835
f 6837/6837 6838/6838 6839/6839
f 6840/6840 6837/6837 6839/6839
f 6841/6841 6842/6842 6843/6843
f 6844/6844 6841/6841 6843/6843
f 6845/6845 6846/6846 6847/6847
f 6848/6848 6845/6845 6847/6847
f 6849/6849 6850/6850 6851/6851
f 6852/6852 6849/6849 6851/6851
f 6853/6853 6854/6854 6855/6855
f 6856/6856 6853/6853 6855/6855
f 6857/6857 6858/6858 6859/6859
f 6860/6860 6857/6857 6859/6859
f 6861/6861 6862/6862 6863/6863
f 6864/6864 6861/6861 6863/6863
f 6865/6865 6866/6866 6867/6867
f 6868/6868 6865/6865 6867/6867
f 6869/6869 6870/6870 6871/6871
f 6872/6872 6869/6869 6871/6871
f 6873/6873 6874/6874 6875/6875
f 6876/6876 6873/6873 6875/6875
f 6877/6877 6878/6878 6879/6879
f 6880/6880 6877/6877 6879/6879
f 6881/6881 6882/6882 6883/6883
f 6884/6884 6881/6881 6883/6883
f 6885/6885 6886/6886 6887/6887
f 6888/6888 6885/6885 6887/6887
f 6889/6889 6890/6890 6891/6891
f 6892/6892 6889/6889 6891/6891
f 6893/6893 6894/6894 6895/6895
f 6896/6896 6893/6893 6895/6895
f 6897/6897 6898/6898 6899/6899
f 6900/6900 6897/6897 6899/6899
f 6901/6901 6902/6902 6903/6903
f 6904/6904 6901/6901 6903/6903
f 6905/6905 6906/6906 6907/6907
f 6908/6908 6905/6905 6907/6907
f 6909/6909 6910/6910 6911/6911
f 6912/6912 6909/6909 6911/6911
f 6913/6913 6914/6914 6915/6915
f 6916/6916 6913/6913 6915/6915
f 6917/6917 6918/6918 6919/6919
f 6920/6920 6917/6917 6919/6919
f 6921/6921 6922/6922 6923/6923
f 6924/6924 6921/6921 6923/6923
f 6925/6925 6926/6926 6927/6927
f 6928/6928 6925/6925 6927/6927
f 6929/6929 6930/6930 6931/6931
f 6932/6932 6929/6929 6931/6931
f 6933/6933 6934/6934 6935/6935
f 6936/6936 6933/6933 6935/6935
f 6937/6937 6938/6938 6939/6939
f 6940/6940 6937/6937 6939/6939
f 6941/6941 6942/6942 6943/6943
f 6944/6944 6941/6941 6943/6943
f 6945/6945 6946/6946 6947/6947
f 6948/6948 6945/6945 6947/6947
f 6949/6949 6950/6950 6951/6951
f 6952/6952 6949/6949 6951/6951
f 6953/6953 6954/6954 6955/6955
f 6956/6956 6953/6953 6955/6955
f 6957/6957 6958/6958 6959/6959
f 6960/6960 6957/6957 6959/6959
f 6961/6961 6962/6962 6963/6963
f 6964/6964 6961/6961 6963/6963
f 6965/6965 6966/6966 6967/6967
f 6968/6968 6965/6965 6967/6967
f 6969/6969 6970/6970 6971/6971
f 6972/6972 6969/6969 6971/6971
f 6973/6973 6974/6974 6975/6975
f 6976/6976 6973/6973 6975/6975
f 6977/6977 6978/6978 6979/6979
f 6980/6980 6977/6977 6979/6979
f 6981/6981 6982/6982 6983/6983
f 6984/6984 6981/6981 6983/6983
f 6985/6985 6986/6986 6987/6987
f 6988/6988 6985/6985 6987/6987
f 6989/6989 6990/6990 6991/6991
f 6992/6992 6989/6989 6991/6991
f 6993/6993 6994/6994 6995/6995
f 6996/6996 6993/6993 6995/6995
f 6997/6997 6998/6998 6999/6999
f 7000/7000 6997/6997 6999/6999
f 7001/7001 7002/7002 7003/7003
f 7004/7004 7001/7001 7003/7003
f 7005/7005 7006/7006 7007/7007
f 7008/7008 7005/7005 7007/7007
f 7009/7009 7010/7010 7011/7011
f 7012/7012 7009/7009 7011/7011
f 7013/7013 7014/7014 7015/7015
f 7016/7016 7013/7013 7015/7015
f 7017/7017 7018/7018 7019/7019
f 7020/7020 7017/7017 7019/7019
f 7021/7021 7022/7022 7023/7023
f 7024/7024 7021/7021 7023/7023
f 7025/7025 7026/7026 7027/7027
f 7028/7028 7025/7025 7027/7027
f 7029/7029 7030/7030 7031/7031
f 7032/7032 7029/7029 7031/7031
f 7033/7033 7034/7034 7035/7035
f 7036/7036 7033/7033 7035/7035
f 7037/7037 7038/7038 7039/7039
f 7040/7040 7037/7037 7039/7039
f 7041/7041 7042/7042 7043/7043
f 7044/7044 7041/7041 7043/7043
f 7045/7045 7046/7046 7047/7047
f 7048/7048 7045/7045 7047/7047
f 7049/7049 7050/7050 7051/7051
f 7052/7052 7049/7049 7051/7051
f 7053/7053 7054/7054 7055/7055
f 7056/7056 7053/7053 7055/7055
f 7057/7057 7058/7058 7059/7059
f 7060/7060 7057/7057 7059/7059
f 7061/7061 7062/7062 7063/7063
f 7064/7064 7061/7061 7063/7063
f 7065/7065 7066/7066 7067/7067
f 7068/7068 7065/7065 7067/7067
f 7069/7069 7070/7070 7071/7071
f 7072/7072 7069/7069 7071/7071
f 7073/7073 7074/7074 7075/7075
f 7076/7076 7073/7073 7075/7075
f 7077/7077 7078/7078 7079/7079
f 7080/7080 7077/7077 7079/7079
f 7081/7081 7082/7082 7083/7083
f 7084/7084 7081/7081 7083/7083
f 7085/7085 7086/7086 7087/7087
f 7088/7088 7085/7085 7087/7087
f 7089/7089 7090/7090 7091/7091
f 7092/7092 7089/7089 7091/7091
f 7093/7093 7094/7094 7095/7095
f 7096/7096 7093/7093 7095/7095
f 7097/7097 7098/7098 7099/7099
f 7100/7100 7097/7097 7099/7099
f 7101/7101 7102/7102 7103/7103
f 7104/7104 7101/7101 7103/7103
f 7105/7105 7106/7106 7107/7107
f 7108/7108 7105/7105 7107/7107
f 7109/7109 7110/7110 7111/7111
f 7112/7112 7109/7109 7111/7111
f 7113/7113 7114/7114 7115/7115
f 7116/7116 7113/7113 7115/7115
f 7117/7117 7118/7118 7119/7119
f 7120/7120 7117/7117 7119/7119
f 7121/7121 7122/7122 7123/7123
f 7124/7124 7121/7121 7123/7123
f 7125/7125 7126/7126 7127/7127
f 7128/7128 7125/7125 7127/7127
f 7129/7129 7130/7130 7131/7131
f 7132/7132 7129/7129 7131/7131
f 7133/7133 7134/7134 7135/7135
f 7136/7136 7133/7133 7135/7135
f 7137/7137 7138/7138 7139/7139
f 7140/7140 7137/7137 7139/7139
f 7141/7141 7142/7142 7143/7143
f 7144/7144 7141/7141 7143/7143
f 7145/7145 7146/7146 7147/7147
f 7148/7148 7145/7145 7147/7147
f 7149/7149 7150/7150 7151/7151
f 7152/7152 7149/7149 7151/7151
f 7153/7153 7154/7154 7155/7155
f 7156/7156 7153/7153 7155/7155
f 7157/7157 7158/7158 7159/7159
f 7160/7160 7157/7157 7159/7159
f 7161/7161 7162/7162 7163/7163
f 7164/7164 7161/7161 7163/7163
f 7165/7165 7166/7166 7167/7167
f 7168/7168 7165/7165 7167/7167
f 7169/7169 7170/7170 7171/7171
f 7172/7172 7169/7169 7171/7171
f 7173/7173 7174/7174 7175/7175
f 7176/7176 7173/7173 7175/7175
f 7177/7177 7178/7178 7179/7179
f 7180/7180 7177/7177 7179/7179
f 7181/7181 7182/7182 7183/7183
f 7184/7184 7181/7181 7183/7183
f 7185/7185 7186/7186 7187/7187
f 7188/7188 7185/7185 7187/7187
f 7189/7189 7190/7190 7191/7191
f 7192/7192 7189/7189 7191/7191
f 7193/7193 7194/7194 7195/7195
f 7196/7196 7193/7193 7195/7195
f 7197/7197 7198/7198 7199/7199
f 7200/7200 7197/7197 7199/7199
f 7201/7201 7202/7202 7203/7203
f 7204/7204 7201/7201 7203/7203
f 7205/7205 7206/7206 7207/7207
f 7208/7208 7205/7205 7207/7207
f 7209/7209 7210/7210 7211/7211
f 7212/7212 7209/7209 7211/7211
f 7213/7213 7214/7214 7215/7215
f 7216/7216 7213/7213 7215/7215
f 7217/7217 7218/7218 7219/7219
f 7220/7220 7217/7217 7219/7219
f 7221/7221 7222/7222 7223/7223
f 7224/7224 7221/7221 7223/7223
f 7225/7225 7226/7226 7227/7227
f 7228/7228 7225/7225 7227/7227
f 7229/7229 7230/7230 7231/7231
f 7232/7232 7229/7229 7231/7231
f 7233/7233 7234/7234 7235/7235
f 7236/7236 7233/7233 7235/7235
f 7237/7237 7238/7238 7239/7239
f 7240/7240 7237/7237 7239/7239
f 7241/7241 7242/7242 7243/7243
f 7244/7244 7241/7241 7243/7243
f 7245/7245 7246/7246 7247/7247
f 7248/7248 7245/7245 7247/7247
f 7249/7249 7250/7250 7251/7251
f 7252/7252 7249/7249 7251/7251
f 7253/7253 7254/7254 7255/7255
f 7256/7256 7253/7253 7255/7255
f 7257/7257 7258/7258 7259/7259
f 7260/7260 7257/7257 7259/7259
f 7261/7261 7262/7262 7263/7263
f 7264/7264 7261/7261 7263/7263
f 7265/7265 7266/7266 7267/7267
f 7268/7268 7265/7265 7267/7267
f 7269/7269 7270/7270 7271/7271
f 7272/7272 7269/7269 7271/7271
f 7273/7273 7274/7274 7275/7275
f 7276/7276 7273/7273 7275/7275
f 7277/7277 7278/7278 7279/7279
f 7280/7280 7277/7277 7279/7279
f 7281/7281 7282/7282 7283/7283
f 7284/7284 7281/7281 7283/7283
f 7285/7285 7286/7286 7287/7287
f 7288/7288 7285/7285 7287/7287
f 7289/7289 7290/7290 7291/7291
f 7292/7292 7289/7289 7291/7291
f 7293/7293 7294/7294 7295/7295
f 7296/7296 7293/7293 7295/7295
f 7297/7297 7298/7298 7299/7299
f 7300/7300 7297/7297 7299/7299
f 7301/7301 7302/7302 7303/7303
f 7304/7304 7301/7301 7303/7303
f 7305/7305 7306/7306 7307/7307
f 7308/7308 7305/7305 7307/7307
f 7309/7309 7310/7310 7311/7311
f 7312/7312 7309/7309 7311/7311
f 7313/7313 7314/7314 7315/7315
f 7316/7316 7313/7313 7315/7315
f 7317/7317 7318/7318 7319/7319
f 7320/7320 7317/7317 7319/7319
f 7321/7321 7322/7322 7323/7323
f 7324/7324 7321/7321 7323/7323
f 7325/7325 7326/7326 7327/7327
f 7328/7328 7325/7325 7327/7327
f 7329/7329 7330/7330 7331/7331
f 7332/7332 7329/7329 7331/7331
f 7333/7333 7334/7334 7335/7335
f 7336/7336 7333/7333 7335/7335
f 7337/7337 7338/7338 7339/7339
f 7340/7340 7337/7337 7339/7339
f 7341/7341 7342/7342 7343/7343
f 7344/7344 7341/7341 7343/7343
f 7345/7345 7346/7346 7347/7347
f 7348/7348 7345/7345 7347/7347
f 7349/7349 7350/7350 7351/7351
f 7352/7352 7349/7349 7351/7351
f 7353/7353 7354/7354 7355/7355
f 7356/7356 7353/7353 7355/7355
f 7357/7357 7358/7358 7359/7359
f 7360/7360 7357/7357 7359/7359
f 7361/7361 7362/7362 7363/7363
f 7364/7364 7361/7361 7363/7363
f 7365/7365 7366/7366 7367/7367
f 7368/7368 7365/7365 7367/7367
f 7369/7369 7370/7370 7371/7371
f 7372/7372 7369/7369 7371/7371
f 7373/7373 7374/7374 7375/7375
f 7376/7376 7373/7373 7375/7375
f 7377/7377 7378/7378 7379/7379
f 7380/7380 7377/7377 7379/7379
f 7381/7381 7382/7382 7383/7383
f 7384/7384 7381/7381 7383/7383
f 7385/7385 7386/7386 7387/7387
f 7388/7388 7385/7385 7387/7387
f 7389/7389 7390/7390 7391/7391
f 7392/7392 7389/7389 7391/7391
f 7393/7393 7394/7394 7395/7395
f 7396/7396 7393/7393 7395/7395
f 7397/7397 7398/7398 7399/7399
f 7400/7400 7397/7397 7399/7399
f 7401/7401 7402/7402 7403/7403
f 7404/7404 7401/7401 7403/7403
f 7405/7405 7406/7406 7407/7407
f 7408/7408 7405/7405 7407/7407
f 7409/7409 7410/7410 7411/7411
f 7412/7412 7409/7409 7411/7411
f 7413/7413 7414/7414 7415/7415
f 7416/7416 7413/7413 7415/7415
f 7417/7417 7418/7418 7419/7419
f 7420/7420 7417/7417 7419/7419
f 7421/7421 7422/7422 7423/7423
f 7424/7424 7421/7421 7423/7423
f 7425/7425 7426/7426 7427/7427
f 7428/7428 7425/7425 7427/7427
f 7429/7429 7430/7430 7431/7431
f 7432/7432 7429/7429 7431/7431
f 7433/7433 7434/7434 7435/7435
f 7436/7436 7433/7433 7435/7435
f 7437/7437 7438/7438 7439/7439
f 7440/7440 7437/7437 7439/7439
f 7441/7441 7442/7442 7443/7443
f 7444/7444 7441/7441 7443/7443
f 7445/7445 7446/7446 7447/7447
f 7448/7448 7445/7445 7447/7447
f 7449/7449 7450/7450 7451/7451
f 7452/7452 7449/7449 7451/7451
f 7453/7453 7454/7454 7455/7455
f 7456/7456 7453/7453 7455/7455
f 7457/7457 7458/7458 7459/7459
f 7460/7460 7457/7457 7459/7459
f 7461/7461 7462/7462 7463/7463
f 7464/7464 7461/7461 7463/7463
f 7465/7465 7466/7466 7467/7467
f 7468/7468 7465/7465 7467/7467
f 7469/7469 7470/7470 7471/7471
f 7472/7472 7469/7469 7471/7471
f 7473/7473 7474/7474 7475/7475
f 7476/7476 7473/7473 7475/7475
f 7477/7477 7478/7478 7479/7479
f 7480/7480 7477/7477 7479/7479
f 7481/7481 7482/7482 7483/7483
f 7484/7484 7481/7481 7483/7483
f 7485/7485 7486/7486 7487/7487
f 7488/7488 7485/7485 7487/7487
f 7489/7489 7490/7490 7491/7491
f 7492/7492 7489/7489 7491/7491
f 7493/7493 7494/7494 7495/7495
f 7496/7496 7493/7493 7495/7495
f 7497/7497 7498/7498 7499/7499
f 7500/7500 7497/7497 7499/7499
f 7501/7501 7502/7502 7503/7503
f 7504/7504 7501/7501 7503/7503
f 7505/7505 7506/7506 7507/7507
f 7508/7508 7505/7505 7507/7507
f 7509/7509 7510/7510 7511/7511
f 7512/7512 7509/7509 7511/7511
f 7513/7513 7514/7514 7515/7515
f 7516/7516 7513/7513 7515/7515
f 7517/7517 7518/7518 7519/7519
f 7520/7520 7517/7517 7519/7519
f 7521/7521 7522/7522 7523/7523
f 7524/7524 7521/7521 7523/7523
f 7525/7525 7526/7526 7527/7527
f 7528/7528 7525/7525 7527/7527
f 7529/7529 7530/7530 7531/7531
f 7532/7532 7529/7529 7531/7531
f 7533/7533 7534/7534 7535/7535
f 7536/7536 7533/7533 7535/7535
f 7537/7537 7538/7538 7539/7539
f 7540/7540 7537/7537 7539/7539
f 7541/7541 7542/7542 7543/7543
f 7544/7544 7541/7541 7543/7543
f 7545/7545 7546/7546 7547/7547
f 7548/7548 7545/7545 7547/7547
f 7549/7549 7550/7550 7551/7551
f 7552/7552 7549/7549 7551/7551
f 7553/7553 7554/7554 7555/7555
f 7556/7556 7553/7553 7555/7555
f 7557/7557 7558/7558 7559/7559
f 7560/7560 7557/7557 7559/7559
f 7561/7561 7562/7562 7563/7563
f 7564/7564 7561/7561 7563/7563
f 7565/7565 7566/7566 7567/7567
f 7568/7568 7565/7565 7567/7567
f 7569/7569 7570/7570 7571/7571
f 7572/7572 7569/7569 7571/7571
f 7573/7573 7574/7574 7575/7575
f 7576/7576 7573/7573 7575/7575
f 7577/7577 7578/7578 7579/7579
f 7580/7580 7577/7577 7579/7579
f 7581/7581 7582/7582 7583/7583
f 7584/7584 7581/7581 7583/7583
f 7585/7585 7586/7586 7587/7587
f 7588/7588 7585/7585 7587/7587
f 7589/7589 7590/7590 7591/7591
f 7592/7592 7589/7589 7591/7591
f 7593/7593 7594/7594 7595/7595
f 7596/7596 7593/7593 7595/7595
f 7597/7597 7598/7598 7599/7599
f 7600/7600 7597/7597 7599/7599
f 7601/7601 7602/7602 7603/7603
f 7604/7604 7601/7601 7603/7603
f 7605/7605 7606/7606 7607/7607
f 7608/7608 7605/7605 7607/7607
f 7609/7609 7610/7610 7611/7611
f 7612/7612 7609/7609 7611/7611
f 7613/7613 7614/7614 7615/7615
f 7616/7616 7613/7613 7615/7615
f 7617/7617 7618/7618 7619/7619
f 7620/7620 7617/7617 7619/7619
f 7621/7621 7622/7622 7623/7623
f 7624/7624 7621/7621 7623/7623
f 7625/7625 7626/7626 7627/7627
f 7628/7628 7625/7625 7627/7627
f 7629/7629 7630/7630 7631/7631
f 7632/7632 7629/7629 7631/7631
f 7633/7633 7634/7634 7635/7635
f 7636/7636 7633/7633 7635/7635
f 7637/7637 7638/7638 7639/7639
f 7640/7640 7637/7637 7639/7639
f 7641/7641 7642/7642 7643/7643
f 7644/7644 7641/7641 7643/7643
f 7645/7645 7646/7646 7647/7647
f 7648/7648 7645/7645 7647/7647
f 7649/7649 7650/7650 7651/7651
f 7652/7652 7649/7649 7651/7651
f 7653/7653 7654/7654 7655/7655
f 7656/7656 7653/7653 7655/7655
f 7657/7657 7658/7658 7659/7659
f 7660/7660 7657/7657 7659/7659
f 7661/7661 7662/7662 7663/7663
f 7664/7664 7661/7661 7663/7663
f 7665/7665 7666/7666 7667/7667
f 7668/7668 7665/7665 7667/7667
f 7669/7669 7670/7670 7671/7671
f 7672/7672 7669/7669 7671/7671
f 7673/7673 7674/7674 7675/7675
f 7676/7676 7673/7673 7675/7675
f 7677/7677 7678/7678 7679/7679
f 7680/7680 7677/7677 7679/7679
f 7681/7681 7682/7682 7683/7683
f 7684/7684 7681/7681 7683/7683
f 7685/7685 7686/7686 7687/7687
f 7688/7688 7685/7685 7687/7687
f 7689/7689 7690/7690 7691/7691
f 7692/7692 7689/7689 7691/7691
f 7693/7693 7694/7694 7695/7695
f 7696/7696 7693/7693 7695/7695
f 7697/7697 7698/7698 7699/7699
f 7700/7700 7697/7697 7699/7699
f 7701/7701 7702/7702 7703/7703
f 7704/7704 7701/7701 7703/7703
f 7705/7705 7706/7706 7707/7707
f 7708/7708 7705/7705 7707/7707
f 7709/7709 7710/7710 7711/7711
f 7712/7712 7709/7709 7711/7711
f 7713/7713 7714/7714 7715/7715
f 7716/7716 7713/7713 7715/7715
f 7717/7717 7718/7718 7719/7719
f 7720/7720 7717/7717 7719/7719
f 7721/7721 7722/7722 7723/7723
f 7724/7724 7721/7721 7723/7723
f 7725/7725 7726/7726 7727/7727
f 7728/7728 7725/7725 7727/7727
