# SCP CB Converted Room Mesh

v 15.832103729248047 619.9430541992188 -544.8970947265625
v -0.06293699890375137 639.93505859375 -511.8907470703125
v -0.06293699890375137 619.9430541992188 -548.525146484375
v 28.579111099243164 619.9430541992188 -534.7318115234375
v 35.65290451049805 619.9430541992188 -520.0425415039062
v 35.65290451049805 619.9430541992188 -503.7386779785156
v 28.579111099243164 619.9430541992188 -489.0494079589844
v 15.832103729248047 619.9430541992188 -478.8841552734375
v -0.06293699890375137 619.9430541992188 -475.2563781738281
v -15.957979202270508 619.9430541992188 -544.8970947265625
v -28.704986572265625 619.9430541992188 -534.7318115234375
v -35.778778076171875 619.9430541992188 -520.0425415039062
v -35.778778076171875 619.9430541992188 -503.7386779785156
v -28.704986572265625 619.9430541992188 -489.0494079589844
v -15.957979202270508 619.9430541992188 -478.8841552734375
v -12.244185447692871 649.1827392578125 -515.8485107421875
v -0.06293699890375137 649.1827392578125 -524.6986694335938
v -7.5913848876953125 649.1827392578125 -522.2526245117188
v -12.244185447692871 649.1827392578125 -507.9327392578125
v -12.244185447692871 649.1827392578125 -515.8485107421875
v -8.842967987060547 634.0397338867188 -523.9754638671875
v -14.269401550292969 634.0397338867188 -516.5067138671875
v -7.5913848876953125 649.1827392578125 -522.2526245117188
v -12.244185447692871 649.1827392578125 -507.9327392578125
v -14.269401550292969 634.0397338867188 -507.2748107910156
v -7.5913848876953125 649.1827392578125 -501.5289001464844
v -8.842967987060547 634.0397338867188 -499.8060302734375
v -0.06293699890375137 649.1827392578125 -499.08282470703125
v -0.06293699890375137 634.0397338867188 -496.95318603515625
v 8.717095375061035 634.0397338867188 -523.9754638671875
v 12.118310928344727 649.1827392578125 -515.8485107421875
v 14.143527030944824 634.0397338867188 -516.5067138671875
v 7.465510845184326 649.1827392578125 -522.2526245117188
v 12.118310928344727 649.1827392578125 -507.9327392578125
v 14.143527030944824 634.0397338867188 -507.2748107910156
v 7.465510845184326 649.1827392578125 -501.5289001464844
v 8.717095375061035 634.0397338867188 -499.8060302734375
v -0.06293699890375137 634.0397338867188 -526.828369140625
v -0.06293699890375137 649.1827392578125 -524.6986694335938
v -0.06293699890375137 634.0397338867188 -526.828369140625
v -0.06293699890375137 649.1827392578125 -524.6986694335938
v 23.608104705810547 627.1041870117188 -530.7677001953125
v 14.143527030944824 634.0397338867188 -516.5067138671875
v 29.454376220703125 627.1041870117188 -518.6279296875
v 8.717095375061035 634.0397338867188 -523.9754638671875
v 15.832103729248047 619.9430541992188 -544.8970947265625
v -0.06293699890375137 627.1041870117188 -542.1671142578125
v 13.073448181152344 627.1041870117188 -539.1688232421875
v -0.06293699890375137 619.9430541992188 -548.525146484375
v 28.579111099243164 619.9430541992188 -534.7318115234375
v 35.65290451049805 619.9430541992188 -520.0425415039062
v 14.143527030944824 634.0397338867188 -507.2748107910156
v 29.454376220703125 627.1041870117188 -505.1535949707031
v 35.65290451049805 619.9430541992188 -503.7386779785156
v 28.579111099243164 619.9430541992188 -489.0494079589844
v 23.608104705810547 627.1041870117188 -493.0138244628906
v 15.832103729248047 619.9430541992188 -478.8841552734375
v 13.073448181152344 627.1041870117188 -484.6126708984375
v -0.06293699890375137 634.0397338867188 -496.95318603515625
v -0.06293699890375137 627.1041870117188 -481.6143798828125
v 8.717095375061035 634.0397338867188 -499.8060302734375
v -28.704986572265625 619.9430541992188 -489.0494079589844
v -13.199321746826172 627.1041870117188 -484.6126708984375
v -23.733976364135742 627.1041870117188 -493.0138244628906
v -15.957979202270508 619.9430541992188 -478.8841552734375
v -0.06293699890375137 619.9430541992188 -475.2563781738281
v -0.06293699890375137 627.1041870117188 -542.1671142578125
v -8.842967987060547 634.0397338867188 -523.9754638671875
v -0.06293699890375137 634.0397338867188 -526.828369140625
v -13.199321746826172 627.1041870117188 -539.1688232421875
v -0.06293699890375137 619.9430541992188 -548.525146484375
v -15.957979202270508 619.9430541992188 -544.8970947265625
v -23.733976364135742 627.1041870117188 -530.7677001953125
v -28.704986572265625 619.9430541992188 -534.7318115234375
v -29.580249786376953 627.1041870117188 -518.6279296875
v -35.778778076171875 619.9430541992188 -520.0425415039062
v -14.269401550292969 634.0397338867188 -507.2748107910156
v -8.842967987060547 634.0397338867188 -499.8060302734375
v -29.580249786376953 627.1041870117188 -505.1535949707031
v -35.778778076171875 619.9430541992188 -503.7386779785156
v -0.06293699890375137 726.83056640625 -512.2211303710938
v -0.06293699890375137 726.83056640625 -511.5602111816406
v 0.2675749957561493 726.83056640625 -511.8907165527344
v -0.39344799518585205 726.83056640625 -511.8907165527344
v -0.06293699890375137 726.83056640625 -511.5602111816406
v 0.2675749957561493 647.048583984375 -511.8907165527344
v 0.2675749957561493 726.83056640625 -511.8907165527344
v -0.06293699890375137 647.048583984375 -511.5602111816406
v -0.06293699890375137 647.048583984375 -512.2211303710938
v -0.06293699890375137 726.83056640625 -512.2211303710938
v -0.39344799518585205 726.83056640625 -511.8907165527344
v -0.06293699890375137 647.048583984375 -511.5602111816406
v -0.06293699890375137 726.83056640625 -511.5602111816406
v -0.39344799518585205 647.048583984375 -511.8907165527344
v -0.06293699890375137 637.4387817382812 -506.21063232421875
v -5.3918328285217285 631.0314331054688 -502.6606750488281
v -0.06293699890375137 631.0314331054688 -501.2326965332031
v -4.9819769859313965 637.4387817382812 -509.0506896972656
v -9.293017387390137 631.0314331054688 -506.5618591308594
v -10.720985412597656 631.0314331054688 -511.8907470703125
v -4.9819769859313965 637.4387817382812 -514.7308349609375
v -9.293017387390137 631.0314331054688 -517.2196655273438
v -5.3918328285217285 631.0314331054688 -521.120849609375
v -0.06293699890375137 637.4387817382812 -517.5708618164062
v -0.06293699890375137 631.0314331054688 -522.548828125
v -4.677848815917969 628.9497680664062 -503.89715576171875
v -0.06293699890375137 628.9497680664062 -502.6606750488281
v -8.056281089782715 628.9497680664062 -507.27557373046875
v -9.293017387390137 628.9497680664062 -511.8907470703125
v -8.056281089782715 628.9497680664062 -516.5056762695312
v -4.677848815917969 628.9497680664062 -519.8840942382812
v -0.06293699890375137 628.9497680664062 -521.120849609375
v -0.06293699890375137 637.4387817382812 -517.5708618164062
v 5.265960216522217 631.0314331054688 -521.120849609375
v -0.06293699890375137 631.0314331054688 -522.548828125
v 4.85610294342041 637.4387817382812 -514.7308349609375
v 9.167143821716309 631.0314331054688 -517.2196655273438
v 10.595110893249512 631.0314331054688 -511.8907470703125
v 4.85610294342041 637.4387817382812 -509.0506896972656
v 9.167143821716309 631.0314331054688 -506.5618591308594
v 5.265960216522217 631.0314331054688 -502.6606750488281
v -0.06293699890375137 637.4387817382812 -506.21063232421875
v -0.06293699890375137 631.0314331054688 -501.2326965332031
v 4.551976203918457 628.9497680664062 -519.8840942382812
v -0.06293699890375137 628.9497680664062 -521.120849609375
v 7.930408000946045 628.9497680664062 -516.5056762695312
v 9.167143821716309 628.9497680664062 -511.8907470703125
v 7.930408000946045 628.9497680664062 -507.27557373046875
v 4.551976203918457 628.9497680664062 -503.89715576171875
v -0.06293699890375137 628.9497680664062 -502.6606750488281
v -2.7273850440979004 627.4259643554688 -507.27557373046875
v -0.06293699890375137 628.9497680664062 -502.6606750488281
v -4.677848815917969 628.9497680664062 -503.89715576171875
v -0.06293699890375137 627.4259643554688 -506.5618591308594
v -4.677848815917969 627.4259643554688 -509.2262878417969
v -8.056281089782715 628.9497680664062 -507.27557373046875
v -5.3918328285217285 627.4259643554688 -511.8907470703125
v -9.293017387390137 628.9497680664062 -511.8907470703125
v -4.677848815917969 627.4259643554688 -514.55517578125
v -8.056281089782715 628.9497680664062 -516.5056762695312
v -2.7273850440979004 627.4259643554688 -516.5056762695312
v -4.677848815917969 628.9497680664062 -519.8840942382812
v -0.06293699890375137 627.4259643554688 -517.2196655273438
v 2.601511001586914 627.4259643554688 -516.5056762695312
v 4.551976203918457 627.4259643554688 -514.55517578125
v 5.265960216522217 627.4259643554688 -511.8907470703125
v 4.551976203918457 627.4259643554688 -509.2262878417969
v 2.601511001586914 627.4259643554688 -507.27557373046875
v -0.06293699890375137 626.8681640625 -511.8907470703125
v -0.06293699890375137 634.0397338867188 -526.828369140625
v 23.608104705810547 627.1041870117188 -493.0138244628906
v -13.199321746826172 627.1041870117188 -484.6126708984375
v -14.269401550292969 634.0397338867188 -516.5067138671875
v 12.118310928344727 649.1827392578125 -507.9327392578125
v -0.06293699890375137 649.1827392578125 -499.08282470703125
v 7.465510845184326 649.1827392578125 -501.5289001464844
v 12.118310928344727 649.1827392578125 -515.8485107421875
v -7.5913848876953125 649.1827392578125 -501.5289001464844
v 7.465510845184326 649.1827392578125 -522.2526245117188
v 15.832103729248047 619.9430541992188 -32.8970947265625
v -0.06293699890375137 639.93505859375 0.10924503207206726
v -0.06293699890375137 619.9430541992188 -36.525123596191406
v 28.579111099243164 619.9430541992188 -22.731842041015625
v 35.65290451049805 619.9430541992188 -8.042564392089844
v 35.65290451049805 619.9430541992188 8.261322021484375
v 28.579111099243164 619.9430541992188 22.950584411621094
v 15.832103729248047 619.9430541992188 33.11583709716797
v -0.06293699890375137 619.9430541992188 36.743621826171875
v -15.957979202270508 619.9430541992188 -32.8970947265625
v -28.704986572265625 619.9430541992188 -22.731842041015625
v -35.778778076171875 619.9430541992188 -8.042564392089844
v -35.778778076171875 619.9430541992188 8.261322021484375
v -28.704986572265625 619.9430541992188 22.950584411621094
v -15.957979202270508 619.9430541992188 33.11583709716797
v -12.244185447692871 649.1827392578125 -3.848510980606079
v -0.06293699890375137 649.1827392578125 -12.698688507080078
v -7.5913848876953125 649.1827392578125 -10.252613067626953
v -12.244185447692871 649.1827392578125 4.067261219024658
v -12.244185447692871 649.1827392578125 -3.848510980606079
v -8.842967987060547 634.0397338867188 -11.975494384765625
v -14.269401550292969 634.0397338867188 -4.506694793701172
v -7.5913848876953125 649.1827392578125 -10.252613067626953
v -12.244185447692871 649.1827392578125 4.067261219024658
v -14.269401550292969 634.0397338867188 4.725189208984375
v -7.5913848876953125 649.1827392578125 10.471092224121094
v -8.842967987060547 634.0397338867188 12.193977355957031
v -0.06293699890375137 649.1827392578125 12.917182922363281
v -0.06293699890375137 634.0397338867188 15.046829223632812
v 8.717095375061035 634.0397338867188 -11.975494384765625
v 12.118310928344727 649.1827392578125 -3.848510980606079
v 14.143527030944824 634.0397338867188 -4.506694793701172
v 7.465510845184326 649.1827392578125 -10.252613067626953
v 12.118310928344727 649.1827392578125 4.067261219024658
v 14.143527030944824 634.0397338867188 4.725189208984375
v 7.465510845184326 649.1827392578125 10.471092224121094
v 8.717095375061035 634.0397338867188 12.193977355957031
v -0.06293699890375137 634.0397338867188 -14.828353881835938
v -0.06293699890375137 649.1827392578125 -12.698688507080078
v -0.06293699890375137 634.0397338867188 -14.828353881835938
v -0.06293699890375137 649.1827392578125 -12.698688507080078
v 23.608104705810547 627.1041870117188 -18.767684936523438
v 14.143527030944824 634.0397338867188 -4.506694793701172
v 29.454376220703125 627.1041870117188 -6.627906799316406
v 8.717095375061035 634.0397338867188 -11.975494384765625
v 15.832103729248047 619.9430541992188 -32.8970947265625
v -0.06293699890375137 627.1041870117188 -30.16710662841797
v 13.073448181152344 627.1041870117188 -27.168838500976562
v -0.06293699890375137 619.9430541992188 -36.525123596191406
v 28.579111099243164 619.9430541992188 -22.731842041015625
v 35.65290451049805 619.9430541992188 -8.042564392089844
v 14.143527030944824 634.0397338867188 4.725189208984375
v 29.454376220703125 627.1041870117188 6.846405029296875
v 35.65290451049805 619.9430541992188 8.261322021484375
v 28.579111099243164 619.9430541992188 22.950584411621094
v 23.608104705810547 627.1041870117188 18.986167907714844
v 15.832103729248047 619.9430541992188 33.11583709716797
v 13.073448181152344 627.1041870117188 27.38733673095703
v -0.06293699890375137 634.0397338867188 15.046829223632812
v -0.06293699890375137 627.1041870117188 30.385604858398438
v 8.717095375061035 634.0397338867188 12.193977355957031
v -28.704986572265625 619.9430541992188 22.950584411621094
v -13.199321746826172 627.1041870117188 27.38733673095703
v -23.733976364135742 627.1041870117188 18.986167907714844
v -15.957979202270508 619.9430541992188 33.11583709716797
v -0.06293699890375137 619.9430541992188 36.743621826171875
v -0.06293699890375137 627.1041870117188 -30.16710662841797
v -8.842967987060547 634.0397338867188 -11.975494384765625
v -0.06293699890375137 634.0397338867188 -14.828353881835938
v -13.199321746826172 627.1041870117188 -27.168838500976562
v -0.06293699890375137 619.9430541992188 -36.525123596191406
v -15.957979202270508 619.9430541992188 -32.8970947265625
v -23.733976364135742 627.1041870117188 -18.767684936523438
v -28.704986572265625 619.9430541992188 -22.731842041015625
v -29.580249786376953 627.1041870117188 -6.627906799316406
v -35.778778076171875 619.9430541992188 -8.042564392089844
v -14.269401550292969 634.0397338867188 4.725189208984375
v -8.842967987060547 634.0397338867188 12.193977355957031
v -29.580249786376953 627.1041870117188 6.846405029296875
v -35.778778076171875 619.9430541992188 8.261322021484375
v -0.06293699890375137 726.83056640625 -0.22115196287631989
v -0.06293699890375137 726.83056640625 0.439799040555954
v 0.2675749957561493 726.83056640625 0.10929103195667267
v -0.39344799518585205 726.83056640625 0.10929103195667267
v -0.06293699890375137 726.83056640625 0.439799040555954
v 0.2675749957561493 647.048583984375 0.10929103195667267
v 0.2675749957561493 726.83056640625 0.10929103195667267
v -0.06293699890375137 647.048583984375 0.439799040555954
v -0.06293699890375137 647.048583984375 -0.22115196287631989
v -0.06293699890375137 726.83056640625 -0.22115196287631989
v -0.39344799518585205 726.83056640625 0.10929103195667267
v -0.06293699890375137 647.048583984375 0.439799040555954
v -0.06293699890375137 726.83056640625 0.439799040555954
v -0.39344799518585205 647.048583984375 0.10929103195667267
v -0.06293699890375137 637.4387817382812 5.789368152618408
v -5.3918328285217285 631.0314331054688 9.339324951171875
v -0.06293699890375137 631.0314331054688 10.767303466796875
v -4.9819769859313965 637.4387817382812 2.949310064315796
v -9.293017387390137 631.0314331054688 5.438140869140625
v -10.720985412597656 631.0314331054688 0.10924503207206726
v -4.9819769859313965 637.4387817382812 -2.730815887451172
v -9.293017387390137 631.0314331054688 -5.219654083251953
v -5.3918328285217285 631.0314331054688 -9.120834350585938
v -0.06293699890375137 637.4387817382812 -5.570885181427002
v -0.06293699890375137 631.0314331054688 -10.548805236816406
v -4.677848815917969 628.9497680664062 8.10284423828125
v -0.06293699890375137 628.9497680664062 9.339324951171875
v -8.056281089782715 628.9497680664062 4.7244110107421875
v -9.293017387390137 628.9497680664062 0.10924503207206726
v -8.056281089782715 628.9497680664062 -4.505669116973877
v -4.677848815917969 628.9497680664062 -7.884098052978516
v -0.06293699890375137 628.9497680664062 -9.120834350585938
v -0.06293699890375137 637.4387817382812 -5.570885181427002
v 5.265960216522217 631.0314331054688 -9.120834350585938
v -0.06293699890375137 631.0314331054688 -10.548805236816406
v 4.85610294342041 637.4387817382812 -2.730815887451172
v 9.167143821716309 631.0314331054688 -5.219654083251953
v 10.595110893249512 631.0314331054688 0.10924503207206726
v 4.85610294342041 637.4387817382812 2.949310064315796
v 9.167143821716309 631.0314331054688 5.438140869140625
v 5.265960216522217 631.0314331054688 9.339324951171875
v -0.06293699890375137 637.4387817382812 5.789368152618408
v -0.06293699890375137 631.0314331054688 10.767303466796875
v 4.551976203918457 628.9497680664062 -7.884098052978516
v -0.06293699890375137 628.9497680664062 -9.120834350585938
v 7.930408000946045 628.9497680664062 -4.505669116973877
v 9.167143821716309 628.9497680664062 0.10924503207206726
v 7.930408000946045 628.9497680664062 4.7244110107421875
v 4.551976203918457 628.9497680664062 8.10284423828125
v -0.06293699890375137 628.9497680664062 9.339324951171875
v -2.7273850440979004 627.4259643554688 4.7244110107421875
v -0.06293699890375137 628.9497680664062 9.339324951171875
v -4.677848815917969 628.9497680664062 8.10284423828125
v -0.06293699890375137 627.4259643554688 5.438140869140625
v -4.677848815917969 627.4259643554688 2.7737040519714355
v -8.056281089782715 628.9497680664062 4.7244110107421875
v -5.3918328285217285 627.4259643554688 0.10924503207206726
v -9.293017387390137 628.9497680664062 0.10924503207206726
v -4.677848815917969 627.4259643554688 -2.555198907852173
v -8.056281089782715 628.9497680664062 -4.505669116973877
v -2.7273850440979004 627.4259643554688 -4.505669116973877
v -4.677848815917969 628.9497680664062 -7.884098052978516
v -0.06293699890375137 627.4259643554688 -5.219654083251953
v 2.601511001586914 627.4259643554688 -4.505669116973877
v 4.551976203918457 627.4259643554688 -2.555198907852173
v 5.265960216522217 627.4259643554688 0.10924503207206726
v 4.551976203918457 627.4259643554688 2.7737040519714355
v 2.601511001586914 627.4259643554688 4.7244110107421875
v -0.06293699890375137 626.8681640625 0.10924503207206726
v -0.06293699890375137 634.0397338867188 -14.828353881835938
v 23.608104705810547 627.1041870117188 18.986167907714844
v -13.199321746826172 627.1041870117188 27.38733673095703
v -14.269401550292969 634.0397338867188 -4.506694793701172
v 12.118310928344727 649.1827392578125 4.067261219024658
v -0.06293699890375137 649.1827392578125 12.917182922363281
v 7.465510845184326 649.1827392578125 10.471092224121094
v 12.118310928344727 649.1827392578125 -3.848510980606079
v -7.5913848876953125 649.1827392578125 10.471092224121094
v 7.465510845184326 649.1827392578125 -10.252613067626953
v 15.832103729248047 619.9430541992188 479.10284423828125
v -0.06293699890375137 639.93505859375 512.1091918945312
v -0.06293699890375137 619.9430541992188 475.4748229980469
v 28.579111099243164 619.9430541992188 489.2680969238281
v 35.65290451049805 619.9430541992188 503.9573669433594
v 35.65290451049805 619.9430541992188 520.26123046875
v 28.579111099243164 619.9430541992188 534.9505004882812
v 15.832103729248047 619.9430541992188 545.1157836914062
v -0.06293699890375137 619.9430541992188 548.7435302734375
v -15.957979202270508 619.9430541992188 479.10284423828125
v -28.704986572265625 619.9430541992188 489.2680969238281
v -35.778778076171875 619.9430541992188 503.9573669433594
v -35.778778076171875 619.9430541992188 520.26123046875
v -28.704986572265625 619.9430541992188 534.9505004882812
v -15.957979202270508 619.9430541992188 545.1157836914062
v -12.244185447692871 649.1827392578125 508.15142822265625
v -0.06293699890375137 649.1827392578125 499.3012390136719
v -7.5913848876953125 649.1827392578125 501.747314453125
v -12.244185447692871 649.1827392578125 516.0671997070312
v -12.244185447692871 649.1827392578125 508.15142822265625
v -8.842967987060547 634.0397338867188 500.0244445800781
v -14.269401550292969 634.0397338867188 507.4932556152344
v -7.5913848876953125 649.1827392578125 501.747314453125
v -12.244185447692871 649.1827392578125 516.0671997070312
v -14.269401550292969 634.0397338867188 516.72509765625
v -7.5913848876953125 649.1827392578125 522.4710083007812
v -8.842967987060547 634.0397338867188 524.1939086914062
v -0.06293699890375137 649.1827392578125 524.9171142578125
v -0.06293699890375137 634.0397338867188 527.0467529296875
v 8.717095375061035 634.0397338867188 500.0244445800781
v 12.118310928344727 649.1827392578125 508.15142822265625
v 14.143527030944824 634.0397338867188 507.4932556152344
v 7.465510845184326 649.1827392578125 501.747314453125
v 12.118310928344727 649.1827392578125 516.0671997070312
v 14.143527030944824 634.0397338867188 516.72509765625
v 7.465510845184326 649.1827392578125 522.4710083007812
v 8.717095375061035 634.0397338867188 524.1939086914062
v -0.06293699890375137 634.0397338867188 497.17156982421875
v -0.06293699890375137 649.1827392578125 499.3012390136719
v -0.06293699890375137 634.0397338867188 497.17156982421875
v -0.06293699890375137 649.1827392578125 499.3012390136719
v 23.608104705810547 627.1041870117188 493.23223876953125
v 14.143527030944824 634.0397338867188 507.4932556152344
v 29.454376220703125 627.1041870117188 505.3720397949219
v 8.717095375061035 634.0397338867188 500.0244445800781
v 15.832103729248047 619.9430541992188 479.10284423828125
v -0.06293699890375137 627.1041870117188 481.83282470703125
v 13.073448181152344 627.1041870117188 484.83111572265625
v -0.06293699890375137 619.9430541992188 475.4748229980469
v 28.579111099243164 619.9430541992188 489.2680969238281
v 35.65290451049805 619.9430541992188 503.9573669433594
v 14.143527030944824 634.0397338867188 516.72509765625
v 29.454376220703125 627.1041870117188 518.8463134765625
v 35.65290451049805 619.9430541992188 520.26123046875
v 28.579111099243164 619.9430541992188 534.9505004882812
v 23.608104705810547 627.1041870117188 530.986083984375
v 15.832103729248047 619.9430541992188 545.1157836914062
v 13.073448181152344 627.1041870117188 539.3872680664062
v -0.06293699890375137 634.0397338867188 527.0467529296875
v -0.06293699890375137 627.1041870117188 542.3855590820312
v 8.717095375061035 634.0397338867188 524.1939086914062
v -28.704986572265625 619.9430541992188 534.9505004882812
v -13.199321746826172 627.1041870117188 539.3872680664062
v -23.733976364135742 627.1041870117188 530.986083984375
v -15.957979202270508 619.9430541992188 545.1157836914062
v -0.06293699890375137 619.9430541992188 548.7435302734375
v -0.06293699890375137 627.1041870117188 481.83282470703125
v -8.842967987060547 634.0397338867188 500.0244445800781
v -0.06293699890375137 634.0397338867188 497.17156982421875
v -13.199321746826172 627.1041870117188 484.83111572265625
v -0.06293699890375137 619.9430541992188 475.4748229980469
v -15.957979202270508 619.9430541992188 479.10284423828125
v -23.733976364135742 627.1041870117188 493.23223876953125
v -28.704986572265625 619.9430541992188 489.2680969238281
v -29.580249786376953 627.1041870117188 505.3720397949219
v -35.778778076171875 619.9430541992188 503.9573669433594
v -14.269401550292969 634.0397338867188 516.72509765625
v -8.842967987060547 634.0397338867188 524.1939086914062
v -29.580249786376953 627.1041870117188 518.8463134765625
v -35.778778076171875 619.9430541992188 520.26123046875
v -0.06293699890375137 726.83056640625 511.7787780761719
v -0.06293699890375137 726.83056640625 512.4397583007812
v 0.2675749957561493 726.83056640625 512.1092529296875
v -0.39344799518585205 726.83056640625 512.1092529296875
v -0.06293699890375137 726.83056640625 512.4397583007812
v 0.2675749957561493 647.048583984375 512.1092529296875
v 0.2675749957561493 726.83056640625 512.1092529296875
v -0.06293699890375137 647.048583984375 512.4397583007812
v -0.06293699890375137 647.048583984375 511.7787780761719
v -0.06293699890375137 726.83056640625 511.7787780761719
v -0.39344799518585205 726.83056640625 512.1092529296875
v -0.06293699890375137 647.048583984375 512.4397583007812
v -0.06293699890375137 726.83056640625 512.4397583007812
v -0.39344799518585205 647.048583984375 512.1092529296875
v -0.06293699890375137 637.4387817382812 517.789306640625
v -5.3918328285217285 631.0314331054688 521.3392333984375
v -0.06293699890375137 631.0314331054688 522.7672119140625
v -4.9819769859313965 637.4387817382812 514.94921875
v -9.293017387390137 631.0314331054688 517.4381103515625
v -10.720985412597656 631.0314331054688 512.1091918945312
v -4.9819769859313965 637.4387817382812 509.2691345214844
v -9.293017387390137 631.0314331054688 506.7802734375
v -5.3918328285217285 631.0314331054688 502.87908935546875
v -0.06293699890375137 637.4387817382812 506.4290466308594
v -0.06293699890375137 631.0314331054688 501.4511413574219
v -4.677848815917969 628.9497680664062 520.102783203125
v -0.06293699890375137 628.9497680664062 521.3392333984375
v -8.056281089782715 628.9497680664062 516.724365234375
v -9.293017387390137 628.9497680664062 512.1091918945312
v -8.056281089782715 628.9497680664062 507.4942626953125
v -4.677848815917969 628.9497680664062 504.1158447265625
v -0.06293699890375137 628.9497680664062 502.87908935546875
v -0.06293699890375137 637.4387817382812 506.4290466308594
v 5.265960216522217 631.0314331054688 502.87908935546875
v -0.06293699890375137 631.0314331054688 501.4511413574219
v 4.85610294342041 637.4387817382812 509.2691345214844
v 9.167143821716309 631.0314331054688 506.7802734375
v 10.595110893249512 631.0314331054688 512.1091918945312
v 4.85610294342041 637.4387817382812 514.94921875
v 9.167143821716309 631.0314331054688 517.4381103515625
v 5.265960216522217 631.0314331054688 521.3392333984375
v -0.06293699890375137 637.4387817382812 517.789306640625
v -0.06293699890375137 631.0314331054688 522.7672119140625
v 4.551976203918457 628.9497680664062 504.1158447265625
v -0.06293699890375137 628.9497680664062 502.87908935546875
v 7.930408000946045 628.9497680664062 507.4942626953125
v 9.167143821716309 628.9497680664062 512.1091918945312
v 7.930408000946045 628.9497680664062 516.724365234375
v 4.551976203918457 628.9497680664062 520.102783203125
v -0.06293699890375137 628.9497680664062 521.3392333984375
v -2.7273850440979004 627.4259643554688 516.724365234375
v -0.06293699890375137 628.9497680664062 521.3392333984375
v -4.677848815917969 628.9497680664062 520.102783203125
v -0.06293699890375137 627.4259643554688 517.4381103515625
v -4.677848815917969 627.4259643554688 514.7736206054688
v -8.056281089782715 628.9497680664062 516.724365234375
v -5.3918328285217285 627.4259643554688 512.1091918945312
v -9.293017387390137 628.9497680664062 512.1091918945312
v -4.677848815917969 627.4259643554688 509.4447326660156
v -8.056281089782715 628.9497680664062 507.4942626953125
v -2.7273850440979004 627.4259643554688 507.4942626953125
v -4.677848815917969 628.9497680664062 504.1158447265625
v -0.06293699890375137 627.4259643554688 506.7802734375
v 2.601511001586914 627.4259643554688 507.4942626953125
v 4.551976203918457 627.4259643554688 509.4447326660156
v 5.265960216522217 627.4259643554688 512.1091918945312
v 4.551976203918457 627.4259643554688 514.7736206054688
v 2.601511001586914 627.4259643554688 516.724365234375
v -0.06293699890375137 626.8681640625 512.1091918945312
v -0.06293699890375137 634.0397338867188 497.17156982421875
v 23.608104705810547 627.1041870117188 530.986083984375
v -13.199321746826172 627.1041870117188 539.3872680664062
v -14.269401550292969 634.0397338867188 507.4932556152344
v 12.118310928344727 649.1827392578125 516.0671997070312
v -0.06293699890375137 649.1827392578125 524.9171142578125
v 7.465510845184326 649.1827392578125 522.4710083007812
v 12.118310928344727 649.1827392578125 508.15142822265625
v -7.5913848876953125 649.1827392578125 522.4710083007812
v 7.465510845184326 649.1827392578125 501.747314453125
v -256.0 0.0 1024.0
v -256.0 0.0 -1024.0
v -256.0 -1.0 -1024.0
v -256.0 -1.0 1024.0
v 288.0 0.0 -1024.0
v 288.0 0.0 1024.0
v 288.0 -1.0 1024.0
v 288.0 -1.0 -1024.0
v 288.0 0.0 -1024.0
v 288.0 -1.0 -1024.0
v -256.0 -1.0 -1024.0
v -256.0 0.0 -1024.0
v 288.0 -1.0 1024.0
v 288.0 0.0 1024.0
v -256.0 0.0 1024.0
v -256.0 -1.0 1024.0
v -256.0 0.0 1024.0
v 288.0 0.0 1024.0
v 288.0 0.0 -1024.0
v -256.0 0.0 -1024.0
v 304.0 705.0 -1024.0
v 304.0 704.0 -1024.0
v -304.0 704.0 -1024.0
v -304.0 705.0 -1024.0
v 304.0 704.0 1024.0
v 304.0 705.0 1024.0
v -304.0 705.0 1024.0
v -304.0 704.0 1024.0
v 304.0 704.0 1024.0
v -304.0 704.0 1024.0
v -304.0 704.0 -1024.0
v 304.0 704.0 -1024.0
v -304.0 705.0 1024.0
v -304.0 705.0 -1024.0
v -304.0 704.0 -1024.0
v -304.0 704.0 1024.0
v 304.0 705.0 -1024.0
v 304.0 705.0 1024.0
v 304.0 704.0 1024.0
v 304.0 704.0 -1024.0
v 226.0 320.0 1024.0
v 226.0 320.0 992.0
v 226.0 352.0 992.0
v 226.0 352.0 1024.0
v -256.0 352.0 992.0
v 226.0 352.0 992.0
v 226.0 320.0 992.0
v -256.0 320.0 992.0
v 226.0 320.0 992.0
v 226.0 320.0 1024.0
v -256.0 320.0 1024.0
v -256.0 320.0 992.0
v -256.0 0.0 1024.0
v -256.0 0.0 992.0
v -96.0 0.0 992.0
v -96.0 0.0 1024.0
v -96.0 320.0 992.0
v -96.0 0.0 992.0
v -256.0 0.0 992.0
v -256.0 320.0 992.0
v -256.0 320.0 992.0
v -256.0 320.0 1024.0
v -96.0 320.0 1024.0
v -96.0 320.0 992.0
v -96.0 0.0 992.0
v -96.0 320.0 992.0
v -96.0 320.0 1024.0
v -96.0 0.0 1024.0
v 256.0 0.0 992.0
v 256.0 0.0 1024.0
v 96.0 0.0 1024.0
v 96.0 0.0 992.0
v 256.0 320.0 992.0
v 256.0 0.0 992.0
v 96.0 0.0 992.0
v 96.0 320.0 992.0
v 256.0 320.0 1024.0
v 256.0 320.0 992.0
v 96.0 320.0 992.0
v 96.0 320.0 1024.0
v 96.0 0.0 1024.0
v 96.0 320.0 1024.0
v 96.0 320.0 992.0
v 96.0 0.0 992.0
v -224.0008544921875 352.0 -704.0
v -224.0008544921875 0.0 -704.0
v -304.0 0.0 -704.0
v -304.0 352.0 -704.0
v -224.0008544921875 0.0 -704.0
v -223.9998779296875 0.0 704.0
v -304.0 0.0 704.0
v -304.0 0.0 -704.0
v -224.0008544921875 0.0 -704.0
v -224.0008544921875 352.0 -704.0
v -223.9998779296875 352.0 704.0
v -223.9998779296875 0.0 704.0
v -223.9998779296875 0.0 704.0
v -223.9998779296875 352.0 704.0
v -304.0 352.0 704.0
v -304.0 0.0 704.0
v -224.0008544921875 0.0 -1024.0
v -223.9998779296875 0.0 -832.0
v -304.0 0.0 -832.0
v -304.0 0.0 -1024.0
v -224.0008544921875 0.0 -1024.0
v -224.0008544921875 352.0 -1024.0
v -223.9998779296875 352.0 -832.0
v -223.9998779296875 0.0 -832.0
v -223.9998779296875 0.0 -832.0
v -223.9998779296875 352.0 -832.0
v -304.0 352.0 -832.0
v -304.0 0.0 -832.0
v -240.0005340576172 128.0 -831.9998779296875
v -240.0005340576172 0.0 -831.9998779296875
v -304.0 0.0 -831.9998779296875
v -304.0 128.0 -831.9998779296875
v -240.0005340576172 0.0 -831.9998779296875
v -240.0 0.0 -704.0
v -304.0 0.0 -704.0
v -304.0 0.0 -831.9998779296875
v -240.0005340576172 0.0 -831.9998779296875
v -240.0005340576172 128.0 -831.9998779296875
v -240.0 128.0 -704.0
v -240.0 0.0 -704.0
v -240.0 0.0 -704.0
v -240.0 128.0 -704.0
v -304.0 128.0 -704.0
v -304.0 0.0 -704.0
v -296.8893737792969 704.0 -831.9998779296875
v -296.8893737792969 192.0 -831.9998779296875
v -304.0 192.0 -831.9998779296875
v -304.0 704.0 -831.9998779296875
v -296.8893737792969 192.0 -831.9998779296875
v -296.88885498046875 192.0 -704.0
v -304.0 192.0 -704.0
v -304.0 192.0 -831.9998779296875
v -304.0 704.0 -831.9998779296875
v -304.0 704.0 -704.0
v -296.88885498046875 704.0 -704.0
v -296.8893737792969 704.0 -831.9998779296875
v -296.8893737792969 192.0 -831.9998779296875
v -296.8893737792969 704.0 -831.9998779296875
v -296.88885498046875 704.0 -704.0
v -296.88885498046875 192.0 -704.0
v -296.88885498046875 192.0 -704.0
v -296.88885498046875 704.0 -704.0
v -304.0 704.0 -704.0
v -304.0 192.0 -704.0
v -296.8889465332031 192.0 -831.9998779296875
v -240.0005340576172 128.0 -831.9998779296875
v -304.0 128.0 -831.9998779296875
v -304.0 192.0 -831.9998779296875
v -240.0005340576172 128.0 -831.9998779296875
v -240.0 128.0 -704.0
v -304.0 128.0 -704.0
v -304.0 128.0 -831.9998779296875
v -304.0 192.0 -831.9998779296875
v -304.0 192.0 -704.0
v -296.8889465332031 192.0 -704.0
v -296.8889465332031 192.0 -831.9998779296875
v -240.0005340576172 128.0 -831.9998779296875
v -296.8889465332031 192.0 -831.9998779296875
v -296.8889465332031 192.0 -704.0
v -240.0 128.0 -704.0
v -240.0 128.0 -704.0
v -296.8889465332031 192.0 -704.0
v -304.0 192.0 -704.0
v -304.0 128.0 -704.0
v -240.0005340576172 128.0 704.0001831054688
v -240.0005340576172 0.0 704.0001831054688
v -304.0 0.0 704.0001831054688
v -304.0 128.0 704.0001831054688
v -240.0005340576172 0.0 704.0001831054688
v -240.0 0.0 832.0000610351562
v -304.0 0.0 832.0000610351562
v -304.0 0.0 704.0001831054688
v -240.0005340576172 0.0 704.0001831054688
v -240.0005340576172 128.0 704.0001831054688
v -240.0 128.0 832.0000610351562
v -240.0 0.0 832.0000610351562
v -240.0 0.0 832.0000610351562
v -240.0 128.0 832.0000610351562
v -304.0 128.0 832.0000610351562
v -304.0 0.0 832.0000610351562
v -296.8893737792969 704.0 704.0001831054688
v -296.8893737792969 192.0 704.0001831054688
v -304.0 192.0 704.0001831054688
v -304.0 704.0 704.0001831054688
v -296.8893737792969 192.0 704.0001831054688
v -296.88885498046875 192.0 832.0000610351562
v -304.0 192.0 832.0000610351562
v -304.0 192.0 704.0001831054688
v -304.0 704.0 704.0001831054688
v -304.0 704.0 832.0000610351562
v -296.88885498046875 704.0 832.0000610351562
v -296.8893737792969 704.0 704.0001831054688
v -296.8893737792969 192.0 704.0001831054688
v -296.8893737792969 704.0 704.0001831054688
v -296.88885498046875 704.0 832.0000610351562
v -296.88885498046875 192.0 832.0000610351562
v -296.88885498046875 192.0 832.0000610351562
v -296.88885498046875 704.0 832.0000610351562
v -304.0 704.0 832.0000610351562
v -304.0 192.0 832.0000610351562
v -296.8889465332031 192.0 704.0001831054688
v -240.0005340576172 128.0 704.0001831054688
v -304.0 128.0 704.0001831054688
v -304.0 192.0 704.0001831054688
v -240.0005340576172 128.0 704.0001831054688
v -240.0 128.0 832.0000610351562
v -304.0 128.0 832.0000610351562
v -304.0 128.0 704.0001831054688
v -304.0 192.0 704.0001831054688
v -304.0 192.0 832.0000610351562
v -296.8889465332031 192.0 832.0000610351562
v -296.8889465332031 192.0 704.0001831054688
v -240.0005340576172 128.0 704.0001831054688
v -296.8889465332031 192.0 704.0001831054688
v -296.8889465332031 192.0 832.0000610351562
v -240.0 128.0 832.0000610351562
v -240.0 128.0 832.0000610351562
v -296.8889465332031 192.0 832.0000610351562
v -304.0 192.0 832.0000610351562
v -304.0 128.0 832.0000610351562
v -224.0008544921875 352.0 832.0
v -224.0008544921875 0.0 832.0
v -304.0 0.0 832.0
v -304.0 352.0 832.0
v -224.0008544921875 0.0 832.0
v -223.9998779296875 0.0 992.0
v -304.0 0.0 992.0
v -304.0 0.0 832.0
v -224.0008544921875 0.0 832.0
v -224.0008544921875 352.0 832.0
v -223.9998779296875 352.0 992.0
v -223.9998779296875 0.0 992.0
v -224.0008544921875 704.0 -704.0
v -224.0008544921875 352.0 -704.0
v -304.0 352.0 -704.0
v -304.0 704.0 -704.0
v -224.0008544921875 352.0 -704.0
v -224.0008544921875 704.0 -704.0
v -223.9998779296875 704.0 -320.0
v -223.9998779296875 352.0 -320.0
v -224.0008544921875 352.0 -1024.0
v -223.9998779296875 352.0 -832.0
v -304.0 352.0 -832.0
v -304.0 352.0 -1024.0
v -224.0008544921875 352.0 -1024.0
v -224.0008544921875 704.0 -1024.0
v -223.9998779296875 704.0 -832.0
v -223.9998779296875 352.0 -832.0
v -223.9998779296875 352.0 -832.0
v -223.9998779296875 704.0 -832.0
v -304.0 704.0 -832.0
v -304.0 352.0 -832.0
v -224.0008544921875 352.0 320.0
v -224.0008544921875 704.0 320.0
v -223.9998779296875 704.0 704.0
v -223.9998779296875 352.0 704.0
v -223.9998779296875 352.0 704.0
v -223.9998779296875 704.0 704.0
v -304.0 704.0 704.0
v -304.0 352.0 704.0
v -224.0008544921875 704.0 832.0
v -224.0008544921875 352.0 832.0
v -304.0 352.0 832.0
v -304.0 704.0 832.0
v -224.0008544921875 352.0 832.0
v -223.9998779296875 352.0 992.0
v -304.0 352.0 992.0
v -304.0 352.0 832.0
v -224.0008544921875 352.0 832.0
v -224.0008544921875 704.0 832.0
v -223.9998779296875 704.0 992.0
v -223.9998779296875 352.0 992.0
v -224.00003051757812 352.0 992.0003662109375
v 228.0 352.0 991.9999389648438
v 228.0 352.0 1024.0
v -224.00003051757812 352.0 1024.0
v -224.00003051757812 352.0 992.0003662109375
v -224.00003051757812 704.0 992.0003662109375
v 228.0 704.0 991.9999389648438
v 228.0 352.0 991.9999389648438
v 228.0 352.0 991.9999389648438
v 228.0 704.0 991.9999389648438
v 228.0 704.0 1024.0
v 228.0 352.0 1024.0
v 223.99998474121094 352.0 -992.0003662109375
v -228.00001525878906 352.0 -992.0
v -228.00001525878906 352.0 -1024.0
v 223.99998474121094 352.0 -1024.0
v 223.99998474121094 352.0 -992.0003662109375
v 223.99998474121094 704.0 -992.0003662109375
v -228.00001525878906 704.0 -992.0
v -228.00001525878906 352.0 -992.0
v -228.00001525878906 352.0 -992.0
v -228.00001525878906 704.0 -992.0
v -228.00001525878906 704.0 -1024.0
v -228.00001525878906 352.0 -1024.0
v 224.0008087158203 352.0 320.0
v 224.0008087158203 0.0 320.0
v 303.99993896484375 0.0 320.0
v 303.99993896484375 352.0 320.0
v 224.0008087158203 0.0 320.0
v 223.9998016357422 0.0 -320.0
v 303.99993896484375 0.0 -320.0
v 303.99993896484375 0.0 320.0
v 224.0008087158203 0.0 320.0
v 224.0008087158203 352.0 320.0
v 223.9998016357422 352.0 -320.0
v 223.9998016357422 0.0 -320.0
v 223.9998016357422 0.0 -320.0
v 223.9998016357422 352.0 -320.0
v 303.99993896484375 352.0 -320.0
v 303.99993896484375 0.0 -320.0
v 240.00051879882812 128.0 -320.00018310546875
v 240.00051879882812 0.0 -320.00018310546875
v 303.9999694824219 0.0 -320.00018310546875
v 303.9999694824219 128.0 -320.00018310546875
v 240.00051879882812 0.0 -320.00018310546875
v 239.99996948242188 0.0 -448.00006103515625
v 303.9999694824219 0.0 -448.00006103515625
v 303.9999694824219 0.0 -320.00018310546875
v 240.00051879882812 0.0 -320.00018310546875
v 240.00051879882812 128.0 -320.00018310546875
v 239.99996948242188 128.0 -448.00006103515625
v 239.99996948242188 0.0 -448.00006103515625
v 239.99996948242188 0.0 -448.00006103515625
v 239.99996948242188 128.0 -448.00006103515625
v 303.9999694824219 128.0 -448.00006103515625
v 303.9999694824219 0.0 -448.00006103515625
v 296.88934326171875 704.0 -320.00018310546875
v 296.88934326171875 192.0 -320.00018310546875
v 303.9999694824219 192.0 -320.00018310546875
v 303.9999694824219 704.0 -320.00018310546875
v 296.88934326171875 192.0 -320.00018310546875
v 296.8888244628906 192.0 -448.00006103515625
v 303.9999694824219 192.0 -448.00006103515625
v 303.9999694824219 192.0 -320.00018310546875
v 303.9999694824219 704.0 -320.00018310546875
v 303.9999694824219 704.0 -448.00006103515625
v 296.8888244628906 704.0 -448.00006103515625
v 296.88934326171875 704.0 -320.00018310546875
v 296.88934326171875 192.0 -320.00018310546875
v 296.88934326171875 704.0 -320.00018310546875
v 296.8888244628906 704.0 -448.00006103515625
v 296.8888244628906 192.0 -448.00006103515625
v 296.8888244628906 192.0 -448.00006103515625
v 296.8888244628906 704.0 -448.00006103515625
v 303.9999694824219 704.0 -448.00006103515625
v 303.9999694824219 192.0 -448.00006103515625
v 296.888916015625 192.0 -320.00018310546875
v 240.00051879882812 128.0 -320.00018310546875
v 303.9999694824219 128.0 -320.00018310546875
v 303.9999694824219 192.0 -320.00018310546875
v 240.00051879882812 128.0 -320.00018310546875
v 239.99996948242188 128.0 -448.00006103515625
v 303.9999694824219 128.0 -448.00006103515625
v 303.9999694824219 128.0 -320.00018310546875
v 303.9999694824219 192.0 -320.00018310546875
v 303.9999694824219 192.0 -448.00006103515625
v 296.888916015625 192.0 -448.00006103515625
v 296.888916015625 192.0 -320.00018310546875
v 240.00051879882812 128.0 -320.00018310546875
v 296.888916015625 192.0 -320.00018310546875
v 296.888916015625 192.0 -448.00006103515625
v 239.99996948242188 128.0 -448.00006103515625
v 239.99996948242188 128.0 -448.00006103515625
v 296.888916015625 192.0 -448.00006103515625
v 303.9999694824219 192.0 -448.00006103515625
v 303.9999694824219 128.0 -448.00006103515625
v 240.00057983398438 128.0 447.99993896484375
v 240.00057983398438 0.0 447.99993896484375
v 304.0000305175781 0.0 447.99993896484375
v 304.0000305175781 128.0 447.99993896484375
v 240.00057983398438 0.0 447.99993896484375
v 240.00003051757812 0.0 320.00006103515625
v 304.0000305175781 0.0 320.00006103515625
v 304.0000305175781 0.0 447.99993896484375
v 240.00057983398438 0.0 447.99993896484375
v 240.00057983398438 128.0 447.99993896484375
v 240.00003051757812 128.0 320.00006103515625
v 240.00003051757812 0.0 320.00006103515625
v 240.00003051757812 0.0 320.00006103515625
v 240.00003051757812 128.0 320.00006103515625
v 304.0000305175781 128.0 320.00006103515625
v 304.0000305175781 0.0 320.00006103515625
v 296.889404296875 704.0 447.99993896484375
v 296.889404296875 192.0 447.99993896484375
v 304.0000305175781 192.0 447.99993896484375
v 304.0000305175781 704.0 447.99993896484375
v 296.889404296875 192.0 447.99993896484375
v 296.8888854980469 192.0 320.00006103515625
v 304.0000305175781 192.0 320.00006103515625
v 304.0000305175781 192.0 447.99993896484375
v 304.0000305175781 704.0 447.99993896484375
v 304.0000305175781 704.0 320.00006103515625
v 296.8888854980469 704.0 320.00006103515625
v 296.889404296875 704.0 447.99993896484375
v 296.889404296875 192.0 447.99993896484375
v 296.889404296875 704.0 447.99993896484375
v 296.8888854980469 704.0 320.00006103515625
v 296.8888854980469 192.0 320.00006103515625
v 296.8888854980469 192.0 320.00006103515625
v 296.8888854980469 704.0 320.00006103515625
v 304.0000305175781 704.0 320.00006103515625
v 304.0000305175781 192.0 320.00006103515625
v 296.88897705078125 192.0 447.99993896484375
v 240.00057983398438 128.0 447.99993896484375
v 304.0000305175781 128.0 447.99993896484375
v 304.0000305175781 192.0 447.99993896484375
v 240.00057983398438 128.0 447.99993896484375
v 240.00003051757812 128.0 320.00006103515625
v 304.0000305175781 128.0 320.00006103515625
v 304.0000305175781 128.0 447.99993896484375
v 304.0000305175781 192.0 447.99993896484375
v 304.0000305175781 192.0 320.00006103515625
v 296.88897705078125 192.0 320.00006103515625
v 296.88897705078125 192.0 447.99993896484375
v 240.00057983398438 128.0 447.99993896484375
v 296.88897705078125 192.0 447.99993896484375
v 296.88897705078125 192.0 320.00006103515625
v 240.00003051757812 128.0 320.00006103515625
v 240.00003051757812 128.0 320.00006103515625
v 296.88897705078125 192.0 320.00006103515625
v 304.0000305175781 192.0 320.00006103515625
v 304.0000305175781 128.0 320.00006103515625
v 224.00094604492188 0.0 1024.0
v 223.99996948242188 0.0 832.0
v 304.0000915527344 0.0 832.0
v 304.0000915527344 0.0 1024.0
v 224.00094604492188 0.0 1024.0
v 224.00094604492188 352.0 1024.0
v 223.99996948242188 352.0 832.0
v 223.99996948242188 0.0 832.0
v 223.99996948242188 0.0 832.0
v 223.99996948242188 352.0 832.0
v 304.0000915527344 352.0 832.0
v 304.0000915527344 0.0 832.0
v 240.0006103515625 128.0 831.9999389648438
v 240.0006103515625 0.0 831.9999389648438
v 304.00006103515625 0.0 831.9999389648438
v 304.00006103515625 128.0 831.9999389648438
v 240.0006103515625 0.0 831.9999389648438
v 240.00006103515625 0.0 704.0000610351562
v 304.00006103515625 0.0 704.0000610351562
v 304.00006103515625 0.0 831.9999389648438
v 240.0006103515625 0.0 831.9999389648438
v 240.0006103515625 128.0 831.9999389648438
v 240.00006103515625 128.0 704.0000610351562
v 240.00006103515625 0.0 704.0000610351562
v 240.00006103515625 0.0 704.0000610351562
v 240.00006103515625 128.0 704.0000610351562
v 304.00006103515625 128.0 704.0000610351562
v 304.00006103515625 0.0 704.0000610351562
v 296.8894348144531 704.0 831.9999389648438
v 296.8894348144531 192.0 831.9999389648438
v 304.00006103515625 192.0 831.9999389648438
v 304.00006103515625 704.0 831.9999389648438
v 296.8894348144531 192.0 831.9999389648438
v 296.888916015625 192.0 704.0000610351562
v 304.00006103515625 192.0 704.0000610351562
v 304.00006103515625 192.0 831.9999389648438
v 304.00006103515625 704.0 831.9999389648438
v 304.00006103515625 704.0 704.0000610351562
v 296.888916015625 704.0 704.0000610351562
v 296.8894348144531 704.0 831.9999389648438
v 296.8894348144531 192.0 831.9999389648438
v 296.8894348144531 704.0 831.9999389648438
v 296.888916015625 704.0 704.0000610351562
v 296.888916015625 192.0 704.0000610351562
v 296.888916015625 192.0 704.0000610351562
v 296.888916015625 704.0 704.0000610351562
v 304.00006103515625 704.0 704.0000610351562
v 304.00006103515625 192.0 704.0000610351562
v 296.8890075683594 192.0 831.9999389648438
v 240.0006103515625 128.0 831.9999389648438
v 304.00006103515625 128.0 831.9999389648438
v 304.00006103515625 192.0 831.9999389648438
v 240.0006103515625 128.0 831.9999389648438
v 240.00006103515625 128.0 704.0000610351562
v 304.00006103515625 128.0 704.0000610351562
v 304.00006103515625 128.0 831.9999389648438
v 304.00006103515625 192.0 831.9999389648438
v 304.00006103515625 192.0 704.0000610351562
v 296.8890075683594 192.0 704.0000610351562
v 296.8890075683594 192.0 831.9999389648438
v 240.0006103515625 128.0 831.9999389648438
v 296.8890075683594 192.0 831.9999389648438
v 296.8890075683594 192.0 704.0000610351562
v 240.00006103515625 128.0 704.0000610351562
v 240.00006103515625 128.0 704.0000610351562
v 296.8890075683594 192.0 704.0000610351562
v 304.00006103515625 192.0 704.0000610351562
v 304.00006103515625 128.0 704.0000610351562
v 240.00048828125 128.0 -704.0001831054688
v 240.00048828125 0.0 -704.0001831054688
v 303.99993896484375 0.0 -704.0001831054688
v 303.99993896484375 128.0 -704.0001831054688
v 240.00048828125 0.0 -704.0001831054688
v 239.99993896484375 0.0 -832.0000610351562
v 303.99993896484375 0.0 -832.0000610351562
v 303.99993896484375 0.0 -704.0001831054688
v 303.99993896484375 128.0 -704.0001831054688
v 303.99993896484375 128.0 -832.0000610351562
v 239.99993896484375 128.0 -832.0000610351562
v 240.00048828125 128.0 -704.0001831054688
v 240.00048828125 0.0 -704.0001831054688
v 240.00048828125 128.0 -704.0001831054688
v 239.99993896484375 128.0 -832.0000610351562
v 239.99993896484375 0.0 -832.0000610351562
v 239.99993896484375 0.0 -832.0000610351562
v 239.99993896484375 128.0 -832.0000610351562
v 303.99993896484375 128.0 -832.0000610351562
v 303.99993896484375 0.0 -832.0000610351562
v 296.8893127441406 704.0 -704.0001831054688
v 296.8893127441406 192.0 -704.0001831054688
v 303.99993896484375 192.0 -704.0001831054688
v 303.99993896484375 704.0 -704.0001831054688
v 296.8893127441406 192.0 -704.0001831054688
v 296.8887939453125 192.0 -832.0000610351562
v 303.99993896484375 192.0 -832.0000610351562
v 303.99993896484375 192.0 -704.0001831054688
v 303.99993896484375 704.0 -704.0001831054688
v 303.99993896484375 704.0 -832.0000610351562
v 296.8887939453125 704.0 -832.0000610351562
v 296.8893127441406 704.0 -704.0001831054688
v 296.8893127441406 192.0 -704.0001831054688
v 296.8893127441406 704.0 -704.0001831054688
v 296.8887939453125 704.0 -832.0000610351562
v 296.8887939453125 192.0 -832.0000610351562
v 296.8887939453125 192.0 -832.0000610351562
v 296.8887939453125 704.0 -832.0000610351562
v 303.99993896484375 704.0 -832.0000610351562
v 303.99993896484375 192.0 -832.0000610351562
v 296.8888854980469 192.0 -704.0001831054688
v 240.00048828125 128.0 -704.0001831054688
v 303.99993896484375 128.0 -704.0001831054688
v 303.99993896484375 192.0 -704.0001831054688
v 240.00048828125 128.0 -704.0001831054688
v 239.99993896484375 128.0 -832.0000610351562
v 303.99993896484375 128.0 -832.0000610351562
v 303.99993896484375 128.0 -704.0001831054688
v 303.99993896484375 192.0 -704.0001831054688
v 303.99993896484375 192.0 -832.0000610351562
v 296.8888854980469 192.0 -832.0000610351562
v 296.8888854980469 192.0 -704.0001831054688
v 240.00048828125 128.0 -704.0001831054688
v 296.8888854980469 192.0 -704.0001831054688
v 296.8888854980469 192.0 -832.0000610351562
v 239.99993896484375 128.0 -832.0000610351562
v 239.99993896484375 128.0 -832.0000610351562
v 296.8888854980469 192.0 -832.0000610351562
v 303.99993896484375 192.0 -832.0000610351562
v 303.99993896484375 128.0 -832.0000610351562
v 224.00076293945312 352.0 -832.0
v 224.00076293945312 0.0 -832.0
v 303.9999084472656 0.0 -832.0
v 303.9999084472656 352.0 -832.0
v 224.00076293945312 0.0 -832.0
v 223.99978637695312 0.0 -992.0
v 303.9999084472656 0.0 -992.0
v 303.9999084472656 0.0 -832.0
v 224.00076293945312 0.0 -832.0
v 224.00076293945312 352.0 -832.0
v 223.99978637695312 352.0 -992.0
v 223.99978637695312 0.0 -992.0
v 224.0008087158203 704.0 320.0
v 224.0008087158203 352.0 320.0
v 303.99993896484375 352.0 320.0
v 303.99993896484375 704.0 320.0
v 224.0008087158203 352.0 320.0
v 223.9998016357422 352.0 -320.0
v 303.99993896484375 352.0 -320.0
v 303.99993896484375 352.0 320.0
v 224.0008087158203 352.0 320.0
v 224.0008087158203 704.0 320.0
v 223.9998016357422 704.0 -320.0
v 223.9998016357422 352.0 -320.0
v 223.9998016357422 352.0 -320.0
v 223.9998016357422 704.0 -320.0
v 303.99993896484375 704.0 -320.0
v 303.99993896484375 352.0 -320.0
v 224.0009307861328 704.0 704.0
v 224.0009307861328 352.0 704.0
v 304.00006103515625 352.0 704.0
v 304.00006103515625 704.0 704.0
v 224.0009307861328 352.0 704.0
v 223.9999237060547 352.0 448.0
v 304.00006103515625 352.0 448.0
v 304.00006103515625 352.0 704.0
v 224.0009307861328 352.0 704.0
v 224.0009307861328 704.0 704.0
v 223.9999237060547 704.0 448.0
v 223.9999237060547 352.0 448.0
v 223.9999237060547 352.0 448.0
v 223.9999237060547 704.0 448.0
v 304.00006103515625 704.0 448.0
v 304.00006103515625 352.0 448.0
v 224.00094604492188 352.0 1024.0
v 223.99996948242188 352.0 832.0
v 304.0000915527344 352.0 832.0
v 304.0000915527344 352.0 1024.0
v 224.00094604492188 352.0 1024.0
v 224.00094604492188 704.0 1024.0
v 223.99996948242188 704.0 832.0
v 223.99996948242188 352.0 832.0
v 223.99996948242188 352.0 832.0
v 223.99996948242188 704.0 832.0
v 304.0000915527344 704.0 832.0
v 304.0000915527344 352.0 832.0
v 224.0008087158203 704.0 -448.0
v 224.0008087158203 352.0 -448.0
v 303.99993896484375 352.0 -448.0
v 303.99993896484375 704.0 -448.0
v 224.0008087158203 352.0 -448.0
v 223.9998016357422 352.0 -704.0
v 303.99993896484375 352.0 -704.0
v 303.99993896484375 352.0 -448.0
v 224.0008087158203 352.0 -448.0
v 224.0008087158203 704.0 -448.0
v 223.9998016357422 704.0 -704.0
v 223.9998016357422 352.0 -704.0
v 223.9998016357422 352.0 -704.0
v 223.9998016357422 704.0 -704.0
v 303.99993896484375 704.0 -704.0
v 303.99993896484375 352.0 -704.0
v 224.00076293945312 704.0 -832.0
v 224.00076293945312 352.0 -832.0
v 303.9999084472656 352.0 -832.0
v 303.9999084472656 704.0 -832.0
v 224.00076293945312 352.0 -832.0
v 223.99978637695312 352.0 -992.0
v 303.9999084472656 352.0 -992.0
v 303.9999084472656 352.0 -832.0
v 224.00076293945312 352.0 -832.0
v 224.00076293945312 704.0 -832.0
v 223.99978637695312 704.0 -992.0
v 223.99978637695312 352.0 -992.0
v 304.00006103515625 0.0 704.0
v 304.00006103515625 352.0 704.0
v 224.0009307861328 352.0 704.0
v 224.0009307861328 0.0 704.0
v 304.00006103515625 0.0 448.0
v 304.00006103515625 0.0 704.0
v 224.0009307861328 0.0 704.0
v 224.0008087158203 0.0 448.0
v 224.0009307861328 0.0 704.0
v 224.0009307861328 352.0 704.0
v 224.0008087158203 352.0 448.0
v 224.0008087158203 0.0 448.0
v 224.0008087158203 0.0 448.0
v 224.0008087158203 352.0 448.0
v 304.00006103515625 352.0 448.0
v 304.00006103515625 0.0 448.0
v 303.99993896484375 0.0 -448.0
v 303.99993896484375 352.0 -448.0
v 224.0008087158203 352.0 -448.0
v 224.0008087158203 0.0 -448.0
v 303.99993896484375 0.0 -704.0
v 303.99993896484375 0.0 -448.0
v 224.0008087158203 0.0 -448.0
v 224.0006866455078 0.0 -704.0
v 224.0008087158203 0.0 -448.0
v 224.0008087158203 352.0 -448.0
v 224.0006866455078 352.0 -704.0
v 224.0006866455078 0.0 -704.0
v 224.0006866455078 0.0 -704.0
v 224.0006866455078 352.0 -704.0
v 303.99993896484375 352.0 -704.0
v 303.99993896484375 0.0 -704.0
v -226.0 320.0 -1024.0
v -226.0 320.0 -992.0
v -226.0 352.0 -992.0
v -226.0 352.0 -1024.0
v 256.0 352.0 -992.0
v -226.0 352.0 -992.0
v -226.0 320.0 -992.0
v 256.0 320.0 -992.0
v -226.0 320.0 -992.0
v -226.0 320.0 -1024.0
v 256.0 320.0 -1024.0
v 256.0 320.0 -992.0
v 256.0 0.0 -1024.0
v 256.0 0.0 -992.0
v 96.0 0.0 -992.0
v 96.0 0.0 -1024.0
v 96.0 320.0 -992.0
v 96.0 0.0 -992.0
v 256.0 0.0 -992.0
v 256.0 320.0 -992.0
v 96.0 0.0 -992.0
v 96.0 320.0 -992.0
v 96.0 320.0 -1024.0
v 96.0 0.0 -1024.0
v -256.0 0.0 -992.0
v -256.0 0.0 -1024.0
v -96.0 0.0 -1024.0
v -96.0 0.0 -992.0
v -256.0 320.0 -992.0
v -256.0 0.0 -992.0
v -96.0 0.0 -992.0
v -96.0 320.0 -992.0
v -256.0 320.0 -1024.0
v -256.0 320.0 -992.0
v -96.0 320.0 -992.0
v -96.0 320.0 -1024.0
v -96.0 0.0 -1024.0
v -96.0 320.0 -1024.0
v -96.0 320.0 -992.0
v -96.0 0.0 -992.0
v -224.0008544921875 352.0 -320.0
v -304.0 352.0 -320.0
v -304.0 704.0 -320.0
v -96.0 704.0 -320.0
v -224.0006103515625 352.0 -160.0
v -304.0 352.0 -160.0
v -304.0 352.0 -320.0
v -224.0008544921875 352.0 -320.0
v -304.0 704.0 -160.0
v -96.0 704.0 -160.0
v -96.0 704.0 -320.0
v -304.0 704.0 -320.0
v -224.0008544921875 352.0 -320.0
v -96.0 704.0 -320.0
v -96.0 704.0 -160.0
v -224.0006103515625 352.0 -160.0
v -304.0 704.0 -160.0
v -304.0 704.0 -320.0
v -304.0 352.0 -320.0
v -304.0 352.0 -160.0
v -224.0006103515625 352.0 -160.0
v -96.0 704.0 -160.0
v -304.0 704.0 -160.0
v -304.0 352.0 -160.0
v -304.0 704.0 320.0
v -96.0 704.0 320.0
v -96.0 704.0 160.0
v -304.0 704.0 160.0
v -96.0 704.0 320.0
v -223.9998779296875 352.0 320.0
v -224.0001220703125 352.0 160.0
v -96.0 704.0 160.0
v -304.0 704.0 320.0
v -304.0 352.0 320.0
v -223.9998779296875 352.0 320.0
v -96.0 704.0 320.0
v -304.0 352.0 320.0
v -304.0 704.0 320.0
v -304.0 704.0 160.0
v -304.0 352.0 160.0
v -304.0 352.0 160.0
v -304.0 704.0 160.0
v -96.0 704.0 160.0
v -224.0001220703125 352.0 160.0
v -304.0 352.0 -160.0
v -224.0006103515625 352.0 -160.0
v -224.0001220703125 352.0 160.0
v -304.0 352.0 160.0
v -224.0001220703125 352.0 160.0
v -224.0006103515625 352.0 -160.0
v -218.18240356445312 368.0 -160.0
v -218.1819305419922 368.0 160.0
v -304.0 368.0 -160.0
v -304.0 352.0 -160.0
v -304.0 352.0 160.0
v -304.0 368.0 160.0
v -218.18240356445312 368.0 -160.0
v -224.0006103515625 352.0 -160.0
v -304.0 352.0 -160.0
v -304.0 368.0 -160.0
v -218.1819305419922 368.0 160.0
v -304.0 368.0 160.0
v -304.0 352.0 160.0
v -224.0001220703125 352.0 160.0
v -304.0 368.0 -160.0
v -304.0 368.0 160.0
v -218.1819305419922 368.0 160.0
v -218.18240356445312 368.0 -160.0
v -304.0 704.0 -160.0
v -304.0 704.0 160.0
v -96.0 704.0 160.0
v -96.0 704.0 -160.0
v -104.0 682.0 -160.0
v -96.0 704.0 -160.0
v -96.0 704.0 160.0
v -104.0 682.0 160.0
v -304.0 704.0 160.0
v -304.0 704.0 -160.0
v -304.0 682.0 -160.0
v -304.0 682.0 160.0
v -304.0 704.0 -160.0
v -96.0 704.0 -160.0
v -104.0 682.0 -160.0
v -304.0 682.0 -160.0
v -96.0 704.0 160.0
v -304.0 704.0 160.0
v -304.0 682.0 160.0
v -104.0 682.0 160.0
v -104.0 682.0 -160.0
v -104.0 682.0 160.0
v -304.0 682.0 160.0
v -304.0 682.0 -160.0
v -280.1537170410156 622.4392700195312 -831.9998779296875
v -280.6089782714844 620.9385375976562 -831.9998779296875
v -281.3482360839844 619.555419921875 -831.9998779296875
v -280.0 624.0 -831.9998779296875
v -280.1537170410156 625.5607299804688 -831.9998779296875
v -280.6089782714844 627.0614624023438 -831.9998779296875
v -281.3482360839844 628.444580078125 -831.9998779296875
v -282.3431396484375 629.6568603515625 -831.9998779296875
v -283.5554504394531 630.6517333984375 -831.9998779296875
v -284.93853759765625 631.3909912109375 -831.9998779296875
v -286.43927001953125 631.8463134765625 -831.9998779296875
v -288.0 632.0 -831.9998779296875
v -289.56072998046875 631.8463134765625 -831.9998779296875
v -291.06146240234375 631.3909912109375 -831.9998779296875
v -292.4445495605469 630.6517333984375 -831.9998779296875
v -293.6568603515625 629.6568603515625 -831.9998779296875
v -294.6517639160156 628.444580078125 -831.9998779296875
v -295.39105224609375 627.0614624023438 -831.9998779296875
v -295.8462829589844 625.5607299804688 -831.9998779296875
v -296.0 624.0 -831.9998779296875
v -295.8462829589844 622.4392700195312 -831.9998779296875
v -295.3910217285156 620.9385375976562 -831.9998779296875
v -294.6517639160156 619.555419921875 -831.9998779296875
v -293.6568603515625 618.3431396484375 -831.9998779296875
v -292.4445495605469 617.3482666015625 -831.9998779296875
v -291.06146240234375 616.6089477539062 -831.9998779296875
v -289.56072998046875 616.1536865234375 -831.9998779296875
v -288.0 616.0 -831.9998779296875
v -286.43927001953125 616.1536865234375 -831.9998779296875
v -284.93853759765625 616.6090087890625 -831.9998779296875
v -283.5554504394531 617.3482666015625 -831.9998779296875
v -282.3431396484375 618.3431396484375 -831.9998779296875
v -280.0 624.0 -831.9998779296875
v -280.1537170410156 625.5607299804688 -831.9998779296875
v -280.1537170410156 625.5607299804688 -704.0
v -280.0 624.0 -704.0
v -280.1537170410156 625.5607299804688 -831.9998779296875
v -280.6089782714844 627.0614624023438 -831.9998779296875
v -280.6089782714844 627.0614624023438 -704.0
v -280.1537170410156 625.5607299804688 -704.0
v -280.6089782714844 627.0614624023438 -831.9998779296875
v -281.3482360839844 628.444580078125 -831.9998779296875
v -281.3482360839844 628.444580078125 -704.0
v -280.6089782714844 627.0614624023438 -704.0
v -281.3482360839844 628.444580078125 -831.9998779296875
v -282.3431396484375 629.6568603515625 -831.9998779296875
v -282.3431396484375 629.6568603515625 -704.0
v -281.3482360839844 628.444580078125 -704.0
v -282.3431396484375 629.6568603515625 -831.9998779296875
v -283.5554504394531 630.6517333984375 -831.9998779296875
v -283.5554504394531 630.6517333984375 -704.0
v -282.3431396484375 629.6568603515625 -704.0
v -283.5554504394531 630.6517333984375 -831.9998779296875
v -284.93853759765625 631.3909912109375 -831.9998779296875
v -284.93853759765625 631.3909912109375 -704.0
v -283.5554504394531 630.6517333984375 -704.0
v -284.93853759765625 631.3909912109375 -831.9998779296875
v -286.43927001953125 631.8463134765625 -831.9998779296875
v -286.43927001953125 631.8463134765625 -704.0
v -284.93853759765625 631.3909912109375 -704.0
v -286.43927001953125 631.8463134765625 -831.9998779296875
v -288.0 632.0 -831.9998779296875
v -288.0 632.0 -704.0
v -286.43927001953125 631.8463134765625 -704.0
v -288.0 632.0 -831.9998779296875
v -289.56072998046875 631.8463134765625 -831.9998779296875
v -289.56072998046875 631.8463134765625 -704.0
v -288.0 632.0 -704.0
v -289.56072998046875 631.8463134765625 -831.9998779296875
v -291.06146240234375 631.3909912109375 -831.9998779296875
v -291.06146240234375 631.3909912109375 -704.0
v -289.56072998046875 631.8463134765625 -704.0
v -291.06146240234375 631.3909912109375 -831.9998779296875
v -292.4445495605469 630.6517333984375 -831.9998779296875
v -292.4445495605469 630.6517333984375 -704.0
v -291.06146240234375 631.3909912109375 -704.0
v -292.4445495605469 630.6517333984375 -831.9998779296875
v -293.6568603515625 629.6568603515625 -831.9998779296875
v -293.6568603515625 629.6568603515625 -704.0
v -292.4445495605469 630.6517333984375 -704.0
v -293.6568603515625 629.6568603515625 -831.9998779296875
v -294.6517639160156 628.444580078125 -831.9998779296875
v -294.6517639160156 628.444580078125 -704.0
v -293.6568603515625 629.6568603515625 -704.0
v -294.6517639160156 628.444580078125 -831.9998779296875
v -295.39105224609375 627.0614624023438 -831.9998779296875
v -295.39105224609375 627.0614624023438 -704.0
v -294.6517639160156 628.444580078125 -704.0
v -295.39105224609375 627.0614624023438 -831.9998779296875
v -295.8462829589844 625.5607299804688 -831.9998779296875
v -295.8462829589844 625.5607299804688 -704.0
v -295.39105224609375 627.0614624023438 -704.0
v -295.8462829589844 625.5607299804688 -831.9998779296875
v -296.0 624.0 -831.9998779296875
v -296.0 624.0 -704.0
v -295.8462829589844 625.5607299804688 -704.0
v -296.0 624.0 -831.9998779296875
v -295.8462829589844 622.4392700195312 -831.9998779296875
v -295.8462829589844 622.4392700195312 -704.0
v -296.0 624.0 -704.0
v -295.8462829589844 622.4392700195312 -831.9998779296875
v -295.3910217285156 620.9385375976562 -831.9998779296875
v -295.3910217285156 620.9385375976562 -704.0
v -295.8462829589844 622.4392700195312 -704.0
v -295.3910217285156 620.9385375976562 -831.9998779296875
v -294.6517639160156 619.555419921875 -831.9998779296875
v -294.6517639160156 619.555419921875 -704.0
v -295.3910217285156 620.9385375976562 -704.0
v -294.6517639160156 619.555419921875 -831.9998779296875
v -293.6568603515625 618.3431396484375 -831.9998779296875
v -293.6568603515625 618.3431396484375 -704.0
v -294.6517639160156 619.555419921875 -704.0
v -293.6568603515625 618.3431396484375 -831.9998779296875
v -292.4445495605469 617.3482666015625 -831.9998779296875
v -292.4445495605469 617.3482666015625 -704.0
v -293.6568603515625 618.3431396484375 -704.0
v -292.4445495605469 617.3482666015625 -831.9998779296875
v -291.06146240234375 616.6089477539062 -831.9998779296875
v -291.06146240234375 616.6089477539062 -704.0
v -292.4445495605469 617.3482666015625 -704.0
v -291.06146240234375 616.6089477539062 -831.9998779296875
v -289.56072998046875 616.1536865234375 -831.9998779296875
v -289.56072998046875 616.1536865234375 -704.0
v -291.06146240234375 616.6089477539062 -704.0
v -289.56072998046875 616.1536865234375 -831.9998779296875
v -288.0 616.0 -831.9998779296875
v -288.0 616.0 -704.0
v -289.56072998046875 616.1536865234375 -704.0
v -288.0 616.0 -831.9998779296875
v -286.43927001953125 616.1536865234375 -831.9998779296875
v -286.43927001953125 616.1536865234375 -704.0
v -288.0 616.0 -704.0
v -286.43927001953125 616.1536865234375 -831.9998779296875
v -284.93853759765625 616.6090087890625 -831.9998779296875
v -284.93853759765625 616.6090087890625 -704.0
v -286.43927001953125 616.1536865234375 -704.0
v -284.93853759765625 616.6090087890625 -831.9998779296875
v -283.5554504394531 617.3482666015625 -831.9998779296875
v -283.5554504394531 617.3482666015625 -704.0
v -284.93853759765625 616.6090087890625 -704.0
v -283.5554504394531 617.3482666015625 -831.9998779296875
v -282.3431396484375 618.3431396484375 -831.9998779296875
v -282.3431396484375 618.3431396484375 -704.0
v -283.5554504394531 617.3482666015625 -704.0
v -282.3431396484375 618.3431396484375 -831.9998779296875
v -281.3482360839844 619.555419921875 -831.9998779296875
v -281.3482360839844 619.555419921875 -704.0
v -282.3431396484375 618.3431396484375 -704.0
v -281.3482360839844 619.555419921875 -831.9998779296875
v -280.6089782714844 620.9385375976562 -831.9998779296875
v -280.6089782714844 620.9385375976562 -704.0
v -281.3482360839844 619.555419921875 -704.0
v -280.6089782714844 620.9385375976562 -831.9998779296875
v -280.1537170410156 622.4392700195312 -831.9998779296875
v -280.1537170410156 622.4392700195312 -704.0
v -280.6089782714844 620.9385375976562 -704.0
v -280.1537170410156 622.4392700195312 -831.9998779296875
v -280.0 624.0 -831.9998779296875
v -280.0 624.0 -704.0
v -280.1537170410156 622.4392700195312 -704.0
v -295.39105224609375 627.0614624023438 -704.0
v -295.8462829589844 625.5607299804688 -704.0
v -296.0 624.0 -704.0
v -294.6517639160156 628.444580078125 -704.0
v -293.6568603515625 629.6568603515625 -704.0
v -292.4445495605469 630.6517333984375 -704.0
v -291.06146240234375 631.3909912109375 -704.0
v -289.56072998046875 631.8463134765625 -704.0
v -288.0 632.0 -704.0
v -286.43927001953125 631.8463134765625 -704.0
v -284.93853759765625 631.3909912109375 -704.0
v -283.5554504394531 630.6517333984375 -704.0
v -282.3431396484375 629.6568603515625 -704.0
v -281.3482360839844 628.444580078125 -704.0
v -280.6089782714844 627.0614624023438 -704.0
v -280.1537170410156 625.5607299804688 -704.0
v -280.0 624.0 -704.0
v -280.1537170410156 622.4392700195312 -704.0
v -280.6089782714844 620.9385375976562 -704.0
v -281.3482360839844 619.555419921875 -704.0
v -282.3431396484375 618.3431396484375 -704.0
v -283.5554504394531 617.3482666015625 -704.0
v -284.93853759765625 616.6090087890625 -704.0
v -286.43927001953125 616.1536865234375 -704.0
v -288.0 616.0 -704.0
v -289.56072998046875 616.1536865234375 -704.0
v -291.06146240234375 616.6089477539062 -704.0
v -292.4445495605469 617.3482666015625 -704.0
v -293.6568603515625 618.3431396484375 -704.0
v -294.6517639160156 619.555419921875 -704.0
v -295.3910217285156 620.9385375976562 -704.0
v -295.8462829589844 622.4392700195312 -704.0
v -280.1537170410156 598.4392700195312 -831.9998779296875
v -280.6089782714844 596.9385375976562 -831.9998779296875
v -281.3482360839844 595.555419921875 -831.9998779296875
v -280.0 600.0 -831.9998779296875
v -280.1537170410156 601.5607299804688 -831.9998779296875
v -280.6089782714844 603.0614624023438 -831.9998779296875
v -281.3482360839844 604.444580078125 -831.9998779296875
v -282.3431396484375 605.6568603515625 -831.9998779296875
v -283.5554504394531 606.6517333984375 -831.9998779296875
v -284.93853759765625 607.3909912109375 -831.9998779296875
v -286.43927001953125 607.8463134765625 -831.9998779296875
v -288.0 608.0 -831.9998779296875
v -289.56072998046875 607.8463134765625 -831.9998779296875
v -291.06146240234375 607.3909912109375 -831.9998779296875
v -292.4445495605469 606.6517333984375 -831.9998779296875
v -293.6568603515625 605.6568603515625 -831.9998779296875
v -294.6517639160156 604.444580078125 -831.9998779296875
v -295.39105224609375 603.0614624023438 -831.9998779296875
v -295.8462829589844 601.5607299804688 -831.9998779296875
v -296.0 600.0 -831.9998779296875
v -295.8462829589844 598.4392700195312 -831.9998779296875
v -295.3910217285156 596.9385375976562 -831.9998779296875
v -294.6517639160156 595.555419921875 -831.9998779296875
v -293.6568603515625 594.3431396484375 -831.9998779296875
v -292.4445495605469 593.3482666015625 -831.9998779296875
v -291.06146240234375 592.6089477539062 -831.9998779296875
v -289.56072998046875 592.1536865234375 -831.9998779296875
v -288.0 592.0 -831.9998779296875
v -286.43927001953125 592.1536865234375 -831.9998779296875
v -284.93853759765625 592.6090087890625 -831.9998779296875
v -283.5554504394531 593.3482666015625 -831.9998779296875
v -282.3431396484375 594.3431396484375 -831.9998779296875
v -280.0 600.0 -831.9998779296875
v -280.1537170410156 601.5607299804688 -831.9998779296875
v -280.1537170410156 601.5607299804688 -704.0
v -280.0 600.0 -704.0
v -280.1537170410156 601.5607299804688 -831.9998779296875
v -280.6089782714844 603.0614624023438 -831.9998779296875
v -280.6089782714844 603.0614624023438 -704.0
v -280.1537170410156 601.5607299804688 -704.0
v -280.6089782714844 603.0614624023438 -831.9998779296875
v -281.3482360839844 604.444580078125 -831.9998779296875
v -281.3482360839844 604.444580078125 -704.0
v -280.6089782714844 603.0614624023438 -704.0
v -281.3482360839844 604.444580078125 -831.9998779296875
v -282.3431396484375 605.6568603515625 -831.9998779296875
v -282.3431396484375 605.6568603515625 -704.0
v -281.3482360839844 604.444580078125 -704.0
v -282.3431396484375 605.6568603515625 -831.9998779296875
v -283.5554504394531 606.6517333984375 -831.9998779296875
v -283.5554504394531 606.6517333984375 -704.0
v -282.3431396484375 605.6568603515625 -704.0
v -283.5554504394531 606.6517333984375 -831.9998779296875
v -284.93853759765625 607.3909912109375 -831.9998779296875
v -284.93853759765625 607.3909912109375 -704.0
v -283.5554504394531 606.6517333984375 -704.0
v -284.93853759765625 607.3909912109375 -831.9998779296875
v -286.43927001953125 607.8463134765625 -831.9998779296875
v -286.43927001953125 607.8463134765625 -704.0
v -284.93853759765625 607.3909912109375 -704.0
v -286.43927001953125 607.8463134765625 -831.9998779296875
v -288.0 608.0 -831.9998779296875
v -288.0 608.0 -704.0
v -286.43927001953125 607.8463134765625 -704.0
v -288.0 608.0 -831.9998779296875
v -289.56072998046875 607.8463134765625 -831.9998779296875
v -289.56072998046875 607.8463134765625 -704.0
v -288.0 608.0 -704.0
v -289.56072998046875 607.8463134765625 -831.9998779296875
v -291.06146240234375 607.3909912109375 -831.9998779296875
v -291.06146240234375 607.3909912109375 -704.0
v -289.56072998046875 607.8463134765625 -704.0
v -291.06146240234375 607.3909912109375 -831.9998779296875
v -292.4445495605469 606.6517333984375 -831.9998779296875
v -292.4445495605469 606.6517333984375 -704.0
v -291.06146240234375 607.3909912109375 -704.0
v -292.4445495605469 606.6517333984375 -831.9998779296875
v -293.6568603515625 605.6568603515625 -831.9998779296875
v -293.6568603515625 605.6568603515625 -704.0
v -292.4445495605469 606.6517333984375 -704.0
v -293.6568603515625 605.6568603515625 -831.9998779296875
v -294.6517639160156 604.444580078125 -831.9998779296875
v -294.6517639160156 604.444580078125 -704.0
v -293.6568603515625 605.6568603515625 -704.0
v -294.6517639160156 604.444580078125 -831.9998779296875
v -295.39105224609375 603.0614624023438 -831.9998779296875
v -295.39105224609375 603.0614624023438 -704.0
v -294.6517639160156 604.444580078125 -704.0
v -295.39105224609375 603.0614624023438 -831.9998779296875
v -295.8462829589844 601.5607299804688 -831.9998779296875
v -295.8462829589844 601.5607299804688 -704.0
v -295.39105224609375 603.0614624023438 -704.0
v -295.8462829589844 601.5607299804688 -831.9998779296875
v -296.0 600.0 -831.9998779296875
v -296.0 600.0 -704.0
v -295.8462829589844 601.5607299804688 -704.0
v -296.0 600.0 -831.9998779296875
v -295.8462829589844 598.4392700195312 -831.9998779296875
v -295.8462829589844 598.4392700195312 -704.0
v -296.0 600.0 -704.0
v -295.8462829589844 598.4392700195312 -831.9998779296875
v -295.3910217285156 596.9385375976562 -831.9998779296875
v -295.3910217285156 596.9385375976562 -704.0
v -295.8462829589844 598.4392700195312 -704.0
v -295.3910217285156 596.9385375976562 -831.9998779296875
v -294.6517639160156 595.555419921875 -831.9998779296875
v -294.6517639160156 595.555419921875 -704.0
v -295.3910217285156 596.9385375976562 -704.0
v -294.6517639160156 595.555419921875 -831.9998779296875
v -293.6568603515625 594.3431396484375 -831.9998779296875
v -293.6568603515625 594.3431396484375 -704.0
v -294.6517639160156 595.555419921875 -704.0
v -293.6568603515625 594.3431396484375 -831.9998779296875
v -292.4445495605469 593.3482666015625 -831.9998779296875
v -292.4445495605469 593.3482666015625 -704.0
v -293.6568603515625 594.3431396484375 -704.0
v -292.4445495605469 593.3482666015625 -831.9998779296875
v -291.06146240234375 592.6089477539062 -831.9998779296875
v -291.06146240234375 592.6089477539062 -704.0
v -292.4445495605469 593.3482666015625 -704.0
v -291.06146240234375 592.6089477539062 -831.9998779296875
v -289.56072998046875 592.1536865234375 -831.9998779296875
v -289.56072998046875 592.1536865234375 -704.0
v -291.06146240234375 592.6089477539062 -704.0
v -289.56072998046875 592.1536865234375 -831.9998779296875
v -288.0 592.0 -831.9998779296875
v -288.0 592.0 -704.0
v -289.56072998046875 592.1536865234375 -704.0
v -288.0 592.0 -831.9998779296875
v -286.43927001953125 592.1536865234375 -831.9998779296875
v -286.43927001953125 592.1536865234375 -704.0
v -288.0 592.0 -704.0
v -286.43927001953125 592.1536865234375 -831.9998779296875
v -284.93853759765625 592.6090087890625 -831.9998779296875
v -284.93853759765625 592.6090087890625 -704.0
v -286.43927001953125 592.1536865234375 -704.0
v -284.93853759765625 592.6090087890625 -831.9998779296875
v -283.5554504394531 593.3482666015625 -831.9998779296875
v -283.5554504394531 593.3482666015625 -704.0
v -284.93853759765625 592.6090087890625 -704.0
v -283.5554504394531 593.3482666015625 -831.9998779296875
v -282.3431396484375 594.3431396484375 -831.9998779296875
v -282.3431396484375 594.3431396484375 -704.0
v -283.5554504394531 593.3482666015625 -704.0
v -282.3431396484375 594.3431396484375 -831.9998779296875
v -281.3482360839844 595.555419921875 -831.9998779296875
v -281.3482360839844 595.555419921875 -704.0
v -282.3431396484375 594.3431396484375 -704.0
v -281.3482360839844 595.555419921875 -831.9998779296875
v -280.6089782714844 596.9385375976562 -831.9998779296875
v -280.6089782714844 596.9385375976562 -704.0
v -281.3482360839844 595.555419921875 -704.0
v -280.6089782714844 596.9385375976562 -831.9998779296875
v -280.1537170410156 598.4392700195312 -831.9998779296875
v -280.1537170410156 598.4392700195312 -704.0
v -280.6089782714844 596.9385375976562 -704.0
v -280.1537170410156 598.4392700195312 -831.9998779296875
v -280.0 600.0 -831.9998779296875
v -280.0 600.0 -704.0
v -280.1537170410156 598.4392700195312 -704.0
v -295.39105224609375 603.0614624023438 -704.0
v -295.8462829589844 601.5607299804688 -704.0
v -296.0 600.0 -704.0
v -294.6517639160156 604.444580078125 -704.0
v -293.6568603515625 605.6568603515625 -704.0
v -292.4445495605469 606.6517333984375 -704.0
v -291.06146240234375 607.3909912109375 -704.0
v -289.56072998046875 607.8463134765625 -704.0
v -288.0 608.0 -704.0
v -286.43927001953125 607.8463134765625 -704.0
v -284.93853759765625 607.3909912109375 -704.0
v -283.5554504394531 606.6517333984375 -704.0
v -282.3431396484375 605.6568603515625 -704.0
v -281.3482360839844 604.444580078125 -704.0
v -280.6089782714844 603.0614624023438 -704.0
v -280.1537170410156 601.5607299804688 -704.0
v -280.0 600.0 -704.0
v -280.1537170410156 598.4392700195312 -704.0
v -280.6089782714844 596.9385375976562 -704.0
v -281.3482360839844 595.555419921875 -704.0
v -282.3431396484375 594.3431396484375 -704.0
v -283.5554504394531 593.3482666015625 -704.0
v -284.93853759765625 592.6090087890625 -704.0
v -286.43927001953125 592.1536865234375 -704.0
v -288.0 592.0 -704.0
v -289.56072998046875 592.1536865234375 -704.0
v -291.06146240234375 592.6089477539062 -704.0
v -292.4445495605469 593.3482666015625 -704.0
v -293.6568603515625 594.3431396484375 -704.0
v -294.6517639160156 595.555419921875 -704.0
v -295.3910217285156 596.9385375976562 -704.0
v -295.8462829589844 598.4392700195312 -704.0
v -280.1537170410156 574.4392700195312 -831.9998779296875
v -280.6089782714844 572.9385375976562 -831.9998779296875
v -281.3482360839844 571.555419921875 -831.9998779296875
v -280.0 576.0 -831.9998779296875
v -280.1537170410156 577.5607299804688 -831.9998779296875
v -280.6089782714844 579.0614624023438 -831.9998779296875
v -281.3482360839844 580.444580078125 -831.9998779296875
v -282.3431396484375 581.6568603515625 -831.9998779296875
v -283.5554504394531 582.6517333984375 -831.9998779296875
v -284.93853759765625 583.3909912109375 -831.9998779296875
v -286.43927001953125 583.8463134765625 -831.9998779296875
v -288.0 584.0 -831.9998779296875
v -289.56072998046875 583.8463134765625 -831.9998779296875
v -291.06146240234375 583.3909912109375 -831.9998779296875
v -292.4445495605469 582.6517333984375 -831.9998779296875
v -293.6568603515625 581.6568603515625 -831.9998779296875
v -294.6517639160156 580.444580078125 -831.9998779296875
v -295.39105224609375 579.0614624023438 -831.9998779296875
v -295.8462829589844 577.5607299804688 -831.9998779296875
v -296.0 576.0 -831.9998779296875
v -295.8462829589844 574.4392700195312 -831.9998779296875
v -295.3910217285156 572.9385375976562 -831.9998779296875
v -294.6517639160156 571.555419921875 -831.9998779296875
v -293.6568603515625 570.3431396484375 -831.9998779296875
v -292.4445495605469 569.3482666015625 -831.9998779296875
v -291.06146240234375 568.6089477539062 -831.9998779296875
v -289.56072998046875 568.1536865234375 -831.9998779296875
v -288.0 568.0 -831.9998779296875
v -286.43927001953125 568.1536865234375 -831.9998779296875
v -284.93853759765625 568.6090087890625 -831.9998779296875
v -283.5554504394531 569.3482666015625 -831.9998779296875
v -282.3431396484375 570.3431396484375 -831.9998779296875
v -280.0 576.0 -831.9998779296875
v -280.1537170410156 577.5607299804688 -831.9998779296875
v -280.1537170410156 577.5607299804688 -704.0
v -280.0 576.0 -704.0
v -280.1537170410156 577.5607299804688 -831.9998779296875
v -280.6089782714844 579.0614624023438 -831.9998779296875
v -280.6089782714844 579.0614624023438 -704.0
v -280.1537170410156 577.5607299804688 -704.0
v -280.6089782714844 579.0614624023438 -831.9998779296875
v -281.3482360839844 580.444580078125 -831.9998779296875
v -281.3482360839844 580.444580078125 -704.0
v -280.6089782714844 579.0614624023438 -704.0
v -281.3482360839844 580.444580078125 -831.9998779296875
v -282.3431396484375 581.6568603515625 -831.9998779296875
v -282.3431396484375 581.6568603515625 -704.0
v -281.3482360839844 580.444580078125 -704.0
v -282.3431396484375 581.6568603515625 -831.9998779296875
v -283.5554504394531 582.6517333984375 -831.9998779296875
v -283.5554504394531 582.6517333984375 -704.0
v -282.3431396484375 581.6568603515625 -704.0
v -283.5554504394531 582.6517333984375 -831.9998779296875
v -284.93853759765625 583.3909912109375 -831.9998779296875
v -284.93853759765625 583.3909912109375 -704.0
v -283.5554504394531 582.6517333984375 -704.0
v -284.93853759765625 583.3909912109375 -831.9998779296875
v -286.43927001953125 583.8463134765625 -831.9998779296875
v -286.43927001953125 583.8463134765625 -704.0
v -284.93853759765625 583.3909912109375 -704.0
v -286.43927001953125 583.8463134765625 -831.9998779296875
v -288.0 584.0 -831.9998779296875
v -288.0 584.0 -704.0
v -286.43927001953125 583.8463134765625 -704.0
v -288.0 584.0 -831.9998779296875
v -289.56072998046875 583.8463134765625 -831.9998779296875
v -289.56072998046875 583.8463134765625 -704.0
v -288.0 584.0 -704.0
v -289.56072998046875 583.8463134765625 -831.9998779296875
v -291.06146240234375 583.3909912109375 -831.9998779296875
v -291.06146240234375 583.3909912109375 -704.0
v -289.56072998046875 583.8463134765625 -704.0
v -291.06146240234375 583.3909912109375 -831.9998779296875
v -292.4445495605469 582.6517333984375 -831.9998779296875
v -292.4445495605469 582.6517333984375 -704.0
v -291.06146240234375 583.3909912109375 -704.0
v -292.4445495605469 582.6517333984375 -831.9998779296875
v -293.6568603515625 581.6568603515625 -831.9998779296875
v -293.6568603515625 581.6568603515625 -704.0
v -292.4445495605469 582.6517333984375 -704.0
v -293.6568603515625 581.6568603515625 -831.9998779296875
v -294.6517639160156 580.444580078125 -831.9998779296875
v -294.6517639160156 580.444580078125 -704.0
v -293.6568603515625 581.6568603515625 -704.0
v -294.6517639160156 580.444580078125 -831.9998779296875
v -295.39105224609375 579.0614624023438 -831.9998779296875
v -295.39105224609375 579.0614624023438 -704.0
v -294.6517639160156 580.444580078125 -704.0
v -295.39105224609375 579.0614624023438 -831.9998779296875
v -295.8462829589844 577.5607299804688 -831.9998779296875
v -295.8462829589844 577.5607299804688 -704.0
v -295.39105224609375 579.0614624023438 -704.0
v -295.8462829589844 577.5607299804688 -831.9998779296875
v -296.0 576.0 -831.9998779296875
v -296.0 576.0 -704.0
v -295.8462829589844 577.5607299804688 -704.0
v -296.0 576.0 -831.9998779296875
v -295.8462829589844 574.4392700195312 -831.9998779296875
v -295.8462829589844 574.4392700195312 -704.0
v -296.0 576.0 -704.0
v -295.8462829589844 574.4392700195312 -831.9998779296875
v -295.3910217285156 572.9385375976562 -831.9998779296875
v -295.3910217285156 572.9385375976562 -704.0
v -295.8462829589844 574.4392700195312 -704.0
v -295.3910217285156 572.9385375976562 -831.9998779296875
v -294.6517639160156 571.555419921875 -831.9998779296875
v -294.6517639160156 571.555419921875 -704.0
v -295.3910217285156 572.9385375976562 -704.0
v -294.6517639160156 571.555419921875 -831.9998779296875
v -293.6568603515625 570.3431396484375 -831.9998779296875
v -293.6568603515625 570.3431396484375 -704.0
v -294.6517639160156 571.555419921875 -704.0
v -293.6568603515625 570.3431396484375 -831.9998779296875
v -292.4445495605469 569.3482666015625 -831.9998779296875
v -292.4445495605469 569.3482666015625 -704.0
v -293.6568603515625 570.3431396484375 -704.0
v -292.4445495605469 569.3482666015625 -831.9998779296875
v -291.06146240234375 568.6089477539062 -831.9998779296875
v -291.06146240234375 568.6089477539062 -704.0
v -292.4445495605469 569.3482666015625 -704.0
v -291.06146240234375 568.6089477539062 -831.9998779296875
v -289.56072998046875 568.1536865234375 -831.9998779296875
v -289.56072998046875 568.1536865234375 -704.0
v -291.06146240234375 568.6089477539062 -704.0
v -289.56072998046875 568.1536865234375 -831.9998779296875
v -288.0 568.0 -831.9998779296875
v -288.0 568.0 -704.0
v -289.56072998046875 568.1536865234375 -704.0
v -288.0 568.0 -831.9998779296875
v -286.43927001953125 568.1536865234375 -831.9998779296875
v -286.43927001953125 568.1536865234375 -704.0
v -288.0 568.0 -704.0
v -286.43927001953125 568.1536865234375 -831.9998779296875
v -284.93853759765625 568.6090087890625 -831.9998779296875
v -284.93853759765625 568.6090087890625 -704.0
v -286.43927001953125 568.1536865234375 -704.0
v -284.93853759765625 568.6090087890625 -831.9998779296875
v -283.5554504394531 569.3482666015625 -831.9998779296875
v -283.5554504394531 569.3482666015625 -704.0
v -284.93853759765625 568.6090087890625 -704.0
v -283.5554504394531 569.3482666015625 -831.9998779296875
v -282.3431396484375 570.3431396484375 -831.9998779296875
v -282.3431396484375 570.3431396484375 -704.0
v -283.5554504394531 569.3482666015625 -704.0
v -282.3431396484375 570.3431396484375 -831.9998779296875
v -281.3482360839844 571.555419921875 -831.9998779296875
v -281.3482360839844 571.555419921875 -704.0
v -282.3431396484375 570.3431396484375 -704.0
v -281.3482360839844 571.555419921875 -831.9998779296875
v -280.6089782714844 572.9385375976562 -831.9998779296875
v -280.6089782714844 572.9385375976562 -704.0
v -281.3482360839844 571.555419921875 -704.0
v -280.6089782714844 572.9385375976562 -831.9998779296875
v -280.1537170410156 574.4392700195312 -831.9998779296875
v -280.1537170410156 574.4392700195312 -704.0
v -280.6089782714844 572.9385375976562 -704.0
v -280.1537170410156 574.4392700195312 -831.9998779296875
v -280.0 576.0 -831.9998779296875
v -280.0 576.0 -704.0
v -280.1537170410156 574.4392700195312 -704.0
v -295.39105224609375 579.0614624023438 -704.0
v -295.8462829589844 577.5607299804688 -704.0
v -296.0 576.0 -704.0
v -294.6517639160156 580.444580078125 -704.0
v -293.6568603515625 581.6568603515625 -704.0
v -292.4445495605469 582.6517333984375 -704.0
v -291.06146240234375 583.3909912109375 -704.0
v -289.56072998046875 583.8463134765625 -704.0
v -288.0 584.0 -704.0
v -286.43927001953125 583.8463134765625 -704.0
v -284.93853759765625 583.3909912109375 -704.0
v -283.5554504394531 582.6517333984375 -704.0
v -282.3431396484375 581.6568603515625 -704.0
v -281.3482360839844 580.444580078125 -704.0
v -280.6089782714844 579.0614624023438 -704.0
v -280.1537170410156 577.5607299804688 -704.0
v -280.0 576.0 -704.0
v -280.1537170410156 574.4392700195312 -704.0
v -280.6089782714844 572.9385375976562 -704.0
v -281.3482360839844 571.555419921875 -704.0
v -282.3431396484375 570.3431396484375 -704.0
v -283.5554504394531 569.3482666015625 -704.0
v -284.93853759765625 568.6090087890625 -704.0
v -286.43927001953125 568.1536865234375 -704.0
v -288.0 568.0 -704.0
v -289.56072998046875 568.1536865234375 -704.0
v -291.06146240234375 568.6089477539062 -704.0
v -292.4445495605469 569.3482666015625 -704.0
v -293.6568603515625 570.3431396484375 -704.0
v -294.6517639160156 571.555419921875 -704.0
v -295.3910217285156 572.9385375976562 -704.0
v -295.8462829589844 574.4392700195312 -704.0
v -280.1537170410156 625.5607299804688 832.0001831054688
v -280.6089782714844 627.0614624023438 832.0001831054688
v -281.3482360839844 628.444580078125 832.0001831054688
v -280.0 624.0 832.0001831054688
v -280.1537170410156 622.4392700195312 832.0001831054688
v -280.6089782714844 620.9385375976562 832.0001831054688
v -281.3482360839844 619.555419921875 832.0001831054688
v -282.3431396484375 618.3431396484375 832.0001831054688
v -283.5554504394531 617.3482666015625 832.0001831054688
v -284.93853759765625 616.6090087890625 832.0001831054688
v -286.43927001953125 616.1536865234375 832.0001831054688
v -288.0 616.0 832.0001831054688
v -289.56072998046875 616.1536865234375 832.0001831054688
v -291.06146240234375 616.6089477539062 832.0001831054688
v -292.4445495605469 617.3482666015625 832.0001831054688
v -293.6568603515625 618.3431396484375 832.0001831054688
v -294.6517639160156 619.555419921875 832.0001831054688
v -295.3910217285156 620.9385375976562 832.0001831054688
v -295.8462829589844 622.4392700195312 832.0001831054688
v -296.0 624.0 832.0001831054688
v -295.8462829589844 625.5607299804688 832.0001831054688
v -295.39105224609375 627.0614624023438 832.0001831054688
v -294.6517639160156 628.444580078125 832.0001831054688
v -293.6568603515625 629.6568603515625 832.0001831054688
v -292.4445495605469 630.6517333984375 832.0001831054688
v -291.06146240234375 631.3909912109375 832.0001831054688
v -289.56072998046875 631.8463134765625 832.0001831054688
v -288.0 632.0 832.0001831054688
v -286.43927001953125 631.8463134765625 832.0001831054688
v -284.93853759765625 631.3909912109375 832.0001831054688
v -283.5554504394531 630.6517333984375 832.0001831054688
v -282.3431396484375 629.6568603515625 832.0001831054688
v -280.1537170410156 625.5607299804688 832.0001831054688
v -280.0 624.0 832.0001831054688
v -280.0 624.0 704.0000610351562
v -280.1537170410156 625.5607299804688 704.0000610351562
v -280.6089782714844 627.0614624023438 832.0001831054688
v -280.1537170410156 625.5607299804688 832.0001831054688
v -280.1537170410156 625.5607299804688 704.0000610351562
v -280.6089782714844 627.0614624023438 704.0000610351562
v -281.3482360839844 628.444580078125 832.0001831054688
v -280.6089782714844 627.0614624023438 832.0001831054688
v -280.6089782714844 627.0614624023438 704.0000610351562
v -281.3482360839844 628.444580078125 704.0000610351562
v -282.3431396484375 629.6568603515625 832.0001831054688
v -281.3482360839844 628.444580078125 832.0001831054688
v -281.3482360839844 628.444580078125 704.0000610351562
v -282.3431396484375 629.6568603515625 704.0000610351562
v -283.5554504394531 630.6517333984375 832.0001831054688
v -282.3431396484375 629.6568603515625 832.0001831054688
v -282.3431396484375 629.6568603515625 704.0000610351562
v -283.5554504394531 630.6517333984375 704.0000610351562
v -284.93853759765625 631.3909912109375 832.0001831054688
v -283.5554504394531 630.6517333984375 832.0001831054688
v -283.5554504394531 630.6517333984375 704.0000610351562
v -284.93853759765625 631.3909912109375 704.0000610351562
v -286.43927001953125 631.8463134765625 832.0001831054688
v -284.93853759765625 631.3909912109375 832.0001831054688
v -284.93853759765625 631.3909912109375 704.0000610351562
v -286.43927001953125 631.8463134765625 704.0000610351562
v -288.0 632.0 832.0001831054688
v -286.43927001953125 631.8463134765625 832.0001831054688
v -286.43927001953125 631.8463134765625 704.0000610351562
v -288.0 632.0 704.0000610351562
v -289.56072998046875 631.8463134765625 832.0001831054688
v -288.0 632.0 832.0001831054688
v -288.0 632.0 704.0000610351562
v -289.56072998046875 631.8463134765625 704.0000610351562
v -291.06146240234375 631.3909912109375 832.0001831054688
v -289.56072998046875 631.8463134765625 832.0001831054688
v -289.56072998046875 631.8463134765625 704.0000610351562
v -291.06146240234375 631.3909912109375 704.0000610351562
v -292.4445495605469 630.6517333984375 832.0001831054688
v -291.06146240234375 631.3909912109375 832.0001831054688
v -291.06146240234375 631.3909912109375 704.0000610351562
v -292.4445495605469 630.6517333984375 704.0000610351562
v -293.6568603515625 629.6568603515625 832.0001831054688
v -292.4445495605469 630.6517333984375 832.0001831054688
v -292.4445495605469 630.6517333984375 704.0000610351562
v -293.6568603515625 629.6568603515625 704.0000610351562
v -294.6517639160156 628.444580078125 832.0001831054688
v -293.6568603515625 629.6568603515625 832.0001831054688
v -293.6568603515625 629.6568603515625 704.0000610351562
v -294.6517639160156 628.444580078125 704.0000610351562
v -295.39105224609375 627.0614624023438 832.0001831054688
v -294.6517639160156 628.444580078125 832.0001831054688
v -294.6517639160156 628.444580078125 704.0000610351562
v -295.39105224609375 627.0614624023438 704.0000610351562
v -295.8462829589844 625.5607299804688 832.0001831054688
v -295.39105224609375 627.0614624023438 832.0001831054688
v -295.39105224609375 627.0614624023438 704.0000610351562
v -295.8462829589844 625.5607299804688 704.0000610351562
v -296.0 624.0 832.0001831054688
v -295.8462829589844 625.5607299804688 832.0001831054688
v -295.8462829589844 625.5607299804688 704.0000610351562
v -296.0 624.0 704.0000610351562
v -295.8462829589844 622.4392700195312 832.0001831054688
v -296.0 624.0 832.0001831054688
v -296.0 624.0 704.0000610351562
v -295.8462829589844 622.4392700195312 704.0000610351562
v -295.3910217285156 620.9385375976562 832.0001831054688
v -295.8462829589844 622.4392700195312 832.0001831054688
v -295.8462829589844 622.4392700195312 704.0000610351562
v -295.3910217285156 620.9385375976562 704.0000610351562
v -294.6517639160156 619.555419921875 832.0001831054688
v -295.3910217285156 620.9385375976562 832.0001831054688
v -295.3910217285156 620.9385375976562 704.0000610351562
v -294.6517639160156 619.555419921875 704.0000610351562
v -293.6568603515625 618.3431396484375 832.0001831054688
v -294.6517639160156 619.555419921875 832.0001831054688
v -294.6517639160156 619.555419921875 704.0000610351562
v -293.6568603515625 618.3431396484375 704.0000610351562
v -292.4445495605469 617.3482666015625 832.0001831054688
v -293.6568603515625 618.3431396484375 832.0001831054688
v -293.6568603515625 618.3431396484375 704.0000610351562
v -292.4445495605469 617.3482666015625 704.0000610351562
v -291.06146240234375 616.6089477539062 832.0001831054688
v -292.4445495605469 617.3482666015625 832.0001831054688
v -292.4445495605469 617.3482666015625 704.0000610351562
v -291.06146240234375 616.6089477539062 704.0000610351562
v -289.56072998046875 616.1536865234375 832.0001831054688
v -291.06146240234375 616.6089477539062 832.0001831054688
v -291.06146240234375 616.6089477539062 704.0000610351562
v -289.56072998046875 616.1536865234375 704.0000610351562
v -288.0 616.0 832.0001831054688
v -289.56072998046875 616.1536865234375 832.0001831054688
v -289.56072998046875 616.1536865234375 704.0000610351562
v -288.0 616.0 704.0000610351562
v -286.43927001953125 616.1536865234375 832.0001831054688
v -288.0 616.0 832.0001831054688
v -288.0 616.0 704.0000610351562
v -286.43927001953125 616.1536865234375 704.0000610351562
v -284.93853759765625 616.6090087890625 832.0001831054688
v -286.43927001953125 616.1536865234375 832.0001831054688
v -286.43927001953125 616.1536865234375 704.0000610351562
v -284.93853759765625 616.6090087890625 704.0000610351562
v -283.5554504394531 617.3482666015625 832.0001831054688
v -284.93853759765625 616.6090087890625 832.0001831054688
v -284.93853759765625 616.6090087890625 704.0000610351562
v -283.5554504394531 617.3482666015625 704.0000610351562
v -282.3431396484375 618.3431396484375 832.0001831054688
v -283.5554504394531 617.3482666015625 832.0001831054688
v -283.5554504394531 617.3482666015625 704.0000610351562
v -282.3431396484375 618.3431396484375 704.0000610351562
v -281.3482360839844 619.555419921875 832.0001831054688
v -282.3431396484375 618.3431396484375 832.0001831054688
v -282.3431396484375 618.3431396484375 704.0000610351562
v -281.3482360839844 619.555419921875 704.0000610351562
v -280.6089782714844 620.9385375976562 832.0001831054688
v -281.3482360839844 619.555419921875 832.0001831054688
v -281.3482360839844 619.555419921875 704.0000610351562
v -280.6089782714844 620.9385375976562 704.0000610351562
v -280.1537170410156 622.4392700195312 832.0001831054688
v -280.6089782714844 620.9385375976562 832.0001831054688
v -280.6089782714844 620.9385375976562 704.0000610351562
v -280.1537170410156 622.4392700195312 704.0000610351562
v -280.0 624.0 832.0001831054688
v -280.1537170410156 622.4392700195312 832.0001831054688
v -280.1537170410156 622.4392700195312 704.0000610351562
v -280.0 624.0 704.0000610351562
v -280.6089782714844 627.0614624023438 704.0000610351562
v -280.1537170410156 625.5607299804688 704.0000610351562
v -280.0 624.0 704.0000610351562
v -281.3482360839844 628.444580078125 704.0000610351562
v -282.3431396484375 629.6568603515625 704.0000610351562
v -283.5554504394531 630.6517333984375 704.0000610351562
v -284.93853759765625 631.3909912109375 704.0000610351562
v -286.43927001953125 631.8463134765625 704.0000610351562
v -288.0 632.0 704.0000610351562
v -289.56072998046875 631.8463134765625 704.0000610351562
v -291.06146240234375 631.3909912109375 704.0000610351562
v -292.4445495605469 630.6517333984375 704.0000610351562
v -293.6568603515625 629.6568603515625 704.0000610351562
v -294.6517639160156 628.444580078125 704.0000610351562
v -295.39105224609375 627.0614624023438 704.0000610351562
v -295.8462829589844 625.5607299804688 704.0000610351562
v -296.0 624.0 704.0000610351562
v -295.8462829589844 622.4392700195312 704.0000610351562
v -295.3910217285156 620.9385375976562 704.0000610351562
v -294.6517639160156 619.555419921875 704.0000610351562
v -293.6568603515625 618.3431396484375 704.0000610351562
v -292.4445495605469 617.3482666015625 704.0000610351562
v -291.06146240234375 616.6089477539062 704.0000610351562
v -289.56072998046875 616.1536865234375 704.0000610351562
v -288.0 616.0 704.0000610351562
v -286.43927001953125 616.1536865234375 704.0000610351562
v -284.93853759765625 616.6090087890625 704.0000610351562
v -283.5554504394531 617.3482666015625 704.0000610351562
v -282.3431396484375 618.3431396484375 704.0000610351562
v -281.3482360839844 619.555419921875 704.0000610351562
v -280.6089782714844 620.9385375976562 704.0000610351562
v -280.1537170410156 622.4392700195312 704.0000610351562
v -280.1537170410156 601.5607299804688 832.0001831054688
v -280.6089782714844 603.0614624023438 832.0001831054688
v -281.3482360839844 604.444580078125 832.0001831054688
v -280.0 600.0 832.0001831054688
v -280.1537170410156 598.4392700195312 832.0001831054688
v -280.6089782714844 596.9385375976562 832.0001831054688
v -281.3482360839844 595.555419921875 832.0001831054688
v -282.3431396484375 594.3431396484375 832.0001831054688
v -283.5554504394531 593.3482666015625 832.0001831054688
v -284.93853759765625 592.6090087890625 832.0001831054688
v -286.43927001953125 592.1536865234375 832.0001831054688
v -288.0 592.0 832.0001831054688
v -289.56072998046875 592.1536865234375 832.0001831054688
v -291.06146240234375 592.6089477539062 832.0001831054688
v -292.4445495605469 593.3482666015625 832.0001831054688
v -293.6568603515625 594.3431396484375 832.0001831054688
v -294.6517639160156 595.555419921875 832.0001831054688
v -295.3910217285156 596.9385375976562 832.0001831054688
v -295.8462829589844 598.4392700195312 832.0001831054688
v -296.0 600.0 832.0001831054688
v -295.8462829589844 601.5607299804688 832.0001831054688
v -295.39105224609375 603.0614624023438 832.0001831054688
v -294.6517639160156 604.444580078125 832.0001831054688
v -293.6568603515625 605.6568603515625 832.0001831054688
v -292.4445495605469 606.6517333984375 832.0001831054688
v -291.06146240234375 607.3909912109375 832.0001831054688
v -289.56072998046875 607.8463134765625 832.0001831054688
v -288.0 608.0 832.0001831054688
v -286.43927001953125 607.8463134765625 832.0001831054688
v -284.93853759765625 607.3909912109375 832.0001831054688
v -283.5554504394531 606.6517333984375 832.0001831054688
v -282.3431396484375 605.6568603515625 832.0001831054688
v -280.1537170410156 601.5607299804688 832.0001831054688
v -280.0 600.0 832.0001831054688
v -280.0 600.0 704.0000610351562
v -280.1537170410156 601.5607299804688 704.0000610351562
v -280.6089782714844 603.0614624023438 832.0001831054688
v -280.1537170410156 601.5607299804688 832.0001831054688
v -280.1537170410156 601.5607299804688 704.0000610351562
v -280.6089782714844 603.0614624023438 704.0000610351562
v -281.3482360839844 604.444580078125 832.0001831054688
v -280.6089782714844 603.0614624023438 832.0001831054688
v -280.6089782714844 603.0614624023438 704.0000610351562
v -281.3482360839844 604.444580078125 704.0000610351562
v -282.3431396484375 605.6568603515625 832.0001831054688
v -281.3482360839844 604.444580078125 832.0001831054688
v -281.3482360839844 604.444580078125 704.0000610351562
v -282.3431396484375 605.6568603515625 704.0000610351562
v -283.5554504394531 606.6517333984375 832.0001831054688
v -282.3431396484375 605.6568603515625 832.0001831054688
v -282.3431396484375 605.6568603515625 704.0000610351562
v -283.5554504394531 606.6517333984375 704.0000610351562
v -284.93853759765625 607.3909912109375 832.0001831054688
v -283.5554504394531 606.6517333984375 832.0001831054688
v -283.5554504394531 606.6517333984375 704.0000610351562
v -284.93853759765625 607.3909912109375 704.0000610351562
v -286.43927001953125 607.8463134765625 832.0001831054688
v -284.93853759765625 607.3909912109375 832.0001831054688
v -284.93853759765625 607.3909912109375 704.0000610351562
v -286.43927001953125 607.8463134765625 704.0000610351562
v -288.0 608.0 832.0001831054688
v -286.43927001953125 607.8463134765625 832.0001831054688
v -286.43927001953125 607.8463134765625 704.0000610351562
v -288.0 608.0 704.0000610351562
v -289.56072998046875 607.8463134765625 832.0001831054688
v -288.0 608.0 832.0001831054688
v -288.0 608.0 704.0000610351562
v -289.56072998046875 607.8463134765625 704.0000610351562
v -291.06146240234375 607.3909912109375 832.0001831054688
v -289.56072998046875 607.8463134765625 832.0001831054688
v -289.56072998046875 607.8463134765625 704.0000610351562
v -291.06146240234375 607.3909912109375 704.0000610351562
v -292.4445495605469 606.6517333984375 832.0001831054688
v -291.06146240234375 607.3909912109375 832.0001831054688
v -291.06146240234375 607.3909912109375 704.0000610351562
v -292.4445495605469 606.6517333984375 704.0000610351562
v -293.6568603515625 605.6568603515625 832.0001831054688
v -292.4445495605469 606.6517333984375 832.0001831054688
v -292.4445495605469 606.6517333984375 704.0000610351562
v -293.6568603515625 605.6568603515625 704.0000610351562
v -294.6517639160156 604.444580078125 832.0001831054688
v -293.6568603515625 605.6568603515625 832.0001831054688
v -293.6568603515625 605.6568603515625 704.0000610351562
v -294.6517639160156 604.444580078125 704.0000610351562
v -295.39105224609375 603.0614624023438 832.0001831054688
v -294.6517639160156 604.444580078125 832.0001831054688
v -294.6517639160156 604.444580078125 704.0000610351562
v -295.39105224609375 603.0614624023438 704.0000610351562
v -295.8462829589844 601.5607299804688 832.0001831054688
v -295.39105224609375 603.0614624023438 832.0001831054688
v -295.39105224609375 603.0614624023438 704.0000610351562
v -295.8462829589844 601.5607299804688 704.0000610351562
v -296.0 600.0 832.0001831054688
v -295.8462829589844 601.5607299804688 832.0001831054688
v -295.8462829589844 601.5607299804688 704.0000610351562
v -296.0 600.0 704.0000610351562
v -295.8462829589844 598.4392700195312 832.0001831054688
v -296.0 600.0 832.0001831054688
v -296.0 600.0 704.0000610351562
v -295.8462829589844 598.4392700195312 704.0000610351562
v -295.3910217285156 596.9385375976562 832.0001831054688
v -295.8462829589844 598.4392700195312 832.0001831054688
v -295.8462829589844 598.4392700195312 704.0000610351562
v -295.3910217285156 596.9385375976562 704.0000610351562
v -294.6517639160156 595.555419921875 832.0001831054688
v -295.3910217285156 596.9385375976562 832.0001831054688
v -295.3910217285156 596.9385375976562 704.0000610351562
v -294.6517639160156 595.555419921875 704.0000610351562
v -293.6568603515625 594.3431396484375 832.0001831054688
v -294.6517639160156 595.555419921875 832.0001831054688
v -294.6517639160156 595.555419921875 704.0000610351562
v -293.6568603515625 594.3431396484375 704.0000610351562
v -292.4445495605469 593.3482666015625 832.0001831054688
v -293.6568603515625 594.3431396484375 832.0001831054688
v -293.6568603515625 594.3431396484375 704.0000610351562
v -292.4445495605469 593.3482666015625 704.0000610351562
v -291.06146240234375 592.6089477539062 832.0001831054688
v -292.4445495605469 593.3482666015625 832.0001831054688
v -292.4445495605469 593.3482666015625 704.0000610351562
v -291.06146240234375 592.6089477539062 704.0000610351562
v -289.56072998046875 592.1536865234375 832.0001831054688
v -291.06146240234375 592.6089477539062 832.0001831054688
v -291.06146240234375 592.6089477539062 704.0000610351562
v -289.56072998046875 592.1536865234375 704.0000610351562
v -288.0 592.0 832.0001831054688
v -289.56072998046875 592.1536865234375 832.0001831054688
v -289.56072998046875 592.1536865234375 704.0000610351562
v -288.0 592.0 704.0000610351562
v -286.43927001953125 592.1536865234375 832.0001831054688
v -288.0 592.0 832.0001831054688
v -288.0 592.0 704.0000610351562
v -286.43927001953125 592.1536865234375 704.0000610351562
v -284.93853759765625 592.6090087890625 832.0001831054688
v -286.43927001953125 592.1536865234375 832.0001831054688
v -286.43927001953125 592.1536865234375 704.0000610351562
v -284.93853759765625 592.6090087890625 704.0000610351562
v -283.5554504394531 593.3482666015625 832.0001831054688
v -284.93853759765625 592.6090087890625 832.0001831054688
v -284.93853759765625 592.6090087890625 704.0000610351562
v -283.5554504394531 593.3482666015625 704.0000610351562
v -282.3431396484375 594.3431396484375 832.0001831054688
v -283.5554504394531 593.3482666015625 832.0001831054688
v -283.5554504394531 593.3482666015625 704.0000610351562
v -282.3431396484375 594.3431396484375 704.0000610351562
v -281.3482360839844 595.555419921875 832.0001831054688
v -282.3431396484375 594.3431396484375 832.0001831054688
v -282.3431396484375 594.3431396484375 704.0000610351562
v -281.3482360839844 595.555419921875 704.0000610351562
v -280.6089782714844 596.9385375976562 832.0001831054688
v -281.3482360839844 595.555419921875 832.0001831054688
v -281.3482360839844 595.555419921875 704.0000610351562
v -280.6089782714844 596.9385375976562 704.0000610351562
v -280.1537170410156 598.4392700195312 832.0001831054688
v -280.6089782714844 596.9385375976562 832.0001831054688
v -280.6089782714844 596.9385375976562 704.0000610351562
v -280.1537170410156 598.4392700195312 704.0000610351562
v -280.0 600.0 832.0001831054688
v -280.1537170410156 598.4392700195312 832.0001831054688
v -280.1537170410156 598.4392700195312 704.0000610351562
v -280.0 600.0 704.0000610351562
v -280.6089782714844 603.0614624023438 704.0000610351562
v -280.1537170410156 601.5607299804688 704.0000610351562
v -280.0 600.0 704.0000610351562
v -281.3482360839844 604.444580078125 704.0000610351562
v -282.3431396484375 605.6568603515625 704.0000610351562
v -283.5554504394531 606.6517333984375 704.0000610351562
v -284.93853759765625 607.3909912109375 704.0000610351562
v -286.43927001953125 607.8463134765625 704.0000610351562
v -288.0 608.0 704.0000610351562
v -289.56072998046875 607.8463134765625 704.0000610351562
v -291.06146240234375 607.3909912109375 704.0000610351562
v -292.4445495605469 606.6517333984375 704.0000610351562
v -293.6568603515625 605.6568603515625 704.0000610351562
v -294.6517639160156 604.444580078125 704.0000610351562
v -295.39105224609375 603.0614624023438 704.0000610351562
v -295.8462829589844 601.5607299804688 704.0000610351562
v -296.0 600.0 704.0000610351562
v -295.8462829589844 598.4392700195312 704.0000610351562
v -295.3910217285156 596.9385375976562 704.0000610351562
v -294.6517639160156 595.555419921875 704.0000610351562
v -293.6568603515625 594.3431396484375 704.0000610351562
v -292.4445495605469 593.3482666015625 704.0000610351562
v -291.06146240234375 592.6089477539062 704.0000610351562
v -289.56072998046875 592.1536865234375 704.0000610351562
v -288.0 592.0 704.0000610351562
v -286.43927001953125 592.1536865234375 704.0000610351562
v -284.93853759765625 592.6090087890625 704.0000610351562
v -283.5554504394531 593.3482666015625 704.0000610351562
v -282.3431396484375 594.3431396484375 704.0000610351562
v -281.3482360839844 595.555419921875 704.0000610351562
v -280.6089782714844 596.9385375976562 704.0000610351562
v -280.1537170410156 598.4392700195312 704.0000610351562
v -280.1537170410156 577.5607299804688 832.0001831054688
v -280.6089782714844 579.0614624023438 832.0001831054688
v -281.3482360839844 580.444580078125 832.0001831054688
v -280.0 576.0 832.0001831054688
v -280.1537170410156 574.4392700195312 832.0001831054688
v -280.6089782714844 572.9385375976562 832.0001831054688
v -281.3482360839844 571.555419921875 832.0001831054688
v -282.3431396484375 570.3431396484375 832.0001831054688
v -283.5554504394531 569.3482666015625 832.0001831054688
v -284.93853759765625 568.6090087890625 832.0001831054688
v -286.43927001953125 568.1536865234375 832.0001831054688
v -288.0 568.0 832.0001831054688
v -289.56072998046875 568.1536865234375 832.0001831054688
v -291.06146240234375 568.6089477539062 832.0001831054688
v -292.4445495605469 569.3482666015625 832.0001831054688
v -293.6568603515625 570.3431396484375 832.0001831054688
v -294.6517639160156 571.555419921875 832.0001831054688
v -295.3910217285156 572.9385375976562 832.0001831054688
v -295.8462829589844 574.4392700195312 832.0001831054688
v -296.0 576.0 832.0001831054688
v -295.8462829589844 577.5607299804688 832.0001831054688
v -295.39105224609375 579.0614624023438 832.0001831054688
v -294.6517639160156 580.444580078125 832.0001831054688
v -293.6568603515625 581.6568603515625 832.0001831054688
v -292.4445495605469 582.6517333984375 832.0001831054688
v -291.06146240234375 583.3909912109375 832.0001831054688
v -289.56072998046875 583.8463134765625 832.0001831054688
v -288.0 584.0 832.0001831054688
v -286.43927001953125 583.8463134765625 832.0001831054688
v -284.93853759765625 583.3909912109375 832.0001831054688
v -283.5554504394531 582.6517333984375 832.0001831054688
v -282.3431396484375 581.6568603515625 832.0001831054688
v -280.1537170410156 577.5607299804688 832.0001831054688
v -280.0 576.0 832.0001831054688
v -280.0 576.0 704.0000610351562
v -280.1537170410156 577.5607299804688 704.0000610351562
v -280.6089782714844 579.0614624023438 832.0001831054688
v -280.1537170410156 577.5607299804688 832.0001831054688
v -280.1537170410156 577.5607299804688 704.0000610351562
v -280.6089782714844 579.0614624023438 704.0000610351562
v -281.3482360839844 580.444580078125 832.0001831054688
v -280.6089782714844 579.0614624023438 832.0001831054688
v -280.6089782714844 579.0614624023438 704.0000610351562
v -281.3482360839844 580.444580078125 704.0000610351562
v -282.3431396484375 581.6568603515625 832.0001831054688
v -281.3482360839844 580.444580078125 832.0001831054688
v -281.3482360839844 580.444580078125 704.0000610351562
v -282.3431396484375 581.6568603515625 704.0000610351562
v -283.5554504394531 582.6517333984375 832.0001831054688
v -282.3431396484375 581.6568603515625 832.0001831054688
v -282.3431396484375 581.6568603515625 704.0000610351562
v -283.5554504394531 582.6517333984375 704.0000610351562
v -284.93853759765625 583.3909912109375 832.0001831054688
v -283.5554504394531 582.6517333984375 832.0001831054688
v -283.5554504394531 582.6517333984375 704.0000610351562
v -284.93853759765625 583.3909912109375 704.0000610351562
v -286.43927001953125 583.8463134765625 832.0001831054688
v -284.93853759765625 583.3909912109375 832.0001831054688
v -284.93853759765625 583.3909912109375 704.0000610351562
v -286.43927001953125 583.8463134765625 704.0000610351562
v -288.0 584.0 832.0001831054688
v -286.43927001953125 583.8463134765625 832.0001831054688
v -286.43927001953125 583.8463134765625 704.0000610351562
v -288.0 584.0 704.0000610351562
v -289.56072998046875 583.8463134765625 832.0001831054688
v -288.0 584.0 832.0001831054688
v -288.0 584.0 704.0000610351562
v -289.56072998046875 583.8463134765625 704.0000610351562
v -291.06146240234375 583.3909912109375 832.0001831054688
v -289.56072998046875 583.8463134765625 832.0001831054688
v -289.56072998046875 583.8463134765625 704.0000610351562
v -291.06146240234375 583.3909912109375 704.0000610351562
v -292.4445495605469 582.6517333984375 832.0001831054688
v -291.06146240234375 583.3909912109375 832.0001831054688
v -291.06146240234375 583.3909912109375 704.0000610351562
v -292.4445495605469 582.6517333984375 704.0000610351562
v -293.6568603515625 581.6568603515625 832.0001831054688
v -292.4445495605469 582.6517333984375 832.0001831054688
v -292.4445495605469 582.6517333984375 704.0000610351562
v -293.6568603515625 581.6568603515625 704.0000610351562
v -294.6517639160156 580.444580078125 832.0001831054688
v -293.6568603515625 581.6568603515625 832.0001831054688
v -293.6568603515625 581.6568603515625 704.0000610351562
v -294.6517639160156 580.444580078125 704.0000610351562
v -295.39105224609375 579.0614624023438 832.0001831054688
v -294.6517639160156 580.444580078125 832.0001831054688
v -294.6517639160156 580.444580078125 704.0000610351562
v -295.39105224609375 579.0614624023438 704.0000610351562
v -295.8462829589844 577.5607299804688 832.0001831054688
v -295.39105224609375 579.0614624023438 832.0001831054688
v -295.39105224609375 579.0614624023438 704.0000610351562
v -295.8462829589844 577.5607299804688 704.0000610351562
v -296.0 576.0 832.0001831054688
v -295.8462829589844 577.5607299804688 832.0001831054688
v -295.8462829589844 577.5607299804688 704.0000610351562
v -296.0 576.0 704.0000610351562
v -295.8462829589844 574.4392700195312 832.0001831054688
v -296.0 576.0 832.0001831054688
v -296.0 576.0 704.0000610351562
v -295.8462829589844 574.4392700195312 704.0000610351562
v -295.3910217285156 572.9385375976562 832.0001831054688
v -295.8462829589844 574.4392700195312 832.0001831054688
v -295.8462829589844 574.4392700195312 704.0000610351562
v -295.3910217285156 572.9385375976562 704.0000610351562
v -294.6517639160156 571.555419921875 832.0001831054688
v -295.3910217285156 572.9385375976562 832.0001831054688
v -295.3910217285156 572.9385375976562 704.0000610351562
v -294.6517639160156 571.555419921875 704.0000610351562
v -293.6568603515625 570.3431396484375 832.0001831054688
v -294.6517639160156 571.555419921875 832.0001831054688
v -294.6517639160156 571.555419921875 704.0000610351562
v -293.6568603515625 570.3431396484375 704.0000610351562
v -292.4445495605469 569.3482666015625 832.0001831054688
v -293.6568603515625 570.3431396484375 832.0001831054688
v -293.6568603515625 570.3431396484375 704.0000610351562
v -292.4445495605469 569.3482666015625 704.0000610351562
v -291.06146240234375 568.6089477539062 832.0001831054688
v -292.4445495605469 569.3482666015625 832.0001831054688
v -292.4445495605469 569.3482666015625 704.0000610351562
v -291.06146240234375 568.6089477539062 704.0000610351562
v -289.56072998046875 568.1536865234375 832.0001831054688
v -291.06146240234375 568.6089477539062 832.0001831054688
v -291.06146240234375 568.6089477539062 704.0000610351562
v -289.56072998046875 568.1536865234375 704.0000610351562
v -288.0 568.0 832.0001831054688
v -289.56072998046875 568.1536865234375 832.0001831054688
v -289.56072998046875 568.1536865234375 704.0000610351562
v -288.0 568.0 704.0000610351562
v -286.43927001953125 568.1536865234375 832.0001831054688
v -288.0 568.0 832.0001831054688
v -288.0 568.0 704.0000610351562
v -286.43927001953125 568.1536865234375 704.0000610351562
v -284.93853759765625 568.6090087890625 832.0001831054688
v -286.43927001953125 568.1536865234375 832.0001831054688
v -286.43927001953125 568.1536865234375 704.0000610351562
v -284.93853759765625 568.6090087890625 704.0000610351562
v -283.5554504394531 569.3482666015625 832.0001831054688
v -284.93853759765625 568.6090087890625 832.0001831054688
v -284.93853759765625 568.6090087890625 704.0000610351562
v -283.5554504394531 569.3482666015625 704.0000610351562
v -282.3431396484375 570.3431396484375 832.0001831054688
v -283.5554504394531 569.3482666015625 832.0001831054688
v -283.5554504394531 569.3482666015625 704.0000610351562
v -282.3431396484375 570.3431396484375 704.0000610351562
v -281.3482360839844 571.555419921875 832.0001831054688
v -282.3431396484375 570.3431396484375 832.0001831054688
v -282.3431396484375 570.3431396484375 704.0000610351562
v -281.3482360839844 571.555419921875 704.0000610351562
v -280.6089782714844 572.9385375976562 832.0001831054688
v -281.3482360839844 571.555419921875 832.0001831054688
v -281.3482360839844 571.555419921875 704.0000610351562
v -280.6089782714844 572.9385375976562 704.0000610351562
v -280.1537170410156 574.4392700195312 832.0001831054688
v -280.6089782714844 572.9385375976562 832.0001831054688
v -280.6089782714844 572.9385375976562 704.0000610351562
v -280.1537170410156 574.4392700195312 704.0000610351562
v -280.0 576.0 832.0001831054688
v -280.1537170410156 574.4392700195312 832.0001831054688
v -280.1537170410156 574.4392700195312 704.0000610351562
v -280.0 576.0 704.0000610351562
v -280.6089782714844 579.0614624023438 704.0000610351562
v -280.1537170410156 577.5607299804688 704.0000610351562
v -280.0 576.0 704.0000610351562
v -281.3482360839844 580.444580078125 704.0000610351562
v -282.3431396484375 581.6568603515625 704.0000610351562
v -283.5554504394531 582.6517333984375 704.0000610351562
v -284.93853759765625 583.3909912109375 704.0000610351562
v -286.43927001953125 583.8463134765625 704.0000610351562
v -288.0 584.0 704.0000610351562
v -289.56072998046875 583.8463134765625 704.0000610351562
v -291.06146240234375 583.3909912109375 704.0000610351562
v -292.4445495605469 582.6517333984375 704.0000610351562
v -293.6568603515625 581.6568603515625 704.0000610351562
v -294.6517639160156 580.444580078125 704.0000610351562
v -295.39105224609375 579.0614624023438 704.0000610351562
v -295.8462829589844 577.5607299804688 704.0000610351562
v -296.0 576.0 704.0000610351562
v -295.8462829589844 574.4392700195312 704.0000610351562
v -295.3910217285156 572.9385375976562 704.0000610351562
v -294.6517639160156 571.555419921875 704.0000610351562
v -293.6568603515625 570.3431396484375 704.0000610351562
v -292.4445495605469 569.3482666015625 704.0000610351562
v -291.06146240234375 568.6089477539062 704.0000610351562
v -289.56072998046875 568.1536865234375 704.0000610351562
v -288.0 568.0 704.0000610351562
v -286.43927001953125 568.1536865234375 704.0000610351562
v -284.93853759765625 568.6090087890625 704.0000610351562
v -283.5554504394531 569.3482666015625 704.0000610351562
v -282.3431396484375 570.3431396484375 704.0000610351562
v -281.3482360839844 571.555419921875 704.0000610351562
v -280.6089782714844 572.9385375976562 704.0000610351562
v -280.1537170410156 574.4392700195312 704.0000610351562
v 280.1537170410156 625.5607299804688 -64.0
v 280.0 624.0 -64.0
v 280.0 624.0 64.0
v 280.1537170410156 625.5607299804688 64.0
v 280.6089782714844 627.0614624023438 -64.0
v 280.1537170410156 625.5607299804688 -64.0
v 280.1537170410156 625.5607299804688 64.0
v 280.6089782714844 627.0614624023438 64.0
v 281.3482360839844 628.444580078125 -64.0
v 280.6089782714844 627.0614624023438 -64.0
v 280.6089782714844 627.0614624023438 64.0
v 281.3482360839844 628.444580078125 64.0
v 282.3431396484375 629.6568603515625 -64.0
v 281.3482360839844 628.444580078125 -64.0
v 281.3482360839844 628.444580078125 64.0
v 282.3431396484375 629.6568603515625 64.0
v 283.5554504394531 630.6517333984375 -64.0
v 282.3431396484375 629.6568603515625 -64.0
v 282.3431396484375 629.6568603515625 64.0
v 283.5554504394531 630.6517333984375 64.0
v 284.93853759765625 631.3909912109375 -64.0
v 283.5554504394531 630.6517333984375 -64.0
v 283.5554504394531 630.6517333984375 64.0
v 284.93853759765625 631.3909912109375 64.0
v 286.43927001953125 631.8463134765625 -64.0
v 284.93853759765625 631.3909912109375 -64.0
v 284.93853759765625 631.3909912109375 64.0
v 286.43927001953125 631.8463134765625 64.0
v 288.0 632.0 -64.0
v 286.43927001953125 631.8463134765625 -64.0
v 286.43927001953125 631.8463134765625 64.0
v 288.0 632.0 64.0
v 289.56072998046875 631.8463134765625 -64.0
v 288.0 632.0 -64.0
v 288.0 632.0 64.0
v 289.56072998046875 631.8463134765625 64.0
v 291.06146240234375 631.3909912109375 -64.0
v 289.56072998046875 631.8463134765625 -64.0
v 289.56072998046875 631.8463134765625 64.0
v 291.06146240234375 631.3909912109375 64.0
v 292.4445495605469 630.6517333984375 -64.0
v 291.06146240234375 631.3909912109375 -64.0
v 291.06146240234375 631.3909912109375 64.0
v 292.4445495605469 630.6517333984375 64.0
v 293.6568603515625 629.6568603515625 -64.0
v 292.4445495605469 630.6517333984375 -64.0
v 292.4445495605469 630.6517333984375 64.0
v 293.6568603515625 629.6568603515625 64.0
v 294.6517639160156 628.444580078125 -64.0
v 293.6568603515625 629.6568603515625 -64.0
v 293.6568603515625 629.6568603515625 64.0
v 294.6517639160156 628.444580078125 64.0
v 295.39105224609375 627.0614624023438 -64.0
v 294.6517639160156 628.444580078125 -64.0
v 294.6517639160156 628.444580078125 64.0
v 295.39105224609375 627.0614624023438 64.0
v 295.8462829589844 625.5607299804688 -64.0
v 295.39105224609375 627.0614624023438 -64.0
v 295.39105224609375 627.0614624023438 64.0
v 295.8462829589844 625.5607299804688 64.0
v 296.0 624.0 -64.0
v 295.8462829589844 625.5607299804688 -64.0
v 295.8462829589844 625.5607299804688 64.0
v 296.0 624.0 64.0
v 295.8462829589844 622.4392700195312 -64.0
v 296.0 624.0 -64.0
v 296.0 624.0 64.0
v 295.8462829589844 622.4392700195312 64.0
v 295.3910217285156 620.9385375976562 -64.0
v 295.8462829589844 622.4392700195312 -64.0
v 295.8462829589844 622.4392700195312 64.0
v 295.3910217285156 620.9385375976562 64.0
v 294.6517639160156 619.555419921875 -64.0
v 295.3910217285156 620.9385375976562 -64.0
v 295.3910217285156 620.9385375976562 64.0
v 294.6517639160156 619.555419921875 64.0
v 293.6568603515625 618.3431396484375 -64.0
v 294.6517639160156 619.555419921875 -64.0
v 294.6517639160156 619.555419921875 64.0
v 293.6568603515625 618.3431396484375 64.0
v 292.4445495605469 617.3482666015625 -64.0
v 293.6568603515625 618.3431396484375 -64.0
v 293.6568603515625 618.3431396484375 64.0
v 292.4445495605469 617.3482666015625 64.0
v 291.06146240234375 616.6089477539062 -64.0
v 292.4445495605469 617.3482666015625 -64.0
v 292.4445495605469 617.3482666015625 64.0
v 291.06146240234375 616.6089477539062 64.0
v 289.56072998046875 616.1536865234375 -64.0
v 291.06146240234375 616.6089477539062 -64.0
v 291.06146240234375 616.6089477539062 64.0
v 289.56072998046875 616.1536865234375 64.0
v 288.0 616.0 -64.0
v 289.56072998046875 616.1536865234375 -64.0
v 289.56072998046875 616.1536865234375 64.0
v 288.0 616.0 64.0
v 286.43927001953125 616.1536865234375 -64.0
v 288.0 616.0 -64.0
v 288.0 616.0 64.0
v 286.43927001953125 616.1536865234375 64.0
v 284.93853759765625 616.6090087890625 -64.0
v 286.43927001953125 616.1536865234375 -64.0
v 286.43927001953125 616.1536865234375 64.0
v 284.93853759765625 616.6090087890625 64.0
v 283.5554504394531 617.3482666015625 -64.0
v 284.93853759765625 616.6090087890625 -64.0
v 284.93853759765625 616.6090087890625 64.0
v 283.5554504394531 617.3482666015625 64.0
v 282.3431396484375 618.3431396484375 -64.0
v 283.5554504394531 617.3482666015625 -64.0
v 283.5554504394531 617.3482666015625 64.0
v 282.3431396484375 618.3431396484375 64.0
v 281.3482360839844 619.555419921875 -64.0
v 282.3431396484375 618.3431396484375 -64.0
v 282.3431396484375 618.3431396484375 64.0
v 281.3482360839844 619.555419921875 64.0
v 280.6089782714844 620.9385375976562 -64.0
v 281.3482360839844 619.555419921875 -64.0
v 281.3482360839844 619.555419921875 64.0
v 280.6089782714844 620.9385375976562 64.0
v 280.1537170410156 622.4392700195312 -64.0
v 280.6089782714844 620.9385375976562 -64.0
v 280.6089782714844 620.9385375976562 64.0
v 280.1537170410156 622.4392700195312 64.0
v 280.0 624.0 -64.0
v 280.1537170410156 622.4392700195312 -64.0
v 280.1537170410156 622.4392700195312 64.0
v 280.0 624.0 64.0
v 296.0 624.0 -64.0
v 295.8462829589844 622.4392700195312 -64.0
v 295.3910217285156 620.9385375976562 -64.0
v 295.8462829589844 625.5607299804688 -64.0
v 295.39105224609375 627.0614624023438 -64.0
v 294.6517639160156 628.444580078125 -64.0
v 293.6568603515625 629.6568603515625 -64.0
v 292.4445495605469 630.6517333984375 -64.0
v 291.06146240234375 631.3909912109375 -64.0
v 289.56072998046875 631.8463134765625 -64.0
v 288.0 632.0 -64.0
v 286.43927001953125 631.8463134765625 -64.0
v 284.93853759765625 631.3909912109375 -64.0
v 283.5554504394531 630.6517333984375 -64.0
v 282.3431396484375 629.6568603515625 -64.0
v 281.3482360839844 628.444580078125 -64.0
v 280.6089782714844 627.0614624023438 -64.0
v 280.1537170410156 625.5607299804688 -64.0
v 280.0 624.0 -64.0
v 280.1537170410156 622.4392700195312 -64.0
v 280.6089782714844 620.9385375976562 -64.0
v 281.3482360839844 619.555419921875 -64.0
v 282.3431396484375 618.3431396484375 -64.0
v 283.5554504394531 617.3482666015625 -64.0
v 284.93853759765625 616.6090087890625 -64.0
v 286.43927001953125 616.1536865234375 -64.0
v 288.0 616.0 -64.0
v 289.56072998046875 616.1536865234375 -64.0
v 291.06146240234375 616.6089477539062 -64.0
v 292.4445495605469 617.3482666015625 -64.0
v 293.6568603515625 618.3431396484375 -64.0
v 294.6517639160156 619.555419921875 -64.0
v 280.6089782714844 627.0614624023438 64.0
v 280.1537170410156 625.5607299804688 64.0
v 280.0 624.0 64.0
v 281.3482360839844 628.444580078125 64.0
v 282.3431396484375 629.6568603515625 64.0
v 283.5554504394531 630.6517333984375 64.0
v 284.93853759765625 631.3909912109375 64.0
v 286.43927001953125 631.8463134765625 64.0
v 288.0 632.0 64.0
v 289.56072998046875 631.8463134765625 64.0
v 291.06146240234375 631.3909912109375 64.0
v 292.4445495605469 630.6517333984375 64.0
v 293.6568603515625 629.6568603515625 64.0
v 294.6517639160156 628.444580078125 64.0
v 295.39105224609375 627.0614624023438 64.0
v 295.8462829589844 625.5607299804688 64.0
v 296.0 624.0 64.0
v 295.8462829589844 622.4392700195312 64.0
v 295.3910217285156 620.9385375976562 64.0
v 294.6517639160156 619.555419921875 64.0
v 293.6568603515625 618.3431396484375 64.0
v 292.4445495605469 617.3482666015625 64.0
v 291.06146240234375 616.6089477539062 64.0
v 289.56072998046875 616.1536865234375 64.0
v 288.0 616.0 64.0
v 286.43927001953125 616.1536865234375 64.0
v 284.93853759765625 616.6090087890625 64.0
v 283.5554504394531 617.3482666015625 64.0
v 282.3431396484375 618.3431396484375 64.0
v 281.3482360839844 619.555419921875 64.0
v 280.6089782714844 620.9385375976562 64.0
v 280.1537170410156 622.4392700195312 64.0
v 280.1537170410156 601.5607299804688 -64.0
v 280.0 600.0 -64.0
v 280.0 600.0 64.0
v 280.1537170410156 601.5607299804688 64.0
v 280.6089782714844 603.0614624023438 -64.0
v 280.1537170410156 601.5607299804688 -64.0
v 280.1537170410156 601.5607299804688 64.0
v 280.6089782714844 603.0614624023438 64.0
v 281.3482360839844 604.444580078125 -64.0
v 280.6089782714844 603.0614624023438 -64.0
v 280.6089782714844 603.0614624023438 64.0
v 281.3482360839844 604.444580078125 64.0
v 282.3431396484375 605.6568603515625 -64.0
v 281.3482360839844 604.444580078125 -64.0
v 281.3482360839844 604.444580078125 64.0
v 282.3431396484375 605.6568603515625 64.0
v 283.5554504394531 606.6517333984375 -64.0
v 282.3431396484375 605.6568603515625 -64.0
v 282.3431396484375 605.6568603515625 64.0
v 283.5554504394531 606.6517333984375 64.0
v 284.93853759765625 607.3909912109375 -64.0
v 283.5554504394531 606.6517333984375 -64.0
v 283.5554504394531 606.6517333984375 64.0
v 284.93853759765625 607.3909912109375 64.0
v 286.43927001953125 607.8463134765625 -64.0
v 284.93853759765625 607.3909912109375 -64.0
v 284.93853759765625 607.3909912109375 64.0
v 286.43927001953125 607.8463134765625 64.0
v 288.0 608.0 -64.0
v 286.43927001953125 607.8463134765625 -64.0
v 286.43927001953125 607.8463134765625 64.0
v 288.0 608.0 64.0
v 289.56072998046875 607.8463134765625 -64.0
v 288.0 608.0 -64.0
v 288.0 608.0 64.0
v 289.56072998046875 607.8463134765625 64.0
v 291.06146240234375 607.3909912109375 -64.0
v 289.56072998046875 607.8463134765625 -64.0
v 289.56072998046875 607.8463134765625 64.0
v 291.06146240234375 607.3909912109375 64.0
v 292.4445495605469 606.6517333984375 -64.0
v 291.06146240234375 607.3909912109375 -64.0
v 291.06146240234375 607.3909912109375 64.0
v 292.4445495605469 606.6517333984375 64.0
v 293.6568603515625 605.6568603515625 -64.0
v 292.4445495605469 606.6517333984375 -64.0
v 292.4445495605469 606.6517333984375 64.0
v 293.6568603515625 605.6568603515625 64.0
v 294.6517639160156 604.444580078125 -64.0
v 293.6568603515625 605.6568603515625 -64.0
v 293.6568603515625 605.6568603515625 64.0
v 294.6517639160156 604.444580078125 64.0
v 295.39105224609375 603.0614624023438 -64.0
v 294.6517639160156 604.444580078125 -64.0
v 294.6517639160156 604.444580078125 64.0
v 295.39105224609375 603.0614624023438 64.0
v 295.8462829589844 601.5607299804688 -64.0
v 295.39105224609375 603.0614624023438 -64.0
v 295.39105224609375 603.0614624023438 64.0
v 295.8462829589844 601.5607299804688 64.0
v 296.0 600.0 -64.0
v 295.8462829589844 601.5607299804688 -64.0
v 295.8462829589844 601.5607299804688 64.0
v 296.0 600.0 64.0
v 295.8462829589844 598.4392700195312 -64.0
v 296.0 600.0 -64.0
v 296.0 600.0 64.0
v 295.8462829589844 598.4392700195312 64.0
v 295.3910217285156 596.9385375976562 -64.0
v 295.8462829589844 598.4392700195312 -64.0
v 295.8462829589844 598.4392700195312 64.0
v 295.3910217285156 596.9385375976562 64.0
v 294.6517639160156 595.555419921875 -64.0
v 295.3910217285156 596.9385375976562 -64.0
v 295.3910217285156 596.9385375976562 64.0
v 294.6517639160156 595.555419921875 64.0
v 293.6568603515625 594.3431396484375 -64.0
v 294.6517639160156 595.555419921875 -64.0
v 294.6517639160156 595.555419921875 64.0
v 293.6568603515625 594.3431396484375 64.0
v 292.4445495605469 593.3482666015625 -64.0
v 293.6568603515625 594.3431396484375 -64.0
v 293.6568603515625 594.3431396484375 64.0
v 292.4445495605469 593.3482666015625 64.0
v 291.06146240234375 592.6089477539062 -64.0
v 292.4445495605469 593.3482666015625 -64.0
v 292.4445495605469 593.3482666015625 64.0
v 291.06146240234375 592.6089477539062 64.0
v 289.56072998046875 592.1536865234375 -64.0
v 291.06146240234375 592.6089477539062 -64.0
v 291.06146240234375 592.6089477539062 64.0
v 289.56072998046875 592.1536865234375 64.0
v 288.0 592.0 -64.0
v 289.56072998046875 592.1536865234375 -64.0
v 289.56072998046875 592.1536865234375 64.0
v 288.0 592.0 64.0
v 286.43927001953125 592.1536865234375 -64.0
v 288.0 592.0 -64.0
v 288.0 592.0 64.0
v 286.43927001953125 592.1536865234375 64.0
v 284.93853759765625 592.6090087890625 -64.0
v 286.43927001953125 592.1536865234375 -64.0
v 286.43927001953125 592.1536865234375 64.0
v 284.93853759765625 592.6090087890625 64.0
v 283.5554504394531 593.3482666015625 -64.0
v 284.93853759765625 592.6090087890625 -64.0
v 284.93853759765625 592.6090087890625 64.0
v 283.5554504394531 593.3482666015625 64.0
v 282.3431396484375 594.3431396484375 -64.0
v 283.5554504394531 593.3482666015625 -64.0
v 283.5554504394531 593.3482666015625 64.0
v 282.3431396484375 594.3431396484375 64.0
v 281.3482360839844 595.555419921875 -64.0
v 282.3431396484375 594.3431396484375 -64.0
v 282.3431396484375 594.3431396484375 64.0
v 281.3482360839844 595.555419921875 64.0
v 280.6089782714844 596.9385375976562 -64.0
v 281.3482360839844 595.555419921875 -64.0
v 281.3482360839844 595.555419921875 64.0
v 280.6089782714844 596.9385375976562 64.0
v 280.1537170410156 598.4392700195312 -64.0
v 280.6089782714844 596.9385375976562 -64.0
v 280.6089782714844 596.9385375976562 64.0
v 280.1537170410156 598.4392700195312 64.0
v 280.0 600.0 -64.0
v 280.1537170410156 598.4392700195312 -64.0
v 280.1537170410156 598.4392700195312 64.0
v 280.0 600.0 64.0
v 296.0 600.0 -64.0
v 295.8462829589844 598.4392700195312 -64.0
v 295.3910217285156 596.9385375976562 -64.0
v 295.8462829589844 601.5607299804688 -64.0
v 295.39105224609375 603.0614624023438 -64.0
v 294.6517639160156 604.444580078125 -64.0
v 293.6568603515625 605.6568603515625 -64.0
v 292.4445495605469 606.6517333984375 -64.0
v 291.06146240234375 607.3909912109375 -64.0
v 289.56072998046875 607.8463134765625 -64.0
v 288.0 608.0 -64.0
v 286.43927001953125 607.8463134765625 -64.0
v 284.93853759765625 607.3909912109375 -64.0
v 283.5554504394531 606.6517333984375 -64.0
v 282.3431396484375 605.6568603515625 -64.0
v 281.3482360839844 604.444580078125 -64.0
v 280.6089782714844 603.0614624023438 -64.0
v 280.1537170410156 601.5607299804688 -64.0
v 280.0 600.0 -64.0
v 280.1537170410156 598.4392700195312 -64.0
v 280.6089782714844 596.9385375976562 -64.0
v 281.3482360839844 595.555419921875 -64.0
v 282.3431396484375 594.3431396484375 -64.0
v 283.5554504394531 593.3482666015625 -64.0
v 284.93853759765625 592.6090087890625 -64.0
v 286.43927001953125 592.1536865234375 -64.0
v 288.0 592.0 -64.0
v 289.56072998046875 592.1536865234375 -64.0
v 291.06146240234375 592.6089477539062 -64.0
v 292.4445495605469 593.3482666015625 -64.0
v 293.6568603515625 594.3431396484375 -64.0
v 294.6517639160156 595.555419921875 -64.0
v 280.6089782714844 603.0614624023438 64.0
v 280.1537170410156 601.5607299804688 64.0
v 280.0 600.0 64.0
v 281.3482360839844 604.444580078125 64.0
v 282.3431396484375 605.6568603515625 64.0
v 283.5554504394531 606.6517333984375 64.0
v 284.93853759765625 607.3909912109375 64.0
v 286.43927001953125 607.8463134765625 64.0
v 288.0 608.0 64.0
v 289.56072998046875 607.8463134765625 64.0
v 291.06146240234375 607.3909912109375 64.0
v 292.4445495605469 606.6517333984375 64.0
v 293.6568603515625 605.6568603515625 64.0
v 294.6517639160156 604.444580078125 64.0
v 295.39105224609375 603.0614624023438 64.0
v 295.8462829589844 601.5607299804688 64.0
v 296.0 600.0 64.0
v 295.8462829589844 598.4392700195312 64.0
v 295.3910217285156 596.9385375976562 64.0
v 294.6517639160156 595.555419921875 64.0
v 293.6568603515625 594.3431396484375 64.0
v 292.4445495605469 593.3482666015625 64.0
v 291.06146240234375 592.6089477539062 64.0
v 289.56072998046875 592.1536865234375 64.0
v 288.0 592.0 64.0
v 286.43927001953125 592.1536865234375 64.0
v 284.93853759765625 592.6090087890625 64.0
v 283.5554504394531 593.3482666015625 64.0
v 282.3431396484375 594.3431396484375 64.0
v 281.3482360839844 595.555419921875 64.0
v 280.6089782714844 596.9385375976562 64.0
v 280.1537170410156 598.4392700195312 64.0
v 280.1537170410156 577.5607299804688 -64.0
v 280.0 576.0 -64.0
v 280.0 576.0 64.0
v 280.1537170410156 577.5607299804688 64.0
v 280.6089782714844 579.0614624023438 -64.0
v 280.1537170410156 577.5607299804688 -64.0
v 280.1537170410156 577.5607299804688 64.0
v 280.6089782714844 579.0614624023438 64.0
v 281.3482360839844 580.444580078125 -64.0
v 280.6089782714844 579.0614624023438 -64.0
v 280.6089782714844 579.0614624023438 64.0
v 281.3482360839844 580.444580078125 64.0
v 282.3431396484375 581.6568603515625 -64.0
v 281.3482360839844 580.444580078125 -64.0
v 281.3482360839844 580.444580078125 64.0
v 282.3431396484375 581.6568603515625 64.0
v 283.5554504394531 582.6517333984375 -64.0
v 282.3431396484375 581.6568603515625 -64.0
v 282.3431396484375 581.6568603515625 64.0
v 283.5554504394531 582.6517333984375 64.0
v 284.93853759765625 583.3909912109375 -64.0
v 283.5554504394531 582.6517333984375 -64.0
v 283.5554504394531 582.6517333984375 64.0
v 284.93853759765625 583.3909912109375 64.0
v 286.43927001953125 583.8463134765625 -64.0
v 284.93853759765625 583.3909912109375 -64.0
v 284.93853759765625 583.3909912109375 64.0
v 286.43927001953125 583.8463134765625 64.0
v 288.0 584.0 -64.0
v 286.43927001953125 583.8463134765625 -64.0
v 286.43927001953125 583.8463134765625 64.0
v 288.0 584.0 64.0
v 289.56072998046875 583.8463134765625 -64.0
v 288.0 584.0 -64.0
v 288.0 584.0 64.0
v 289.56072998046875 583.8463134765625 64.0
v 291.06146240234375 583.3909912109375 -64.0
v 289.56072998046875 583.8463134765625 -64.0
v 289.56072998046875 583.8463134765625 64.0
v 291.06146240234375 583.3909912109375 64.0
v 292.4445495605469 582.6517333984375 -64.0
v 291.06146240234375 583.3909912109375 -64.0
v 291.06146240234375 583.3909912109375 64.0
v 292.4445495605469 582.6517333984375 64.0
v 293.6568603515625 581.6568603515625 -64.0
v 292.4445495605469 582.6517333984375 -64.0
v 292.4445495605469 582.6517333984375 64.0
v 293.6568603515625 581.6568603515625 64.0
v 294.6517639160156 580.444580078125 -64.0
v 293.6568603515625 581.6568603515625 -64.0
v 293.6568603515625 581.6568603515625 64.0
v 294.6517639160156 580.444580078125 64.0
v 295.39105224609375 579.0614624023438 -64.0
v 294.6517639160156 580.444580078125 -64.0
v 294.6517639160156 580.444580078125 64.0
v 295.39105224609375 579.0614624023438 64.0
v 295.8462829589844 577.5607299804688 -64.0
v 295.39105224609375 579.0614624023438 -64.0
v 295.39105224609375 579.0614624023438 64.0
v 295.8462829589844 577.5607299804688 64.0
v 296.0 576.0 -64.0
v 295.8462829589844 577.5607299804688 -64.0
v 295.8462829589844 577.5607299804688 64.0
v 296.0 576.0 64.0
v 295.8462829589844 574.4392700195312 -64.0
v 296.0 576.0 -64.0
v 296.0 576.0 64.0
v 295.8462829589844 574.4392700195312 64.0
v 295.3910217285156 572.9385375976562 -64.0
v 295.8462829589844 574.4392700195312 -64.0
v 295.8462829589844 574.4392700195312 64.0
v 295.3910217285156 572.9385375976562 64.0
v 294.6517639160156 571.555419921875 -64.0
v 295.3910217285156 572.9385375976562 -64.0
v 295.3910217285156 572.9385375976562 64.0
v 294.6517639160156 571.555419921875 64.0
v 293.6568603515625 570.3431396484375 -64.0
v 294.6517639160156 571.555419921875 -64.0
v 294.6517639160156 571.555419921875 64.0
v 293.6568603515625 570.3431396484375 64.0
v 292.4445495605469 569.3482666015625 -64.0
v 293.6568603515625 570.3431396484375 -64.0
v 293.6568603515625 570.3431396484375 64.0
v 292.4445495605469 569.3482666015625 64.0
v 291.06146240234375 568.6089477539062 -64.0
v 292.4445495605469 569.3482666015625 -64.0
v 292.4445495605469 569.3482666015625 64.0
v 291.06146240234375 568.6089477539062 64.0
v 289.56072998046875 568.1536865234375 -64.0
v 291.06146240234375 568.6089477539062 -64.0
v 291.06146240234375 568.6089477539062 64.0
v 289.56072998046875 568.1536865234375 64.0
v 288.0 568.0 -64.0
v 289.56072998046875 568.1536865234375 -64.0
v 289.56072998046875 568.1536865234375 64.0
v 288.0 568.0 64.0
v 286.43927001953125 568.1536865234375 -64.0
v 288.0 568.0 -64.0
v 288.0 568.0 64.0
v 286.43927001953125 568.1536865234375 64.0
v 284.93853759765625 568.6090087890625 -64.0
v 286.43927001953125 568.1536865234375 -64.0
v 286.43927001953125 568.1536865234375 64.0
v 284.93853759765625 568.6090087890625 64.0
v 283.5554504394531 569.3482666015625 -64.0
v 284.93853759765625 568.6090087890625 -64.0
v 284.93853759765625 568.6090087890625 64.0
v 283.5554504394531 569.3482666015625 64.0
v 282.3431396484375 570.3431396484375 -64.0
v 283.5554504394531 569.3482666015625 -64.0
v 283.5554504394531 569.3482666015625 64.0
v 282.3431396484375 570.3431396484375 64.0
v 281.3482360839844 571.555419921875 -64.0
v 282.3431396484375 570.3431396484375 -64.0
v 282.3431396484375 570.3431396484375 64.0
v 281.3482360839844 571.555419921875 64.0
v 280.6089782714844 572.9385375976562 -64.0
v 281.3482360839844 571.555419921875 -64.0
v 281.3482360839844 571.555419921875 64.0
v 280.6089782714844 572.9385375976562 64.0
v 280.1537170410156 574.4392700195312 -64.0
v 280.6089782714844 572.9385375976562 -64.0
v 280.6089782714844 572.9385375976562 64.0
v 280.1537170410156 574.4392700195312 64.0
v 280.0 576.0 -64.0
v 280.1537170410156 574.4392700195312 -64.0
v 280.1537170410156 574.4392700195312 64.0
v 280.0 576.0 64.0
v 296.0 576.0 -64.0
v 295.8462829589844 574.4392700195312 -64.0
v 295.3910217285156 572.9385375976562 -64.0
v 295.8462829589844 577.5607299804688 -64.0
v 295.39105224609375 579.0614624023438 -64.0
v 294.6517639160156 580.444580078125 -64.0
v 293.6568603515625 581.6568603515625 -64.0
v 292.4445495605469 582.6517333984375 -64.0
v 291.06146240234375 583.3909912109375 -64.0
v 289.56072998046875 583.8463134765625 -64.0
v 288.0 584.0 -64.0
v 286.43927001953125 583.8463134765625 -64.0
v 284.93853759765625 583.3909912109375 -64.0
v 283.5554504394531 582.6517333984375 -64.0
v 282.3431396484375 581.6568603515625 -64.0
v 281.3482360839844 580.444580078125 -64.0
v 280.6089782714844 579.0614624023438 -64.0
v 280.1537170410156 577.5607299804688 -64.0
v 280.0 576.0 -64.0
v 280.1537170410156 574.4392700195312 -64.0
v 280.6089782714844 572.9385375976562 -64.0
v 281.3482360839844 571.555419921875 -64.0
v 282.3431396484375 570.3431396484375 -64.0
v 283.5554504394531 569.3482666015625 -64.0
v 284.93853759765625 568.6090087890625 -64.0
v 286.43927001953125 568.1536865234375 -64.0
v 288.0 568.0 -64.0
v 289.56072998046875 568.1536865234375 -64.0
v 291.06146240234375 568.6089477539062 -64.0
v 292.4445495605469 569.3482666015625 -64.0
v 293.6568603515625 570.3431396484375 -64.0
v 294.6517639160156 571.555419921875 -64.0
v 280.6089782714844 579.0614624023438 64.0
v 280.1537170410156 577.5607299804688 64.0
v 280.0 576.0 64.0
v 281.3482360839844 580.444580078125 64.0
v 282.3431396484375 581.6568603515625 64.0
v 283.5554504394531 582.6517333984375 64.0
v 284.93853759765625 583.3909912109375 64.0
v 286.43927001953125 583.8463134765625 64.0
v 288.0 584.0 64.0
v 289.56072998046875 583.8463134765625 64.0
v 291.06146240234375 583.3909912109375 64.0
v 292.4445495605469 582.6517333984375 64.0
v 293.6568603515625 581.6568603515625 64.0
v 294.6517639160156 580.444580078125 64.0
v 295.39105224609375 579.0614624023438 64.0
v 295.8462829589844 577.5607299804688 64.0
v 296.0 576.0 64.0
v 295.8462829589844 574.4392700195312 64.0
v 295.3910217285156 572.9385375976562 64.0
v 294.6517639160156 571.555419921875 64.0
v 293.6568603515625 570.3431396484375 64.0
v 292.4445495605469 569.3482666015625 64.0
v 291.06146240234375 568.6089477539062 64.0
v 289.56072998046875 568.1536865234375 64.0
v 288.0 568.0 64.0
v 286.43927001953125 568.1536865234375 64.0
v 284.93853759765625 568.6090087890625 64.0
v 283.5554504394531 569.3482666015625 64.0
v 282.3431396484375 570.3431396484375 64.0
v 281.3482360839844 571.555419921875 64.0
v 280.6089782714844 572.9385375976562 64.0
v 280.1537170410156 574.4392700195312 64.0
v 280.1537780761719 622.4392700195312 831.9999389648438
v 280.6090393066406 620.9385375976562 831.9999389648438
v 281.3482971191406 619.555419921875 831.9999389648438
v 280.00006103515625 624.0 831.9999389648438
v 280.1537780761719 625.5607299804688 831.9999389648438
v 280.6090393066406 627.0614624023438 831.9999389648438
v 281.3482971191406 628.444580078125 831.9999389648438
v 282.34320068359375 629.6568603515625 831.9999389648438
v 283.5555114746094 630.6517333984375 831.9999389648438
v 284.9385986328125 631.3909912109375 831.9999389648438
v 286.4393310546875 631.8463134765625 831.9999389648438
v 288.00006103515625 632.0 831.9999389648438
v 289.560791015625 631.8463134765625 831.9999389648438
v 291.0615234375 631.3909912109375 831.9999389648438
v 292.4446105957031 630.6517333984375 831.9999389648438
v 293.65692138671875 629.6568603515625 831.9999389648438
v 294.6518249511719 628.444580078125 831.9999389648438
v 295.39111328125 627.0614624023438 831.9999389648438
v 295.8463439941406 625.5607299804688 831.9999389648438
v 296.00006103515625 624.0 831.9999389648438
v 295.8463439941406 622.4392700195312 831.9999389648438
v 295.3910827636719 620.9385375976562 831.9999389648438
v 294.6518249511719 619.555419921875 831.9999389648438
v 293.65692138671875 618.3431396484375 831.9999389648438
v 292.4446105957031 617.3482666015625 831.9999389648438
v 291.0615234375 616.6089477539062 831.9999389648438
v 289.560791015625 616.1536865234375 831.9999389648438
v 288.00006103515625 616.0 831.9999389648438
v 286.4393310546875 616.1536865234375 831.9999389648438
v 284.9385986328125 616.6090087890625 831.9999389648438
v 283.5555114746094 617.3482666015625 831.9999389648438
v 282.34320068359375 618.3431396484375 831.9999389648438
v 280.00006103515625 624.0 831.9999389648438
v 280.1537780761719 625.5607299804688 831.9999389648438
v 280.1537780761719 625.5607299804688 704.0000610351562
v 280.00006103515625 624.0 704.0000610351562
v 280.1537780761719 625.5607299804688 831.9999389648438
v 280.6090393066406 627.0614624023438 831.9999389648438
v 280.6090393066406 627.0614624023438 704.0000610351562
v 280.1537780761719 625.5607299804688 704.0000610351562
v 280.6090393066406 627.0614624023438 831.9999389648438
v 281.3482971191406 628.444580078125 831.9999389648438
v 281.3482971191406 628.444580078125 704.0000610351562
v 280.6090393066406 627.0614624023438 704.0000610351562
v 281.3482971191406 628.444580078125 831.9999389648438
v 282.34320068359375 629.6568603515625 831.9999389648438
v 282.34320068359375 629.6568603515625 704.0000610351562
v 281.3482971191406 628.444580078125 704.0000610351562
v 282.34320068359375 629.6568603515625 831.9999389648438
v 283.5555114746094 630.6517333984375 831.9999389648438
v 283.5555114746094 630.6517333984375 704.0000610351562
v 282.34320068359375 629.6568603515625 704.0000610351562
v 283.5555114746094 630.6517333984375 831.9999389648438
v 284.9385986328125 631.3909912109375 831.9999389648438
v 284.9385986328125 631.3909912109375 704.0000610351562
v 283.5555114746094 630.6517333984375 704.0000610351562
v 284.9385986328125 631.3909912109375 831.9999389648438
v 286.4393310546875 631.8463134765625 831.9999389648438
v 286.4393310546875 631.8463134765625 704.0000610351562
v 284.9385986328125 631.3909912109375 704.0000610351562
v 286.4393310546875 631.8463134765625 831.9999389648438
v 288.00006103515625 632.0 831.9999389648438
v 288.00006103515625 632.0 704.0000610351562
v 286.4393310546875 631.8463134765625 704.0000610351562
v 288.00006103515625 632.0 831.9999389648438
v 289.560791015625 631.8463134765625 831.9999389648438
v 289.560791015625 631.8463134765625 704.0000610351562
v 288.00006103515625 632.0 704.0000610351562
v 289.560791015625 631.8463134765625 831.9999389648438
v 291.0615234375 631.3909912109375 831.9999389648438
v 291.0615234375 631.3909912109375 704.0000610351562
v 289.560791015625 631.8463134765625 704.0000610351562
v 291.0615234375 631.3909912109375 831.9999389648438
v 292.4446105957031 630.6517333984375 831.9999389648438
v 292.4446105957031 630.6517333984375 704.0000610351562
v 291.0615234375 631.3909912109375 704.0000610351562
v 292.4446105957031 630.6517333984375 831.9999389648438
v 293.65692138671875 629.6568603515625 831.9999389648438
v 293.65692138671875 629.6568603515625 704.0000610351562
v 292.4446105957031 630.6517333984375 704.0000610351562
v 293.65692138671875 629.6568603515625 831.9999389648438
v 294.6518249511719 628.444580078125 831.9999389648438
v 294.6518249511719 628.444580078125 704.0000610351562
v 293.65692138671875 629.6568603515625 704.0000610351562
v 294.6518249511719 628.444580078125 831.9999389648438
v 295.39111328125 627.0614624023438 831.9999389648438
v 295.39111328125 627.0614624023438 704.0000610351562
v 294.6518249511719 628.444580078125 704.0000610351562
v 295.39111328125 627.0614624023438 831.9999389648438
v 295.8463439941406 625.5607299804688 831.9999389648438
v 295.8463439941406 625.5607299804688 704.0000610351562
v 295.39111328125 627.0614624023438 704.0000610351562
v 295.8463439941406 625.5607299804688 831.9999389648438
v 296.00006103515625 624.0 831.9999389648438
v 296.00006103515625 624.0 704.0000610351562
v 295.8463439941406 625.5607299804688 704.0000610351562
v 296.00006103515625 624.0 831.9999389648438
v 295.8463439941406 622.4392700195312 831.9999389648438
v 295.8463439941406 622.4392700195312 704.0000610351562
v 296.00006103515625 624.0 704.0000610351562
v 295.8463439941406 622.4392700195312 831.9999389648438
v 295.3910827636719 620.9385375976562 831.9999389648438
v 295.3910827636719 620.9385375976562 704.0000610351562
v 295.8463439941406 622.4392700195312 704.0000610351562
v 295.3910827636719 620.9385375976562 831.9999389648438
v 294.6518249511719 619.555419921875 831.9999389648438
v 294.6518249511719 619.555419921875 704.0000610351562
v 295.3910827636719 620.9385375976562 704.0000610351562
v 294.6518249511719 619.555419921875 831.9999389648438
v 293.65692138671875 618.3431396484375 831.9999389648438
v 293.65692138671875 618.3431396484375 704.0000610351562
v 294.6518249511719 619.555419921875 704.0000610351562
v 293.65692138671875 618.3431396484375 831.9999389648438
v 292.4446105957031 617.3482666015625 831.9999389648438
v 292.4446105957031 617.3482666015625 704.0000610351562
v 293.65692138671875 618.3431396484375 704.0000610351562
v 292.4446105957031 617.3482666015625 831.9999389648438
v 291.0615234375 616.6089477539062 831.9999389648438
v 291.0615234375 616.6089477539062 704.0000610351562
v 292.4446105957031 617.3482666015625 704.0000610351562
v 291.0615234375 616.6089477539062 831.9999389648438
v 289.560791015625 616.1536865234375 831.9999389648438
v 289.560791015625 616.1536865234375 704.0000610351562
v 291.0615234375 616.6089477539062 704.0000610351562
v 289.560791015625 616.1536865234375 831.9999389648438
v 288.00006103515625 616.0 831.9999389648438
v 288.00006103515625 616.0 704.0000610351562
v 289.560791015625 616.1536865234375 704.0000610351562
v 288.00006103515625 616.0 831.9999389648438
v 286.4393310546875 616.1536865234375 831.9999389648438
v 286.4393310546875 616.1536865234375 704.0000610351562
v 288.00006103515625 616.0 704.0000610351562
v 286.4393310546875 616.1536865234375 831.9999389648438
v 284.9385986328125 616.6090087890625 831.9999389648438
v 284.9385986328125 616.6090087890625 704.0000610351562
v 286.4393310546875 616.1536865234375 704.0000610351562
v 284.9385986328125 616.6090087890625 831.9999389648438
v 283.5555114746094 617.3482666015625 831.9999389648438
v 283.5555114746094 617.3482666015625 704.0000610351562
v 284.9385986328125 616.6090087890625 704.0000610351562
v 283.5555114746094 617.3482666015625 831.9999389648438
v 282.34320068359375 618.3431396484375 831.9999389648438
v 282.34320068359375 618.3431396484375 704.0000610351562
v 283.5555114746094 617.3482666015625 704.0000610351562
v 282.34320068359375 618.3431396484375 831.9999389648438
v 281.3482971191406 619.555419921875 831.9999389648438
v 281.3482971191406 619.555419921875 704.0000610351562
v 282.34320068359375 618.3431396484375 704.0000610351562
v 281.3482971191406 619.555419921875 831.9999389648438
v 280.6090393066406 620.9385375976562 831.9999389648438
v 280.6090393066406 620.9385375976562 704.0000610351562
v 281.3482971191406 619.555419921875 704.0000610351562
v 280.6090393066406 620.9385375976562 831.9999389648438
v 280.1537780761719 622.4392700195312 831.9999389648438
v 280.1537780761719 622.4392700195312 704.0000610351562
v 280.6090393066406 620.9385375976562 704.0000610351562
v 280.1537780761719 622.4392700195312 831.9999389648438
v 280.00006103515625 624.0 831.9999389648438
v 280.00006103515625 624.0 704.0000610351562
v 280.1537780761719 622.4392700195312 704.0000610351562
v 295.39111328125 627.0614624023438 704.0000610351562
v 295.8463439941406 625.5607299804688 704.0000610351562
v 296.00006103515625 624.0 704.0000610351562
v 294.6518249511719 628.444580078125 704.0000610351562
v 293.65692138671875 629.6568603515625 704.0000610351562
v 292.4446105957031 630.6517333984375 704.0000610351562
v 291.0615234375 631.3909912109375 704.0000610351562
v 289.560791015625 631.8463134765625 704.0000610351562
v 288.00006103515625 632.0 704.0000610351562
v 286.4393310546875 631.8463134765625 704.0000610351562
v 284.9385986328125 631.3909912109375 704.0000610351562
v 283.5555114746094 630.6517333984375 704.0000610351562
v 282.34320068359375 629.6568603515625 704.0000610351562
v 281.3482971191406 628.444580078125 704.0000610351562
v 280.6090393066406 627.0614624023438 704.0000610351562
v 280.1537780761719 625.5607299804688 704.0000610351562
v 280.00006103515625 624.0 704.0000610351562
v 280.1537780761719 622.4392700195312 704.0000610351562
v 280.6090393066406 620.9385375976562 704.0000610351562
v 281.3482971191406 619.555419921875 704.0000610351562
v 282.34320068359375 618.3431396484375 704.0000610351562
v 283.5555114746094 617.3482666015625 704.0000610351562
v 284.9385986328125 616.6090087890625 704.0000610351562
v 286.4393310546875 616.1536865234375 704.0000610351562
v 288.00006103515625 616.0 704.0000610351562
v 289.560791015625 616.1536865234375 704.0000610351562
v 291.0615234375 616.6089477539062 704.0000610351562
v 292.4446105957031 617.3482666015625 704.0000610351562
v 293.65692138671875 618.3431396484375 704.0000610351562
v 294.6518249511719 619.555419921875 704.0000610351562
v 295.3910827636719 620.9385375976562 704.0000610351562
v 295.8463439941406 622.4392700195312 704.0000610351562
v 280.15374755859375 625.5607299804688 448.0
v 280.15374755859375 625.5607299804688 319.9999694824219
v 280.0000305175781 624.0 320.0
v 280.0000305175781 624.0 448.0
v 280.6090087890625 627.0614624023438 448.0
v 280.6090087890625 627.0614624023438 319.9999694824219
v 280.15374755859375 625.5607299804688 319.9999694824219
v 280.15374755859375 625.5607299804688 448.0
v 281.3482666015625 628.444580078125 448.0
v 281.3482666015625 628.444580078125 319.9999694824219
v 280.6090087890625 627.0614624023438 319.9999694824219
v 280.6090087890625 627.0614624023438 448.0
v 282.3431701660156 629.6568603515625 448.0
v 282.3431701660156 629.6568603515625 319.9999694824219
v 281.3482666015625 628.444580078125 319.9999694824219
v 281.3482666015625 628.444580078125 448.0
v 283.55548095703125 630.6517333984375 448.0
v 283.55548095703125 630.6517333984375 319.9999694824219
v 282.3431701660156 629.6568603515625 319.9999694824219
v 282.3431701660156 629.6568603515625 448.0
v 284.9385681152344 631.3909912109375 448.0
v 284.9385681152344 631.3909912109375 319.9999694824219
v 283.55548095703125 630.6517333984375 319.9999694824219
v 283.55548095703125 630.6517333984375 448.0
v 286.4393005371094 631.8463134765625 448.0
v 286.4393005371094 631.8463134765625 319.9999694824219
v 284.9385681152344 631.3909912109375 319.9999694824219
v 284.9385681152344 631.3909912109375 448.0
v 288.0000305175781 632.0 448.0
v 288.0000305175781 632.0 319.9999694824219
v 286.4393005371094 631.8463134765625 319.9999694824219
v 286.4393005371094 631.8463134765625 448.0
v 289.5607604980469 631.8463134765625 448.0
v 289.5607604980469 631.8463134765625 319.9999694824219
v 288.0000305175781 632.0 319.9999694824219
v 288.0000305175781 632.0 448.0
v 291.0614929199219 631.3909912109375 448.0
v 291.0614929199219 631.3909912109375 319.9999694824219
v 289.5607604980469 631.8463134765625 319.9999694824219
v 289.5607604980469 631.8463134765625 448.0
v 292.444580078125 630.6517333984375 448.0
v 292.444580078125 630.6517333984375 319.9999694824219
v 291.0614929199219 631.3909912109375 319.9999694824219
v 291.0614929199219 631.3909912109375 448.0
v 293.6568908691406 629.6568603515625 448.0
v 293.6568908691406 629.6568603515625 319.9999694824219
v 292.444580078125 630.6517333984375 319.9999694824219
v 292.444580078125 630.6517333984375 448.0
v 294.65179443359375 628.444580078125 448.0
v 294.65179443359375 628.444580078125 319.9999694824219
v 293.6568908691406 629.6568603515625 319.9999694824219
v 293.6568908691406 629.6568603515625 448.0
v 295.3910827636719 627.0614624023438 448.0
v 295.3910827636719 627.0614624023438 319.9999694824219
v 294.65179443359375 628.444580078125 319.9999694824219
v 294.65179443359375 628.444580078125 448.0
v 295.8463134765625 625.5607299804688 448.0
v 295.8463134765625 625.5607299804688 319.9999694824219
v 295.3910827636719 627.0614624023438 319.9999694824219
v 295.3910827636719 627.0614624023438 448.0
v 296.0000305175781 624.0 448.0
v 296.0000305175781 624.0 319.9999694824219
v 295.8463134765625 625.5607299804688 319.9999694824219
v 295.8463134765625 625.5607299804688 448.0
v 295.8463134765625 622.4392700195312 448.0
v 295.8463134765625 622.4392700195312 319.9999694824219
v 296.0000305175781 624.0 319.9999694824219
v 296.0000305175781 624.0 448.0
v 295.39105224609375 620.9385375976562 448.0
v 295.39105224609375 620.9385375976562 319.9999694824219
v 295.8463134765625 622.4392700195312 319.9999694824219
v 295.8463134765625 622.4392700195312 448.0
v 294.65179443359375 619.555419921875 448.0
v 294.65179443359375 619.555419921875 319.9999694824219
v 295.39105224609375 620.9385375976562 319.9999694824219
v 295.39105224609375 620.9385375976562 448.0
v 293.6568908691406 618.3431396484375 448.0
v 293.6568908691406 618.3431396484375 319.9999694824219
v 294.65179443359375 619.555419921875 319.9999694824219
v 294.65179443359375 619.555419921875 448.0
v 292.444580078125 617.3482666015625 448.0
v 292.444580078125 617.3482666015625 319.9999694824219
v 293.6568908691406 618.3431396484375 319.9999694824219
v 293.6568908691406 618.3431396484375 448.0
v 291.0614929199219 616.6089477539062 448.0
v 291.0614929199219 616.6089477539062 319.9999694824219
v 292.444580078125 617.3482666015625 319.9999694824219
v 292.444580078125 617.3482666015625 448.0
v 289.5607604980469 616.1536865234375 448.0
v 289.5607604980469 616.1536865234375 319.9999694824219
v 291.0614929199219 616.6089477539062 319.9999694824219
v 291.0614929199219 616.6089477539062 448.0
v 288.0000305175781 616.0 448.0
v 288.0000305175781 616.0 319.9999694824219
v 289.5607604980469 616.1536865234375 319.9999694824219
v 289.5607604980469 616.1536865234375 448.0
v 286.4393005371094 616.1536865234375 448.0
v 286.4393005371094 616.1536865234375 319.9999694824219
v 288.0000305175781 616.0 319.9999694824219
v 288.0000305175781 616.0 448.0
v 284.9385681152344 616.6090087890625 448.0
v 284.9385681152344 616.6090087890625 319.9999694824219
v 286.4393005371094 616.1536865234375 319.9999694824219
v 286.4393005371094 616.1536865234375 448.0
v 283.55548095703125 617.3482666015625 448.0
v 283.55548095703125 617.3482666015625 319.9999694824219
v 284.9385681152344 616.6090087890625 319.9999694824219
v 284.9385681152344 616.6090087890625 448.0
v 282.3431701660156 618.3431396484375 448.0
v 282.3431701660156 618.3431396484375 319.9999694824219
v 283.55548095703125 617.3482666015625 319.9999694824219
v 283.55548095703125 617.3482666015625 448.0
v 281.3482666015625 619.555419921875 448.0
v 281.3482666015625 619.555419921875 319.9999694824219
v 282.3431701660156 618.3431396484375 319.9999694824219
v 282.3431701660156 618.3431396484375 448.0
v 280.6090087890625 620.9385375976562 448.0
v 280.6090087890625 620.9385375976562 319.9999694824219
v 281.3482666015625 619.555419921875 319.9999694824219
v 281.3482666015625 619.555419921875 448.0
v 280.15374755859375 622.4392700195312 448.0
v 280.15374755859375 622.4392700195312 319.9999694824219
v 280.6090087890625 620.9385375976562 319.9999694824219
v 280.6090087890625 620.9385375976562 448.0
v 280.0000305175781 624.0 448.0
v 280.0000305175781 624.0 320.0
v 280.15374755859375 622.4392700195312 319.9999694824219
v 280.15374755859375 622.4392700195312 448.0
v 296.0000305175781 624.0 319.9999694824219
v 295.8463134765625 622.4392700195312 319.9999694824219
v 295.39105224609375 620.9385375976562 319.9999694824219
v 295.8463134765625 625.5607299804688 319.9999694824219
v 295.3910827636719 627.0614624023438 319.9999694824219
v 294.65179443359375 628.444580078125 319.9999694824219
v 293.6568908691406 629.6568603515625 319.9999694824219
v 292.444580078125 630.6517333984375 319.9999694824219
v 291.0614929199219 631.3909912109375 319.9999694824219
v 289.5607604980469 631.8463134765625 319.9999694824219
v 288.0000305175781 632.0 319.9999694824219
v 286.4393005371094 631.8463134765625 319.9999694824219
v 284.9385681152344 631.3909912109375 319.9999694824219
v 283.55548095703125 630.6517333984375 319.9999694824219
v 282.3431701660156 629.6568603515625 319.9999694824219
v 281.3482666015625 628.444580078125 319.9999694824219
v 280.6090087890625 627.0614624023438 319.9999694824219
v 280.15374755859375 625.5607299804688 319.9999694824219
v 280.0000305175781 624.0 320.0
v 280.15374755859375 622.4392700195312 319.9999694824219
v 280.6090087890625 620.9385375976562 319.9999694824219
v 281.3482666015625 619.555419921875 319.9999694824219
v 282.3431701660156 618.3431396484375 319.9999694824219
v 283.55548095703125 617.3482666015625 319.9999694824219
v 284.9385681152344 616.6090087890625 319.9999694824219
v 286.4393005371094 616.1536865234375 319.9999694824219
v 288.0000305175781 616.0 319.9999694824219
v 289.5607604980469 616.1536865234375 319.9999694824219
v 291.0614929199219 616.6089477539062 319.9999694824219
v 292.444580078125 617.3482666015625 319.9999694824219
v 293.6568908691406 618.3431396484375 319.9999694824219
v 294.65179443359375 619.555419921875 319.9999694824219
v 280.6090087890625 627.0614624023438 448.0
v 280.15374755859375 625.5607299804688 448.0
v 280.0000305175781 624.0 448.0
v 281.3482666015625 628.444580078125 448.0
v 282.3431701660156 629.6568603515625 448.0
v 283.55548095703125 630.6517333984375 448.0
v 284.9385681152344 631.3909912109375 448.0
v 286.4393005371094 631.8463134765625 448.0
v 288.0000305175781 632.0 448.0
v 289.5607604980469 631.8463134765625 448.0
v 291.0614929199219 631.3909912109375 448.0
v 292.444580078125 630.6517333984375 448.0
v 293.6568908691406 629.6568603515625 448.0
v 294.65179443359375 628.444580078125 448.0
v 295.3910827636719 627.0614624023438 448.0
v 295.8463134765625 625.5607299804688 448.0
v 296.0000305175781 624.0 448.0
v 295.8463134765625 622.4392700195312 448.0
v 295.39105224609375 620.9385375976562 448.0
v 294.65179443359375 619.555419921875 448.0
v 293.6568908691406 618.3431396484375 448.0
v 292.444580078125 617.3482666015625 448.0
v 291.0614929199219 616.6089477539062 448.0
v 289.5607604980469 616.1536865234375 448.0
v 288.0000305175781 616.0 448.0
v 286.4393005371094 616.1536865234375 448.0
v 284.9385681152344 616.6090087890625 448.0
v 283.55548095703125 617.3482666015625 448.0
v 282.3431701660156 618.3431396484375 448.0
v 281.3482666015625 619.555419921875 448.0
v 280.6090087890625 620.9385375976562 448.0
v 280.15374755859375 622.4392700195312 448.0
v 280.1537780761719 598.4392700195312 831.9999389648438
v 280.6090393066406 596.9385375976562 831.9999389648438
v 281.3482971191406 595.555419921875 831.9999389648438
v 280.00006103515625 600.0 831.9999389648438
v 280.1537780761719 601.5607299804688 831.9999389648438
v 280.6090393066406 603.0614624023438 831.9999389648438
v 281.3482971191406 604.444580078125 831.9999389648438
v 282.34320068359375 605.6568603515625 831.9999389648438
v 283.5555114746094 606.6517333984375 831.9999389648438
v 284.9385986328125 607.3909912109375 831.9999389648438
v 286.4393310546875 607.8463134765625 831.9999389648438
v 288.00006103515625 608.0 831.9999389648438
v 289.560791015625 607.8463134765625 831.9999389648438
v 291.0615234375 607.3909912109375 831.9999389648438
v 292.4446105957031 606.6517333984375 831.9999389648438
v 293.65692138671875 605.6568603515625 831.9999389648438
v 294.6518249511719 604.444580078125 831.9999389648438
v 295.39111328125 603.0614624023438 831.9999389648438
v 295.8463439941406 601.5607299804688 831.9999389648438
v 296.00006103515625 600.0 831.9999389648438
v 295.8463439941406 598.4392700195312 831.9999389648438
v 295.3910827636719 596.9385375976562 831.9999389648438
v 294.6518249511719 595.555419921875 831.9999389648438
v 293.65692138671875 594.3431396484375 831.9999389648438
v 292.4446105957031 593.3482666015625 831.9999389648438
v 291.0615234375 592.6089477539062 831.9999389648438
v 289.560791015625 592.1536865234375 831.9999389648438
v 288.00006103515625 592.0 831.9999389648438
v 286.4393310546875 592.1536865234375 831.9999389648438
v 284.9385986328125 592.6090087890625 831.9999389648438
v 283.5555114746094 593.3482666015625 831.9999389648438
v 282.34320068359375 594.3431396484375 831.9999389648438
v 280.00006103515625 600.0 831.9999389648438
v 280.1537780761719 601.5607299804688 831.9999389648438
v 280.1537780761719 601.5607299804688 704.0000610351562
v 280.00006103515625 600.0 704.0000610351562
v 280.1537780761719 601.5607299804688 831.9999389648438
v 280.6090393066406 603.0614624023438 831.9999389648438
v 280.6090393066406 603.0614624023438 704.0000610351562
v 280.1537780761719 601.5607299804688 704.0000610351562
v 280.6090393066406 603.0614624023438 831.9999389648438
v 281.3482971191406 604.444580078125 831.9999389648438
v 281.3482971191406 604.444580078125 704.0000610351562
v 280.6090393066406 603.0614624023438 704.0000610351562
v 281.3482971191406 604.444580078125 831.9999389648438
v 282.34320068359375 605.6568603515625 831.9999389648438
v 282.34320068359375 605.6568603515625 704.0000610351562
v 281.3482971191406 604.444580078125 704.0000610351562
v 282.34320068359375 605.6568603515625 831.9999389648438
v 283.5555114746094 606.6517333984375 831.9999389648438
v 283.5555114746094 606.6517333984375 704.0000610351562
v 282.34320068359375 605.6568603515625 704.0000610351562
v 283.5555114746094 606.6517333984375 831.9999389648438
v 284.9385986328125 607.3909912109375 831.9999389648438
v 284.9385986328125 607.3909912109375 704.0000610351562
v 283.5555114746094 606.6517333984375 704.0000610351562
v 284.9385986328125 607.3909912109375 831.9999389648438
v 286.4393310546875 607.8463134765625 831.9999389648438
v 286.4393310546875 607.8463134765625 704.0000610351562
v 284.9385986328125 607.3909912109375 704.0000610351562
v 286.4393310546875 607.8463134765625 831.9999389648438
v 288.00006103515625 608.0 831.9999389648438
v 288.00006103515625 608.0 704.0000610351562
v 286.4393310546875 607.8463134765625 704.0000610351562
v 288.00006103515625 608.0 831.9999389648438
v 289.560791015625 607.8463134765625 831.9999389648438
v 289.560791015625 607.8463134765625 704.0000610351562
v 288.00006103515625 608.0 704.0000610351562
v 289.560791015625 607.8463134765625 831.9999389648438
v 291.0615234375 607.3909912109375 831.9999389648438
v 291.0615234375 607.3909912109375 704.0000610351562
v 289.560791015625 607.8463134765625 704.0000610351562
v 291.0615234375 607.3909912109375 831.9999389648438
v 292.4446105957031 606.6517333984375 831.9999389648438
v 292.4446105957031 606.6517333984375 704.0000610351562
v 291.0615234375 607.3909912109375 704.0000610351562
v 292.4446105957031 606.6517333984375 831.9999389648438
v 293.65692138671875 605.6568603515625 831.9999389648438
v 293.65692138671875 605.6568603515625 704.0000610351562
v 292.4446105957031 606.6517333984375 704.0000610351562
v 293.65692138671875 605.6568603515625 831.9999389648438
v 294.6518249511719 604.444580078125 831.9999389648438
v 294.6518249511719 604.444580078125 704.0000610351562
v 293.65692138671875 605.6568603515625 704.0000610351562
v 294.6518249511719 604.444580078125 831.9999389648438
v 295.39111328125 603.0614624023438 831.9999389648438
v 295.39111328125 603.0614624023438 704.0000610351562
v 294.6518249511719 604.444580078125 704.0000610351562
v 295.39111328125 603.0614624023438 831.9999389648438
v 295.8463439941406 601.5607299804688 831.9999389648438
v 295.8463439941406 601.5607299804688 704.0000610351562
v 295.39111328125 603.0614624023438 704.0000610351562
v 295.8463439941406 601.5607299804688 831.9999389648438
v 296.00006103515625 600.0 831.9999389648438
v 296.00006103515625 600.0 704.0000610351562
v 295.8463439941406 601.5607299804688 704.0000610351562
v 296.00006103515625 600.0 831.9999389648438
v 295.8463439941406 598.4392700195312 831.9999389648438
v 295.8463439941406 598.4392700195312 704.0000610351562
v 296.00006103515625 600.0 704.0000610351562
v 295.8463439941406 598.4392700195312 831.9999389648438
v 295.3910827636719 596.9385375976562 831.9999389648438
v 295.3910827636719 596.9385375976562 704.0000610351562
v 295.8463439941406 598.4392700195312 704.0000610351562
v 295.3910827636719 596.9385375976562 831.9999389648438
v 294.6518249511719 595.555419921875 831.9999389648438
v 294.6518249511719 595.555419921875 704.0000610351562
v 295.3910827636719 596.9385375976562 704.0000610351562
v 294.6518249511719 595.555419921875 831.9999389648438
v 293.65692138671875 594.3431396484375 831.9999389648438
v 293.65692138671875 594.3431396484375 704.0000610351562
v 294.6518249511719 595.555419921875 704.0000610351562
v 293.65692138671875 594.3431396484375 831.9999389648438
v 292.4446105957031 593.3482666015625 831.9999389648438
v 292.4446105957031 593.3482666015625 704.0000610351562
v 293.65692138671875 594.3431396484375 704.0000610351562
v 292.4446105957031 593.3482666015625 831.9999389648438
v 291.0615234375 592.6089477539062 831.9999389648438
v 291.0615234375 592.6089477539062 704.0000610351562
v 292.4446105957031 593.3482666015625 704.0000610351562
v 291.0615234375 592.6089477539062 831.9999389648438
v 289.560791015625 592.1536865234375 831.9999389648438
v 289.560791015625 592.1536865234375 704.0000610351562
v 291.0615234375 592.6089477539062 704.0000610351562
v 289.560791015625 592.1536865234375 831.9999389648438
v 288.00006103515625 592.0 831.9999389648438
v 288.00006103515625 592.0 704.0000610351562
v 289.560791015625 592.1536865234375 704.0000610351562
v 288.00006103515625 592.0 831.9999389648438
v 286.4393310546875 592.1536865234375 831.9999389648438
v 286.4393310546875 592.1536865234375 704.0000610351562
v 288.00006103515625 592.0 704.0000610351562
v 286.4393310546875 592.1536865234375 831.9999389648438
v 284.9385986328125 592.6090087890625 831.9999389648438
v 284.9385986328125 592.6090087890625 704.0000610351562
v 286.4393310546875 592.1536865234375 704.0000610351562
v 284.9385986328125 592.6090087890625 831.9999389648438
v 283.5555114746094 593.3482666015625 831.9999389648438
v 283.5555114746094 593.3482666015625 704.0000610351562
v 284.9385986328125 592.6090087890625 704.0000610351562
v 283.5555114746094 593.3482666015625 831.9999389648438
v 282.34320068359375 594.3431396484375 831.9999389648438
v 282.34320068359375 594.3431396484375 704.0000610351562
v 283.5555114746094 593.3482666015625 704.0000610351562
v 282.34320068359375 594.3431396484375 831.9999389648438
v 281.3482971191406 595.555419921875 831.9999389648438
v 281.3482971191406 595.555419921875 704.0000610351562
v 282.34320068359375 594.3431396484375 704.0000610351562
v 281.3482971191406 595.555419921875 831.9999389648438
v 280.6090393066406 596.9385375976562 831.9999389648438
v 280.6090393066406 596.9385375976562 704.0000610351562
v 281.3482971191406 595.555419921875 704.0000610351562
v 280.6090393066406 596.9385375976562 831.9999389648438
v 280.1537780761719 598.4392700195312 831.9999389648438
v 280.1537780761719 598.4392700195312 704.0000610351562
v 280.6090393066406 596.9385375976562 704.0000610351562
v 280.1537780761719 598.4392700195312 831.9999389648438
v 280.00006103515625 600.0 831.9999389648438
v 280.00006103515625 600.0 704.0000610351562
v 280.1537780761719 598.4392700195312 704.0000610351562
v 295.39111328125 603.0614624023438 704.0000610351562
v 295.8463439941406 601.5607299804688 704.0000610351562
v 296.00006103515625 600.0 704.0000610351562
v 294.6518249511719 604.444580078125 704.0000610351562
v 293.65692138671875 605.6568603515625 704.0000610351562
v 292.4446105957031 606.6517333984375 704.0000610351562
v 291.0615234375 607.3909912109375 704.0000610351562
v 289.560791015625 607.8463134765625 704.0000610351562
v 288.00006103515625 608.0 704.0000610351562
v 286.4393310546875 607.8463134765625 704.0000610351562
v 284.9385986328125 607.3909912109375 704.0000610351562
v 283.5555114746094 606.6517333984375 704.0000610351562
v 282.34320068359375 605.6568603515625 704.0000610351562
v 281.3482971191406 604.444580078125 704.0000610351562
v 280.6090393066406 603.0614624023438 704.0000610351562
v 280.1537780761719 601.5607299804688 704.0000610351562
v 280.00006103515625 600.0 704.0000610351562
v 280.1537780761719 598.4392700195312 704.0000610351562
v 280.6090393066406 596.9385375976562 704.0000610351562
v 281.3482971191406 595.555419921875 704.0000610351562
v 282.34320068359375 594.3431396484375 704.0000610351562
v 283.5555114746094 593.3482666015625 704.0000610351562
v 284.9385986328125 592.6090087890625 704.0000610351562
v 286.4393310546875 592.1536865234375 704.0000610351562
v 288.00006103515625 592.0 704.0000610351562
v 289.560791015625 592.1536865234375 704.0000610351562
v 291.0615234375 592.6089477539062 704.0000610351562
v 292.4446105957031 593.3482666015625 704.0000610351562
v 293.65692138671875 594.3431396484375 704.0000610351562
v 294.6518249511719 595.555419921875 704.0000610351562
v 295.3910827636719 596.9385375976562 704.0000610351562
v 295.8463439941406 598.4392700195312 704.0000610351562
v 280.15374755859375 601.5607299804688 448.0
v 280.15374755859375 601.5607299804688 319.9999694824219
v 280.0000305175781 600.0 320.0
v 280.0000305175781 600.0 448.0
v 280.6090087890625 603.0614624023438 448.0
v 280.6090087890625 603.0614624023438 319.9999694824219
v 280.15374755859375 601.5607299804688 319.9999694824219
v 280.15374755859375 601.5607299804688 448.0
v 281.3482666015625 604.444580078125 448.0
v 281.3482666015625 604.444580078125 319.9999694824219
v 280.6090087890625 603.0614624023438 319.9999694824219
v 280.6090087890625 603.0614624023438 448.0
v 282.3431701660156 605.6568603515625 448.0
v 282.3431701660156 605.6568603515625 319.9999694824219
v 281.3482666015625 604.444580078125 319.9999694824219
v 281.3482666015625 604.444580078125 448.0
v 283.55548095703125 606.6517333984375 448.0
v 283.55548095703125 606.6517333984375 319.9999694824219
v 282.3431701660156 605.6568603515625 319.9999694824219
v 282.3431701660156 605.6568603515625 448.0
v 284.9385681152344 607.3909912109375 448.0
v 284.9385681152344 607.3909912109375 319.9999694824219
v 283.55548095703125 606.6517333984375 319.9999694824219
v 283.55548095703125 606.6517333984375 448.0
v 286.4393005371094 607.8463134765625 448.0
v 286.4393005371094 607.8463134765625 319.9999694824219
v 284.9385681152344 607.3909912109375 319.9999694824219
v 284.9385681152344 607.3909912109375 448.0
v 288.0000305175781 608.0 448.0
v 288.0000305175781 608.0 319.9999694824219
v 286.4393005371094 607.8463134765625 319.9999694824219
v 286.4393005371094 607.8463134765625 448.0
v 289.5607604980469 607.8463134765625 448.0
v 289.5607604980469 607.8463134765625 319.9999694824219
v 288.0000305175781 608.0 319.9999694824219
v 288.0000305175781 608.0 448.0
v 291.0614929199219 607.3909912109375 448.0
v 291.0614929199219 607.3909912109375 319.9999694824219
v 289.5607604980469 607.8463134765625 319.9999694824219
v 289.5607604980469 607.8463134765625 448.0
v 292.444580078125 606.6517333984375 448.0
v 292.444580078125 606.6517333984375 319.9999694824219
v 291.0614929199219 607.3909912109375 319.9999694824219
v 291.0614929199219 607.3909912109375 448.0
v 293.6568908691406 605.6568603515625 448.0
v 293.6568908691406 605.6568603515625 319.9999694824219
v 292.444580078125 606.6517333984375 319.9999694824219
v 292.444580078125 606.6517333984375 448.0
v 294.65179443359375 604.444580078125 448.0
v 294.65179443359375 604.444580078125 319.9999694824219
v 293.6568908691406 605.6568603515625 319.9999694824219
v 293.6568908691406 605.6568603515625 448.0
v 295.3910827636719 603.0614624023438 448.0
v 295.3910827636719 603.0614624023438 319.9999694824219
v 294.65179443359375 604.444580078125 319.9999694824219
v 294.65179443359375 604.444580078125 448.0
v 295.8463134765625 601.5607299804688 448.0
v 295.8463134765625 601.5607299804688 319.9999694824219
v 295.3910827636719 603.0614624023438 319.9999694824219
v 295.3910827636719 603.0614624023438 448.0
v 296.0000305175781 600.0 448.0
v 296.0000305175781 600.0 319.9999694824219
v 295.8463134765625 601.5607299804688 319.9999694824219
v 295.8463134765625 601.5607299804688 448.0
v 295.8463134765625 598.4392700195312 448.0
v 295.8463134765625 598.4392700195312 319.9999694824219
v 296.0000305175781 600.0 319.9999694824219
v 296.0000305175781 600.0 448.0
v 295.39105224609375 596.9385375976562 448.0
v 295.39105224609375 596.9385375976562 319.9999694824219
v 295.8463134765625 598.4392700195312 319.9999694824219
v 295.8463134765625 598.4392700195312 448.0
v 294.65179443359375 595.555419921875 448.0
v 294.65179443359375 595.555419921875 319.9999694824219
v 295.39105224609375 596.9385375976562 319.9999694824219
v 295.39105224609375 596.9385375976562 448.0
v 293.6568908691406 594.3431396484375 448.0
v 293.6568908691406 594.3431396484375 319.9999694824219
v 294.65179443359375 595.555419921875 319.9999694824219
v 294.65179443359375 595.555419921875 448.0
v 292.444580078125 593.3482666015625 448.0
v 292.444580078125 593.3482666015625 319.9999694824219
v 293.6568908691406 594.3431396484375 319.9999694824219
v 293.6568908691406 594.3431396484375 448.0
v 291.0614929199219 592.6089477539062 448.0
v 291.0614929199219 592.6089477539062 319.9999694824219
v 292.444580078125 593.3482666015625 319.9999694824219
v 292.444580078125 593.3482666015625 448.0
v 289.5607604980469 592.1536865234375 448.0
v 289.5607604980469 592.1536865234375 319.9999694824219
v 291.0614929199219 592.6089477539062 319.9999694824219
v 291.0614929199219 592.6089477539062 448.0
v 288.0000305175781 592.0 448.0
v 288.0000305175781 592.0 319.9999694824219
v 289.5607604980469 592.1536865234375 319.9999694824219
v 289.5607604980469 592.1536865234375 448.0
v 286.4393005371094 592.1536865234375 448.0
v 286.4393005371094 592.1536865234375 319.9999694824219
v 288.0000305175781 592.0 319.9999694824219
v 288.0000305175781 592.0 448.0
v 284.9385681152344 592.6090087890625 448.0
v 284.9385681152344 592.6090087890625 319.9999694824219
v 286.4393005371094 592.1536865234375 319.9999694824219
v 286.4393005371094 592.1536865234375 448.0
v 283.55548095703125 593.3482666015625 448.0
v 283.55548095703125 593.3482666015625 319.9999694824219
v 284.9385681152344 592.6090087890625 319.9999694824219
v 284.9385681152344 592.6090087890625 448.0
v 282.3431701660156 594.3431396484375 448.0
v 282.3431701660156 594.3431396484375 319.9999694824219
v 283.55548095703125 593.3482666015625 319.9999694824219
v 283.55548095703125 593.3482666015625 448.0
v 281.3482666015625 595.555419921875 448.0
v 281.3482666015625 595.555419921875 319.9999694824219
v 282.3431701660156 594.3431396484375 319.9999694824219
v 282.3431701660156 594.3431396484375 448.0
v 280.6090087890625 596.9385375976562 448.0
v 280.6090087890625 596.9385375976562 319.9999694824219
v 281.3482666015625 595.555419921875 319.9999694824219
v 281.3482666015625 595.555419921875 448.0
v 280.15374755859375 598.4392700195312 448.0
v 280.15374755859375 598.4392700195312 319.9999694824219
v 280.6090087890625 596.9385375976562 319.9999694824219
v 280.6090087890625 596.9385375976562 448.0
v 280.0000305175781 600.0 448.0
v 280.0000305175781 600.0 320.0
v 280.15374755859375 598.4392700195312 319.9999694824219
v 280.15374755859375 598.4392700195312 448.0
v 296.0000305175781 600.0 319.9999694824219
v 295.8463134765625 598.4392700195312 319.9999694824219
v 295.39105224609375 596.9385375976562 319.9999694824219
v 295.8463134765625 601.5607299804688 319.9999694824219
v 295.3910827636719 603.0614624023438 319.9999694824219
v 294.65179443359375 604.444580078125 319.9999694824219
v 293.6568908691406 605.6568603515625 319.9999694824219
v 292.444580078125 606.6517333984375 319.9999694824219
v 291.0614929199219 607.3909912109375 319.9999694824219
v 289.5607604980469 607.8463134765625 319.9999694824219
v 288.0000305175781 608.0 319.9999694824219
v 286.4393005371094 607.8463134765625 319.9999694824219
v 284.9385681152344 607.3909912109375 319.9999694824219
v 283.55548095703125 606.6517333984375 319.9999694824219
v 282.3431701660156 605.6568603515625 319.9999694824219
v 281.3482666015625 604.444580078125 319.9999694824219
v 280.6090087890625 603.0614624023438 319.9999694824219
v 280.15374755859375 601.5607299804688 319.9999694824219
v 280.0000305175781 600.0 320.0
v 280.15374755859375 598.4392700195312 319.9999694824219
v 280.6090087890625 596.9385375976562 319.9999694824219
v 281.3482666015625 595.555419921875 319.9999694824219
v 282.3431701660156 594.3431396484375 319.9999694824219
v 283.55548095703125 593.3482666015625 319.9999694824219
v 284.9385681152344 592.6090087890625 319.9999694824219
v 286.4393005371094 592.1536865234375 319.9999694824219
v 288.0000305175781 592.0 319.9999694824219
v 289.5607604980469 592.1536865234375 319.9999694824219
v 291.0614929199219 592.6089477539062 319.9999694824219
v 292.444580078125 593.3482666015625 319.9999694824219
v 293.6568908691406 594.3431396484375 319.9999694824219
v 294.65179443359375 595.555419921875 319.9999694824219
v 280.6090087890625 603.0614624023438 448.0
v 280.15374755859375 601.5607299804688 448.0
v 280.0000305175781 600.0 448.0
v 281.3482666015625 604.444580078125 448.0
v 282.3431701660156 605.6568603515625 448.0
v 283.55548095703125 606.6517333984375 448.0
v 284.9385681152344 607.3909912109375 448.0
v 286.4393005371094 607.8463134765625 448.0
v 288.0000305175781 608.0 448.0
v 289.5607604980469 607.8463134765625 448.0
v 291.0614929199219 607.3909912109375 448.0
v 292.444580078125 606.6517333984375 448.0
v 293.6568908691406 605.6568603515625 448.0
v 294.65179443359375 604.444580078125 448.0
v 295.3910827636719 603.0614624023438 448.0
v 295.8463134765625 601.5607299804688 448.0
v 296.0000305175781 600.0 448.0
v 295.8463134765625 598.4392700195312 448.0
v 295.39105224609375 596.9385375976562 448.0
v 294.65179443359375 595.555419921875 448.0
v 293.6568908691406 594.3431396484375 448.0
v 292.444580078125 593.3482666015625 448.0
v 291.0614929199219 592.6089477539062 448.0
v 289.5607604980469 592.1536865234375 448.0
v 288.0000305175781 592.0 448.0
v 286.4393005371094 592.1536865234375 448.0
v 284.9385681152344 592.6090087890625 448.0
v 283.55548095703125 593.3482666015625 448.0
v 282.3431701660156 594.3431396484375 448.0
v 281.3482666015625 595.555419921875 448.0
v 280.6090087890625 596.9385375976562 448.0
v 280.15374755859375 598.4392700195312 448.0
v 280.1537780761719 574.4392700195312 831.9999389648438
v 280.6090393066406 572.9385375976562 831.9999389648438
v 281.3482971191406 571.555419921875 831.9999389648438
v 280.00006103515625 576.0 831.9999389648438
v 280.1537780761719 577.5607299804688 831.9999389648438
v 280.6090393066406 579.0614624023438 831.9999389648438
v 281.3482971191406 580.444580078125 831.9999389648438
v 282.34320068359375 581.6568603515625 831.9999389648438
v 283.5555114746094 582.6517333984375 831.9999389648438
v 284.9385986328125 583.3909912109375 831.9999389648438
v 286.4393310546875 583.8463134765625 831.9999389648438
v 288.00006103515625 584.0 831.9999389648438
v 289.560791015625 583.8463134765625 831.9999389648438
v 291.0615234375 583.3909912109375 831.9999389648438
v 292.4446105957031 582.6517333984375 831.9999389648438
v 293.65692138671875 581.6568603515625 831.9999389648438
v 294.6518249511719 580.444580078125 831.9999389648438
v 295.39111328125 579.0614624023438 831.9999389648438
v 295.8463439941406 577.5607299804688 831.9999389648438
v 296.00006103515625 576.0 831.9999389648438
v 295.8463439941406 574.4392700195312 831.9999389648438
v 295.3910827636719 572.9385375976562 831.9999389648438
v 294.6518249511719 571.555419921875 831.9999389648438
v 293.65692138671875 570.3431396484375 831.9999389648438
v 292.4446105957031 569.3482666015625 831.9999389648438
v 291.0615234375 568.6089477539062 831.9999389648438
v 289.560791015625 568.1536865234375 831.9999389648438
v 288.00006103515625 568.0 831.9999389648438
v 286.4393310546875 568.1536865234375 831.9999389648438
v 284.9385986328125 568.6090087890625 831.9999389648438
v 283.5555114746094 569.3482666015625 831.9999389648438
v 282.34320068359375 570.3431396484375 831.9999389648438
v 280.00006103515625 576.0 831.9999389648438
v 280.1537780761719 577.5607299804688 831.9999389648438
v 280.1537780761719 577.5607299804688 704.0000610351562
v 280.00006103515625 576.0 704.0000610351562
v 280.1537780761719 577.5607299804688 831.9999389648438
v 280.6090393066406 579.0614624023438 831.9999389648438
v 280.6090393066406 579.0614624023438 704.0000610351562
v 280.1537780761719 577.5607299804688 704.0000610351562
v 280.6090393066406 579.0614624023438 831.9999389648438
v 281.3482971191406 580.444580078125 831.9999389648438
v 281.3482971191406 580.444580078125 704.0000610351562
v 280.6090393066406 579.0614624023438 704.0000610351562
v 281.3482971191406 580.444580078125 831.9999389648438
v 282.34320068359375 581.6568603515625 831.9999389648438
v 282.34320068359375 581.6568603515625 704.0000610351562
v 281.3482971191406 580.444580078125 704.0000610351562
v 282.34320068359375 581.6568603515625 831.9999389648438
v 283.5555114746094 582.6517333984375 831.9999389648438
v 283.5555114746094 582.6517333984375 704.0000610351562
v 282.34320068359375 581.6568603515625 704.0000610351562
v 283.5555114746094 582.6517333984375 831.9999389648438
v 284.9385986328125 583.3909912109375 831.9999389648438
v 284.9385986328125 583.3909912109375 704.0000610351562
v 283.5555114746094 582.6517333984375 704.0000610351562
v 284.9385986328125 583.3909912109375 831.9999389648438
v 286.4393310546875 583.8463134765625 831.9999389648438
v 286.4393310546875 583.8463134765625 704.0000610351562
v 284.9385986328125 583.3909912109375 704.0000610351562
v 286.4393310546875 583.8463134765625 831.9999389648438
v 288.00006103515625 584.0 831.9999389648438
v 288.00006103515625 584.0 704.0000610351562
v 286.4393310546875 583.8463134765625 704.0000610351562
v 288.00006103515625 584.0 831.9999389648438
v 289.560791015625 583.8463134765625 831.9999389648438
v 289.560791015625 583.8463134765625 704.0000610351562
v 288.00006103515625 584.0 704.0000610351562
v 289.560791015625 583.8463134765625 831.9999389648438
v 291.0615234375 583.3909912109375 831.9999389648438
v 291.0615234375 583.3909912109375 704.0000610351562
v 289.560791015625 583.8463134765625 704.0000610351562
v 291.0615234375 583.3909912109375 831.9999389648438
v 292.4446105957031 582.6517333984375 831.9999389648438
v 292.4446105957031 582.6517333984375 704.0000610351562
v 291.0615234375 583.3909912109375 704.0000610351562
v 292.4446105957031 582.6517333984375 831.9999389648438
v 293.65692138671875 581.6568603515625 831.9999389648438
v 293.65692138671875 581.6568603515625 704.0000610351562
v 292.4446105957031 582.6517333984375 704.0000610351562
v 293.65692138671875 581.6568603515625 831.9999389648438
v 294.6518249511719 580.444580078125 831.9999389648438
v 294.6518249511719 580.444580078125 704.0000610351562
v 293.65692138671875 581.6568603515625 704.0000610351562
v 294.6518249511719 580.444580078125 831.9999389648438
v 295.39111328125 579.0614624023438 831.9999389648438
v 295.39111328125 579.0614624023438 704.0000610351562
v 294.6518249511719 580.444580078125 704.0000610351562
v 295.39111328125 579.0614624023438 831.9999389648438
v 295.8463439941406 577.5607299804688 831.9999389648438
v 295.8463439941406 577.5607299804688 704.0000610351562
v 295.39111328125 579.0614624023438 704.0000610351562
v 295.8463439941406 577.5607299804688 831.9999389648438
v 296.00006103515625 576.0 831.9999389648438
v 296.00006103515625 576.0 704.0000610351562
v 295.8463439941406 577.5607299804688 704.0000610351562
v 296.00006103515625 576.0 831.9999389648438
v 295.8463439941406 574.4392700195312 831.9999389648438
v 295.8463439941406 574.4392700195312 704.0000610351562
v 296.00006103515625 576.0 704.0000610351562
v 295.8463439941406 574.4392700195312 831.9999389648438
v 295.3910827636719 572.9385375976562 831.9999389648438
v 295.3910827636719 572.9385375976562 704.0000610351562
v 295.8463439941406 574.4392700195312 704.0000610351562
v 295.3910827636719 572.9385375976562 831.9999389648438
v 294.6518249511719 571.555419921875 831.9999389648438
v 294.6518249511719 571.555419921875 704.0000610351562
v 295.3910827636719 572.9385375976562 704.0000610351562
v 294.6518249511719 571.555419921875 831.9999389648438
v 293.65692138671875 570.3431396484375 831.9999389648438
v 293.65692138671875 570.3431396484375 704.0000610351562
v 294.6518249511719 571.555419921875 704.0000610351562
v 293.65692138671875 570.3431396484375 831.9999389648438
v 292.4446105957031 569.3482666015625 831.9999389648438
v 292.4446105957031 569.3482666015625 704.0000610351562
v 293.65692138671875 570.3431396484375 704.0000610351562
v 292.4446105957031 569.3482666015625 831.9999389648438
v 291.0615234375 568.6089477539062 831.9999389648438
v 291.0615234375 568.6089477539062 704.0000610351562
v 292.4446105957031 569.3482666015625 704.0000610351562
v 291.0615234375 568.6089477539062 831.9999389648438
v 289.560791015625 568.1536865234375 831.9999389648438
v 289.560791015625 568.1536865234375 704.0000610351562
v 291.0615234375 568.6089477539062 704.0000610351562
v 289.560791015625 568.1536865234375 831.9999389648438
v 288.00006103515625 568.0 831.9999389648438
v 288.00006103515625 568.0 704.0000610351562
v 289.560791015625 568.1536865234375 704.0000610351562
v 288.00006103515625 568.0 831.9999389648438
v 286.4393310546875 568.1536865234375 831.9999389648438
v 286.4393310546875 568.1536865234375 704.0000610351562
v 288.00006103515625 568.0 704.0000610351562
v 286.4393310546875 568.1536865234375 831.9999389648438
v 284.9385986328125 568.6090087890625 831.9999389648438
v 284.9385986328125 568.6090087890625 704.0000610351562
v 286.4393310546875 568.1536865234375 704.0000610351562
v 284.9385986328125 568.6090087890625 831.9999389648438
v 283.5555114746094 569.3482666015625 831.9999389648438
v 283.5555114746094 569.3482666015625 704.0000610351562
v 284.9385986328125 568.6090087890625 704.0000610351562
v 283.5555114746094 569.3482666015625 831.9999389648438
v 282.34320068359375 570.3431396484375 831.9999389648438
v 282.34320068359375 570.3431396484375 704.0000610351562
v 283.5555114746094 569.3482666015625 704.0000610351562
v 282.34320068359375 570.3431396484375 831.9999389648438
v 281.3482971191406 571.555419921875 831.9999389648438
v 281.3482971191406 571.555419921875 704.0000610351562
v 282.34320068359375 570.3431396484375 704.0000610351562
v 281.3482971191406 571.555419921875 831.9999389648438
v 280.6090393066406 572.9385375976562 831.9999389648438
v 280.6090393066406 572.9385375976562 704.0000610351562
v 281.3482971191406 571.555419921875 704.0000610351562
v 280.6090393066406 572.9385375976562 831.9999389648438
v 280.1537780761719 574.4392700195312 831.9999389648438
v 280.1537780761719 574.4392700195312 704.0000610351562
v 280.6090393066406 572.9385375976562 704.0000610351562
v 280.1537780761719 574.4392700195312 831.9999389648438
v 280.00006103515625 576.0 831.9999389648438
v 280.00006103515625 576.0 704.0000610351562
v 280.1537780761719 574.4392700195312 704.0000610351562
v 295.39111328125 579.0614624023438 704.0000610351562
v 295.8463439941406 577.5607299804688 704.0000610351562
v 296.00006103515625 576.0 704.0000610351562
v 294.6518249511719 580.444580078125 704.0000610351562
v 293.65692138671875 581.6568603515625 704.0000610351562
v 292.4446105957031 582.6517333984375 704.0000610351562
v 291.0615234375 583.3909912109375 704.0000610351562
v 289.560791015625 583.8463134765625 704.0000610351562
v 288.00006103515625 584.0 704.0000610351562
v 286.4393310546875 583.8463134765625 704.0000610351562
v 284.9385986328125 583.3909912109375 704.0000610351562
v 283.5555114746094 582.6517333984375 704.0000610351562
v 282.34320068359375 581.6568603515625 704.0000610351562
v 281.3482971191406 580.444580078125 704.0000610351562
v 280.6090393066406 579.0614624023438 704.0000610351562
v 280.1537780761719 577.5607299804688 704.0000610351562
v 280.00006103515625 576.0 704.0000610351562
v 280.1537780761719 574.4392700195312 704.0000610351562
v 280.6090393066406 572.9385375976562 704.0000610351562
v 281.3482971191406 571.555419921875 704.0000610351562
v 282.34320068359375 570.3431396484375 704.0000610351562
v 283.5555114746094 569.3482666015625 704.0000610351562
v 284.9385986328125 568.6090087890625 704.0000610351562
v 286.4393310546875 568.1536865234375 704.0000610351562
v 288.00006103515625 568.0 704.0000610351562
v 289.560791015625 568.1536865234375 704.0000610351562
v 291.0615234375 568.6089477539062 704.0000610351562
v 292.4446105957031 569.3482666015625 704.0000610351562
v 293.65692138671875 570.3431396484375 704.0000610351562
v 294.6518249511719 571.555419921875 704.0000610351562
v 295.3910827636719 572.9385375976562 704.0000610351562
v 295.8463439941406 574.4392700195312 704.0000610351562
v 280.15374755859375 577.5607299804688 448.0
v 280.15374755859375 577.5607299804688 319.9999694824219
v 280.0000305175781 576.0 320.0
v 280.0000305175781 576.0 448.0
v 280.6090087890625 579.0614624023438 448.0
v 280.6090087890625 579.0614624023438 319.9999694824219
v 280.15374755859375 577.5607299804688 319.9999694824219
v 280.15374755859375 577.5607299804688 448.0
v 281.3482666015625 580.444580078125 448.0
v 281.3482666015625 580.444580078125 319.9999694824219
v 280.6090087890625 579.0614624023438 319.9999694824219
v 280.6090087890625 579.0614624023438 448.0
v 282.3431701660156 581.6568603515625 448.0
v 282.3431701660156 581.6568603515625 319.9999694824219
v 281.3482666015625 580.444580078125 319.9999694824219
v 281.3482666015625 580.444580078125 448.0
v 283.55548095703125 582.6517333984375 448.0
v 283.55548095703125 582.6517333984375 319.9999694824219
v 282.3431701660156 581.6568603515625 319.9999694824219
v 282.3431701660156 581.6568603515625 448.0
v 284.9385681152344 583.3909912109375 448.0
v 284.9385681152344 583.3909912109375 319.9999694824219
v 283.55548095703125 582.6517333984375 319.9999694824219
v 283.55548095703125 582.6517333984375 448.0
v 286.4393005371094 583.8463134765625 448.0
v 286.4393005371094 583.8463134765625 319.9999694824219
v 284.9385681152344 583.3909912109375 319.9999694824219
v 284.9385681152344 583.3909912109375 448.0
v 288.0000305175781 584.0 448.0
v 288.0000305175781 584.0 319.9999694824219
v 286.4393005371094 583.8463134765625 319.9999694824219
v 286.4393005371094 583.8463134765625 448.0
v 289.5607604980469 583.8463134765625 448.0
v 289.5607604980469 583.8463134765625 319.9999694824219
v 288.0000305175781 584.0 319.9999694824219
v 288.0000305175781 584.0 448.0
v 291.0614929199219 583.3909912109375 448.0
v 291.0614929199219 583.3909912109375 319.9999694824219
v 289.5607604980469 583.8463134765625 319.9999694824219
v 289.5607604980469 583.8463134765625 448.0
v 292.444580078125 582.6517333984375 448.0
v 292.444580078125 582.6517333984375 319.9999694824219
v 291.0614929199219 583.3909912109375 319.9999694824219
v 291.0614929199219 583.3909912109375 448.0
v 293.6568908691406 581.6568603515625 448.0
v 293.6568908691406 581.6568603515625 319.9999694824219
v 292.444580078125 582.6517333984375 319.9999694824219
v 292.444580078125 582.6517333984375 448.0
v 294.65179443359375 580.444580078125 448.0
v 294.65179443359375 580.444580078125 319.9999694824219
v 293.6568908691406 581.6568603515625 319.9999694824219
v 293.6568908691406 581.6568603515625 448.0
v 295.3910827636719 579.0614624023438 448.0
v 295.3910827636719 579.0614624023438 319.9999694824219
v 294.65179443359375 580.444580078125 319.9999694824219
v 294.65179443359375 580.444580078125 448.0
v 295.8463134765625 577.5607299804688 448.0
v 295.8463134765625 577.5607299804688 319.9999694824219
v 295.3910827636719 579.0614624023438 319.9999694824219
v 295.3910827636719 579.0614624023438 448.0
v 296.0000305175781 576.0 448.0
v 296.0000305175781 576.0 319.9999694824219
v 295.8463134765625 577.5607299804688 319.9999694824219
v 295.8463134765625 577.5607299804688 448.0
v 295.8463134765625 574.4392700195312 448.0
v 295.8463134765625 574.4392700195312 319.9999694824219
v 296.0000305175781 576.0 319.9999694824219
v 296.0000305175781 576.0 448.0
v 295.39105224609375 572.9385375976562 448.0
v 295.39105224609375 572.9385375976562 319.9999694824219
v 295.8463134765625 574.4392700195312 319.9999694824219
v 295.8463134765625 574.4392700195312 448.0
v 294.65179443359375 571.555419921875 448.0
v 294.65179443359375 571.555419921875 319.9999694824219
v 295.39105224609375 572.9385375976562 319.9999694824219
v 295.39105224609375 572.9385375976562 448.0
v 293.6568908691406 570.3431396484375 448.0
v 293.6568908691406 570.3431396484375 319.9999694824219
v 294.65179443359375 571.555419921875 319.9999694824219
v 294.65179443359375 571.555419921875 448.0
v 292.444580078125 569.3482666015625 448.0
v 292.444580078125 569.3482666015625 319.9999694824219
v 293.6568908691406 570.3431396484375 319.9999694824219
v 293.6568908691406 570.3431396484375 448.0
v 291.0614929199219 568.6089477539062 448.0
v 291.0614929199219 568.6089477539062 319.9999694824219
v 292.444580078125 569.3482666015625 319.9999694824219
v 292.444580078125 569.3482666015625 448.0
v 289.5607604980469 568.1536865234375 448.0
v 289.5607604980469 568.1536865234375 319.9999694824219
v 291.0614929199219 568.6089477539062 319.9999694824219
v 291.0614929199219 568.6089477539062 448.0
v 288.0000305175781 568.0 448.0
v 288.0000305175781 568.0 319.9999694824219
v 289.5607604980469 568.1536865234375 319.9999694824219
v 289.5607604980469 568.1536865234375 448.0
v 286.4393005371094 568.1536865234375 448.0
v 286.4393005371094 568.1536865234375 319.9999694824219
v 288.0000305175781 568.0 319.9999694824219
v 288.0000305175781 568.0 448.0
v 284.9385681152344 568.6090087890625 448.0
v 284.9385681152344 568.6090087890625 319.9999694824219
v 286.4393005371094 568.1536865234375 319.9999694824219
v 286.4393005371094 568.1536865234375 448.0
v 283.55548095703125 569.3482666015625 448.0
v 283.55548095703125 569.3482666015625 319.9999694824219
v 284.9385681152344 568.6090087890625 319.9999694824219
v 284.9385681152344 568.6090087890625 448.0
v 282.3431701660156 570.3431396484375 448.0
v 282.3431701660156 570.3431396484375 319.9999694824219
v 283.55548095703125 569.3482666015625 319.9999694824219
v 283.55548095703125 569.3482666015625 448.0
v 281.3482666015625 571.555419921875 448.0
v 281.3482666015625 571.555419921875 319.9999694824219
v 282.3431701660156 570.3431396484375 319.9999694824219
v 282.3431701660156 570.3431396484375 448.0
v 280.6090087890625 572.9385375976562 448.0
v 280.6090087890625 572.9385375976562 319.9999694824219
v 281.3482666015625 571.555419921875 319.9999694824219
v 281.3482666015625 571.555419921875 448.0
v 280.15374755859375 574.4392700195312 448.0
v 280.15374755859375 574.4392700195312 319.9999694824219
v 280.6090087890625 572.9385375976562 319.9999694824219
v 280.6090087890625 572.9385375976562 448.0
v 280.0000305175781 576.0 448.0
v 280.0000305175781 576.0 320.0
v 280.15374755859375 574.4392700195312 319.9999694824219
v 280.15374755859375 574.4392700195312 448.0
v 296.0000305175781 576.0 319.9999694824219
v 295.8463134765625 574.4392700195312 319.9999694824219
v 295.39105224609375 572.9385375976562 319.9999694824219
v 295.8463134765625 577.5607299804688 319.9999694824219
v 295.3910827636719 579.0614624023438 319.9999694824219
v 294.65179443359375 580.444580078125 319.9999694824219
v 293.6568908691406 581.6568603515625 319.9999694824219
v 292.444580078125 582.6517333984375 319.9999694824219
v 291.0614929199219 583.3909912109375 319.9999694824219
v 289.5607604980469 583.8463134765625 319.9999694824219
v 288.0000305175781 584.0 319.9999694824219
v 286.4393005371094 583.8463134765625 319.9999694824219
v 284.9385681152344 583.3909912109375 319.9999694824219
v 283.55548095703125 582.6517333984375 319.9999694824219
v 282.3431701660156 581.6568603515625 319.9999694824219
v 281.3482666015625 580.444580078125 319.9999694824219
v 280.6090087890625 579.0614624023438 319.9999694824219
v 280.15374755859375 577.5607299804688 319.9999694824219
v 280.0000305175781 576.0 320.0
v 280.15374755859375 574.4392700195312 319.9999694824219
v 280.6090087890625 572.9385375976562 319.9999694824219
v 281.3482666015625 571.555419921875 319.9999694824219
v 282.3431701660156 570.3431396484375 319.9999694824219
v 283.55548095703125 569.3482666015625 319.9999694824219
v 284.9385681152344 568.6090087890625 319.9999694824219
v 286.4393005371094 568.1536865234375 319.9999694824219
v 288.0000305175781 568.0 319.9999694824219
v 289.5607604980469 568.1536865234375 319.9999694824219
v 291.0614929199219 568.6089477539062 319.9999694824219
v 292.444580078125 569.3482666015625 319.9999694824219
v 293.6568908691406 570.3431396484375 319.9999694824219
v 294.65179443359375 571.555419921875 319.9999694824219
v 280.6090087890625 579.0614624023438 448.0
v 280.15374755859375 577.5607299804688 448.0
v 280.0000305175781 576.0 448.0
v 281.3482666015625 580.444580078125 448.0
v 282.3431701660156 581.6568603515625 448.0
v 283.55548095703125 582.6517333984375 448.0
v 284.9385681152344 583.3909912109375 448.0
v 286.4393005371094 583.8463134765625 448.0
v 288.0000305175781 584.0 448.0
v 289.5607604980469 583.8463134765625 448.0
v 291.0614929199219 583.3909912109375 448.0
v 292.444580078125 582.6517333984375 448.0
v 293.6568908691406 581.6568603515625 448.0
v 294.65179443359375 580.444580078125 448.0
v 295.3910827636719 579.0614624023438 448.0
v 295.8463134765625 577.5607299804688 448.0
v 296.0000305175781 576.0 448.0
v 295.8463134765625 574.4392700195312 448.0
v 295.39105224609375 572.9385375976562 448.0
v 294.65179443359375 571.555419921875 448.0
v 293.6568908691406 570.3431396484375 448.0
v 292.444580078125 569.3482666015625 448.0
v 291.0614929199219 568.6089477539062 448.0
v 289.5607604980469 568.1536865234375 448.0
v 288.0000305175781 568.0 448.0
v 286.4393005371094 568.1536865234375 448.0
v 284.9385681152344 568.6090087890625 448.0
v 283.55548095703125 569.3482666015625 448.0
v 282.3431701660156 570.3431396484375 448.0
v 281.3482666015625 571.555419921875 448.0
v 280.6090087890625 572.9385375976562 448.0
v 280.15374755859375 574.4392700195312 448.0
v 279.9999694824219 624.0 -448.0
v 279.9999694824219 624.0 -320.0
v 280.1536865234375 625.5607299804688 -320.0
v 280.1536865234375 625.5607299804688 -448.0
v 280.1536865234375 625.5607299804688 -448.0
v 280.1536865234375 625.5607299804688 -320.0
v 280.60894775390625 627.0614624023438 -320.0
v 280.60894775390625 627.0614624023438 -448.0
v 280.60894775390625 627.0614624023438 -448.0
v 280.60894775390625 627.0614624023438 -320.0
v 281.34820556640625 628.444580078125 -320.0
v 281.34820556640625 628.444580078125 -448.0
v 281.34820556640625 628.444580078125 -448.0
v 281.34820556640625 628.444580078125 -320.0
v 282.3431091308594 629.6568603515625 -320.0
v 282.3431091308594 629.6568603515625 -448.0
v 282.3431091308594 629.6568603515625 -448.0
v 282.3431091308594 629.6568603515625 -320.0
v 283.555419921875 630.6517333984375 -320.0
v 283.555419921875 630.6517333984375 -448.0
v 283.555419921875 630.6517333984375 -448.0
v 283.555419921875 630.6517333984375 -320.0
v 284.9385070800781 631.3909912109375 -320.0
v 284.9385070800781 631.3909912109375 -448.0
v 284.9385070800781 631.3909912109375 -448.0
v 284.9385070800781 631.3909912109375 -320.0
v 286.4392395019531 631.8463134765625 -320.0
v 286.4392395019531 631.8463134765625 -448.0
v 286.4392395019531 631.8463134765625 -448.0
v 286.4392395019531 631.8463134765625 -320.0
v 287.9999694824219 632.0 -320.0
v 287.9999694824219 632.0 -448.0
v 287.9999694824219 632.0 -448.0
v 287.9999694824219 632.0 -320.0
v 289.5606994628906 631.8463134765625 -320.0
v 289.5606994628906 631.8463134765625 -448.0
v 289.5606994628906 631.8463134765625 -448.0
v 289.5606994628906 631.8463134765625 -320.0
v 291.0614318847656 631.3909912109375 -320.0
v 291.0614318847656 631.3909912109375 -448.0
v 291.0614318847656 631.3909912109375 -448.0
v 291.0614318847656 631.3909912109375 -320.0
v 292.44451904296875 630.6517333984375 -320.0
v 292.44451904296875 630.6517333984375 -448.0
v 292.44451904296875 630.6517333984375 -448.0
v 292.44451904296875 630.6517333984375 -320.0
v 293.6568298339844 629.6568603515625 -320.0
v 293.6568298339844 629.6568603515625 -448.0
v 293.6568298339844 629.6568603515625 -448.0
v 293.6568298339844 629.6568603515625 -320.0
v 294.6517333984375 628.444580078125 -320.0
v 294.6517333984375 628.444580078125 -448.0
v 294.6517333984375 628.444580078125 -448.0
v 294.6517333984375 628.444580078125 -320.0
v 295.3910217285156 627.0614624023438 -320.0
v 295.3910217285156 627.0614624023438 -448.0
v 295.3910217285156 627.0614624023438 -448.0
v 295.3910217285156 627.0614624023438 -320.0
v 295.84625244140625 625.5607299804688 -320.0
v 295.84625244140625 625.5607299804688 -448.0
v 295.84625244140625 625.5607299804688 -448.0
v 295.84625244140625 625.5607299804688 -320.0
v 295.9999694824219 624.0 -320.0
v 295.9999694824219 624.0 -448.0
v 295.9999694824219 624.0 -448.0
v 295.9999694824219 624.0 -320.0
v 295.84625244140625 622.4392700195312 -320.0
v 295.84625244140625 622.4392700195312 -448.0
v 295.84625244140625 622.4392700195312 -448.0
v 295.84625244140625 622.4392700195312 -320.0
v 295.3909912109375 620.9385375976562 -320.0
v 295.3909912109375 620.9385375976562 -448.0
v 295.3909912109375 620.9385375976562 -448.0
v 295.3909912109375 620.9385375976562 -320.0
v 294.6517333984375 619.555419921875 -320.0
v 294.6517333984375 619.555419921875 -448.0
v 294.6517333984375 619.555419921875 -448.0
v 294.6517333984375 619.555419921875 -320.0
v 293.6568298339844 618.3431396484375 -320.0
v 293.6568298339844 618.3431396484375 -448.0
v 293.6568298339844 618.3431396484375 -448.0
v 293.6568298339844 618.3431396484375 -320.0
v 292.44451904296875 617.3482666015625 -320.0
v 292.44451904296875 617.3482666015625 -448.0
v 292.44451904296875 617.3482666015625 -448.0
v 292.44451904296875 617.3482666015625 -320.0
v 291.0614318847656 616.6089477539062 -320.0
v 291.0614318847656 616.6089477539062 -448.0
v 291.0614318847656 616.6089477539062 -448.0
v 291.0614318847656 616.6089477539062 -320.0
v 289.5606994628906 616.1536865234375 -320.0
v 289.5606994628906 616.1536865234375 -448.0
v 289.5606994628906 616.1536865234375 -448.0
v 289.5606994628906 616.1536865234375 -320.0
v 287.9999694824219 616.0 -320.0
v 287.9999694824219 616.0 -448.0
v 287.9999694824219 616.0 -448.0
v 287.9999694824219 616.0 -320.0
v 286.4392395019531 616.1536865234375 -320.0
v 286.4392395019531 616.1536865234375 -448.0
v 286.4392395019531 616.1536865234375 -448.0
v 286.4392395019531 616.1536865234375 -320.0
v 284.9385070800781 616.6090087890625 -320.0
v 284.9385070800781 616.6090087890625 -448.0
v 284.9385070800781 616.6090087890625 -448.0
v 284.9385070800781 616.6090087890625 -320.0
v 283.555419921875 617.3482666015625 -320.0
v 283.555419921875 617.3482666015625 -448.0
v 283.555419921875 617.3482666015625 -448.0
v 283.555419921875 617.3482666015625 -320.0
v 282.3431091308594 618.3431396484375 -320.0
v 282.3431091308594 618.3431396484375 -448.0
v 282.3431091308594 618.3431396484375 -448.0
v 282.3431091308594 618.3431396484375 -320.0
v 281.34820556640625 619.555419921875 -320.0
v 281.34820556640625 619.555419921875 -448.0
v 281.34820556640625 619.555419921875 -448.0
v 281.34820556640625 619.555419921875 -320.0
v 280.60894775390625 620.9385375976562 -320.0
v 280.60894775390625 620.9385375976562 -448.0
v 280.60894775390625 620.9385375976562 -448.0
v 280.60894775390625 620.9385375976562 -320.0
v 280.1536865234375 622.4392700195312 -320.0
v 280.1536865234375 622.4392700195312 -448.0
v 280.1536865234375 622.4392700195312 -448.0
v 280.1536865234375 622.4392700195312 -320.0
v 279.9999694824219 624.0 -320.0
v 279.9999694824219 624.0 -448.0
v 280.1536865234375 625.5607299804688 -320.0
v 279.9999694824219 624.0 -320.0
v 280.1536865234375 622.4392700195312 -320.0
v 280.60894775390625 627.0614624023438 -320.0
v 281.34820556640625 628.444580078125 -320.0
v 282.3431091308594 629.6568603515625 -320.0
v 283.555419921875 630.6517333984375 -320.0
v 284.9385070800781 631.3909912109375 -320.0
v 286.4392395019531 631.8463134765625 -320.0
v 287.9999694824219 632.0 -320.0
v 289.5606994628906 631.8463134765625 -320.0
v 291.0614318847656 631.3909912109375 -320.0
v 292.44451904296875 630.6517333984375 -320.0
v 293.6568298339844 629.6568603515625 -320.0
v 294.6517333984375 628.444580078125 -320.0
v 295.3910217285156 627.0614624023438 -320.0
v 295.84625244140625 625.5607299804688 -320.0
v 295.9999694824219 624.0 -320.0
v 295.84625244140625 622.4392700195312 -320.0
v 295.3909912109375 620.9385375976562 -320.0
v 294.6517333984375 619.555419921875 -320.0
v 293.6568298339844 618.3431396484375 -320.0
v 292.44451904296875 617.3482666015625 -320.0
v 291.0614318847656 616.6089477539062 -320.0
v 289.5606994628906 616.1536865234375 -320.0
v 287.9999694824219 616.0 -320.0
v 286.4392395019531 616.1536865234375 -320.0
v 284.9385070800781 616.6090087890625 -320.0
v 283.555419921875 617.3482666015625 -320.0
v 282.3431091308594 618.3431396484375 -320.0
v 281.34820556640625 619.555419921875 -320.0
v 280.60894775390625 620.9385375976562 -320.0
v 295.3910217285156 627.0614624023438 -448.0
v 295.84625244140625 625.5607299804688 -448.0
v 295.9999694824219 624.0 -448.0
v 294.6517333984375 628.444580078125 -448.0
v 293.6568298339844 629.6568603515625 -448.0
v 292.44451904296875 630.6517333984375 -448.0
v 291.0614318847656 631.3909912109375 -448.0
v 289.5606994628906 631.8463134765625 -448.0
v 287.9999694824219 632.0 -448.0
v 286.4392395019531 631.8463134765625 -448.0
v 284.9385070800781 631.3909912109375 -448.0
v 283.555419921875 630.6517333984375 -448.0
v 282.3431091308594 629.6568603515625 -448.0
v 281.34820556640625 628.444580078125 -448.0
v 280.60894775390625 627.0614624023438 -448.0
v 280.1536865234375 625.5607299804688 -448.0
v 279.9999694824219 624.0 -448.0
v 280.1536865234375 622.4392700195312 -448.0
v 280.60894775390625 620.9385375976562 -448.0
v 281.34820556640625 619.555419921875 -448.0
v 282.3431091308594 618.3431396484375 -448.0
v 283.555419921875 617.3482666015625 -448.0
v 284.9385070800781 616.6090087890625 -448.0
v 286.4392395019531 616.1536865234375 -448.0
v 287.9999694824219 616.0 -448.0
v 289.5606994628906 616.1536865234375 -448.0
v 291.0614318847656 616.6089477539062 -448.0
v 292.44451904296875 617.3482666015625 -448.0
v 293.6568298339844 618.3431396484375 -448.0
v 294.6517333984375 619.555419921875 -448.0
v 295.3909912109375 620.9385375976562 -448.0
v 295.84625244140625 622.4392700195312 -448.0
v 280.1536560058594 625.5607299804688 -832.0001831054688
v 280.6089172363281 627.0614624023438 -832.0001831054688
v 281.3481750488281 628.444580078125 -832.0001831054688
v 279.99993896484375 624.0 -832.0001831054688
v 280.1536560058594 622.4392700195312 -832.0001831054688
v 280.6089172363281 620.9385375976562 -832.0001831054688
v 281.3481750488281 619.555419921875 -832.0001831054688
v 282.34307861328125 618.3431396484375 -832.0001831054688
v 283.5553894042969 617.3482666015625 -832.0001831054688
v 284.9384765625 616.6090087890625 -832.0001831054688
v 286.439208984375 616.1536865234375 -832.0001831054688
v 287.99993896484375 616.0 -832.0001831054688
v 289.5606689453125 616.1536865234375 -832.0001831054688
v 291.0614013671875 616.6089477539062 -832.0001831054688
v 292.4444885253906 617.3482666015625 -832.0001831054688
v 293.65679931640625 618.3431396484375 -832.0001831054688
v 294.6517028808594 619.555419921875 -832.0001831054688
v 295.3909606933594 620.9385375976562 -832.0001831054688
v 295.8462219238281 622.4392700195312 -832.0001831054688
v 295.99993896484375 624.0 -832.0001831054688
v 295.8462219238281 625.5607299804688 -832.0001831054688
v 295.3909912109375 627.0614624023438 -832.0001831054688
v 294.6517028808594 628.444580078125 -832.0001831054688
v 293.65679931640625 629.6568603515625 -832.0001831054688
v 292.4444885253906 630.6517333984375 -832.0001831054688
v 291.0614013671875 631.3909912109375 -832.0001831054688
v 289.5606689453125 631.8463134765625 -832.0001831054688
v 287.99993896484375 632.0 -832.0001831054688
v 286.439208984375 631.8463134765625 -832.0001831054688
v 284.9384765625 631.3909912109375 -832.0001831054688
v 283.5553894042969 630.6517333984375 -832.0001831054688
v 282.34307861328125 629.6568603515625 -832.0001831054688
v 280.1536560058594 625.5607299804688 -832.0001831054688
v 279.99993896484375 624.0 -832.0001831054688
v 279.99993896484375 624.0 -704.0000610351562
v 280.1536560058594 625.5607299804688 -704.0000610351562
v 280.6089172363281 627.0614624023438 -832.0001831054688
v 280.1536560058594 625.5607299804688 -832.0001831054688
v 280.1536560058594 625.5607299804688 -704.0000610351562
v 280.6089172363281 627.0614624023438 -704.0000610351562
v 281.3481750488281 628.444580078125 -832.0001831054688
v 280.6089172363281 627.0614624023438 -832.0001831054688
v 280.6089172363281 627.0614624023438 -704.0000610351562
v 281.3481750488281 628.444580078125 -704.0000610351562
v 282.34307861328125 629.6568603515625 -832.0001831054688
v 281.3481750488281 628.444580078125 -832.0001831054688
v 281.3481750488281 628.444580078125 -704.0000610351562
v 282.34307861328125 629.6568603515625 -704.0000610351562
v 283.5553894042969 630.6517333984375 -832.0001831054688
v 282.34307861328125 629.6568603515625 -832.0001831054688
v 282.34307861328125 629.6568603515625 -704.0000610351562
v 283.5553894042969 630.6517333984375 -704.0000610351562
v 284.9384765625 631.3909912109375 -832.0001831054688
v 283.5553894042969 630.6517333984375 -832.0001831054688
v 283.5553894042969 630.6517333984375 -704.0000610351562
v 284.9384765625 631.3909912109375 -704.0000610351562
v 286.439208984375 631.8463134765625 -832.0001831054688
v 284.9384765625 631.3909912109375 -832.0001831054688
v 284.9384765625 631.3909912109375 -704.0000610351562
v 286.439208984375 631.8463134765625 -704.0000610351562
v 287.99993896484375 632.0 -832.0001831054688
v 286.439208984375 631.8463134765625 -832.0001831054688
v 286.439208984375 631.8463134765625 -704.0000610351562
v 287.99993896484375 632.0 -704.0000610351562
v 289.5606689453125 631.8463134765625 -832.0001831054688
v 287.99993896484375 632.0 -832.0001831054688
v 287.99993896484375 632.0 -704.0000610351562
v 289.5606689453125 631.8463134765625 -704.0000610351562
v 291.0614013671875 631.3909912109375 -832.0001831054688
v 289.5606689453125 631.8463134765625 -832.0001831054688
v 289.5606689453125 631.8463134765625 -704.0000610351562
v 291.0614013671875 631.3909912109375 -704.0000610351562
v 292.4444885253906 630.6517333984375 -832.0001831054688
v 291.0614013671875 631.3909912109375 -832.0001831054688
v 291.0614013671875 631.3909912109375 -704.0000610351562
v 292.4444885253906 630.6517333984375 -704.0000610351562
v 293.65679931640625 629.6568603515625 -832.0001831054688
v 292.4444885253906 630.6517333984375 -832.0001831054688
v 292.4444885253906 630.6517333984375 -704.0000610351562
v 293.65679931640625 629.6568603515625 -704.0000610351562
v 294.6517028808594 628.444580078125 -832.0001831054688
v 293.65679931640625 629.6568603515625 -832.0001831054688
v 293.65679931640625 629.6568603515625 -704.0000610351562
v 294.6517028808594 628.444580078125 -704.0000610351562
v 295.3909912109375 627.0614624023438 -832.0001831054688
v 294.6517028808594 628.444580078125 -832.0001831054688
v 294.6517028808594 628.444580078125 -704.0000610351562
v 295.3909912109375 627.0614624023438 -704.0000610351562
v 295.8462219238281 625.5607299804688 -832.0001831054688
v 295.3909912109375 627.0614624023438 -832.0001831054688
v 295.3909912109375 627.0614624023438 -704.0000610351562
v 295.8462219238281 625.5607299804688 -704.0000610351562
v 295.99993896484375 624.0 -832.0001831054688
v 295.8462219238281 625.5607299804688 -832.0001831054688
v 295.8462219238281 625.5607299804688 -704.0000610351562
v 295.99993896484375 624.0 -704.0000610351562
v 295.8462219238281 622.4392700195312 -832.0001831054688
v 295.99993896484375 624.0 -832.0001831054688
v 295.99993896484375 624.0 -704.0000610351562
v 295.8462219238281 622.4392700195312 -704.0000610351562
v 295.3909606933594 620.9385375976562 -832.0001831054688
v 295.8462219238281 622.4392700195312 -832.0001831054688
v 295.8462219238281 622.4392700195312 -704.0000610351562
v 295.3909606933594 620.9385375976562 -704.0000610351562
v 294.6517028808594 619.555419921875 -832.0001831054688
v 295.3909606933594 620.9385375976562 -832.0001831054688
v 295.3909606933594 620.9385375976562 -704.0000610351562
v 294.6517028808594 619.555419921875 -704.0000610351562
v 293.65679931640625 618.3431396484375 -832.0001831054688
v 294.6517028808594 619.555419921875 -832.0001831054688
v 294.6517028808594 619.555419921875 -704.0000610351562
v 293.65679931640625 618.3431396484375 -704.0000610351562
v 292.4444885253906 617.3482666015625 -832.0001831054688
v 293.65679931640625 618.3431396484375 -832.0001831054688
v 293.65679931640625 618.3431396484375 -704.0000610351562
v 292.4444885253906 617.3482666015625 -704.0000610351562
v 291.0614013671875 616.6089477539062 -832.0001831054688
v 292.4444885253906 617.3482666015625 -832.0001831054688
v 292.4444885253906 617.3482666015625 -704.0000610351562
v 291.0614013671875 616.6089477539062 -704.0000610351562
v 289.5606689453125 616.1536865234375 -832.0001831054688
v 291.0614013671875 616.6089477539062 -832.0001831054688
v 291.0614013671875 616.6089477539062 -704.0000610351562
v 289.5606689453125 616.1536865234375 -704.0000610351562
v 287.99993896484375 616.0 -832.0001831054688
v 289.5606689453125 616.1536865234375 -832.0001831054688
v 289.5606689453125 616.1536865234375 -704.0000610351562
v 287.99993896484375 616.0 -704.0000610351562
v 286.439208984375 616.1536865234375 -832.0001831054688
v 287.99993896484375 616.0 -832.0001831054688
v 287.99993896484375 616.0 -704.0000610351562
v 286.439208984375 616.1536865234375 -704.0000610351562
v 284.9384765625 616.6090087890625 -832.0001831054688
v 286.439208984375 616.1536865234375 -832.0001831054688
v 286.439208984375 616.1536865234375 -704.0000610351562
v 284.9384765625 616.6090087890625 -704.0000610351562
v 283.5553894042969 617.3482666015625 -832.0001831054688
v 284.9384765625 616.6090087890625 -832.0001831054688
v 284.9384765625 616.6090087890625 -704.0000610351562
v 283.5553894042969 617.3482666015625 -704.0000610351562
v 282.34307861328125 618.3431396484375 -832.0001831054688
v 283.5553894042969 617.3482666015625 -832.0001831054688
v 283.5553894042969 617.3482666015625 -704.0000610351562
v 282.34307861328125 618.3431396484375 -704.0000610351562
v 281.3481750488281 619.555419921875 -832.0001831054688
v 282.34307861328125 618.3431396484375 -832.0001831054688
v 282.34307861328125 618.3431396484375 -704.0000610351562
v 281.3481750488281 619.555419921875 -704.0000610351562
v 280.6089172363281 620.9385375976562 -832.0001831054688
v 281.3481750488281 619.555419921875 -832.0001831054688
v 281.3481750488281 619.555419921875 -704.0000610351562
v 280.6089172363281 620.9385375976562 -704.0000610351562
v 280.1536560058594 622.4392700195312 -832.0001831054688
v 280.6089172363281 620.9385375976562 -832.0001831054688
v 280.6089172363281 620.9385375976562 -704.0000610351562
v 280.1536560058594 622.4392700195312 -704.0000610351562
v 279.99993896484375 624.0 -832.0001831054688
v 280.1536560058594 622.4392700195312 -832.0001831054688
v 280.1536560058594 622.4392700195312 -704.0000610351562
v 279.99993896484375 624.0 -704.0000610351562
v 280.6089172363281 627.0614624023438 -704.0000610351562
v 280.1536560058594 625.5607299804688 -704.0000610351562
v 279.99993896484375 624.0 -704.0000610351562
v 281.3481750488281 628.444580078125 -704.0000610351562
v 282.34307861328125 629.6568603515625 -704.0000610351562
v 283.5553894042969 630.6517333984375 -704.0000610351562
v 284.9384765625 631.3909912109375 -704.0000610351562
v 286.439208984375 631.8463134765625 -704.0000610351562
v 287.99993896484375 632.0 -704.0000610351562
v 289.5606689453125 631.8463134765625 -704.0000610351562
v 291.0614013671875 631.3909912109375 -704.0000610351562
v 292.4444885253906 630.6517333984375 -704.0000610351562
v 293.65679931640625 629.6568603515625 -704.0000610351562
v 294.6517028808594 628.444580078125 -704.0000610351562
v 295.3909912109375 627.0614624023438 -704.0000610351562
v 295.8462219238281 625.5607299804688 -704.0000610351562
v 295.99993896484375 624.0 -704.0000610351562
v 295.8462219238281 622.4392700195312 -704.0000610351562
v 295.3909606933594 620.9385375976562 -704.0000610351562
v 294.6517028808594 619.555419921875 -704.0000610351562
v 293.65679931640625 618.3431396484375 -704.0000610351562
v 292.4444885253906 617.3482666015625 -704.0000610351562
v 291.0614013671875 616.6089477539062 -704.0000610351562
v 289.5606689453125 616.1536865234375 -704.0000610351562
v 287.99993896484375 616.0 -704.0000610351562
v 286.439208984375 616.1536865234375 -704.0000610351562
v 284.9384765625 616.6090087890625 -704.0000610351562
v 283.5553894042969 617.3482666015625 -704.0000610351562
v 282.34307861328125 618.3431396484375 -704.0000610351562
v 281.3481750488281 619.555419921875 -704.0000610351562
v 280.6089172363281 620.9385375976562 -704.0000610351562
v 280.1536560058594 622.4392700195312 -704.0000610351562
v 279.9999694824219 600.0 -448.0
v 279.9999694824219 600.0 -320.0
v 280.1536865234375 601.5607299804688 -320.0
v 280.1536865234375 601.5607299804688 -448.0
v 280.1536865234375 601.5607299804688 -448.0
v 280.1536865234375 601.5607299804688 -320.0
v 280.60894775390625 603.0614624023438 -320.0
v 280.60894775390625 603.0614624023438 -448.0
v 280.60894775390625 603.0614624023438 -448.0
v 280.60894775390625 603.0614624023438 -320.0
v 281.34820556640625 604.444580078125 -320.0
v 281.34820556640625 604.444580078125 -448.0
v 281.34820556640625 604.444580078125 -448.0
v 281.34820556640625 604.444580078125 -320.0
v 282.3431091308594 605.6568603515625 -320.0
v 282.3431091308594 605.6568603515625 -448.0
v 282.3431091308594 605.6568603515625 -448.0
v 282.3431091308594 605.6568603515625 -320.0
v 283.555419921875 606.6517333984375 -320.0
v 283.555419921875 606.6517333984375 -448.0
v 283.555419921875 606.6517333984375 -448.0
v 283.555419921875 606.6517333984375 -320.0
v 284.9385070800781 607.3909912109375 -320.0
v 284.9385070800781 607.3909912109375 -448.0
v 284.9385070800781 607.3909912109375 -448.0
v 284.9385070800781 607.3909912109375 -320.0
v 286.4392395019531 607.8463134765625 -320.0
v 286.4392395019531 607.8463134765625 -448.0
v 286.4392395019531 607.8463134765625 -448.0
v 286.4392395019531 607.8463134765625 -320.0
v 287.9999694824219 608.0 -320.0
v 287.9999694824219 608.0 -448.0
v 287.9999694824219 608.0 -448.0
v 287.9999694824219 608.0 -320.0
v 289.5606994628906 607.8463134765625 -320.0
v 289.5606994628906 607.8463134765625 -448.0
v 289.5606994628906 607.8463134765625 -448.0
v 289.5606994628906 607.8463134765625 -320.0
v 291.0614318847656 607.3909912109375 -320.0
v 291.0614318847656 607.3909912109375 -448.0
v 291.0614318847656 607.3909912109375 -448.0
v 291.0614318847656 607.3909912109375 -320.0
v 292.44451904296875 606.6517333984375 -320.0
v 292.44451904296875 606.6517333984375 -448.0
v 292.44451904296875 606.6517333984375 -448.0
v 292.44451904296875 606.6517333984375 -320.0
v 293.6568298339844 605.6568603515625 -320.0
v 293.6568298339844 605.6568603515625 -448.0
v 293.6568298339844 605.6568603515625 -448.0
v 293.6568298339844 605.6568603515625 -320.0
v 294.6517333984375 604.444580078125 -320.0
v 294.6517333984375 604.444580078125 -448.0
v 294.6517333984375 604.444580078125 -448.0
v 294.6517333984375 604.444580078125 -320.0
v 295.3910217285156 603.0614624023438 -320.0
v 295.3910217285156 603.0614624023438 -448.0
v 295.3910217285156 603.0614624023438 -448.0
v 295.3910217285156 603.0614624023438 -320.0
v 295.84625244140625 601.5607299804688 -320.0
v 295.84625244140625 601.5607299804688 -448.0
v 295.84625244140625 601.5607299804688 -448.0
v 295.84625244140625 601.5607299804688 -320.0
v 295.9999694824219 600.0 -320.0
v 295.9999694824219 600.0 -448.0
v 295.9999694824219 600.0 -448.0
v 295.9999694824219 600.0 -320.0
v 295.84625244140625 598.4392700195312 -320.0
v 295.84625244140625 598.4392700195312 -448.0
v 295.84625244140625 598.4392700195312 -448.0
v 295.84625244140625 598.4392700195312 -320.0
v 295.3909912109375 596.9385375976562 -320.0
v 295.3909912109375 596.9385375976562 -448.0
v 295.3909912109375 596.9385375976562 -448.0
v 295.3909912109375 596.9385375976562 -320.0
v 294.6517333984375 595.555419921875 -320.0
v 294.6517333984375 595.555419921875 -448.0
v 294.6517333984375 595.555419921875 -448.0
v 294.6517333984375 595.555419921875 -320.0
v 293.6568298339844 594.3431396484375 -320.0
v 293.6568298339844 594.3431396484375 -448.0
v 293.6568298339844 594.3431396484375 -448.0
v 293.6568298339844 594.3431396484375 -320.0
v 292.44451904296875 593.3482666015625 -320.0
v 292.44451904296875 593.3482666015625 -448.0
v 292.44451904296875 593.3482666015625 -448.0
v 292.44451904296875 593.3482666015625 -320.0
v 291.0614318847656 592.6089477539062 -320.0
v 291.0614318847656 592.6089477539062 -448.0
v 291.0614318847656 592.6089477539062 -448.0
v 291.0614318847656 592.6089477539062 -320.0
v 289.5606994628906 592.1536865234375 -320.0
v 289.5606994628906 592.1536865234375 -448.0
v 289.5606994628906 592.1536865234375 -448.0
v 289.5606994628906 592.1536865234375 -320.0
v 287.9999694824219 592.0 -320.0
v 287.9999694824219 592.0 -448.0
v 287.9999694824219 592.0 -448.0
v 287.9999694824219 592.0 -320.0
v 286.4392395019531 592.1536865234375 -320.0
v 286.4392395019531 592.1536865234375 -448.0
v 286.4392395019531 592.1536865234375 -448.0
v 286.4392395019531 592.1536865234375 -320.0
v 284.9385070800781 592.6090087890625 -320.0
v 284.9385070800781 592.6090087890625 -448.0
v 284.9385070800781 592.6090087890625 -448.0
v 284.9385070800781 592.6090087890625 -320.0
v 283.555419921875 593.3482666015625 -320.0
v 283.555419921875 593.3482666015625 -448.0
v 283.555419921875 593.3482666015625 -448.0
v 283.555419921875 593.3482666015625 -320.0
v 282.3431091308594 594.3431396484375 -320.0
v 282.3431091308594 594.3431396484375 -448.0
v 282.3431091308594 594.3431396484375 -448.0
v 282.3431091308594 594.3431396484375 -320.0
v 281.34820556640625 595.555419921875 -320.0
v 281.34820556640625 595.555419921875 -448.0
v 281.34820556640625 595.555419921875 -448.0
v 281.34820556640625 595.555419921875 -320.0
v 280.60894775390625 596.9385375976562 -320.0
v 280.60894775390625 596.9385375976562 -448.0
v 280.60894775390625 596.9385375976562 -448.0
v 280.60894775390625 596.9385375976562 -320.0
v 280.1536865234375 598.4392700195312 -320.0
v 280.1536865234375 598.4392700195312 -448.0
v 280.1536865234375 598.4392700195312 -448.0
v 280.1536865234375 598.4392700195312 -320.0
v 279.9999694824219 600.0 -320.0
v 279.9999694824219 600.0 -448.0
v 280.1536865234375 601.5607299804688 -320.0
v 279.9999694824219 600.0 -320.0
v 280.1536865234375 598.4392700195312 -320.0
v 280.60894775390625 603.0614624023438 -320.0
v 281.34820556640625 604.444580078125 -320.0
v 282.3431091308594 605.6568603515625 -320.0
v 283.555419921875 606.6517333984375 -320.0
v 284.9385070800781 607.3909912109375 -320.0
v 286.4392395019531 607.8463134765625 -320.0
v 287.9999694824219 608.0 -320.0
v 289.5606994628906 607.8463134765625 -320.0
v 291.0614318847656 607.3909912109375 -320.0
v 292.44451904296875 606.6517333984375 -320.0
v 293.6568298339844 605.6568603515625 -320.0
v 294.6517333984375 604.444580078125 -320.0
v 295.3910217285156 603.0614624023438 -320.0
v 295.84625244140625 601.5607299804688 -320.0
v 295.9999694824219 600.0 -320.0
v 295.84625244140625 598.4392700195312 -320.0
v 295.3909912109375 596.9385375976562 -320.0
v 294.6517333984375 595.555419921875 -320.0
v 293.6568298339844 594.3431396484375 -320.0
v 292.44451904296875 593.3482666015625 -320.0
v 291.0614318847656 592.6089477539062 -320.0
v 289.5606994628906 592.1536865234375 -320.0
v 287.9999694824219 592.0 -320.0
v 286.4392395019531 592.1536865234375 -320.0
v 284.9385070800781 592.6090087890625 -320.0
v 283.555419921875 593.3482666015625 -320.0
v 282.3431091308594 594.3431396484375 -320.0
v 281.34820556640625 595.555419921875 -320.0
v 280.60894775390625 596.9385375976562 -320.0
v 295.3910217285156 603.0614624023438 -448.0
v 295.84625244140625 601.5607299804688 -448.0
v 295.9999694824219 600.0 -448.0
v 294.6517333984375 604.444580078125 -448.0
v 293.6568298339844 605.6568603515625 -448.0
v 292.44451904296875 606.6517333984375 -448.0
v 291.0614318847656 607.3909912109375 -448.0
v 289.5606994628906 607.8463134765625 -448.0
v 287.9999694824219 608.0 -448.0
v 286.4392395019531 607.8463134765625 -448.0
v 284.9385070800781 607.3909912109375 -448.0
v 283.555419921875 606.6517333984375 -448.0
v 282.3431091308594 605.6568603515625 -448.0
v 281.34820556640625 604.444580078125 -448.0
v 280.60894775390625 603.0614624023438 -448.0
v 280.1536865234375 601.5607299804688 -448.0
v 279.9999694824219 600.0 -448.0
v 280.1536865234375 598.4392700195312 -448.0
v 280.60894775390625 596.9385375976562 -448.0
v 281.34820556640625 595.555419921875 -448.0
v 282.3431091308594 594.3431396484375 -448.0
v 283.555419921875 593.3482666015625 -448.0
v 284.9385070800781 592.6090087890625 -448.0
v 286.4392395019531 592.1536865234375 -448.0
v 287.9999694824219 592.0 -448.0
v 289.5606994628906 592.1536865234375 -448.0
v 291.0614318847656 592.6089477539062 -448.0
v 292.44451904296875 593.3482666015625 -448.0
v 293.6568298339844 594.3431396484375 -448.0
v 294.6517333984375 595.555419921875 -448.0
v 295.3909912109375 596.9385375976562 -448.0
v 295.84625244140625 598.4392700195312 -448.0
v 280.1536560058594 601.5607299804688 -832.0001831054688
v 280.6089172363281 603.0614624023438 -832.0001831054688
v 281.3481750488281 604.444580078125 -832.0001831054688
v 279.99993896484375 600.0 -832.0001831054688
v 280.1536560058594 598.4392700195312 -832.0001831054688
v 280.6089172363281 596.9385375976562 -832.0001831054688
v 281.3481750488281 595.555419921875 -832.0001831054688
v 282.34307861328125 594.3431396484375 -832.0001831054688
v 283.5553894042969 593.3482666015625 -832.0001831054688
v 284.9384765625 592.6090087890625 -832.0001831054688
v 286.439208984375 592.1536865234375 -832.0001831054688
v 287.99993896484375 592.0 -832.0001831054688
v 289.5606689453125 592.1536865234375 -832.0001831054688
v 291.0614013671875 592.6089477539062 -832.0001831054688
v 292.4444885253906 593.3482666015625 -832.0001831054688
v 293.65679931640625 594.3431396484375 -832.0001831054688
v 294.6517028808594 595.555419921875 -832.0001831054688
v 295.3909606933594 596.9385375976562 -832.0001831054688
v 295.8462219238281 598.4392700195312 -832.0001831054688
v 295.99993896484375 600.0 -832.0001831054688
v 295.8462219238281 601.5607299804688 -832.0001831054688
v 295.3909912109375 603.0614624023438 -832.0001831054688
v 294.6517028808594 604.444580078125 -832.0001831054688
v 293.65679931640625 605.6568603515625 -832.0001831054688
v 292.4444885253906 606.6517333984375 -832.0001831054688
v 291.0614013671875 607.3909912109375 -832.0001831054688
v 289.5606689453125 607.8463134765625 -832.0001831054688
v 287.99993896484375 608.0 -832.0001831054688
v 286.439208984375 607.8463134765625 -832.0001831054688
v 284.9384765625 607.3909912109375 -832.0001831054688
v 283.5553894042969 606.6517333984375 -832.0001831054688
v 282.34307861328125 605.6568603515625 -832.0001831054688
v 280.1536560058594 601.5607299804688 -832.0001831054688
v 279.99993896484375 600.0 -832.0001831054688
v 279.99993896484375 600.0 -704.0000610351562
v 280.1536560058594 601.5607299804688 -704.0000610351562
v 280.6089172363281 603.0614624023438 -832.0001831054688
v 280.1536560058594 601.5607299804688 -832.0001831054688
v 280.1536560058594 601.5607299804688 -704.0000610351562
v 280.6089172363281 603.0614624023438 -704.0000610351562
v 281.3481750488281 604.444580078125 -832.0001831054688
v 280.6089172363281 603.0614624023438 -832.0001831054688
v 280.6089172363281 603.0614624023438 -704.0000610351562
v 281.3481750488281 604.444580078125 -704.0000610351562
v 282.34307861328125 605.6568603515625 -832.0001831054688
v 281.3481750488281 604.444580078125 -832.0001831054688
v 281.3481750488281 604.444580078125 -704.0000610351562
v 282.34307861328125 605.6568603515625 -704.0000610351562
v 283.5553894042969 606.6517333984375 -832.0001831054688
v 282.34307861328125 605.6568603515625 -832.0001831054688
v 282.34307861328125 605.6568603515625 -704.0000610351562
v 283.5553894042969 606.6517333984375 -704.0000610351562
v 284.9384765625 607.3909912109375 -832.0001831054688
v 283.5553894042969 606.6517333984375 -832.0001831054688
v 283.5553894042969 606.6517333984375 -704.0000610351562
v 284.9384765625 607.3909912109375 -704.0000610351562
v 286.439208984375 607.8463134765625 -832.0001831054688
v 284.9384765625 607.3909912109375 -832.0001831054688
v 284.9384765625 607.3909912109375 -704.0000610351562
v 286.439208984375 607.8463134765625 -704.0000610351562
v 287.99993896484375 608.0 -832.0001831054688
v 286.439208984375 607.8463134765625 -832.0001831054688
v 286.439208984375 607.8463134765625 -704.0000610351562
v 287.99993896484375 608.0 -704.0000610351562
v 289.5606689453125 607.8463134765625 -832.0001831054688
v 287.99993896484375 608.0 -832.0001831054688
v 287.99993896484375 608.0 -704.0000610351562
v 289.5606689453125 607.8463134765625 -704.0000610351562
v 291.0614013671875 607.3909912109375 -832.0001831054688
v 289.5606689453125 607.8463134765625 -832.0001831054688
v 289.5606689453125 607.8463134765625 -704.0000610351562
v 291.0614013671875 607.3909912109375 -704.0000610351562
v 292.4444885253906 606.6517333984375 -832.0001831054688
v 291.0614013671875 607.3909912109375 -832.0001831054688
v 291.0614013671875 607.3909912109375 -704.0000610351562
v 292.4444885253906 606.6517333984375 -704.0000610351562
v 293.65679931640625 605.6568603515625 -832.0001831054688
v 292.4444885253906 606.6517333984375 -832.0001831054688
v 292.4444885253906 606.6517333984375 -704.0000610351562
v 293.65679931640625 605.6568603515625 -704.0000610351562
v 294.6517028808594 604.444580078125 -832.0001831054688
v 293.65679931640625 605.6568603515625 -832.0001831054688
v 293.65679931640625 605.6568603515625 -704.0000610351562
v 294.6517028808594 604.444580078125 -704.0000610351562
v 295.3909912109375 603.0614624023438 -832.0001831054688
v 294.6517028808594 604.444580078125 -832.0001831054688
v 294.6517028808594 604.444580078125 -704.0000610351562
v 295.3909912109375 603.0614624023438 -704.0000610351562
v 295.8462219238281 601.5607299804688 -832.0001831054688
v 295.3909912109375 603.0614624023438 -832.0001831054688
v 295.3909912109375 603.0614624023438 -704.0000610351562
v 295.8462219238281 601.5607299804688 -704.0000610351562
v 295.99993896484375 600.0 -832.0001831054688
v 295.8462219238281 601.5607299804688 -832.0001831054688
v 295.8462219238281 601.5607299804688 -704.0000610351562
v 295.99993896484375 600.0 -704.0000610351562
v 295.8462219238281 598.4392700195312 -832.0001831054688
v 295.99993896484375 600.0 -832.0001831054688
v 295.99993896484375 600.0 -704.0000610351562
v 295.8462219238281 598.4392700195312 -704.0000610351562
v 295.3909606933594 596.9385375976562 -832.0001831054688
v 295.8462219238281 598.4392700195312 -832.0001831054688
v 295.8462219238281 598.4392700195312 -704.0000610351562
v 295.3909606933594 596.9385375976562 -704.0000610351562
v 294.6517028808594 595.555419921875 -832.0001831054688
v 295.3909606933594 596.9385375976562 -832.0001831054688
v 295.3909606933594 596.9385375976562 -704.0000610351562
v 294.6517028808594 595.555419921875 -704.0000610351562
v 293.65679931640625 594.3431396484375 -832.0001831054688
v 294.6517028808594 595.555419921875 -832.0001831054688
v 294.6517028808594 595.555419921875 -704.0000610351562
v 293.65679931640625 594.3431396484375 -704.0000610351562
v 292.4444885253906 593.3482666015625 -832.0001831054688
v 293.65679931640625 594.3431396484375 -832.0001831054688
v 293.65679931640625 594.3431396484375 -704.0000610351562
v 292.4444885253906 593.3482666015625 -704.0000610351562
v 291.0614013671875 592.6089477539062 -832.0001831054688
v 292.4444885253906 593.3482666015625 -832.0001831054688
v 292.4444885253906 593.3482666015625 -704.0000610351562
v 291.0614013671875 592.6089477539062 -704.0000610351562
v 289.5606689453125 592.1536865234375 -832.0001831054688
v 291.0614013671875 592.6089477539062 -832.0001831054688
v 291.0614013671875 592.6089477539062 -704.0000610351562
v 289.5606689453125 592.1536865234375 -704.0000610351562
v 287.99993896484375 592.0 -832.0001831054688
v 289.5606689453125 592.1536865234375 -832.0001831054688
v 289.5606689453125 592.1536865234375 -704.0000610351562
v 287.99993896484375 592.0 -704.0000610351562
v 286.439208984375 592.1536865234375 -832.0001831054688
v 287.99993896484375 592.0 -832.0001831054688
v 287.99993896484375 592.0 -704.0000610351562
v 286.439208984375 592.1536865234375 -704.0000610351562
v 284.9384765625 592.6090087890625 -832.0001831054688
v 286.439208984375 592.1536865234375 -832.0001831054688
v 286.439208984375 592.1536865234375 -704.0000610351562
v 284.9384765625 592.6090087890625 -704.0000610351562
v 283.5553894042969 593.3482666015625 -832.0001831054688
v 284.9384765625 592.6090087890625 -832.0001831054688
v 284.9384765625 592.6090087890625 -704.0000610351562
v 283.5553894042969 593.3482666015625 -704.0000610351562
v 282.34307861328125 594.3431396484375 -832.0001831054688
v 283.5553894042969 593.3482666015625 -832.0001831054688
v 283.5553894042969 593.3482666015625 -704.0000610351562
v 282.34307861328125 594.3431396484375 -704.0000610351562
v 281.3481750488281 595.555419921875 -832.0001831054688
v 282.34307861328125 594.3431396484375 -832.0001831054688
v 282.34307861328125 594.3431396484375 -704.0000610351562
v 281.3481750488281 595.555419921875 -704.0000610351562
v 280.6089172363281 596.9385375976562 -832.0001831054688
v 281.3481750488281 595.555419921875 -832.0001831054688
v 281.3481750488281 595.555419921875 -704.0000610351562
v 280.6089172363281 596.9385375976562 -704.0000610351562
v 280.1536560058594 598.4392700195312 -832.0001831054688
v 280.6089172363281 596.9385375976562 -832.0001831054688
v 280.6089172363281 596.9385375976562 -704.0000610351562
v 280.1536560058594 598.4392700195312 -704.0000610351562
v 279.99993896484375 600.0 -832.0001831054688
v 280.1536560058594 598.4392700195312 -832.0001831054688
v 280.1536560058594 598.4392700195312 -704.0000610351562
v 279.99993896484375 600.0 -704.0000610351562
v 280.6089172363281 603.0614624023438 -704.0000610351562
v 280.1536560058594 601.5607299804688 -704.0000610351562
v 279.99993896484375 600.0 -704.0000610351562
v 281.3481750488281 604.444580078125 -704.0000610351562
v 282.34307861328125 605.6568603515625 -704.0000610351562
v 283.5553894042969 606.6517333984375 -704.0000610351562
v 284.9384765625 607.3909912109375 -704.0000610351562
v 286.439208984375 607.8463134765625 -704.0000610351562
v 287.99993896484375 608.0 -704.0000610351562
v 289.5606689453125 607.8463134765625 -704.0000610351562
v 291.0614013671875 607.3909912109375 -704.0000610351562
v 292.4444885253906 606.6517333984375 -704.0000610351562
v 293.65679931640625 605.6568603515625 -704.0000610351562
v 294.6517028808594 604.444580078125 -704.0000610351562
v 295.3909912109375 603.0614624023438 -704.0000610351562
v 295.8462219238281 601.5607299804688 -704.0000610351562
v 295.99993896484375 600.0 -704.0000610351562
v 295.8462219238281 598.4392700195312 -704.0000610351562
v 295.3909606933594 596.9385375976562 -704.0000610351562
v 294.6517028808594 595.555419921875 -704.0000610351562
v 293.65679931640625 594.3431396484375 -704.0000610351562
v 292.4444885253906 593.3482666015625 -704.0000610351562
v 291.0614013671875 592.6089477539062 -704.0000610351562
v 289.5606689453125 592.1536865234375 -704.0000610351562
v 287.99993896484375 592.0 -704.0000610351562
v 286.439208984375 592.1536865234375 -704.0000610351562
v 284.9384765625 592.6090087890625 -704.0000610351562
v 283.5553894042969 593.3482666015625 -704.0000610351562
v 282.34307861328125 594.3431396484375 -704.0000610351562
v 281.3481750488281 595.555419921875 -704.0000610351562
v 280.6089172363281 596.9385375976562 -704.0000610351562
v 280.1536560058594 598.4392700195312 -704.0000610351562
v 279.9999694824219 576.0 -448.0
v 279.9999694824219 576.0 -320.0
v 280.1536865234375 577.5607299804688 -320.0
v 280.1536865234375 577.5607299804688 -448.0
v 280.1536865234375 577.5607299804688 -448.0
v 280.1536865234375 577.5607299804688 -320.0
v 280.60894775390625 579.0614624023438 -320.0
v 280.60894775390625 579.0614624023438 -448.0
v 280.60894775390625 579.0614624023438 -448.0
v 280.60894775390625 579.0614624023438 -320.0
v 281.34820556640625 580.444580078125 -320.0
v 281.34820556640625 580.444580078125 -448.0
v 281.34820556640625 580.444580078125 -448.0
v 281.34820556640625 580.444580078125 -320.0
v 282.3431091308594 581.6568603515625 -320.0
v 282.3431091308594 581.6568603515625 -448.0
v 282.3431091308594 581.6568603515625 -448.0
v 282.3431091308594 581.6568603515625 -320.0
v 283.555419921875 582.6517333984375 -320.0
v 283.555419921875 582.6517333984375 -448.0
v 283.555419921875 582.6517333984375 -448.0
v 283.555419921875 582.6517333984375 -320.0
v 284.9385070800781 583.3909912109375 -320.0
v 284.9385070800781 583.3909912109375 -448.0
v 284.9385070800781 583.3909912109375 -448.0
v 284.9385070800781 583.3909912109375 -320.0
v 286.4392395019531 583.8463134765625 -320.0
v 286.4392395019531 583.8463134765625 -448.0
v 286.4392395019531 583.8463134765625 -448.0
v 286.4392395019531 583.8463134765625 -320.0
v 287.9999694824219 584.0 -320.0
v 287.9999694824219 584.0 -448.0
v 287.9999694824219 584.0 -448.0
v 287.9999694824219 584.0 -320.0
v 289.5606994628906 583.8463134765625 -320.0
v 289.5606994628906 583.8463134765625 -448.0
v 289.5606994628906 583.8463134765625 -448.0
v 289.5606994628906 583.8463134765625 -320.0
v 291.0614318847656 583.3909912109375 -320.0
v 291.0614318847656 583.3909912109375 -448.0
v 291.0614318847656 583.3909912109375 -448.0
v 291.0614318847656 583.3909912109375 -320.0
v 292.44451904296875 582.6517333984375 -320.0
v 292.44451904296875 582.6517333984375 -448.0
v 292.44451904296875 582.6517333984375 -448.0
v 292.44451904296875 582.6517333984375 -320.0
v 293.6568298339844 581.6568603515625 -320.0
v 293.6568298339844 581.6568603515625 -448.0
v 293.6568298339844 581.6568603515625 -448.0
v 293.6568298339844 581.6568603515625 -320.0
v 294.6517333984375 580.444580078125 -320.0
v 294.6517333984375 580.444580078125 -448.0
v 294.6517333984375 580.444580078125 -448.0
v 294.6517333984375 580.444580078125 -320.0
v 295.3910217285156 579.0614624023438 -320.0
v 295.3910217285156 579.0614624023438 -448.0
v 295.3910217285156 579.0614624023438 -448.0
v 295.3910217285156 579.0614624023438 -320.0
v 295.84625244140625 577.5607299804688 -320.0
v 295.84625244140625 577.5607299804688 -448.0
v 295.84625244140625 577.5607299804688 -448.0
v 295.84625244140625 577.5607299804688 -320.0
v 295.9999694824219 576.0 -320.0
v 295.9999694824219 576.0 -448.0
v 295.9999694824219 576.0 -448.0
v 295.9999694824219 576.0 -320.0
v 295.84625244140625 574.4392700195312 -320.0
v 295.84625244140625 574.4392700195312 -448.0
v 295.84625244140625 574.4392700195312 -448.0
v 295.84625244140625 574.4392700195312 -320.0
v 295.3909912109375 572.9385375976562 -320.0
v 295.3909912109375 572.9385375976562 -448.0
v 295.3909912109375 572.9385375976562 -448.0
v 295.3909912109375 572.9385375976562 -320.0
v 294.6517333984375 571.555419921875 -320.0
v 294.6517333984375 571.555419921875 -448.0
v 294.6517333984375 571.555419921875 -448.0
v 294.6517333984375 571.555419921875 -320.0
v 293.6568298339844 570.3431396484375 -320.0
v 293.6568298339844 570.3431396484375 -448.0
v 293.6568298339844 570.3431396484375 -448.0
v 293.6568298339844 570.3431396484375 -320.0
v 292.44451904296875 569.3482666015625 -320.0
v 292.44451904296875 569.3482666015625 -448.0
v 292.44451904296875 569.3482666015625 -448.0
v 292.44451904296875 569.3482666015625 -320.0
v 291.0614318847656 568.6089477539062 -320.0
v 291.0614318847656 568.6089477539062 -448.0
v 291.0614318847656 568.6089477539062 -448.0
v 291.0614318847656 568.6089477539062 -320.0
v 289.5606994628906 568.1536865234375 -320.0
v 289.5606994628906 568.1536865234375 -448.0
v 289.5606994628906 568.1536865234375 -448.0
v 289.5606994628906 568.1536865234375 -320.0
v 287.9999694824219 568.0 -320.0
v 287.9999694824219 568.0 -448.0
v 287.9999694824219 568.0 -448.0
v 287.9999694824219 568.0 -320.0
v 286.4392395019531 568.1536865234375 -320.0
v 286.4392395019531 568.1536865234375 -448.0
v 286.4392395019531 568.1536865234375 -448.0
v 286.4392395019531 568.1536865234375 -320.0
v 284.9385070800781 568.6090087890625 -320.0
v 284.9385070800781 568.6090087890625 -448.0
v 284.9385070800781 568.6090087890625 -448.0
v 284.9385070800781 568.6090087890625 -320.0
v 283.555419921875 569.3482666015625 -320.0
v 283.555419921875 569.3482666015625 -448.0
v 283.555419921875 569.3482666015625 -448.0
v 283.555419921875 569.3482666015625 -320.0
v 282.3431091308594 570.3431396484375 -320.0
v 282.3431091308594 570.3431396484375 -448.0
v 282.3431091308594 570.3431396484375 -448.0
v 282.3431091308594 570.3431396484375 -320.0
v 281.34820556640625 571.555419921875 -320.0
v 281.34820556640625 571.555419921875 -448.0
v 281.34820556640625 571.555419921875 -448.0
v 281.34820556640625 571.555419921875 -320.0
v 280.60894775390625 572.9385375976562 -320.0
v 280.60894775390625 572.9385375976562 -448.0
v 280.60894775390625 572.9385375976562 -448.0
v 280.60894775390625 572.9385375976562 -320.0
v 280.1536865234375 574.4392700195312 -320.0
v 280.1536865234375 574.4392700195312 -448.0
v 280.1536865234375 574.4392700195312 -448.0
v 280.1536865234375 574.4392700195312 -320.0
v 279.9999694824219 576.0 -320.0
v 279.9999694824219 576.0 -448.0
v 280.1536865234375 577.5607299804688 -320.0
v 279.9999694824219 576.0 -320.0
v 280.1536865234375 574.4392700195312 -320.0
v 280.60894775390625 579.0614624023438 -320.0
v 281.34820556640625 580.444580078125 -320.0
v 282.3431091308594 581.6568603515625 -320.0
v 283.555419921875 582.6517333984375 -320.0
v 284.9385070800781 583.3909912109375 -320.0
v 286.4392395019531 583.8463134765625 -320.0
v 287.9999694824219 584.0 -320.0
v 289.5606994628906 583.8463134765625 -320.0
v 291.0614318847656 583.3909912109375 -320.0
v 292.44451904296875 582.6517333984375 -320.0
v 293.6568298339844 581.6568603515625 -320.0
v 294.6517333984375 580.444580078125 -320.0
v 295.3910217285156 579.0614624023438 -320.0
v 295.84625244140625 577.5607299804688 -320.0
v 295.9999694824219 576.0 -320.0
v 295.84625244140625 574.4392700195312 -320.0
v 295.3909912109375 572.9385375976562 -320.0
v 294.6517333984375 571.555419921875 -320.0
v 293.6568298339844 570.3431396484375 -320.0
v 292.44451904296875 569.3482666015625 -320.0
v 291.0614318847656 568.6089477539062 -320.0
v 289.5606994628906 568.1536865234375 -320.0
v 287.9999694824219 568.0 -320.0
v 286.4392395019531 568.1536865234375 -320.0
v 284.9385070800781 568.6090087890625 -320.0
v 283.555419921875 569.3482666015625 -320.0
v 282.3431091308594 570.3431396484375 -320.0
v 281.34820556640625 571.555419921875 -320.0
v 280.60894775390625 572.9385375976562 -320.0
v 295.3910217285156 579.0614624023438 -448.0
v 295.84625244140625 577.5607299804688 -448.0
v 295.9999694824219 576.0 -448.0
v 294.6517333984375 580.444580078125 -448.0
v 293.6568298339844 581.6568603515625 -448.0
v 292.44451904296875 582.6517333984375 -448.0
v 291.0614318847656 583.3909912109375 -448.0
v 289.5606994628906 583.8463134765625 -448.0
v 287.9999694824219 584.0 -448.0
v 286.4392395019531 583.8463134765625 -448.0
v 284.9385070800781 583.3909912109375 -448.0
v 283.555419921875 582.6517333984375 -448.0
v 282.3431091308594 581.6568603515625 -448.0
v 281.34820556640625 580.444580078125 -448.0
v 280.60894775390625 579.0614624023438 -448.0
v 280.1536865234375 577.5607299804688 -448.0
v 279.9999694824219 576.0 -448.0
v 280.1536865234375 574.4392700195312 -448.0
v 280.60894775390625 572.9385375976562 -448.0
v 281.34820556640625 571.555419921875 -448.0
v 282.3431091308594 570.3431396484375 -448.0
v 283.555419921875 569.3482666015625 -448.0
v 284.9385070800781 568.6090087890625 -448.0
v 286.4392395019531 568.1536865234375 -448.0
v 287.9999694824219 568.0 -448.0
v 289.5606994628906 568.1536865234375 -448.0
v 291.0614318847656 568.6089477539062 -448.0
v 292.44451904296875 569.3482666015625 -448.0
v 293.6568298339844 570.3431396484375 -448.0
v 294.6517333984375 571.555419921875 -448.0
v 295.3909912109375 572.9385375976562 -448.0
v 295.84625244140625 574.4392700195312 -448.0
v 280.1536560058594 577.5607299804688 -832.0001831054688
v 280.6089172363281 579.0614624023438 -832.0001831054688
v 281.3481750488281 580.444580078125 -832.0001831054688
v 279.99993896484375 576.0 -832.0001831054688
v 280.1536560058594 574.4392700195312 -832.0001831054688
v 280.6089172363281 572.9385375976562 -832.0001831054688
v 281.3481750488281 571.555419921875 -832.0001831054688
v 282.34307861328125 570.3431396484375 -832.0001831054688
v 283.5553894042969 569.3482666015625 -832.0001831054688
v 284.9384765625 568.6090087890625 -832.0001831054688
v 286.439208984375 568.1536865234375 -832.0001831054688
v 287.99993896484375 568.0 -832.0001831054688
v 289.5606689453125 568.1536865234375 -832.0001831054688
v 291.0614013671875 568.6089477539062 -832.0001831054688
v 292.4444885253906 569.3482666015625 -832.0001831054688
v 293.65679931640625 570.3431396484375 -832.0001831054688
v 294.6517028808594 571.555419921875 -832.0001831054688
v 295.3909606933594 572.9385375976562 -832.0001831054688
v 295.8462219238281 574.4392700195312 -832.0001831054688
v 295.99993896484375 576.0 -832.0001831054688
v 295.8462219238281 577.5607299804688 -832.0001831054688
v 295.3909912109375 579.0614624023438 -832.0001831054688
v 294.6517028808594 580.444580078125 -832.0001831054688
v 293.65679931640625 581.6568603515625 -832.0001831054688
v 292.4444885253906 582.6517333984375 -832.0001831054688
v 291.0614013671875 583.3909912109375 -832.0001831054688
v 289.5606689453125 583.8463134765625 -832.0001831054688
v 287.99993896484375 584.0 -832.0001831054688
v 286.439208984375 583.8463134765625 -832.0001831054688
v 284.9384765625 583.3909912109375 -832.0001831054688
v 283.5553894042969 582.6517333984375 -832.0001831054688
v 282.34307861328125 581.6568603515625 -832.0001831054688
v 280.1536560058594 577.5607299804688 -832.0001831054688
v 279.99993896484375 576.0 -832.0001831054688
v 279.99993896484375 576.0 -704.0000610351562
v 280.1536560058594 577.5607299804688 -704.0000610351562
v 280.6089172363281 579.0614624023438 -832.0001831054688
v 280.1536560058594 577.5607299804688 -832.0001831054688
v 280.1536560058594 577.5607299804688 -704.0000610351562
v 280.6089172363281 579.0614624023438 -704.0000610351562
v 281.3481750488281 580.444580078125 -832.0001831054688
v 280.6089172363281 579.0614624023438 -832.0001831054688
v 280.6089172363281 579.0614624023438 -704.0000610351562
v 281.3481750488281 580.444580078125 -704.0000610351562
v 282.34307861328125 581.6568603515625 -832.0001831054688
v 281.3481750488281 580.444580078125 -832.0001831054688
v 281.3481750488281 580.444580078125 -704.0000610351562
v 282.34307861328125 581.6568603515625 -704.0000610351562
v 283.5553894042969 582.6517333984375 -832.0001831054688
v 282.34307861328125 581.6568603515625 -832.0001831054688
v 282.34307861328125 581.6568603515625 -704.0000610351562
v 283.5553894042969 582.6517333984375 -704.0000610351562
v 284.9384765625 583.3909912109375 -832.0001831054688
v 283.5553894042969 582.6517333984375 -832.0001831054688
v 283.5553894042969 582.6517333984375 -704.0000610351562
v 284.9384765625 583.3909912109375 -704.0000610351562
v 286.439208984375 583.8463134765625 -832.0001831054688
v 284.9384765625 583.3909912109375 -832.0001831054688
v 284.9384765625 583.3909912109375 -704.0000610351562
v 286.439208984375 583.8463134765625 -704.0000610351562
v 287.99993896484375 584.0 -832.0001831054688
v 286.439208984375 583.8463134765625 -832.0001831054688
v 286.439208984375 583.8463134765625 -704.0000610351562
v 287.99993896484375 584.0 -704.0000610351562
v 289.5606689453125 583.8463134765625 -832.0001831054688
v 287.99993896484375 584.0 -832.0001831054688
v 287.99993896484375 584.0 -704.0000610351562
v 289.5606689453125 583.8463134765625 -704.0000610351562
v 291.0614013671875 583.3909912109375 -832.0001831054688
v 289.5606689453125 583.8463134765625 -832.0001831054688
v 289.5606689453125 583.8463134765625 -704.0000610351562
v 291.0614013671875 583.3909912109375 -704.0000610351562
v 292.4444885253906 582.6517333984375 -832.0001831054688
v 291.0614013671875 583.3909912109375 -832.0001831054688
v 291.0614013671875 583.3909912109375 -704.0000610351562
v 292.4444885253906 582.6517333984375 -704.0000610351562
v 293.65679931640625 581.6568603515625 -832.0001831054688
v 292.4444885253906 582.6517333984375 -832.0001831054688
v 292.4444885253906 582.6517333984375 -704.0000610351562
v 293.65679931640625 581.6568603515625 -704.0000610351562
v 294.6517028808594 580.444580078125 -832.0001831054688
v 293.65679931640625 581.6568603515625 -832.0001831054688
v 293.65679931640625 581.6568603515625 -704.0000610351562
v 294.6517028808594 580.444580078125 -704.0000610351562
v 295.3909912109375 579.0614624023438 -832.0001831054688
v 294.6517028808594 580.444580078125 -832.0001831054688
v 294.6517028808594 580.444580078125 -704.0000610351562
v 295.3909912109375 579.0614624023438 -704.0000610351562
v 295.8462219238281 577.5607299804688 -832.0001831054688
v 295.3909912109375 579.0614624023438 -832.0001831054688
v 295.3909912109375 579.0614624023438 -704.0000610351562
v 295.8462219238281 577.5607299804688 -704.0000610351562
v 295.99993896484375 576.0 -832.0001831054688
v 295.8462219238281 577.5607299804688 -832.0001831054688
v 295.8462219238281 577.5607299804688 -704.0000610351562
v 295.99993896484375 576.0 -704.0000610351562
v 295.8462219238281 574.4392700195312 -832.0001831054688
v 295.99993896484375 576.0 -832.0001831054688
v 295.99993896484375 576.0 -704.0000610351562
v 295.8462219238281 574.4392700195312 -704.0000610351562
v 295.3909606933594 572.9385375976562 -832.0001831054688
v 295.8462219238281 574.4392700195312 -832.0001831054688
v 295.8462219238281 574.4392700195312 -704.0000610351562
v 295.3909606933594 572.9385375976562 -704.0000610351562
v 294.6517028808594 571.555419921875 -832.0001831054688
v 295.3909606933594 572.9385375976562 -832.0001831054688
v 295.3909606933594 572.9385375976562 -704.0000610351562
v 294.6517028808594 571.555419921875 -704.0000610351562
v 293.65679931640625 570.3431396484375 -832.0001831054688
v 294.6517028808594 571.555419921875 -832.0001831054688
v 294.6517028808594 571.555419921875 -704.0000610351562
v 293.65679931640625 570.3431396484375 -704.0000610351562
v 292.4444885253906 569.3482666015625 -832.0001831054688
v 293.65679931640625 570.3431396484375 -832.0001831054688
v 293.65679931640625 570.3431396484375 -704.0000610351562
v 292.4444885253906 569.3482666015625 -704.0000610351562
v 291.0614013671875 568.6089477539062 -832.0001831054688
v 292.4444885253906 569.3482666015625 -832.0001831054688
v 292.4444885253906 569.3482666015625 -704.0000610351562
v 291.0614013671875 568.6089477539062 -704.0000610351562
v 289.5606689453125 568.1536865234375 -832.0001831054688
v 291.0614013671875 568.6089477539062 -832.0001831054688
v 291.0614013671875 568.6089477539062 -704.0000610351562
v 289.5606689453125 568.1536865234375 -704.0000610351562
v 287.99993896484375 568.0 -832.0001831054688
v 289.5606689453125 568.1536865234375 -832.0001831054688
v 289.5606689453125 568.1536865234375 -704.0000610351562
v 287.99993896484375 568.0 -704.0000610351562
v 286.439208984375 568.1536865234375 -832.0001831054688
v 287.99993896484375 568.0 -832.0001831054688
v 287.99993896484375 568.0 -704.0000610351562
v 286.439208984375 568.1536865234375 -704.0000610351562
v 284.9384765625 568.6090087890625 -832.0001831054688
v 286.439208984375 568.1536865234375 -832.0001831054688
v 286.439208984375 568.1536865234375 -704.0000610351562
v 284.9384765625 568.6090087890625 -704.0000610351562
v 283.5553894042969 569.3482666015625 -832.0001831054688
v 284.9384765625 568.6090087890625 -832.0001831054688
v 284.9384765625 568.6090087890625 -704.0000610351562
v 283.5553894042969 569.3482666015625 -704.0000610351562
v 282.34307861328125 570.3431396484375 -832.0001831054688
v 283.5553894042969 569.3482666015625 -832.0001831054688
v 283.5553894042969 569.3482666015625 -704.0000610351562
v 282.34307861328125 570.3431396484375 -704.0000610351562
v 281.3481750488281 571.555419921875 -832.0001831054688
v 282.34307861328125 570.3431396484375 -832.0001831054688
v 282.34307861328125 570.3431396484375 -704.0000610351562
v 281.3481750488281 571.555419921875 -704.0000610351562
v 280.6089172363281 572.9385375976562 -832.0001831054688
v 281.3481750488281 571.555419921875 -832.0001831054688
v 281.3481750488281 571.555419921875 -704.0000610351562
v 280.6089172363281 572.9385375976562 -704.0000610351562
v 280.1536560058594 574.4392700195312 -832.0001831054688
v 280.6089172363281 572.9385375976562 -832.0001831054688
v 280.6089172363281 572.9385375976562 -704.0000610351562
v 280.1536560058594 574.4392700195312 -704.0000610351562
v 279.99993896484375 576.0 -832.0001831054688
v 280.1536560058594 574.4392700195312 -832.0001831054688
v 280.1536560058594 574.4392700195312 -704.0000610351562
v 279.99993896484375 576.0 -704.0000610351562
v 280.6089172363281 579.0614624023438 -704.0000610351562
v 280.1536560058594 577.5607299804688 -704.0000610351562
v 279.99993896484375 576.0 -704.0000610351562
v 281.3481750488281 580.444580078125 -704.0000610351562
v 282.34307861328125 581.6568603515625 -704.0000610351562
v 283.5553894042969 582.6517333984375 -704.0000610351562
v 284.9384765625 583.3909912109375 -704.0000610351562
v 286.439208984375 583.8463134765625 -704.0000610351562
v 287.99993896484375 584.0 -704.0000610351562
v 289.5606689453125 583.8463134765625 -704.0000610351562
v 291.0614013671875 583.3909912109375 -704.0000610351562
v 292.4444885253906 582.6517333984375 -704.0000610351562
v 293.65679931640625 581.6568603515625 -704.0000610351562
v 294.6517028808594 580.444580078125 -704.0000610351562
v 295.3909912109375 579.0614624023438 -704.0000610351562
v 295.8462219238281 577.5607299804688 -704.0000610351562
v 295.99993896484375 576.0 -704.0000610351562
v 295.8462219238281 574.4392700195312 -704.0000610351562
v 295.3909606933594 572.9385375976562 -704.0000610351562
v 294.6517028808594 571.555419921875 -704.0000610351562
v 293.65679931640625 570.3431396484375 -704.0000610351562
v 292.4444885253906 569.3482666015625 -704.0000610351562
v 291.0614013671875 568.6089477539062 -704.0000610351562
v 289.5606689453125 568.1536865234375 -704.0000610351562
v 287.99993896484375 568.0 -704.0000610351562
v 286.439208984375 568.1536865234375 -704.0000610351562
v 284.9384765625 568.6090087890625 -704.0000610351562
v 283.5553894042969 569.3482666015625 -704.0000610351562
v 282.34307861328125 570.3431396484375 -704.0000610351562
v 281.3481750488281 571.555419921875 -704.0000610351562
v 280.6089172363281 572.9385375976562 -704.0000610351562
v 280.1536560058594 574.4392700195312 -704.0000610351562
v -168.0 688.0 -160.0
v -160.0 688.0 -160.0
v -168.0 665.1428833007812 -160.0
v -168.0 665.142822265625 160.0
v -160.0 688.0 160.0
v -168.0 688.0 160.0
v -160.0 688.0 160.0
v -160.0 688.0 -160.0
v -168.0 688.0 -160.0
v -168.0 688.0 160.0
v -160.0 688.0 -160.0
v -160.0 688.0 160.0
v -168.0 665.142822265625 160.0
v -168.0 665.1428833007812 -160.0
v -168.0 665.142822265625 160.0
v -168.0 688.0 160.0
v -168.0 688.0 -160.0
v -168.0 665.1428833007812 -160.0
v -800.0 688.0 77.72584533691406
v -800.0 489.37261962890625 160.0
v -800.0 688.0 160.0
v -168.0 665.142822265625 87.193603515625
v -168.0 665.142822265625 160.0
v -229.5195770263672 489.37261962890625 160.0
v -168.0 688.0 77.72583770751953
v -168.0 688.0 160.0
v -168.0 665.142822265625 160.0
v -168.0 665.142822265625 87.193603515625
v -800.0 688.0 -38.627296447753906
v -800.0 629.8233642578125 101.82340240478516
v -800.0 688.0 77.7258529663086
v -180.36181640625 629.8233642578125 101.82341766357422
v -168.0 665.142822265625 16.554664611816406
v -168.0 665.142822265625 87.19361114501953
v -168.0 688.0 -38.62730407714844
v -168.0 688.0 77.72584533691406
v -168.0 665.142822265625 87.19361114501953
v -168.0 665.142822265625 16.554664611816406
v -168.0 688.0 77.72584533691406
v -800.0 688.0 77.7258529663086
v -800.0 629.8233642578125 101.82340240478516
v -168.0 665.142822265625 87.19361114501953
v -180.36181640625 629.8233642578125 101.82341766357422
v -800.0 605.725830078125 -160.0
v -800.0 672.0 6.866455078125e-05
v -800.0 688.0 -38.62730407714844
v -800.0 688.0 -160.0
v -188.7959747314453 605.725830078125 -160.0
v -168.0 665.1428833007812 -160.0
v -168.0 665.142822265625 -16.554641723632812
v -168.0 688.0 -160.0
v -168.0 688.0 -38.62731170654297
v -168.0 672.0 -2.6702880859375e-05
v -168.0 665.1428833007812 -160.0
v -168.0 665.142822265625 -16.554641723632812
v -168.0 688.0 -38.62731170654297
v -800.0 688.0 -38.62730407714844
v -800.0 672.0 6.866455078125e-05
v -168.0 672.0 -2.6702880859375e-05
v -800.0 489.37255859375 -160.0
v -800.0 629.8233642578125 -101.8233642578125
v -800.0 605.725830078125 -160.0
v -229.5196075439453 489.3725891113281 -160.0
v -188.7959747314453 605.725830078125 -160.0
v -180.36183166503906 629.8233642578125 -101.82337951660156
v -800.0 629.8233642578125 -101.8233642578125
v -180.36183166503906 629.8233642578125 -101.82337951660156
v -188.7959747314453 605.725830078125 -160.0
v -800.0 605.725830078125 -160.0
v -800.0 368.0 -77.72581481933594
v -800.0 528.0 -144.0
v -800.0 489.37255859375 -160.0
v -800.0 368.0 -160.0
v -272.0 368.0 -160.0
v -229.5196075439453 489.3725891113281 -160.0
v -216.00001525878906 528.0 -144.0
v -272.0 368.0 -77.72579956054688
v -800.0 528.0 -144.0
v -216.00001525878906 528.0 -144.0
v -229.5196075439453 489.3725891113281 -160.0
v -800.0 489.37255859375 -160.0
v -800.0 368.0 38.62751007080078
v -800.0 426.1766357421875 -101.82337951660156
v -800.0 368.0 -77.72581481933594
v -251.63816833496094 426.1766662597656 -101.82337188720703
v -272.0 368.0 38.627540588378906
v -272.0 368.0 -77.72579956054688
v -800.0 426.1766357421875 -101.82337951660156
v -251.63816833496094 426.1766662597656 -101.82337188720703
v -272.0 368.0 -77.72579956054688
v -800.0 368.0 -77.72581481933594
v -800.0 450.27423095703125 160.0
v -800.0 384.0 6.103515625e-05
v -800.0 368.0 38.62751007080078
v -800.0 368.0 160.0
v -272.0 368.0 160.0
v -272.0 368.0 38.627540588378906
v -266.3999938964844 384.0000305175781 4.1961669921875e-05
v -243.20401000976562 450.27423095703125 160.0
v -800.0 384.0 6.103515625e-05
v -266.3999938964844 384.0000305175781 4.1961669921875e-05
v -272.0 368.0 38.627540588378906
v -800.0 368.0 38.62751007080078
v -800.0 528.0 144.00001525878906
v -800.0 426.1766662597656 101.82341003417969
v -800.0 450.27423095703125 160.0
v -800.0 489.37261962890625 160.0
v -229.5195770263672 489.37261962890625 160.0
v -243.20401000976562 450.27423095703125 160.0
v -251.63815307617188 426.17669677734375 101.82344055175781
v -215.99998474121094 528.0 144.00001525878906
v -800.0 489.37261962890625 160.0
v -229.5195770263672 489.37261962890625 160.0
v -215.99998474121094 528.0 144.00001525878906
v -800.0 528.0 144.00001525878906
v -243.20401000976562 450.27423095703125 160.0
v -800.0 450.27423095703125 160.0
v -800.0 426.1766662597656 101.82341003417969
v -251.63815307617188 426.17669677734375 101.82344055175781
v -296.0 544.0 703.9999389648438
v -296.0 480.0 703.9999389648438
v -297.0 480.0 703.9999389648438
v -297.0 544.0 703.9999389648438
v -296.0 480.0 832.0000610351562
v -296.0 544.0 832.0000610351562
v -297.0 544.0 832.0000610351562
v -297.0 480.0 832.0000610351562
v -296.0 480.0 832.0000610351562
v -297.0 480.0 832.0000610351562
v -297.0 480.0 703.9999389648438
v -296.0 480.0 703.9999389648438
v -297.0 544.0 832.0000610351562
v -296.0 544.0 832.0000610351562
v -296.0 544.0 703.9999389648438
v -297.0 544.0 703.9999389648438
v -297.0 544.0 832.0000610351562
v -297.0 544.0 703.9999389648438
v -297.0 480.0 703.9999389648438
v -297.0 480.0 832.0000610351562
v -296.0 544.0 703.9999389648438
v -296.0 544.0 832.0000610351562
v -296.0 480.0 832.0000610351562
v -296.0 480.0 703.9999389648438
v -296.0 544.0 -832.0
v -296.0 480.0 -832.0
v -297.0 480.0 -832.0
v -297.0 544.0 -832.0
v -296.0 480.0 -703.9998779296875
v -296.0 544.0 -703.9998779296875
v -297.0 544.0 -703.9998779296875
v -297.0 480.0 -703.9998779296875
v -296.0 480.0 -703.9998779296875
v -297.0 480.0 -703.9998779296875
v -297.0 480.0 -832.0
v -296.0 480.0 -832.0
v -297.0 544.0 -703.9998779296875
v -296.0 544.0 -703.9998779296875
v -296.0 544.0 -832.0
v -297.0 544.0 -832.0
v -297.0 544.0 -703.9998779296875
v -297.0 544.0 -832.0
v -297.0 480.0 -832.0
v -297.0 480.0 -703.9998779296875
v -296.0 544.0 -832.0
v -296.0 544.0 -703.9998779296875
v -296.0 480.0 -703.9998779296875
v -296.0 480.0 -832.0
v -222.0 354.0 -704.0
v -222.0 350.0 -704.0
v -224.0 350.0 -704.0
v -224.0 354.0 -704.0
v -222.0 350.0 704.0
v -222.0 354.0 704.0
v -224.0 354.0 704.0
v -224.0 350.0 704.0
v -222.0 350.0 704.0
v -224.0 350.0 704.0
v -224.0 350.0 -704.0
v -222.0 350.0 -704.0
v -224.0 354.0 704.0
v -222.0 354.0 704.0
v -222.0 354.0 -704.0
v -224.0 354.0 -704.0
v -224.0 354.0 704.0
v -224.0 354.0 -704.0
v -224.0 350.0 -704.0
v -224.0 350.0 704.0
v -222.0 354.0 -704.0
v -222.0 354.0 704.0
v -222.0 350.0 704.0
v -222.0 350.0 -704.0
v -222.0 354.0 706.0
v -222.0 350.0 706.0
v -222.0 350.0 704.0
v -222.0 354.0 704.0
v -304.0 350.0 706.0
v -304.0 354.0 706.0
v -304.0 354.0 704.0
v -304.0 350.0 704.0
v -304.0 350.0 706.0
v -304.0 350.0 704.0
v -222.0 350.0 704.0
v -222.0 350.0 706.0
v -304.0 354.0 704.0
v -304.0 354.0 706.0
v -222.0 354.0 706.0
v -222.0 354.0 704.0
v -304.0 354.0 704.0
v -222.0 354.0 704.0
v -222.0 350.0 704.0
v -304.0 350.0 704.0
v -222.0 354.0 706.0
v -304.0 354.0 706.0
v -304.0 350.0 706.0
v -222.0 350.0 706.0
v -295.0 354.0 706.0
v -295.0 350.0 706.0
v -297.0 350.0 706.0
v -297.0 354.0 706.0
v -295.0 350.0 832.0
v -295.0 354.0 832.0
v -297.0 354.0 832.0
v -297.0 350.0 832.0
v -295.0 350.0 832.0
v -297.0 350.0 832.0
v -297.0 350.0 706.0
v -295.0 350.0 706.0
v -297.0 354.0 832.0
v -295.0 354.0 832.0
v -295.0 354.0 706.0
v -297.0 354.0 706.0
v -297.0 354.0 832.0
v -297.0 354.0 706.0
v -297.0 350.0 706.0
v -297.0 350.0 832.0
v -295.0 354.0 706.0
v -295.0 354.0 832.0
v -295.0 350.0 832.0
v -295.0 350.0 706.0
v -304.0 354.0 -706.0
v -304.0 350.0 -706.0
v -304.0 350.0 -704.0
v -304.0 354.0 -704.0
v -222.0 350.0 -706.0
v -222.0 354.0 -706.0
v -222.0 354.0 -704.0
v -222.0 350.0 -704.0
v -222.0 350.0 -706.0
v -222.0 350.0 -704.0
v -304.0 350.0 -704.0
v -304.0 350.0 -706.0
v -222.0 354.0 -704.0
v -222.0 354.0 -706.0
v -304.0 354.0 -706.0
v -304.0 354.0 -704.0
v -222.0 354.0 -704.0
v -304.0 354.0 -704.0
v -304.0 350.0 -704.0
v -222.0 350.0 -704.0
v -304.0 354.0 -706.0
v -222.0 354.0 -706.0
v -222.0 350.0 -706.0
v -304.0 350.0 -706.0
v -222.0 354.0 -1000.0
v -222.0 350.0 -1000.0
v -224.0 350.0 -1000.0
v -224.0 354.0 -1000.0
v -222.0 350.0 -832.0
v -222.0 354.0 -832.0
v -224.0 354.0 -832.0
v -224.0 350.0 -832.0
v -222.0 350.0 -832.0
v -224.0 350.0 -832.0
v -224.0 350.0 -1000.0
v -222.0 350.0 -1000.0
v -224.0 354.0 -832.0
v -222.0 354.0 -832.0
v -222.0 354.0 -1000.0
v -224.0 354.0 -1000.0
v -224.0 354.0 -832.0
v -224.0 354.0 -1000.0
v -224.0 350.0 -1000.0
v -224.0 350.0 -832.0
v -222.0 354.0 -1000.0
v -222.0 354.0 -832.0
v -222.0 350.0 -832.0
v -222.0 350.0 -1000.0
v -222.0 354.0 -830.0
v -222.0 350.0 -830.0
v -222.0 350.0 -832.0
v -222.0 354.0 -832.0
v -304.0 350.0 -830.0
v -304.0 354.0 -830.0
v -304.0 354.0 -832.0
v -304.0 350.0 -832.0
v -304.0 350.0 -830.0
v -304.0 350.0 -832.0
v -222.0 350.0 -832.0
v -222.0 350.0 -830.0
v -304.0 354.0 -832.0
v -304.0 354.0 -830.0
v -222.0 354.0 -830.0
v -222.0 354.0 -832.0
v -304.0 354.0 -832.0
v -222.0 354.0 -832.0
v -222.0 350.0 -832.0
v -304.0 350.0 -832.0
v -222.0 354.0 -830.0
v -304.0 354.0 -830.0
v -304.0 350.0 -830.0
v -222.0 350.0 -830.0
v -295.0 354.0 -830.0
v -295.0 350.0 -830.0
v -297.0 350.0 -830.0
v -297.0 354.0 -830.0
v -295.0 350.0 -704.0
v -295.0 354.0 -704.0
v -297.0 354.0 -704.0
v -297.0 350.0 -704.0
v -295.0 350.0 -704.0
v -297.0 350.0 -704.0
v -297.0 350.0 -830.0
v -295.0 350.0 -830.0
v -297.0 354.0 -704.0
v -295.0 354.0 -704.0
v -295.0 354.0 -830.0
v -297.0 354.0 -830.0
v -297.0 354.0 -704.0
v -297.0 354.0 -830.0
v -297.0 350.0 -830.0
v -297.0 350.0 -704.0
v -295.0 354.0 -830.0
v -295.0 354.0 -704.0
v -295.0 350.0 -704.0
v -295.0 350.0 -830.0
v -222.0 354.0 832.0
v -222.0 350.0 832.0
v -224.0 350.0 832.0
v -224.0 354.0 832.0
v -222.0 350.0 992.0
v -222.0 354.0 992.0
v -224.0 354.0 992.0
v -224.0 350.0 992.0
v -222.0 350.0 992.0
v -224.0 350.0 992.0
v -224.0 350.0 832.0
v -222.0 350.0 832.0
v -224.0 354.0 992.0
v -222.0 354.0 992.0
v -222.0 354.0 832.0
v -224.0 354.0 832.0
v -224.0 354.0 992.0
v -224.0 354.0 832.0
v -224.0 350.0 832.0
v -224.0 350.0 992.0
v -222.0 354.0 832.0
v -222.0 354.0 992.0
v -222.0 350.0 992.0
v -222.0 350.0 832.0
v -304.0 354.0 830.0
v -304.0 350.0 830.0
v -304.0 350.0 832.0
v -304.0 354.0 832.0
v -222.0 350.0 830.0
v -222.0 354.0 830.0
v -222.0 354.0 832.0
v -222.0 350.0 832.0
v -222.0 350.0 830.0
v -222.0 350.0 832.0
v -304.0 350.0 832.0
v -304.0 350.0 830.0
v -222.0 354.0 832.0
v -222.0 354.0 830.0
v -304.0 354.0 830.0
v -304.0 354.0 832.0
v -222.0 354.0 832.0
v -304.0 354.0 832.0
v -304.0 350.0 832.0
v -222.0 350.0 832.0
v -304.0 354.0 830.0
v -222.0 354.0 830.0
v -222.0 350.0 830.0
v -304.0 350.0 830.0
v -224.00003051757812 354.0 990.0
v -224.00003051757812 350.0 990.0
v -224.00003051757812 350.0 992.0
v -224.00003051757812 354.0 992.0
v 228.0 350.0 990.0
v 228.0 354.0 990.0
v 228.0 354.0 992.0
v 228.0 350.0 992.0
v 228.0 350.0 990.0
v 228.0 350.0 992.0
v -224.00003051757812 350.0 992.0
v -224.00003051757812 350.0 990.0
v 228.0 354.0 992.0
v 228.0 354.0 990.0
v -224.00003051757812 354.0 990.0
v -224.00003051757812 354.0 992.0
v 228.0 354.0 992.0
v -224.00003051757812 354.0 992.0
v -224.00003051757812 350.0 992.0
v 228.0 350.0 992.0
v -224.00003051757812 354.0 990.0
v 228.0 354.0 990.0
v 228.0 350.0 990.0
v -224.00003051757812 350.0 990.0
v 224.00001525878906 354.0 -990.0
v 224.00001525878906 350.0 -990.0
v 224.00001525878906 350.0 -992.0
v 224.00001525878906 354.0 -992.0
v -228.00001525878906 350.0 -990.0
v -228.00001525878906 354.0 -990.0
v -228.00001525878906 354.0 -992.0
v -228.00001525878906 350.0 -992.0
v -228.00001525878906 350.0 -990.0
v -228.00001525878906 350.0 -992.0
v 224.00001525878906 350.0 -992.0
v 224.00001525878906 350.0 -990.0
v -228.00001525878906 354.0 -992.0
v -228.00001525878906 354.0 -990.0
v 224.00001525878906 354.0 -990.0
v 224.00001525878906 354.0 -992.0
v -228.00001525878906 354.0 -992.0
v 224.00001525878906 354.0 -992.0
v 224.00001525878906 350.0 -992.0
v -228.00001525878906 350.0 -992.0
v 224.00001525878906 354.0 -990.0
v -228.00001525878906 354.0 -990.0
v -228.00001525878906 350.0 -990.0
v 224.00001525878906 350.0 -990.0
v 295.99993896484375 544.0 -703.9999389648438
v 295.99993896484375 480.0 -703.9999389648438
v 296.99993896484375 480.0 -703.9999389648438
v 296.99993896484375 544.0 -703.9999389648438
v 295.99993896484375 480.0 -832.0000610351562
v 295.99993896484375 544.0 -832.0000610351562
v 296.99993896484375 544.0 -832.0000610351562
v 296.99993896484375 480.0 -832.0000610351562
v 295.99993896484375 480.0 -832.0000610351562
v 296.99993896484375 480.0 -832.0000610351562
v 296.99993896484375 480.0 -703.9999389648438
v 295.99993896484375 480.0 -703.9999389648438
v 296.99993896484375 544.0 -832.0000610351562
v 295.99993896484375 544.0 -832.0000610351562
v 295.99993896484375 544.0 -703.9999389648438
v 296.99993896484375 544.0 -703.9999389648438
v 296.99993896484375 544.0 -832.0000610351562
v 296.99993896484375 544.0 -703.9999389648438
v 296.99993896484375 480.0 -703.9999389648438
v 296.99993896484375 480.0 -832.0000610351562
v 295.99993896484375 544.0 -703.9999389648438
v 295.99993896484375 544.0 -832.0000610351562
v 295.99993896484375 480.0 -832.0000610351562
v 295.99993896484375 480.0 -703.9999389648438
v 295.9999694824219 544.0 -319.99993896484375
v 295.9999694824219 480.0 -319.99993896484375
v 296.9999694824219 480.0 -319.99993896484375
v 296.9999694824219 544.0 -319.99993896484375
v 295.9999694824219 480.0 -448.00006103515625
v 295.9999694824219 544.0 -448.00006103515625
v 296.9999694824219 544.0 -448.00006103515625
v 296.9999694824219 480.0 -448.00006103515625
v 295.9999694824219 480.0 -448.00006103515625
v 296.9999694824219 480.0 -448.00006103515625
v 296.9999694824219 480.0 -319.99993896484375
v 295.9999694824219 480.0 -319.99993896484375
v 296.9999694824219 544.0 -448.00006103515625
v 295.9999694824219 544.0 -448.00006103515625
v 295.9999694824219 544.0 -319.99993896484375
v 296.9999694824219 544.0 -319.99993896484375
v 296.9999694824219 544.0 -448.00006103515625
v 296.9999694824219 544.0 -319.99993896484375
v 296.9999694824219 480.0 -319.99993896484375
v 296.9999694824219 480.0 -448.00006103515625
v 295.9999694824219 544.0 -319.99993896484375
v 295.9999694824219 544.0 -448.00006103515625
v 295.9999694824219 480.0 -448.00006103515625
v 295.9999694824219 480.0 -319.99993896484375
v 296.0 544.0 64.00006103515625
v 296.0 480.0 64.00006103515625
v 297.0 480.0 64.00006103515625
v 297.0 544.0 64.00006103515625
v 296.0 480.0 -64.00006103515625
v 296.0 544.0 -64.00006103515625
v 297.0 544.0 -64.00006103515625
v 297.0 480.0 -64.00006103515625
v 296.0 480.0 -64.00006103515625
v 297.0 480.0 -64.00006103515625
v 297.0 480.0 64.00006103515625
v 296.0 480.0 64.00006103515625
v 297.0 544.0 -64.00006103515625
v 296.0 544.0 -64.00006103515625
v 296.0 544.0 64.00006103515625
v 297.0 544.0 64.00006103515625
v 297.0 544.0 -64.00006103515625
v 297.0 544.0 64.00006103515625
v 297.0 480.0 64.00006103515625
v 297.0 480.0 -64.00006103515625
v 296.0 544.0 64.00006103515625
v 296.0 544.0 -64.00006103515625
v 296.0 480.0 -64.00006103515625
v 296.0 480.0 64.00006103515625
v 296.0000305175781 544.0 448.00006103515625
v 296.0000305175781 480.0 448.00006103515625
v 297.0000305175781 480.0 448.00006103515625
v 297.0000305175781 544.0 448.00006103515625
v 296.0000305175781 480.0 319.99993896484375
v 296.0000305175781 544.0 319.99993896484375
v 297.0000305175781 544.0 319.99993896484375
v 297.0000305175781 480.0 319.99993896484375
v 296.0000305175781 480.0 319.99993896484375
v 297.0000305175781 480.0 319.99993896484375
v 297.0000305175781 480.0 448.00006103515625
v 296.0000305175781 480.0 448.00006103515625
v 297.0000305175781 544.0 319.99993896484375
v 296.0000305175781 544.0 319.99993896484375
v 296.0000305175781 544.0 448.00006103515625
v 297.0000305175781 544.0 448.00006103515625
v 297.0000305175781 544.0 319.99993896484375
v 297.0000305175781 544.0 448.00006103515625
v 297.0000305175781 480.0 448.00006103515625
v 297.0000305175781 480.0 319.99993896484375
v 296.0000305175781 544.0 448.00006103515625
v 296.0000305175781 544.0 319.99993896484375
v 296.0000305175781 480.0 319.99993896484375
v 296.0000305175781 480.0 448.00006103515625
v 296.00006103515625 544.0 832.0000610351562
v 296.00006103515625 480.0 832.0000610351562
v 297.00006103515625 480.0 832.0000610351562
v 297.00006103515625 544.0 832.0000610351562
v 296.00006103515625 480.0 703.9999389648438
v 296.00006103515625 544.0 703.9999389648438
v 297.00006103515625 544.0 703.9999389648438
v 297.00006103515625 480.0 703.9999389648438
v 296.00006103515625 480.0 703.9999389648438
v 297.00006103515625 480.0 703.9999389648438
v 297.00006103515625 480.0 832.0000610351562
v 296.00006103515625 480.0 832.0000610351562
v 297.00006103515625 544.0 703.9999389648438
v 296.00006103515625 544.0 703.9999389648438
v 296.00006103515625 544.0 832.0000610351562
v 297.00006103515625 544.0 832.0000610351562
v 297.00006103515625 544.0 703.9999389648438
v 297.00006103515625 544.0 832.0000610351562
v 297.00006103515625 480.0 832.0000610351562
v 297.00006103515625 480.0 703.9999389648438
v 296.00006103515625 544.0 832.0000610351562
v 296.00006103515625 544.0 703.9999389648438
v 296.00006103515625 480.0 703.9999389648438
v 296.00006103515625 480.0 832.0000610351562
v 221.99993896484375 354.0 -448.0
v 221.99993896484375 350.0 -448.0
v 223.99993896484375 350.0 -448.0
v 223.99993896484375 354.0 -448.0
v 221.99993896484375 350.0 -704.0
v 221.99993896484375 354.0 -704.0
v 223.99993896484375 354.0 -704.0
v 223.99993896484375 350.0 -704.0
v 221.99993896484375 350.0 -704.0
v 223.99993896484375 350.0 -704.0
v 223.99993896484375 350.0 -448.0
v 221.99993896484375 350.0 -448.0
v 223.99993896484375 354.0 -704.0
v 221.99993896484375 354.0 -704.0
v 221.99993896484375 354.0 -448.0
v 223.99993896484375 354.0 -448.0
v 223.99993896484375 354.0 -704.0
v 223.99993896484375 354.0 -448.0
v 223.99993896484375 350.0 -448.0
v 223.99993896484375 350.0 -704.0
v 221.99993896484375 354.0 -448.0
v 221.99993896484375 354.0 -704.0
v 221.99993896484375 350.0 -704.0
v 221.99993896484375 350.0 -448.0
v 221.99993896484375 354.0 -706.0
v 221.99993896484375 350.0 -706.0
v 221.99993896484375 350.0 -704.0
v 221.99993896484375 354.0 -704.0
v 303.99993896484375 350.0 -706.0
v 303.99993896484375 354.0 -706.0
v 303.99993896484375 354.0 -704.0
v 303.99993896484375 350.0 -704.0
v 303.99993896484375 350.0 -706.0
v 303.99993896484375 350.0 -704.0
v 221.99993896484375 350.0 -704.0
v 221.99993896484375 350.0 -706.0
v 303.99993896484375 354.0 -704.0
v 303.99993896484375 354.0 -706.0
v 221.99993896484375 354.0 -706.0
v 221.99993896484375 354.0 -704.0
v 303.99993896484375 354.0 -704.0
v 221.99993896484375 354.0 -704.0
v 221.99993896484375 350.0 -704.0
v 303.99993896484375 350.0 -704.0
v 221.99993896484375 354.0 -706.0
v 303.99993896484375 354.0 -706.0
v 303.99993896484375 350.0 -706.0
v 221.99993896484375 350.0 -706.0
v 294.99993896484375 354.0 -706.0
v 294.99993896484375 350.0 -706.0
v 296.99993896484375 350.0 -706.0
v 296.99993896484375 354.0 -706.0
v 294.99993896484375 350.0 -832.0
v 294.99993896484375 354.0 -832.0
v 296.99993896484375 354.0 -832.0
v 296.99993896484375 350.0 -832.0
v 294.99993896484375 350.0 -832.0
v 296.99993896484375 350.0 -832.0
v 296.99993896484375 350.0 -706.0
v 294.99993896484375 350.0 -706.0
v 296.99993896484375 354.0 -832.0
v 294.99993896484375 354.0 -832.0
v 294.99993896484375 354.0 -706.0
v 296.99993896484375 354.0 -706.0
v 296.99993896484375 354.0 -832.0
v 296.99993896484375 354.0 -706.0
v 296.99993896484375 350.0 -706.0
v 296.99993896484375 350.0 -832.0
v 294.99993896484375 354.0 -706.0
v 294.99993896484375 354.0 -832.0
v 294.99993896484375 350.0 -832.0
v 294.99993896484375 350.0 -706.0
v 303.9999694824219 354.0 -446.0
v 303.9999694824219 350.0 -446.0
v 303.9999694824219 350.0 -448.0
v 303.9999694824219 354.0 -448.0
v 221.99996948242188 350.0 -446.0
v 221.99996948242188 354.0 -446.0
v 221.99996948242188 354.0 -448.0
v 221.99996948242188 350.0 -448.0
v 221.99996948242188 350.0 -446.0
v 221.99996948242188 350.0 -448.0
v 303.9999694824219 350.0 -448.0
v 303.9999694824219 350.0 -446.0
v 221.99996948242188 354.0 -448.0
v 221.99996948242188 354.0 -446.0
v 303.9999694824219 354.0 -446.0
v 303.9999694824219 354.0 -448.0
v 221.99996948242188 354.0 -448.0
v 303.9999694824219 354.0 -448.0
v 303.9999694824219 350.0 -448.0
v 221.99996948242188 350.0 -448.0
v 303.9999694824219 354.0 -446.0
v 221.99996948242188 354.0 -446.0
v 221.99996948242188 350.0 -446.0
v 303.9999694824219 350.0 -446.0
v 222.0 354.0 322.0
v 222.0 350.0 322.0
v 224.0 350.0 322.0
v 224.0 354.0 322.0
v 222.0 350.0 -320.0
v 222.0 354.0 -320.0
v 224.0 354.0 -320.0
v 224.0 350.0 -320.0
v 222.0 350.0 -320.0
v 224.0 350.0 -320.0
v 224.0 350.0 322.0
v 222.0 350.0 322.0
v 224.0 354.0 -320.0
v 222.0 354.0 -320.0
v 222.0 354.0 322.0
v 224.0 354.0 322.0
v 224.0 354.0 -320.0
v 224.0 354.0 322.0
v 224.0 350.0 322.0
v 224.0 350.0 -320.0
v 222.0 354.0 322.0
v 222.0 354.0 -320.0
v 222.0 350.0 -320.0
v 222.0 350.0 322.0
v 221.99996948242188 354.0 -322.0
v 221.99996948242188 350.0 -322.0
v 221.99996948242188 350.0 -320.0
v 221.99996948242188 354.0 -320.0
v 303.9999694824219 350.0 -322.0
v 303.9999694824219 354.0 -322.0
v 303.9999694824219 354.0 -320.0
v 303.9999694824219 350.0 -320.0
v 303.9999694824219 350.0 -322.0
v 303.9999694824219 350.0 -320.0
v 221.99996948242188 350.0 -320.0
v 221.99996948242188 350.0 -322.0
v 303.9999694824219 354.0 -320.0
v 303.9999694824219 354.0 -322.0
v 221.99996948242188 354.0 -322.0
v 221.99996948242188 354.0 -320.0
v 303.9999694824219 354.0 -320.0
v 221.99996948242188 354.0 -320.0
v 221.99996948242188 350.0 -320.0
v 303.9999694824219 350.0 -320.0
v 221.99996948242188 354.0 -322.0
v 303.9999694824219 354.0 -322.0
v 303.9999694824219 350.0 -322.0
v 221.99996948242188 350.0 -322.0
v 294.9999694824219 354.0 -322.0
v 294.9999694824219 350.0 -322.0
v 296.9999694824219 350.0 -322.0
v 296.9999694824219 354.0 -322.0
v 294.9999694824219 350.0 -448.0
v 294.9999694824219 354.0 -448.0
v 296.9999694824219 354.0 -448.0
v 296.9999694824219 350.0 -448.0
v 294.9999694824219 350.0 -448.0
v 296.9999694824219 350.0 -448.0
v 296.9999694824219 350.0 -322.0
v 294.9999694824219 350.0 -322.0
v 296.9999694824219 354.0 -448.0
v 294.9999694824219 354.0 -448.0
v 294.9999694824219 354.0 -322.0
v 296.9999694824219 354.0 -322.0
v 296.9999694824219 354.0 -448.0
v 296.9999694824219 354.0 -322.0
v 296.9999694824219 350.0 -322.0
v 296.9999694824219 350.0 -448.0
v 294.9999694824219 354.0 -322.0
v 294.9999694824219 354.0 -448.0
v 294.9999694824219 350.0 -448.0
v 294.9999694824219 350.0 -322.0
v 304.0000305175781 354.0 322.0
v 304.0000305175781 350.0 322.0
v 304.0000305175781 350.0 320.0
v 304.0000305175781 354.0 320.0
v 222.00003051757812 350.0 322.0
v 222.00003051757812 354.0 322.0
v 222.00003051757812 354.0 320.0
v 222.00003051757812 350.0 320.0
v 222.00003051757812 350.0 322.0
v 222.00003051757812 350.0 320.0
v 304.0000305175781 350.0 320.0
v 304.0000305175781 350.0 322.0
v 222.00003051757812 354.0 320.0
v 222.00003051757812 354.0 322.0
v 304.0000305175781 354.0 322.0
v 304.0000305175781 354.0 320.0
v 222.00003051757812 354.0 320.0
v 304.0000305175781 354.0 320.0
v 304.0000305175781 350.0 320.0
v 222.00003051757812 350.0 320.0
v 304.0000305175781 354.0 322.0
v 222.00003051757812 354.0 322.0
v 222.00003051757812 350.0 322.0
v 304.0000305175781 350.0 322.0
v 222.0000457763672 354.0 704.0
v 222.0000457763672 350.0 704.0
v 224.0000457763672 350.0 704.0
v 224.0000457763672 354.0 704.0
v 222.0000457763672 350.0 448.0
v 222.0000457763672 354.0 448.0
v 224.0000457763672 354.0 448.0
v 224.0000457763672 350.0 448.0
v 222.0000457763672 350.0 448.0
v 224.0000457763672 350.0 448.0
v 224.0000457763672 350.0 704.0
v 222.0000457763672 350.0 704.0
v 224.0000457763672 354.0 448.0
v 222.0000457763672 354.0 448.0
v 222.0000457763672 354.0 704.0
v 224.0000457763672 354.0 704.0
v 224.0000457763672 354.0 448.0
v 224.0000457763672 354.0 704.0
v 224.0000457763672 350.0 704.0
v 224.0000457763672 350.0 448.0
v 222.0000457763672 354.0 704.0
v 222.0000457763672 354.0 448.0
v 222.0000457763672 350.0 448.0
v 222.0000457763672 350.0 704.0
v 222.00003051757812 354.0 446.0
v 222.00003051757812 350.0 446.0
v 222.00003051757812 350.0 448.0
v 222.00003051757812 354.0 448.0
v 304.0000305175781 350.0 446.0
v 304.0000305175781 354.0 446.0
v 304.0000305175781 354.0 448.0
v 304.0000305175781 350.0 448.0
v 304.0000305175781 350.0 446.0
v 304.0000305175781 350.0 448.0
v 222.00003051757812 350.0 448.0
v 222.00003051757812 350.0 446.0
v 304.0000305175781 354.0 448.0
v 304.0000305175781 354.0 446.0
v 222.00003051757812 354.0 446.0
v 222.00003051757812 354.0 448.0
v 304.0000305175781 354.0 448.0
v 222.00003051757812 354.0 448.0
v 222.00003051757812 350.0 448.0
v 304.0000305175781 350.0 448.0
v 222.00003051757812 354.0 446.0
v 304.0000305175781 354.0 446.0
v 304.0000305175781 350.0 446.0
v 222.00003051757812 350.0 446.0
v 295.0000305175781 354.0 446.0
v 295.0000305175781 350.0 446.0
v 297.0000305175781 350.0 446.0
v 297.0000305175781 354.0 446.0
v 295.0000305175781 350.0 320.0
v 295.0000305175781 354.0 320.0
v 297.0000305175781 354.0 320.0
v 297.0000305175781 350.0 320.0
v 295.0000305175781 350.0 320.0
v 297.0000305175781 350.0 320.0
v 297.0000305175781 350.0 446.0
v 295.0000305175781 350.0 446.0
v 297.0000305175781 354.0 320.0
v 295.0000305175781 354.0 320.0
v 295.0000305175781 354.0 446.0
v 297.0000305175781 354.0 446.0
v 297.0000305175781 354.0 320.0
v 297.0000305175781 354.0 446.0
v 297.0000305175781 350.0 446.0
v 297.0000305175781 350.0 320.0
v 295.0000305175781 354.0 446.0
v 295.0000305175781 354.0 320.0
v 295.0000305175781 350.0 320.0
v 295.0000305175781 350.0 446.0
v 304.00006103515625 354.0 706.0
v 304.00006103515625 350.0 706.0
v 304.00006103515625 350.0 704.0
v 304.00006103515625 354.0 704.0
v 222.00006103515625 350.0 706.0
v 222.00006103515625 354.0 706.0
v 222.00006103515625 354.0 704.0
v 222.00006103515625 350.0 704.0
v 222.00006103515625 350.0 706.0
v 222.00006103515625 350.0 704.0
v 304.00006103515625 350.0 704.0
v 304.00006103515625 350.0 706.0
v 222.00006103515625 354.0 704.0
v 222.00006103515625 354.0 706.0
v 304.00006103515625 354.0 706.0
v 304.00006103515625 354.0 704.0
v 222.00006103515625 354.0 704.0
v 304.00006103515625 354.0 704.0
v 304.00006103515625 350.0 704.0
v 222.00006103515625 350.0 704.0
v 304.00006103515625 354.0 706.0
v 222.00006103515625 354.0 706.0
v 222.00006103515625 350.0 706.0
v 304.00006103515625 350.0 706.0
v 222.0000762939453 354.0 1000.0
v 222.0000762939453 350.0 1000.0
v 224.0000762939453 350.0 1000.0
v 224.0000762939453 354.0 1000.0
v 222.0000762939453 350.0 832.0
v 222.0000762939453 354.0 832.0
v 224.0000762939453 354.0 832.0
v 224.0000762939453 350.0 832.0
v 222.0000762939453 350.0 832.0
v 224.0000762939453 350.0 832.0
v 224.0000762939453 350.0 1000.0
v 222.0000762939453 350.0 1000.0
v 224.0000762939453 354.0 832.0
v 222.0000762939453 354.0 832.0
v 222.0000762939453 354.0 1000.0
v 224.0000762939453 354.0 1000.0
v 224.0000762939453 354.0 832.0
v 224.0000762939453 354.0 1000.0
v 224.0000762939453 350.0 1000.0
v 224.0000762939453 350.0 832.0
v 222.0000762939453 354.0 1000.0
v 222.0000762939453 354.0 832.0
v 222.0000762939453 350.0 832.0
v 222.0000762939453 350.0 1000.0
v 222.00006103515625 354.0 830.0
v 222.00006103515625 350.0 830.0
v 222.00006103515625 350.0 832.0
v 222.00006103515625 354.0 832.0
v 304.00006103515625 350.0 830.0
v 304.00006103515625 354.0 830.0
v 304.00006103515625 354.0 832.0
v 304.00006103515625 350.0 832.0
v 304.00006103515625 350.0 830.0
v 304.00006103515625 350.0 832.0
v 222.00006103515625 350.0 832.0
v 222.00006103515625 350.0 830.0
v 304.00006103515625 354.0 832.0
v 304.00006103515625 354.0 830.0
v 222.00006103515625 354.0 830.0
v 222.00006103515625 354.0 832.0
v 304.00006103515625 354.0 832.0
v 222.00006103515625 354.0 832.0
v 222.00006103515625 350.0 832.0
v 304.00006103515625 350.0 832.0
v 222.00006103515625 354.0 830.0
v 304.00006103515625 354.0 830.0
v 304.00006103515625 350.0 830.0
v 222.00006103515625 350.0 830.0
v 221.9999237060547 354.0 -832.0
v 221.9999237060547 350.0 -832.0
v 223.9999237060547 350.0 -832.0
v 223.9999237060547 354.0 -832.0
v 221.9999237060547 350.0 -992.0
v 221.9999237060547 354.0 -992.0
v 223.9999237060547 354.0 -992.0
v 223.9999237060547 350.0 -992.0
v 221.9999237060547 350.0 -992.0
v 223.9999237060547 350.0 -992.0
v 223.9999237060547 350.0 -832.0
v 221.9999237060547 350.0 -832.0
v 223.9999237060547 354.0 -992.0
v 221.9999237060547 354.0 -992.0
v 221.9999237060547 354.0 -832.0
v 223.9999237060547 354.0 -832.0
v 223.9999237060547 354.0 -992.0
v 223.9999237060547 354.0 -832.0
v 223.9999237060547 350.0 -832.0
v 223.9999237060547 350.0 -992.0
v 221.9999237060547 354.0 -832.0
v 221.9999237060547 354.0 -992.0
v 221.9999237060547 350.0 -992.0
v 221.9999237060547 350.0 -832.0
v 303.99993896484375 354.0 -830.0
v 303.99993896484375 350.0 -830.0
v 303.99993896484375 350.0 -832.0
v 303.99993896484375 354.0 -832.0
v 221.99993896484375 350.0 -830.0
v 221.99993896484375 354.0 -830.0
v 221.99993896484375 354.0 -832.0
v 221.99993896484375 350.0 -832.0
v 221.99993896484375 350.0 -830.0
v 221.99993896484375 350.0 -832.0
v 303.99993896484375 350.0 -832.0
v 303.99993896484375 350.0 -830.0
v 221.99993896484375 354.0 -832.0
v 221.99993896484375 354.0 -830.0
v 303.99993896484375 354.0 -830.0
v 303.99993896484375 354.0 -832.0
v 221.99993896484375 354.0 -832.0
v 303.99993896484375 354.0 -832.0
v 303.99993896484375 350.0 -832.0
v 221.99993896484375 350.0 -832.0
v 303.99993896484375 354.0 -830.0
v 221.99993896484375 354.0 -830.0
v 221.99993896484375 350.0 -830.0
v 303.99993896484375 350.0 -830.0
v 295.0000305175781 354.0 830.0
v 295.0000305175781 350.0 830.0
v 297.0000305175781 350.0 830.0
v 297.0000305175781 354.0 830.0
v 295.0000305175781 350.0 706.0
v 295.0000305175781 354.0 706.0
v 297.0000305175781 354.0 706.0
v 297.0000305175781 350.0 706.0
v 295.0000305175781 350.0 706.0
v 297.0000305175781 350.0 706.0
v 297.0000305175781 350.0 830.0
v 295.0000305175781 350.0 830.0
v 297.0000305175781 354.0 706.0
v 295.0000305175781 354.0 706.0
v 295.0000305175781 354.0 830.0
v 297.0000305175781 354.0 830.0
v 297.0000305175781 354.0 706.0
v 297.0000305175781 354.0 830.0
v 297.0000305175781 350.0 830.0
v 297.0000305175781 350.0 706.0
v 295.0000305175781 354.0 830.0
v 295.0000305175781 354.0 706.0
v 295.0000305175781 350.0 706.0
v 295.0000305175781 350.0 830.0
v 12.9561767578125 706.8681640625 236.00006103515625
v 12.9561767578125 703.0440673828125 236.00006103515625
v -11.0438232421875 703.0440673828125 236.00006103515625
v -11.0438232421875 706.8681640625 236.00006103515625
v 12.9561767578125 703.0440673828125 276.00006103515625
v 12.9561767578125 706.8681640625 276.00006103515625
v -11.0438232421875 706.8681640625 276.00006103515625
v -11.0438232421875 703.0440673828125 276.00006103515625
v 12.9561767578125 703.0440673828125 276.00006103515625
v -11.0438232421875 703.0440673828125 276.00006103515625
v -11.0438232421875 703.0440673828125 236.00006103515625
v 12.9561767578125 703.0440673828125 236.00006103515625
v -11.0438232421875 706.8681640625 276.00006103515625
v 12.9561767578125 706.8681640625 276.00006103515625
v 12.9561767578125 706.8681640625 236.00006103515625
v -11.0438232421875 706.8681640625 236.00006103515625
v -11.0438232421875 706.8681640625 276.00006103515625
v -11.0438232421875 706.8681640625 236.00006103515625
v -11.0438232421875 703.0440673828125 236.00006103515625
v -11.0438232421875 703.0440673828125 276.00006103515625
v 12.9561767578125 706.8681640625 236.00006103515625
v 12.9561767578125 706.8681640625 276.00006103515625
v 12.9561767578125 703.0440673828125 276.00006103515625
v 12.9561767578125 703.0440673828125 236.00006103515625
v 12.9561767578125 706.8681640625 -339.99993896484375
v 12.9561767578125 703.0440673828125 -339.99993896484375
v -11.0438232421875 703.0440673828125 -339.99993896484375
v -11.0438232421875 706.8681640625 -339.99993896484375
v 12.9561767578125 703.0440673828125 -299.99993896484375
v 12.9561767578125 706.8681640625 -299.99993896484375
v -11.0438232421875 706.8681640625 -299.99993896484375
v -11.0438232421875 703.0440673828125 -299.99993896484375
v 12.9561767578125 703.0440673828125 -299.99993896484375
v -11.0438232421875 703.0440673828125 -299.99993896484375
v -11.0438232421875 703.0440673828125 -339.99993896484375
v 12.9561767578125 703.0440673828125 -339.99993896484375
v -11.0438232421875 706.8681640625 -299.99993896484375
v 12.9561767578125 706.8681640625 -299.99993896484375
v 12.9561767578125 706.8681640625 -339.99993896484375
v -11.0438232421875 706.8681640625 -339.99993896484375
v -11.0438232421875 706.8681640625 -299.99993896484375
v -11.0438232421875 706.8681640625 -339.99993896484375
v -11.0438232421875 703.0440673828125 -339.99993896484375
v -11.0438232421875 703.0440673828125 -299.99993896484375
v 12.9561767578125 706.8681640625 -339.99993896484375
v 12.9561767578125 706.8681640625 -299.99993896484375
v 12.9561767578125 703.0440673828125 -299.99993896484375
v 12.9561767578125 703.0440673828125 -339.99993896484375
v -800.0 688.0 77.72584533691406
v -168.0 688.0 77.72583770751953
v -168.0 665.142822265625 87.193603515625
v -800.0 489.37261962890625 160.0
v -229.5195770263672 489.37261962890625 160.0
v -800.0 688.0 -38.627296447753906
v -168.0 688.0 -38.62730407714844
v -168.0 665.142822265625 16.554664611816406
v -800.0 629.8233642578125 101.82340240478516
v -180.36181640625 629.8233642578125 101.82341766357422
v -168.0 665.142822265625 -16.554641723632812
v -168.0 672.0 -2.6702880859375e-05
v -800.0 672.0 6.866455078125e-05
v -188.7959747314453 605.725830078125 -160.0
v -800.0 605.725830078125 -160.0
v -229.5196075439453 489.3725891113281 -160.0
v -180.36183166503906 629.8233642578125 -101.82337951660156
v -800.0 629.8233642578125 -101.8233642578125
v -800.0 489.37255859375 -160.0
v -272.0 368.0 -77.72579956054688
v -216.00001525878906 528.0 -144.0
v -800.0 528.0 -144.0
v -800.0 368.0 -77.72581481933594
v -272.0 368.0 38.627540588378906
v -251.63816833496094 426.1766662597656 -101.82337188720703
v -800.0 426.1766357421875 -101.82337951660156
v -800.0 368.0 38.62751007080078
v -800.0 384.0 6.103515625e-05
v -800.0 450.27423095703125 160.0
v -243.20401000976562 450.27423095703125 160.0
v -266.3999938964844 384.0000305175781 4.1961669921875e-05
v -800.0 426.1766662597656 101.82341003417969
v -800.0 528.0 144.00001525878906
v -215.99998474121094 528.0 144.00001525878906
v -251.63815307617188 426.17669677734375 101.82344055175781
v -106.07980346679688 687.1669311523438 -160.0
v -232.81495666503906 338.96502685546875 -160.0
v -277.9201965332031 355.38189697265625 -160.0
v -151.18505859375 703.5838012695312 -160.0
v -232.81495666503906 338.96502685546875 -152.0
v -106.07980346679688 687.1669311523438 -152.0
v -151.18505859375 703.5838012695312 -152.0
v -277.9201965332031 355.38189697265625 -152.0
v -232.81495666503906 338.96502685546875 -152.0
v -277.9201965332031 355.38189697265625 -152.0
v -277.9201965332031 355.38189697265625 -160.0
v -232.81495666503906 338.96502685546875 -160.0
v -151.18505859375 703.5838012695312 -152.0
v -106.07980346679688 687.1669311523438 -152.0
v -106.07980346679688 687.1669311523438 -160.0
v -151.18505859375 703.5838012695312 -160.0
v -151.18505859375 703.5838012695312 -152.0
v -151.18505859375 703.5838012695312 -160.0
v -277.9201965332031 355.38189697265625 -160.0
v -277.9201965332031 355.38189697265625 -152.0
v -106.07980346679688 687.1669311523438 -160.0
v -106.07980346679688 687.1669311523438 -152.0
v -232.81495666503906 338.96502685546875 -152.0
v -232.81495666503906 338.96502685546875 -160.0
v -106.07980346679688 687.1669311523438 152.0
v -232.81495666503906 338.96502685546875 152.0
v -277.9201965332031 355.38189697265625 152.0
v -151.18505859375 703.5838012695312 152.0
v -232.81495666503906 338.96502685546875 160.0
v -106.07980346679688 687.1669311523438 160.0
v -151.18505859375 703.5838012695312 160.0
v -277.9201965332031 355.38189697265625 160.0
v -232.81495666503906 338.96502685546875 160.0
v -277.9201965332031 355.38189697265625 160.0
v -277.9201965332031 355.38189697265625 152.0
v -232.81495666503906 338.96502685546875 152.0
v -151.18505859375 703.5838012695312 160.0
v -106.07980346679688 687.1669311523438 160.0
v -106.07980346679688 687.1669311523438 152.0
v -151.18505859375 703.5838012695312 152.0
v -151.18505859375 703.5838012695312 160.0
v -151.18505859375 703.5838012695312 152.0
v -277.9201965332031 355.38189697265625 152.0
v -277.9201965332031 355.38189697265625 160.0
v -106.07980346679688 687.1669311523438 152.0
v -106.07980346679688 687.1669311523438 160.0
v -232.81495666503906 338.96502685546875 160.0
v -232.81495666503906 338.96502685546875 152.0
v -155.63381958007812 664.4896240234375 -152.0
v -132.6907501220703 631.7235107421875 -152.0
v -134.32904052734375 630.576416015625 -152.0
v -157.27210998535156 663.342529296875 -152.0
v -132.6907501220703 631.7235107421875 152.0
v -155.63381958007812 664.4896240234375 152.0
v -157.27210998535156 663.342529296875 152.0
v -134.32904052734375 630.576416015625 152.0
v -132.6907501220703 631.7235107421875 152.0
v -134.32904052734375 630.576416015625 152.0
v -134.32904052734375 630.576416015625 -152.0
v -132.6907501220703 631.7235107421875 -152.0
v -157.27210998535156 663.342529296875 152.0
v -155.63381958007812 664.4896240234375 152.0
v -155.63381958007812 664.4896240234375 -152.0
v -157.27210998535156 663.342529296875 -152.0
v -157.27210998535156 663.342529296875 152.0
v -157.27210998535156 663.342529296875 -152.0
v -134.32904052734375 630.576416015625 -152.0
v -134.32904052734375 630.576416015625 152.0
v -155.63381958007812 664.4896240234375 -152.0
v -155.63381958007812 664.4896240234375 152.0
v -132.6907501220703 631.7235107421875 152.0
v -132.6907501220703 631.7235107421875 -152.0
v -166.57846069335938 634.41943359375 -152.0
v -143.6353759765625 601.6533203125 -152.0
v -145.273681640625 600.5062255859375 -152.0
v -168.21673583984375 633.2723388671875 -152.0
v -143.6353759765625 601.6533203125 152.0
v -166.57846069335938 634.41943359375 152.0
v -168.21673583984375 633.2723388671875 152.0
v -145.273681640625 600.5062255859375 152.0
v -143.6353759765625 601.6533203125 152.0
v -145.273681640625 600.5062255859375 152.0
v -145.273681640625 600.5062255859375 -152.0
v -143.6353759765625 601.6533203125 -152.0
v -168.21673583984375 633.2723388671875 152.0
v -166.57846069335938 634.41943359375 152.0
v -166.57846069335938 634.41943359375 -152.0
v -168.21673583984375 633.2723388671875 -152.0
v -168.21673583984375 633.2723388671875 152.0
v -168.21673583984375 633.2723388671875 -152.0
v -145.273681640625 600.5062255859375 -152.0
v -145.273681640625 600.5062255859375 152.0
v -166.57846069335938 634.41943359375 -152.0
v -166.57846069335938 634.41943359375 152.0
v -143.6353759765625 601.6533203125 152.0
v -143.6353759765625 601.6533203125 -152.0
v -177.5231170654297 604.3493041992188 -152.0
v -154.5800323486328 571.5831909179688 -152.0
v -156.2183380126953 570.4360961914062 -152.0
v -179.1614227294922 603.2022094726562 -152.0
v -154.5800323486328 571.5831909179688 152.0
v -177.5231170654297 604.3493041992188 152.0
v -179.1614227294922 603.2022094726562 152.0
v -156.2183380126953 570.4360961914062 152.0
v -154.5800323486328 571.5831909179688 152.0
v -156.2183380126953 570.4360961914062 152.0
v -156.2183380126953 570.4360961914062 -152.0
v -154.5800323486328 571.5831909179688 -152.0
v -179.1614227294922 603.2022094726562 152.0
v -177.5231170654297 604.3493041992188 152.0
v -177.5231170654297 604.3493041992188 -152.0
v -179.1614227294922 603.2022094726562 -152.0
v -179.1614227294922 603.2022094726562 152.0
v -179.1614227294922 603.2022094726562 -152.0
v -156.2183380126953 570.4360961914062 -152.0
v -156.2183380126953 570.4360961914062 152.0
v -177.5231170654297 604.3493041992188 -152.0
v -177.5231170654297 604.3493041992188 152.0
v -154.5800323486328 571.5831909179688 152.0
v -154.5800323486328 571.5831909179688 -152.0
v -188.46775817871094 574.2791748046875 -152.0
v -165.52468872070312 541.5130615234375 -152.0
v -167.16297912597656 540.365966796875 -152.0
v -190.10604858398438 573.132080078125 -152.0
v -165.52468872070312 541.5130615234375 152.0
v -188.46775817871094 574.2791748046875 152.0
v -190.10604858398438 573.132080078125 152.0
v -167.16297912597656 540.365966796875 152.0
v -165.52468872070312 541.5130615234375 152.0
v -167.16297912597656 540.365966796875 152.0
v -167.16297912597656 540.365966796875 -152.0
v -165.52468872070312 541.5130615234375 -152.0
v -190.10604858398438 573.132080078125 152.0
v -188.46775817871094 574.2791748046875 152.0
v -188.46775817871094 574.2791748046875 -152.0
v -190.10604858398438 573.132080078125 -152.0
v -190.10604858398438 573.132080078125 152.0
v -190.10604858398438 573.132080078125 -152.0
v -167.16297912597656 540.365966796875 -152.0
v -167.16297912597656 540.365966796875 152.0
v -188.46775817871094 574.2791748046875 -152.0
v -188.46775817871094 574.2791748046875 152.0
v -165.52468872070312 541.5130615234375 152.0
v -165.52468872070312 541.5130615234375 -152.0
v -199.4123992919922 544.208984375 -152.0
v -176.4693145751953 511.4428405761719 -152.0
v -178.1076202392578 510.2957763671875 -152.0
v -201.0507049560547 543.0618896484375 -152.0
v -176.4693145751953 511.4428405761719 152.0
v -199.4123992919922 544.208984375 152.0
v -201.0507049560547 543.0618896484375 152.0
v -178.1076202392578 510.2957763671875 152.0
v -176.4693145751953 511.4428405761719 152.0
v -178.1076202392578 510.2957763671875 152.0
v -178.1076202392578 510.2957763671875 -152.0
v -176.4693145751953 511.4428405761719 -152.0
v -201.0507049560547 543.0618896484375 152.0
v -199.4123992919922 544.208984375 152.0
v -199.4123992919922 544.208984375 -152.0
v -201.0507049560547 543.0618896484375 -152.0
v -201.0507049560547 543.0618896484375 152.0
v -201.0507049560547 543.0618896484375 -152.0
v -178.1076202392578 510.2957763671875 -152.0
v -178.1076202392578 510.2957763671875 152.0
v -199.4123992919922 544.208984375 -152.0
v -199.4123992919922 544.208984375 152.0
v -176.4693145751953 511.4428405761719 152.0
v -176.4693145751953 511.4428405761719 -152.0
v -210.35704040527344 514.1387939453125 -152.0
v -187.41395568847656 481.3727111816406 -152.0
v -189.05226135253906 480.22564697265625 -152.0
v -211.99534606933594 512.99169921875 -152.0
v -187.41395568847656 481.3727111816406 152.0
v -210.35704040527344 514.1387939453125 152.0
v -211.99534606933594 512.99169921875 152.0
v -189.05226135253906 480.22564697265625 152.0
v -187.41395568847656 481.3727111816406 152.0
v -189.05226135253906 480.22564697265625 152.0
v -189.05226135253906 480.22564697265625 -152.0
v -187.41395568847656 481.3727111816406 -152.0
v -211.99534606933594 512.99169921875 152.0
v -210.35704040527344 514.1387939453125 152.0
v -210.35704040527344 514.1387939453125 -152.0
v -211.99534606933594 512.99169921875 -152.0
v -211.99534606933594 512.99169921875 152.0
v -211.99534606933594 512.99169921875 -152.0
v -189.05226135253906 480.22564697265625 -152.0
v -189.05226135253906 480.22564697265625 152.0
v -210.35704040527344 514.1387939453125 -152.0
v -210.35704040527344 514.1387939453125 152.0
v -187.41395568847656 481.3727111816406 152.0
v -187.41395568847656 481.3727111816406 -152.0
v -221.3016815185547 484.0686340332031 -152.0
v -198.35861206054688 451.30255126953125 -152.0
v -199.9969024658203 450.1554870605469 -152.0
v -222.93997192382812 482.92156982421875 -152.0
v -198.35861206054688 451.30255126953125 152.0
v -221.3016815185547 484.0686340332031 152.0
v -222.93997192382812 482.92156982421875 152.0
v -199.9969024658203 450.1554870605469 152.0
v -198.35861206054688 451.30255126953125 152.0
v -199.9969024658203 450.1554870605469 152.0
v -199.9969024658203 450.1554870605469 -152.0
v -198.35861206054688 451.30255126953125 -152.0
v -222.93997192382812 482.92156982421875 152.0
v -221.3016815185547 484.0686340332031 152.0
v -221.3016815185547 484.0686340332031 -152.0
v -222.93997192382812 482.92156982421875 -152.0
v -222.93997192382812 482.92156982421875 152.0
v -222.93997192382812 482.92156982421875 -152.0
v -199.9969024658203 450.1554870605469 -152.0
v -199.9969024658203 450.1554870605469 152.0
v -221.3016815185547 484.0686340332031 -152.0
v -221.3016815185547 484.0686340332031 152.0
v -198.35861206054688 451.30255126953125 152.0
v -198.35861206054688 451.30255126953125 -152.0
v -232.246337890625 453.99847412109375 -152.0
v -209.30325317382812 421.2323913574219 -152.0
v -210.94155883789062 420.0853271484375 -152.0
v -233.8846435546875 452.8514099121094 -152.0
v -209.30325317382812 421.2323913574219 152.0
v -232.246337890625 453.99847412109375 152.0
v -233.8846435546875 452.8514099121094 152.0
v -210.94155883789062 420.0853271484375 152.0
v -209.30325317382812 421.2323913574219 152.0
v -210.94155883789062 420.0853271484375 152.0
v -210.94155883789062 420.0853271484375 -152.0
v -209.30325317382812 421.2323913574219 -152.0
v -233.8846435546875 452.8514099121094 152.0
v -232.246337890625 453.99847412109375 152.0
v -232.246337890625 453.99847412109375 -152.0
v -233.8846435546875 452.8514099121094 -152.0
v -233.8846435546875 452.8514099121094 152.0
v -233.8846435546875 452.8514099121094 -152.0
v -210.94155883789062 420.0853271484375 -152.0
v -210.94155883789062 420.0853271484375 152.0
v -232.246337890625 453.99847412109375 -152.0
v -232.246337890625 453.99847412109375 152.0
v -209.30325317382812 421.2323913574219 152.0
v -209.30325317382812 421.2323913574219 -152.0
v -243.19097900390625 423.92828369140625 -152.0
v -220.24790954589844 391.1622009277344 -152.0
v -221.88619995117188 390.01513671875 -152.0
v -244.82928466796875 422.7812194824219 -152.0
v -220.24790954589844 391.1622009277344 152.0
v -243.19097900390625 423.92828369140625 152.0
v -244.82928466796875 422.7812194824219 152.0
v -221.88619995117188 390.01513671875 152.0
v -220.24790954589844 391.1622009277344 152.0
v -221.88619995117188 390.01513671875 152.0
v -221.88619995117188 390.01513671875 -152.0
v -220.24790954589844 391.1622009277344 -152.0
v -244.82928466796875 422.7812194824219 152.0
v -243.19097900390625 423.92828369140625 152.0
v -243.19097900390625 423.92828369140625 -152.0
v -244.82928466796875 422.7812194824219 -152.0
v -244.82928466796875 422.7812194824219 152.0
v -244.82928466796875 422.7812194824219 -152.0
v -221.88619995117188 390.01513671875 -152.0
v -221.88619995117188 390.01513671875 152.0
v -243.19097900390625 423.92828369140625 -152.0
v -243.19097900390625 423.92828369140625 152.0
v -220.24790954589844 391.1622009277344 152.0
v -220.24790954589844 391.1622009277344 -152.0
v 225.0 511.0 192.0
v 223.0 511.0 192.0
v 223.0 511.0 96.0
v 225.0 511.0 96.0
v 223.0 639.0 192.0
v 225.0 639.0 192.0
v 225.0 639.0 96.0
v 223.0 639.0 96.0
v 223.0 639.0 192.0
v 223.0 639.0 96.0
v 223.0 511.0 96.0
v 223.0 511.0 192.0
v 225.0 639.0 96.0
v 225.0 639.0 192.0
v 225.0 511.0 192.0
v 225.0 511.0 96.0
v 225.0 639.0 96.0
v 225.0 511.0 96.0
v 223.0 511.0 96.0
v 223.0 639.0 96.0
v 225.0 511.0 192.0
v 225.0 639.0 192.0
v 223.0 639.0 192.0
v 223.0 511.0 192.0
v 225.0 511.0 -96.0
v 223.0 511.0 -96.0
v 223.0 511.0 -192.0
v 225.0 511.0 -192.0
v 223.0 639.0 -96.0
v 225.0 639.0 -96.0
v 225.0 639.0 -192.0
v 223.0 639.0 -192.0
v 223.0 639.0 -96.0
v 223.0 639.0 -192.0
v 223.0 511.0 -192.0
v 223.0 511.0 -96.0
v 225.0 639.0 -192.0
v 225.0 639.0 -96.0
v 225.0 511.0 -96.0
v 225.0 511.0 -192.0
v 225.0 639.0 -192.0
v 225.0 511.0 -192.0
v 223.0 511.0 -192.0
v 223.0 639.0 -192.0
v 225.0 511.0 -96.0
v 225.0 639.0 -96.0
v 223.0 639.0 -96.0
v 223.0 511.0 -96.0
v 225.0 511.0 48.0
v 223.0 511.0 48.0
v 223.0 511.0 -48.0
v 225.0 511.0 -48.0
v 223.0 639.0 48.0
v 225.0 639.0 48.0
v 225.0 639.0 -48.0
v 223.0 639.0 -48.0
v 223.0 639.0 48.0
v 223.0 639.0 -48.0
v 223.0 511.0 -48.0
v 223.0 511.0 48.0
v 225.0 639.0 -48.0
v 225.0 639.0 48.0
v 225.0 511.0 48.0
v 225.0 511.0 -48.0
v 225.0 639.0 -48.0
v 225.0 511.0 -48.0
v 223.0 511.0 -48.0
v 223.0 639.0 -48.0
v 225.0 511.0 48.0
v 225.0 639.0 48.0
v 223.0 639.0 48.0
v 223.0 511.0 48.0
v 63.99999237060547 511.0 993.0
v 63.99999237060547 511.0 991.0
v 160.0 511.0 991.0
v 160.0 511.0 993.0
v 63.99999237060547 639.0 991.0
v 63.99999237060547 639.0 993.0
v 160.0 639.0 993.0
v 160.0 639.0 991.0
v 63.99999237060547 639.0 991.0
v 160.0 639.0 991.0
v 160.0 511.0 991.0
v 63.99999237060547 511.0 991.0
v 160.0 639.0 993.0
v 63.99999237060547 639.0 993.0
v 63.99999237060547 511.0 993.0
v 160.0 511.0 993.0
v 160.0 639.0 993.0
v 160.0 511.0 993.0
v 160.0 511.0 991.0
v 160.0 639.0 991.0
v 63.99999237060547 511.0 993.0
v 63.99999237060547 639.0 993.0
v 63.99999237060547 639.0 991.0
v 63.99999237060547 511.0 991.0
v -160.0 511.0 993.0
v -160.0 511.0 991.0
v -64.0 511.0 991.0
v -64.0 511.0 993.0
v -160.0 639.0 991.0
v -160.0 639.0 993.0
v -64.0 639.0 993.0
v -64.0 639.0 991.0
v -160.0 639.0 991.0
v -64.0 639.0 991.0
v -64.0 511.0 991.0
v -160.0 511.0 991.0
v -64.0 639.0 993.0
v -160.0 639.0 993.0
v -160.0 511.0 993.0
v -64.0 511.0 993.0
v -64.0 639.0 993.0
v -64.0 511.0 993.0
v -64.0 511.0 991.0
v -64.0 639.0 991.0
v -160.0 511.0 993.0
v -160.0 639.0 993.0
v -160.0 639.0 991.0
v -160.0 511.0 991.0
v -64.0 511.0 -993.0
v -64.0 511.0 -991.0
v -160.0 511.0 -991.0
v -160.0 511.0 -993.0
v -64.0 639.0 -991.0
v -64.0 639.0 -993.0
v -160.0 639.0 -993.0
v -160.0 639.0 -991.0
v -64.0 639.0 -991.0
v -160.0 639.0 -991.0
v -160.0 511.0 -991.0
v -64.0 511.0 -991.0
v -160.0 639.0 -993.0
v -64.0 639.0 -993.0
v -64.0 511.0 -993.0
v -160.0 511.0 -993.0
v -160.0 639.0 -993.0
v -160.0 511.0 -993.0
v -160.0 511.0 -991.0
v -160.0 639.0 -991.0
v -64.0 511.0 -993.0
v -64.0 639.0 -993.0
v -64.0 639.0 -991.0
v -64.0 511.0 -991.0
v 160.0 511.0 -993.0
v 160.0 511.0 -991.0
v 64.0 511.0 -991.0
v 64.0 511.0 -993.0
v 160.0 639.0 -991.0
v 160.0 639.0 -993.0
v 64.0 639.0 -993.0
v 64.0 639.0 -991.0
v 160.0 639.0 -991.0
v 64.0 639.0 -991.0
v 64.0 511.0 -991.0
v 160.0 511.0 -991.0
v 64.0 639.0 -993.0
v 160.0 639.0 -993.0
v 160.0 511.0 -993.0
v 64.0 511.0 -993.0
v 64.0 639.0 -993.0
v 64.0 511.0 -993.0
v 64.0 511.0 -991.0
v 64.0 639.0 -991.0
v 160.0 511.0 -993.0
v 160.0 639.0 -993.0
v 160.0 639.0 -991.0
v 160.0 511.0 -991.0
vt 0.4287000000476837 0.3658999800682068
vt 0.7006000280380249 0.5255999863147736
vt 0.3950999975204468 0.4388999938964844
vt 0.47530001401901245 0.301800012588501
vt 0.5430999994277954 0.25349998474121094
vt 0.6159999966621399 0.22049999237060547
vt 0.6991999745368958 0.20999997854232788
vt 0.7786999940872192 0.21929997205734253
vt 0.8539999723434448 0.24839997291564941
vt 0.4287000000476837 0.3658999800682068
vt 0.47530001401901245 0.301800012588501
vt 0.5430999994277954 0.25349998474121094
vt 0.6159999966621399 0.22049999237060547
vt 0.6991999745368958 0.20999997854232788
vt 0.7786999940872192 0.21929997205734253
vt 0.6516000032424927 0.9126999974250793
vt 0.6983000040054321 0.8484999984502792
vt 0.6854000091552734 0.8881999999284744
vt 0.6100000143051147 0.9126999974250793
vt 0.517799973487854 0.2085999846458435
vt 0.45190000534057617 0.013300001621246338
vt 0.49619999527931213 0.007899999618530273
vt 0.4781999886035919 0.21450001001358032
vt 0.5555999875068665 0.20560002326965332
vt 0.542900025844574 0.003899991512298584
vt 0.5954999923706055 0.2031000256538391
vt 0.5889999866485596 0.003300011157989502
vt 0.6353999972343445 0.2031000256538391
vt 0.6351000070571899 0.002499997615814209
vt 0.8197000026702881 0.013100028038024902
vt 0.7522000074386597 0.20910000801086426
vt 0.7728000283241272 0.0070999860763549805
vt 0.7921000123023987 0.21450001001358032
vt 0.7128000259399414 0.205299973487854
vt 0.7282000184059143 0.003300011157989502
vt 0.6740000247955322 0.20340001583099365
vt 0.6807000041007996 0.0023000240325927734
vt 0.40709999203681946 0.019299983978271484
vt 0.43959999084472656 0.21960002183914185
vt 0.8575000166893005 0.019800007343292236
vt 0.8305000066757202 0.21960002183914185
vt 0.3052999973297119 0.7796999961137772
vt 0.4327000081539154 0.8008999973535538
vt 0.3407000005245209 0.7245000004768372
vt 0.40799999237060547 0.8509999960660934
vt 0.19349999725818634 0.8263999968767166
vt 0.28459998965263367 0.9121999964118004
vt 0.2851000130176544 0.8464999943971634
vt 0.19189999997615814 0.9059000015258789
vt 0.22020000219345093 0.7455999851226807
vt 0.26600000262260437 0.6712999939918518
vt 0.4668999910354614 0.7597000002861023
vt 0.3790000081062317 0.6760999858379364
vt 0.3181999921798706 0.6024999916553497
vt 0.3882000148296356 0.553600013256073
vt 0.4361000061035156 0.6365000009536743
vt 0.47540000081062317 0.5228999853134155
vt 0.49639999866485596 0.6168999969959259
vt 0.5698000192642212 0.7278999984264374
vt 0.5595999956130981 0.607699990272522
vt 0.51910001039505 0.7362000048160553
vt 0.7346000075340271 0.5437000095844269
vt 0.6294999718666077 0.6123999953269958
vt 0.6898000240325928 0.6331999897956848
vt 0.6442000269889832 0.5148000121116638
vt 0.5595999956130981 0.5090999901294708
vt 0.8270000219345093 0.9143999963998795
vt 0.7070000171661377 0.8463000059127808
vt 0.7096999883651733 0.8902999982237816
vt 0.826200008392334 0.8522000014781952
vt 0.9257000088691711 0.9130000025033951
vt 0.9236999750137329 0.8364000022411346
vt 0.8129000067710876 0.7886999994516373
vt 0.9061999917030334 0.7549999952316284
vt 0.7871999740600586 0.727400004863739
vt 0.8686000108718872 0.6764000058174133
vt 0.6557000279426575 0.7569999992847443
vt 0.6171000003814697 0.7330999970436096
vt 0.7445999979972839 0.674699991941452
vt 0.8133999705314636 0.6040999889373779
vt 0.8579000234603882 0.31540000438690186
vt 0.847599983215332 0.3051999807357788
vt 0.847599983215332 0.31540000438690186
vt 0.8579000234603882 0.3051999807357788
vt 0.8267999887466431 0.31540000438690186
vt 0.8371999859809875 0.3554999828338623
vt 0.8371999859809875 0.31540000438690186
vt 0.8267999887466431 0.3554999828338623
vt 0.847599983215332 0.3554999828338623
vt 0.847599983215332 0.31540000438690186
vt 0.8579000234603882 0.31540000438690186
vt 0.8683000206947327 0.3554999828338623
vt 0.8683000206947327 0.31540000438690186
vt 0.8579000234603882 0.3554999828338623
vt 0.33329999446868896 0.3352000117301941
vt 0.3260999917984009 0.25550001859664917
vt 0.3003000020980835 0.24790000915527344
vt 0.3659000098705292 0.34530001878738403
vt 0.35370001196861267 0.26099997758865356
vt 0.3815000057220459 0.2621999979019165
vt 0.39649999141693115 0.3440999984741211
vt 0.4083999991416931 0.26010000705718994
vt 0.4366999864578247 0.2541999816894531
vt 0.42829999327659607 0.3335000276565552
vt 0.46299999952316284 0.24409997463226318
vt 0.33869999647140503 0.20920002460479736
vt 0.33219999074935913 0.18459999561309814
vt 0.35670000314712524 0.2271999716758728
vt 0.3813000023365021 0.23430001735687256
vt 0.40630000829696655 0.22670000791549683
vt 0.423799991607666 0.20920002460479736
vt 0.44179999828338623 0.22829997539520264
vt 0.33329999446868896 0.3352000117301941
vt 0.3260999917984009 0.25550001859664917
vt 0.3003000020980835 0.24790000915527344
vt 0.3659000098705292 0.34530001878738403
vt 0.35370001196861267 0.26099997758865356
vt 0.3815000057220459 0.2621999979019165
vt 0.39649999141693115 0.3440999984741211
vt 0.4083999991416931 0.26010000705718994
vt 0.4366999864578247 0.2541999816894531
vt 0.42829999327659607 0.3335000276565552
vt 0.46299999952316284 0.24409997463226318
vt 0.33869999647140503 0.20920002460479736
vt 0.33219999074935913 0.18459999561309814
vt 0.35670000314712524 0.2271999716758728
vt 0.3813000023365021 0.23430001735687256
vt 0.40630000829696655 0.22670000791549683
vt 0.423799991607666 0.20920002460479736
vt 0.44179999828338623 0.22829997539520264
vt 0.4058000147342682 0.17079997062683105
vt 0.430400013923645 0.18459999561309814
vt 0.423799991607666 0.16009998321533203
vt 0.40959998965263367 0.1850000023841858
vt 0.3955000042915344 0.16039997339248657
vt 0.4058000147342682 0.14209997653961182
vt 0.3813000023365021 0.1565999984741211
vt 0.3813000023365021 0.1355000138282776
vt 0.3671000003814697 0.16039997339248657
vt 0.35670000314712524 0.14209997653961182
vt 0.35670000314712524 0.17079997062683105
vt 0.33869999647140503 0.16009998321533203
vt 0.3528999984264374 0.1850000023841858
vt 0.35670000314712524 0.19919997453689575
vt 0.3671000003814697 0.20959997177124023
vt 0.3813000023365021 0.2134000062942505
vt 0.3955000042915344 0.20959997177124023
vt 0.4058000147342682 0.19919997453689575
vt 0.3813000023365021 0.1851000189781189
vt 0.4049000144004822 0.8968999981880188
vt 0.4361000061035156 0.6365000009536743
vt 0.6294999718666077 0.6123999953269958
vt 0.6894000172615051 0.7960000038146973
vt 0.6100000143051147 0.784400001168251
vt 0.5633000135421753 0.8484999984502792
vt 0.576200008392334 0.808899998664856
vt 0.6516000032424927 0.784400001168251
vt 0.576200008392334 0.8881999999284744
vt 0.6854000091552734 0.808899998664856
vt 0.4287000000476837 0.3658999800682068
vt 0.7006000280380249 0.5255999863147736
vt 0.3950999975204468 0.4388999938964844
vt 0.47530001401901245 0.301800012588501
vt 0.5430999994277954 0.25349998474121094
vt 0.6159999966621399 0.22049999237060547
vt 0.6991999745368958 0.20999997854232788
vt 0.7786999940872192 0.21929997205734253
vt 0.8539999723434448 0.24839997291564941
vt 0.4287000000476837 0.3658999800682068
vt 0.47530001401901245 0.301800012588501
vt 0.5430999994277954 0.25349998474121094
vt 0.6159999966621399 0.22049999237060547
vt 0.6991999745368958 0.20999997854232788
vt 0.7786999940872192 0.21929997205734253
vt 0.6516000032424927 0.9126999974250793
vt 0.6983000040054321 0.8484999984502792
vt 0.6854000091552734 0.8881999999284744
vt 0.6100000143051147 0.9126999974250793
vt 0.517799973487854 0.2085999846458435
vt 0.45190000534057617 0.013300001621246338
vt 0.49619999527931213 0.007899999618530273
vt 0.4781999886035919 0.21450001001358032
vt 0.5555999875068665 0.20560002326965332
vt 0.542900025844574 0.003899991512298584
vt 0.5954999923706055 0.2031000256538391
vt 0.5889999866485596 0.003300011157989502
vt 0.6353999972343445 0.2031000256538391
vt 0.6351000070571899 0.002499997615814209
vt 0.8197000026702881 0.013100028038024902
vt 0.7522000074386597 0.20910000801086426
vt 0.7728000283241272 0.0070999860763549805
vt 0.7921000123023987 0.21450001001358032
vt 0.7128000259399414 0.205299973487854
vt 0.7282000184059143 0.003300011157989502
vt 0.6740000247955322 0.20340001583099365
vt 0.6807000041007996 0.0023000240325927734
vt 0.40709999203681946 0.019299983978271484
vt 0.43959999084472656 0.21960002183914185
vt 0.8575000166893005 0.019800007343292236
vt 0.8305000066757202 0.21960002183914185
vt 0.3052999973297119 0.7796999961137772
vt 0.4327000081539154 0.8008999973535538
vt 0.3407000005245209 0.7245000004768372
vt 0.40799999237060547 0.8509999960660934
vt 0.19349999725818634 0.8263999968767166
vt 0.28459998965263367 0.9121999964118004
vt 0.2851000130176544 0.8464999943971634
vt 0.19189999997615814 0.9059000015258789
vt 0.22020000219345093 0.7455999851226807
vt 0.26600000262260437 0.6712999939918518
vt 0.4668999910354614 0.7597000002861023
vt 0.3790000081062317 0.6760999858379364
vt 0.3181999921798706 0.6024999916553497
vt 0.3882000148296356 0.553600013256073
vt 0.4361000061035156 0.6365000009536743
vt 0.47540000081062317 0.5228999853134155
vt 0.49639999866485596 0.6168999969959259
vt 0.5698000192642212 0.7278999984264374
vt 0.5595999956130981 0.607699990272522
vt 0.51910001039505 0.7362000048160553
vt 0.7346000075340271 0.5437000095844269
vt 0.6294999718666077 0.6123999953269958
vt 0.6898000240325928 0.6331999897956848
vt 0.6442000269889832 0.5148000121116638
vt 0.5595999956130981 0.5090999901294708
vt 0.8270000219345093 0.9143999963998795
vt 0.7070000171661377 0.8463000059127808
vt 0.7096999883651733 0.8902999982237816
vt 0.826200008392334 0.8522000014781952
vt 0.9257000088691711 0.9130000025033951
vt 0.9236999750137329 0.8364000022411346
vt 0.8129000067710876 0.7886999994516373
vt 0.9061999917030334 0.7549999952316284
vt 0.7871999740600586 0.727400004863739
vt 0.8686000108718872 0.6764000058174133
vt 0.6557000279426575 0.7569999992847443
vt 0.6171000003814697 0.7330999970436096
vt 0.7445999979972839 0.674699991941452
vt 0.8133999705314636 0.6040999889373779
vt 0.8579000234603882 0.31540000438690186
vt 0.847599983215332 0.3051999807357788
vt 0.847599983215332 0.31540000438690186
vt 0.8579000234603882 0.3051999807357788
vt 0.8267999887466431 0.31540000438690186
vt 0.8371999859809875 0.3554999828338623
vt 0.8371999859809875 0.31540000438690186
vt 0.8267999887466431 0.3554999828338623
vt 0.847599983215332 0.3554999828338623
vt 0.847599983215332 0.31540000438690186
vt 0.8579000234603882 0.31540000438690186
vt 0.8683000206947327 0.3554999828338623
vt 0.8683000206947327 0.31540000438690186
vt 0.8579000234603882 0.3554999828338623
vt 0.33329999446868896 0.3352000117301941
vt 0.3260999917984009 0.25550001859664917
vt 0.3003000020980835 0.24790000915527344
vt 0.3659000098705292 0.34530001878738403
vt 0.35370001196861267 0.26099997758865356
vt 0.3815000057220459 0.2621999979019165
vt 0.39649999141693115 0.3440999984741211
vt 0.4083999991416931 0.26010000705718994
vt 0.4366999864578247 0.2541999816894531
vt 0.42829999327659607 0.3335000276565552
vt 0.46299999952316284 0.24409997463226318
vt 0.33869999647140503 0.20920002460479736
vt 0.33219999074935913 0.18459999561309814
vt 0.35670000314712524 0.2271999716758728
vt 0.3813000023365021 0.23430001735687256
vt 0.40630000829696655 0.22670000791549683
vt 0.423799991607666 0.20920002460479736
vt 0.44179999828338623 0.22829997539520264
vt 0.33329999446868896 0.3352000117301941
vt 0.3260999917984009 0.25550001859664917
vt 0.3003000020980835 0.24790000915527344
vt 0.3659000098705292 0.34530001878738403
vt 0.35370001196861267 0.26099997758865356
vt 0.3815000057220459 0.2621999979019165
vt 0.39649999141693115 0.3440999984741211
vt 0.4083999991416931 0.26010000705718994
vt 0.4366999864578247 0.2541999816894531
vt 0.42829999327659607 0.3335000276565552
vt 0.46299999952316284 0.24409997463226318
vt 0.33869999647140503 0.20920002460479736
vt 0.33219999074935913 0.18459999561309814
vt 0.35670000314712524 0.2271999716758728
vt 0.3813000023365021 0.23430001735687256
vt 0.40630000829696655 0.22670000791549683
vt 0.423799991607666 0.20920002460479736
vt 0.44179999828338623 0.22829997539520264
vt 0.4058000147342682 0.17079997062683105
vt 0.430400013923645 0.18459999561309814
vt 0.423799991607666 0.16009998321533203
vt 0.40959998965263367 0.1850000023841858
vt 0.3955000042915344 0.16039997339248657
vt 0.4058000147342682 0.14209997653961182
vt 0.3813000023365021 0.1565999984741211
vt 0.3813000023365021 0.1355000138282776
vt 0.3671000003814697 0.16039997339248657
vt 0.35670000314712524 0.14209997653961182
vt 0.35670000314712524 0.17079997062683105
vt 0.33869999647140503 0.16009998321533203
vt 0.3528999984264374 0.1850000023841858
vt 0.35670000314712524 0.19919997453689575
vt 0.3671000003814697 0.20959997177124023
vt 0.3813000023365021 0.2134000062942505
vt 0.3955000042915344 0.20959997177124023
vt 0.4058000147342682 0.19919997453689575
vt 0.3813000023365021 0.1851000189781189
vt 0.4049000144004822 0.8968999981880188
vt 0.4361000061035156 0.6365000009536743
vt 0.6294999718666077 0.6123999953269958
vt 0.6894000172615051 0.7960000038146973
vt 0.6100000143051147 0.784400001168251
vt 0.5633000135421753 0.8484999984502792
vt 0.576200008392334 0.808899998664856
vt 0.6516000032424927 0.784400001168251
vt 0.576200008392334 0.8881999999284744
vt 0.6854000091552734 0.808899998664856
vt 0.4287000000476837 0.3658999800682068
vt 0.7006000280380249 0.5255999863147736
vt 0.3950999975204468 0.4388999938964844
vt 0.47530001401901245 0.301800012588501
vt 0.5430999994277954 0.25349998474121094
vt 0.6159999966621399 0.22049999237060547
vt 0.6991999745368958 0.20999997854232788
vt 0.7786999940872192 0.21929997205734253
vt 0.8539999723434448 0.24839997291564941
vt 0.4287000000476837 0.3658999800682068
vt 0.47530001401901245 0.301800012588501
vt 0.5430999994277954 0.25349998474121094
vt 0.6159999966621399 0.22049999237060547
vt 0.6991999745368958 0.20999997854232788
vt 0.7786999940872192 0.21929997205734253
vt 0.6516000032424927 0.9126999974250793
vt 0.6983000040054321 0.8484999984502792
vt 0.6854000091552734 0.8881999999284744
vt 0.6100000143051147 0.9126999974250793
vt 0.517799973487854 0.2085999846458435
vt 0.45190000534057617 0.013300001621246338
vt 0.49619999527931213 0.007899999618530273
vt 0.4781999886035919 0.21450001001358032
vt 0.5555999875068665 0.20560002326965332
vt 0.542900025844574 0.003899991512298584
vt 0.5954999923706055 0.2031000256538391
vt 0.5889999866485596 0.003300011157989502
vt 0.6353999972343445 0.2031000256538391
vt 0.6351000070571899 0.002499997615814209
vt 0.8197000026702881 0.013100028038024902
vt 0.7522000074386597 0.20910000801086426
vt 0.7728000283241272 0.0070999860763549805
vt 0.7921000123023987 0.21450001001358032
vt 0.7128000259399414 0.205299973487854
vt 0.7282000184059143 0.003300011157989502
vt 0.6740000247955322 0.20340001583099365
vt 0.6807000041007996 0.0023000240325927734
vt 0.40709999203681946 0.019299983978271484
vt 0.43959999084472656 0.21960002183914185
vt 0.8575000166893005 0.019800007343292236
vt 0.8305000066757202 0.21960002183914185
vt 0.3052999973297119 0.7796999961137772
vt 0.4327000081539154 0.8008999973535538
vt 0.3407000005245209 0.7245000004768372
vt 0.40799999237060547 0.8509999960660934
vt 0.19349999725818634 0.8263999968767166
vt 0.28459998965263367 0.9121999964118004
vt 0.2851000130176544 0.8464999943971634
vt 0.19189999997615814 0.9059000015258789
vt 0.22020000219345093 0.7455999851226807
vt 0.26600000262260437 0.6712999939918518
vt 0.4668999910354614 0.7597000002861023
vt 0.3790000081062317 0.6760999858379364
vt 0.3181999921798706 0.6024999916553497
vt 0.3882000148296356 0.553600013256073
vt 0.4361000061035156 0.6365000009536743
vt 0.47540000081062317 0.5228999853134155
vt 0.49639999866485596 0.6168999969959259
vt 0.5698000192642212 0.7278999984264374
vt 0.5595999956130981 0.607699990272522
vt 0.51910001039505 0.7362000048160553
vt 0.7346000075340271 0.5437000095844269
vt 0.6294999718666077 0.6123999953269958
vt 0.6898000240325928 0.6331999897956848
vt 0.6442000269889832 0.5148000121116638
vt 0.5595999956130981 0.5090999901294708
vt 0.8270000219345093 0.9143999963998795
vt 0.7070000171661377 0.8463000059127808
vt 0.7096999883651733 0.8902999982237816
vt 0.826200008392334 0.8522000014781952
vt 0.9257000088691711 0.9130000025033951
vt 0.9236999750137329 0.8364000022411346
vt 0.8129000067710876 0.7886999994516373
vt 0.9061999917030334 0.7549999952316284
vt 0.7871999740600586 0.727400004863739
vt 0.8686000108718872 0.6764000058174133
vt 0.6557000279426575 0.7569999992847443
vt 0.6171000003814697 0.7330999970436096
vt 0.7445999979972839 0.674699991941452
vt 0.8133999705314636 0.6040999889373779
vt 0.8579000234603882 0.31540000438690186
vt 0.847599983215332 0.3051999807357788
vt 0.847599983215332 0.31540000438690186
vt 0.8579000234603882 0.3051999807357788
vt 0.8267999887466431 0.31540000438690186
vt 0.8371999859809875 0.3554999828338623
vt 0.8371999859809875 0.31540000438690186
vt 0.8267999887466431 0.3554999828338623
vt 0.847599983215332 0.3554999828338623
vt 0.847599983215332 0.31540000438690186
vt 0.8579000234603882 0.31540000438690186
vt 0.8683000206947327 0.3554999828338623
vt 0.8683000206947327 0.31540000438690186
vt 0.8579000234603882 0.3554999828338623
vt 0.33329999446868896 0.3352000117301941
vt 0.3260999917984009 0.25550001859664917
vt 0.3003000020980835 0.24790000915527344
vt 0.3659000098705292 0.34530001878738403
vt 0.35370001196861267 0.26099997758865356
vt 0.3815000057220459 0.2621999979019165
vt 0.39649999141693115 0.3440999984741211
vt 0.4083999991416931 0.26010000705718994
vt 0.4366999864578247 0.2541999816894531
vt 0.42829999327659607 0.3335000276565552
vt 0.46299999952316284 0.24409997463226318
vt 0.33869999647140503 0.20920002460479736
vt 0.33219999074935913 0.18459999561309814
vt 0.35670000314712524 0.2271999716758728
vt 0.3813000023365021 0.23430001735687256
vt 0.40630000829696655 0.22670000791549683
vt 0.423799991607666 0.20920002460479736
vt 0.44179999828338623 0.22829997539520264
vt 0.33329999446868896 0.3352000117301941
vt 0.3260999917984009 0.25550001859664917
vt 0.3003000020980835 0.24790000915527344
vt 0.3659000098705292 0.34530001878738403
vt 0.35370001196861267 0.26099997758865356
vt 0.3815000057220459 0.2621999979019165
vt 0.39649999141693115 0.3440999984741211
vt 0.4083999991416931 0.26010000705718994
vt 0.4366999864578247 0.2541999816894531
vt 0.42829999327659607 0.3335000276565552
vt 0.46299999952316284 0.24409997463226318
vt 0.33869999647140503 0.20920002460479736
vt 0.33219999074935913 0.18459999561309814
vt 0.35670000314712524 0.2271999716758728
vt 0.3813000023365021 0.23430001735687256
vt 0.40630000829696655 0.22670000791549683
vt 0.423799991607666 0.20920002460479736
vt 0.44179999828338623 0.22829997539520264
vt 0.4058000147342682 0.17079997062683105
vt 0.430400013923645 0.18459999561309814
vt 0.423799991607666 0.16009998321533203
vt 0.40959998965263367 0.1850000023841858
vt 0.3955000042915344 0.16039997339248657
vt 0.4058000147342682 0.14209997653961182
vt 0.3813000023365021 0.1565999984741211
vt 0.3813000023365021 0.1355000138282776
vt 0.3671000003814697 0.16039997339248657
vt 0.35670000314712524 0.14209997653961182
vt 0.35670000314712524 0.17079997062683105
vt 0.33869999647140503 0.16009998321533203
vt 0.3528999984264374 0.1850000023841858
vt 0.35670000314712524 0.19919997453689575
vt 0.3671000003814697 0.20959997177124023
vt 0.3813000023365021 0.2134000062942505
vt 0.3955000042915344 0.20959997177124023
vt 0.4058000147342682 0.19919997453689575
vt 0.3813000023365021 0.1851000189781189
vt 0.4049000144004822 0.8968999981880188
vt 0.4361000061035156 0.6365000009536743
vt 0.6294999718666077 0.6123999953269958
vt 0.6894000172615051 0.7960000038146973
vt 0.6100000143051147 0.784400001168251
vt 0.5633000135421753 0.8484999984502792
vt 0.576200008392334 0.808899998664856
vt 0.6516000032424927 0.784400001168251
vt 0.576200008392334 0.8881999999284744
vt 0.6854000091552734 0.808899998664856
vt 4.0 1.0
vt -4.0 1.0
vt -4.0 0.99609375
vt 4.0 0.99609375
vt -4.0 1.0
vt 4.0 1.0
vt 4.0 0.99609375
vt -4.0 0.99609375
vt 1.125 1.0
vt 1.125 0.99609375
vt -1.0 0.99609375
vt -1.0 1.0
vt 1.125 0.99609375
vt 1.125 1.0
vt -1.0 1.0
vt -1.0 0.99609375
vt -1.0 5.0
vt 1.125 5.0
vt 1.125 -3.0
vt -1.0 -3.0
vt 4.0 2.50390625
vt 4.0 2.5
vt 1.625 2.5
vt 1.625 2.50390625
vt 4.0 2.5
vt 4.0 2.50390625
vt 1.625 2.50390625
vt 1.625 2.5
vt 4.0 5.0
vt 1.625 5.0
vt 1.625 -3.0
vt 4.0 -3.0
vt 4.0 2.50390625
vt -4.0 2.50390625
vt -4.0 2.5
vt 4.0 2.5
vt -4.0 2.50390625
vt 4.0 2.50390625
vt 4.0 2.5
vt -4.0 2.5
vt 2.816901445388794 1.8280149698257446
vt 2.7288732528686523 1.8280149698257446
vt 2.7288732528686523 1.9160431623458862
vt 2.816901445388794 1.9160431623458862
vt -0.7042253613471985 1.9160431623458862
vt 0.6216989755630493 1.9160431623458862
vt 0.6216989755630493 1.8280149698257446
vt -0.7042253613471985 1.8280149698257446
vt 0.6216989755630493 3.6766064167022705
vt 0.6216989755630493 3.764634609222412
vt -0.7042253613471985 3.764634609222412
vt -0.7042253613471985 3.6766064167022705
vt -0.7042253613471985 3.764634609222412
vt -0.7042253613471985 3.6766064167022705
vt -0.26408451795578003 3.6766064167022705
vt -0.26408451795578003 3.764634609222412
vt -0.26408451795578003 1.8280149698257446
vt -0.26408451795578003 0.9477332718670368
vt -0.7042253613471985 0.9477332718670368
vt -0.7042253613471985 1.8280149698257446
vt -0.7042253613471985 3.6766064167022705
vt -0.7042253613471985 3.764634609222412
vt -0.26408451795578003 3.764634609222412
vt -0.26408451795578003 3.6766064167022705
vt 2.7288732528686523 0.9477332718670368
vt 2.7288732528686523 1.8280149698257446
vt 2.816901445388794 1.8280149698257446
vt 2.816901445388794 0.9477332718670368
vt 0.7042253613471985 3.6766064167022705
vt 0.7042253613471985 3.764634609222412
vt 0.26408451795578003 3.764634609222412
vt 0.26408451795578003 3.6766064167022705
vt 0.7042253613471985 1.8280149698257446
vt 0.7042253613471985 0.9477332718670368
vt 0.26408451795578003 0.9477332718670368
vt 0.26408451795578003 1.8280149698257446
vt 0.7042253613471985 3.764634609222412
vt 0.7042253613471985 3.6766064167022705
vt 0.26408451795578003 3.6766064167022705
vt 0.26408451795578003 3.764634609222412
vt 2.816901445388794 0.9477332718670368
vt 2.816901445388794 1.8280149698257446
vt 2.7288732528686523 1.8280149698257446
vt 2.7288732528686523 0.9477332718670368
vt -0.6161995530128479 1.9160431623458862
vt -0.6161995530128479 0.9477332718670368
vt -0.8362675905227661 0.9477332718670368
vt -0.8362675905227661 1.9160431623458862
vt -0.6161995530128479 -0.8128300905227661
vt -0.616196870803833 3.0604093074798584
vt -0.8362675905227661 3.0604093074798584
vt -0.8362675905227661 -0.8128300905227661
vt -1.7605633735656738 0.9477332718670368
vt -1.7605633735656738 1.9160431623458862
vt 2.1126761436462402 1.9160431623458862
vt 2.1126761436462402 0.9477332718670368
vt -0.616196870803833 0.9477332718670368
vt -0.616196870803833 1.9160431623458862
vt -0.8362675905227661 1.9160431623458862
vt -0.8362675905227661 0.9477332718670368
vt -0.6161995530128479 -1.6931118965148926
vt -0.616196870803833 -1.164942979812622
vt -0.8362675905227661 -1.164942979812622
vt -0.8362675905227661 -1.6931118965148926
vt -2.6408450603485107 0.9477332718670368
vt -2.6408450603485107 1.9160431623458862
vt -2.1126761436462402 1.9160431623458862
vt -2.1126761436462402 0.9477332718670368
vt -0.616196870803833 0.9477332718670368
vt -0.616196870803833 1.9160431623458862
vt -0.8362675905227661 1.9160431623458862
vt -0.8362675905227661 0.9477332718670368
vt -0.6602127552032471 1.299845963716507
vt -0.6602127552032471 0.9477332718670368
vt -0.8362675905227661 0.9477332718670368
vt -0.8362675905227661 1.299845963716507
vt -0.6602127552032471 -1.1649425029754639
vt -0.6602112650871277 -0.8128300905227661
vt -0.8362675905227661 -0.8128300905227661
vt -0.8362675905227661 -1.1649425029754639
vt -2.112675666809082 0.9477332718670368
vt -2.112675666809082 1.299845963716507
vt -1.7605633735656738 1.299845963716507
vt -1.7605633735656738 0.9477332718670368
vt -0.6602112650871277 0.9477332718670368
vt -0.6602112650871277 1.299845963716507
vt -0.8362675905227661 1.299845963716507
vt -0.8362675905227661 0.9477332718670368
vt -0.8167071342468262 3.4675397872924805
vt -0.8167071342468262 2.059088945388794
vt -0.8362675905227661 2.059088945388794
vt -0.8362675905227661 3.4675397872924805
vt -0.8167071342468262 -0.5817558765411377
vt -0.8167057037353516 -0.2296435832977295
vt -0.8362675905227661 -0.2296435832977295
vt -0.8362675905227661 -0.5817558765411377
vt -0.8362675905227661 -0.5817558765411377
vt -0.8362675905227661 -0.2296435832977295
vt -0.8167057037353516 -0.2296435832977295
vt -0.8167071342468262 -0.5817558765411377
vt -2.112675666809082 2.059088945388794
vt -2.112675666809082 3.4675397872924805
vt -1.7605633735656738 3.4675397872924805
vt -1.7605633735656738 2.059088945388794
vt -0.8167057037353516 2.059088945388794
vt -0.8167057037353516 3.4675397872924805
vt -0.8362675905227661 3.4675397872924805
vt -0.8362675905227661 2.059088945388794
vt -0.8167059421539307 1.4759023189544678
vt -0.6602127552032471 1.299845963716507
vt -0.8362675905227661 1.299845963716507
vt -0.8362675905227661 1.4759023189544678
vt -0.6602127552032471 -1.1649425029754639
vt -0.6602112650871277 -0.8128300905227661
vt -0.8362675905227661 -0.8128300905227661
vt -0.8362675905227661 -1.1649425029754639
vt -0.8362675905227661 -1.1649425029754639
vt -0.8362675905227661 -0.8128300905227661
vt -0.8167059421539307 -0.8128300905227661
vt -0.8167059421539307 -1.1649425029754639
vt -2.112675666809082 1.299845963716507
vt -2.112675666809082 1.4759023189544678
vt -1.7605633735656738 1.4759023189544678
vt -1.7605633735656738 1.299845963716507
vt -0.6602112650871277 1.299845963716507
vt -0.8167059421539307 1.4759023189544678
vt -0.8362675905227661 1.4759023189544678
vt -0.8362675905227661 1.299845963716507
vt -0.6602127552032471 1.299845963716507
vt -0.6602127552032471 0.9477332718670368
vt -0.8362675905227661 0.9477332718670368
vt -0.8362675905227661 1.299845963716507
vt -0.6602127552032471 3.0604097843170166
vt -0.6602112650871277 3.412522077560425
vt -0.8362675905227661 3.412522077560425
vt -0.8362675905227661 3.0604097843170166
vt 2.1126766204833984 0.9477332718670368
vt 2.1126766204833984 1.299845963716507
vt 2.4647889137268066 1.299845963716507
vt 2.4647889137268066 0.9477332718670368
vt -0.6602112650871277 0.9477332718670368
vt -0.6602112650871277 1.299845963716507
vt -0.8362675905227661 1.299845963716507
vt -0.8362675905227661 0.9477332718670368
vt -0.8167071342468262 3.4675397872924805
vt -0.8167071342468262 2.059088945388794
vt -0.8362675905227661 2.059088945388794
vt -0.8362675905227661 3.4675397872924805
vt -0.8167071342468262 3.6435964107513428
vt -0.8167057037353516 3.995708703994751
vt -0.8362675905227661 3.995708703994751
vt -0.8362675905227661 3.6435964107513428
vt -0.8362675905227661 3.6435964107513428
vt -0.8362675905227661 3.995708703994751
vt -0.8167057037353516 3.995708703994751
vt -0.8167071342468262 3.6435964107513428
vt 2.1126766204833984 2.059088945388794
vt 2.1126766204833984 3.4675397872924805
vt 2.4647889137268066 3.4675397872924805
vt 2.4647889137268066 2.059088945388794
vt -0.8167057037353516 2.059088945388794
vt -0.8167057037353516 3.4675397872924805
vt -0.8362675905227661 3.4675397872924805
vt -0.8362675905227661 2.059088945388794
vt -0.8167059421539307 1.4759023189544678
vt -0.6602127552032471 1.299845963716507
vt -0.8362675905227661 1.299845963716507
vt -0.8362675905227661 1.4759023189544678
vt -0.6602127552032471 3.0604097843170166
vt -0.6602112650871277 3.412522077560425
vt -0.8362675905227661 3.412522077560425
vt -0.8362675905227661 3.0604097843170166
vt -0.8362675905227661 3.0604097843170166
vt -0.8362675905227661 3.412522077560425
vt -0.8167059421539307 3.412522077560425
vt -0.8167059421539307 3.0604097843170166
vt 2.1126766204833984 1.299845963716507
vt 2.1126766204833984 1.4759023189544678
vt 2.4647889137268066 1.4759023189544678
vt 2.4647889137268066 1.299845963716507
vt -0.6602112650871277 1.299845963716507
vt -0.8167059421539307 1.4759023189544678
vt -0.8362675905227661 1.4759023189544678
vt -0.8362675905227661 1.299845963716507
vt -0.6161995530128479 1.9160431623458862
vt -0.6161995530128479 0.9477332718670368
vt -0.8362675905227661 0.9477332718670368
vt -0.8362675905227661 1.9160431623458862
vt -0.6161995530128479 3.412522077560425
vt -0.616196870803833 3.8526628017425537
vt -0.8362675905227661 3.8526628017425537
vt -0.8362675905227661 3.412522077560425
vt 2.4647889137268066 0.9477332718670368
vt 2.4647889137268066 1.9160431623458862
vt 2.9049296379089355 1.9160431623458862
vt 2.9049296379089355 0.9477332718670368
vt -0.6161995530128479 3.002640962600708
vt -0.6161995530128479 2.03433096408844
vt -0.8362675905227661 2.03433096408844
vt -0.8362675905227661 3.002640962600708
vt -1.7605633735656738 2.03433096408844
vt -1.7605633735656738 3.002640962600708
vt -0.7042253613471985 3.002640962600708
vt -0.7042253613471985 2.03433096408844
vt -0.6161995530128479 -1.5748238563537598
vt -0.616196870803833 -1.0466551780700684
vt -0.8362675905227661 -1.0466551780700684
vt -0.8362675905227661 -1.5748238563537598
vt -2.6408450603485107 2.03433096408844
vt -2.6408450603485107 3.002640962600708
vt -2.1126761436462402 3.002640962600708
vt -2.1126761436462402 2.03433096408844
vt -0.616196870803833 2.03433096408844
vt -0.616196870803833 3.002640962600708
vt -0.8362675905227661 3.002640962600708
vt -0.8362675905227661 2.03433096408844
vt 1.0563380718231201 2.03433096408844
vt 1.0563380718231201 3.002640962600708
vt 2.1126761436462402 3.002640962600708
vt 2.1126761436462402 2.03433096408844
vt -0.616196870803833 2.03433096408844
vt -0.616196870803833 3.002640962600708
vt -0.8362675905227661 3.002640962600708
vt -0.8362675905227661 2.03433096408844
vt -0.6161995530128479 3.002640962600708
vt -0.6161995530128479 2.03433096408844
vt -0.8362675905227661 2.03433096408844
vt -0.8362675905227661 3.002640962600708
vt -0.6161995530128479 3.5308098793029785
vt -0.616196870803833 3.9709506034851074
vt -0.8362675905227661 3.9709506034851074
vt -0.8362675905227661 3.5308098793029785
vt 2.4647889137268066 2.03433096408844
vt 2.4647889137268066 3.002640962600708
vt 2.9049296379089355 3.002640962600708
vt 2.9049296379089355 2.03433096408844
vt -0.6161972880363464 6.875881195068359
vt 0.627200722694397 6.875880241394043
vt 0.627200722694397 6.963908672332764
vt -0.6161972880363464 6.963908672332764
vt -0.6161972880363464 2.03433096408844
vt -0.6161972880363464 3.002640962600708
vt 0.627200722694397 3.002640962600708
vt 0.627200722694397 2.03433096408844
vt 2.7288730144500732 2.03433096408844
vt 2.7288730144500732 3.002640962600708
vt 2.816901445388794 3.002640962600708
vt 2.816901445388794 2.03433096408844
vt 0.6161973476409912 1.4126312732696533
vt -0.6272006034851074 1.4126322269439697
vt -0.6272006034851074 1.3246040344238281
vt 0.6161973476409912 1.3246040344238281
vt 0.6161973476409912 2.03433096408844
vt 0.6161973476409912 3.002640962600708
vt -0.6272006034851074 3.002640962600708
vt -0.6272006034851074 2.03433096408844
vt -2.734375 2.03433096408844
vt -2.734375 3.002640962600708
vt -2.8224031925201416 3.002640962600708
vt -2.8224031925201416 2.03433096408844
vt -0.6161994338035583 1.9160431623458862
vt -0.6161994338035583 0.9477332718670368
vt -0.8362674713134766 0.9477332718670368
vt -0.8362674713134766 1.9160431623458862
vt -0.6161994338035583 0.24350786209106445
vt -0.6161967515945435 2.0040712356567383
vt -0.8362675905227661 2.0040712356567383
vt -0.8362674713134766 0.24350786209106445
vt -0.7042254209518433 0.9477332718670368
vt -0.7042254209518433 1.9160431623458862
vt 1.0563379526138306 1.9160431623458862
vt 1.0563379526138306 0.9477332718670368
vt -0.6161967515945435 0.9477332718670368
vt -0.6161967515945435 1.9160431623458862
vt -0.8362675905227661 1.9160431623458862
vt -0.8362675905227661 0.9477332718670368
vt -0.6602127552032471 1.299845963716507
vt -0.6602127552032471 0.9477332718670368
vt -0.8362675905227661 0.9477332718670368
vt -0.8362675905227661 1.299845963716507
vt -0.6602127552032471 2.004071831703186
vt -0.6602113246917725 2.356184244155884
vt -0.8362676501274109 2.3561841249465942
vt -0.8362675905227661 2.004071831703186
vt 1.0563385486602783 0.9477332718670368
vt 1.0563385486602783 1.299845963716507
vt 1.408450961112976 1.299845963716507
vt 1.408450961112976 0.9477332718670368
vt -0.6602113246917725 0.9477332718670368
vt -0.6602113246917725 1.299845963716507
vt -0.8362676501274109 1.299845963716507
vt -0.8362676501274109 0.9477332718670368
vt -0.8167071342468262 3.4675397872924805
vt -0.8167071342468262 2.059088945388794
vt -0.8362675905227661 2.059088945388794
vt -0.8362675905227661 3.4675397872924805
vt -0.8167071342468262 2.5872583389282227
vt -0.8167057633399963 2.939370632171631
vt -0.8362676501274109 2.939370632171631
vt -0.8362675905227661 2.5872583389282227
vt -0.8362675905227661 2.5872583389282227
vt -0.8362676501274109 2.939370632171631
vt -0.8167057633399963 2.939370632171631
vt -0.8167071342468262 2.5872583389282227
vt 1.0563385486602783 2.059088945388794
vt 1.0563385486602783 3.4675397872924805
vt 1.4084508419036865 3.4675397872924805
vt 1.4084508419036865 2.059088945388794
vt -0.8167057633399963 2.059088945388794
vt -0.8167057633399963 3.4675397872924805
vt -0.8362676501274109 3.4675397872924805
vt -0.8362676501274109 2.059088945388794
vt -0.8167059421539307 1.4759023189544678
vt -0.6602127552032471 1.299845963716507
vt -0.8362675905227661 1.299845963716507
vt -0.8362675905227661 1.4759023189544678
vt -0.6602127552032471 2.004071831703186
vt -0.6602113246917725 2.356184244155884
vt -0.8362676501274109 2.3561841249465942
vt -0.8362675905227661 2.004071831703186
vt -0.8362675905227661 2.004071831703186
vt -0.8362676501274109 2.3561841249465942
vt -0.8167060017585754 2.3561841249465942
vt -0.8167059421539307 2.004071831703186
vt 1.0563385486602783 1.299845963716507
vt 1.0563385486602783 1.4759023189544678
vt 1.4084508419036865 1.4759023189544678
vt 1.408450961112976 1.299845963716507
vt -0.6602113246917725 1.299845963716507
vt -0.8167060017585754 1.4759023189544678
vt -0.8362676501274109 1.4759023189544678
vt -0.8362676501274109 1.299845963716507
vt -0.6602127552032471 1.299845963716507
vt -0.6602127552032471 0.9477332718670368
vt -0.8362675905227661 0.9477332718670368
vt -0.8362675905227661 1.299845963716507
vt -0.6602127552032471 -0.10860443115234375
vt -0.6602113246917725 0.24350786209106445
vt -0.8362676501274109 0.24350786209106445
vt -0.8362675905227661 -0.1086045503616333
vt -1.0563377141952515 0.9477332718670368
vt -1.0563377141952515 1.299845963716507
vt -0.7042254209518433 1.299845963716507
vt -0.7042254209518433 0.9477332718670368
vt -0.6602113246917725 0.9477332718670368
vt -0.6602113246917725 1.299845963716507
vt -0.8362676501274109 1.299845963716507
vt -0.8362676501274109 0.9477332718670368
vt -0.8167070746421814 3.4675397872924805
vt -0.8167070746421814 2.059088945388794
vt -0.8362675905227661 2.059088945388794
vt -0.8362675905227661 3.4675397872924805
vt -0.8167070746421814 0.47458207607269287
vt -0.8167057037353516 0.8266944885253906
vt -0.8362676501274109 0.8266944885253906
vt -0.8362675905227661 0.47458207607269287
vt -0.8362675905227661 0.47458207607269287
vt -0.8362676501274109 0.8266944885253906
vt -0.8167057037353516 0.8266944885253906
vt -0.8167070746421814 0.47458207607269287
vt -1.056337833404541 2.059088945388794
vt -1.056337833404541 3.4675397872924805
vt -0.7042254209518433 3.4675397872924805
vt -0.7042254209518433 2.059088945388794
vt -0.8167057037353516 2.059088945388794
vt -0.8167057037353516 3.4675397872924805
vt -0.8362676501274109 3.4675397872924805
vt -0.8362676501274109 2.059088945388794
vt -0.8167059421539307 1.4759023189544678
vt -0.6602127552032471 1.299845963716507
vt -0.8362675905227661 1.299845963716507
vt -0.8362675905227661 1.4759023189544678
vt -0.6602127552032471 -0.10860443115234375
vt -0.6602113246917725 0.24350786209106445
vt -0.8362676501274109 0.24350786209106445
vt -0.8362675905227661 -0.1086045503616333
vt -0.8362675905227661 -0.1086045503616333
vt -0.8362676501274109 0.24350786209106445
vt -0.8167060017585754 0.24350786209106445
vt -0.8167059421539307 -0.1086045503616333
vt -1.0563377141952515 1.299845963716507
vt -1.056337833404541 1.4759023189544678
vt -0.7042254209518433 1.4759023189544678
vt -0.7042254209518433 1.299845963716507
vt -0.6602113246917725 1.299845963716507
vt -0.8167060017585754 1.4759023189544678
vt -0.8362676501274109 1.4759023189544678
vt -0.8362676501274109 1.299845963716507
vt -0.6161994934082031 -1.6931118965148926
vt -0.616196870803833 -1.164942979812622
vt -0.8362676501274109 -1.164942979812622
vt -0.8362675905227661 -1.6931118965148926
vt -2.6408450603485107 0.9477332718670368
vt -2.6408450603485107 1.9160431623458862
vt -2.1126761436462402 1.9160431623458862
vt -2.1126761436462402 0.9477332718670368
vt -0.616196870803833 0.9477332718670368
vt -0.616196870803833 1.9160431623458862
vt -0.8362676501274109 1.9160431623458862
vt -0.8362676501274109 0.9477332718670368
vt -0.6602128148078918 1.299845963716507
vt -0.6602128148078918 0.9477332718670368
vt -0.8362676501274109 0.9477332718670368
vt -0.8362676501274109 1.299845963716507
vt -0.6602128148078918 -1.1649425029754639
vt -0.6602113246917725 -0.8128300905227661
vt -0.8362676501274109 -0.8128302097320557
vt -0.8362676501274109 -1.1649425029754639
vt -2.112675666809082 0.9477332718670368
vt -2.112675666809082 1.299845963716507
vt -1.7605633735656738 1.299845963716507
vt -1.7605633735656738 0.9477332718670368
vt -0.6602113246917725 0.9477332718670368
vt -0.6602113246917725 1.299845963716507
vt -0.8362676501274109 1.299845963716507
vt -0.8362676501274109 0.9477332718670368
vt -0.8167071342468262 3.4675397872924805
vt -0.8167071342468262 2.059088945388794
vt -0.8362675905227661 2.059088945388794
vt -0.8362675905227661 3.4675397872924805
vt -0.8167071342468262 -0.5817558765411377
vt -0.8167057037353516 -0.2296435832977295
vt -0.8362675905227661 -0.2296435832977295
vt -0.8362675905227661 -0.5817558765411377
vt -0.8362675905227661 -0.5817558765411377
vt -0.8362675905227661 -0.2296435832977295
vt -0.8167057037353516 -0.2296435832977295
vt -0.8167071342468262 -0.5817558765411377
vt -2.112675666809082 2.059088945388794
vt -2.112675666809082 3.4675397872924805
vt -1.7605634927749634 3.4675397872924805
vt -1.7605634927749634 2.059088945388794
vt -0.8167057037353516 2.059088945388794
vt -0.8167057037353516 3.4675397872924805
vt -0.8362675905227661 3.4675397872924805
vt -0.8362675905227661 2.059088945388794
vt -0.8167060017585754 1.4759023189544678
vt -0.6602128148078918 1.299845963716507
vt -0.8362676501274109 1.299845963716507
vt -0.8362676501274109 1.4759023189544678
vt -0.6602128148078918 -1.1649425029754639
vt -0.6602113246917725 -0.8128300905227661
vt -0.8362676501274109 -0.8128302097320557
vt -0.8362676501274109 -1.1649425029754639
vt -0.8362676501274109 -1.1649425029754639
vt -0.8362676501274109 -0.8128302097320557
vt -0.8167060017585754 -0.8128302097320557
vt -0.8167060017585754 -1.1649425029754639
vt -2.112675666809082 1.299845963716507
vt -2.112675666809082 1.4759023189544678
vt -1.7605634927749634 1.4759023189544678
vt -1.7605633735656738 1.299845963716507
vt -0.6602113246917725 1.299845963716507
vt -0.8167060017585754 1.4759023189544678
vt -0.8362676501274109 1.4759023189544678
vt -0.8362676501274109 1.299845963716507
vt -0.6602127552032471 1.299845963716507
vt -0.6602127552032471 0.9477332718670368
vt -0.8362675905227661 0.9477332718670368
vt -0.8362675905227661 1.299845963716507
vt -0.6602127552032471 3.0604097843170166
vt -0.6602112054824829 3.412522077560425
vt -0.8362675905227661 3.412522077560425
vt -0.8362675905227661 3.0604097843170166
vt -0.8362675905227661 3.0604097843170166
vt -0.8362675905227661 3.412522077560425
vt -0.6602112054824829 3.412522077560425
vt -0.6602127552032471 3.0604097843170166
vt 2.1126766204833984 0.9477332718670368
vt 2.1126766204833984 1.299845963716507
vt 2.4647889137268066 1.299845963716507
vt 2.4647889137268066 0.9477332718670368
vt -0.6602112054824829 0.9477332718670368
vt -0.6602112054824829 1.299845963716507
vt -0.8362675905227661 1.299845963716507
vt -0.8362675905227661 0.9477332718670368
vt -0.8167070746421814 3.4675397872924805
vt -0.8167070746421814 2.059088945388794
vt -0.8362675905227661 2.059088945388794
vt -0.8362675905227661 3.4675397872924805
vt -0.8167070746421814 3.6435964107513428
vt -0.8167056441307068 3.995708703994751
vt -0.8362675905227661 3.995708703994751
vt -0.8362675905227661 3.6435964107513428
vt -0.8362675905227661 3.6435964107513428
vt -0.8362675905227661 3.995708703994751
vt -0.8167056441307068 3.995708703994751
vt -0.8167070746421814 3.6435964107513428
vt 2.1126763820648193 2.059088945388794
vt 2.1126763820648193 3.4675397872924805
vt 2.4647889137268066 3.4675397872924805
vt 2.4647889137268066 2.059088945388794
vt -0.8167056441307068 2.059088945388794
vt -0.8167056441307068 3.4675397872924805
vt -0.8362675905227661 3.4675397872924805
vt -0.8362675905227661 2.059088945388794
vt -0.8167058825492859 1.4759023189544678
vt -0.6602127552032471 1.299845963716507
vt -0.8362675905227661 1.299845963716507
vt -0.8362675905227661 1.4759023189544678
vt -0.6602127552032471 3.0604097843170166
vt -0.6602112054824829 3.412522077560425
vt -0.8362675905227661 3.412522077560425
vt -0.8362675905227661 3.0604097843170166
vt -0.8362675905227661 3.0604097843170166
vt -0.8362675905227661 3.412522077560425
vt -0.8167058825492859 3.412522077560425
vt -0.8167058825492859 3.0604097843170166
vt 2.1126766204833984 1.299845963716507
vt 2.1126763820648193 1.4759023189544678
vt 2.4647889137268066 1.4759023189544678
vt 2.4647889137268066 1.299845963716507
vt -0.6602112054824829 1.299845963716507
vt -0.8167058825492859 1.4759023189544678
vt -0.8362675905227661 1.4759023189544678
vt -0.8362675905227661 1.299845963716507
vt -0.6161995530128479 1.9160431623458862
vt -0.6161995530128479 0.9477332718670368
vt -0.8362675905227661 0.9477332718670368
vt -0.8362675905227661 1.9160431623458862
vt -0.6161995530128479 3.412522077560425
vt -0.6161969304084778 3.8526628017425537
vt -0.8362676501274109 3.8526628017425537
vt -0.8362675905227661 3.412522077560425
vt 2.4647889137268066 0.9477332718670368
vt 2.4647889137268066 1.9160431623458862
vt 2.9049296379089355 1.9160431623458862
vt 2.9049296379089355 0.9477332718670368
vt -0.6161994338035583 3.002640962600708
vt -0.6161994338035583 2.03433096408844
vt -0.8362674713134766 2.03433096408844
vt -0.8362674713134766 3.002640962600708
vt -0.6161994338035583 0.3617957830429077
vt -0.6161967515945435 2.1223591566085815
vt -0.8362675905227661 2.1223591566085815
vt -0.8362674713134766 0.3617957830429077
vt -0.7042254209518433 2.03433096408844
vt -0.7042254209518433 3.002640962600708
vt 1.0563379526138306 3.002640962600708
vt 1.0563379526138306 2.03433096408844
vt -0.6161967515945435 2.03433096408844
vt -0.6161967515945435 3.002640962600708
vt -0.8362675905227661 3.002640962600708
vt -0.8362675905227661 2.03433096408844
vt -0.6161994934082031 3.002640962600708
vt -0.6161994934082031 2.03433096408844
vt -0.8362675309181213 2.03433096408844
vt -0.8362675309181213 3.002640962600708
vt -0.6161994934082031 -0.6945422887802124
vt -0.6161968111991882 0.00968313217163086
vt -0.8362675905227661 0.009683012962341309
vt -0.8362675309181213 -0.694542407989502
vt -1.7605633735656738 2.03433096408844
vt -1.7605633735656738 3.002640962600708
vt -1.0563379526138306 3.002640962600708
vt -1.0563379526138306 2.03433096408844
vt -0.6161968111991882 2.03433096408844
vt -0.6161968111991882 3.002640962600708
vt -0.8362675905227661 3.002640962600708
vt -0.8362675905227661 2.03433096408844
vt -0.6161994934082031 -1.5748238563537598
vt -0.616196870803833 -1.0466551780700684
vt -0.8362676501274109 -1.0466551780700684
vt -0.8362675905227661 -1.5748238563537598
vt -2.6408450603485107 2.03433096408844
vt -2.6408450603485107 3.002640962600708
vt -2.1126761436462402 3.002640962600708
vt -2.1126761436462402 2.03433096408844
vt -0.616196870803833 2.03433096408844
vt -0.616196870803833 3.002640962600708
vt -0.8362676501274109 3.002640962600708
vt -0.8362676501274109 2.03433096408844
vt -0.6161996126174927 3.002640962600708
vt -0.6161996126174927 2.03433096408844
vt -0.8362676501274109 2.03433096408844
vt -0.8362676501274109 3.002640962600708
vt -0.6161996126174927 2.4744718074798584
vt -0.616196870803833 3.178697109222412
vt -0.8362677097320557 3.178697109222412
vt -0.8362676501274109 2.474471688270569
vt 1.408450722694397 2.03433096408844
vt 1.408450722694397 3.002640962600708
vt 2.1126761436462402 3.002640962600708
vt 2.1126761436462402 2.03433096408844
vt -0.616196870803833 2.03433096408844
vt -0.616196870803833 3.002640962600708
vt -0.8362677097320557 3.002640962600708
vt -0.8362677097320557 2.03433096408844
vt -0.6161995530128479 3.002640962600708
vt -0.6161995530128479 2.03433096408844
vt -0.8362675905227661 2.03433096408844
vt -0.8362675905227661 3.002640962600708
vt -0.6161995530128479 3.5308098793029785
vt -0.6161969304084778 3.9709506034851074
vt -0.8362676501274109 3.9709506034851074
vt -0.8362675905227661 3.5308098793029785
vt 2.4647889137268066 2.03433096408844
vt 2.4647889137268066 3.002640962600708
vt 2.9049296379089355 3.002640962600708
vt 2.9049296379089355 2.03433096408844
vt 0.8362677693367004 0.9477332718670368
vt 0.8362677693367004 1.9160431623458862
vt 0.6161997318267822 1.9160431623458862
vt 0.6161997318267822 0.9477332718670368
vt 0.8362677693367004 2.1801276206970215
vt 0.8362677693367004 2.8843530416488647
vt 0.6161997318267822 2.8843530416488647
vt 0.6161994338035583 2.1801276206970215
vt 1.936619758605957 0.9477332718670368
vt 1.936619758605957 1.9160431623458862
vt 1.2323943376541138 1.9160431623458862
vt 1.2323943376541138 0.9477332718670368
vt 0.6161994338035583 0.9477332718670368
vt 0.6161994338035583 1.9160431623458862
vt 0.8362677693367004 1.9160431623458862
vt 0.8362677693367004 0.9477332718670368
vt 0.8362674713134766 0.9477332718670368
vt 0.8362674713134766 1.9160431623458862
vt 0.6161994338035583 1.9160431623458862
vt 0.6161994338035583 0.9477332718670368
vt 0.8362674713134766 -0.9888864755630493
vt 0.8362674713134766 -0.28466105461120605
vt 0.6161994338035583 -0.28466105461120605
vt 0.6161990761756897 -0.9888864755630493
vt -1.2323943376541138 0.9477332718670368
vt -1.2323943376541138 1.9160431623458862
vt -1.936619758605957 1.9160431623458862
vt -1.936619758605957 0.9477332718670368
vt 0.6161990761756897 0.9477332718670368
vt 0.6161990761756897 1.9160431623458862
vt 0.8362674713134766 1.9160431623458862
vt 0.8362674713134766 0.9477332718670368
vt -2.816901445388794 1.8280149698257446
vt -2.7288732528686523 1.8280149698257446
vt -2.7288732528686523 1.9160431623458862
vt -2.816901445388794 1.9160431623458862
vt 0.7042255997657776 1.9160431623458862
vt -0.6216987371444702 1.9160431623458862
vt -0.6216987371444702 1.8280149698257446
vt 0.7042255997657776 1.8280149698257446
vt -0.6216987371444702 -1.7811400890350342
vt -0.6216987371444702 -1.8691682815551758
vt 0.7042255997657776 -1.8691682815551758
vt 0.7042255997657776 -1.7811400890350342
vt 0.7042255997657776 -1.8691680431365967
vt 0.7042255997657776 -1.781139850616455
vt 0.26408475637435913 -1.781139850616455
vt 0.26408475637435913 -1.8691680431365967
vt 0.26408475637435913 1.8280149698257446
vt 0.26408475637435913 0.9477332718670368
vt 0.7042255997657776 0.9477332718670368
vt 0.7042255997657776 1.8280149698257446
vt -2.7288732528686523 0.9477332718670368
vt -2.7288732528686523 1.8280149698257446
vt -2.816901445388794 1.8280149698257446
vt -2.816901445388794 0.9477332718670368
vt -0.7042251229286194 -1.7811400890350342
vt -0.7042251229286194 -1.8691682815551758
vt -0.2640842795372009 -1.8691682815551758
vt -0.2640842795372009 -1.7811400890350342
vt -0.7042251229286194 1.8280149698257446
vt -0.7042251229286194 0.9477332718670368
vt -0.2640842795372009 0.9477332718670368
vt -0.2640842795372009 1.8280149698257446
vt -0.7042251229286194 -1.8691682815551758
vt -0.7042251229286194 -1.7811400890350342
vt -0.2640842795372009 -1.7811400890350342
vt -0.2640842795372009 -1.8691682815551758
vt -2.816901445388794 0.9477332718670368
vt -2.816901445388794 1.8280149698257446
vt -2.7288732528686523 1.8280149698257446
vt -2.7288732528686523 0.9477332718670368
vt -0.553799569606781 2.1298457384109497
vt -0.7515822649002075 2.1298457384109497
vt -0.7515822649002075 3.000098943710327
vt -0.2373417615890503 3.000098943710327
vt -0.5537989735603333 0.8640229403972626
vt -0.7515822649002075 0.8640229403972626
vt -0.7515822649002075 0.4684532880783081
vt -0.553799569606781 0.4684532880783081
vt -0.7515822649002075 0.8640229403972626
vt -0.2373417615890503 0.8640229403972626
vt -0.2373417615890503 0.4684532880783081
vt -0.7515822649002075 0.4684532880783081
vt -0.7911392450332642 2.1298457384109497
vt -0.7911392450332642 3.000098943710327
vt -0.3955696225166321 3.000098943710327
vt -0.3955696225166321 2.1298457384109497
vt -0.3955696225166321 3.000098943710327
vt -0.7911392450332642 3.000098943710327
vt -0.7911392450332642 2.1298457384109497
vt -0.3955696225166321 2.1298457384109497
vt -0.5537989735603333 2.1298457384109497
vt -0.2373417615890503 3.000098943710327
vt -0.7515822649002075 3.000098943710327
vt -0.7515822649002075 2.1298457384109497
vt -0.7515822649002075 2.0507317781448364
vt -0.2373417615890503 2.0507317781448364
vt -0.2373417615890503 1.6551622152328491
vt -0.7515822649002075 1.6551622152328491
vt 0.7911392450332642 3.000098943710327
vt 0.7911392450332642 2.1298457384109497
vt 0.3955696225166321 2.1298457384109497
vt 0.3955696225166321 3.000098943710327
vt -0.7515822649002075 3.000098943710327
vt -0.7515822649002075 2.1298457384109497
vt -0.55379718542099 2.1298457384109497
vt -0.2373417615890503 3.000098943710327
vt 0.7911392450332642 2.1298457384109497
vt 0.7911392450332642 3.000098943710327
vt 0.3955696225166321 3.000098943710327
vt 0.3955696225166321 2.1298457384109497
vt -0.7515822649002075 2.1298457384109497
vt -0.7515822649002075 3.000098943710327
vt -0.2373417615890503 3.000098943710327
vt -0.5537977814674377 2.1298457384109497
vt -0.7515822649002075 0.8640229403972626
vt -0.5537989735603333 0.8640229403972626
vt -0.5537977814674377 1.6551622152328491
vt -0.7515822649002075 1.6551622152328491
vt 0.3955696225166321 2.1298457384109497
vt -0.3955696225166321 2.1298457384109497
vt -0.3955696225166321 2.1694027185440063
vt 0.3955696225166321 2.1694027185440063
vt -0.3955696225166321 2.1694027185440063
vt -0.3955696225166321 2.1298457384109497
vt 0.3955696225166321 2.1298457384109497
vt 0.3955696225166321 2.1694027185440063
vt -0.5394145846366882 2.1694027185440063
vt -0.5537989735603333 2.1298457384109497
vt -0.7515822649002075 2.1298457384109497
vt -0.7515822649002075 2.1694027185440063
vt -0.5394133925437927 2.1694027185440063
vt -0.7515822649002075 2.1694027185440063
vt -0.7515822649002075 2.1298457384109497
vt -0.5537977814674377 2.1298457384109497
vt -0.3955695927143097 2.01117479801178
vt 0.39556965231895447 2.01117479801178
vt 0.39556965231895447 1.7990059852600098
vt -0.3955695927143097 1.7990071773529053
vt -0.7515822649002075 0.8640229403972626
vt -0.7515822649002075 1.6551622152328491
vt -0.2373417615890503 1.6551622152328491
vt -0.2373417615890503 0.8640229403972626
vt -0.3955696225166321 2.9457080364227295
vt -0.3955696225166321 3.000098943710327
vt 0.3955696225166321 3.000098943710327
vt 0.3955696225166321 2.9457080364227295
vt 0.3955696225166321 3.000098943710327
vt -0.3955696225166321 3.000098943710327
vt -0.3955696225166321 2.9457080364227295
vt 0.3955696225166321 2.9457080364227295
vt -0.7515822649002075 3.000098943710327
vt -0.2373417615890503 3.000098943710327
vt -0.2571202516555786 2.9457080364227295
vt -0.7515822649002075 2.9457080364227295
vt -0.2373417615890503 3.000098943710327
vt -0.7515822649002075 3.000098943710327
vt -0.7515822649002075 2.9457080364227295
vt -0.2571202516555786 2.9457080364227295
vt -0.3955696225166321 1.5167128443717957
vt 0.3955696225166321 1.5167127847671509
vt 0.39556965231895447 2.01117479801178
vt -0.3955695927143097 2.01117479801178
vt -0.5471752285957336 1.653201699256897
vt -0.5480644106864929 1.6502705812454224
vt -0.549508273601532 1.647569179534912
vt -0.546875 1.65625
vt -0.5471752285957336 1.659298300743103
vt -0.5480644106864929 1.6622294187545776
vt -0.549508273601532 1.664930820465088
vt -0.5514514446258545 1.6672985553741455
vt -0.5538192391395569 1.6692416667938232
vt -0.5565205812454224 1.6706855297088623
vt -0.559451699256897 1.6715748310089111
vt -0.5625 1.671875
vt -0.565548300743103 1.6715748310089111
vt -0.5684794187545776 1.6706855297088623
vt -0.5711807608604431 1.6692416667938232
vt -0.5735485553741455 1.6672985553741455
vt -0.575491726398468 1.664930820465088
vt -0.5769356489181519 1.6622294187545776
vt -0.5778247714042664 1.659298300743103
vt -0.578125 1.65625
vt -0.5778247714042664 1.653201699256897
vt -0.5769355893135071 1.6502705812454224
vt -0.575491726398468 1.647569179534912
vt -0.5735485553741455 1.6452014446258545
vt -0.5711807608604431 1.6432583332061768
vt -0.5684794187545776 1.6418143510818481
vt -0.565548300743103 1.6409251689910889
vt -0.5625 1.640625
vt -0.559451699256897 1.6409251689910889
vt -0.5565205812454224 1.6418144702911377
vt -0.5538192391395569 1.6432583332061768
vt -0.5514514446258545 1.6452014446258545
vt -1.499999761581421 1.65625
vt -1.499999761581421 1.659298300743103
vt -1.25 1.659298300743103
vt -1.25 1.65625
vt -1.499999761581421 1.659298300743103
vt -1.499999761581421 1.6622294187545776
vt -1.25 1.6622294187545776
vt -1.25 1.659298300743103
vt -1.499999761581421 1.6622294187545776
vt -1.499999761581421 1.664930820465088
vt -1.25 1.664930820465088
vt -1.25 1.6622294187545776
vt -1.499999761581421 1.664930820465088
vt -1.499999761581421 1.6672985553741455
vt -1.25 1.6672985553741455
vt -1.25 1.664930820465088
vt -0.5514514446258545 -0.4999997615814209
vt -0.5538192391395569 -0.4999997615814209
vt -0.5538192391395569 -0.25
vt -0.5514514446258545 -0.25
vt -0.5538192391395569 -0.4999997615814209
vt -0.5565205812454224 -0.4999997615814209
vt -0.5565205812454224 -0.25
vt -0.5538192391395569 -0.25
vt -0.5565205812454224 -0.4999997615814209
vt -0.559451699256897 -0.4999997615814209
vt -0.559451699256897 -0.25
vt -0.5565205812454224 -0.25
vt -0.559451699256897 -0.4999997615814209
vt -0.5625 -0.4999997615814209
vt -0.5625 -0.25
vt -0.559451699256897 -0.25
vt -0.5625 -0.4999997615814209
vt -0.565548300743103 -0.4999997615814209
vt -0.565548300743103 -0.25
vt -0.5625 -0.25
vt -0.565548300743103 -0.4999997615814209
vt -0.5684794187545776 -0.4999997615814209
vt -0.5684794187545776 -0.25
vt -0.565548300743103 -0.25
vt -0.5684794187545776 -0.4999997615814209
vt -0.5711807608604431 -0.4999997615814209
vt -0.5711807608604431 -0.25
vt -0.5684794187545776 -0.25
vt -0.5711807608604431 -0.4999997615814209
vt -0.5735485553741455 -0.4999997615814209
vt -0.5735485553741455 -0.25
vt -0.5711807608604431 -0.25
vt -1.499999761581421 1.6672985553741455
vt -1.499999761581421 1.664930820465088
vt -1.25 1.664930820465088
vt -1.25 1.6672985553741455
vt -1.499999761581421 1.664930820465088
vt -1.499999761581421 1.6622294187545776
vt -1.25 1.6622294187545776
vt -1.25 1.664930820465088
vt -1.499999761581421 1.6622294187545776
vt -1.499999761581421 1.659298300743103
vt -1.25 1.659298300743103
vt -1.25 1.6622294187545776
vt -1.499999761581421 1.659298300743103
vt -1.499999761581421 1.65625
vt -1.25 1.65625
vt -1.25 1.659298300743103
vt -1.499999761581421 1.65625
vt -1.499999761581421 1.653201699256897
vt -1.25 1.653201699256897
vt -1.25 1.65625
vt -1.499999761581421 1.653201699256897
vt -1.499999761581421 1.6502705812454224
vt -1.25 1.6502705812454224
vt -1.25 1.653201699256897
vt -1.499999761581421 1.6502705812454224
vt -1.499999761581421 1.647569179534912
vt -1.25 1.647569179534912
vt -1.25 1.6502705812454224
vt -1.499999761581421 1.647569179534912
vt -1.499999761581421 1.6452014446258545
vt -1.25 1.6452014446258545
vt -1.25 1.647569179534912
vt -0.5735485553741455 -0.4999997615814209
vt -0.5711807608604431 -0.4999997615814209
vt -0.5711807608604431 -0.25
vt -0.5735485553741455 -0.25
vt -0.5711807608604431 -0.4999997615814209
vt -0.5684794187545776 -0.4999997615814209
vt -0.5684794187545776 -0.25
vt -0.5711807608604431 -0.25
vt -0.5684794187545776 -0.4999997615814209
vt -0.565548300743103 -0.4999997615814209
vt -0.565548300743103 -0.25
vt -0.5684794187545776 -0.25
vt -0.565548300743103 -0.4999997615814209
vt -0.5625 -0.4999997615814209
vt -0.5625 -0.25
vt -0.565548300743103 -0.25
vt -0.5625 -0.4999997615814209
vt -0.559451699256897 -0.4999997615814209
vt -0.559451699256897 -0.25
vt -0.5625 -0.25
vt -0.559451699256897 -0.4999997615814209
vt -0.5565205812454224 -0.4999997615814209
vt -0.5565205812454224 -0.25
vt -0.559451699256897 -0.25
vt -0.5565205812454224 -0.4999997615814209
vt -0.5538192391395569 -0.4999997615814209
vt -0.5538192391395569 -0.25
vt -0.5565205812454224 -0.25
vt -0.5538192391395569 -0.4999997615814209
vt -0.5514514446258545 -0.4999997615814209
vt -0.5514514446258545 -0.25
vt -0.5538192391395569 -0.25
vt -1.499999761581421 1.6452014446258545
vt -1.499999761581421 1.647569179534912
vt -1.25 1.647569179534912
vt -1.25 1.6452014446258545
vt -1.499999761581421 1.647569179534912
vt -1.499999761581421 1.6502705812454224
vt -1.25 1.6502705812454224
vt -1.25 1.647569179534912
vt -1.499999761581421 1.6502705812454224
vt -1.499999761581421 1.653201699256897
vt -1.25 1.653201699256897
vt -1.25 1.6502705812454224
vt -1.499999761581421 1.653201699256897
vt -1.499999761581421 1.65625
vt -1.25 1.65625
vt -1.25 1.653201699256897
vt -0.5769356489181519 1.6622294187545776
vt -0.5778247714042664 1.659298300743103
vt -0.578125 1.65625
vt -0.575491726398468 1.664930820465088
vt -0.5735485553741455 1.6672985553741455
vt -0.5711807608604431 1.6692416667938232
vt -0.5684794187545776 1.6706855297088623
vt -0.565548300743103 1.6715748310089111
vt -0.5625 1.671875
vt -0.559451699256897 1.6715748310089111
vt -0.5565205812454224 1.6706855297088623
vt -0.5538192391395569 1.6692416667938232
vt -0.5514514446258545 1.6672985553741455
vt -0.549508273601532 1.664930820465088
vt -0.5480644106864929 1.6622294187545776
vt -0.5471752285957336 1.659298300743103
vt -0.546875 1.65625
vt -0.5471752285957336 1.653201699256897
vt -0.5480644106864929 1.6502705812454224
vt -0.549508273601532 1.647569179534912
vt -0.5514514446258545 1.6452014446258545
vt -0.5538192391395569 1.6432583332061768
vt -0.5565205812454224 1.6418144702911377
vt -0.559451699256897 1.6409251689910889
vt -0.5625 1.640625
vt -0.565548300743103 1.6409251689910889
vt -0.5684794187545776 1.6418143510818481
vt -0.5711807608604431 1.6432583332061768
vt -0.5735485553741455 1.6452014446258545
vt -0.575491726398468 1.647569179534912
vt -0.5769355893135071 1.6502705812454224
vt -0.5778247714042664 1.653201699256897
vt -0.5471752285957336 1.606326699256897
vt -0.5480644106864929 1.6033955812454224
vt -0.549508273601532 1.600694179534912
vt -0.546875 1.609375
vt -0.5471752285957336 1.612423300743103
vt -0.5480644106864929 1.6153544187545776
vt -0.549508273601532 1.618055820465088
vt -0.5514514446258545 1.6204235553741455
vt -0.5538192391395569 1.6223666667938232
vt -0.5565205812454224 1.6238105297088623
vt -0.559451699256897 1.6246998310089111
vt -0.5625 1.625
vt -0.565548300743103 1.6246998310089111
vt -0.5684794187545776 1.6238105297088623
vt -0.5711807608604431 1.6223666667938232
vt -0.5735485553741455 1.6204235553741455
vt -0.575491726398468 1.618055820465088
vt -0.5769356489181519 1.6153544187545776
vt -0.5778247714042664 1.612423300743103
vt -0.578125 1.609375
vt -0.5778247714042664 1.606326699256897
vt -0.5769355893135071 1.6033955812454224
vt -0.575491726398468 1.600694179534912
vt -0.5735485553741455 1.5983264446258545
vt -0.5711807608604431 1.5963833332061768
vt -0.5684794187545776 1.5949393510818481
vt -0.565548300743103 1.5940501689910889
vt -0.5625 1.59375
vt -0.559451699256897 1.5940501689910889
vt -0.5565205812454224 1.5949394702911377
vt -0.5538192391395569 1.5963833332061768
vt -0.5514514446258545 1.5983264446258545
vt -1.499999761581421 1.609375
vt -1.499999761581421 1.612423300743103
vt -1.25 1.612423300743103
vt -1.25 1.609375
vt -1.499999761581421 1.612423300743103
vt -1.499999761581421 1.6153544187545776
vt -1.25 1.6153544187545776
vt -1.25 1.612423300743103
vt -1.499999761581421 1.6153544187545776
vt -1.499999761581421 1.618055820465088
vt -1.25 1.618055820465088
vt -1.25 1.6153544187545776
vt -1.499999761581421 1.618055820465088
vt -1.499999761581421 1.6204235553741455
vt -1.25 1.6204235553741455
vt -1.25 1.618055820465088
vt -0.5514514446258545 -0.4999997615814209
vt -0.5538192391395569 -0.4999997615814209
vt -0.5538192391395569 -0.25
vt -0.5514514446258545 -0.25
vt -0.5538192391395569 -0.4999997615814209
vt -0.5565205812454224 -0.4999997615814209
vt -0.5565205812454224 -0.25
vt -0.5538192391395569 -0.25
vt -0.5565205812454224 -0.4999997615814209
vt -0.559451699256897 -0.4999997615814209
vt -0.559451699256897 -0.25
vt -0.5565205812454224 -0.25
vt -0.559451699256897 -0.4999997615814209
vt -0.5625 -0.4999997615814209
vt -0.5625 -0.25
vt -0.559451699256897 -0.25
vt -0.5625 -0.4999997615814209
vt -0.565548300743103 -0.4999997615814209
vt -0.565548300743103 -0.25
vt -0.5625 -0.25
vt -0.565548300743103 -0.4999997615814209
vt -0.5684794187545776 -0.4999997615814209
vt -0.5684794187545776 -0.25
vt -0.565548300743103 -0.25
vt -0.5684794187545776 -0.4999997615814209
vt -0.5711807608604431 -0.4999997615814209
vt -0.5711807608604431 -0.25
vt -0.5684794187545776 -0.25
vt -0.5711807608604431 -0.4999997615814209
vt -0.5735485553741455 -0.4999997615814209
vt -0.5735485553741455 -0.25
vt -0.5711807608604431 -0.25
vt -1.499999761581421 1.6204235553741455
vt -1.499999761581421 1.618055820465088
vt -1.25 1.618055820465088
vt -1.25 1.6204235553741455
vt -1.499999761581421 1.618055820465088
vt -1.499999761581421 1.6153544187545776
vt -1.25 1.6153544187545776
vt -1.25 1.618055820465088
vt -1.499999761581421 1.6153544187545776
vt -1.499999761581421 1.612423300743103
vt -1.25 1.612423300743103
vt -1.25 1.6153544187545776
vt -1.499999761581421 1.612423300743103
vt -1.499999761581421 1.609375
vt -1.25 1.609375
vt -1.25 1.612423300743103
vt -1.499999761581421 1.609375
vt -1.499999761581421 1.606326699256897
vt -1.25 1.606326699256897
vt -1.25 1.609375
vt -1.499999761581421 1.606326699256897
vt -1.499999761581421 1.6033955812454224
vt -1.25 1.6033955812454224
vt -1.25 1.606326699256897
vt -1.499999761581421 1.6033955812454224
vt -1.499999761581421 1.600694179534912
vt -1.25 1.600694179534912
vt -1.25 1.6033955812454224
vt -1.499999761581421 1.600694179534912
vt -1.499999761581421 1.5983264446258545
vt -1.25 1.5983264446258545
vt -1.25 1.600694179534912
vt -0.5735485553741455 -0.4999997615814209
vt -0.5711807608604431 -0.4999997615814209
vt -0.5711807608604431 -0.25
vt -0.5735485553741455 -0.25
vt -0.5711807608604431 -0.4999997615814209
vt -0.5684794187545776 -0.4999997615814209
vt -0.5684794187545776 -0.25
vt -0.5711807608604431 -0.25
vt -0.5684794187545776 -0.4999997615814209
vt -0.565548300743103 -0.4999997615814209
vt -0.565548300743103 -0.25
vt -0.5684794187545776 -0.25
vt -0.565548300743103 -0.4999997615814209
vt -0.5625 -0.4999997615814209
vt -0.5625 -0.25
vt -0.565548300743103 -0.25
vt -0.5625 -0.4999997615814209
vt -0.559451699256897 -0.4999997615814209
vt -0.559451699256897 -0.25
vt -0.5625 -0.25
vt -0.559451699256897 -0.4999997615814209
vt -0.5565205812454224 -0.4999997615814209
vt -0.5565205812454224 -0.25
vt -0.559451699256897 -0.25
vt -0.5565205812454224 -0.4999997615814209
vt -0.5538192391395569 -0.4999997615814209
vt -0.5538192391395569 -0.25
vt -0.5565205812454224 -0.25
vt -0.5538192391395569 -0.4999997615814209
vt -0.5514514446258545 -0.4999997615814209
vt -0.5514514446258545 -0.25
vt -0.5538192391395569 -0.25
vt -1.499999761581421 1.5983264446258545
vt -1.499999761581421 1.600694179534912
vt -1.25 1.600694179534912
vt -1.25 1.5983264446258545
vt -1.499999761581421 1.600694179534912
vt -1.499999761581421 1.6033955812454224
vt -1.25 1.6033955812454224
vt -1.25 1.600694179534912
vt -1.499999761581421 1.6033955812454224
vt -1.499999761581421 1.606326699256897
vt -1.25 1.606326699256897
vt -1.25 1.6033955812454224
vt -1.499999761581421 1.606326699256897
vt -1.499999761581421 1.609375
vt -1.25 1.609375
vt -1.25 1.606326699256897
vt -0.5769356489181519 1.6153544187545776
vt -0.5778247714042664 1.612423300743103
vt -0.578125 1.609375
vt -0.575491726398468 1.618055820465088
vt -0.5735485553741455 1.6204235553741455
vt -0.5711807608604431 1.6223666667938232
vt -0.5684794187545776 1.6238105297088623
vt -0.565548300743103 1.6246998310089111
vt -0.5625 1.625
vt -0.559451699256897 1.6246998310089111
vt -0.5565205812454224 1.6238105297088623
vt -0.5538192391395569 1.6223666667938232
vt -0.5514514446258545 1.6204235553741455
vt -0.549508273601532 1.618055820465088
vt -0.5480644106864929 1.6153544187545776
vt -0.5471752285957336 1.612423300743103
vt -0.546875 1.609375
vt -0.5471752285957336 1.606326699256897
vt -0.5480644106864929 1.6033955812454224
vt -0.549508273601532 1.600694179534912
vt -0.5514514446258545 1.5983264446258545
vt -0.5538192391395569 1.5963833332061768
vt -0.5565205812454224 1.5949394702911377
vt -0.559451699256897 1.5940501689910889
vt -0.5625 1.59375
vt -0.565548300743103 1.5940501689910889
vt -0.5684794187545776 1.5949393510818481
vt -0.5711807608604431 1.5963833332061768
vt -0.5735485553741455 1.5983264446258545
vt -0.575491726398468 1.600694179534912
vt -0.5769355893135071 1.6033955812454224
vt -0.5778247714042664 1.606326699256897
vt -0.5471752285957336 1.559451699256897
vt -0.5480644106864929 1.5565205812454224
vt -0.549508273601532 1.553819179534912
vt -0.546875 1.5625
vt -0.5471752285957336 1.565548300743103
vt -0.5480644106864929 1.5684794187545776
vt -0.549508273601532 1.571180820465088
vt -0.5514514446258545 1.5735485553741455
vt -0.5538192391395569 1.5754916667938232
vt -0.5565205812454224 1.5769355297088623
vt -0.559451699256897 1.5778248310089111
vt -0.5625 1.578125
vt -0.565548300743103 1.5778248310089111
vt -0.5684794187545776 1.5769355297088623
vt -0.5711807608604431 1.5754916667938232
vt -0.5735485553741455 1.5735485553741455
vt -0.575491726398468 1.571180820465088
vt -0.5769356489181519 1.5684794187545776
vt -0.5778247714042664 1.565548300743103
vt -0.578125 1.5625
vt -0.5778247714042664 1.559451699256897
vt -0.5769355893135071 1.5565205812454224
vt -0.575491726398468 1.553819179534912
vt -0.5735485553741455 1.5514514446258545
vt -0.5711807608604431 1.5495083332061768
vt -0.5684794187545776 1.5480643510818481
vt -0.565548300743103 1.5471751689910889
vt -0.5625 1.546875
vt -0.559451699256897 1.5471751689910889
vt -0.5565205812454224 1.5480644702911377
vt -0.5538192391395569 1.5495083332061768
vt -0.5514514446258545 1.5514514446258545
vt -1.499999761581421 1.5625
vt -1.499999761581421 1.565548300743103
vt -1.25 1.565548300743103
vt -1.25 1.5625
vt -1.499999761581421 1.565548300743103
vt -1.499999761581421 1.5684794187545776
vt -1.25 1.5684794187545776
vt -1.25 1.565548300743103
vt -1.499999761581421 1.5684794187545776
vt -1.499999761581421 1.571180820465088
vt -1.25 1.571180820465088
vt -1.25 1.5684794187545776
vt -1.499999761581421 1.571180820465088
vt -1.499999761581421 1.5735485553741455
vt -1.25 1.5735485553741455
vt -1.25 1.571180820465088
vt -0.5514514446258545 -0.4999997615814209
vt -0.5538192391395569 -0.4999997615814209
vt -0.5538192391395569 -0.25
vt -0.5514514446258545 -0.25
vt -0.5538192391395569 -0.4999997615814209
vt -0.5565205812454224 -0.4999997615814209
vt -0.5565205812454224 -0.25
vt -0.5538192391395569 -0.25
vt -0.5565205812454224 -0.4999997615814209
vt -0.559451699256897 -0.4999997615814209
vt -0.559451699256897 -0.25
vt -0.5565205812454224 -0.25
vt -0.559451699256897 -0.4999997615814209
vt -0.5625 -0.4999997615814209
vt -0.5625 -0.25
vt -0.559451699256897 -0.25
vt -0.5625 -0.4999997615814209
vt -0.565548300743103 -0.4999997615814209
vt -0.565548300743103 -0.25
vt -0.5625 -0.25
vt -0.565548300743103 -0.4999997615814209
vt -0.5684794187545776 -0.4999997615814209
vt -0.5684794187545776 -0.25
vt -0.565548300743103 -0.25
vt -0.5684794187545776 -0.4999997615814209
vt -0.5711807608604431 -0.4999997615814209
vt -0.5711807608604431 -0.25
vt -0.5684794187545776 -0.25
vt -0.5711807608604431 -0.4999997615814209
vt -0.5735485553741455 -0.4999997615814209
vt -0.5735485553741455 -0.25
vt -0.5711807608604431 -0.25
vt -1.499999761581421 1.5735485553741455
vt -1.499999761581421 1.571180820465088
vt -1.25 1.571180820465088
vt -1.25 1.5735485553741455
vt -1.499999761581421 1.571180820465088
vt -1.499999761581421 1.5684794187545776
vt -1.25 1.5684794187545776
vt -1.25 1.571180820465088
vt -1.499999761581421 1.5684794187545776
vt -1.499999761581421 1.565548300743103
vt -1.25 1.565548300743103
vt -1.25 1.5684794187545776
vt -1.499999761581421 1.565548300743103
vt -1.499999761581421 1.5625
vt -1.25 1.5625
vt -1.25 1.565548300743103
vt -1.499999761581421 1.5625
vt -1.499999761581421 1.559451699256897
vt -1.25 1.559451699256897
vt -1.25 1.5625
vt -1.499999761581421 1.559451699256897
vt -1.499999761581421 1.5565205812454224
vt -1.25 1.5565205812454224
vt -1.25 1.559451699256897
vt -1.499999761581421 1.5565205812454224
vt -1.499999761581421 1.553819179534912
vt -1.25 1.553819179534912
vt -1.25 1.5565205812454224
vt -1.499999761581421 1.553819179534912
vt -1.499999761581421 1.5514514446258545
vt -1.25 1.5514514446258545
vt -1.25 1.553819179534912
vt -0.5735485553741455 -0.4999997615814209
vt -0.5711807608604431 -0.4999997615814209
vt -0.5711807608604431 -0.25
vt -0.5735485553741455 -0.25
vt -0.5711807608604431 -0.4999997615814209
vt -0.5684794187545776 -0.4999997615814209
vt -0.5684794187545776 -0.25
vt -0.5711807608604431 -0.25
vt -0.5684794187545776 -0.4999997615814209
vt -0.565548300743103 -0.4999997615814209
vt -0.565548300743103 -0.25
vt -0.5684794187545776 -0.25
vt -0.565548300743103 -0.4999997615814209
vt -0.5625 -0.4999997615814209
vt -0.5625 -0.25
vt -0.565548300743103 -0.25
vt -0.5625 -0.4999997615814209
vt -0.559451699256897 -0.4999997615814209
vt -0.559451699256897 -0.25
vt -0.5625 -0.25
vt -0.559451699256897 -0.4999997615814209
vt -0.5565205812454224 -0.4999997615814209
vt -0.5565205812454224 -0.25
vt -0.559451699256897 -0.25
vt -0.5565205812454224 -0.4999997615814209
vt -0.5538192391395569 -0.4999997615814209
vt -0.5538192391395569 -0.25
vt -0.5565205812454224 -0.25
vt -0.5538192391395569 -0.4999997615814209
vt -0.5514514446258545 -0.4999997615814209
vt -0.5514514446258545 -0.25
vt -0.5538192391395569 -0.25
vt -1.499999761581421 1.5514514446258545
vt -1.499999761581421 1.553819179534912
vt -1.25 1.553819179534912
vt -1.25 1.5514514446258545
vt -1.499999761581421 1.553819179534912
vt -1.499999761581421 1.5565205812454224
vt -1.25 1.5565205812454224
vt -1.25 1.553819179534912
vt -1.499999761581421 1.5565205812454224
vt -1.499999761581421 1.559451699256897
vt -1.25 1.559451699256897
vt -1.25 1.5565205812454224
vt -1.499999761581421 1.559451699256897
vt -1.499999761581421 1.5625
vt -1.25 1.5625
vt -1.25 1.559451699256897
vt -0.5769356489181519 1.5684794187545776
vt -0.5778247714042664 1.565548300743103
vt -0.578125 1.5625
vt -0.575491726398468 1.571180820465088
vt -0.5735485553741455 1.5735485553741455
vt -0.5711807608604431 1.5754916667938232
vt -0.5684794187545776 1.5769355297088623
vt -0.565548300743103 1.5778248310089111
vt -0.5625 1.578125
vt -0.559451699256897 1.5778248310089111
vt -0.5565205812454224 1.5769355297088623
vt -0.5538192391395569 1.5754916667938232
vt -0.5514514446258545 1.5735485553741455
vt -0.549508273601532 1.571180820465088
vt -0.5480644106864929 1.5684794187545776
vt -0.5471752285957336 1.565548300743103
vt -0.546875 1.5625
vt -0.5471752285957336 1.559451699256897
vt -0.5480644106864929 1.5565205812454224
vt -0.549508273601532 1.553819179534912
vt -0.5514514446258545 1.5514514446258545
vt -0.5538192391395569 1.5495083332061768
vt -0.5565205812454224 1.5480644702911377
vt -0.559451699256897 1.5471751689910889
vt -0.5625 1.546875
vt -0.565548300743103 1.5471751689910889
vt -0.5684794187545776 1.5480643510818481
vt -0.5711807608604431 1.5495083332061768
vt -0.5735485553741455 1.5514514446258545
vt -0.575491726398468 1.553819179534912
vt -0.5769355893135071 1.5565205812454224
vt -0.5778247714042664 1.559451699256897
vt -0.5471752285957336 1.659298300743103
vt -0.5480644106864929 1.6622294187545776
vt -0.549508273601532 1.664930820465088
vt -0.546875 1.65625
vt -0.5471752285957336 1.653201699256897
vt -0.5480644106864929 1.6502705812454224
vt -0.549508273601532 1.647569179534912
vt -0.5514514446258545 1.6452014446258545
vt -0.5538192391395569 1.6432583332061768
vt -0.5565205812454224 1.6418144702911377
vt -0.559451699256897 1.6409251689910889
vt -0.5625 1.640625
vt -0.565548300743103 1.6409251689910889
vt -0.5684794187545776 1.6418143510818481
vt -0.5711807608604431 1.6432583332061768
vt -0.5735485553741455 1.6452014446258545
vt -0.575491726398468 1.647569179534912
vt -0.5769355893135071 1.6502705812454224
vt -0.5778247714042664 1.653201699256897
vt -0.578125 1.65625
vt -0.5778247714042664 1.659298300743103
vt -0.5769356489181519 1.6622294187545776
vt -0.575491726398468 1.664930820465088
vt -0.5735485553741455 1.6672985553741455
vt -0.5711807608604431 1.6692416667938232
vt -0.5684794187545776 1.6706855297088623
vt -0.565548300743103 1.6715748310089111
vt -0.5625 1.671875
vt -0.559451699256897 1.6715748310089111
vt -0.5565205812454224 1.6706855297088623
vt -0.5538192391395569 1.6692416667938232
vt -0.5514514446258545 1.6672985553741455
vt 1.750000238418579 1.659298300743103
vt 1.750000238418579 1.65625
vt 1.5 1.65625
vt 1.5 1.659298300743103
vt 1.750000238418579 1.6622294187545776
vt 1.750000238418579 1.659298300743103
vt 1.5 1.659298300743103
vt 1.5 1.6622294187545776
vt 1.750000238418579 1.664930820465088
vt 1.750000238418579 1.6622294187545776
vt 1.5 1.6622294187545776
vt 1.5 1.664930820465088
vt 1.750000238418579 1.6672985553741455
vt 1.750000238418579 1.664930820465088
vt 1.5 1.664930820465088
vt 1.5 1.6672985553741455
vt -0.5538192391395569 2.750000238418579
vt -0.5514514446258545 2.750000238418579
vt -0.5514514446258545 2.5
vt -0.5538192391395569 2.5
vt -0.5565205812454224 2.750000238418579
vt -0.5538192391395569 2.750000238418579
vt -0.5538192391395569 2.5
vt -0.5565205812454224 2.5
vt -0.559451699256897 2.750000238418579
vt -0.5565205812454224 2.750000238418579
vt -0.5565205812454224 2.5
vt -0.559451699256897 2.5
vt -0.5625 2.750000238418579
vt -0.559451699256897 2.750000238418579
vt -0.559451699256897 2.5
vt -0.5625 2.5
vt -0.565548300743103 2.750000238418579
vt -0.5625 2.750000238418579
vt -0.5625 2.5
vt -0.565548300743103 2.5
vt -0.5684794187545776 2.750000238418579
vt -0.565548300743103 2.750000238418579
vt -0.565548300743103 2.5
vt -0.5684794187545776 2.5
vt -0.5711807608604431 2.750000238418579
vt -0.5684794187545776 2.750000238418579
vt -0.5684794187545776 2.5
vt -0.5711807608604431 2.5
vt -0.5735485553741455 2.750000238418579
vt -0.5711807608604431 2.750000238418579
vt -0.5711807608604431 2.5
vt -0.5735485553741455 2.5
vt 1.750000238418579 1.664930820465088
vt 1.750000238418579 1.6672985553741455
vt 1.5 1.6672985553741455
vt 1.5 1.664930820465088
vt 1.750000238418579 1.6622294187545776
vt 1.750000238418579 1.664930820465088
vt 1.5 1.664930820465088
vt 1.5 1.6622294187545776
vt 1.750000238418579 1.659298300743103
vt 1.750000238418579 1.6622294187545776
vt 1.5 1.6622294187545776
vt 1.5 1.659298300743103
vt 1.750000238418579 1.65625
vt 1.750000238418579 1.659298300743103
vt 1.5 1.659298300743103
vt 1.5 1.65625
vt 1.750000238418579 1.653201699256897
vt 1.750000238418579 1.65625
vt 1.5 1.65625
vt 1.5 1.653201699256897
vt 1.750000238418579 1.6502705812454224
vt 1.750000238418579 1.653201699256897
vt 1.5 1.653201699256897
vt 1.5 1.6502705812454224
vt 1.750000238418579 1.647569179534912
vt 1.750000238418579 1.6502705812454224
vt 1.5 1.6502705812454224
vt 1.5 1.647569179534912
vt 1.750000238418579 1.6452014446258545
vt 1.750000238418579 1.647569179534912
vt 1.5 1.647569179534912
vt 1.5 1.6452014446258545
vt -0.5711807608604431 2.750000238418579
vt -0.5735485553741455 2.750000238418579
vt -0.5735485553741455 2.5
vt -0.5711807608604431 2.5
vt -0.5684794187545776 2.750000238418579
vt -0.5711807608604431 2.750000238418579
vt -0.5711807608604431 2.5
vt -0.5684794187545776 2.5
vt -0.565548300743103 2.750000238418579
vt -0.5684794187545776 2.750000238418579
vt -0.5684794187545776 2.5
vt -0.565548300743103 2.5
vt -0.5625 2.750000238418579
vt -0.565548300743103 2.750000238418579
vt -0.565548300743103 2.5
vt -0.5625 2.5
vt -0.559451699256897 2.750000238418579
vt -0.5625 2.750000238418579
vt -0.5625 2.5
vt -0.559451699256897 2.5
vt -0.5565205812454224 2.750000238418579
vt -0.559451699256897 2.750000238418579
vt -0.559451699256897 2.5
vt -0.5565205812454224 2.5
vt -0.5538192391395569 2.750000238418579
vt -0.5565205812454224 2.750000238418579
vt -0.5565205812454224 2.5
vt -0.5538192391395569 2.5
vt -0.5514514446258545 2.750000238418579
vt -0.5538192391395569 2.750000238418579
vt -0.5538192391395569 2.5
vt -0.5514514446258545 2.5
vt 1.750000238418579 1.647569179534912
vt 1.750000238418579 1.6452014446258545
vt 1.5 1.6452014446258545
vt 1.5 1.647569179534912
vt 1.750000238418579 1.6502705812454224
vt 1.750000238418579 1.647569179534912
vt 1.5 1.647569179534912
vt 1.5 1.6502705812454224
vt 1.750000238418579 1.653201699256897
vt 1.750000238418579 1.6502705812454224
vt 1.5 1.6502705812454224
vt 1.5 1.653201699256897
vt 1.750000238418579 1.65625
vt 1.750000238418579 1.653201699256897
vt 1.5 1.653201699256897
vt 1.5 1.65625
vt -0.5480644106864929 1.6622294187545776
vt -0.5471752285957336 1.659298300743103
vt -0.546875 1.65625
vt -0.549508273601532 1.664930820465088
vt -0.5514514446258545 1.6672985553741455
vt -0.5538192391395569 1.6692416667938232
vt -0.5565205812454224 1.6706855297088623
vt -0.559451699256897 1.6715748310089111
vt -0.5625 1.671875
vt -0.565548300743103 1.6715748310089111
vt -0.5684794187545776 1.6706855297088623
vt -0.5711807608604431 1.6692416667938232
vt -0.5735485553741455 1.6672985553741455
vt -0.575491726398468 1.664930820465088
vt -0.5769356489181519 1.6622294187545776
vt -0.5778247714042664 1.659298300743103
vt -0.578125 1.65625
vt -0.5778247714042664 1.653201699256897
vt -0.5769355893135071 1.6502705812454224
vt -0.575491726398468 1.647569179534912
vt -0.5735485553741455 1.6452014446258545
vt -0.5711807608604431 1.6432583332061768
vt -0.5684794187545776 1.6418143510818481
vt -0.565548300743103 1.6409251689910889
vt -0.5625 1.640625
vt -0.559451699256897 1.6409251689910889
vt -0.5565205812454224 1.6418144702911377
vt -0.5538192391395569 1.6432583332061768
vt -0.5514514446258545 1.6452014446258545
vt -0.549508273601532 1.647569179534912
vt -0.5480644106864929 1.6502705812454224
vt -0.5471752285957336 1.653201699256897
vt -0.5471752285957336 1.612423300743103
vt -0.5480644106864929 1.6153544187545776
vt -0.549508273601532 1.618055820465088
vt -0.546875 1.609375
vt -0.5471752285957336 1.606326699256897
vt -0.5480644106864929 1.6033955812454224
vt -0.549508273601532 1.600694179534912
vt -0.5514514446258545 1.5983264446258545
vt -0.5538192391395569 1.5963833332061768
vt -0.5565205812454224 1.5949394702911377
vt -0.559451699256897 1.5940501689910889
vt -0.5625 1.59375
vt -0.565548300743103 1.5940501689910889
vt -0.5684794187545776 1.5949393510818481
vt -0.5711807608604431 1.5963833332061768
vt -0.5735485553741455 1.5983264446258545
vt -0.575491726398468 1.600694179534912
vt -0.5769355893135071 1.6033955812454224
vt -0.5778247714042664 1.606326699256897
vt -0.578125 1.609375
vt -0.5778247714042664 1.612423300743103
vt -0.5769356489181519 1.6153544187545776
vt -0.575491726398468 1.618055820465088
vt -0.5735485553741455 1.6204235553741455
vt -0.5711807608604431 1.6223666667938232
vt -0.5684794187545776 1.6238105297088623
vt -0.565548300743103 1.6246998310089111
vt -0.5625 1.625
vt -0.559451699256897 1.6246998310089111
vt -0.5565205812454224 1.6238105297088623
vt -0.5538192391395569 1.6223666667938232
vt -0.5514514446258545 1.6204235553741455
vt 1.750000238418579 1.612423300743103
vt 1.750000238418579 1.609375
vt 1.5 1.609375
vt 1.5 1.612423300743103
vt 1.750000238418579 1.6153544187545776
vt 1.750000238418579 1.612423300743103
vt 1.5 1.612423300743103
vt 1.5 1.6153544187545776
vt 1.750000238418579 1.618055820465088
vt 1.750000238418579 1.6153544187545776
vt 1.5 1.6153544187545776
vt 1.5 1.618055820465088
vt 1.750000238418579 1.6204235553741455
vt 1.750000238418579 1.618055820465088
vt 1.5 1.618055820465088
vt 1.5 1.6204235553741455
vt -0.5538192391395569 2.750000238418579
vt -0.5514514446258545 2.750000238418579
vt -0.5514514446258545 2.5
vt -0.5538192391395569 2.5
vt -0.5565205812454224 2.750000238418579
vt -0.5538192391395569 2.750000238418579
vt -0.5538192391395569 2.5
vt -0.5565205812454224 2.5
vt -0.559451699256897 2.750000238418579
vt -0.5565205812454224 2.750000238418579
vt -0.5565205812454224 2.5
vt -0.559451699256897 2.5
vt -0.5625 2.750000238418579
vt -0.559451699256897 2.750000238418579
vt -0.559451699256897 2.5
vt -0.5625 2.5
vt -0.565548300743103 2.750000238418579
vt -0.5625 2.750000238418579
vt -0.5625 2.5
vt -0.565548300743103 2.5
vt -0.5684794187545776 2.750000238418579
vt -0.565548300743103 2.750000238418579
vt -0.565548300743103 2.5
vt -0.5684794187545776 2.5
vt -0.5711807608604431 2.750000238418579
vt -0.5684794187545776 2.750000238418579
vt -0.5684794187545776 2.5
vt -0.5711807608604431 2.5
vt -0.5735485553741455 2.750000238418579
vt -0.5711807608604431 2.750000238418579
vt -0.5711807608604431 2.5
vt -0.5735485553741455 2.5
vt 1.750000238418579 1.618055820465088
vt 1.750000238418579 1.6204235553741455
vt 1.5 1.6204235553741455
vt 1.5 1.618055820465088
vt 1.750000238418579 1.6153544187545776
vt 1.750000238418579 1.618055820465088
vt 1.5 1.618055820465088
vt 1.5 1.6153544187545776
vt 1.750000238418579 1.612423300743103
vt 1.750000238418579 1.6153544187545776
vt 1.5 1.6153544187545776
vt 1.5 1.612423300743103
vt 1.750000238418579 1.609375
vt 1.750000238418579 1.612423300743103
vt 1.5 1.612423300743103
vt 1.5 1.609375
vt 1.750000238418579 1.606326699256897
vt 1.750000238418579 1.609375
vt 1.5 1.609375
vt 1.5 1.606326699256897
vt 1.750000238418579 1.6033955812454224
vt 1.750000238418579 1.606326699256897
vt 1.5 1.606326699256897
vt 1.5 1.6033955812454224
vt 1.750000238418579 1.600694179534912
vt 1.750000238418579 1.6033955812454224
vt 1.5 1.6033955812454224
vt 1.5 1.600694179534912
vt 1.750000238418579 1.5983264446258545
vt 1.750000238418579 1.600694179534912
vt 1.5 1.600694179534912
vt 1.5 1.5983264446258545
vt -0.5711807608604431 2.750000238418579
vt -0.5735485553741455 2.750000238418579
vt -0.5735485553741455 2.5
vt -0.5711807608604431 2.5
vt -0.5684794187545776 2.750000238418579
vt -0.5711807608604431 2.750000238418579
vt -0.5711807608604431 2.5
vt -0.5684794187545776 2.5
vt -0.565548300743103 2.750000238418579
vt -0.5684794187545776 2.750000238418579
vt -0.5684794187545776 2.5
vt -0.565548300743103 2.5
vt -0.5625 2.750000238418579
vt -0.565548300743103 2.750000238418579
vt -0.565548300743103 2.5
vt -0.5625 2.5
vt -0.559451699256897 2.750000238418579
vt -0.5625 2.750000238418579
vt -0.5625 2.5
vt -0.559451699256897 2.5
vt -0.5565205812454224 2.750000238418579
vt -0.559451699256897 2.750000238418579
vt -0.559451699256897 2.5
vt -0.5565205812454224 2.5
vt -0.5538192391395569 2.750000238418579
vt -0.5565205812454224 2.750000238418579
vt -0.5565205812454224 2.5
vt -0.5538192391395569 2.5
vt -0.5514514446258545 2.750000238418579
vt -0.5538192391395569 2.750000238418579
vt -0.5538192391395569 2.5
vt -0.5514514446258545 2.5
vt 1.750000238418579 1.600694179534912
vt 1.750000238418579 1.5983264446258545
vt 1.5 1.5983264446258545
vt 1.5 1.600694179534912
vt 1.750000238418579 1.6033955812454224
vt 1.750000238418579 1.600694179534912
vt 1.5 1.600694179534912
vt 1.5 1.6033955812454224
vt 1.750000238418579 1.606326699256897
vt 1.750000238418579 1.6033955812454224
vt 1.5 1.6033955812454224
vt 1.5 1.606326699256897
vt 1.750000238418579 1.609375
vt 1.750000238418579 1.606326699256897
vt 1.5 1.606326699256897
vt 1.5 1.609375
vt -0.5480644106864929 1.6153544187545776
vt -0.5471752285957336 1.612423300743103
vt -0.546875 1.609375
vt -0.549508273601532 1.618055820465088
vt -0.5514514446258545 1.6204235553741455
vt -0.5538192391395569 1.6223666667938232
vt -0.5565205812454224 1.6238105297088623
vt -0.559451699256897 1.6246998310089111
vt -0.5625 1.625
vt -0.565548300743103 1.6246998310089111
vt -0.5684794187545776 1.6238105297088623
vt -0.5711807608604431 1.6223666667938232
vt -0.5735485553741455 1.6204235553741455
vt -0.575491726398468 1.618055820465088
vt -0.5769356489181519 1.6153544187545776
vt -0.5778247714042664 1.612423300743103
vt -0.578125 1.609375
vt -0.5778247714042664 1.606326699256897
vt -0.5769355893135071 1.6033955812454224
vt -0.575491726398468 1.600694179534912
vt -0.5735485553741455 1.5983264446258545
vt -0.5711807608604431 1.5963833332061768
vt -0.5684794187545776 1.5949393510818481
vt -0.565548300743103 1.5940501689910889
vt -0.5625 1.59375
vt -0.559451699256897 1.5940501689910889
vt -0.5565205812454224 1.5949394702911377
vt -0.5538192391395569 1.5963833332061768
vt -0.5514514446258545 1.5983264446258545
vt -0.549508273601532 1.600694179534912
vt -0.5480644106864929 1.6033955812454224
vt -0.5471752285957336 1.606326699256897
vt -0.5471752285957336 1.565548300743103
vt -0.5480644106864929 1.5684794187545776
vt -0.549508273601532 1.571180820465088
vt -0.546875 1.5625
vt -0.5471752285957336 1.559451699256897
vt -0.5480644106864929 1.5565205812454224
vt -0.549508273601532 1.553819179534912
vt -0.5514514446258545 1.5514514446258545
vt -0.5538192391395569 1.5495083332061768
vt -0.5565205812454224 1.5480644702911377
vt -0.559451699256897 1.5471751689910889
vt -0.5625 1.546875
vt -0.565548300743103 1.5471751689910889
vt -0.5684794187545776 1.5480643510818481
vt -0.5711807608604431 1.5495083332061768
vt -0.5735485553741455 1.5514514446258545
vt -0.575491726398468 1.553819179534912
vt -0.5769355893135071 1.5565205812454224
vt -0.5778247714042664 1.559451699256897
vt -0.578125 1.5625
vt -0.5778247714042664 1.565548300743103
vt -0.5769356489181519 1.5684794187545776
vt -0.575491726398468 1.571180820465088
vt -0.5735485553741455 1.5735485553741455
vt -0.5711807608604431 1.5754916667938232
vt -0.5684794187545776 1.5769355297088623
vt -0.565548300743103 1.5778248310089111
vt -0.5625 1.578125
vt -0.559451699256897 1.5778248310089111
vt -0.5565205812454224 1.5769355297088623
vt -0.5538192391395569 1.5754916667938232
vt -0.5514514446258545 1.5735485553741455
vt 1.750000238418579 1.565548300743103
vt 1.750000238418579 1.5625
vt 1.5 1.5625
vt 1.5 1.565548300743103
vt 1.750000238418579 1.5684794187545776
vt 1.750000238418579 1.565548300743103
vt 1.5 1.565548300743103
vt 1.5 1.5684794187545776
vt 1.750000238418579 1.571180820465088
vt 1.750000238418579 1.5684794187545776
vt 1.5 1.5684794187545776
vt 1.5 1.571180820465088
vt 1.750000238418579 1.5735485553741455
vt 1.750000238418579 1.571180820465088
vt 1.5 1.571180820465088
vt 1.5 1.5735485553741455
vt -0.5538192391395569 2.750000238418579
vt -0.5514514446258545 2.750000238418579
vt -0.5514514446258545 2.5
vt -0.5538192391395569 2.5
vt -0.5565205812454224 2.750000238418579
vt -0.5538192391395569 2.750000238418579
vt -0.5538192391395569 2.5
vt -0.5565205812454224 2.5
vt -0.559451699256897 2.750000238418579
vt -0.5565205812454224 2.750000238418579
vt -0.5565205812454224 2.5
vt -0.559451699256897 2.5
vt -0.5625 2.750000238418579
vt -0.559451699256897 2.750000238418579
vt -0.559451699256897 2.5
vt -0.5625 2.5
vt -0.565548300743103 2.750000238418579
vt -0.5625 2.750000238418579
vt -0.5625 2.5
vt -0.565548300743103 2.5
vt -0.5684794187545776 2.750000238418579
vt -0.565548300743103 2.750000238418579
vt -0.565548300743103 2.5
vt -0.5684794187545776 2.5
vt -0.5711807608604431 2.750000238418579
vt -0.5684794187545776 2.750000238418579
vt -0.5684794187545776 2.5
vt -0.5711807608604431 2.5
vt -0.5735485553741455 2.750000238418579
vt -0.5711807608604431 2.750000238418579
vt -0.5711807608604431 2.5
vt -0.5735485553741455 2.5
vt 1.750000238418579 1.571180820465088
vt 1.750000238418579 1.5735485553741455
vt 1.5 1.5735485553741455
vt 1.5 1.571180820465088
vt 1.750000238418579 1.5684794187545776
vt 1.750000238418579 1.571180820465088
vt 1.5 1.571180820465088
vt 1.5 1.5684794187545776
vt 1.750000238418579 1.565548300743103
vt 1.750000238418579 1.5684794187545776
vt 1.5 1.5684794187545776
vt 1.5 1.565548300743103
vt 1.750000238418579 1.5625
vt 1.750000238418579 1.565548300743103
vt 1.5 1.565548300743103
vt 1.5 1.5625
vt 1.750000238418579 1.559451699256897
vt 1.750000238418579 1.5625
vt 1.5 1.5625
vt 1.5 1.559451699256897
vt 1.750000238418579 1.5565205812454224
vt 1.750000238418579 1.559451699256897
vt 1.5 1.559451699256897
vt 1.5 1.5565205812454224
vt 1.750000238418579 1.553819179534912
vt 1.750000238418579 1.5565205812454224
vt 1.5 1.5565205812454224
vt 1.5 1.553819179534912
vt 1.750000238418579 1.5514514446258545
vt 1.750000238418579 1.553819179534912
vt 1.5 1.553819179534912
vt 1.5 1.5514514446258545
vt -0.5711807608604431 2.750000238418579
vt -0.5735485553741455 2.750000238418579
vt -0.5735485553741455 2.5
vt -0.5711807608604431 2.5
vt -0.5684794187545776 2.750000238418579
vt -0.5711807608604431 2.750000238418579
vt -0.5711807608604431 2.5
vt -0.5684794187545776 2.5
vt -0.565548300743103 2.750000238418579
vt -0.5684794187545776 2.750000238418579
vt -0.5684794187545776 2.5
vt -0.565548300743103 2.5
vt -0.5625 2.750000238418579
vt -0.565548300743103 2.750000238418579
vt -0.565548300743103 2.5
vt -0.5625 2.5
vt -0.559451699256897 2.750000238418579
vt -0.5625 2.750000238418579
vt -0.5625 2.5
vt -0.559451699256897 2.5
vt -0.5565205812454224 2.750000238418579
vt -0.559451699256897 2.750000238418579
vt -0.559451699256897 2.5
vt -0.5565205812454224 2.5
vt -0.5538192391395569 2.750000238418579
vt -0.5565205812454224 2.750000238418579
vt -0.5565205812454224 2.5
vt -0.5538192391395569 2.5
vt -0.5514514446258545 2.750000238418579
vt -0.5538192391395569 2.750000238418579
vt -0.5538192391395569 2.5
vt -0.5514514446258545 2.5
vt 1.750000238418579 1.553819179534912
vt 1.750000238418579 1.5514514446258545
vt 1.5 1.5514514446258545
vt 1.5 1.553819179534912
vt 1.750000238418579 1.5565205812454224
vt 1.750000238418579 1.553819179534912
vt 1.5 1.553819179534912
vt 1.5 1.5565205812454224
vt 1.750000238418579 1.559451699256897
vt 1.750000238418579 1.5565205812454224
vt 1.5 1.5565205812454224
vt 1.5 1.559451699256897
vt 1.750000238418579 1.5625
vt 1.750000238418579 1.559451699256897
vt 1.5 1.559451699256897
vt 1.5 1.5625
vt -0.5480644106864929 1.5684794187545776
vt -0.5471752285957336 1.565548300743103
vt -0.546875 1.5625
vt -0.549508273601532 1.571180820465088
vt -0.5514514446258545 1.5735485553741455
vt -0.5538192391395569 1.5754916667938232
vt -0.5565205812454224 1.5769355297088623
vt -0.559451699256897 1.5778248310089111
vt -0.5625 1.578125
vt -0.565548300743103 1.5778248310089111
vt -0.5684794187545776 1.5769355297088623
vt -0.5711807608604431 1.5754916667938232
vt -0.5735485553741455 1.5735485553741455
vt -0.575491726398468 1.571180820465088
vt -0.5769356489181519 1.5684794187545776
vt -0.5778247714042664 1.565548300743103
vt -0.578125 1.5625
vt -0.5778247714042664 1.559451699256897
vt -0.5769355893135071 1.5565205812454224
vt -0.575491726398468 1.553819179534912
vt -0.5735485553741455 1.5514514446258545
vt -0.5711807608604431 1.5495083332061768
vt -0.5684794187545776 1.5480643510818481
vt -0.565548300743103 1.5471751689910889
vt -0.5625 1.546875
vt -0.559451699256897 1.5471751689910889
vt -0.5565205812454224 1.5480644702911377
vt -0.5538192391395569 1.5495083332061768
vt -0.5514514446258545 1.5514514446258545
vt -0.549508273601532 1.553819179534912
vt -0.5480644106864929 1.5565205812454224
vt -0.5471752285957336 1.559451699256897
vt 0.25 1.659298300743103
vt 0.25 1.65625
vt 0.0 1.65625
vt 0.0 1.659298300743103
vt 0.25 1.6622294187545776
vt 0.25 1.659298300743103
vt 0.0 1.659298300743103
vt 0.0 1.6622294187545776
vt 0.25 1.664930820465088
vt 0.25 1.6622294187545776
vt 0.0 1.6622294187545776
vt 0.0 1.664930820465088
vt 0.25 1.6672985553741455
vt 0.25 1.664930820465088
vt 0.0 1.664930820465088
vt 0.0 1.6672985553741455
vt -0.5538192391395569 1.25
vt -0.5514514446258545 1.25
vt -0.5514514446258545 1.0000000149011612
vt -0.5538192391395569 1.0000000149011612
vt -0.5565205812454224 1.25
vt -0.5538192391395569 1.25
vt -0.5538192391395569 1.0000000149011612
vt -0.5565205812454224 1.0000000149011612
vt -0.559451699256897 1.25
vt -0.5565205812454224 1.25
vt -0.5565205812454224 1.0000000149011612
vt -0.559451699256897 1.0000000149011612
vt -0.5625 1.25
vt -0.559451699256897 1.25
vt -0.559451699256897 1.0000000149011612
vt -0.5625 1.0000000149011612
vt -0.565548300743103 1.25
vt -0.5625 1.25
vt -0.5625 1.0000000149011612
vt -0.565548300743103 1.0000000149011612
vt -0.5684794187545776 1.25
vt -0.565548300743103 1.25
vt -0.565548300743103 1.0000000149011612
vt -0.5684794187545776 1.0000000149011612
vt -0.5711807608604431 1.25
vt -0.5684794187545776 1.25
vt -0.5684794187545776 1.0000000149011612
vt -0.5711807608604431 1.0000000149011612
vt -0.5735485553741455 1.25
vt -0.5711807608604431 1.25
vt -0.5711807608604431 1.0000000149011612
vt -0.5735485553741455 1.0000000149011612
vt 0.25 1.664930820465088
vt 0.25 1.6672985553741455
vt 0.0 1.6672985553741455
vt 0.0 1.664930820465088
vt 0.25 1.6622294187545776
vt 0.25 1.664930820465088
vt 0.0 1.664930820465088
vt 0.0 1.6622294187545776
vt 0.25 1.659298300743103
vt 0.25 1.6622294187545776
vt 0.0 1.6622294187545776
vt 0.0 1.659298300743103
vt 0.25 1.65625
vt 0.25 1.659298300743103
vt 0.0 1.659298300743103
vt 0.0 1.65625
vt 0.25 1.653201699256897
vt 0.25 1.65625
vt 0.0 1.65625
vt 0.0 1.653201699256897
vt 0.25 1.6502705812454224
vt 0.25 1.653201699256897
vt 0.0 1.653201699256897
vt 0.0 1.6502705812454224
vt 0.25 1.647569179534912
vt 0.25 1.6502705812454224
vt 0.0 1.6502705812454224
vt 0.0 1.647569179534912
vt 0.25 1.6452014446258545
vt 0.25 1.647569179534912
vt 0.0 1.647569179534912
vt 0.0 1.6452014446258545
vt -0.5711807608604431 1.25
vt -0.5735485553741455 1.25
vt -0.5735485553741455 1.0000000149011612
vt -0.5711807608604431 1.0000000149011612
vt -0.5684794187545776 1.25
vt -0.5711807608604431 1.25
vt -0.5711807608604431 1.0000000149011612
vt -0.5684794187545776 1.0000000149011612
vt -0.565548300743103 1.25
vt -0.5684794187545776 1.25
vt -0.5684794187545776 1.0000000149011612
vt -0.565548300743103 1.0000000149011612
vt -0.5625 1.25
vt -0.565548300743103 1.25
vt -0.565548300743103 1.0000000149011612
vt -0.5625 1.0000000149011612
vt -0.559451699256897 1.25
vt -0.5625 1.25
vt -0.5625 1.0000000149011612
vt -0.559451699256897 1.0000000149011612
vt -0.5565205812454224 1.25
vt -0.559451699256897 1.25
vt -0.559451699256897 1.0000000149011612
vt -0.5565205812454224 1.0000000149011612
vt -0.5538192391395569 1.25
vt -0.5565205812454224 1.25
vt -0.5565205812454224 1.0000000149011612
vt -0.5538192391395569 1.0000000149011612
vt -0.5514514446258545 1.25
vt -0.5538192391395569 1.25
vt -0.5538192391395569 1.0000000149011612
vt -0.5514514446258545 1.0000000149011612
vt 0.25 1.647569179534912
vt 0.25 1.6452014446258545
vt 0.0 1.6452014446258545
vt 0.0 1.647569179534912
vt 0.25 1.6502705812454224
vt 0.25 1.647569179534912
vt 0.0 1.647569179534912
vt 0.0 1.6502705812454224
vt 0.25 1.653201699256897
vt 0.25 1.6502705812454224
vt 0.0 1.6502705812454224
vt 0.0 1.653201699256897
vt 0.25 1.65625
vt 0.25 1.653201699256897
vt 0.0 1.653201699256897
vt 0.0 1.65625
vt -0.578125 1.65625
vt -0.5778247714042664 1.653201699256897
vt -0.5769355893135071 1.6502705812454224
vt -0.5778247714042664 1.659298300743103
vt -0.5769356489181519 1.6622294187545776
vt -0.575491726398468 1.664930820465088
vt -0.5735485553741455 1.6672985553741455
vt -0.5711807608604431 1.6692416667938232
vt -0.5684794187545776 1.6706855297088623
vt -0.565548300743103 1.6715748310089111
vt -0.5625 1.671875
vt -0.559451699256897 1.6715748310089111
vt -0.5565205812454224 1.6706855297088623
vt -0.5538192391395569 1.6692416667938232
vt -0.5514514446258545 1.6672985553741455
vt -0.549508273601532 1.664930820465088
vt -0.5480644106864929 1.6622294187545776
vt -0.5471752285957336 1.659298300743103
vt -0.546875 1.65625
vt -0.5471752285957336 1.653201699256897
vt -0.5480644106864929 1.6502705812454224
vt -0.549508273601532 1.647569179534912
vt -0.5514514446258545 1.6452014446258545
vt -0.5538192391395569 1.6432583332061768
vt -0.5565205812454224 1.6418144702911377
vt -0.559451699256897 1.6409251689910889
vt -0.5625 1.640625
vt -0.565548300743103 1.6409251689910889
vt -0.5684794187545776 1.6418143510818481
vt -0.5711807608604431 1.6432583332061768
vt -0.5735485553741455 1.6452014446258545
vt -0.575491726398468 1.647569179534912
vt -0.5480644106864929 1.6622294187545776
vt -0.5471752285957336 1.659298300743103
vt -0.546875 1.65625
vt -0.549508273601532 1.664930820465088
vt -0.5514514446258545 1.6672985553741455
vt -0.5538192391395569 1.6692416667938232
vt -0.5565205812454224 1.6706855297088623
vt -0.559451699256897 1.6715748310089111
vt -0.5625 1.671875
vt -0.565548300743103 1.6715748310089111
vt -0.5684794187545776 1.6706855297088623
vt -0.5711807608604431 1.6692416667938232
vt -0.5735485553741455 1.6672985553741455
vt -0.575491726398468 1.664930820465088
vt -0.5769356489181519 1.6622294187545776
vt -0.5778247714042664 1.659298300743103
vt -0.578125 1.65625
vt -0.5778247714042664 1.653201699256897
vt -0.5769355893135071 1.6502705812454224
vt -0.575491726398468 1.647569179534912
vt -0.5735485553741455 1.6452014446258545
vt -0.5711807608604431 1.6432583332061768
vt -0.5684794187545776 1.6418143510818481
vt -0.565548300743103 1.6409251689910889
vt -0.5625 1.640625
vt -0.559451699256897 1.6409251689910889
vt -0.5565205812454224 1.6418144702911377
vt -0.5538192391395569 1.6432583332061768
vt -0.5514514446258545 1.6452014446258545
vt -0.549508273601532 1.647569179534912
vt -0.5480644106864929 1.6502705812454224
vt -0.5471752285957336 1.653201699256897
vt 0.25 1.612423300743103
vt 0.25 1.609375
vt 0.0 1.609375
vt 0.0 1.612423300743103
vt 0.25 1.6153544187545776
vt 0.25 1.612423300743103
vt 0.0 1.612423300743103
vt 0.0 1.6153544187545776
vt 0.25 1.618055820465088
vt 0.25 1.6153544187545776
vt 0.0 1.6153544187545776
vt 0.0 1.618055820465088
vt 0.25 1.6204235553741455
vt 0.25 1.618055820465088
vt 0.0 1.618055820465088
vt 0.0 1.6204235553741455
vt -0.5538192391395569 1.25
vt -0.5514514446258545 1.25
vt -0.5514514446258545 1.0000000149011612
vt -0.5538192391395569 1.0000000149011612
vt -0.5565205812454224 1.25
vt -0.5538192391395569 1.25
vt -0.5538192391395569 1.0000000149011612
vt -0.5565205812454224 1.0000000149011612
vt -0.559451699256897 1.25
vt -0.5565205812454224 1.25
vt -0.5565205812454224 1.0000000149011612
vt -0.559451699256897 1.0000000149011612
vt -0.5625 1.25
vt -0.559451699256897 1.25
vt -0.559451699256897 1.0000000149011612
vt -0.5625 1.0000000149011612
vt -0.565548300743103 1.25
vt -0.5625 1.25
vt -0.5625 1.0000000149011612
vt -0.565548300743103 1.0000000149011612
vt -0.5684794187545776 1.25
vt -0.565548300743103 1.25
vt -0.565548300743103 1.0000000149011612
vt -0.5684794187545776 1.0000000149011612
vt -0.5711807608604431 1.25
vt -0.5684794187545776 1.25
vt -0.5684794187545776 1.0000000149011612
vt -0.5711807608604431 1.0000000149011612
vt -0.5735485553741455 1.25
vt -0.5711807608604431 1.25
vt -0.5711807608604431 1.0000000149011612
vt -0.5735485553741455 1.0000000149011612
vt 0.25 1.618055820465088
vt 0.25 1.6204235553741455
vt 0.0 1.6204235553741455
vt 0.0 1.618055820465088
vt 0.25 1.6153544187545776
vt 0.25 1.618055820465088
vt 0.0 1.618055820465088
vt 0.0 1.6153544187545776
vt 0.25 1.612423300743103
vt 0.25 1.6153544187545776
vt 0.0 1.6153544187545776
vt 0.0 1.612423300743103
vt 0.25 1.609375
vt 0.25 1.612423300743103
vt 0.0 1.612423300743103
vt 0.0 1.609375
vt 0.25 1.606326699256897
vt 0.25 1.609375
vt 0.0 1.609375
vt 0.0 1.606326699256897
vt 0.25 1.6033955812454224
vt 0.25 1.606326699256897
vt 0.0 1.606326699256897
vt 0.0 1.6033955812454224
vt 0.25 1.600694179534912
vt 0.25 1.6033955812454224
vt 0.0 1.6033955812454224
vt 0.0 1.600694179534912
vt 0.25 1.5983264446258545
vt 0.25 1.600694179534912
vt 0.0 1.600694179534912
vt 0.0 1.5983264446258545
vt -0.5711807608604431 1.25
vt -0.5735485553741455 1.25
vt -0.5735485553741455 1.0000000149011612
vt -0.5711807608604431 1.0000000149011612
vt -0.5684794187545776 1.25
vt -0.5711807608604431 1.25
vt -0.5711807608604431 1.0000000149011612
vt -0.5684794187545776 1.0000000149011612
vt -0.565548300743103 1.25
vt -0.5684794187545776 1.25
vt -0.5684794187545776 1.0000000149011612
vt -0.565548300743103 1.0000000149011612
vt -0.5625 1.25
vt -0.565548300743103 1.25
vt -0.565548300743103 1.0000000149011612
vt -0.5625 1.0000000149011612
vt -0.559451699256897 1.25
vt -0.5625 1.25
vt -0.5625 1.0000000149011612
vt -0.559451699256897 1.0000000149011612
vt -0.5565205812454224 1.25
vt -0.559451699256897 1.25
vt -0.559451699256897 1.0000000149011612
vt -0.5565205812454224 1.0000000149011612
vt -0.5538192391395569 1.25
vt -0.5565205812454224 1.25
vt -0.5565205812454224 1.0000000149011612
vt -0.5538192391395569 1.0000000149011612
vt -0.5514514446258545 1.25
vt -0.5538192391395569 1.25
vt -0.5538192391395569 1.0000000149011612
vt -0.5514514446258545 1.0000000149011612
vt 0.25 1.600694179534912
vt 0.25 1.5983264446258545
vt 0.0 1.5983264446258545
vt 0.0 1.600694179534912
vt 0.25 1.6033955812454224
vt 0.25 1.600694179534912
vt 0.0 1.600694179534912
vt 0.0 1.6033955812454224
vt 0.25 1.606326699256897
vt 0.25 1.6033955812454224
vt 0.0 1.6033955812454224
vt 0.0 1.606326699256897
vt 0.25 1.609375
vt 0.25 1.606326699256897
vt 0.0 1.606326699256897
vt 0.0 1.609375
vt -0.578125 1.609375
vt -0.5778247714042664 1.606326699256897
vt -0.5769355893135071 1.6033955812454224
vt -0.5778247714042664 1.612423300743103
vt -0.5769356489181519 1.6153544187545776
vt -0.575491726398468 1.618055820465088
vt -0.5735485553741455 1.6204235553741455
vt -0.5711807608604431 1.6223666667938232
vt -0.5684794187545776 1.6238105297088623
vt -0.565548300743103 1.6246998310089111
vt -0.5625 1.625
vt -0.559451699256897 1.6246998310089111
vt -0.5565205812454224 1.6238105297088623
vt -0.5538192391395569 1.6223666667938232
vt -0.5514514446258545 1.6204235553741455
vt -0.549508273601532 1.618055820465088
vt -0.5480644106864929 1.6153544187545776
vt -0.5471752285957336 1.612423300743103
vt -0.546875 1.609375
vt -0.5471752285957336 1.606326699256897
vt -0.5480644106864929 1.6033955812454224
vt -0.549508273601532 1.600694179534912
vt -0.5514514446258545 1.5983264446258545
vt -0.5538192391395569 1.5963833332061768
vt -0.5565205812454224 1.5949394702911377
vt -0.559451699256897 1.5940501689910889
vt -0.5625 1.59375
vt -0.565548300743103 1.5940501689910889
vt -0.5684794187545776 1.5949393510818481
vt -0.5711807608604431 1.5963833332061768
vt -0.5735485553741455 1.5983264446258545
vt -0.575491726398468 1.600694179534912
vt -0.5480644106864929 1.6153544187545776
vt -0.5471752285957336 1.612423300743103
vt -0.546875 1.609375
vt -0.549508273601532 1.618055820465088
vt -0.5514514446258545 1.6204235553741455
vt -0.5538192391395569 1.6223666667938232
vt -0.5565205812454224 1.6238105297088623
vt -0.559451699256897 1.6246998310089111
vt -0.5625 1.625
vt -0.565548300743103 1.6246998310089111
vt -0.5684794187545776 1.6238105297088623
vt -0.5711807608604431 1.6223666667938232
vt -0.5735485553741455 1.6204235553741455
vt -0.575491726398468 1.618055820465088
vt -0.5769356489181519 1.6153544187545776
vt -0.5778247714042664 1.612423300743103
vt -0.578125 1.609375
vt -0.5778247714042664 1.606326699256897
vt -0.5769355893135071 1.6033955812454224
vt -0.575491726398468 1.600694179534912
vt -0.5735485553741455 1.5983264446258545
vt -0.5711807608604431 1.5963833332061768
vt -0.5684794187545776 1.5949393510818481
vt -0.565548300743103 1.5940501689910889
vt -0.5625 1.59375
vt -0.559451699256897 1.5940501689910889
vt -0.5565205812454224 1.5949394702911377
vt -0.5538192391395569 1.5963833332061768
vt -0.5514514446258545 1.5983264446258545
vt -0.549508273601532 1.600694179534912
vt -0.5480644106864929 1.6033955812454224
vt -0.5471752285957336 1.606326699256897
vt 0.25 1.565548300743103
vt 0.25 1.5625
vt 0.0 1.5625
vt 0.0 1.565548300743103
vt 0.25 1.5684794187545776
vt 0.25 1.565548300743103
vt 0.0 1.565548300743103
vt 0.0 1.5684794187545776
vt 0.25 1.571180820465088
vt 0.25 1.5684794187545776
vt 0.0 1.5684794187545776
vt 0.0 1.571180820465088
vt 0.25 1.5735485553741455
vt 0.25 1.571180820465088
vt 0.0 1.571180820465088
vt 0.0 1.5735485553741455
vt -0.5538192391395569 1.25
vt -0.5514514446258545 1.25
vt -0.5514514446258545 1.0000000149011612
vt -0.5538192391395569 1.0000000149011612
vt -0.5565205812454224 1.25
vt -0.5538192391395569 1.25
vt -0.5538192391395569 1.0000000149011612
vt -0.5565205812454224 1.0000000149011612
vt -0.559451699256897 1.25
vt -0.5565205812454224 1.25
vt -0.5565205812454224 1.0000000149011612
vt -0.559451699256897 1.0000000149011612
vt -0.5625 1.25
vt -0.559451699256897 1.25
vt -0.559451699256897 1.0000000149011612
vt -0.5625 1.0000000149011612
vt -0.565548300743103 1.25
vt -0.5625 1.25
vt -0.5625 1.0000000149011612
vt -0.565548300743103 1.0000000149011612
vt -0.5684794187545776 1.25
vt -0.565548300743103 1.25
vt -0.565548300743103 1.0000000149011612
vt -0.5684794187545776 1.0000000149011612
vt -0.5711807608604431 1.25
vt -0.5684794187545776 1.25
vt -0.5684794187545776 1.0000000149011612
vt -0.5711807608604431 1.0000000149011612
vt -0.5735485553741455 1.25
vt -0.5711807608604431 1.25
vt -0.5711807608604431 1.0000000149011612
vt -0.5735485553741455 1.0000000149011612
vt 0.25 1.571180820465088
vt 0.25 1.5735485553741455
vt 0.0 1.5735485553741455
vt 0.0 1.571180820465088
vt 0.25 1.5684794187545776
vt 0.25 1.571180820465088
vt 0.0 1.571180820465088
vt 0.0 1.5684794187545776
vt 0.25 1.565548300743103
vt 0.25 1.5684794187545776
vt 0.0 1.5684794187545776
vt 0.0 1.565548300743103
vt 0.25 1.5625
vt 0.25 1.565548300743103
vt 0.0 1.565548300743103
vt 0.0 1.5625
vt 0.25 1.559451699256897
vt 0.25 1.5625
vt 0.0 1.5625
vt 0.0 1.559451699256897
vt 0.25 1.5565205812454224
vt 0.25 1.559451699256897
vt 0.0 1.559451699256897
vt 0.0 1.5565205812454224
vt 0.25 1.553819179534912
vt 0.25 1.5565205812454224
vt 0.0 1.5565205812454224
vt 0.0 1.553819179534912
vt 0.25 1.5514514446258545
vt 0.25 1.553819179534912
vt 0.0 1.553819179534912
vt 0.0 1.5514514446258545
vt -0.5711807608604431 1.25
vt -0.5735485553741455 1.25
vt -0.5735485553741455 1.0000000149011612
vt -0.5711807608604431 1.0000000149011612
vt -0.5684794187545776 1.25
vt -0.5711807608604431 1.25
vt -0.5711807608604431 1.0000000149011612
vt -0.5684794187545776 1.0000000149011612
vt -0.565548300743103 1.25
vt -0.5684794187545776 1.25
vt -0.5684794187545776 1.0000000149011612
vt -0.565548300743103 1.0000000149011612
vt -0.5625 1.25
vt -0.565548300743103 1.25
vt -0.565548300743103 1.0000000149011612
vt -0.5625 1.0000000149011612
vt -0.559451699256897 1.25
vt -0.5625 1.25
vt -0.5625 1.0000000149011612
vt -0.559451699256897 1.0000000149011612
vt -0.5565205812454224 1.25
vt -0.559451699256897 1.25
vt -0.559451699256897 1.0000000149011612
vt -0.5565205812454224 1.0000000149011612
vt -0.5538192391395569 1.25
vt -0.5565205812454224 1.25
vt -0.5565205812454224 1.0000000149011612
vt -0.5538192391395569 1.0000000149011612
vt -0.5514514446258545 1.25
vt -0.5538192391395569 1.25
vt -0.5538192391395569 1.0000000149011612
vt -0.5514514446258545 1.0000000149011612
vt 0.25 1.553819179534912
vt 0.25 1.5514514446258545
vt 0.0 1.5514514446258545
vt 0.0 1.553819179534912
vt 0.25 1.5565205812454224
vt 0.25 1.553819179534912
vt 0.0 1.553819179534912
vt 0.0 1.5565205812454224
vt 0.25 1.559451699256897
vt 0.25 1.5565205812454224
vt 0.0 1.5565205812454224
vt 0.0 1.559451699256897
vt 0.25 1.5625
vt 0.25 1.559451699256897
vt 0.0 1.559451699256897
vt 0.0 1.5625
vt -0.578125 1.5625
vt -0.5778247714042664 1.559451699256897
vt -0.5769355893135071 1.5565205812454224
vt -0.5778247714042664 1.565548300743103
vt -0.5769356489181519 1.5684794187545776
vt -0.575491726398468 1.571180820465088
vt -0.5735485553741455 1.5735485553741455
vt -0.5711807608604431 1.5754916667938232
vt -0.5684794187545776 1.5769355297088623
vt -0.565548300743103 1.5778248310089111
vt -0.5625 1.578125
vt -0.559451699256897 1.5778248310089111
vt -0.5565205812454224 1.5769355297088623
vt -0.5538192391395569 1.5754916667938232
vt -0.5514514446258545 1.5735485553741455
vt -0.549508273601532 1.571180820465088
vt -0.5480644106864929 1.5684794187545776
vt -0.5471752285957336 1.565548300743103
vt -0.546875 1.5625
vt -0.5471752285957336 1.559451699256897
vt -0.5480644106864929 1.5565205812454224
vt -0.549508273601532 1.553819179534912
vt -0.5514514446258545 1.5514514446258545
vt -0.5538192391395569 1.5495083332061768
vt -0.5565205812454224 1.5480644702911377
vt -0.559451699256897 1.5471751689910889
vt -0.5625 1.546875
vt -0.565548300743103 1.5471751689910889
vt -0.5684794187545776 1.5480643510818481
vt -0.5711807608604431 1.5495083332061768
vt -0.5735485553741455 1.5514514446258545
vt -0.575491726398468 1.553819179534912
vt -0.5480644106864929 1.5684794187545776
vt -0.5471752285957336 1.565548300743103
vt -0.546875 1.5625
vt -0.549508273601532 1.571180820465088
vt -0.5514514446258545 1.5735485553741455
vt -0.5538192391395569 1.5754916667938232
vt -0.5565205812454224 1.5769355297088623
vt -0.559451699256897 1.5778248310089111
vt -0.5625 1.578125
vt -0.565548300743103 1.5778248310089111
vt -0.5684794187545776 1.5769355297088623
vt -0.5711807608604431 1.5754916667938232
vt -0.5735485553741455 1.5735485553741455
vt -0.575491726398468 1.571180820465088
vt -0.5769356489181519 1.5684794187545776
vt -0.5778247714042664 1.565548300743103
vt -0.578125 1.5625
vt -0.5778247714042664 1.559451699256897
vt -0.5769355893135071 1.5565205812454224
vt -0.575491726398468 1.553819179534912
vt -0.5735485553741455 1.5514514446258545
vt -0.5711807608604431 1.5495083332061768
vt -0.5684794187545776 1.5480643510818481
vt -0.565548300743103 1.5471751689910889
vt -0.5625 1.546875
vt -0.559451699256897 1.5471751689910889
vt -0.5565205812454224 1.5480644702911377
vt -0.5538192391395569 1.5495083332061768
vt -0.5514514446258545 1.5514514446258545
vt -0.549508273601532 1.553819179534912
vt -0.5480644106864929 1.5565205812454224
vt -0.5471752285957336 1.559451699256897
vt -0.5471752285957336 1.653201699256897
vt -0.5480644106864929 1.6502705812454224
vt -0.549508273601532 1.647569179534912
vt -0.546875 1.65625
vt -0.5471752285957336 1.659298300743103
vt -0.5480644106864929 1.6622294187545776
vt -0.549508273601532 1.664930820465088
vt -0.5514514446258545 1.6672985553741455
vt -0.5538192391395569 1.6692416667938232
vt -0.5565205812454224 1.6706855297088623
vt -0.559451699256897 1.6715748310089111
vt -0.5625 1.671875
vt -0.565548300743103 1.6715748310089111
vt -0.5684794187545776 1.6706855297088623
vt -0.5711807608604431 1.6692416667938232
vt -0.5735485553741455 1.6672985553741455
vt -0.575491726398468 1.664930820465088
vt -0.5769356489181519 1.6622294187545776
vt -0.5778247714042664 1.659298300743103
vt -0.578125 1.65625
vt -0.5778247714042664 1.653201699256897
vt -0.5769355893135071 1.6502705812454224
vt -0.575491726398468 1.647569179534912
vt -0.5735485553741455 1.6452014446258545
vt -0.5711807608604431 1.6432583332061768
vt -0.5684794187545776 1.6418143510818481
vt -0.565548300743103 1.6409251689910889
vt -0.5625 1.640625
vt -0.559451699256897 1.6409251689910889
vt -0.5565205812454224 1.6418144702911377
vt -0.5538192391395569 1.6432583332061768
vt -0.5514514446258545 1.6452014446258545
vt -1.499999761581421 1.65625
vt -1.499999761581421 1.659298300743103
vt -1.25 1.659298300743103
vt -1.25 1.65625
vt -1.499999761581421 1.659298300743103
vt -1.499999761581421 1.6622294187545776
vt -1.25 1.6622294187545776
vt -1.25 1.659298300743103
vt -1.499999761581421 1.6622294187545776
vt -1.499999761581421 1.664930820465088
vt -1.25 1.664930820465088
vt -1.25 1.6622294187545776
vt -1.499999761581421 1.664930820465088
vt -1.499999761581421 1.6672985553741455
vt -1.25 1.6672985553741455
vt -1.25 1.664930820465088
vt -0.5514514446258545 -0.4999997615814209
vt -0.5538192391395569 -0.4999997615814209
vt -0.5538192391395569 -0.25
vt -0.5514514446258545 -0.25
vt -0.5538192391395569 -0.4999997615814209
vt -0.5565205812454224 -0.4999997615814209
vt -0.5565205812454224 -0.25
vt -0.5538192391395569 -0.25
vt -0.5565205812454224 -0.4999997615814209
vt -0.559451699256897 -0.4999997615814209
vt -0.559451699256897 -0.25
vt -0.5565205812454224 -0.25
vt -0.559451699256897 -0.4999997615814209
vt -0.5625 -0.4999997615814209
vt -0.5625 -0.25
vt -0.559451699256897 -0.25
vt -0.5625 -0.4999997615814209
vt -0.565548300743103 -0.4999997615814209
vt -0.565548300743103 -0.25
vt -0.5625 -0.25
vt -0.565548300743103 -0.4999997615814209
vt -0.5684794187545776 -0.4999997615814209
vt -0.5684794187545776 -0.25
vt -0.565548300743103 -0.25
vt -0.5684794187545776 -0.4999997615814209
vt -0.5711807608604431 -0.4999997615814209
vt -0.5711807608604431 -0.25
vt -0.5684794187545776 -0.25
vt -0.5711807608604431 -0.4999997615814209
vt -0.5735485553741455 -0.4999997615814209
vt -0.5735485553741455 -0.25
vt -0.5711807608604431 -0.25
vt -1.499999761581421 1.6672985553741455
vt -1.499999761581421 1.664930820465088
vt -1.25 1.664930820465088
vt -1.25 1.6672985553741455
vt -1.499999761581421 1.664930820465088
vt -1.499999761581421 1.6622294187545776
vt -1.25 1.6622294187545776
vt -1.25 1.664930820465088
vt -1.499999761581421 1.6622294187545776
vt -1.499999761581421 1.659298300743103
vt -1.25 1.659298300743103
vt -1.25 1.6622294187545776
vt -1.499999761581421 1.659298300743103
vt -1.499999761581421 1.65625
vt -1.25 1.65625
vt -1.25 1.659298300743103
vt -1.499999761581421 1.65625
vt -1.499999761581421 1.653201699256897
vt -1.25 1.653201699256897
vt -1.25 1.65625
vt -1.499999761581421 1.653201699256897
vt -1.499999761581421 1.6502705812454224
vt -1.25 1.6502705812454224
vt -1.25 1.653201699256897
vt -1.499999761581421 1.6502705812454224
vt -1.499999761581421 1.647569179534912
vt -1.25 1.647569179534912
vt -1.25 1.6502705812454224
vt -1.499999761581421 1.647569179534912
vt -1.499999761581421 1.6452014446258545
vt -1.25 1.6452014446258545
vt -1.25 1.647569179534912
vt -0.5735485553741455 -0.4999997615814209
vt -0.5711807608604431 -0.4999997615814209
vt -0.5711807608604431 -0.25
vt -0.5735485553741455 -0.25
vt -0.5711807608604431 -0.4999997615814209
vt -0.5684794187545776 -0.4999997615814209
vt -0.5684794187545776 -0.25
vt -0.5711807608604431 -0.25
vt -0.5684794187545776 -0.4999997615814209
vt -0.565548300743103 -0.4999997615814209
vt -0.565548300743103 -0.25
vt -0.5684794187545776 -0.25
vt -0.565548300743103 -0.4999997615814209
vt -0.5625 -0.4999997615814209
vt -0.5625 -0.25
vt -0.565548300743103 -0.25
vt -0.5625 -0.4999997615814209
vt -0.559451699256897 -0.4999997615814209
vt -0.559451699256897 -0.25
vt -0.5625 -0.25
vt -0.559451699256897 -0.4999997615814209
vt -0.5565205812454224 -0.4999997615814209
vt -0.5565205812454224 -0.25
vt -0.559451699256897 -0.25
vt -0.5565205812454224 -0.4999997615814209
vt -0.5538192391395569 -0.4999997615814209
vt -0.5538192391395569 -0.25
vt -0.5565205812454224 -0.25
vt -0.5538192391395569 -0.4999997615814209
vt -0.5514514446258545 -0.4999997615814209
vt -0.5514514446258545 -0.25
vt -0.5538192391395569 -0.25
vt -1.499999761581421 1.6452014446258545
vt -1.499999761581421 1.647569179534912
vt -1.25 1.647569179534912
vt -1.25 1.6452014446258545
vt -1.499999761581421 1.647569179534912
vt -1.499999761581421 1.6502705812454224
vt -1.25 1.6502705812454224
vt -1.25 1.647569179534912
vt -1.499999761581421 1.6502705812454224
vt -1.499999761581421 1.653201699256897
vt -1.25 1.653201699256897
vt -1.25 1.6502705812454224
vt -1.499999761581421 1.653201699256897
vt -1.499999761581421 1.65625
vt -1.25 1.65625
vt -1.25 1.653201699256897
vt -0.5769356489181519 1.6622294187545776
vt -0.5778247714042664 1.659298300743103
vt -0.578125 1.65625
vt -0.575491726398468 1.664930820465088
vt -0.5735485553741455 1.6672985553741455
vt -0.5711807608604431 1.6692416667938232
vt -0.5684794187545776 1.6706855297088623
vt -0.565548300743103 1.6715748310089111
vt -0.5625 1.671875
vt -0.559451699256897 1.6715748310089111
vt -0.5565205812454224 1.6706855297088623
vt -0.5538192391395569 1.6692416667938232
vt -0.5514514446258545 1.6672985553741455
vt -0.549508273601532 1.664930820465088
vt -0.5480644106864929 1.6622294187545776
vt -0.5471752285957336 1.659298300743103
vt -0.546875 1.65625
vt -0.5471752285957336 1.653201699256897
vt -0.5480644106864929 1.6502705812454224
vt -0.549508273601532 1.647569179534912
vt -0.5514514446258545 1.6452014446258545
vt -0.5538192391395569 1.6432583332061768
vt -0.5565205812454224 1.6418144702911377
vt -0.559451699256897 1.6409251689910889
vt -0.5625 1.640625
vt -0.565548300743103 1.6409251689910889
vt -0.5684794187545776 1.6418143510818481
vt -0.5711807608604431 1.6432583332061768
vt -0.5735485553741455 1.6452014446258545
vt -0.575491726398468 1.647569179534912
vt -0.5769355893135071 1.6502705812454224
vt -0.5778247714042664 1.653201699256897
vt -0.7500000596046448 1.659298300743103
vt -0.5 1.659298300743103
vt -0.5000000596046448 1.65625
vt -0.7500000596046448 1.65625
vt -0.7500000596046448 1.6622294187545776
vt -0.5 1.6622294187545776
vt -0.5 1.659298300743103
vt -0.7500000596046448 1.659298300743103
vt -0.7500000596046448 1.664930820465088
vt -0.5 1.664930820465088
vt -0.5 1.6622294187545776
vt -0.7500000596046448 1.6622294187545776
vt -0.7500000596046448 1.6672985553741455
vt -0.5 1.6672985553741455
vt -0.5 1.664930820465088
vt -0.7500000596046448 1.664930820465088
vt -0.5538192391395569 0.24999994039535522
vt -0.5538192391395569 0.5
vt -0.5514514446258545 0.5
vt -0.5514514446258545 0.24999994039535522
vt -0.5565205812454224 0.24999994039535522
vt -0.5565205812454224 0.5
vt -0.5538192391395569 0.5
vt -0.5538192391395569 0.24999994039535522
vt -0.559451699256897 0.24999994039535522
vt -0.559451699256897 0.5
vt -0.5565205812454224 0.5
vt -0.5565205812454224 0.24999994039535522
vt -0.5625 0.24999994039535522
vt -0.5625 0.5
vt -0.559451699256897 0.5
vt -0.559451699256897 0.24999994039535522
vt -0.565548300743103 0.24999994039535522
vt -0.565548300743103 0.5
vt -0.5625 0.5
vt -0.5625 0.24999994039535522
vt -0.5684794187545776 0.24999994039535522
vt -0.5684794187545776 0.5
vt -0.565548300743103 0.5
vt -0.565548300743103 0.24999994039535522
vt -0.5711807608604431 0.24999994039535522
vt -0.5711807608604431 0.5
vt -0.5684794187545776 0.5
vt -0.5684794187545776 0.24999994039535522
vt -0.5735485553741455 0.24999994039535522
vt -0.5735485553741455 0.5
vt -0.5711807608604431 0.5
vt -0.5711807608604431 0.24999994039535522
vt -0.7500000596046448 1.664930820465088
vt -0.5 1.664930820465088
vt -0.5 1.6672985553741455
vt -0.7500000596046448 1.6672985553741455
vt -0.7500000596046448 1.6622294187545776
vt -0.5 1.6622294187545776
vt -0.5 1.664930820465088
vt -0.7500000596046448 1.664930820465088
vt -0.7500000596046448 1.659298300743103
vt -0.5 1.659298300743103
vt -0.5 1.6622294187545776
vt -0.7500000596046448 1.6622294187545776
vt -0.7500000596046448 1.65625
vt -0.5 1.65625
vt -0.5 1.659298300743103
vt -0.7500000596046448 1.659298300743103
vt -0.7500000596046448 1.653201699256897
vt -0.5 1.653201699256897
vt -0.5 1.65625
vt -0.7500000596046448 1.65625
vt -0.7500000596046448 1.6502705812454224
vt -0.5 1.6502705812454224
vt -0.5 1.653201699256897
vt -0.7500000596046448 1.653201699256897
vt -0.7500000596046448 1.647569179534912
vt -0.5 1.647569179534912
vt -0.5 1.6502705812454224
vt -0.7500000596046448 1.6502705812454224
vt -0.7500000596046448 1.6452014446258545
vt -0.5 1.6452014446258545
vt -0.5 1.647569179534912
vt -0.7500000596046448 1.647569179534912
vt -0.5711807608604431 0.24999994039535522
vt -0.5711807608604431 0.5
vt -0.5735485553741455 0.5
vt -0.5735485553741455 0.24999994039535522
vt -0.5684794187545776 0.24999994039535522
vt -0.5684794187545776 0.5
vt -0.5711807608604431 0.5
vt -0.5711807608604431 0.24999994039535522
vt -0.565548300743103 0.24999994039535522
vt -0.565548300743103 0.5
vt -0.5684794187545776 0.5
vt -0.5684794187545776 0.24999994039535522
vt -0.5625 0.24999994039535522
vt -0.5625 0.5
vt -0.565548300743103 0.5
vt -0.565548300743103 0.24999994039535522
vt -0.559451699256897 0.24999994039535522
vt -0.559451699256897 0.5
vt -0.5625 0.5
vt -0.5625 0.24999994039535522
vt -0.5565205812454224 0.24999994039535522
vt -0.5565205812454224 0.5
vt -0.559451699256897 0.5
vt -0.559451699256897 0.24999994039535522
vt -0.5538192391395569 0.24999994039535522
vt -0.5538192391395569 0.5
vt -0.5565205812454224 0.5
vt -0.5565205812454224 0.24999994039535522
vt -0.5514514446258545 0.24999994039535522
vt -0.5514514446258545 0.5
vt -0.5538192391395569 0.5
vt -0.5538192391395569 0.24999994039535522
vt -0.7500000596046448 1.647569179534912
vt -0.5 1.647569179534912
vt -0.5 1.6452014446258545
vt -0.7500000596046448 1.6452014446258545
vt -0.7500000596046448 1.6502705812454224
vt -0.5 1.6502705812454224
vt -0.5 1.647569179534912
vt -0.7500000596046448 1.647569179534912
vt -0.7500000596046448 1.653201699256897
vt -0.5 1.653201699256897
vt -0.5 1.6502705812454224
vt -0.7500000596046448 1.6502705812454224
vt -0.7500000596046448 1.65625
vt -0.5000000596046448 1.65625
vt -0.5 1.653201699256897
vt -0.7500000596046448 1.653201699256897
vt -0.578125 1.65625
vt -0.5778247714042664 1.653201699256897
vt -0.5769355893135071 1.6502705812454224
vt -0.5778247714042664 1.659298300743103
vt -0.5769356489181519 1.6622294187545776
vt -0.575491726398468 1.664930820465088
vt -0.5735485553741455 1.6672985553741455
vt -0.5711807608604431 1.6692416667938232
vt -0.5684794187545776 1.6706855297088623
vt -0.565548300743103 1.6715748310089111
vt -0.5625 1.671875
vt -0.559451699256897 1.6715748310089111
vt -0.5565205812454224 1.6706855297088623
vt -0.5538192391395569 1.6692416667938232
vt -0.5514514446258545 1.6672985553741455
vt -0.549508273601532 1.664930820465088
vt -0.5480644106864929 1.6622294187545776
vt -0.5471752285957336 1.659298300743103
vt -0.546875 1.65625
vt -0.5471752285957336 1.653201699256897
vt -0.5480644106864929 1.6502705812454224
vt -0.549508273601532 1.647569179534912
vt -0.5514514446258545 1.6452014446258545
vt -0.5538192391395569 1.6432583332061768
vt -0.5565205812454224 1.6418144702911377
vt -0.559451699256897 1.6409251689910889
vt -0.5625 1.640625
vt -0.565548300743103 1.6409251689910889
vt -0.5684794187545776 1.6418143510818481
vt -0.5711807608604431 1.6432583332061768
vt -0.5735485553741455 1.6452014446258545
vt -0.575491726398468 1.647569179534912
vt -0.5480644106864929 1.6622294187545776
vt -0.5471752285957336 1.659298300743103
vt -0.546875 1.65625
vt -0.549508273601532 1.664930820465088
vt -0.5514514446258545 1.6672985553741455
vt -0.5538192391395569 1.6692416667938232
vt -0.5565205812454224 1.6706855297088623
vt -0.559451699256897 1.6715748310089111
vt -0.5625 1.671875
vt -0.565548300743103 1.6715748310089111
vt -0.5684794187545776 1.6706855297088623
vt -0.5711807608604431 1.6692416667938232
vt -0.5735485553741455 1.6672985553741455
vt -0.575491726398468 1.664930820465088
vt -0.5769356489181519 1.6622294187545776
vt -0.5778247714042664 1.659298300743103
vt -0.578125 1.65625
vt -0.5778247714042664 1.653201699256897
vt -0.5769355893135071 1.6502705812454224
vt -0.575491726398468 1.647569179534912
vt -0.5735485553741455 1.6452014446258545
vt -0.5711807608604431 1.6432583332061768
vt -0.5684794187545776 1.6418143510818481
vt -0.565548300743103 1.6409251689910889
vt -0.5625 1.640625
vt -0.559451699256897 1.6409251689910889
vt -0.5565205812454224 1.6418144702911377
vt -0.5538192391395569 1.6432583332061768
vt -0.5514514446258545 1.6452014446258545
vt -0.549508273601532 1.647569179534912
vt -0.5480644106864929 1.6502705812454224
vt -0.5471752285957336 1.653201699256897
vt -0.5471752285957336 1.606326699256897
vt -0.5480644106864929 1.6033955812454224
vt -0.549508273601532 1.600694179534912
vt -0.546875 1.609375
vt -0.5471752285957336 1.612423300743103
vt -0.5480644106864929 1.6153544187545776
vt -0.549508273601532 1.618055820465088
vt -0.5514514446258545 1.6204235553741455
vt -0.5538192391395569 1.6223666667938232
vt -0.5565205812454224 1.6238105297088623
vt -0.559451699256897 1.6246998310089111
vt -0.5625 1.625
vt -0.565548300743103 1.6246998310089111
vt -0.5684794187545776 1.6238105297088623
vt -0.5711807608604431 1.6223666667938232
vt -0.5735485553741455 1.6204235553741455
vt -0.575491726398468 1.618055820465088
vt -0.5769356489181519 1.6153544187545776
vt -0.5778247714042664 1.612423300743103
vt -0.578125 1.609375
vt -0.5778247714042664 1.606326699256897
vt -0.5769355893135071 1.6033955812454224
vt -0.575491726398468 1.600694179534912
vt -0.5735485553741455 1.5983264446258545
vt -0.5711807608604431 1.5963833332061768
vt -0.5684794187545776 1.5949393510818481
vt -0.565548300743103 1.5940501689910889
vt -0.5625 1.59375
vt -0.559451699256897 1.5940501689910889
vt -0.5565205812454224 1.5949394702911377
vt -0.5538192391395569 1.5963833332061768
vt -0.5514514446258545 1.5983264446258545
vt -1.499999761581421 1.609375
vt -1.499999761581421 1.612423300743103
vt -1.25 1.612423300743103
vt -1.25 1.609375
vt -1.499999761581421 1.612423300743103
vt -1.499999761581421 1.6153544187545776
vt -1.25 1.6153544187545776
vt -1.25 1.612423300743103
vt -1.499999761581421 1.6153544187545776
vt -1.499999761581421 1.618055820465088
vt -1.25 1.618055820465088
vt -1.25 1.6153544187545776
vt -1.499999761581421 1.618055820465088
vt -1.499999761581421 1.6204235553741455
vt -1.25 1.6204235553741455
vt -1.25 1.618055820465088
vt -0.5514514446258545 -0.4999997615814209
vt -0.5538192391395569 -0.4999997615814209
vt -0.5538192391395569 -0.25
vt -0.5514514446258545 -0.25
vt -0.5538192391395569 -0.4999997615814209
vt -0.5565205812454224 -0.4999997615814209
vt -0.5565205812454224 -0.25
vt -0.5538192391395569 -0.25
vt -0.5565205812454224 -0.4999997615814209
vt -0.559451699256897 -0.4999997615814209
vt -0.559451699256897 -0.25
vt -0.5565205812454224 -0.25
vt -0.559451699256897 -0.4999997615814209
vt -0.5625 -0.4999997615814209
vt -0.5625 -0.25
vt -0.559451699256897 -0.25
vt -0.5625 -0.4999997615814209
vt -0.565548300743103 -0.4999997615814209
vt -0.565548300743103 -0.25
vt -0.5625 -0.25
vt -0.565548300743103 -0.4999997615814209
vt -0.5684794187545776 -0.4999997615814209
vt -0.5684794187545776 -0.25
vt -0.565548300743103 -0.25
vt -0.5684794187545776 -0.4999997615814209
vt -0.5711807608604431 -0.4999997615814209
vt -0.5711807608604431 -0.25
vt -0.5684794187545776 -0.25
vt -0.5711807608604431 -0.4999997615814209
vt -0.5735485553741455 -0.4999997615814209
vt -0.5735485553741455 -0.25
vt -0.5711807608604431 -0.25
vt -1.499999761581421 1.6204235553741455
vt -1.499999761581421 1.618055820465088
vt -1.25 1.618055820465088
vt -1.25 1.6204235553741455
vt -1.499999761581421 1.618055820465088
vt -1.499999761581421 1.6153544187545776
vt -1.25 1.6153544187545776
vt -1.25 1.618055820465088
vt -1.499999761581421 1.6153544187545776
vt -1.499999761581421 1.612423300743103
vt -1.25 1.612423300743103
vt -1.25 1.6153544187545776
vt -1.499999761581421 1.612423300743103
vt -1.499999761581421 1.609375
vt -1.25 1.609375
vt -1.25 1.612423300743103
vt -1.499999761581421 1.609375
vt -1.499999761581421 1.606326699256897
vt -1.25 1.606326699256897
vt -1.25 1.609375
vt -1.499999761581421 1.606326699256897
vt -1.499999761581421 1.6033955812454224
vt -1.25 1.6033955812454224
vt -1.25 1.606326699256897
vt -1.499999761581421 1.6033955812454224
vt -1.499999761581421 1.600694179534912
vt -1.25 1.600694179534912
vt -1.25 1.6033955812454224
vt -1.499999761581421 1.600694179534912
vt -1.499999761581421 1.5983264446258545
vt -1.25 1.5983264446258545
vt -1.25 1.600694179534912
vt -0.5735485553741455 -0.4999997615814209
vt -0.5711807608604431 -0.4999997615814209
vt -0.5711807608604431 -0.25
vt -0.5735485553741455 -0.25
vt -0.5711807608604431 -0.4999997615814209
vt -0.5684794187545776 -0.4999997615814209
vt -0.5684794187545776 -0.25
vt -0.5711807608604431 -0.25
vt -0.5684794187545776 -0.4999997615814209
vt -0.565548300743103 -0.4999997615814209
vt -0.565548300743103 -0.25
vt -0.5684794187545776 -0.25
vt -0.565548300743103 -0.4999997615814209
vt -0.5625 -0.4999997615814209
vt -0.5625 -0.25
vt -0.565548300743103 -0.25
vt -0.5625 -0.4999997615814209
vt -0.559451699256897 -0.4999997615814209
vt -0.559451699256897 -0.25
vt -0.5625 -0.25
vt -0.559451699256897 -0.4999997615814209
vt -0.5565205812454224 -0.4999997615814209
vt -0.5565205812454224 -0.25
vt -0.559451699256897 -0.25
vt -0.5565205812454224 -0.4999997615814209
vt -0.5538192391395569 -0.4999997615814209
vt -0.5538192391395569 -0.25
vt -0.5565205812454224 -0.25
vt -0.5538192391395569 -0.4999997615814209
vt -0.5514514446258545 -0.4999997615814209
vt -0.5514514446258545 -0.25
vt -0.5538192391395569 -0.25
vt -1.499999761581421 1.5983264446258545
vt -1.499999761581421 1.600694179534912
vt -1.25 1.600694179534912
vt -1.25 1.5983264446258545
vt -1.499999761581421 1.600694179534912
vt -1.499999761581421 1.6033955812454224
vt -1.25 1.6033955812454224
vt -1.25 1.600694179534912
vt -1.499999761581421 1.6033955812454224
vt -1.499999761581421 1.606326699256897
vt -1.25 1.606326699256897
vt -1.25 1.6033955812454224
vt -1.499999761581421 1.606326699256897
vt -1.499999761581421 1.609375
vt -1.25 1.609375
vt -1.25 1.606326699256897
vt -0.5769356489181519 1.6153544187545776
vt -0.5778247714042664 1.612423300743103
vt -0.578125 1.609375
vt -0.575491726398468 1.618055820465088
vt -0.5735485553741455 1.6204235553741455
vt -0.5711807608604431 1.6223666667938232
vt -0.5684794187545776 1.6238105297088623
vt -0.565548300743103 1.6246998310089111
vt -0.5625 1.625
vt -0.559451699256897 1.6246998310089111
vt -0.5565205812454224 1.6238105297088623
vt -0.5538192391395569 1.6223666667938232
vt -0.5514514446258545 1.6204235553741455
vt -0.549508273601532 1.618055820465088
vt -0.5480644106864929 1.6153544187545776
vt -0.5471752285957336 1.612423300743103
vt -0.546875 1.609375
vt -0.5471752285957336 1.606326699256897
vt -0.5480644106864929 1.6033955812454224
vt -0.549508273601532 1.600694179534912
vt -0.5514514446258545 1.5983264446258545
vt -0.5538192391395569 1.5963833332061768
vt -0.5565205812454224 1.5949394702911377
vt -0.559451699256897 1.5940501689910889
vt -0.5625 1.59375
vt -0.565548300743103 1.5940501689910889
vt -0.5684794187545776 1.5949393510818481
vt -0.5711807608604431 1.5963833332061768
vt -0.5735485553741455 1.5983264446258545
vt -0.575491726398468 1.600694179534912
vt -0.5769355893135071 1.6033955812454224
vt -0.5778247714042664 1.606326699256897
vt -0.7500000596046448 1.612423300743103
vt -0.5 1.612423300743103
vt -0.5000000596046448 1.609375
vt -0.7500000596046448 1.609375
vt -0.7500000596046448 1.6153544187545776
vt -0.5 1.6153544187545776
vt -0.5 1.612423300743103
vt -0.7500000596046448 1.612423300743103
vt -0.7500000596046448 1.618055820465088
vt -0.5 1.618055820465088
vt -0.5 1.6153544187545776
vt -0.7500000596046448 1.6153544187545776
vt -0.7500000596046448 1.6204235553741455
vt -0.5 1.6204235553741455
vt -0.5 1.618055820465088
vt -0.7500000596046448 1.618055820465088
vt -0.5538192391395569 0.24999994039535522
vt -0.5538192391395569 0.5
vt -0.5514514446258545 0.5
vt -0.5514514446258545 0.24999994039535522
vt -0.5565205812454224 0.24999994039535522
vt -0.5565205812454224 0.5
vt -0.5538192391395569 0.5
vt -0.5538192391395569 0.24999994039535522
vt -0.559451699256897 0.24999994039535522
vt -0.559451699256897 0.5
vt -0.5565205812454224 0.5
vt -0.5565205812454224 0.24999994039535522
vt -0.5625 0.24999994039535522
vt -0.5625 0.5
vt -0.559451699256897 0.5
vt -0.559451699256897 0.24999994039535522
vt -0.565548300743103 0.24999994039535522
vt -0.565548300743103 0.5
vt -0.5625 0.5
vt -0.5625 0.24999994039535522
vt -0.5684794187545776 0.24999994039535522
vt -0.5684794187545776 0.5
vt -0.565548300743103 0.5
vt -0.565548300743103 0.24999994039535522
vt -0.5711807608604431 0.24999994039535522
vt -0.5711807608604431 0.5
vt -0.5684794187545776 0.5
vt -0.5684794187545776 0.24999994039535522
vt -0.5735485553741455 0.24999994039535522
vt -0.5735485553741455 0.5
vt -0.5711807608604431 0.5
vt -0.5711807608604431 0.24999994039535522
vt -0.7500000596046448 1.618055820465088
vt -0.5 1.618055820465088
vt -0.5 1.6204235553741455
vt -0.7500000596046448 1.6204235553741455
vt -0.7500000596046448 1.6153544187545776
vt -0.5 1.6153544187545776
vt -0.5 1.618055820465088
vt -0.7500000596046448 1.618055820465088
vt -0.7500000596046448 1.612423300743103
vt -0.5 1.612423300743103
vt -0.5 1.6153544187545776
vt -0.7500000596046448 1.6153544187545776
vt -0.7500000596046448 1.609375
vt -0.5 1.609375
vt -0.5 1.612423300743103
vt -0.7500000596046448 1.612423300743103
vt -0.7500000596046448 1.606326699256897
vt -0.5 1.606326699256897
vt -0.5 1.609375
vt -0.7500000596046448 1.609375
vt -0.7500000596046448 1.6033955812454224
vt -0.5 1.6033955812454224
vt -0.5 1.606326699256897
vt -0.7500000596046448 1.606326699256897
vt -0.7500000596046448 1.600694179534912
vt -0.5 1.600694179534912
vt -0.5 1.6033955812454224
vt -0.7500000596046448 1.6033955812454224
vt -0.7500000596046448 1.5983264446258545
vt -0.5 1.5983264446258545
vt -0.5 1.600694179534912
vt -0.7500000596046448 1.600694179534912
vt -0.5711807608604431 0.24999994039535522
vt -0.5711807608604431 0.5
vt -0.5735485553741455 0.5
vt -0.5735485553741455 0.24999994039535522
vt -0.5684794187545776 0.24999994039535522
vt -0.5684794187545776 0.5
vt -0.5711807608604431 0.5
vt -0.5711807608604431 0.24999994039535522
vt -0.565548300743103 0.24999994039535522
vt -0.565548300743103 0.5
vt -0.5684794187545776 0.5
vt -0.5684794187545776 0.24999994039535522
vt -0.5625 0.24999994039535522
vt -0.5625 0.5
vt -0.565548300743103 0.5
vt -0.565548300743103 0.24999994039535522
vt -0.559451699256897 0.24999994039535522
vt -0.559451699256897 0.5
vt -0.5625 0.5
vt -0.5625 0.24999994039535522
vt -0.5565205812454224 0.24999994039535522
vt -0.5565205812454224 0.5
vt -0.559451699256897 0.5
vt -0.559451699256897 0.24999994039535522
vt -0.5538192391395569 0.24999994039535522
vt -0.5538192391395569 0.5
vt -0.5565205812454224 0.5
vt -0.5565205812454224 0.24999994039535522
vt -0.5514514446258545 0.24999994039535522
vt -0.5514514446258545 0.5
vt -0.5538192391395569 0.5
vt -0.5538192391395569 0.24999994039535522
vt -0.7500000596046448 1.600694179534912
vt -0.5 1.600694179534912
vt -0.5 1.5983264446258545
vt -0.7500000596046448 1.5983264446258545
vt -0.7500000596046448 1.6033955812454224
vt -0.5 1.6033955812454224
vt -0.5 1.600694179534912
vt -0.7500000596046448 1.600694179534912
vt -0.7500000596046448 1.606326699256897
vt -0.5 1.606326699256897
vt -0.5 1.6033955812454224
vt -0.7500000596046448 1.6033955812454224
vt -0.7500000596046448 1.609375
vt -0.5000000596046448 1.609375
vt -0.5 1.606326699256897
vt -0.7500000596046448 1.606326699256897
vt -0.578125 1.609375
vt -0.5778247714042664 1.606326699256897
vt -0.5769355893135071 1.6033955812454224
vt -0.5778247714042664 1.612423300743103
vt -0.5769356489181519 1.6153544187545776
vt -0.575491726398468 1.618055820465088
vt -0.5735485553741455 1.6204235553741455
vt -0.5711807608604431 1.6223666667938232
vt -0.5684794187545776 1.6238105297088623
vt -0.565548300743103 1.6246998310089111
vt -0.5625 1.625
vt -0.559451699256897 1.6246998310089111
vt -0.5565205812454224 1.6238105297088623
vt -0.5538192391395569 1.6223666667938232
vt -0.5514514446258545 1.6204235553741455
vt -0.549508273601532 1.618055820465088
vt -0.5480644106864929 1.6153544187545776
vt -0.5471752285957336 1.612423300743103
vt -0.546875 1.609375
vt -0.5471752285957336 1.606326699256897
vt -0.5480644106864929 1.6033955812454224
vt -0.549508273601532 1.600694179534912
vt -0.5514514446258545 1.5983264446258545
vt -0.5538192391395569 1.5963833332061768
vt -0.5565205812454224 1.5949394702911377
vt -0.559451699256897 1.5940501689910889
vt -0.5625 1.59375
vt -0.565548300743103 1.5940501689910889
vt -0.5684794187545776 1.5949393510818481
vt -0.5711807608604431 1.5963833332061768
vt -0.5735485553741455 1.5983264446258545
vt -0.575491726398468 1.600694179534912
vt -0.5480644106864929 1.6153544187545776
vt -0.5471752285957336 1.612423300743103
vt -0.546875 1.609375
vt -0.549508273601532 1.618055820465088
vt -0.5514514446258545 1.6204235553741455
vt -0.5538192391395569 1.6223666667938232
vt -0.5565205812454224 1.6238105297088623
vt -0.559451699256897 1.6246998310089111
vt -0.5625 1.625
vt -0.565548300743103 1.6246998310089111
vt -0.5684794187545776 1.6238105297088623
vt -0.5711807608604431 1.6223666667938232
vt -0.5735485553741455 1.6204235553741455
vt -0.575491726398468 1.618055820465088
vt -0.5769356489181519 1.6153544187545776
vt -0.5778247714042664 1.612423300743103
vt -0.578125 1.609375
vt -0.5778247714042664 1.606326699256897
vt -0.5769355893135071 1.6033955812454224
vt -0.575491726398468 1.600694179534912
vt -0.5735485553741455 1.5983264446258545
vt -0.5711807608604431 1.5963833332061768
vt -0.5684794187545776 1.5949393510818481
vt -0.565548300743103 1.5940501689910889
vt -0.5625 1.59375
vt -0.559451699256897 1.5940501689910889
vt -0.5565205812454224 1.5949394702911377
vt -0.5538192391395569 1.5963833332061768
vt -0.5514514446258545 1.5983264446258545
vt -0.549508273601532 1.600694179534912
vt -0.5480644106864929 1.6033955812454224
vt -0.5471752285957336 1.606326699256897
vt -0.5471752285957336 1.559451699256897
vt -0.5480644106864929 1.5565205812454224
vt -0.549508273601532 1.553819179534912
vt -0.546875 1.5625
vt -0.5471752285957336 1.565548300743103
vt -0.5480644106864929 1.5684794187545776
vt -0.549508273601532 1.571180820465088
vt -0.5514514446258545 1.5735485553741455
vt -0.5538192391395569 1.5754916667938232
vt -0.5565205812454224 1.5769355297088623
vt -0.559451699256897 1.5778248310089111
vt -0.5625 1.578125
vt -0.565548300743103 1.5778248310089111
vt -0.5684794187545776 1.5769355297088623
vt -0.5711807608604431 1.5754916667938232
vt -0.5735485553741455 1.5735485553741455
vt -0.575491726398468 1.571180820465088
vt -0.5769356489181519 1.5684794187545776
vt -0.5778247714042664 1.565548300743103
vt -0.578125 1.5625
vt -0.5778247714042664 1.559451699256897
vt -0.5769355893135071 1.5565205812454224
vt -0.575491726398468 1.553819179534912
vt -0.5735485553741455 1.5514514446258545
vt -0.5711807608604431 1.5495083332061768
vt -0.5684794187545776 1.5480643510818481
vt -0.565548300743103 1.5471751689910889
vt -0.5625 1.546875
vt -0.559451699256897 1.5471751689910889
vt -0.5565205812454224 1.5480644702911377
vt -0.5538192391395569 1.5495083332061768
vt -0.5514514446258545 1.5514514446258545
vt -1.499999761581421 1.5625
vt -1.499999761581421 1.565548300743103
vt -1.25 1.565548300743103
vt -1.25 1.5625
vt -1.499999761581421 1.565548300743103
vt -1.499999761581421 1.5684794187545776
vt -1.25 1.5684794187545776
vt -1.25 1.565548300743103
vt -1.499999761581421 1.5684794187545776
vt -1.499999761581421 1.571180820465088
vt -1.25 1.571180820465088
vt -1.25 1.5684794187545776
vt -1.499999761581421 1.571180820465088
vt -1.499999761581421 1.5735485553741455
vt -1.25 1.5735485553741455
vt -1.25 1.571180820465088
vt -0.5514514446258545 -0.4999997615814209
vt -0.5538192391395569 -0.4999997615814209
vt -0.5538192391395569 -0.25
vt -0.5514514446258545 -0.25
vt -0.5538192391395569 -0.4999997615814209
vt -0.5565205812454224 -0.4999997615814209
vt -0.5565205812454224 -0.25
vt -0.5538192391395569 -0.25
vt -0.5565205812454224 -0.4999997615814209
vt -0.559451699256897 -0.4999997615814209
vt -0.559451699256897 -0.25
vt -0.5565205812454224 -0.25
vt -0.559451699256897 -0.4999997615814209
vt -0.5625 -0.4999997615814209
vt -0.5625 -0.25
vt -0.559451699256897 -0.25
vt -0.5625 -0.4999997615814209
vt -0.565548300743103 -0.4999997615814209
vt -0.565548300743103 -0.25
vt -0.5625 -0.25
vt -0.565548300743103 -0.4999997615814209
vt -0.5684794187545776 -0.4999997615814209
vt -0.5684794187545776 -0.25
vt -0.565548300743103 -0.25
vt -0.5684794187545776 -0.4999997615814209
vt -0.5711807608604431 -0.4999997615814209
vt -0.5711807608604431 -0.25
vt -0.5684794187545776 -0.25
vt -0.5711807608604431 -0.4999997615814209
vt -0.5735485553741455 -0.4999997615814209
vt -0.5735485553741455 -0.25
vt -0.5711807608604431 -0.25
vt -1.499999761581421 1.5735485553741455
vt -1.499999761581421 1.571180820465088
vt -1.25 1.571180820465088
vt -1.25 1.5735485553741455
vt -1.499999761581421 1.571180820465088
vt -1.499999761581421 1.5684794187545776
vt -1.25 1.5684794187545776
vt -1.25 1.571180820465088
vt -1.499999761581421 1.5684794187545776
vt -1.499999761581421 1.565548300743103
vt -1.25 1.565548300743103
vt -1.25 1.5684794187545776
vt -1.499999761581421 1.565548300743103
vt -1.499999761581421 1.5625
vt -1.25 1.5625
vt -1.25 1.565548300743103
vt -1.499999761581421 1.5625
vt -1.499999761581421 1.559451699256897
vt -1.25 1.559451699256897
vt -1.25 1.5625
vt -1.499999761581421 1.559451699256897
vt -1.499999761581421 1.5565205812454224
vt -1.25 1.5565205812454224
vt -1.25 1.559451699256897
vt -1.499999761581421 1.5565205812454224
vt -1.499999761581421 1.553819179534912
vt -1.25 1.553819179534912
vt -1.25 1.5565205812454224
vt -1.499999761581421 1.553819179534912
vt -1.499999761581421 1.5514514446258545
vt -1.25 1.5514514446258545
vt -1.25 1.553819179534912
vt -0.5735485553741455 -0.4999997615814209
vt -0.5711807608604431 -0.4999997615814209
vt -0.5711807608604431 -0.25
vt -0.5735485553741455 -0.25
vt -0.5711807608604431 -0.4999997615814209
vt -0.5684794187545776 -0.4999997615814209
vt -0.5684794187545776 -0.25
vt -0.5711807608604431 -0.25
vt -0.5684794187545776 -0.4999997615814209
vt -0.565548300743103 -0.4999997615814209
vt -0.565548300743103 -0.25
vt -0.5684794187545776 -0.25
vt -0.565548300743103 -0.4999997615814209
vt -0.5625 -0.4999997615814209
vt -0.5625 -0.25
vt -0.565548300743103 -0.25
vt -0.5625 -0.4999997615814209
vt -0.559451699256897 -0.4999997615814209
vt -0.559451699256897 -0.25
vt -0.5625 -0.25
vt -0.559451699256897 -0.4999997615814209
vt -0.5565205812454224 -0.4999997615814209
vt -0.5565205812454224 -0.25
vt -0.559451699256897 -0.25
vt -0.5565205812454224 -0.4999997615814209
vt -0.5538192391395569 -0.4999997615814209
vt -0.5538192391395569 -0.25
vt -0.5565205812454224 -0.25
vt -0.5538192391395569 -0.4999997615814209
vt -0.5514514446258545 -0.4999997615814209
vt -0.5514514446258545 -0.25
vt -0.5538192391395569 -0.25
vt -1.499999761581421 1.5514514446258545
vt -1.499999761581421 1.553819179534912
vt -1.25 1.553819179534912
vt -1.25 1.5514514446258545
vt -1.499999761581421 1.553819179534912
vt -1.499999761581421 1.5565205812454224
vt -1.25 1.5565205812454224
vt -1.25 1.553819179534912
vt -1.499999761581421 1.5565205812454224
vt -1.499999761581421 1.559451699256897
vt -1.25 1.559451699256897
vt -1.25 1.5565205812454224
vt -1.499999761581421 1.559451699256897
vt -1.499999761581421 1.5625
vt -1.25 1.5625
vt -1.25 1.559451699256897
vt -0.5769356489181519 1.5684794187545776
vt -0.5778247714042664 1.565548300743103
vt -0.578125 1.5625
vt -0.575491726398468 1.571180820465088
vt -0.5735485553741455 1.5735485553741455
vt -0.5711807608604431 1.5754916667938232
vt -0.5684794187545776 1.5769355297088623
vt -0.565548300743103 1.5778248310089111
vt -0.5625 1.578125
vt -0.559451699256897 1.5778248310089111
vt -0.5565205812454224 1.5769355297088623
vt -0.5538192391395569 1.5754916667938232
vt -0.5514514446258545 1.5735485553741455
vt -0.549508273601532 1.571180820465088
vt -0.5480644106864929 1.5684794187545776
vt -0.5471752285957336 1.565548300743103
vt -0.546875 1.5625
vt -0.5471752285957336 1.559451699256897
vt -0.5480644106864929 1.5565205812454224
vt -0.549508273601532 1.553819179534912
vt -0.5514514446258545 1.5514514446258545
vt -0.5538192391395569 1.5495083332061768
vt -0.5565205812454224 1.5480644702911377
vt -0.559451699256897 1.5471751689910889
vt -0.5625 1.546875
vt -0.565548300743103 1.5471751689910889
vt -0.5684794187545776 1.5480643510818481
vt -0.5711807608604431 1.5495083332061768
vt -0.5735485553741455 1.5514514446258545
vt -0.575491726398468 1.553819179534912
vt -0.5769355893135071 1.5565205812454224
vt -0.5778247714042664 1.559451699256897
vt -0.7500000596046448 1.565548300743103
vt -0.5 1.565548300743103
vt -0.5000000596046448 1.5625
vt -0.7500000596046448 1.5625
vt -0.7500000596046448 1.5684794187545776
vt -0.5 1.5684794187545776
vt -0.5 1.565548300743103
vt -0.7500000596046448 1.565548300743103
vt -0.7500000596046448 1.571180820465088
vt -0.5 1.571180820465088
vt -0.5 1.5684794187545776
vt -0.7500000596046448 1.5684794187545776
vt -0.7500000596046448 1.5735485553741455
vt -0.5 1.5735485553741455
vt -0.5 1.571180820465088
vt -0.7500000596046448 1.571180820465088
vt -0.5538192391395569 0.24999994039535522
vt -0.5538192391395569 0.5
vt -0.5514514446258545 0.5
vt -0.5514514446258545 0.24999994039535522
vt -0.5565205812454224 0.24999994039535522
vt -0.5565205812454224 0.5
vt -0.5538192391395569 0.5
vt -0.5538192391395569 0.24999994039535522
vt -0.559451699256897 0.24999994039535522
vt -0.559451699256897 0.5
vt -0.5565205812454224 0.5
vt -0.5565205812454224 0.24999994039535522
vt -0.5625 0.24999994039535522
vt -0.5625 0.5
vt -0.559451699256897 0.5
vt -0.559451699256897 0.24999994039535522
vt -0.565548300743103 0.24999994039535522
vt -0.565548300743103 0.5
vt -0.5625 0.5
vt -0.5625 0.24999994039535522
vt -0.5684794187545776 0.24999994039535522
vt -0.5684794187545776 0.5
vt -0.565548300743103 0.5
vt -0.565548300743103 0.24999994039535522
vt -0.5711807608604431 0.24999994039535522
vt -0.5711807608604431 0.5
vt -0.5684794187545776 0.5
vt -0.5684794187545776 0.24999994039535522
vt -0.5735485553741455 0.24999994039535522
vt -0.5735485553741455 0.5
vt -0.5711807608604431 0.5
vt -0.5711807608604431 0.24999994039535522
vt -0.7500000596046448 1.571180820465088
vt -0.5 1.571180820465088
vt -0.5 1.5735485553741455
vt -0.7500000596046448 1.5735485553741455
vt -0.7500000596046448 1.5684794187545776
vt -0.5 1.5684794187545776
vt -0.5 1.571180820465088
vt -0.7500000596046448 1.571180820465088
vt -0.7500000596046448 1.565548300743103
vt -0.5 1.565548300743103
vt -0.5 1.5684794187545776
vt -0.7500000596046448 1.5684794187545776
vt -0.7500000596046448 1.5625
vt -0.5 1.5625
vt -0.5 1.565548300743103
vt -0.7500000596046448 1.565548300743103
vt -0.7500000596046448 1.559451699256897
vt -0.5 1.559451699256897
vt -0.5 1.5625
vt -0.7500000596046448 1.5625
vt -0.7500000596046448 1.5565205812454224
vt -0.5 1.5565205812454224
vt -0.5 1.559451699256897
vt -0.7500000596046448 1.559451699256897
vt -0.7500000596046448 1.553819179534912
vt -0.5 1.553819179534912
vt -0.5 1.5565205812454224
vt -0.7500000596046448 1.5565205812454224
vt -0.7500000596046448 1.5514514446258545
vt -0.5 1.5514514446258545
vt -0.5 1.553819179534912
vt -0.7500000596046448 1.553819179534912
vt -0.5711807608604431 0.24999994039535522
vt -0.5711807608604431 0.5
vt -0.5735485553741455 0.5
vt -0.5735485553741455 0.24999994039535522
vt -0.5684794187545776 0.24999994039535522
vt -0.5684794187545776 0.5
vt -0.5711807608604431 0.5
vt -0.5711807608604431 0.24999994039535522
vt -0.565548300743103 0.24999994039535522
vt -0.565548300743103 0.5
vt -0.5684794187545776 0.5
vt -0.5684794187545776 0.24999994039535522
vt -0.5625 0.24999994039535522
vt -0.5625 0.5
vt -0.565548300743103 0.5
vt -0.565548300743103 0.24999994039535522
vt -0.559451699256897 0.24999994039535522
vt -0.559451699256897 0.5
vt -0.5625 0.5
vt -0.5625 0.24999994039535522
vt -0.5565205812454224 0.24999994039535522
vt -0.5565205812454224 0.5
vt -0.559451699256897 0.5
vt -0.559451699256897 0.24999994039535522
vt -0.5538192391395569 0.24999994039535522
vt -0.5538192391395569 0.5
vt -0.5565205812454224 0.5
vt -0.5565205812454224 0.24999994039535522
vt -0.5514514446258545 0.24999994039535522
vt -0.5514514446258545 0.5
vt -0.5538192391395569 0.5
vt -0.5538192391395569 0.24999994039535522
vt -0.7500000596046448 1.553819179534912
vt -0.5 1.553819179534912
vt -0.5 1.5514514446258545
vt -0.7500000596046448 1.5514514446258545
vt -0.7500000596046448 1.5565205812454224
vt -0.5 1.5565205812454224
vt -0.5 1.553819179534912
vt -0.7500000596046448 1.553819179534912
vt -0.7500000596046448 1.559451699256897
vt -0.5 1.559451699256897
vt -0.5 1.5565205812454224
vt -0.7500000596046448 1.5565205812454224
vt -0.7500000596046448 1.5625
vt -0.5000000596046448 1.5625
vt -0.5 1.559451699256897
vt -0.7500000596046448 1.559451699256897
vt -0.578125 1.5625
vt -0.5778247714042664 1.559451699256897
vt -0.5769355893135071 1.5565205812454224
vt -0.5778247714042664 1.565548300743103
vt -0.5769356489181519 1.5684794187545776
vt -0.575491726398468 1.571180820465088
vt -0.5735485553741455 1.5735485553741455
vt -0.5711807608604431 1.5754916667938232
vt -0.5684794187545776 1.5769355297088623
vt -0.565548300743103 1.5778248310089111
vt -0.5625 1.578125
vt -0.559451699256897 1.5778248310089111
vt -0.5565205812454224 1.5769355297088623
vt -0.5538192391395569 1.5754916667938232
vt -0.5514514446258545 1.5735485553741455
vt -0.549508273601532 1.571180820465088
vt -0.5480644106864929 1.5684794187545776
vt -0.5471752285957336 1.565548300743103
vt -0.546875 1.5625
vt -0.5471752285957336 1.559451699256897
vt -0.5480644106864929 1.5565205812454224
vt -0.549508273601532 1.553819179534912
vt -0.5514514446258545 1.5514514446258545
vt -0.5538192391395569 1.5495083332061768
vt -0.5565205812454224 1.5480644702911377
vt -0.559451699256897 1.5471751689910889
vt -0.5625 1.546875
vt -0.565548300743103 1.5471751689910889
vt -0.5684794187545776 1.5480643510818481
vt -0.5711807608604431 1.5495083332061768
vt -0.5735485553741455 1.5514514446258545
vt -0.575491726398468 1.553819179534912
vt -0.5480644106864929 1.5684794187545776
vt -0.5471752285957336 1.565548300743103
vt -0.546875 1.5625
vt -0.549508273601532 1.571180820465088
vt -0.5514514446258545 1.5735485553741455
vt -0.5538192391395569 1.5754916667938232
vt -0.5565205812454224 1.5769355297088623
vt -0.559451699256897 1.5778248310089111
vt -0.5625 1.578125
vt -0.565548300743103 1.5778248310089111
vt -0.5684794187545776 1.5769355297088623
vt -0.5711807608604431 1.5754916667938232
vt -0.5735485553741455 1.5735485553741455
vt -0.575491726398468 1.571180820465088
vt -0.5769356489181519 1.5684794187545776
vt -0.5778247714042664 1.565548300743103
vt -0.578125 1.5625
vt -0.5778247714042664 1.559451699256897
vt -0.5769355893135071 1.5565205812454224
vt -0.575491726398468 1.553819179534912
vt -0.5735485553741455 1.5514514446258545
vt -0.5711807608604431 1.5495083332061768
vt -0.5684794187545776 1.5480643510818481
vt -0.565548300743103 1.5471751689910889
vt -0.5625 1.546875
vt -0.559451699256897 1.5471751689910889
vt -0.5565205812454224 1.5480644702911377
vt -0.5538192391395569 1.5495083332061768
vt -0.5514514446258545 1.5514514446258545
vt -0.549508273601532 1.553819179534912
vt -0.5480644106864929 1.5565205812454224
vt -0.5471752285957336 1.559451699256897
vt 0.9999999403953552 1.65625
vt 0.7499999403953552 1.65625
vt 0.7499999403953552 1.659298300743103
vt 0.9999999403953552 1.659298300743103
vt 0.9999999403953552 1.659298300743103
vt 0.7499999403953552 1.659298300743103
vt 0.7499999403953552 1.6622294187545776
vt 0.9999999403953552 1.6622294187545776
vt 0.9999999403953552 1.6622294187545776
vt 0.7499999403953552 1.6622294187545776
vt 0.7499999403953552 1.664930820465088
vt 0.9999999403953552 1.664930820465088
vt 0.9999999403953552 1.664930820465088
vt 0.7499999403953552 1.664930820465088
vt 0.7499999403953552 1.6672985553741455
vt 0.9999999403953552 1.6672985553741455
vt -0.5514514446258545 1.9999999403953552
vt -0.5514514446258545 1.7499999403953552
vt -0.5538192391395569 1.7499999403953552
vt -0.5538192391395569 1.9999999403953552
vt -0.5538192391395569 1.9999999403953552
vt -0.5538192391395569 1.7499999403953552
vt -0.5565205812454224 1.7499999403953552
vt -0.5565205812454224 1.9999999403953552
vt -0.5565205812454224 1.9999999403953552
vt -0.5565205812454224 1.7499999403953552
vt -0.559451699256897 1.7499999403953552
vt -0.559451699256897 1.9999999403953552
vt -0.559451699256897 1.9999999403953552
vt -0.559451699256897 1.7499999403953552
vt -0.5625 1.7499999403953552
vt -0.5625 1.9999999403953552
vt -0.5625 1.9999999403953552
vt -0.5625 1.7499999403953552
vt -0.565548300743103 1.7499999403953552
vt -0.565548300743103 1.9999999403953552
vt -0.565548300743103 1.9999999403953552
vt -0.565548300743103 1.7499999403953552
vt -0.5684794187545776 1.7499999403953552
vt -0.5684794187545776 1.9999999403953552
vt -0.5684794187545776 1.9999999403953552
vt -0.5684794187545776 1.7499999403953552
vt -0.5711807608604431 1.7499999403953552
vt -0.5711807608604431 1.9999999403953552
vt -0.5711807608604431 1.9999999403953552
vt -0.5711807608604431 1.7499999403953552
vt -0.5735485553741455 1.7499999403953552
vt -0.5735485553741455 1.9999999403953552
vt 0.9999999403953552 1.6672985553741455
vt 0.7499999403953552 1.6672985553741455
vt 0.7499999403953552 1.664930820465088
vt 0.9999999403953552 1.664930820465088
vt 0.9999999403953552 1.664930820465088
vt 0.7499999403953552 1.664930820465088
vt 0.7499999403953552 1.6622294187545776
vt 0.9999999403953552 1.6622294187545776
vt 0.9999999403953552 1.6622294187545776
vt 0.7499999403953552 1.6622294187545776
vt 0.7499999403953552 1.659298300743103
vt 0.9999999403953552 1.659298300743103
vt 0.9999999403953552 1.659298300743103
vt 0.7499999403953552 1.659298300743103
vt 0.7499999403953552 1.65625
vt 0.9999999403953552 1.65625
vt 0.9999999403953552 1.65625
vt 0.7499999403953552 1.65625
vt 0.7499999403953552 1.653201699256897
vt 0.9999999403953552 1.653201699256897
vt 0.9999999403953552 1.653201699256897
vt 0.7499999403953552 1.653201699256897
vt 0.7499999403953552 1.6502705812454224
vt 0.9999999403953552 1.6502705812454224
vt 0.9999999403953552 1.6502705812454224
vt 0.7499999403953552 1.6502705812454224
vt 0.7499999403953552 1.647569179534912
vt 0.9999999403953552 1.647569179534912
vt 0.9999999403953552 1.647569179534912
vt 0.7499999403953552 1.647569179534912
vt 0.7499999403953552 1.6452014446258545
vt 0.9999999403953552 1.6452014446258545
vt -0.5735485553741455 1.9999999403953552
vt -0.5735485553741455 1.7499999403953552
vt -0.5711807608604431 1.7499999403953552
vt -0.5711807608604431 1.9999999403953552
vt -0.5711807608604431 1.9999999403953552
vt -0.5711807608604431 1.7499999403953552
vt -0.5684794187545776 1.7499999403953552
vt -0.5684794187545776 1.9999999403953552
vt -0.5684794187545776 1.9999999403953552
vt -0.5684794187545776 1.7499999403953552
vt -0.565548300743103 1.7499999403953552
vt -0.565548300743103 1.9999999403953552
vt -0.565548300743103 1.9999999403953552
vt -0.565548300743103 1.7499999403953552
vt -0.5625 1.7499999403953552
vt -0.5625 1.9999999403953552
vt -0.5625 1.9999999403953552
vt -0.5625 1.7499999403953552
vt -0.559451699256897 1.7499999403953552
vt -0.559451699256897 1.9999999403953552
vt -0.559451699256897 1.9999999403953552
vt -0.559451699256897 1.7499999403953552
vt -0.5565205812454224 1.7499999403953552
vt -0.5565205812454224 1.9999999403953552
vt -0.5565205812454224 1.9999999403953552
vt -0.5565205812454224 1.7499999403953552
vt -0.5538192391395569 1.7499999403953552
vt -0.5538192391395569 1.9999999403953552
vt -0.5538192391395569 1.9999999403953552
vt -0.5538192391395569 1.7499999403953552
vt -0.5514514446258545 1.7499999403953552
vt -0.5514514446258545 1.9999999403953552
vt 0.9999999403953552 1.6452014446258545
vt 0.7499999403953552 1.6452014446258545
vt 0.7499999403953552 1.647569179534912
vt 0.9999999403953552 1.647569179534912
vt 0.9999999403953552 1.647569179534912
vt 0.7499999403953552 1.647569179534912
vt 0.7499999403953552 1.6502705812454224
vt 0.9999999403953552 1.6502705812454224
vt 0.9999999403953552 1.6502705812454224
vt 0.7499999403953552 1.6502705812454224
vt 0.7499999403953552 1.653201699256897
vt 0.9999999403953552 1.653201699256897
vt 0.9999999403953552 1.653201699256897
vt 0.7499999403953552 1.653201699256897
vt 0.7499999403953552 1.65625
vt 0.9999999403953552 1.65625
vt -0.5471752285957336 1.659298300743103
vt -0.546875 1.65625
vt -0.5471752285957336 1.653201699256897
vt -0.5480644106864929 1.6622294187545776
vt -0.549508273601532 1.664930820465088
vt -0.5514514446258545 1.6672985553741455
vt -0.5538192391395569 1.6692416667938232
vt -0.5565205812454224 1.6706855297088623
vt -0.559451699256897 1.6715748310089111
vt -0.5625 1.671875
vt -0.565548300743103 1.6715748310089111
vt -0.5684794187545776 1.6706855297088623
vt -0.5711807608604431 1.6692416667938232
vt -0.5735485553741455 1.6672985553741455
vt -0.575491726398468 1.664930820465088
vt -0.5769356489181519 1.6622294187545776
vt -0.5778247714042664 1.659298300743103
vt -0.578125 1.65625
vt -0.5778247714042664 1.653201699256897
vt -0.5769355893135071 1.6502705812454224
vt -0.575491726398468 1.647569179534912
vt -0.5735485553741455 1.6452014446258545
vt -0.5711807608604431 1.6432583332061768
vt -0.5684794187545776 1.6418143510818481
vt -0.565548300743103 1.6409251689910889
vt -0.5625 1.640625
vt -0.559451699256897 1.6409251689910889
vt -0.5565205812454224 1.6418144702911377
vt -0.5538192391395569 1.6432583332061768
vt -0.5514514446258545 1.6452014446258545
vt -0.549508273601532 1.647569179534912
vt -0.5480644106864929 1.6502705812454224
vt -0.5769356489181519 1.6622294187545776
vt -0.5778247714042664 1.659298300743103
vt -0.578125 1.65625
vt -0.575491726398468 1.664930820465088
vt -0.5735485553741455 1.6672985553741455
vt -0.5711807608604431 1.6692416667938232
vt -0.5684794187545776 1.6706855297088623
vt -0.565548300743103 1.6715748310089111
vt -0.5625 1.671875
vt -0.559451699256897 1.6715748310089111
vt -0.5565205812454224 1.6706855297088623
vt -0.5538192391395569 1.6692416667938232
vt -0.5514514446258545 1.6672985553741455
vt -0.549508273601532 1.664930820465088
vt -0.5480644106864929 1.6622294187545776
vt -0.5471752285957336 1.659298300743103
vt -0.546875 1.65625
vt -0.5471752285957336 1.653201699256897
vt -0.5480644106864929 1.6502705812454224
vt -0.549508273601532 1.647569179534912
vt -0.5514514446258545 1.6452014446258545
vt -0.5538192391395569 1.6432583332061768
vt -0.5565205812454224 1.6418144702911377
vt -0.559451699256897 1.6409251689910889
vt -0.5625 1.640625
vt -0.565548300743103 1.6409251689910889
vt -0.5684794187545776 1.6418143510818481
vt -0.5711807608604431 1.6432583332061768
vt -0.5735485553741455 1.6452014446258545
vt -0.575491726398468 1.647569179534912
vt -0.5769355893135071 1.6502705812454224
vt -0.5778247714042664 1.653201699256897
vt -0.5471752285957336 1.659298300743103
vt -0.5480644106864929 1.6622294187545776
vt -0.549508273601532 1.664930820465088
vt -0.546875 1.65625
vt -0.5471752285957336 1.653201699256897
vt -0.5480644106864929 1.6502705812454224
vt -0.549508273601532 1.647569179534912
vt -0.5514514446258545 1.6452014446258545
vt -0.5538192391395569 1.6432583332061768
vt -0.5565205812454224 1.6418144702911377
vt -0.559451699256897 1.6409251689910889
vt -0.5625 1.640625
vt -0.565548300743103 1.6409251689910889
vt -0.5684794187545776 1.6418143510818481
vt -0.5711807608604431 1.6432583332061768
vt -0.5735485553741455 1.6452014446258545
vt -0.575491726398468 1.647569179534912
vt -0.5769355893135071 1.6502705812454224
vt -0.5778247714042664 1.653201699256897
vt -0.578125 1.65625
vt -0.5778247714042664 1.659298300743103
vt -0.5769356489181519 1.6622294187545776
vt -0.575491726398468 1.664930820465088
vt -0.5735485553741455 1.6672985553741455
vt -0.5711807608604431 1.6692416667938232
vt -0.5684794187545776 1.6706855297088623
vt -0.565548300743103 1.6715748310089111
vt -0.5625 1.671875
vt -0.559451699256897 1.6715748310089111
vt -0.5565205812454224 1.6706855297088623
vt -0.5538192391395569 1.6692416667938232
vt -0.5514514446258545 1.6672985553741455
vt 1.7500003576278687 1.659298300743103
vt 1.7500003576278687 1.65625
vt 1.5000001192092896 1.65625
vt 1.5000001192092896 1.659298300743103
vt 1.7500003576278687 1.6622294187545776
vt 1.7500003576278687 1.659298300743103
vt 1.5000001192092896 1.659298300743103
vt 1.5000001192092896 1.6622294187545776
vt 1.7500003576278687 1.664930820465088
vt 1.7500003576278687 1.6622294187545776
vt 1.5000001192092896 1.6622294187545776
vt 1.5000001192092896 1.664930820465088
vt 1.7500003576278687 1.6672985553741455
vt 1.7500003576278687 1.664930820465088
vt 1.5000001192092896 1.664930820465088
vt 1.5000001192092896 1.6672985553741455
vt -0.5538192391395569 2.7500003576278687
vt -0.5514514446258545 2.7500003576278687
vt -0.5514514446258545 2.5000001192092896
vt -0.5538192391395569 2.5000001192092896
vt -0.5565205812454224 2.7500003576278687
vt -0.5538192391395569 2.7500003576278687
vt -0.5538192391395569 2.5000001192092896
vt -0.5565205812454224 2.5000001192092896
vt -0.559451699256897 2.7500003576278687
vt -0.5565205812454224 2.7500003576278687
vt -0.5565205812454224 2.5000001192092896
vt -0.559451699256897 2.5000001192092896
vt -0.5625 2.7500003576278687
vt -0.559451699256897 2.7500003576278687
vt -0.559451699256897 2.5000001192092896
vt -0.5625 2.5000001192092896
vt -0.565548300743103 2.7500003576278687
vt -0.5625 2.7500003576278687
vt -0.5625 2.5000001192092896
vt -0.565548300743103 2.5000001192092896
vt -0.5684794187545776 2.7500003576278687
vt -0.565548300743103 2.7500003576278687
vt -0.565548300743103 2.5000001192092896
vt -0.5684794187545776 2.5000001192092896
vt -0.5711807608604431 2.7500003576278687
vt -0.5684794187545776 2.7500003576278687
vt -0.5684794187545776 2.5000001192092896
vt -0.5711807608604431 2.5000001192092896
vt -0.5735485553741455 2.7500003576278687
vt -0.5711807608604431 2.7500003576278687
vt -0.5711807608604431 2.5000001192092896
vt -0.5735485553741455 2.5000001192092896
vt 1.7500003576278687 1.664930820465088
vt 1.7500003576278687 1.6672985553741455
vt 1.5000001192092896 1.6672985553741455
vt 1.5000001192092896 1.664930820465088
vt 1.7500003576278687 1.6622294187545776
vt 1.7500003576278687 1.664930820465088
vt 1.5000001192092896 1.664930820465088
vt 1.5000001192092896 1.6622294187545776
vt 1.7500003576278687 1.659298300743103
vt 1.7500003576278687 1.6622294187545776
vt 1.5000001192092896 1.6622294187545776
vt 1.5000001192092896 1.659298300743103
vt 1.7500003576278687 1.65625
vt 1.7500003576278687 1.659298300743103
vt 1.5000001192092896 1.659298300743103
vt 1.5000001192092896 1.65625
vt 1.7500003576278687 1.653201699256897
vt 1.7500003576278687 1.65625
vt 1.5000001192092896 1.65625
vt 1.5000001192092896 1.653201699256897
vt 1.7500003576278687 1.6502705812454224
vt 1.7500003576278687 1.653201699256897
vt 1.5000001192092896 1.653201699256897
vt 1.5000001192092896 1.6502705812454224
vt 1.7500003576278687 1.647569179534912
vt 1.7500003576278687 1.6502705812454224
vt 1.5000001192092896 1.6502705812454224
vt 1.5000001192092896 1.647569179534912
vt 1.7500003576278687 1.6452014446258545
vt 1.7500003576278687 1.647569179534912
vt 1.5000001192092896 1.647569179534912
vt 1.5000001192092896 1.6452014446258545
vt -0.5711807608604431 2.7500003576278687
vt -0.5735485553741455 2.7500003576278687
vt -0.5735485553741455 2.5000001192092896
vt -0.5711807608604431 2.5000001192092896
vt -0.5684794187545776 2.7500003576278687
vt -0.5711807608604431 2.7500003576278687
vt -0.5711807608604431 2.5000001192092896
vt -0.5684794187545776 2.5000001192092896
vt -0.565548300743103 2.7500003576278687
vt -0.5684794187545776 2.7500003576278687
vt -0.5684794187545776 2.5000001192092896
vt -0.565548300743103 2.5000001192092896
vt -0.5625 2.7500003576278687
vt -0.565548300743103 2.7500003576278687
vt -0.565548300743103 2.5000001192092896
vt -0.5625 2.5000001192092896
vt -0.559451699256897 2.7500003576278687
vt -0.5625 2.7500003576278687
vt -0.5625 2.5000001192092896
vt -0.559451699256897 2.5000001192092896
vt -0.5565205812454224 2.7500003576278687
vt -0.559451699256897 2.7500003576278687
vt -0.559451699256897 2.5000001192092896
vt -0.5565205812454224 2.5000001192092896
vt -0.5538192391395569 2.7500003576278687
vt -0.5565205812454224 2.7500003576278687
vt -0.5565205812454224 2.5000001192092896
vt -0.5538192391395569 2.5000001192092896
vt -0.5514514446258545 2.7500003576278687
vt -0.5538192391395569 2.7500003576278687
vt -0.5538192391395569 2.5000001192092896
vt -0.5514514446258545 2.5000001192092896
vt 1.7500003576278687 1.647569179534912
vt 1.7500003576278687 1.6452014446258545
vt 1.5000001192092896 1.6452014446258545
vt 1.5000001192092896 1.647569179534912
vt 1.7500003576278687 1.6502705812454224
vt 1.7500003576278687 1.647569179534912
vt 1.5000001192092896 1.647569179534912
vt 1.5000001192092896 1.6502705812454224
vt 1.7500003576278687 1.653201699256897
vt 1.7500003576278687 1.6502705812454224
vt 1.5000001192092896 1.6502705812454224
vt 1.5000001192092896 1.653201699256897
vt 1.7500003576278687 1.65625
vt 1.7500003576278687 1.653201699256897
vt 1.5000001192092896 1.653201699256897
vt 1.5000001192092896 1.65625
vt -0.5480644106864929 1.6622294187545776
vt -0.5471752285957336 1.659298300743103
vt -0.546875 1.65625
vt -0.549508273601532 1.664930820465088
vt -0.5514514446258545 1.6672985553741455
vt -0.5538192391395569 1.6692416667938232
vt -0.5565205812454224 1.6706855297088623
vt -0.559451699256897 1.6715748310089111
vt -0.5625 1.671875
vt -0.565548300743103 1.6715748310089111
vt -0.5684794187545776 1.6706855297088623
vt -0.5711807608604431 1.6692416667938232
vt -0.5735485553741455 1.6672985553741455
vt -0.575491726398468 1.664930820465088
vt -0.5769356489181519 1.6622294187545776
vt -0.5778247714042664 1.659298300743103
vt -0.578125 1.65625
vt -0.5778247714042664 1.653201699256897
vt -0.5769355893135071 1.6502705812454224
vt -0.575491726398468 1.647569179534912
vt -0.5735485553741455 1.6452014446258545
vt -0.5711807608604431 1.6432583332061768
vt -0.5684794187545776 1.6418143510818481
vt -0.565548300743103 1.6409251689910889
vt -0.5625 1.640625
vt -0.559451699256897 1.6409251689910889
vt -0.5565205812454224 1.6418144702911377
vt -0.5538192391395569 1.6432583332061768
vt -0.5514514446258545 1.6452014446258545
vt -0.549508273601532 1.647569179534912
vt -0.5480644106864929 1.6502705812454224
vt -0.5471752285957336 1.653201699256897
vt 0.9999999403953552 1.609375
vt 0.7499999403953552 1.609375
vt 0.7499999403953552 1.612423300743103
vt 0.9999999403953552 1.612423300743103
vt 0.9999999403953552 1.612423300743103
vt 0.7499999403953552 1.612423300743103
vt 0.7499999403953552 1.6153544187545776
vt 0.9999999403953552 1.6153544187545776
vt 0.9999999403953552 1.6153544187545776
vt 0.7499999403953552 1.6153544187545776
vt 0.7499999403953552 1.618055820465088
vt 0.9999999403953552 1.618055820465088
vt 0.9999999403953552 1.618055820465088
vt 0.7499999403953552 1.618055820465088
vt 0.7499999403953552 1.6204235553741455
vt 0.9999999403953552 1.6204235553741455
vt -0.5514514446258545 1.9999999403953552
vt -0.5514514446258545 1.7499999403953552
vt -0.5538192391395569 1.7499999403953552
vt -0.5538192391395569 1.9999999403953552
vt -0.5538192391395569 1.9999999403953552
vt -0.5538192391395569 1.7499999403953552
vt -0.5565205812454224 1.7499999403953552
vt -0.5565205812454224 1.9999999403953552
vt -0.5565205812454224 1.9999999403953552
vt -0.5565205812454224 1.7499999403953552
vt -0.559451699256897 1.7499999403953552
vt -0.559451699256897 1.9999999403953552
vt -0.559451699256897 1.9999999403953552
vt -0.559451699256897 1.7499999403953552
vt -0.5625 1.7499999403953552
vt -0.5625 1.9999999403953552
vt -0.5625 1.9999999403953552
vt -0.5625 1.7499999403953552
vt -0.565548300743103 1.7499999403953552
vt -0.565548300743103 1.9999999403953552
vt -0.565548300743103 1.9999999403953552
vt -0.565548300743103 1.7499999403953552
vt -0.5684794187545776 1.7499999403953552
vt -0.5684794187545776 1.9999999403953552
vt -0.5684794187545776 1.9999999403953552
vt -0.5684794187545776 1.7499999403953552
vt -0.5711807608604431 1.7499999403953552
vt -0.5711807608604431 1.9999999403953552
vt -0.5711807608604431 1.9999999403953552
vt -0.5711807608604431 1.7499999403953552
vt -0.5735485553741455 1.7499999403953552
vt -0.5735485553741455 1.9999999403953552
vt 0.9999999403953552 1.6204235553741455
vt 0.7499999403953552 1.6204235553741455
vt 0.7499999403953552 1.618055820465088
vt 0.9999999403953552 1.618055820465088
vt 0.9999999403953552 1.618055820465088
vt 0.7499999403953552 1.618055820465088
vt 0.7499999403953552 1.6153544187545776
vt 0.9999999403953552 1.6153544187545776
vt 0.9999999403953552 1.6153544187545776
vt 0.7499999403953552 1.6153544187545776
vt 0.7499999403953552 1.612423300743103
vt 0.9999999403953552 1.612423300743103
vt 0.9999999403953552 1.612423300743103
vt 0.7499999403953552 1.612423300743103
vt 0.7499999403953552 1.609375
vt 0.9999999403953552 1.609375
vt 0.9999999403953552 1.609375
vt 0.7499999403953552 1.609375
vt 0.7499999403953552 1.606326699256897
vt 0.9999999403953552 1.606326699256897
vt 0.9999999403953552 1.606326699256897
vt 0.7499999403953552 1.606326699256897
vt 0.7499999403953552 1.6033955812454224
vt 0.9999999403953552 1.6033955812454224
vt 0.9999999403953552 1.6033955812454224
vt 0.7499999403953552 1.6033955812454224
vt 0.7499999403953552 1.600694179534912
vt 0.9999999403953552 1.600694179534912
vt 0.9999999403953552 1.600694179534912
vt 0.7499999403953552 1.600694179534912
vt 0.7499999403953552 1.5983264446258545
vt 0.9999999403953552 1.5983264446258545
vt -0.5735485553741455 1.9999999403953552
vt -0.5735485553741455 1.7499999403953552
vt -0.5711807608604431 1.7499999403953552
vt -0.5711807608604431 1.9999999403953552
vt -0.5711807608604431 1.9999999403953552
vt -0.5711807608604431 1.7499999403953552
vt -0.5684794187545776 1.7499999403953552
vt -0.5684794187545776 1.9999999403953552
vt -0.5684794187545776 1.9999999403953552
vt -0.5684794187545776 1.7499999403953552
vt -0.565548300743103 1.7499999403953552
vt -0.565548300743103 1.9999999403953552
vt -0.565548300743103 1.9999999403953552
vt -0.565548300743103 1.7499999403953552
vt -0.5625 1.7499999403953552
vt -0.5625 1.9999999403953552
vt -0.5625 1.9999999403953552
vt -0.5625 1.7499999403953552
vt -0.559451699256897 1.7499999403953552
vt -0.559451699256897 1.9999999403953552
vt -0.559451699256897 1.9999999403953552
vt -0.559451699256897 1.7499999403953552
vt -0.5565205812454224 1.7499999403953552
vt -0.5565205812454224 1.9999999403953552
vt -0.5565205812454224 1.9999999403953552
vt -0.5565205812454224 1.7499999403953552
vt -0.5538192391395569 1.7499999403953552
vt -0.5538192391395569 1.9999999403953552
vt -0.5538192391395569 1.9999999403953552
vt -0.5538192391395569 1.7499999403953552
vt -0.5514514446258545 1.7499999403953552
vt -0.5514514446258545 1.9999999403953552
vt 0.9999999403953552 1.5983264446258545
vt 0.7499999403953552 1.5983264446258545
vt 0.7499999403953552 1.600694179534912
vt 0.9999999403953552 1.600694179534912
vt 0.9999999403953552 1.600694179534912
vt 0.7499999403953552 1.600694179534912
vt 0.7499999403953552 1.6033955812454224
vt 0.9999999403953552 1.6033955812454224
vt 0.9999999403953552 1.6033955812454224
vt 0.7499999403953552 1.6033955812454224
vt 0.7499999403953552 1.606326699256897
vt 0.9999999403953552 1.606326699256897
vt 0.9999999403953552 1.606326699256897
vt 0.7499999403953552 1.606326699256897
vt 0.7499999403953552 1.609375
vt 0.9999999403953552 1.609375
vt -0.5471752285957336 1.612423300743103
vt -0.546875 1.609375
vt -0.5471752285957336 1.606326699256897
vt -0.5480644106864929 1.6153544187545776
vt -0.549508273601532 1.618055820465088
vt -0.5514514446258545 1.6204235553741455
vt -0.5538192391395569 1.6223666667938232
vt -0.5565205812454224 1.6238105297088623
vt -0.559451699256897 1.6246998310089111
vt -0.5625 1.625
vt -0.565548300743103 1.6246998310089111
vt -0.5684794187545776 1.6238105297088623
vt -0.5711807608604431 1.6223666667938232
vt -0.5735485553741455 1.6204235553741455
vt -0.575491726398468 1.618055820465088
vt -0.5769356489181519 1.6153544187545776
vt -0.5778247714042664 1.612423300743103
vt -0.578125 1.609375
vt -0.5778247714042664 1.606326699256897
vt -0.5769355893135071 1.6033955812454224
vt -0.575491726398468 1.600694179534912
vt -0.5735485553741455 1.5983264446258545
vt -0.5711807608604431 1.5963833332061768
vt -0.5684794187545776 1.5949393510818481
vt -0.565548300743103 1.5940501689910889
vt -0.5625 1.59375
vt -0.559451699256897 1.5940501689910889
vt -0.5565205812454224 1.5949394702911377
vt -0.5538192391395569 1.5963833332061768
vt -0.5514514446258545 1.5983264446258545
vt -0.549508273601532 1.600694179534912
vt -0.5480644106864929 1.6033955812454224
vt -0.5769356489181519 1.6153544187545776
vt -0.5778247714042664 1.612423300743103
vt -0.578125 1.609375
vt -0.575491726398468 1.618055820465088
vt -0.5735485553741455 1.6204235553741455
vt -0.5711807608604431 1.6223666667938232
vt -0.5684794187545776 1.6238105297088623
vt -0.565548300743103 1.6246998310089111
vt -0.5625 1.625
vt -0.559451699256897 1.6246998310089111
vt -0.5565205812454224 1.6238105297088623
vt -0.5538192391395569 1.6223666667938232
vt -0.5514514446258545 1.6204235553741455
vt -0.549508273601532 1.618055820465088
vt -0.5480644106864929 1.6153544187545776
vt -0.5471752285957336 1.612423300743103
vt -0.546875 1.609375
vt -0.5471752285957336 1.606326699256897
vt -0.5480644106864929 1.6033955812454224
vt -0.549508273601532 1.600694179534912
vt -0.5514514446258545 1.5983264446258545
vt -0.5538192391395569 1.5963833332061768
vt -0.5565205812454224 1.5949394702911377
vt -0.559451699256897 1.5940501689910889
vt -0.5625 1.59375
vt -0.565548300743103 1.5940501689910889
vt -0.5684794187545776 1.5949393510818481
vt -0.5711807608604431 1.5963833332061768
vt -0.5735485553741455 1.5983264446258545
vt -0.575491726398468 1.600694179534912
vt -0.5769355893135071 1.6033955812454224
vt -0.5778247714042664 1.606326699256897
vt -0.5471752285957336 1.612423300743103
vt -0.5480644106864929 1.6153544187545776
vt -0.549508273601532 1.618055820465088
vt -0.546875 1.609375
vt -0.5471752285957336 1.606326699256897
vt -0.5480644106864929 1.6033955812454224
vt -0.549508273601532 1.600694179534912
vt -0.5514514446258545 1.5983264446258545
vt -0.5538192391395569 1.5963833332061768
vt -0.5565205812454224 1.5949394702911377
vt -0.559451699256897 1.5940501689910889
vt -0.5625 1.59375
vt -0.565548300743103 1.5940501689910889
vt -0.5684794187545776 1.5949393510818481
vt -0.5711807608604431 1.5963833332061768
vt -0.5735485553741455 1.5983264446258545
vt -0.575491726398468 1.600694179534912
vt -0.5769355893135071 1.6033955812454224
vt -0.5778247714042664 1.606326699256897
vt -0.578125 1.609375
vt -0.5778247714042664 1.612423300743103
vt -0.5769356489181519 1.6153544187545776
vt -0.575491726398468 1.618055820465088
vt -0.5735485553741455 1.6204235553741455
vt -0.5711807608604431 1.6223666667938232
vt -0.5684794187545776 1.6238105297088623
vt -0.565548300743103 1.6246998310089111
vt -0.5625 1.625
vt -0.559451699256897 1.6246998310089111
vt -0.5565205812454224 1.6238105297088623
vt -0.5538192391395569 1.6223666667938232
vt -0.5514514446258545 1.6204235553741455
vt 1.7500003576278687 1.612423300743103
vt 1.7500003576278687 1.609375
vt 1.5000001192092896 1.609375
vt 1.5000001192092896 1.612423300743103
vt 1.7500003576278687 1.6153544187545776
vt 1.7500003576278687 1.612423300743103
vt 1.5000001192092896 1.612423300743103
vt 1.5000001192092896 1.6153544187545776
vt 1.7500003576278687 1.618055820465088
vt 1.7500003576278687 1.6153544187545776
vt 1.5000001192092896 1.6153544187545776
vt 1.5000001192092896 1.618055820465088
vt 1.7500003576278687 1.6204235553741455
vt 1.7500003576278687 1.618055820465088
vt 1.5000001192092896 1.618055820465088
vt 1.5000001192092896 1.6204235553741455
vt -0.5538192391395569 2.7500003576278687
vt -0.5514514446258545 2.7500003576278687
vt -0.5514514446258545 2.5000001192092896
vt -0.5538192391395569 2.5000001192092896
vt -0.5565205812454224 2.7500003576278687
vt -0.5538192391395569 2.7500003576278687
vt -0.5538192391395569 2.5000001192092896
vt -0.5565205812454224 2.5000001192092896
vt -0.559451699256897 2.7500003576278687
vt -0.5565205812454224 2.7500003576278687
vt -0.5565205812454224 2.5000001192092896
vt -0.559451699256897 2.5000001192092896
vt -0.5625 2.7500003576278687
vt -0.559451699256897 2.7500003576278687
vt -0.559451699256897 2.5000001192092896
vt -0.5625 2.5000001192092896
vt -0.565548300743103 2.7500003576278687
vt -0.5625 2.7500003576278687
vt -0.5625 2.5000001192092896
vt -0.565548300743103 2.5000001192092896
vt -0.5684794187545776 2.7500003576278687
vt -0.565548300743103 2.7500003576278687
vt -0.565548300743103 2.5000001192092896
vt -0.5684794187545776 2.5000001192092896
vt -0.5711807608604431 2.7500003576278687
vt -0.5684794187545776 2.7500003576278687
vt -0.5684794187545776 2.5000001192092896
vt -0.5711807608604431 2.5000001192092896
vt -0.5735485553741455 2.7500003576278687
vt -0.5711807608604431 2.7500003576278687
vt -0.5711807608604431 2.5000001192092896
vt -0.5735485553741455 2.5000001192092896
vt 1.7500003576278687 1.618055820465088
vt 1.7500003576278687 1.6204235553741455
vt 1.5000001192092896 1.6204235553741455
vt 1.5000001192092896 1.618055820465088
vt 1.7500003576278687 1.6153544187545776
vt 1.7500003576278687 1.618055820465088
vt 1.5000001192092896 1.618055820465088
vt 1.5000001192092896 1.6153544187545776
vt 1.7500003576278687 1.612423300743103
vt 1.7500003576278687 1.6153544187545776
vt 1.5000001192092896 1.6153544187545776
vt 1.5000001192092896 1.612423300743103
vt 1.7500003576278687 1.609375
vt 1.7500003576278687 1.612423300743103
vt 1.5000001192092896 1.612423300743103
vt 1.5000001192092896 1.609375
vt 1.7500003576278687 1.606326699256897
vt 1.7500003576278687 1.609375
vt 1.5000001192092896 1.609375
vt 1.5000001192092896 1.606326699256897
vt 1.7500003576278687 1.6033955812454224
vt 1.7500003576278687 1.606326699256897
vt 1.5000001192092896 1.606326699256897
vt 1.5000001192092896 1.6033955812454224
vt 1.7500003576278687 1.600694179534912
vt 1.7500003576278687 1.6033955812454224
vt 1.5000001192092896 1.6033955812454224
vt 1.5000001192092896 1.600694179534912
vt 1.7500003576278687 1.5983264446258545
vt 1.7500003576278687 1.600694179534912
vt 1.5000001192092896 1.600694179534912
vt 1.5000001192092896 1.5983264446258545
vt -0.5711807608604431 2.7500003576278687
vt -0.5735485553741455 2.7500003576278687
vt -0.5735485553741455 2.5000001192092896
vt -0.5711807608604431 2.5000001192092896
vt -0.5684794187545776 2.7500003576278687
vt -0.5711807608604431 2.7500003576278687
vt -0.5711807608604431 2.5000001192092896
vt -0.5684794187545776 2.5000001192092896
vt -0.565548300743103 2.7500003576278687
vt -0.5684794187545776 2.7500003576278687
vt -0.5684794187545776 2.5000001192092896
vt -0.565548300743103 2.5000001192092896
vt -0.5625 2.7500003576278687
vt -0.565548300743103 2.7500003576278687
vt -0.565548300743103 2.5000001192092896
vt -0.5625 2.5000001192092896
vt -0.559451699256897 2.7500003576278687
vt -0.5625 2.7500003576278687
vt -0.5625 2.5000001192092896
vt -0.559451699256897 2.5000001192092896
vt -0.5565205812454224 2.7500003576278687
vt -0.559451699256897 2.7500003576278687
vt -0.559451699256897 2.5000001192092896
vt -0.5565205812454224 2.5000001192092896
vt -0.5538192391395569 2.7500003576278687
vt -0.5565205812454224 2.7500003576278687
vt -0.5565205812454224 2.5000001192092896
vt -0.5538192391395569 2.5000001192092896
vt -0.5514514446258545 2.7500003576278687
vt -0.5538192391395569 2.7500003576278687
vt -0.5538192391395569 2.5000001192092896
vt -0.5514514446258545 2.5000001192092896
vt 1.7500003576278687 1.600694179534912
vt 1.7500003576278687 1.5983264446258545
vt 1.5000001192092896 1.5983264446258545
vt 1.5000001192092896 1.600694179534912
vt 1.7500003576278687 1.6033955812454224
vt 1.7500003576278687 1.600694179534912
vt 1.5000001192092896 1.600694179534912
vt 1.5000001192092896 1.6033955812454224
vt 1.7500003576278687 1.606326699256897
vt 1.7500003576278687 1.6033955812454224
vt 1.5000001192092896 1.6033955812454224
vt 1.5000001192092896 1.606326699256897
vt 1.7500003576278687 1.609375
vt 1.7500003576278687 1.606326699256897
vt 1.5000001192092896 1.606326699256897
vt 1.5000001192092896 1.609375
vt -0.5480644106864929 1.6153544187545776
vt -0.5471752285957336 1.612423300743103
vt -0.546875 1.609375
vt -0.549508273601532 1.618055820465088
vt -0.5514514446258545 1.6204235553741455
vt -0.5538192391395569 1.6223666667938232
vt -0.5565205812454224 1.6238105297088623
vt -0.559451699256897 1.6246998310089111
vt -0.5625 1.625
vt -0.565548300743103 1.6246998310089111
vt -0.5684794187545776 1.6238105297088623
vt -0.5711807608604431 1.6223666667938232
vt -0.5735485553741455 1.6204235553741455
vt -0.575491726398468 1.618055820465088
vt -0.5769356489181519 1.6153544187545776
vt -0.5778247714042664 1.612423300743103
vt -0.578125 1.609375
vt -0.5778247714042664 1.606326699256897
vt -0.5769355893135071 1.6033955812454224
vt -0.575491726398468 1.600694179534912
vt -0.5735485553741455 1.5983264446258545
vt -0.5711807608604431 1.5963833332061768
vt -0.5684794187545776 1.5949393510818481
vt -0.565548300743103 1.5940501689910889
vt -0.5625 1.59375
vt -0.559451699256897 1.5940501689910889
vt -0.5565205812454224 1.5949394702911377
vt -0.5538192391395569 1.5963833332061768
vt -0.5514514446258545 1.5983264446258545
vt -0.549508273601532 1.600694179534912
vt -0.5480644106864929 1.6033955812454224
vt -0.5471752285957336 1.606326699256897
vt 0.9999999403953552 1.5625
vt 0.7499999403953552 1.5625
vt 0.7499999403953552 1.565548300743103
vt 0.9999999403953552 1.565548300743103
vt 0.9999999403953552 1.565548300743103
vt 0.7499999403953552 1.565548300743103
vt 0.7499999403953552 1.5684794187545776
vt 0.9999999403953552 1.5684794187545776
vt 0.9999999403953552 1.5684794187545776
vt 0.7499999403953552 1.5684794187545776
vt 0.7499999403953552 1.571180820465088
vt 0.9999999403953552 1.571180820465088
vt 0.9999999403953552 1.571180820465088
vt 0.7499999403953552 1.571180820465088
vt 0.7499999403953552 1.5735485553741455
vt 0.9999999403953552 1.5735485553741455
vt -0.5514514446258545 1.9999999403953552
vt -0.5514514446258545 1.7499999403953552
vt -0.5538192391395569 1.7499999403953552
vt -0.5538192391395569 1.9999999403953552
vt -0.5538192391395569 1.9999999403953552
vt -0.5538192391395569 1.7499999403953552
vt -0.5565205812454224 1.7499999403953552
vt -0.5565205812454224 1.9999999403953552
vt -0.5565205812454224 1.9999999403953552
vt -0.5565205812454224 1.7499999403953552
vt -0.559451699256897 1.7499999403953552
vt -0.559451699256897 1.9999999403953552
vt -0.559451699256897 1.9999999403953552
vt -0.559451699256897 1.7499999403953552
vt -0.5625 1.7499999403953552
vt -0.5625 1.9999999403953552
vt -0.5625 1.9999999403953552
vt -0.5625 1.7499999403953552
vt -0.565548300743103 1.7499999403953552
vt -0.565548300743103 1.9999999403953552
vt -0.565548300743103 1.9999999403953552
vt -0.565548300743103 1.7499999403953552
vt -0.5684794187545776 1.7499999403953552
vt -0.5684794187545776 1.9999999403953552
vt -0.5684794187545776 1.9999999403953552
vt -0.5684794187545776 1.7499999403953552
vt -0.5711807608604431 1.7499999403953552
vt -0.5711807608604431 1.9999999403953552
vt -0.5711807608604431 1.9999999403953552
vt -0.5711807608604431 1.7499999403953552
vt -0.5735485553741455 1.7499999403953552
vt -0.5735485553741455 1.9999999403953552
vt 0.9999999403953552 1.5735485553741455
vt 0.7499999403953552 1.5735485553741455
vt 0.7499999403953552 1.571180820465088
vt 0.9999999403953552 1.571180820465088
vt 0.9999999403953552 1.571180820465088
vt 0.7499999403953552 1.571180820465088
vt 0.7499999403953552 1.5684794187545776
vt 0.9999999403953552 1.5684794187545776
vt 0.9999999403953552 1.5684794187545776
vt 0.7499999403953552 1.5684794187545776
vt 0.7499999403953552 1.565548300743103
vt 0.9999999403953552 1.565548300743103
vt 0.9999999403953552 1.565548300743103
vt 0.7499999403953552 1.565548300743103
vt 0.7499999403953552 1.5625
vt 0.9999999403953552 1.5625
vt 0.9999999403953552 1.5625
vt 0.7499999403953552 1.5625
vt 0.7499999403953552 1.559451699256897
vt 0.9999999403953552 1.559451699256897
vt 0.9999999403953552 1.559451699256897
vt 0.7499999403953552 1.559451699256897
vt 0.7499999403953552 1.5565205812454224
vt 0.9999999403953552 1.5565205812454224
vt 0.9999999403953552 1.5565205812454224
vt 0.7499999403953552 1.5565205812454224
vt 0.7499999403953552 1.553819179534912
vt 0.9999999403953552 1.553819179534912
vt 0.9999999403953552 1.553819179534912
vt 0.7499999403953552 1.553819179534912
vt 0.7499999403953552 1.5514514446258545
vt 0.9999999403953552 1.5514514446258545
vt -0.5735485553741455 1.9999999403953552
vt -0.5735485553741455 1.7499999403953552
vt -0.5711807608604431 1.7499999403953552
vt -0.5711807608604431 1.9999999403953552
vt -0.5711807608604431 1.9999999403953552
vt -0.5711807608604431 1.7499999403953552
vt -0.5684794187545776 1.7499999403953552
vt -0.5684794187545776 1.9999999403953552
vt -0.5684794187545776 1.9999999403953552
vt -0.5684794187545776 1.7499999403953552
vt -0.565548300743103 1.7499999403953552
vt -0.565548300743103 1.9999999403953552
vt -0.565548300743103 1.9999999403953552
vt -0.565548300743103 1.7499999403953552
vt -0.5625 1.7499999403953552
vt -0.5625 1.9999999403953552
vt -0.5625 1.9999999403953552
vt -0.5625 1.7499999403953552
vt -0.559451699256897 1.7499999403953552
vt -0.559451699256897 1.9999999403953552
vt -0.559451699256897 1.9999999403953552
vt -0.559451699256897 1.7499999403953552
vt -0.5565205812454224 1.7499999403953552
vt -0.5565205812454224 1.9999999403953552
vt -0.5565205812454224 1.9999999403953552
vt -0.5565205812454224 1.7499999403953552
vt -0.5538192391395569 1.7499999403953552
vt -0.5538192391395569 1.9999999403953552
vt -0.5538192391395569 1.9999999403953552
vt -0.5538192391395569 1.7499999403953552
vt -0.5514514446258545 1.7499999403953552
vt -0.5514514446258545 1.9999999403953552
vt 0.9999999403953552 1.5514514446258545
vt 0.7499999403953552 1.5514514446258545
vt 0.7499999403953552 1.553819179534912
vt 0.9999999403953552 1.553819179534912
vt 0.9999999403953552 1.553819179534912
vt 0.7499999403953552 1.553819179534912
vt 0.7499999403953552 1.5565205812454224
vt 0.9999999403953552 1.5565205812454224
vt 0.9999999403953552 1.5565205812454224
vt 0.7499999403953552 1.5565205812454224
vt 0.7499999403953552 1.559451699256897
vt 0.9999999403953552 1.559451699256897
vt 0.9999999403953552 1.559451699256897
vt 0.7499999403953552 1.559451699256897
vt 0.7499999403953552 1.5625
vt 0.9999999403953552 1.5625
vt -0.5471752285957336 1.565548300743103
vt -0.546875 1.5625
vt -0.5471752285957336 1.559451699256897
vt -0.5480644106864929 1.5684794187545776
vt -0.549508273601532 1.571180820465088
vt -0.5514514446258545 1.5735485553741455
vt -0.5538192391395569 1.5754916667938232
vt -0.5565205812454224 1.5769355297088623
vt -0.559451699256897 1.5778248310089111
vt -0.5625 1.578125
vt -0.565548300743103 1.5778248310089111
vt -0.5684794187545776 1.5769355297088623
vt -0.5711807608604431 1.5754916667938232
vt -0.5735485553741455 1.5735485553741455
vt -0.575491726398468 1.571180820465088
vt -0.5769356489181519 1.5684794187545776
vt -0.5778247714042664 1.565548300743103
vt -0.578125 1.5625
vt -0.5778247714042664 1.559451699256897
vt -0.5769355893135071 1.5565205812454224
vt -0.575491726398468 1.553819179534912
vt -0.5735485553741455 1.5514514446258545
vt -0.5711807608604431 1.5495083332061768
vt -0.5684794187545776 1.5480643510818481
vt -0.565548300743103 1.5471751689910889
vt -0.5625 1.546875
vt -0.559451699256897 1.5471751689910889
vt -0.5565205812454224 1.5480644702911377
vt -0.5538192391395569 1.5495083332061768
vt -0.5514514446258545 1.5514514446258545
vt -0.549508273601532 1.553819179534912
vt -0.5480644106864929 1.5565205812454224
vt -0.5769356489181519 1.5684794187545776
vt -0.5778247714042664 1.565548300743103
vt -0.578125 1.5625
vt -0.575491726398468 1.571180820465088
vt -0.5735485553741455 1.5735485553741455
vt -0.5711807608604431 1.5754916667938232
vt -0.5684794187545776 1.5769355297088623
vt -0.565548300743103 1.5778248310089111
vt -0.5625 1.578125
vt -0.559451699256897 1.5778248310089111
vt -0.5565205812454224 1.5769355297088623
vt -0.5538192391395569 1.5754916667938232
vt -0.5514514446258545 1.5735485553741455
vt -0.549508273601532 1.571180820465088
vt -0.5480644106864929 1.5684794187545776
vt -0.5471752285957336 1.565548300743103
vt -0.546875 1.5625
vt -0.5471752285957336 1.559451699256897
vt -0.5480644106864929 1.5565205812454224
vt -0.549508273601532 1.553819179534912
vt -0.5514514446258545 1.5514514446258545
vt -0.5538192391395569 1.5495083332061768
vt -0.5565205812454224 1.5480644702911377
vt -0.559451699256897 1.5471751689910889
vt -0.5625 1.546875
vt -0.565548300743103 1.5471751689910889
vt -0.5684794187545776 1.5480643510818481
vt -0.5711807608604431 1.5495083332061768
vt -0.5735485553741455 1.5514514446258545
vt -0.575491726398468 1.553819179534912
vt -0.5769355893135071 1.5565205812454224
vt -0.5778247714042664 1.559451699256897
vt -0.5471752285957336 1.565548300743103
vt -0.5480644106864929 1.5684794187545776
vt -0.549508273601532 1.571180820465088
vt -0.546875 1.5625
vt -0.5471752285957336 1.559451699256897
vt -0.5480644106864929 1.5565205812454224
vt -0.549508273601532 1.553819179534912
vt -0.5514514446258545 1.5514514446258545
vt -0.5538192391395569 1.5495083332061768
vt -0.5565205812454224 1.5480644702911377
vt -0.559451699256897 1.5471751689910889
vt -0.5625 1.546875
vt -0.565548300743103 1.5471751689910889
vt -0.5684794187545776 1.5480643510818481
vt -0.5711807608604431 1.5495083332061768
vt -0.5735485553741455 1.5514514446258545
vt -0.575491726398468 1.553819179534912
vt -0.5769355893135071 1.5565205812454224
vt -0.5778247714042664 1.559451699256897
vt -0.578125 1.5625
vt -0.5778247714042664 1.565548300743103
vt -0.5769356489181519 1.5684794187545776
vt -0.575491726398468 1.571180820465088
vt -0.5735485553741455 1.5735485553741455
vt -0.5711807608604431 1.5754916667938232
vt -0.5684794187545776 1.5769355297088623
vt -0.565548300743103 1.5778248310089111
vt -0.5625 1.578125
vt -0.559451699256897 1.5778248310089111
vt -0.5565205812454224 1.5769355297088623
vt -0.5538192391395569 1.5754916667938232
vt -0.5514514446258545 1.5735485553741455
vt 1.7500003576278687 1.565548300743103
vt 1.7500003576278687 1.5625
vt 1.5000001192092896 1.5625
vt 1.5000001192092896 1.565548300743103
vt 1.7500003576278687 1.5684794187545776
vt 1.7500003576278687 1.565548300743103
vt 1.5000001192092896 1.565548300743103
vt 1.5000001192092896 1.5684794187545776
vt 1.7500003576278687 1.571180820465088
vt 1.7500003576278687 1.5684794187545776
vt 1.5000001192092896 1.5684794187545776
vt 1.5000001192092896 1.571180820465088
vt 1.7500003576278687 1.5735485553741455
vt 1.7500003576278687 1.571180820465088
vt 1.5000001192092896 1.571180820465088
vt 1.5000001192092896 1.5735485553741455
vt -0.5538192391395569 2.7500003576278687
vt -0.5514514446258545 2.7500003576278687
vt -0.5514514446258545 2.5000001192092896
vt -0.5538192391395569 2.5000001192092896
vt -0.5565205812454224 2.7500003576278687
vt -0.5538192391395569 2.7500003576278687
vt -0.5538192391395569 2.5000001192092896
vt -0.5565205812454224 2.5000001192092896
vt -0.559451699256897 2.7500003576278687
vt -0.5565205812454224 2.7500003576278687
vt -0.5565205812454224 2.5000001192092896
vt -0.559451699256897 2.5000001192092896
vt -0.5625 2.7500003576278687
vt -0.559451699256897 2.7500003576278687
vt -0.559451699256897 2.5000001192092896
vt -0.5625 2.5000001192092896
vt -0.565548300743103 2.7500003576278687
vt -0.5625 2.7500003576278687
vt -0.5625 2.5000001192092896
vt -0.565548300743103 2.5000001192092896
vt -0.5684794187545776 2.7500003576278687
vt -0.565548300743103 2.7500003576278687
vt -0.565548300743103 2.5000001192092896
vt -0.5684794187545776 2.5000001192092896
vt -0.5711807608604431 2.7500003576278687
vt -0.5684794187545776 2.7500003576278687
vt -0.5684794187545776 2.5000001192092896
vt -0.5711807608604431 2.5000001192092896
vt -0.5735485553741455 2.7500003576278687
vt -0.5711807608604431 2.7500003576278687
vt -0.5711807608604431 2.5000001192092896
vt -0.5735485553741455 2.5000001192092896
vt 1.7500003576278687 1.571180820465088
vt 1.7500003576278687 1.5735485553741455
vt 1.5000001192092896 1.5735485553741455
vt 1.5000001192092896 1.571180820465088
vt 1.7500003576278687 1.5684794187545776
vt 1.7500003576278687 1.571180820465088
vt 1.5000001192092896 1.571180820465088
vt 1.5000001192092896 1.5684794187545776
vt 1.7500003576278687 1.565548300743103
vt 1.7500003576278687 1.5684794187545776
vt 1.5000001192092896 1.5684794187545776
vt 1.5000001192092896 1.565548300743103
vt 1.7500003576278687 1.5625
vt 1.7500003576278687 1.565548300743103
vt 1.5000001192092896 1.565548300743103
vt 1.5000001192092896 1.5625
vt 1.7500003576278687 1.559451699256897
vt 1.7500003576278687 1.5625
vt 1.5000001192092896 1.5625
vt 1.5000001192092896 1.559451699256897
vt 1.7500003576278687 1.5565205812454224
vt 1.7500003576278687 1.559451699256897
vt 1.5000001192092896 1.559451699256897
vt 1.5000001192092896 1.5565205812454224
vt 1.7500003576278687 1.553819179534912
vt 1.7500003576278687 1.5565205812454224
vt 1.5000001192092896 1.5565205812454224
vt 1.5000001192092896 1.553819179534912
vt 1.7500003576278687 1.5514514446258545
vt 1.7500003576278687 1.553819179534912
vt 1.5000001192092896 1.553819179534912
vt 1.5000001192092896 1.5514514446258545
vt -0.5711807608604431 2.7500003576278687
vt -0.5735485553741455 2.7500003576278687
vt -0.5735485553741455 2.5000001192092896
vt -0.5711807608604431 2.5000001192092896
vt -0.5684794187545776 2.7500003576278687
vt -0.5711807608604431 2.7500003576278687
vt -0.5711807608604431 2.5000001192092896
vt -0.5684794187545776 2.5000001192092896
vt -0.565548300743103 2.7500003576278687
vt -0.5684794187545776 2.7500003576278687
vt -0.5684794187545776 2.5000001192092896
vt -0.565548300743103 2.5000001192092896
vt -0.5625 2.7500003576278687
vt -0.565548300743103 2.7500003576278687
vt -0.565548300743103 2.5000001192092896
vt -0.5625 2.5000001192092896
vt -0.559451699256897 2.7500003576278687
vt -0.5625 2.7500003576278687
vt -0.5625 2.5000001192092896
vt -0.559451699256897 2.5000001192092896
vt -0.5565205812454224 2.7500003576278687
vt -0.559451699256897 2.7500003576278687
vt -0.559451699256897 2.5000001192092896
vt -0.5565205812454224 2.5000001192092896
vt -0.5538192391395569 2.7500003576278687
vt -0.5565205812454224 2.7500003576278687
vt -0.5565205812454224 2.5000001192092896
vt -0.5538192391395569 2.5000001192092896
vt -0.5514514446258545 2.7500003576278687
vt -0.5538192391395569 2.7500003576278687
vt -0.5538192391395569 2.5000001192092896
vt -0.5514514446258545 2.5000001192092896
vt 1.7500003576278687 1.553819179534912
vt 1.7500003576278687 1.5514514446258545
vt 1.5000001192092896 1.5514514446258545
vt 1.5000001192092896 1.553819179534912
vt 1.7500003576278687 1.5565205812454224
vt 1.7500003576278687 1.553819179534912
vt 1.5000001192092896 1.553819179534912
vt 1.5000001192092896 1.5565205812454224
vt 1.7500003576278687 1.559451699256897
vt 1.7500003576278687 1.5565205812454224
vt 1.5000001192092896 1.5565205812454224
vt 1.5000001192092896 1.559451699256897
vt 1.7500003576278687 1.5625
vt 1.7500003576278687 1.559451699256897
vt 1.5000001192092896 1.559451699256897
vt 1.5000001192092896 1.5625
vt -0.5480644106864929 1.5684794187545776
vt -0.5471752285957336 1.565548300743103
vt -0.546875 1.5625
vt -0.549508273601532 1.571180820465088
vt -0.5514514446258545 1.5735485553741455
vt -0.5538192391395569 1.5754916667938232
vt -0.5565205812454224 1.5769355297088623
vt -0.559451699256897 1.5778248310089111
vt -0.5625 1.578125
vt -0.565548300743103 1.5778248310089111
vt -0.5684794187545776 1.5769355297088623
vt -0.5711807608604431 1.5754916667938232
vt -0.5735485553741455 1.5735485553741455
vt -0.575491726398468 1.571180820465088
vt -0.5769356489181519 1.5684794187545776
vt -0.5778247714042664 1.565548300743103
vt -0.578125 1.5625
vt -0.5778247714042664 1.559451699256897
vt -0.5769355893135071 1.5565205812454224
vt -0.575491726398468 1.553819179534912
vt -0.5735485553741455 1.5514514446258545
vt -0.5711807608604431 1.5495083332061768
vt -0.5684794187545776 1.5480643510818481
vt -0.565548300743103 1.5471751689910889
vt -0.5625 1.546875
vt -0.559451699256897 1.5471751689910889
vt -0.5565205812454224 1.5480644702911377
vt -0.5538192391395569 1.5495083332061768
vt -0.5514514446258545 1.5514514446258545
vt -0.549508273601532 1.553819179534912
vt -0.5480644106864929 1.5565205812454224
vt -0.5471752285957336 1.559451699256897
vt -0.265625 2.34375
vt -0.25 2.34375
vt -0.265625 2.2991071939468384
vt -0.265625 2.299107074737549
vt -0.25 2.34375
vt -0.265625 2.34375
vt -0.25 1.3125
vt -0.25 0.6875
vt -0.265625 0.6875
vt -0.265625 1.3125
vt -0.3125 2.34375
vt 0.3125 2.34375
vt 0.3125 2.299107074737549
vt -0.3125 2.2991071939468384
vt 0.3125 2.299107074737549
vt 0.3125 2.34375
vt -0.3125 2.34375
vt -0.3125 2.2991071939468384
vt 0.15180829167366028 2.34375
vt 0.3125 1.9558058977127075
vt 0.3125 2.34375
vt 0.17030000686645508 2.299107074737549
vt 0.3125 2.299107074737549
vt 0.3125 1.9558058977127075
vt 0.15180827677249908 2.34375
vt 0.3125 2.34375
vt 0.3125 2.299107074737549
vt 0.17030000686645508 2.299107074737549
vt -0.07544395327568054 2.34375
vt 0.19887381792068481 2.23012375831604
vt 0.15180829167366028 2.34375
vt 0.1988738477230072 2.23012375831604
vt 0.032333314418792725 2.299107074737549
vt 0.17030000686645508 2.299107074737549
vt -0.07544396817684174 2.34375
vt 0.15180827677249908 2.34375
vt 0.17030000686645508 2.299107074737549
vt 0.032333314418792725 2.299107074737549
vt -0.265625 2.34375
vt -1.5 2.34375
vt -1.5 2.23012375831604
vt -0.265625 2.299107074737549
vt -0.28976917266845703 2.23012375831604
vt -0.3125 2.183058261871338
vt 1.341104507446289e-07 2.3125
vt -0.07544395327568054 2.34375
vt -0.3125 2.34375
vt -0.3125 2.183058261871338
vt -0.3125 2.2991071939468384
vt -0.03233328461647034 2.299107074737549
vt -0.3125 2.34375
vt -0.07544396817684174 2.34375
vt -5.21540641784668e-08 2.3125
vt -0.3125 2.2991071939468384
vt -0.03233328461647034 2.299107074737549
vt -0.265625 0.9245560318231583
vt -1.5 0.9245560467243195
vt -1.5 1.0000001341104507
vt -0.265625 0.9999999478459358
vt -0.3125 1.955805778503418
vt -0.19887375831604004 2.23012375831604
vt -0.3125 2.183058261871338
vt -0.3125 1.9558058381080627
vt -0.3125 2.183058261871338
vt -0.19887378811836243 2.23012375831604
vt -1.5 0.80112624168396
vt -0.2897692024707794 0.8011262118816376
vt -0.3062421381473541 0.6875
vt -1.5 0.6875
vt -0.1518082320690155 1.71875
vt -0.28125 2.03125
vt -0.3125 1.955805778503418
vt -0.3125 1.71875
vt -0.3125 1.71875
vt -0.3125 1.9558058381080627
vt -0.28125 2.03125
vt -0.15180820226669312 1.71875
vt -1.5 2.03125
vt -0.3593750298023224 2.03125
vt -0.3857804834842682 1.9558058381080627
vt -1.5 1.955805778503418
vt 0.07544435560703278 1.71875
vt -0.19887378811836243 1.83237624168396
vt -0.1518082320690155 1.71875
vt -0.19887377321720123 1.8323763012886047
vt 0.07544441521167755 1.71875
vt -0.15180820226669312 1.71875
vt -1.5 1.83237624168396
vt -0.4289807975292206 1.8323763012886047
vt -0.46875 1.71875
vt -1.5 1.71875
vt 0.3125 1.8794418573379517
vt 1.1920928955078125e-07 1.75
vt 0.07544435560703278 1.71875
vt 0.3125 1.71875
vt 0.3125 1.71875
vt 0.07544441521167755 1.71875
vt 8.195638656616211e-08 1.7500000596046448
vt 0.3125 1.8794418573379517
vt -1.5 1.0000001192092896
vt -0.45781248807907104 1.0000000819563866
vt -0.46875 1.0754444152116776
vt -1.5 1.0754443556070328
vt 0.2812500298023224 2.03125
vt 0.1988738477230072 1.8323763012886047
vt 0.3125 1.8794418573379517
vt 0.3125 1.9558058977127075
vt 0.3125 1.9558058977127075
vt 0.3125 1.8794418573379517
vt 0.19887390732765198 1.8323763608932495
vt 0.2812500298023224 2.03125
vt -1.5 1.9558058977127075
vt -0.3857804238796234 1.9558058977127075
vt -0.3593749701976776 2.03125
vt -1.5 2.03125
vt -0.4125078320503235 1.3125
vt -1.5 1.3125
vt -1.5 1.1988738477230072
vt -0.4289807677268982 1.198873907327652
vt -0.625 3.2578125
vt -0.625 3.0078125
vt -0.62890625 3.0078125
vt -0.62890625 3.2578125
vt -0.625 3.0078125
vt -0.625 3.2578125
vt -0.62890625 3.2578125
vt -0.62890625 3.0078125
vt -0.625 4.632812976837158
vt -0.62890625 4.632812976837158
vt -0.62890625 4.1328125
vt -0.625 4.1328125
vt -0.62890625 4.632812976837158
vt -0.625 4.632812976837158
vt -0.625 4.1328125
vt -0.62890625 4.1328125
vt 4.000000476837158 3.2578125
vt 3.5 3.2578125
vt 3.5 3.0078125
vt 4.000000476837158 3.0078125
vt 3.5 3.5
vt 4.000000476837158 3.5
vt 4.000000476837158 3.25
vt 3.5 3.25
vt -0.625 3.2578125
vt -0.625 3.0078125
vt -0.62890625 3.0078125
vt -0.62890625 3.2578125
vt -0.625 3.0078125
vt -0.625 3.2578125
vt -0.62890625 3.2578125
vt -0.62890625 3.0078125
vt -0.625 4.632812976837158
vt -0.62890625 4.632812976837158
vt -0.62890625 4.1328125
vt -0.625 4.1328125
vt -0.62890625 4.632812976837158
vt -0.625 4.632812976837158
vt -0.625 4.1328125
vt -0.62890625 4.1328125
vt 4.000000476837158 3.2578125
vt 3.5 3.2578125
vt 3.5 3.0078125
vt 4.000000476837158 3.0078125
vt 3.5 3.5
vt 4.000000476837158 3.5
vt 4.000000476837158 3.25
vt 3.5 3.25
vt -0.8671875 3.01953125
vt -0.8671875 3.00390625
vt -0.875 3.00390625
vt -0.875 3.01953125
vt -0.8671875 3.00390625
vt -0.8671875 3.01953125
vt -0.875 3.01953125
vt -0.875 3.00390625
vt 3.0 2.5039061307907104
vt 3.0 2.5117186307907104
vt -2.5 2.5117188692092896
vt -2.5 2.5039063692092896
vt -0.875 4.63671875
vt -0.8671875 4.63671875
vt -0.8671875 -0.86328125
vt -0.875 -0.86328125
vt 3.0 3.01953125
vt -2.5 3.01953125
vt -2.5 3.00390625
vt 3.0 3.00390625
vt -2.5 3.01953125
vt 3.0 3.01953125
vt 3.0 3.00390625
vt -2.5 3.00390625
vt -0.8671875 3.01953125
vt -0.8671875 3.00390625
vt -0.875 3.00390625
vt -0.875 3.01953125
vt -0.8671875 3.00390625
vt -0.8671875 3.01953125
vt -0.875 3.01953125
vt -0.875 3.00390625
vt 3.06640625 2.50390625
vt 3.06640625 2.51171875
vt 2.74609375 2.51171875
vt 2.74609375 2.50390625
vt -0.875 4.703125
vt -0.8671875 4.703125
vt -0.8671875 4.3828125
vt -0.875 4.3828125
vt 3.06640625 3.01953125
vt 2.74609375 3.01953125
vt 2.74609375 3.00390625
vt 3.06640625 3.00390625
vt 2.74609375 3.01953125
vt 3.06640625 3.01953125
vt 3.06640625 3.00390625
vt 2.74609375 3.00390625
vt -0.8671875 3.01953125
vt -0.8671875 3.00390625
vt -0.875 3.00390625
vt -0.875 3.01953125
vt -0.8671875 3.00390625
vt -0.8671875 3.01953125
vt -0.875 3.01953125
vt -0.875 3.00390625
vt 2.4921875 2.5039061307907104
vt 2.4921875 2.5117186307907104
vt 2.0 2.5117186307907104
vt 2.0 2.5039061307907104
vt -0.875 4.12890625
vt -0.8671875 4.12890625
vt -0.8671875 3.63671875
vt -0.875 3.63671875
vt 2.4921875 3.01953125
vt 2.0 3.01953125
vt 2.0 3.00390625
vt 2.4921875 3.00390625
vt 2.0 3.01953125
vt 2.4921875 3.01953125
vt 2.4921875 3.00390625
vt 2.0 3.00390625
vt -0.8671875 3.01953125
vt -0.8671875 3.00390625
vt -0.875 3.00390625
vt -0.875 3.01953125
vt -0.8671875 3.00390625
vt -0.8671875 3.01953125
vt -0.875 3.01953125
vt -0.875 3.00390625
vt 3.066406488418579 2.50390625
vt 3.066406488418579 2.51171875
vt 2.74609375 2.51171875
vt 2.74609375 2.50390625
vt -0.875 4.703125238418579
vt -0.8671875 4.703125238418579
vt -0.8671875 4.382812738418579
vt -0.875 4.382812738418579
vt 3.06640625 3.01953125
vt 2.74609375 3.01953125
vt 2.74609375 3.00390625
vt 3.06640625 3.00390625
vt 2.74609375 3.01953125
vt 3.06640625 3.01953125
vt 3.06640625 3.00390625
vt 2.74609375 3.00390625
vt -0.8671875 3.01953125
vt -0.8671875 3.00390625
vt -0.875 3.00390625
vt -0.875 3.01953125
vt -0.8671875 3.00390625
vt -0.8671875 3.01953125
vt -0.875 3.01953125
vt -0.875 3.00390625
vt 3.0 2.5039061307907104
vt 3.0 2.5117186307907104
vt 2.34375 2.51171875
vt 2.34375 2.50390625
vt -0.875 4.63671875
vt -0.8671875 4.63671875
vt -0.8671875 3.98046875
vt -0.875 3.98046875
vt 3.0 3.01953125
vt 2.34375 3.01953125
vt 2.34375 3.00390625
vt 3.0 3.00390625
vt 2.34375 3.01953125
vt 3.0 3.01953125
vt 3.0 3.00390625
vt 2.34375 3.00390625
vt -0.8671875 3.01953125
vt -0.8671875 3.00390625
vt -0.875 3.00390625
vt -0.875 3.01953125
vt -0.8671875 3.00390625
vt -0.8671875 3.01953125
vt -0.875 3.01953125
vt -0.875 3.00390625
vt 3.06640625 2.50390625
vt 3.06640625 2.51171875
vt 2.74609375 2.51171875
vt 2.74609375 2.50390625
vt -0.875 4.703125
vt -0.8671875 4.703125
vt -0.8671875 4.3828125
vt -0.875 4.3828125
vt 3.06640625 3.01953125
vt 2.74609375 3.01953125
vt 2.74609375 3.00390625
vt 3.06640625 3.00390625
vt 2.74609375 3.01953125
vt 3.06640625 3.01953125
vt 3.06640625 3.00390625
vt 2.74609375 3.00390625
vt -0.8671875 3.01953125
vt -0.8671875 3.00390625
vt -0.875 3.00390625
vt -0.875 3.01953125
vt -0.8671875 3.00390625
vt -0.8671875 3.01953125
vt -0.875 3.01953125
vt -0.875 3.00390625
vt 2.4921875 2.5039061307907104
vt 2.4921875 2.5117186307907104
vt 2.0 2.5117186307907104
vt 2.0 2.5039061307907104
vt -0.875 4.12890625
vt -0.8671875 4.12890625
vt -0.8671875 3.63671875
vt -0.875 3.63671875
vt 2.4921875 3.01953125
vt 2.0 3.01953125
vt 2.0 3.00390625
vt 2.4921875 3.00390625
vt 2.0 3.01953125
vt 2.4921875 3.01953125
vt 2.4921875 3.00390625
vt 2.0 3.00390625
vt -0.8671875 3.01953125
vt -0.8671875 3.00390625
vt -0.875 3.00390625
vt -0.875 3.01953125
vt -0.8671875 3.00390625
vt -0.8671875 3.01953125
vt -0.875 3.01953125
vt -0.875 3.00390625
vt 2.625 2.5039061307907104
vt 2.625 2.5117186307907104
vt 2.0 2.51171875
vt 2.0 2.50390625
vt -0.875 4.26171875
vt -0.8671875 4.26171875
vt -0.8671875 3.63671875
vt -0.875 3.63671875
vt 2.625 3.01953125
vt 2.0 3.01953125
vt 2.0 3.00390625
vt 2.625 3.00390625
vt 2.0 3.01953125
vt 2.625 3.01953125
vt 2.625 3.00390625
vt 2.0 3.00390625
vt -0.8671875 3.01953125
vt -0.8671875 3.00390625
vt -0.875 3.00390625
vt -0.875 3.01953125
vt -0.8671875 3.00390625
vt -0.8671875 3.01953125
vt -0.875 3.01953125
vt -0.875 3.00390625
vt 3.066406011581421 2.50390625
vt 3.066406011581421 2.51171875
vt 2.746093511581421 2.51171875
vt 2.746093511581421 2.50390625
vt -0.875 4.703124761581421
vt -0.8671875 4.703124761581421
vt -0.8671875 4.382812023162842
vt -0.875 4.382812023162842
vt 3.066406488418579 3.01953125
vt 2.74609375 3.01953125
vt 2.74609375 3.00390625
vt 3.066406488418579 3.00390625
vt 2.74609375 3.01953125
vt 3.066406488418579 3.01953125
vt 3.066406488418579 3.00390625
vt 2.74609375 3.00390625
vt -0.8671875 3.01953125
vt -0.8671875 3.00390625
vt -0.875 3.00390625
vt -0.875 3.01953125
vt -0.8671875 3.00390625
vt -0.8671875 3.01953125
vt -0.875 3.01953125
vt -0.875 3.00390625
vt 3.765625 2.50390625
vt 3.765625 2.51171875
vt 1.9999998807907104 2.51171875
vt 1.9999998807907104 2.50390625
vt -0.875 5.40234375
vt -0.8671875 5.40234375
vt -0.8671875 3.63671875
vt -0.875 3.63671875
vt 3.765625 3.01953125
vt 2.0 3.01953125
vt 2.0 3.00390625
vt 3.765625 3.00390625
vt 2.0 3.01953125
vt 3.765625 3.01953125
vt 3.765625 3.00390625
vt 2.0 3.00390625
vt -0.8671875 3.01953125
vt -0.8671875 3.00390625
vt -0.875 3.00390625
vt -0.875 3.01953125
vt -0.8671875 3.00390625
vt -0.8671875 3.01953125
vt -0.875 3.01953125
vt -0.875 3.00390625
vt 3.765625 2.50390625
vt 3.765625 2.51171875
vt 1.999999761581421 2.51171875
vt 1.999999761581421 2.50390625
vt -0.875 5.40234375
vt -0.8671875 5.40234375
vt -0.8671875 3.63671875
vt -0.875 3.63671875
vt 3.765625 3.01953125
vt 1.9999998807907104 3.01953125
vt 1.9999998807907104 3.00390625
vt 3.765625 3.00390625
vt 1.9999998807907104 3.01953125
vt 3.765625 3.01953125
vt 3.765625 3.00390625
vt 1.9999998807907104 3.00390625
vt -0.6249999403953552 3.2578125
vt -0.6249999403953552 3.0078125
vt -0.6289061903953552 3.0078125
vt -0.6289061903953552 3.2578125
vt -0.6249999403953552 3.0078125
vt -0.6249999403953552 3.2578125
vt -0.6289061903953552 3.2578125
vt -0.6289061903953552 3.0078125
vt -0.6249999403953552 4.632812738418579
vt -0.6289061903953552 4.632812738418579
vt -0.6289061903953552 4.132812261581421
vt -0.6249999403953552 4.132812261581421
vt -0.6289061903953552 4.632812738418579
vt -0.6249999403953552 4.632812738418579
vt -0.6249999403953552 4.132812261581421
vt -0.6289061903953552 4.132812261581421
vt 4.0 3.2578125
vt 3.499999761581421 3.2578125
vt 3.499999761581421 3.0078125
vt 4.0 3.0078125
vt 3.499999761581421 3.5
vt 4.0 3.5
vt 4.0 3.25
vt 3.499999761581421 3.25
vt -0.625 3.2578125
vt -0.625 3.0078125
vt -0.62890625 3.0078125
vt -0.62890625 3.2578125
vt -0.625 3.0078125
vt -0.625 3.2578125
vt -0.62890625 3.2578125
vt -0.62890625 3.0078125
vt -0.625 4.6328125
vt -0.62890625 4.6328125
vt -0.62890625 4.132812023162842
vt -0.625 4.132812023162842
vt -0.62890625 4.6328125
vt -0.625 4.6328125
vt -0.625 4.132812023162842
vt -0.62890625 4.132812023162842
vt 4.000000476837158 3.2578125
vt 3.5 3.2578125
vt 3.5 3.0078125
vt 4.000000476837158 3.0078125
vt 3.5 3.5
vt 4.000000476837158 3.5
vt 4.000000476837158 3.25
vt 3.5 3.25
vt -0.625 3.2578125
vt -0.625 3.0078125
vt -0.62890625 3.0078125
vt -0.62890625 3.2578125
vt -0.625 3.0078125
vt -0.625 3.2578125
vt -0.62890625 3.2578125
vt -0.62890625 3.0078125
vt -0.625 4.632812976837158
vt -0.62890625 4.632812976837158
vt -0.62890625 4.1328125
vt -0.625 4.1328125
vt -0.62890625 4.632812976837158
vt -0.625 4.632812976837158
vt -0.625 4.1328125
vt -0.62890625 4.1328125
vt 4.000000476837158 3.2578125
vt 3.5 3.2578125
vt 3.5 3.0078125
vt 4.000000476837158 3.0078125
vt 3.5 3.5
vt 4.000000476837158 3.5
vt 4.000000476837158 3.25
vt 3.5 3.25
vt -0.625 3.2578125
vt -0.625 3.0078125
vt -0.62890625 3.0078125
vt -0.62890625 3.2578125
vt -0.625 3.0078125
vt -0.625 3.2578125
vt -0.62890625 3.2578125
vt -0.62890625 3.0078125
vt -0.625 4.6328125
vt -0.62890625 4.6328125
vt -0.62890625 4.132812023162842
vt -0.625 4.132812023162842
vt -0.62890625 4.6328125
vt -0.625 4.6328125
vt -0.625 4.132812023162842
vt -0.62890625 4.132812023162842
vt 4.0 3.2578125
vt 3.499999523162842 3.2578125
vt 3.499999523162842 3.0078125
vt 4.0 3.0078125
vt 3.499999523162842 3.5
vt 4.0 3.5
vt 4.0 3.25
vt 3.499999523162842 3.25
vt -0.625 3.2578125
vt -0.625 3.0078125
vt -0.62890625 3.0078125
vt -0.62890625 3.2578125
vt -0.625 3.0078125
vt -0.625 3.2578125
vt -0.62890625 3.2578125
vt -0.62890625 3.0078125
vt -0.625 4.632812738418579
vt -0.62890625 4.632812738418579
vt -0.62890625 4.132812261581421
vt -0.625 4.132812261581421
vt -0.62890625 4.632812738418579
vt -0.625 4.632812738418579
vt -0.625 4.132812261581421
vt -0.62890625 4.132812261581421
vt 4.0 3.2578125
vt 3.499999761581421 3.2578125
vt 3.499999761581421 3.0078125
vt 4.0 3.0078125
vt 3.499999761581421 3.5
vt 4.0 3.5
vt 4.0 3.25
vt 3.499999761581421 3.25
vt -0.8671875 3.01953125
vt -0.8671875 3.00390625
vt -0.875 3.00390625
vt -0.875 3.01953125
vt -0.8671875596046448 3.00390625
vt -0.8671875596046448 3.01953125
vt -0.8750000596046448 3.01953125
vt -0.8750000596046448 3.00390625
vt 3.0 2.50390625
vt 3.0 2.51171875
vt 2.0 2.5117186307907104
vt 2.0 2.5039061307907104
vt -0.8750000596046448 4.63671875
vt -0.8671875596046448 4.63671875
vt -0.8671875 3.63671875
vt -0.875 3.63671875
vt 3.0 3.01953125
vt 1.9999998807907104 3.01953125
vt 1.9999998807907104 3.00390625
vt 3.0 3.00390625
vt 1.9999998807907104 3.01953125
vt 3.0 3.01953125
vt 3.0 3.00390625
vt 1.9999998807907104 3.00390625
vt -0.8671875 3.01953125
vt -0.8671875 3.00390625
vt -0.875 3.00390625
vt -0.875 3.01953125
vt -0.8671875 3.00390625
vt -0.8671875 3.01953125
vt -0.875 3.01953125
vt -0.875 3.00390625
vt 3.06640625 2.50390625
vt 3.06640625 2.51171875
vt 2.74609375 2.51171875
vt 2.74609375 2.50390625
vt -0.875 4.703125
vt -0.8671875 4.703125
vt -0.8671875 4.3828125
vt -0.875 4.3828125
vt 3.06640625 3.01953125
vt 2.74609375 3.01953125
vt 2.74609375 3.00390625
vt 3.06640625 3.00390625
vt 2.74609375 3.01953125
vt 3.06640625 3.01953125
vt 3.06640625 3.00390625
vt 2.74609375 3.00390625
vt -0.8671874403953552 3.01953125
vt -0.8671874403953552 3.00390625
vt -0.8749999403953552 3.00390625
vt -0.8749999403953552 3.01953125
vt -0.8671874403953552 3.00390625
vt -0.8671874403953552 3.01953125
vt -0.8749999403953552 3.01953125
vt -0.8749999403953552 3.00390625
vt 2.4921875 2.5039061307907104
vt 2.4921875 2.5117186307907104
vt 2.0 2.5117186307907104
vt 2.0 2.5039061307907104
vt -0.8749999403953552 4.12890625
vt -0.8671874403953552 4.12890625
vt -0.8671874403953552 3.63671875
vt -0.8749999403953552 3.63671875
vt 2.4921875 3.01953125
vt 2.0 3.01953125
vt 2.0 3.00390625
vt 2.4921875 3.00390625
vt 2.0 3.01953125
vt 2.4921875 3.01953125
vt 2.4921875 3.00390625
vt 2.0 3.00390625
vt -0.8671875 3.01953125
vt -0.8671875 3.00390625
vt -0.875 3.00390625
vt -0.875 3.01953125
vt -0.8671876192092896 3.00390625
vt -0.8671876192092896 3.01953125
vt -0.8750001192092896 3.01953125
vt -0.8750001192092896 3.00390625
vt 3.06640625 2.5039061307907104
vt 3.06640625 2.5117186307907104
vt 2.74609375 2.5117186307907104
vt 2.74609375 2.5039061307907104
vt -0.8750001192092896 4.703124761581421
vt -0.8671876192092896 4.703124761581421
vt -0.8671875 4.382812261581421
vt -0.875 4.382812261581421
vt 3.066406011581421 3.01953125
vt 2.746093511581421 3.01953125
vt 2.746093511581421 3.00390625
vt 3.066406011581421 3.00390625
vt 2.746093511581421 3.01953125
vt 3.066406011581421 3.01953125
vt 3.066406011581421 3.00390625
vt 2.746093511581421 3.00390625
vt -0.8671874403953552 3.01953125
vt -0.8671874403953552 3.00390625
vt -0.8749999403953552 3.00390625
vt -0.8749999403953552 3.01953125
vt -0.8671876788139343 3.00390625
vt -0.8671876788139343 3.01953125
vt -0.8750001788139343 3.01953125
vt -0.8750001788139343 3.00390625
vt 3.0 2.5039063692092896
vt 3.0 2.5117188692092896
vt 0.4921875 2.51171875
vt 0.4921875 2.50390625
vt -0.8750001788139343 4.63671875
vt -0.8671876788139343 4.63671875
vt -0.8671874403953552 2.1289061307907104
vt -0.8749999403953552 2.1289061307907104
vt 3.0 3.01953125
vt 0.49218738079071045 3.01953125
vt 0.49218738079071045 3.00390625
vt 3.0 3.00390625
vt 0.49218738079071045 3.01953125
vt 3.0 3.01953125
vt 3.0 3.00390625
vt 0.49218738079071045 3.00390625
vt -0.8671876192092896 3.01953125
vt -0.8671876192092896 3.00390625
vt -0.8750001192092896 3.00390625
vt -0.8750001192092896 3.01953125
vt -0.8671876192092896 3.00390625
vt -0.8671876192092896 3.01953125
vt -0.8750001192092896 3.01953125
vt -0.8750001192092896 3.00390625
vt 3.06640625 2.5039063692092896
vt 3.06640625 2.5117188692092896
vt 2.74609375 2.51171875
vt 2.74609375 2.50390625
vt -0.8750001192092896 4.703125238418579
vt -0.8671876192092896 4.703125238418579
vt -0.8671876192092896 4.382812738418579
vt -0.8750001192092896 4.382812738418579
vt 3.06640625 3.01953125
vt 2.74609375 3.01953125
vt 2.74609375 3.00390625
vt 3.06640625 3.00390625
vt 2.74609375 3.01953125
vt 3.06640625 3.01953125
vt 3.06640625 3.00390625
vt 2.74609375 3.00390625
vt -0.8671875 3.01953125
vt -0.8671875 3.00390625
vt -0.875 3.00390625
vt -0.875 3.01953125
vt -0.8671875 3.00390625
vt -0.8671875 3.01953125
vt -0.875 3.01953125
vt -0.875 3.00390625
vt 2.4921875 2.5039061307907104
vt 2.4921875 2.5117186307907104
vt 2.0 2.511718511581421
vt 2.0 2.503906011581421
vt -0.875 4.12890625
vt -0.8671875 4.12890625
vt -0.8671875 3.63671875
vt -0.875 3.63671875
vt 2.4921875 3.01953125
vt 1.9999998807907104 3.01953125
vt 1.9999998807907104 3.00390625
vt 2.4921875 3.00390625
vt 1.9999998807907104 3.01953125
vt 2.4921875 3.01953125
vt 2.4921875 3.00390625
vt 1.9999998807907104 3.00390625
vt -0.8671872615814209 3.01953125
vt -0.8671872615814209 3.00390625
vt -0.8749997615814209 3.00390625
vt -0.8749997615814209 3.01953125
vt -0.8671873807907104 3.00390625
vt -0.8671873807907104 3.01953125
vt -0.8749998807907104 3.01953125
vt -0.8749998807907104 3.00390625
vt 3.06640625 2.5039061307907104
vt 3.06640625 2.5117186307907104
vt 2.74609375 2.5117186307907104
vt 2.74609375 2.5039061307907104
vt -0.8749998807907104 4.703124523162842
vt -0.8671873807907104 4.703124523162842
vt -0.8671872615814209 4.382812023162842
vt -0.8749997615814209 4.382812023162842
vt 3.06640625 3.01953125
vt 2.74609375 3.01953125
vt 2.74609375 3.00390625
vt 3.06640625 3.00390625
vt 2.74609375 3.01953125
vt 3.06640625 3.01953125
vt 3.06640625 3.00390625
vt 2.74609375 3.00390625
vt -0.8671874403953552 3.01953125
vt -0.8671874403953552 3.00390625
vt -0.8749999403953552 3.00390625
vt -0.8749999403953552 3.01953125
vt -0.8671875 3.00390625
vt -0.8671875 3.01953125
vt -0.875 3.01953125
vt -0.875 3.00390625
vt 3.0 2.50390625
vt 3.0 2.51171875
vt 2.0 2.5117186307907104
vt 2.0 2.5039061307907104
vt -0.875 4.63671875
vt -0.8671875 4.63671875
vt -0.8671874403953552 3.63671875
vt -0.8749999403953552 3.63671875
vt 3.0 3.01953125
vt 2.0 3.01953125
vt 2.0 3.00390625
vt 3.0 3.00390625
vt 2.0 3.01953125
vt 3.0 3.01953125
vt 3.0 3.00390625
vt 2.0 3.00390625
vt -0.8671876192092896 3.01953125
vt -0.8671876192092896 3.00390625
vt -0.8750001192092896 3.00390625
vt -0.8750001192092896 3.01953125
vt -0.8671876192092896 3.00390625
vt -0.8671876192092896 3.01953125
vt -0.8750001192092896 3.01953125
vt -0.8750001192092896 3.00390625
vt 3.06640625 2.5039063692092896
vt 3.06640625 2.5117188692092896
vt 2.74609375 2.51171875
vt 2.74609375 2.50390625
vt -0.8750001192092896 4.703124761581421
vt -0.8671876192092896 4.703124761581421
vt -0.8671876192092896 4.382812261581421
vt -0.8750001192092896 4.382812261581421
vt 3.06640625 3.01953125
vt 2.74609375 3.01953125
vt 2.74609375 3.00390625
vt 3.06640625 3.00390625
vt 2.74609375 3.01953125
vt 3.06640625 3.01953125
vt 3.06640625 3.00390625
vt 2.74609375 3.00390625
vt -0.8671875 3.01953125
vt -0.8671875 3.00390625
vt -0.875 3.00390625
vt -0.875 3.01953125
vt -0.8671875 3.00390625
vt -0.8671875 3.01953125
vt -0.875 3.01953125
vt -0.875 3.00390625
vt 2.4921875 2.50390625
vt 2.4921875 2.51171875
vt 2.0 2.511718511581421
vt 2.0 2.503906011581421
vt -0.875 4.12890625
vt -0.8671875 4.12890625
vt -0.8671875 3.63671875
vt -0.875 3.63671875
vt 2.4921875 3.01953125
vt 1.9999998807907104 3.01953125
vt 1.9999998807907104 3.00390625
vt 2.4921875 3.00390625
vt 1.9999998807907104 3.01953125
vt 2.4921875 3.01953125
vt 2.4921875 3.00390625
vt 1.9999998807907104 3.00390625
vt -0.8671872615814209 3.01953125
vt -0.8671872615814209 3.00390625
vt -0.8749997615814209 3.00390625
vt -0.8749997615814209 3.01953125
vt -0.8671872615814209 3.00390625
vt -0.8671872615814209 3.01953125
vt -0.8749997615814209 3.01953125
vt -0.8749997615814209 3.00390625
vt 3.066406488418579 2.503906011581421
vt 3.066406488418579 2.511718511581421
vt 2.74609375 2.511718511581421
vt 2.74609375 2.503906011581421
vt -0.8749997615814209 4.703125238418579
vt -0.8671872615814209 4.703125238418579
vt -0.8671872615814209 4.382812738418579
vt -0.8749997615814209 4.382812738418579
vt 3.06640625 3.01953125
vt 2.74609375 3.01953125
vt 2.74609375 3.00390625
vt 3.06640625 3.00390625
vt 2.74609375 3.01953125
vt 3.06640625 3.01953125
vt 3.06640625 3.00390625
vt 2.74609375 3.00390625
vt -0.8671874403953552 3.01953125
vt -0.8671874403953552 3.00390625
vt -0.8749999403953552 3.00390625
vt -0.8749999403953552 3.01953125
vt -0.8671875 3.00390625
vt -0.8671875 3.01953125
vt -0.875 3.01953125
vt -0.875 3.00390625
vt 3.0 2.5039061307907104
vt 3.0 2.5117186307907104
vt 2.34375 2.511718511581421
vt 2.34375 2.503906011581421
vt -0.875 4.63671875
vt -0.8671875 4.63671875
vt -0.8671874403953552 3.98046875
vt -0.8749999403953552 3.98046875
vt 3.0 3.01953125
vt 2.34375 3.01953125
vt 2.34375 3.00390625
vt 3.0 3.00390625
vt 2.34375 3.01953125
vt 3.0 3.01953125
vt 3.0 3.00390625
vt 2.34375 3.00390625
vt -0.8671875 3.01953125
vt -0.8671875 3.00390625
vt -0.875 3.00390625
vt -0.875 3.01953125
vt -0.8671875 3.00390625
vt -0.8671875 3.01953125
vt -0.875 3.01953125
vt -0.875 3.00390625
vt 3.06640625 2.50390625
vt 3.06640625 2.51171875
vt 2.74609375 2.51171875
vt 2.74609375 2.50390625
vt -0.875 4.703125
vt -0.8671875 4.703125
vt -0.8671875 4.382812738418579
vt -0.875 4.382812738418579
vt 3.06640625 3.01953125
vt 2.74609375 3.01953125
vt 2.74609375 3.00390625
vt 3.06640625 3.00390625
vt 2.74609375 3.01953125
vt 3.06640625 3.01953125
vt 3.06640625 3.00390625
vt 2.74609375 3.00390625
vt -0.8671875596046448 3.01953125
vt -0.8671875596046448 3.00390625
vt -0.8750000596046448 3.00390625
vt -0.8750000596046448 3.01953125
vt -0.8671876192092896 3.00390625
vt -0.8671876192092896 3.01953125
vt -0.8750001192092896 3.01953125
vt -0.8750001192092896 3.00390625
vt 2.625 2.50390625
vt 2.625 2.51171875
vt 2.0 2.5117186307907104
vt 2.0 2.5039061307907104
vt -0.8750001192092896 4.26171875
vt -0.8671876192092896 4.26171875
vt -0.8671875596046448 3.63671875
vt -0.8750000596046448 3.63671875
vt 2.625 3.01953125
vt 2.0 3.01953125
vt 2.0 3.00390625
vt 2.625 3.00390625
vt 2.0 3.01953125
vt 2.625 3.01953125
vt 2.625 3.00390625
vt 2.0 3.00390625
vt -0.8671872615814209 3.01953125
vt -0.8671872615814209 3.00390625
vt -0.8749997615814209 3.00390625
vt -0.8749997615814209 3.01953125
vt -0.8671872615814209 3.00390625
vt -0.8671872615814209 3.01953125
vt -0.8749997615814209 3.01953125
vt -0.8749997615814209 3.00390625
vt 3.066406011581421 2.503906011581421
vt 3.066406011581421 2.511718511581421
vt 2.746093511581421 2.511718511581421
vt 2.746093511581421 2.503906011581421
vt -0.8749997615814209 4.703125
vt -0.8671872615814209 4.703125
vt -0.8671872615814209 4.3828125
vt -0.8749997615814209 4.3828125
vt 3.06640625 3.01953125
vt 2.74609375 3.01953125
vt 2.74609375 3.00390625
vt 3.06640625 3.00390625
vt 2.74609375 3.01953125
vt 3.06640625 3.01953125
vt 3.06640625 3.00390625
vt 2.74609375 3.00390625
vt -0.8671875 3.01953125
vt -0.8671875 3.00390625
vt -0.875 3.00390625
vt -0.875 3.01953125
vt -0.8671875 3.00390625
vt -0.8671875 3.01953125
vt -0.875 3.01953125
vt -0.875 3.00390625
vt 2.484375 2.5039061307907104
vt 2.484375 2.5117186307907104
vt 2.0 2.5117186307907104
vt 2.0 2.5039061307907104
vt -0.875 4.12109375
vt -0.8671875 4.12109375
vt -0.8671875 3.63671875
vt -0.875 3.63671875
vt 2.484375 3.01953125
vt 2.0 3.01953125
vt 2.0 3.00390625
vt 2.484375 3.00390625
vt 2.0 3.01953125
vt 2.484375 3.01953125
vt 2.484375 3.00390625
vt 2.0 3.00390625
vt -7.15076208114624 0.7475228607654572
vt -7.132545471191406 0.7475228607654572
vt -7.132545471191406 0.8618521392345428
vt -7.15076208114624 0.8618521392345428
vt -6.975342273712158 0.7522865831851959
vt -6.993558883666992 0.7522865831851959
vt -6.993558883666992 0.8666158616542816
vt -6.975342273712158 0.8666158616542816
vt -1.1480573415756226 0.7475228607654572
vt -1.1480573415756226 0.8618521392345428
vt -1.3386061191558838 0.8618521392345428
vt -1.3386061191558838 0.7475228607654572
vt -1.1480573415756226 0.8618521392345428
vt -1.1480573415756226 0.7475228607654572
vt -1.3386061191558838 0.7475228607654572
vt -1.3386061191558838 0.8618521392345428
vt -1.5966819524765015 -4.62553596496582
vt -1.7872307300567627 -4.6255364418029785
vt -1.7872307300567627 -4.6073198318481445
vt -1.5966819524765015 -4.607319355010986
vt -1.7872307300567627 -4.6255364418029785
vt -1.5966819524765015 -4.62553596496582
vt -1.5966819524765015 -4.607319355010986
vt -1.7872307300567627 -4.6073198318481445
vt -7.150761604309082 0.7475228607654572
vt -7.132544994354248 0.7475228607654572
vt -7.132544994354248 0.8618521392345428
vt -7.150761604309082 0.8618521392345428
vt -6.975342273712158 0.7522865831851959
vt -6.993558883666992 0.7522865831851959
vt -6.993558883666992 0.8666158616542816
vt -6.975342273712158 0.8666158616542816
vt -1.148057460784912 0.7475228607654572
vt -1.148057460784912 0.8618521392345428
vt -1.3386062383651733 0.8618521392345428
vt -1.3386062383651733 0.7475228607654572
vt -1.148057460784912 0.8618521392345428
vt -1.148057460784912 0.7475228607654572
vt -1.3386062383651733 0.7475228607654572
vt -1.3386062383651733 0.8618521392345428
vt -1.596682071685791 -4.62553596496582
vt -1.7872309684753418 -4.62553596496582
vt -1.7872309684753418 -4.607319355010986
vt -1.596682071685791 -4.607319355010986
vt -1.7872309684753418 -4.62553596496582
vt -1.596682071685791 -4.62553596496582
vt -1.596682071685791 -4.607319355010986
vt -1.7872309684753418 -4.607319355010986
vt 2.687500238418579 4.0
vt 2.6875 1.5312498807907104
vt 2.5982141494750977 1.5312498807907104
vt 1.9116119146347046 4.0
vt 1.911611795425415 1.771560788154602
vt -0.34620028734207153 4.0
vt -0.3462004065513611 1.53125
vt -0.13064584136009216 1.53125
vt 0.20243528485298157 4.0
vt 0.2024352252483368 1.579538345336914
vt -0.12326028943061829 1.53125
vt -0.05859382823109627 1.53125
vt -0.058593347668647766 4.0
vt -0.6835936903953552 1.6124842762947083
vt -0.6835936307907104 4.0
vt 1.9116116762161255 1.7715609073638916
vt 2.46024751663208 1.5795382857322693
vt 2.460247755050659 4.0
vt 1.9116116762161255 4.0
vt 1.57421875 1.9374998807907104
vt 2.19921875 1.7187499403953552
vt 2.199218988418579 4.0
vt 1.5742188692092896 4.0
vt 0.11963887512683868 1.9375
vt -0.4289975166320801 1.8579615950584412
vt -0.4289974272251129 4.0
vt 0.1196388453245163 4.0
vt -0.20312462747097015 4.0
vt 0.42187511920928955 4.0
vt 0.4218750596046448 1.825015664100647
vt -0.2031247913837433 1.915624976158142
vt 1.539752721786499 4.0
vt 1.937500238418579 4.0
vt 1.9375 1.7187498211860657
vt 1.539752721786499 1.8579614758491516
vt -1.004361629486084 2.0022791624069214
vt -1.2106362581253052 1.3221973180770874
vt -1.2840497493743896 1.3542615175247192
vt -1.0777751207351685 2.0343433618545532
vt -1.2106362581253052 1.3221973180770874
vt -1.004361629486084 2.0022791624069214
vt -1.0777751207351685 2.0343433618545532
vt -1.2840497493743896 1.3542615175247192
vt -1.2106362581253052 0.36328125
vt -1.2840497493743896 0.36328125
vt -1.2840497493743896 0.34765625
vt -1.2106362581253052 0.34765625
vt -1.0777751207351685 0.36328125
vt -1.004361629486084 0.36328125
vt -1.004361629486084 0.34765625
vt -1.0777751207351685 0.34765625
vt -1.0791015625 2.0343433618545532
vt -1.0921223163604736 2.0343433618545532
vt -1.0921223163604736 1.3542615175247192
vt -1.0791015625 1.3542615175247192
vt -1.0921223163604736 2.0022791624069214
vt -1.0791015625 2.0022791624069214
vt -1.0791015625 1.3221973180770874
vt -1.0921223163604736 1.3221973180770874
vt -1.004361629486084 2.0022791624069214
vt -1.2106362581253052 1.3221973180770874
vt -1.2840497493743896 1.3542615175247192
vt -1.0777751207351685 2.0343433618545532
vt -1.2106362581253052 1.3221973180770874
vt -1.004361629486084 2.0022791624069214
vt -1.0777751207351685 2.0343433618545532
vt -1.2840497493743896 1.3542615175247192
vt -1.2106362581253052 0.97265625
vt -1.2840497493743896 0.97265625
vt -1.2840497493743896 0.95703125
vt -1.2106362581253052 0.95703125
vt -1.0777751207351685 0.97265625
vt -1.004361629486084 0.97265625
vt -1.004361629486084 0.95703125
vt -1.0777751207351685 0.95703125
vt -0.5712890625 2.0343433618545532
vt -0.5843098759651184 2.0343433618545532
vt -0.5843098759651184 1.3542615175247192
vt -0.5712890625 1.3542615175247192
vt -0.3401692509651184 2.0022791624069214
vt -0.3271484076976776 2.0022791624069214
vt -0.3271484076976776 1.3221973180770874
vt -0.3401692509651184 1.3221973180770874
vt -0.5039612650871277 1.9794719219207764
vt -0.4666190445423126 1.915475606918335
vt -0.4692855477333069 1.9132351875305176
vt -0.5066277980804443 1.977231502532959
vt -0.4666190445423126 1.915475606918335
vt -0.5039612650871277 1.9794719219207764
vt -0.5066277980804443 1.977231502532959
vt -0.4692855477333069 1.9132351875305176
vt -0.4666190445423126 0.978515625
vt -0.4692855477333069 0.978515625
vt -0.4692855477333069 0.384765625
vt -0.4666190445423126 0.384765625
vt -0.5066277980804443 0.978515625
vt -0.5039612650871277 0.978515625
vt -0.5039612650871277 0.384765625
vt -0.5066277980804443 0.384765625
vt -0.003255203366279602 1.977231502532959
vt -0.498046875 1.977231502532959
vt -0.498046875 1.9132351875305176
vt -0.003255203366279602 1.9132351875305176
vt -0.498046875 1.9794719219207764
vt -0.003255203366279602 1.9794719219207764
vt -0.003255203366279602 1.915475606918335
vt -0.498046875 1.915475606918335
vt -0.5217748284339905 1.920741081237793
vt -0.484432578086853 1.8567447662353516
vt -0.4870990812778473 1.8545043468475342
vt -0.5244412422180176 1.9185006618499756
vt -0.484432578086853 1.8567447662353516
vt -0.5217748284339905 1.920741081237793
vt -0.5244412422180176 1.9185006618499756
vt -0.4870990812778473 1.8545043468475342
vt -0.484432578086853 0.978515625
vt -0.4870990812778473 0.978515625
vt -0.4870990812778473 0.384765625
vt -0.484432578086853 0.384765625
vt -0.5244412422180176 0.978515625
vt -0.5217748284339905 0.978515625
vt -0.5217748284339905 0.384765625
vt -0.5244412422180176 0.384765625
vt -0.003255203366279602 1.9185006618499756
vt -0.498046875 1.9185006618499756
vt -0.498046875 1.8545043468475342
vt -0.003255203366279602 1.8545043468475342
vt -0.498046875 1.920741081237793
vt -0.003255203366279602 1.920741081237793
vt -0.003255203366279602 1.8567447662353516
vt -0.498046875 1.8567447662353516
vt -0.5395883917808533 1.8620103597640991
vt -0.5022461414337158 1.7980140447616577
vt -0.5049126148223877 1.7957736253738403
vt -0.5422549247741699 1.8597699403762817
vt -0.5022461414337158 1.7980140447616577
vt -0.5395883917808533 1.8620103597640991
vt -0.5422549247741699 1.8597699403762817
vt -0.5049126148223877 1.7957736253738403
vt -0.013020813465118408 1.3019141256809235
vt -0.013020813465118408 1.3051139414310455
vt -0.5078125 1.3051139414310455
vt -0.5078125 1.3019141256809235
vt -0.5422549247741699 0.978515625
vt -0.5395883917808533 0.978515625
vt -0.5395883917808533 0.384765625
vt -0.5422549247741699 0.384765625
vt -0.003255203366279602 1.8597699403762817
vt -0.498046875 1.8597699403762817
vt -0.498046875 1.7957736253738403
vt -0.003255203366279602 1.7957736253738403
vt -0.498046875 1.8620103597640991
vt -0.003255203366279602 1.8620103597640991
vt -0.003255203366279602 1.7980140447616577
vt -0.498046875 1.7980140447616577
vt -0.5574018955230713 1.8032796382904053
vt -0.5200597047805786 1.7392833232879639
vt -0.5227261781692505 1.7370429039001465
vt -0.5600684285163879 1.801039218902588
vt -0.5200597047805786 1.7392833232879639
vt -0.5574018955230713 1.8032796382904053
vt -0.5600684285163879 1.801039218902588
vt -0.5227261781692505 1.7370429039001465
vt -0.5200597047805786 0.978515625
vt -0.5227261781692505 0.978515625
vt -0.5227261781692505 0.384765625
vt -0.5200597047805786 0.384765625
vt -0.5600684285163879 0.978515625
vt -0.5574018955230713 0.978515625
vt -0.5574018955230713 0.384765625
vt -0.5600684285163879 0.384765625
vt -0.003255203366279602 1.801039218902588
vt -0.498046875 1.801039218902588
vt -0.498046875 1.7370429039001465
vt -0.003255203366279602 1.7370429039001465
vt -0.498046875 1.8032796382904053
vt -0.003255203366279602 1.8032796382904053
vt -0.003255203366279602 1.7392833232879639
vt -0.498046875 1.7392833232879639
vt -0.5752154588699341 1.7445487976074219
vt -0.5378732085227966 1.6805524230003357
vt -0.5405397415161133 1.678312063217163
vt -0.5778819918632507 1.7423083782196045
vt -0.5378732085227966 1.6805524230003357
vt -0.5752154588699341 1.7445487976074219
vt -0.5778819918632507 1.7423083782196045
vt -0.5405397415161133 1.678312063217163
vt -0.5378732085227966 0.978515625
vt -0.5405397415161133 0.978515625
vt -0.5405397415161133 0.384765625
vt -0.5378732085227966 0.384765625
vt -0.5778819918632507 0.978515625
vt -0.5752154588699341 0.978515625
vt -0.5752154588699341 0.384765625
vt -0.5778819918632507 0.384765625
vt -0.003255203366279602 1.7423083782196045
vt -0.498046875 1.7423083782196045
vt -0.498046875 1.678312063217163
vt -0.003255203366279602 1.678312063217163
vt -0.498046875 1.7445487976074219
vt -0.003255203366279602 1.7445487976074219
vt -0.003255203366279602 1.6805524230003357
vt -0.498046875 1.6805524230003357
vt -0.5930290222167969 1.6858179569244385
vt -0.5556867718696594 1.6218217015266418
vt -0.5583533048629761 1.6195813417434692
vt -0.5956954956054688 1.683577537536621
vt -0.5556867718696594 1.6218217015266418
vt -0.5930290222167969 1.6858179569244385
vt -0.5956954956054688 1.683577537536621
vt -0.5583533048629761 1.6195813417434692
vt -0.013020813465118408 1.3660428822040558
vt -0.013020813465118408 1.3692426979541779
vt -0.5078125 1.3692426979541779
vt -0.5078125 1.3660428822040558
vt -0.5956954956054688 0.978515625
vt -0.5930290222167969 0.978515625
vt -0.5930290222167969 0.384765625
vt -0.5956954956054688 0.384765625
vt -0.003255203366279602 1.683577537536621
vt -0.498046875 1.683577537536621
vt -0.498046875 1.6195813417434692
vt -0.003255203366279602 1.6195813417434692
vt -0.498046875 1.6858179569244385
vt -0.003255203366279602 1.6858179569244385
vt -0.003255203366279602 1.6218217015266418
vt -0.498046875 1.6218217015266418
vt -0.6108425855636597 1.6270871758460999
vt -0.5735003352165222 1.5630909204483032
vt -0.5761668086051941 1.5608505606651306
vt -0.6135090589523315 1.6248468160629272
vt -0.5735003352165222 1.5630909204483032
vt -0.6108425855636597 1.6270871758460999
vt -0.6135090589523315 1.6248468160629272
vt -0.5761668086051941 1.5608505606651306
vt -0.013020813465118408 1.3874191641807556
vt -0.013020813465118408 1.3906189501285553
vt -0.5078125 1.3906189501285553
vt -0.5078125 1.3874191641807556
vt -0.6135090589523315 0.978515625
vt -0.6108425855636597 0.978515625
vt -0.6108425855636597 0.384765625
vt -0.6135090589523315 0.384765625
vt -0.003255203366279602 1.6248468160629272
vt -0.498046875 1.6248468160629272
vt -0.498046875 1.5608505606651306
vt -0.003255203366279602 1.5608505606651306
vt -0.498046875 1.6270871758460999
vt -0.003255203366279602 1.6270871758460999
vt -0.003255203366279602 1.5630909204483032
vt -0.498046875 1.5630909204483032
vt -0.6286561489105225 1.5683563947677612
vt -0.5913138389587402 1.5043601393699646
vt -0.5939803719520569 1.502119779586792
vt -0.6313226222991943 1.5661160349845886
vt -0.5913138389587402 1.5043601393699646
vt -0.6286561489105225 1.5683563947677612
vt -0.6313226222991943 1.5661160349845886
vt -0.5939803719520569 1.502119779586792
vt -0.013020813465118408 1.408795416355133
vt -0.013020813465118408 1.4119952321052551
vt -0.5078125 1.4119952321052551
vt -0.5078125 1.408795416355133
vt -0.6313226222991943 0.978515625
vt -0.6286561489105225 0.978515625
vt -0.6286561489105225 0.384765625
vt -0.6313226222991943 0.384765625
vt -0.003255203366279602 1.5661160349845886
vt -0.498046875 1.5661160349845886
vt -0.498046875 1.502119779586792
vt -0.003255203366279602 1.502119779586792
vt -0.498046875 1.5683563947677612
vt -0.003255203366279602 1.5683563947677612
vt -0.003255203366279602 1.5043601393699646
vt -0.498046875 1.5043601393699646
vt -0.6464697122573853 1.5096255540847778
vt -0.609127402305603 1.4456292986869812
vt -0.6117939352989197 1.4433889389038086
vt -0.6491361856460571 1.5073851943016052
vt -0.609127402305603 1.4456292986869812
vt -0.6464697122573853 1.5096255540847778
vt -0.6491361856460571 1.5073851943016052
vt -0.6117939352989197 1.4433889389038086
vt -0.013020813465118408 1.4301716983318329
vt -0.013020813465118408 1.4333714842796326
vt -0.5078125 1.4333714842796326
vt -0.5078125 1.4301716983318329
vt -0.6491361856460571 0.978515625
vt -0.6464697122573853 0.978515625
vt -0.6464697122573853 0.384765625
vt -0.6491361856460571 0.384765625
vt -0.003255203366279602 1.5073851943016052
vt -0.498046875 1.5073851943016052
vt -0.498046875 1.4433889389038086
vt -0.003255203366279602 1.4433889389038086
vt -0.498046875 1.5096255540847778
vt -0.003255203366279602 1.5096255540847778
vt -0.003255203366279602 1.4456292986869812
vt -0.498046875 1.4456292986869812
vt -4.0374674797058105 5.966282844543457
vt -4.0374674797058105 5.9501800537109375
vt -3.003875732421875 5.9501800537109375
vt -3.003875732421875 5.966282844543457
vt -4.0374674797058105 5.9501800537109375
vt -4.0374674797058105 5.966282844543457
vt -3.003875732421875 5.966282844543457
vt -3.003875732421875 5.9501800537109375
vt -4.0374674797058105 -2.9774560928344727
vt -3.003875732421875 -2.9774560928344727
vt -3.003875732421875 -4.008051872253418
vt -4.0374674797058105 -4.008051872253418
vt -3.003875732421875 -2.5360565185546875
vt -4.0374674797058105 -2.5360565185546875
vt -4.0374674797058105 -3.566652297973633
vt -3.003875732421875 -3.566652297973633
vt 12.7691650390625 -1.9932365417480469
vt 12.7691650390625 -3.023832321166992
vt 12.747632026672363 -3.023832321166992
vt 12.747632026672363 -1.9932365417480469
vt 12.7691650390625 -3.023832321166992
vt 12.7691650390625 -1.9932365417480469
vt 12.747632026672363 -1.9932365417480469
vt 12.747632026672363 -3.023832321166992
vt -4.0374674797058105 5.966282844543457
vt -4.0374674797058105 5.9501800537109375
vt -3.003875732421875 5.9501800537109375
vt -3.003875732421875 5.966282844543457
vt -4.0374674797058105 5.9501800537109375
vt -4.0374674797058105 5.966282844543457
vt -3.003875732421875 5.966282844543457
vt -3.003875732421875 5.9501800537109375
vt -4.0374674797058105 -2.9774560928344727
vt -3.003875732421875 -2.9774560928344727
vt -3.003875732421875 -4.008051872253418
vt -4.0374674797058105 -4.008051872253418
vt -3.003875732421875 -2.5360565185546875
vt -4.0374674797058105 -2.5360565185546875
vt -4.0374674797058105 -3.566652297973633
vt -3.003875732421875 -3.566652297973633
vt 12.7691650390625 -1.9932365417480469
vt 12.7691650390625 -3.023832321166992
vt 12.747632026672363 -3.023832321166992
vt 12.747632026672363 -1.9932365417480469
vt 12.7691650390625 -3.023832321166992
vt 12.7691650390625 -1.9932365417480469
vt 12.747632026672363 -1.9932365417480469
vt 12.747632026672363 -3.023832321166992
vt -4.0374674797058105 5.966282844543457
vt -4.0374674797058105 5.9501800537109375
vt -3.003875732421875 5.9501800537109375
vt -3.003875732421875 5.966282844543457
vt -4.0374674797058105 5.9501800537109375
vt -4.0374674797058105 5.966282844543457
vt -3.003875732421875 5.966282844543457
vt -3.003875732421875 5.9501800537109375
vt -4.0374674797058105 -2.9774560928344727
vt -3.003875732421875 -2.9774560928344727
vt -3.003875732421875 -4.008051872253418
vt -4.0374674797058105 -4.008051872253418
vt -3.003875732421875 -2.5360565185546875
vt -4.0374674797058105 -2.5360565185546875
vt -4.0374674797058105 -3.566652297973633
vt -3.003875732421875 -3.566652297973633
vt 12.7691650390625 -1.9932365417480469
vt 12.7691650390625 -3.023832321166992
vt 12.747632026672363 -3.023832321166992
vt 12.747632026672363 -1.9932365417480469
vt 12.7691650390625 -3.023832321166992
vt 12.7691650390625 -1.9932365417480469
vt 12.747632026672363 -1.9932365417480469
vt 12.747632026672363 -3.023832321166992
vt -4.0374674797058105 5.966282844543457
vt -4.0374674797058105 5.9501800537109375
vt -3.003875732421875 5.9501800537109375
vt -3.003875732421875 5.966282844543457
vt -4.0374674797058105 5.9501800537109375
vt -4.0374674797058105 5.966282844543457
vt -3.003875732421875 5.966282844543457
vt -3.003875732421875 5.9501800537109375
vt -4.0374674797058105 -2.9774560928344727
vt -3.003875732421875 -2.9774560928344727
vt -3.003875732421875 -4.008051872253418
vt -4.0374674797058105 -4.008051872253418
vt -3.003875732421875 -2.5360565185546875
vt -4.0374674797058105 -2.5360565185546875
vt -4.0374674797058105 -3.566652297973633
vt -3.003875732421875 -3.566652297973633
vt 12.7691650390625 -1.9932365417480469
vt 12.7691650390625 -3.023832321166992
vt 12.747631072998047 -3.023832321166992
vt 12.747631072998047 -1.9932365417480469
vt 12.7691650390625 -3.023832321166992
vt 12.7691650390625 -1.9932365417480469
vt 12.747631072998047 -1.9932365417480469
vt 12.747631072998047 -3.023832321166992
vt -4.0374674797058105 5.966282844543457
vt -4.0374674797058105 5.9501800537109375
vt -3.003875732421875 5.9501800537109375
vt -3.003875732421875 5.966282844543457
vt -4.0374674797058105 5.9501800537109375
vt -4.0374674797058105 5.966282844543457
vt -3.003875732421875 5.966282844543457
vt -3.003875732421875 5.9501800537109375
vt -4.0374674797058105 -2.9774560928344727
vt -3.003875732421875 -2.9774560928344727
vt -3.003875732421875 -4.008051872253418
vt -4.0374674797058105 -4.008051872253418
vt -3.003875732421875 -2.5360565185546875
vt -4.0374674797058105 -2.5360565185546875
vt -4.0374674797058105 -3.566652297973633
vt -3.003875732421875 -3.566652297973633
vt 12.7691650390625 -1.9932365417480469
vt 12.7691650390625 -3.023832321166992
vt 12.747631072998047 -3.023832321166992
vt 12.747631072998047 -1.9932365417480469
vt 12.7691650390625 -3.023832321166992
vt 12.7691650390625 -1.9932365417480469
vt 12.747631072998047 -1.9932365417480469
vt 12.747631072998047 -3.023832321166992
vt -4.0374674797058105 5.966282844543457
vt -4.0374674797058105 5.9501800537109375
vt -3.003875732421875 5.9501800537109375
vt -3.003875732421875 5.966282844543457
vt -4.0374674797058105 5.9501800537109375
vt -4.0374674797058105 5.966282844543457
vt -3.003875732421875 5.966282844543457
vt -3.003875732421875 5.9501800537109375
vt -4.0374674797058105 -2.9774560928344727
vt -3.003875732421875 -2.9774560928344727
vt -3.003875732421875 -4.008051872253418
vt -4.0374674797058105 -4.008051872253418
vt -3.003875732421875 -2.5360565185546875
vt -4.0374674797058105 -2.5360565185546875
vt -4.0374674797058105 -3.566652297973633
vt -3.003875732421875 -3.566652297973633
vt 12.7691650390625 -1.9932365417480469
vt 12.7691650390625 -3.023832321166992
vt 12.747631072998047 -3.023832321166992
vt 12.747631072998047 -1.9932365417480469
vt 12.7691650390625 -3.023832321166992
vt 12.7691650390625 -1.9932365417480469
vt 12.747631072998047 -1.9932365417480469
vt 12.747631072998047 -3.023832321166992
vt -4.0374674797058105 5.966282844543457
vt -4.0374674797058105 5.9501800537109375
vt -3.003875732421875 5.9501800537109375
vt -3.003875732421875 5.966282844543457
vt -4.0374674797058105 5.9501800537109375
vt -4.0374674797058105 5.966282844543457
vt -3.003875732421875 5.966282844543457
vt -3.003875732421875 5.9501800537109375
vt -4.0374674797058105 -2.9774560928344727
vt -3.003875732421875 -2.9774560928344727
vt -3.003875732421875 -4.008051872253418
vt -4.0374674797058105 -4.008051872253418
vt -3.003875732421875 -2.5360565185546875
vt -4.0374674797058105 -2.5360565185546875
vt -4.0374674797058105 -3.566652297973633
vt -3.003875732421875 -3.566652297973633
vt 12.7691650390625 -1.9932365417480469
vt 12.7691650390625 -3.023832321166992
vt 12.747631072998047 -3.023832321166992
vt 12.747631072998047 -1.9932365417480469
vt 12.7691650390625 -3.023832321166992
vt 12.7691650390625 -1.9932365417480469
vt 12.747631072998047 -1.9932365417480469
vt 12.747631072998047 -3.023832321166992

g RoomMesh_Geometry
f 1/1 2/2 3/3
f 4/4 2/2 1/1
f 5/5 2/2 4/4
f 6/6 2/2 5/5
f 7/7 2/2 6/6
f 8/8 2/2 7/7
f 9/9 2/2 8/8
f 10/10 3/3 2/2
f 11/11 10/10 2/2
f 12/12 11/11 2/2
f 13/13 12/12 2/2
f 14/14 13/13 2/2
f 15/15 14/14 2/2
f 9/9 15/15 2/2
f 16/16 17/17 18/18
f 16/16 19/19 17/17
f 20/20 21/21 22/22
f 20/20 23/23 21/21
f 24/24 22/22 25/25
f 24/24 20/20 22/22
f 26/26 25/25 27/27
f 26/26 24/24 25/25
f 28/28 27/27 29/29
f 28/28 26/26 27/27
f 30/30 31/31 32/32
f 30/30 33/33 31/31
f 32/32 34/34 35/35
f 32/32 31/31 34/34
f 35/35 36/36 37/37
f 35/35 34/34 36/36
f 37/37 28/28 29/29
f 37/37 36/36 28/28
f 23/23 38/38 21/21
f 23/23 39/39 38/38
f 40/40 33/33 30/30
f 40/40 41/41 33/33
f 42/42 43/43 44/44
f 42/42 45/45 43/43
f 46/46 47/47 48/48
f 46/46 49/49 47/47
f 50/50 48/48 42/42
f 50/50 46/46 48/48
f 51/51 42/42 44/44
f 51/51 50/50 42/42
f 44/44 52/52 53/53
f 44/44 43/43 52/52
f 54/54 44/44 53/53
f 54/54 51/51 44/44
f 55/55 53/53 56/56
f 55/55 54/54 53/53
f 57/57 56/56 58/58
f 57/57 55/55 56/56
f 58/58 59/59 60/60
f 58/58 61/61 59/59
f 62/62 63/63 64/64
f 62/62 65/65 63/63
f 65/65 60/60 63/63
f 65/65 66/66 60/60
f 66/66 58/58 60/60
f 66/66 57/57 58/58
f 67/67 68/68 69/69
f 67/67 70/70 68/68
f 71/71 70/70 67/67
f 71/71 72/72 70/70
f 72/72 73/73 70/70
f 72/72 74/74 73/73
f 74/74 75/75 73/73
f 74/74 76/76 75/75
f 77/77 64/64 78/78
f 77/77 79/79 64/64
f 76/76 79/79 75/75
f 76/76 80/80 79/79
f 80/80 64/64 79/79
f 80/80 62/62 64/64
f 81/81 82/82 83/83
f 81/81 84/84 82/82
f 85/85 86/86 87/87
f 85/85 88/88 86/86
f 87/87 89/89 90/90
f 87/87 86/86 89/89
f 91/91 92/92 93/93
f 91/91 94/94 92/92
f 90/90 94/94 91/91
f 90/90 89/89 94/94
f 95/95 96/96 97/97
f 95/95 98/98 96/96
f 98/98 99/99 96/96
f 98/98 100/100 99/99
f 98/98 101/101 100/100
f 101/101 102/102 100/100
f 101/101 103/103 102/102
f 101/101 104/104 103/103
f 104/104 105/105 103/103
f 106/106 97/97 96/96
f 106/106 107/107 97/97
f 108/108 96/96 99/99
f 108/108 106/106 96/96
f 109/109 99/99 100/100
f 109/109 108/108 99/99
f 110/110 100/100 102/102
f 110/110 109/109 100/100
f 111/111 102/102 103/103
f 111/111 110/110 102/102
f 112/112 103/103 105/105
f 112/112 111/111 103/103
f 113/113 114/114 115/115
f 113/113 116/116 114/114
f 116/116 117/117 114/114
f 116/116 118/118 117/117
f 116/116 119/119 118/118
f 119/119 120/120 118/118
f 119/119 121/121 120/120
f 119/119 122/122 121/121
f 122/122 123/123 121/121
f 124/124 115/115 114/114
f 124/124 125/125 115/115
f 126/126 114/114 117/117
f 126/126 124/124 114/114
f 127/127 117/117 118/118
f 127/127 126/126 117/117
f 128/128 118/118 120/120
f 128/128 127/127 118/118
f 129/129 120/120 121/121
f 129/129 128/128 120/120
f 130/130 121/121 123/123
f 130/130 129/129 121/121
f 131/131 132/132 133/133
f 131/131 134/134 132/132
f 135/135 133/133 136/136
f 135/135 131/131 133/133
f 137/137 136/136 138/138
f 137/137 135/135 136/136
f 139/139 138/138 140/140
f 139/139 137/137 138/138
f 141/141 140/140 142/142
f 141/141 139/139 140/140
f 143/143 142/142 125/125
f 143/143 141/141 142/142
f 144/144 125/125 124/124
f 144/144 143/143 125/125
f 145/145 124/124 126/126
f 145/145 144/144 124/124
f 146/146 126/126 127/127
f 146/146 145/145 126/126
f 147/147 127/127 128/128
f 147/147 146/146 127/127
f 148/148 128/128 129/129
f 148/148 147/147 128/128
f 134/134 129/129 132/132
f 134/134 148/148 129/129
f 149/149 134/134 131/131
f 149/149 131/131 135/135
f 149/149 135/135 137/137
f 149/149 137/137 139/139
f 149/149 139/139 141/141
f 149/149 141/141 143/143
f 149/149 143/143 144/144
f 149/149 144/144 145/145
f 149/149 145/145 146/146
f 149/149 146/146 147/147
f 149/149 147/147 148/148
f 149/149 148/148 134/134
f 45/45 42/42 48/48
f 45/45 47/47 150/150
f 45/45 48/48 47/47
f 56/56 61/61 58/58
f 56/56 151/151 61/61
f 63/63 78/78 64/64
f 63/63 152/152 78/78
f 75/75 77/77 153/153
f 75/75 79/79 77/77
f 153/153 73/73 75/75
f 153/153 68/68 73/73
f 68/68 70/70 73/73
f 154/154 155/155 156/156
f 154/154 157/157 155/155
f 157/157 158/158 155/155
f 157/157 159/159 158/158
f 159/159 19/19 158/158
f 159/159 17/17 19/19
f 60/60 152/152 63/63
f 60/60 59/59 152/152
f 78/78 152/152 59/59
f 53/53 151/151 56/56
f 53/53 52/52 151/151
f 61/61 151/151 52/52
f 160/160 161/161 162/162
f 163/163 161/161 160/160
f 164/164 161/161 163/163
f 165/165 161/161 164/164
f 166/166 161/161 165/165
f 167/167 161/161 166/166
f 168/168 161/161 167/167
f 169/169 162/162 161/161
f 170/170 169/169 161/161
f 171/171 170/170 161/161
f 172/172 171/171 161/161
f 173/173 172/172 161/161
f 174/174 173/173 161/161
f 168/168 174/174 161/161
f 175/175 176/176 177/177
f 175/175 178/178 176/176
f 179/179 180/180 181/181
f 179/179 182/182 180/180
f 183/183 181/181 184/184
f 183/183 179/179 181/181
f 185/185 184/184 186/186
f 185/185 183/183 184/184
f 187/187 186/186 188/188
f 187/187 185/185 186/186
f 189/189 190/190 191/191
f 189/189 192/192 190/190
f 191/191 193/193 194/194
f 191/191 190/190 193/193
f 194/194 195/195 196/196
f 194/194 193/193 195/195
f 196/196 187/187 188/188
f 196/196 195/195 187/187
f 182/182 197/197 180/180
f 182/182 198/198 197/197
f 199/199 192/192 189/189
f 199/199 200/200 192/192
f 201/201 202/202 203/203
f 201/201 204/204 202/202
f 205/205 206/206 207/207
f 205/205 208/208 206/206
f 209/209 207/207 201/201
f 209/209 205/205 207/207
f 210/210 201/201 203/203
f 210/210 209/209 201/201
f 203/203 211/211 212/212
f 203/203 202/202 211/211
f 213/213 203/203 212/212
f 213/213 210/210 203/203
f 214/214 212/212 215/215
f 214/214 213/213 212/212
f 216/216 215/215 217/217
f 216/216 214/214 215/215
f 217/217 218/218 219/219
f 217/217 220/220 218/218
f 221/221 222/222 223/223
f 221/221 224/224 222/222
f 224/224 219/219 222/222
f 224/224 225/225 219/219
f 225/225 217/217 219/219
f 225/225 216/216 217/217
f 226/226 227/227 228/228
f 226/226 229/229 227/227
f 230/230 229/229 226/226
f 230/230 231/231 229/229
f 231/231 232/232 229/229
f 231/231 233/233 232/232
f 233/233 234/234 232/232
f 233/233 235/235 234/234
f 236/236 223/223 237/237
f 236/236 238/238 223/223
f 235/235 238/238 234/234
f 235/235 239/239 238/238
f 239/239 223/223 238/238
f 239/239 221/221 223/223
f 240/240 241/241 242/242
f 240/240 243/243 241/241
f 244/244 245/245 246/246
f 244/244 247/247 245/245
f 246/246 248/248 249/249
f 246/246 245/245 248/248
f 250/250 251/251 252/252
f 250/250 253/253 251/251
f 249/249 253/253 250/250
f 249/249 248/248 253/253
f 254/254 255/255 256/256
f 254/254 257/257 255/255
f 257/257 258/258 255/255
f 257/257 259/259 258/258
f 257/257 260/260 259/259
f 260/260 261/261 259/259
f 260/260 262/262 261/261
f 260/260 263/263 262/262
f 263/263 264/264 262/262
f 265/265 256/256 255/255
f 265/265 266/266 256/256
f 267/267 255/255 258/258
f 267/267 265/265 255/255
f 268/268 258/258 259/259
f 268/268 267/267 258/258
f 269/269 259/259 261/261
f 269/269 268/268 259/259
f 270/270 261/261 262/262
f 270/270 269/269 261/261
f 271/271 262/262 264/264
f 271/271 270/270 262/262
f 272/272 273/273 274/274
f 272/272 275/275 273/273
f 275/275 276/276 273/273
f 275/275 277/277 276/276
f 275/275 278/278 277/277
f 278/278 279/279 277/277
f 278/278 280/280 279/279
f 278/278 281/281 280/280
f 281/281 282/282 280/280
f 283/283 274/274 273/273
f 283/283 284/284 274/274
f 285/285 273/273 276/276
f 285/285 283/283 273/273
f 286/286 276/276 277/277
f 286/286 285/285 276/276
f 287/287 277/277 279/279
f 287/287 286/286 277/277
f 288/288 279/279 280/280
f 288/288 287/287 279/279
f 289/289 280/280 282/282
f 289/289 288/288 280/280
f 290/290 291/291 292/292
f 290/290 293/293 291/291
f 294/294 292/292 295/295
f 294/294 290/290 292/292
f 296/296 295/295 297/297
f 296/296 294/294 295/295
f 298/298 297/297 299/299
f 298/298 296/296 297/297
f 300/300 299/299 301/301
f 300/300 298/298 299/299
f 302/302 301/301 284/284
f 302/302 300/300 301/301
f 303/303 284/284 283/283
f 303/303 302/302 284/284
f 304/304 283/283 285/285
f 304/304 303/303 283/283
f 305/305 285/285 286/286
f 305/305 304/304 285/285
f 306/306 286/286 287/287
f 306/306 305/305 286/286
f 307/307 287/287 288/288
f 307/307 306/306 287/287
f 293/293 288/288 291/291
f 293/293 307/307 288/288
f 308/308 293/293 290/290
f 308/308 290/290 294/294
f 308/308 294/294 296/296
f 308/308 296/296 298/298
f 308/308 298/298 300/300
f 308/308 300/300 302/302
f 308/308 302/302 303/303
f 308/308 303/303 304/304
f 308/308 304/304 305/305
f 308/308 305/305 306/306
f 308/308 306/306 307/307
f 308/308 307/307 293/293
f 204/204 201/201 207/207
f 204/204 206/206 309/309
f 204/204 207/207 206/206
f 215/215 220/220 217/217
f 215/215 310/310 220/220
f 222/222 237/237 223/223
f 222/222 311/311 237/237
f 234/234 236/236 312/312
f 234/234 238/238 236/236
f 312/312 232/232 234/234
f 312/312 227/227 232/232
f 227/227 229/229 232/232
f 313/313 314/314 315/315
f 313/313 316/316 314/314
f 316/316 317/317 314/314
f 316/316 318/318 317/317
f 318/318 178/178 317/317
f 318/318 176/176 178/178
f 219/219 311/311 222/222
f 219/219 218/218 311/311
f 237/237 311/311 218/218
f 212/212 310/310 215/215
f 212/212 211/211 310/310
f 220/220 310/310 211/211
f 319/319 320/320 321/321
f 322/322 320/320 319/319
f 323/323 320/320 322/322
f 324/324 320/320 323/323
f 325/325 320/320 324/324
f 326/326 320/320 325/325
f 327/327 320/320 326/326
f 328/328 321/321 320/320
f 329/329 328/328 320/320
f 330/330 329/329 320/320
f 331/331 330/330 320/320
f 332/332 331/331 320/320
f 333/333 332/332 320/320
f 327/327 333/333 320/320
f 334/334 335/335 336/336
f 334/334 337/337 335/335
f 338/338 339/339 340/340
f 338/338 341/341 339/339
f 342/342 340/340 343/343
f 342/342 338/338 340/340
f 344/344 343/343 345/345
f 344/344 342/342 343/343
f 346/346 345/345 347/347
f 346/346 344/344 345/345
f 348/348 349/349 350/350
f 348/348 351/351 349/349
f 350/350 352/352 353/353
f 350/350 349/349 352/352
f 353/353 354/354 355/355
f 353/353 352/352 354/354
f 355/355 346/346 347/347
f 355/355 354/354 346/346
f 341/341 356/356 339/339
f 341/341 357/357 356/356
f 358/358 351/351 348/348
f 358/358 359/359 351/351
f 360/360 361/361 362/362
f 360/360 363/363 361/361
f 364/364 365/365 366/366
f 364/364 367/367 365/365
f 368/368 366/366 360/360
f 368/368 364/364 366/366
f 369/369 360/360 362/362
f 369/369 368/368 360/360
f 362/362 370/370 371/371
f 362/362 361/361 370/370
f 372/372 362/362 371/371
f 372/372 369/369 362/362
f 373/373 371/371 374/374
f 373/373 372/372 371/371
f 375/375 374/374 376/376
f 375/375 373/373 374/374
f 376/376 377/377 378/378
f 376/376 379/379 377/377
f 380/380 381/381 382/382
f 380/380 383/383 381/381
f 383/383 378/378 381/381
f 383/383 384/384 378/378
f 384/384 376/376 378/378
f 384/384 375/375 376/376
f 385/385 386/386 387/387
f 385/385 388/388 386/386
f 389/389 388/388 385/385
f 389/389 390/390 388/388
f 390/390 391/391 388/388
f 390/390 392/392 391/391
f 392/392 393/393 391/391
f 392/392 394/394 393/393
f 395/395 382/382 396/396
f 395/395 397/397 382/382
f 394/394 397/397 393/393
f 394/394 398/398 397/397
f 398/398 382/382 397/397
f 398/398 380/380 382/382
f 399/399 400/400 401/401
f 399/399 402/402 400/400
f 403/403 404/404 405/405
f 403/403 406/406 404/404
f 405/405 407/407 408/408
f 405/405 404/404 407/407
f 409/409 410/410 411/411
f 409/409 412/412 410/410
f 408/408 412/412 409/409
f 408/408 407/407 412/412
f 413/413 414/414 415/415
f 413/413 416/416 414/414
f 416/416 417/417 414/414
f 416/416 418/418 417/417
f 416/416 419/419 418/418
f 419/419 420/420 418/418
f 419/419 421/421 420/420
f 419/419 422/422 421/421
f 422/422 423/423 421/421
f 424/424 415/415 414/414
f 424/424 425/425 415/415
f 426/426 414/414 417/417
f 426/426 424/424 414/414
f 427/427 417/417 418/418
f 427/427 426/426 417/417
f 428/428 418/418 420/420
f 428/428 427/427 418/418
f 429/429 420/420 421/421
f 429/429 428/428 420/420
f 430/430 421/421 423/423
f 430/430 429/429 421/421
f 431/431 432/432 433/433
f 431/431 434/434 432/432
f 434/434 435/435 432/432
f 434/434 436/436 435/435
f 434/434 437/437 436/436
f 437/437 438/438 436/436
f 437/437 439/439 438/438
f 437/437 440/440 439/439
f 440/440 441/441 439/439
f 442/442 433/433 432/432
f 442/442 443/443 433/433
f 444/444 432/432 435/435
f 444/444 442/442 432/432
f 445/445 435/435 436/436
f 445/445 444/444 435/435
f 446/446 436/436 438/438
f 446/446 445/445 436/436
f 447/447 438/438 439/439
f 447/447 446/446 438/438
f 448/448 439/439 441/441
f 448/448 447/447 439/439
f 449/449 450/450 451/451
f 449/449 452/452 450/450
f 453/453 451/451 454/454
f 453/453 449/449 451/451
f 455/455 454/454 456/456
f 455/455 453/453 454/454
f 457/457 456/456 458/458
f 457/457 455/455 456/456
f 459/459 458/458 460/460
f 459/459 457/457 458/458
f 461/461 460/460 443/443
f 461/461 459/459 460/460
f 462/462 443/443 442/442
f 462/462 461/461 443/443
f 463/463 442/442 444/444
f 463/463 462/462 442/442
f 464/464 444/444 445/445
f 464/464 463/463 444/444
f 465/465 445/445 446/446
f 465/465 464/464 445/445
f 466/466 446/446 447/447
f 466/466 465/465 446/446
f 452/452 447/447 450/450
f 452/452 466/466 447/447
f 467/467 452/452 449/449
f 467/467 449/449 453/453
f 467/467 453/453 455/455
f 467/467 455/455 457/457
f 467/467 457/457 459/459
f 467/467 459/459 461/461
f 467/467 461/461 462/462
f 467/467 462/462 463/463
f 467/467 463/463 464/464
f 467/467 464/464 465/465
f 467/467 465/465 466/466
f 467/467 466/466 452/452
f 363/363 360/360 366/366
f 363/363 365/365 468/468
f 363/363 366/366 365/365
f 374/374 379/379 376/376
f 374/374 469/469 379/379
f 381/381 396/396 382/382
f 381/381 470/470 396/396
f 393/393 395/395 471/471
f 393/393 397/397 395/395
f 471/471 391/391 393/393
f 471/471 386/386 391/391
f 386/386 388/388 391/391
f 472/472 473/473 474/474
f 472/472 475/475 473/473
f 475/475 476/476 473/473
f 475/475 477/477 476/476
f 477/477 337/337 476/476
f 477/477 335/335 337/337
f 378/378 470/470 381/381
f 378/378 377/377 470/470
f 396/396 470/470 377/377
f 371/371 469/469 374/374
f 371/371 370/370 469/469
f 379/379 469/469 370/370
f 478/478 479/479 480/480
f 481/481 478/478 480/480
f 482/482 483/483 484/484
f 485/485 482/482 484/484
f 486/486 487/487 488/488
f 489/489 486/486 488/488
f 490/490 491/491 492/492
f 493/493 490/490 492/492
f 494/494 495/495 496/496
f 497/497 494/494 496/496
f 498/498 499/499 500/500
f 501/501 498/498 500/500
f 502/502 503/503 504/504
f 505/505 502/502 504/504
f 506/506 507/507 508/508
f 509/509 506/506 508/508
f 510/510 511/511 512/512
f 513/513 510/510 512/512
f 514/514 515/515 516/516
f 517/517 514/514 516/516
f 518/518 519/519 520/520
f 521/521 518/518 520/520
f 522/522 523/523 524/524
f 525/525 522/522 524/524
f 526/526 527/527 528/528
f 529/529 526/526 528/528
f 530/530 531/531 532/532
f 533/533 530/530 532/532
f 534/534 535/535 536/536
f 537/537 534/534 536/536
f 538/538 539/539 540/540
f 541/541 538/538 540/540
f 542/542 543/543 544/544
f 545/545 542/542 544/544
f 546/546 547/547 548/548
f 549/549 546/546 548/548
f 550/550 551/551 552/552
f 553/553 550/550 552/552
f 554/554 555/555 556/556
f 557/557 554/554 556/556
f 558/558 559/559 560/560
f 561/561 558/558 560/560
f 562/562 563/563 564/564
f 565/565 562/562 564/564
f 566/566 567/567 568/568
f 569/569 566/566 568/568
f 570/570 571/571 572/572
f 573/573 570/570 572/572
f 574/574 575/575 576/576
f 577/577 574/574 576/576
f 578/578 579/579 580/580
f 581/581 578/578 580/580
f 582/582 583/583 584/584
f 585/585 582/582 584/584
f 586/586 587/587 588/588
f 589/589 586/586 588/588
f 590/590 591/591 592/592
f 593/593 590/590 592/592
f 594/594 595/595 596/596
f 597/597 594/594 596/596
f 598/598 599/599 600/600
f 601/601 598/598 600/600
f 602/602 603/603 604/604
f 605/605 602/602 604/604
f 606/606 607/607 608/608
f 609/609 606/606 608/608
f 610/610 611/611 612/612
f 613/613 610/610 612/612
f 614/614 615/615 616/616
f 617/617 614/614 616/616
f 618/618 619/619 620/620
f 621/621 618/618 620/620
f 622/622 623/623 624/624
f 625/625 622/622 624/624
f 626/626 627/627 628/628
f 629/629 626/626 628/628
f 630/630 631/631 632/632
f 633/633 630/630 632/632
f 634/634 635/635 636/636
f 637/637 634/634 636/636
f 638/638 639/639 640/640
f 641/641 638/638 640/640
f 642/642 643/643 644/644
f 645/645 642/642 644/644
f 646/646 647/647 648/648
f 649/649 646/646 648/648
f 650/650 651/651 652/652
f 653/653 650/650 652/652
f 654/654 655/655 656/656
f 657/657 654/654 656/656
f 658/658 659/659 660/660
f 661/661 658/658 660/660
f 662/662 663/663 664/664
f 665/665 662/662 664/664
f 666/666 667/667 668/668
f 669/669 666/666 668/668
f 670/670 671/671 672/672
f 673/673 670/670 672/672
f 674/674 675/675 676/676
f 677/677 674/674 676/676
f 678/678 679/679 680/680
f 681/681 678/678 680/680
f 682/682 683/683 684/684
f 685/685 682/682 684/684
f 686/686 687/687 688/688
f 689/689 686/686 688/688
f 690/690 691/691 692/692
f 693/693 690/690 692/692
f 694/694 695/695 696/696
f 697/697 694/694 696/696
f 698/698 699/699 700/700
f 701/701 698/698 700/700
f 702/702 703/703 704/704
f 705/705 702/702 704/704
f 706/706 707/707 708/708
f 709/709 706/706 708/708
f 710/710 711/711 712/712
f 713/713 710/710 712/712
f 714/714 715/715 716/716
f 717/717 714/714 716/716
f 718/718 719/719 720/720
f 721/721 718/718 720/720
f 722/722 723/723 724/724
f 725/725 722/722 724/724
f 726/726 727/727 728/728
f 729/729 726/726 728/728
f 730/730 731/731 732/732
f 733/733 730/730 732/732
f 734/734 735/735 736/736
f 737/737 734/734 736/736
f 738/738 739/739 740/740
f 741/741 738/738 740/740
f 742/742 743/743 744/744
f 745/745 742/742 744/744
f 746/746 747/747 748/748
f 749/749 746/746 748/748
f 750/750 751/751 752/752
f 753/753 750/750 752/752
f 754/754 755/755 756/756
f 757/757 754/754 756/756
f 758/758 759/759 760/760
f 761/761 758/758 760/760
f 762/762 763/763 764/764
f 765/765 762/762 764/764
f 766/766 767/767 768/768
f 769/769 766/766 768/768
f 770/770 771/771 772/772
f 773/773 770/770 772/772
f 774/774 775/775 776/776
f 777/777 774/774 776/776
f 778/778 779/779 780/780
f 781/781 778/778 780/780
f 782/782 783/783 784/784
f 785/785 782/782 784/784
f 786/786 787/787 788/788
f 789/789 786/786 788/788
f 790/790 791/791 792/792
f 793/793 790/790 792/792
f 794/794 795/795 796/796
f 797/797 794/794 796/796
f 798/798 799/799 800/800
f 801/801 798/798 800/800
f 802/802 803/803 804/804
f 805/805 802/802 804/804
f 806/806 807/807 808/808
f 809/809 806/806 808/808
f 810/810 811/811 812/812
f 813/813 810/810 812/812
f 814/814 815/815 816/816
f 817/817 814/814 816/816
f 818/818 819/819 820/820
f 821/821 818/818 820/820
f 822/822 823/823 824/824
f 825/825 822/822 824/824
f 826/826 827/827 828/828
f 829/829 826/826 828/828
f 830/830 831/831 832/832
f 833/833 830/830 832/832
f 834/834 835/835 836/836
f 837/837 834/834 836/836
f 838/838 839/839 840/840
f 841/841 838/838 840/840
f 842/842 843/843 844/844
f 845/845 842/842 844/844
f 846/846 847/847 848/848
f 849/849 846/846 848/848
f 850/850 851/851 852/852
f 853/853 850/850 852/852
f 854/854 855/855 856/856
f 857/857 854/854 856/856
f 858/858 859/859 860/860
f 861/861 858/858 860/860
f 862/862 863/863 864/864
f 865/865 862/862 864/864
f 866/866 867/867 868/868
f 869/869 866/866 868/868
f 870/870 871/871 872/872
f 873/873 870/870 872/872
f 874/874 875/875 876/876
f 877/877 874/874 876/876
f 878/878 879/879 880/880
f 881/881 878/878 880/880
f 882/882 883/883 884/884
f 885/885 882/882 884/884
f 886/886 887/887 888/888
f 889/889 886/886 888/888
f 890/890 891/891 892/892
f 893/893 890/890 892/892
f 894/894 895/895 896/896
f 897/897 894/894 896/896
f 898/898 899/899 900/900
f 901/901 898/898 900/900
f 902/902 903/903 904/904
f 905/905 902/902 904/904
f 906/906 907/907 908/908
f 909/909 906/906 908/908
f 910/910 911/911 912/912
f 913/913 910/910 912/912
f 914/914 915/915 916/916
f 917/917 914/914 916/916
f 918/918 919/919 920/920
f 921/921 918/918 920/920
f 922/922 923/923 924/924
f 925/925 922/922 924/924
f 926/926 927/927 928/928
f 929/929 926/926 928/928
f 930/930 931/931 932/932
f 933/933 930/930 932/932
f 934/934 935/935 936/936
f 937/937 934/934 936/936
f 938/938 939/939 940/940
f 941/941 938/938 940/940
f 942/942 943/943 944/944
f 945/945 942/942 944/944
f 946/946 947/947 948/948
f 949/949 946/946 948/948
f 950/950 951/951 952/952
f 953/953 950/950 952/952
f 954/954 955/955 956/956
f 957/957 954/954 956/956
f 958/958 959/959 960/960
f 961/961 958/958 960/960
f 962/962 963/963 964/964
f 965/965 962/962 964/964
f 966/966 967/967 968/968
f 969/969 966/966 968/968
f 970/970 971/971 972/972
f 973/973 970/970 972/972
f 974/974 975/975 976/976
f 977/977 974/974 976/976
f 978/978 979/979 980/980
f 981/981 978/978 980/980
f 982/982 983/983 984/984
f 985/985 982/982 984/984
f 986/986 987/987 988/988
f 989/989 986/986 988/988
f 990/990 991/991 992/992
f 993/993 990/990 992/992
f 994/994 995/995 996/996
f 997/997 994/994 996/996
f 998/998 999/999 1000/1000
f 1001/1001 998/998 1000/1000
f 1002/1002 1003/1003 1004/1004
f 1005/1005 1002/1002 1004/1004
f 1006/1006 1007/1007 1008/1008
f 1009/1009 1006/1006 1008/1008
f 1010/1010 1011/1011 1012/1012
f 1013/1013 1010/1010 1012/1012
f 1014/1014 1015/1015 1016/1016
f 1017/1017 1014/1014 1016/1016
f 1018/1018 1019/1019 1020/1020
f 1021/1021 1018/1018 1020/1020
f 1022/1022 1023/1023 1024/1024
f 1025/1025 1022/1022 1024/1024
f 1026/1026 1027/1027 1028/1028
f 1029/1029 1026/1026 1028/1028
f 1030/1030 1031/1031 1032/1032
f 1033/1033 1030/1030 1032/1032
f 1034/1034 1035/1035 1036/1036
f 1037/1037 1034/1034 1036/1036
f 1038/1038 1039/1039 1040/1040
f 1041/1041 1038/1038 1040/1040
f 1042/1042 1043/1043 1044/1044
f 1045/1045 1042/1042 1044/1044
f 1046/1046 1047/1047 1048/1048
f 1049/1049 1046/1046 1048/1048
f 1050/1050 1051/1051 1052/1052
f 1053/1053 1050/1050 1052/1052
f 1054/1054 1055/1055 1056/1056
f 1057/1057 1054/1054 1056/1056
f 1058/1058 1059/1059 1060/1060
f 1061/1061 1058/1058 1060/1060
f 1062/1062 1063/1063 1064/1064
f 1065/1065 1062/1062 1064/1064
f 1066/1066 1067/1067 1068/1068
f 1069/1069 1066/1066 1068/1068
f 1070/1070 1071/1071 1072/1072
f 1073/1073 1070/1070 1072/1072
f 1074/1074 1075/1075 1076/1076
f 1077/1077 1074/1074 1076/1076
f 1078/1078 1079/1079 1080/1080
f 1081/1081 1078/1078 1080/1080
f 1082/1082 1083/1083 1084/1084
f 1085/1085 1082/1082 1084/1084
f 1086/1086 1087/1087 1088/1088
f 1089/1089 1086/1086 1088/1088
f 1090/1090 1091/1091 1092/1092
f 1093/1093 1090/1090 1092/1092
f 1094/1094 1095/1095 1096/1096
f 1097/1097 1094/1094 1096/1096
f 1098/1098 1099/1099 1100/1100
f 1101/1101 1098/1098 1100/1100
f 1102/1102 1103/1103 1104/1104
f 1105/1105 1102/1102 1104/1104
f 1106/1106 1107/1107 1108/1108
f 1109/1109 1106/1106 1108/1108
f 1110/1110 1111/1111 1112/1112
f 1113/1113 1110/1110 1112/1112
f 1114/1114 1115/1115 1116/1116
f 1117/1117 1114/1114 1116/1116
f 1118/1118 1119/1119 1120/1120
f 1121/1121 1118/1118 1120/1120
f 1122/1122 1123/1123 1124/1124
f 1125/1125 1122/1122 1124/1124
f 1126/1126 1127/1127 1128/1128
f 1129/1129 1126/1126 1128/1128
f 1130/1130 1131/1131 1132/1132
f 1133/1133 1130/1130 1132/1132
f 1134/1134 1135/1135 1136/1136
f 1137/1137 1134/1134 1136/1136
f 1138/1138 1139/1139 1140/1140
f 1141/1141 1138/1138 1140/1140
f 1142/1142 1143/1143 1144/1144
f 1145/1145 1142/1142 1144/1144
f 1146/1146 1147/1147 1148/1148
f 1149/1149 1146/1146 1148/1148
f 1150/1150 1151/1151 1152/1152
f 1153/1153 1150/1150 1152/1152
f 1154/1154 1155/1155 1156/1156
f 1157/1157 1154/1154 1156/1156
f 1158/1158 1159/1159 1160/1160
f 1161/1161 1158/1158 1160/1160
f 1162/1162 1163/1163 1164/1164
f 1165/1165 1162/1162 1164/1164
f 1166/1166 1167/1167 1168/1168
f 1169/1169 1166/1166 1168/1168
f 1170/1170 1171/1171 1172/1172
f 1173/1173 1170/1170 1172/1172
f 1174/1174 1175/1175 1176/1176
f 1177/1177 1174/1174 1176/1176
f 1178/1178 1179/1179 1180/1180
f 1181/1181 1178/1178 1180/1180
f 1182/1182 1183/1183 1184/1184
f 1185/1185 1182/1182 1184/1184
f 1186/1186 1187/1187 1188/1188
f 1189/1189 1186/1186 1188/1188
f 1190/1190 1191/1191 1192/1192
f 1193/1193 1190/1190 1192/1192
f 1194/1194 1195/1195 1196/1196
f 1197/1197 1194/1194 1196/1196
f 1198/1198 1199/1199 1200/1200
f 1201/1201 1198/1198 1200/1200
f 1202/1202 1203/1203 1204/1204
f 1205/1205 1202/1202 1204/1204
f 1206/1206 1207/1207 1208/1208
f 1209/1209 1206/1206 1208/1208
f 1210/1210 1211/1211 1212/1212
f 1213/1213 1210/1210 1212/1212
f 1214/1214 1215/1215 1216/1216
f 1217/1217 1214/1214 1216/1216
f 1218/1218 1219/1219 1220/1220
f 1221/1221 1218/1218 1220/1220
f 1222/1222 1223/1223 1224/1224
f 1225/1225 1222/1222 1224/1224
f 1226/1226 1227/1227 1228/1228
f 1229/1229 1226/1226 1228/1228
f 1230/1230 1231/1231 1232/1232
f 1233/1233 1230/1230 1232/1232
f 1234/1234 1235/1235 1236/1236
f 1237/1237 1234/1234 1236/1236
f 1238/1238 1239/1239 1240/1240
f 1241/1241 1238/1238 1240/1240
f 1242/1242 1243/1243 1244/1244
f 1245/1245 1242/1242 1244/1244
f 1246/1246 1247/1247 1248/1248
f 1249/1249 1246/1246 1248/1248
f 1250/1250 1251/1251 1252/1252
f 1253/1253 1250/1250 1252/1252
f 1254/1254 1255/1255 1256/1256
f 1257/1257 1254/1254 1256/1256
f 1258/1258 1259/1259 1260/1260
f 1261/1261 1258/1258 1260/1260
f 1262/1262 1263/1263 1264/1264
f 1265/1265 1262/1262 1264/1264
f 1266/1266 1267/1267 1268/1268
f 1269/1269 1266/1266 1268/1268
f 1270/1270 1271/1271 1272/1272
f 1273/1273 1270/1270 1272/1272
f 1274/1274 1275/1275 1276/1276
f 1277/1277 1274/1274 1276/1276
f 1278/1278 1279/1279 1280/1280
f 1281/1281 1278/1278 1280/1280
f 1282/1282 1283/1283 1284/1284
f 1285/1285 1282/1282 1284/1284
f 1286/1286 1285/1285 1284/1284
f 1287/1287 1286/1286 1284/1284
f 1288/1288 1287/1287 1284/1284
f 1289/1289 1288/1288 1284/1284
f 1290/1290 1289/1289 1284/1284
f 1291/1291 1290/1290 1284/1284
f 1292/1292 1291/1291 1284/1284
f 1293/1293 1292/1292 1284/1284
f 1294/1294 1293/1293 1284/1284
f 1295/1295 1294/1294 1284/1284
f 1296/1296 1295/1295 1284/1284
f 1297/1297 1296/1296 1284/1284
f 1298/1298 1297/1297 1284/1284
f 1299/1299 1298/1298 1284/1284
f 1300/1300 1299/1299 1284/1284
f 1301/1301 1300/1300 1284/1284
f 1302/1302 1301/1301 1284/1284
f 1303/1303 1302/1302 1284/1284
f 1304/1304 1303/1303 1284/1284
f 1305/1305 1304/1304 1284/1284
f 1306/1306 1305/1305 1284/1284
f 1307/1307 1306/1306 1284/1284
f 1308/1308 1307/1307 1284/1284
f 1309/1309 1308/1308 1284/1284
f 1310/1310 1309/1309 1284/1284
f 1311/1311 1310/1310 1284/1284
f 1312/1312 1311/1311 1284/1284
f 1313/1313 1312/1312 1284/1284
f 1314/1314 1315/1315 1316/1316
f 1317/1317 1314/1314 1316/1316
f 1318/1318 1319/1319 1320/1320
f 1321/1321 1318/1318 1320/1320
f 1322/1322 1323/1323 1324/1324
f 1325/1325 1322/1322 1324/1324
f 1326/1326 1327/1327 1328/1328
f 1329/1329 1326/1326 1328/1328
f 1330/1330 1331/1331 1332/1332
f 1333/1333 1330/1330 1332/1332
f 1334/1334 1335/1335 1336/1336
f 1337/1337 1334/1334 1336/1336
f 1338/1338 1339/1339 1340/1340
f 1341/1341 1338/1338 1340/1340
f 1342/1342 1343/1343 1344/1344
f 1345/1345 1342/1342 1344/1344
f 1346/1346 1347/1347 1348/1348
f 1349/1349 1346/1346 1348/1348
f 1350/1350 1351/1351 1352/1352
f 1353/1353 1350/1350 1352/1352
f 1354/1354 1355/1355 1356/1356
f 1357/1357 1354/1354 1356/1356
f 1358/1358 1359/1359 1360/1360
f 1361/1361 1358/1358 1360/1360
f 1362/1362 1363/1363 1364/1364
f 1365/1365 1362/1362 1364/1364
f 1366/1366 1367/1367 1368/1368
f 1369/1369 1366/1366 1368/1368
f 1370/1370 1371/1371 1372/1372
f 1373/1373 1370/1370 1372/1372
f 1374/1374 1375/1375 1376/1376
f 1377/1377 1374/1374 1376/1376
f 1378/1378 1379/1379 1380/1380
f 1381/1381 1378/1378 1380/1380
f 1382/1382 1383/1383 1384/1384
f 1385/1385 1382/1382 1384/1384
f 1386/1386 1387/1387 1388/1388
f 1389/1389 1386/1386 1388/1388
f 1390/1390 1391/1391 1392/1392
f 1393/1393 1390/1390 1392/1392
f 1394/1394 1395/1395 1396/1396
f 1397/1397 1394/1394 1396/1396
f 1398/1398 1399/1399 1400/1400
f 1401/1401 1398/1398 1400/1400
f 1402/1402 1403/1403 1404/1404
f 1405/1405 1402/1402 1404/1404
f 1406/1406 1407/1407 1408/1408
f 1409/1409 1406/1406 1408/1408
f 1410/1410 1411/1411 1412/1412
f 1413/1413 1410/1410 1412/1412
f 1414/1414 1415/1415 1416/1416
f 1417/1417 1414/1414 1416/1416
f 1418/1418 1419/1419 1420/1420
f 1421/1421 1418/1418 1420/1420
f 1422/1422 1423/1423 1424/1424
f 1425/1425 1422/1422 1424/1424
f 1426/1426 1427/1427 1428/1428
f 1429/1429 1426/1426 1428/1428
f 1430/1430 1431/1431 1432/1432
f 1433/1433 1430/1430 1432/1432
f 1434/1434 1435/1435 1436/1436
f 1437/1437 1434/1434 1436/1436
f 1438/1438 1439/1439 1440/1440
f 1441/1441 1438/1438 1440/1440
f 1442/1442 1443/1443 1444/1444
f 1445/1445 1442/1442 1444/1444
f 1446/1446 1445/1445 1444/1444
f 1447/1447 1446/1446 1444/1444
f 1448/1448 1447/1447 1444/1444
f 1449/1449 1448/1448 1444/1444
f 1450/1450 1449/1449 1444/1444
f 1451/1451 1450/1450 1444/1444
f 1452/1452 1451/1451 1444/1444
f 1453/1453 1452/1452 1444/1444
f 1454/1454 1453/1453 1444/1444
f 1455/1455 1454/1454 1444/1444
f 1456/1456 1455/1455 1444/1444
f 1457/1457 1456/1456 1444/1444
f 1458/1458 1457/1457 1444/1444
f 1459/1459 1458/1458 1444/1444
f 1460/1460 1459/1459 1444/1444
f 1461/1461 1460/1460 1444/1444
f 1462/1462 1461/1461 1444/1444
f 1463/1463 1462/1462 1444/1444
f 1464/1464 1463/1463 1444/1444
f 1465/1465 1464/1464 1444/1444
f 1466/1466 1465/1465 1444/1444
f 1467/1467 1466/1466 1444/1444
f 1468/1468 1467/1467 1444/1444
f 1469/1469 1468/1468 1444/1444
f 1470/1470 1469/1469 1444/1444
f 1471/1471 1470/1470 1444/1444
f 1472/1472 1471/1471 1444/1444
f 1473/1473 1472/1472 1444/1444
f 1474/1474 1475/1475 1476/1476
f 1477/1477 1474/1474 1476/1476
f 1478/1478 1477/1477 1476/1476
f 1479/1479 1478/1478 1476/1476
f 1480/1480 1479/1479 1476/1476
f 1481/1481 1480/1480 1476/1476
f 1482/1482 1481/1481 1476/1476
f 1483/1483 1482/1482 1476/1476
f 1484/1484 1483/1483 1476/1476
f 1485/1485 1484/1484 1476/1476
f 1486/1486 1485/1485 1476/1476
f 1487/1487 1486/1486 1476/1476
f 1488/1488 1487/1487 1476/1476
f 1489/1489 1488/1488 1476/1476
f 1490/1490 1489/1489 1476/1476
f 1491/1491 1490/1490 1476/1476
f 1492/1492 1491/1491 1476/1476
f 1493/1493 1492/1492 1476/1476
f 1494/1494 1493/1493 1476/1476
f 1495/1495 1494/1494 1476/1476
f 1496/1496 1495/1495 1476/1476
f 1497/1497 1496/1496 1476/1476
f 1498/1498 1497/1497 1476/1476
f 1499/1499 1498/1498 1476/1476
f 1500/1500 1499/1499 1476/1476
f 1501/1501 1500/1500 1476/1476
f 1502/1502 1501/1501 1476/1476
f 1503/1503 1502/1502 1476/1476
f 1504/1504 1503/1503 1476/1476
f 1505/1505 1504/1504 1476/1476
f 1506/1506 1507/1507 1508/1508
f 1509/1509 1506/1506 1508/1508
f 1510/1510 1511/1511 1512/1512
f 1513/1513 1510/1510 1512/1512
f 1514/1514 1515/1515 1516/1516
f 1517/1517 1514/1514 1516/1516
f 1518/1518 1519/1519 1520/1520
f 1521/1521 1518/1518 1520/1520
f 1522/1522 1523/1523 1524/1524
f 1525/1525 1522/1522 1524/1524
f 1526/1526 1527/1527 1528/1528
f 1529/1529 1526/1526 1528/1528
f 1530/1530 1531/1531 1532/1532
f 1533/1533 1530/1530 1532/1532
f 1534/1534 1535/1535 1536/1536
f 1537/1537 1534/1534 1536/1536
f 1538/1538 1539/1539 1540/1540
f 1541/1541 1538/1538 1540/1540
f 1542/1542 1543/1543 1544/1544
f 1545/1545 1542/1542 1544/1544
f 1546/1546 1547/1547 1548/1548
f 1549/1549 1546/1546 1548/1548
f 1550/1550 1551/1551 1552/1552
f 1553/1553 1550/1550 1552/1552
f 1554/1554 1555/1555 1556/1556
f 1557/1557 1554/1554 1556/1556
f 1558/1558 1559/1559 1560/1560
f 1561/1561 1558/1558 1560/1560
f 1562/1562 1563/1563 1564/1564
f 1565/1565 1562/1562 1564/1564
f 1566/1566 1567/1567 1568/1568
f 1569/1569 1566/1566 1568/1568
f 1570/1570 1571/1571 1572/1572
f 1573/1573 1570/1570 1572/1572
f 1574/1574 1575/1575 1576/1576
f 1577/1577 1574/1574 1576/1576
f 1578/1578 1579/1579 1580/1580
f 1581/1581 1578/1578 1580/1580
f 1582/1582 1583/1583 1584/1584
f 1585/1585 1582/1582 1584/1584
f 1586/1586 1587/1587 1588/1588
f 1589/1589 1586/1586 1588/1588
f 1590/1590 1591/1591 1592/1592
f 1593/1593 1590/1590 1592/1592
f 1594/1594 1595/1595 1596/1596
f 1597/1597 1594/1594 1596/1596
f 1598/1598 1599/1599 1600/1600
f 1601/1601 1598/1598 1600/1600
f 1602/1602 1603/1603 1604/1604
f 1605/1605 1602/1602 1604/1604
f 1606/1606 1607/1607 1608/1608
f 1609/1609 1606/1606 1608/1608
f 1610/1610 1611/1611 1612/1612
f 1613/1613 1610/1610 1612/1612
f 1614/1614 1615/1615 1616/1616
f 1617/1617 1614/1614 1616/1616
f 1618/1618 1619/1619 1620/1620
f 1621/1621 1618/1618 1620/1620
f 1622/1622 1623/1623 1624/1624
f 1625/1625 1622/1622 1624/1624
f 1626/1626 1627/1627 1628/1628
f 1629/1629 1626/1626 1628/1628
f 1630/1630 1631/1631 1632/1632
f 1633/1633 1630/1630 1632/1632
f 1634/1634 1635/1635 1636/1636
f 1637/1637 1634/1634 1636/1636
f 1638/1638 1637/1637 1636/1636
f 1639/1639 1638/1638 1636/1636
f 1640/1640 1639/1639 1636/1636
f 1641/1641 1640/1640 1636/1636
f 1642/1642 1641/1641 1636/1636
f 1643/1643 1642/1642 1636/1636
f 1644/1644 1643/1643 1636/1636
f 1645/1645 1644/1644 1636/1636
f 1646/1646 1645/1645 1636/1636
f 1647/1647 1646/1646 1636/1636
f 1648/1648 1647/1647 1636/1636
f 1649/1649 1648/1648 1636/1636
f 1650/1650 1649/1649 1636/1636
f 1651/1651 1650/1650 1636/1636
f 1652/1652 1651/1651 1636/1636
f 1653/1653 1652/1652 1636/1636
f 1654/1654 1653/1653 1636/1636
f 1655/1655 1654/1654 1636/1636
f 1656/1656 1655/1655 1636/1636
f 1657/1657 1656/1656 1636/1636
f 1658/1658 1657/1657 1636/1636
f 1659/1659 1658/1658 1636/1636
f 1660/1660 1659/1659 1636/1636
f 1661/1661 1660/1660 1636/1636
f 1662/1662 1661/1661 1636/1636
f 1663/1663 1662/1662 1636/1636
f 1664/1664 1663/1663 1636/1636
f 1665/1665 1664/1664 1636/1636
f 1666/1666 1667/1667 1668/1668
f 1669/1669 1666/1666 1668/1668
f 1670/1670 1669/1669 1668/1668
f 1671/1671 1670/1670 1668/1668
f 1672/1672 1671/1671 1668/1668
f 1673/1673 1672/1672 1668/1668
f 1674/1674 1673/1673 1668/1668
f 1675/1675 1674/1674 1668/1668
f 1676/1676 1675/1675 1668/1668
f 1677/1677 1676/1676 1668/1668
f 1678/1678 1677/1677 1668/1668
f 1679/1679 1678/1678 1668/1668
f 1680/1680 1679/1679 1668/1668
f 1681/1681 1680/1680 1668/1668
f 1682/1682 1681/1681 1668/1668
f 1683/1683 1682/1682 1668/1668
f 1684/1684 1683/1683 1668/1668
f 1685/1685 1684/1684 1668/1668
f 1686/1686 1685/1685 1668/1668
f 1687/1687 1686/1686 1668/1668
f 1688/1688 1687/1687 1668/1668
f 1689/1689 1688/1688 1668/1668
f 1690/1690 1689/1689 1668/1668
f 1691/1691 1690/1690 1668/1668
f 1692/1692 1691/1691 1668/1668
f 1693/1693 1692/1692 1668/1668
f 1694/1694 1693/1693 1668/1668
f 1695/1695 1694/1694 1668/1668
f 1696/1696 1695/1695 1668/1668
f 1697/1697 1696/1696 1668/1668
f 1698/1698 1699/1699 1700/1700
f 1701/1701 1698/1698 1700/1700
f 1702/1702 1703/1703 1704/1704
f 1705/1705 1702/1702 1704/1704
f 1706/1706 1707/1707 1708/1708
f 1709/1709 1706/1706 1708/1708
f 1710/1710 1711/1711 1712/1712
f 1713/1713 1710/1710 1712/1712
f 1714/1714 1715/1715 1716/1716
f 1717/1717 1714/1714 1716/1716
f 1718/1718 1719/1719 1720/1720
f 1721/1721 1718/1718 1720/1720
f 1722/1722 1723/1723 1724/1724
f 1725/1725 1722/1722 1724/1724
f 1726/1726 1727/1727 1728/1728
f 1729/1729 1726/1726 1728/1728
f 1730/1730 1731/1731 1732/1732
f 1733/1733 1730/1730 1732/1732
f 1734/1734 1735/1735 1736/1736
f 1737/1737 1734/1734 1736/1736
f 1738/1738 1739/1739 1740/1740
f 1741/1741 1738/1738 1740/1740
f 1742/1742 1743/1743 1744/1744
f 1745/1745 1742/1742 1744/1744
f 1746/1746 1747/1747 1748/1748
f 1749/1749 1746/1746 1748/1748
f 1750/1750 1751/1751 1752/1752
f 1753/1753 1750/1750 1752/1752
f 1754/1754 1755/1755 1756/1756
f 1757/1757 1754/1754 1756/1756
f 1758/1758 1759/1759 1760/1760
f 1761/1761 1758/1758 1760/1760
f 1762/1762 1763/1763 1764/1764
f 1765/1765 1762/1762 1764/1764
f 1766/1766 1767/1767 1768/1768
f 1769/1769 1766/1766 1768/1768
f 1770/1770 1771/1771 1772/1772
f 1773/1773 1770/1770 1772/1772
f 1774/1774 1775/1775 1776/1776
f 1777/1777 1774/1774 1776/1776
f 1778/1778 1779/1779 1780/1780
f 1781/1781 1778/1778 1780/1780
f 1782/1782 1783/1783 1784/1784
f 1785/1785 1782/1782 1784/1784
f 1786/1786 1787/1787 1788/1788
f 1789/1789 1786/1786 1788/1788
f 1790/1790 1791/1791 1792/1792
f 1793/1793 1790/1790 1792/1792
f 1794/1794 1795/1795 1796/1796
f 1797/1797 1794/1794 1796/1796
f 1798/1798 1799/1799 1800/1800
f 1801/1801 1798/1798 1800/1800
f 1802/1802 1803/1803 1804/1804
f 1805/1805 1802/1802 1804/1804
f 1806/1806 1807/1807 1808/1808
f 1809/1809 1806/1806 1808/1808
f 1810/1810 1811/1811 1812/1812
f 1813/1813 1810/1810 1812/1812
f 1814/1814 1815/1815 1816/1816
f 1817/1817 1814/1814 1816/1816
f 1818/1818 1819/1819 1820/1820
f 1821/1821 1818/1818 1820/1820
f 1822/1822 1823/1823 1824/1824
f 1825/1825 1822/1822 1824/1824
f 1826/1826 1827/1827 1828/1828
f 1829/1829 1826/1826 1828/1828
f 1830/1830 1829/1829 1828/1828
f 1831/1831 1830/1830 1828/1828
f 1832/1832 1831/1831 1828/1828
f 1833/1833 1832/1832 1828/1828
f 1834/1834 1833/1833 1828/1828
f 1835/1835 1834/1834 1828/1828
f 1836/1836 1835/1835 1828/1828
f 1837/1837 1836/1836 1828/1828
f 1838/1838 1837/1837 1828/1828
f 1839/1839 1838/1838 1828/1828
f 1840/1840 1839/1839 1828/1828
f 1841/1841 1840/1840 1828/1828
f 1842/1842 1841/1841 1828/1828
f 1843/1843 1842/1842 1828/1828
f 1844/1844 1843/1843 1828/1828
f 1845/1845 1844/1844 1828/1828
f 1846/1846 1845/1845 1828/1828
f 1847/1847 1846/1846 1828/1828
f 1848/1848 1847/1847 1828/1828
f 1849/1849 1848/1848 1828/1828
f 1850/1850 1849/1849 1828/1828
f 1851/1851 1850/1850 1828/1828
f 1852/1852 1851/1851 1828/1828
f 1853/1853 1852/1852 1828/1828
f 1854/1854 1853/1853 1828/1828
f 1855/1855 1854/1854 1828/1828
f 1856/1856 1855/1855 1828/1828
f 1857/1857 1856/1856 1828/1828
f 1858/1858 1859/1859 1860/1860
f 1861/1861 1858/1858 1860/1860
f 1862/1862 1861/1861 1860/1860
f 1863/1863 1862/1862 1860/1860
f 1864/1864 1863/1863 1860/1860
f 1865/1865 1864/1864 1860/1860
f 1866/1866 1865/1865 1860/1860
f 1867/1867 1866/1866 1860/1860
f 1868/1868 1867/1867 1860/1860
f 1869/1869 1868/1868 1860/1860
f 1870/1870 1869/1869 1860/1860
f 1871/1871 1870/1870 1860/1860
f 1872/1872 1871/1871 1860/1860
f 1873/1873 1872/1872 1860/1860
f 1874/1874 1873/1873 1860/1860
f 1875/1875 1874/1874 1860/1860
f 1876/1876 1875/1875 1860/1860
f 1877/1877 1876/1876 1860/1860
f 1878/1878 1877/1877 1860/1860
f 1879/1879 1878/1878 1860/1860
f 1880/1880 1879/1879 1860/1860
f 1881/1881 1880/1880 1860/1860
f 1882/1882 1881/1881 1860/1860
f 1883/1883 1882/1882 1860/1860
f 1884/1884 1883/1883 1860/1860
f 1885/1885 1884/1884 1860/1860
f 1886/1886 1885/1885 1860/1860
f 1887/1887 1886/1886 1860/1860
f 1888/1888 1887/1887 1860/1860
f 1889/1889 1888/1888 1860/1860
f 1890/1890 1891/1891 1892/1892
f 1893/1893 1890/1890 1892/1892
f 1894/1894 1895/1895 1896/1896
f 1897/1897 1894/1894 1896/1896
f 1898/1898 1899/1899 1900/1900
f 1901/1901 1898/1898 1900/1900
f 1902/1902 1903/1903 1904/1904
f 1905/1905 1902/1902 1904/1904
f 1906/1906 1907/1907 1908/1908
f 1909/1909 1906/1906 1908/1908
f 1910/1910 1911/1911 1912/1912
f 1913/1913 1910/1910 1912/1912
f 1914/1914 1915/1915 1916/1916
f 1917/1917 1914/1914 1916/1916
f 1918/1918 1919/1919 1920/1920
f 1921/1921 1918/1918 1920/1920
f 1922/1922 1923/1923 1924/1924
f 1925/1925 1922/1922 1924/1924
f 1926/1926 1927/1927 1928/1928
f 1929/1929 1926/1926 1928/1928
f 1930/1930 1931/1931 1932/1932
f 1933/1933 1930/1930 1932/1932
f 1934/1934 1935/1935 1936/1936
f 1937/1937 1934/1934 1936/1936
f 1938/1938 1939/1939 1940/1940
f 1941/1941 1938/1938 1940/1940
f 1942/1942 1943/1943 1944/1944
f 1945/1945 1942/1942 1944/1944
f 1946/1946 1947/1947 1948/1948
f 1949/1949 1946/1946 1948/1948
f 1950/1950 1951/1951 1952/1952
f 1953/1953 1950/1950 1952/1952
f 1954/1954 1955/1955 1956/1956
f 1957/1957 1954/1954 1956/1956
f 1958/1958 1959/1959 1960/1960
f 1961/1961 1958/1958 1960/1960
f 1962/1962 1963/1963 1964/1964
f 1965/1965 1962/1962 1964/1964
f 1966/1966 1967/1967 1968/1968
f 1969/1969 1966/1966 1968/1968
f 1970/1970 1971/1971 1972/1972
f 1973/1973 1970/1970 1972/1972
f 1974/1974 1975/1975 1976/1976
f 1977/1977 1974/1974 1976/1976
f 1978/1978 1979/1979 1980/1980
f 1981/1981 1978/1978 1980/1980
f 1982/1982 1983/1983 1984/1984
f 1985/1985 1982/1982 1984/1984
f 1986/1986 1987/1987 1988/1988
f 1989/1989 1986/1986 1988/1988
f 1990/1990 1991/1991 1992/1992
f 1993/1993 1990/1990 1992/1992
f 1994/1994 1995/1995 1996/1996
f 1997/1997 1994/1994 1996/1996
f 1998/1998 1999/1999 2000/2000
f 2001/2001 1998/1998 2000/2000
f 2002/2002 2003/2003 2004/2004
f 2005/2005 2002/2002 2004/2004
f 2006/2006 2007/2007 2008/2008
f 2009/2009 2006/2006 2008/2008
f 2010/2010 2011/2011 2012/2012
f 2013/2013 2010/2010 2012/2012
f 2014/2014 2015/2015 2016/2016
f 2017/2017 2014/2014 2016/2016
f 2018/2018 2019/2019 2020/2020
f 2021/2021 2018/2018 2020/2020
f 2022/2022 2021/2021 2020/2020
f 2023/2023 2022/2022 2020/2020
f 2024/2024 2023/2023 2020/2020
f 2025/2025 2024/2024 2020/2020
f 2026/2026 2025/2025 2020/2020
f 2027/2027 2026/2026 2020/2020
f 2028/2028 2027/2027 2020/2020
f 2029/2029 2028/2028 2020/2020
f 2030/2030 2029/2029 2020/2020
f 2031/2031 2030/2030 2020/2020
f 2032/2032 2031/2031 2020/2020
f 2033/2033 2032/2032 2020/2020
f 2034/2034 2033/2033 2020/2020
f 2035/2035 2034/2034 2020/2020
f 2036/2036 2035/2035 2020/2020
f 2037/2037 2036/2036 2020/2020
f 2038/2038 2037/2037 2020/2020
f 2039/2039 2038/2038 2020/2020
f 2040/2040 2039/2039 2020/2020
f 2041/2041 2040/2040 2020/2020
f 2042/2042 2041/2041 2020/2020
f 2043/2043 2042/2042 2020/2020
f 2044/2044 2043/2043 2020/2020
f 2045/2045 2044/2044 2020/2020
f 2046/2046 2045/2045 2020/2020
f 2047/2047 2046/2046 2020/2020
f 2048/2048 2047/2047 2020/2020
f 2049/2049 2048/2048 2020/2020
f 2050/2050 2051/2051 2052/2052
f 2053/2053 2050/2050 2052/2052
f 2054/2054 2053/2053 2052/2052
f 2055/2055 2054/2054 2052/2052
f 2056/2056 2055/2055 2052/2052
f 2057/2057 2056/2056 2052/2052
f 2058/2058 2057/2057 2052/2052
f 2059/2059 2058/2058 2052/2052
f 2060/2060 2059/2059 2052/2052
f 2061/2061 2060/2060 2052/2052
f 2062/2062 2061/2061 2052/2052
f 2063/2063 2062/2062 2052/2052
f 2064/2064 2063/2063 2052/2052
f 2065/2065 2064/2064 2052/2052
f 2066/2066 2065/2065 2052/2052
f 2067/2067 2066/2066 2052/2052
f 2068/2068 2067/2067 2052/2052
f 2069/2069 2068/2068 2052/2052
f 2070/2070 2069/2069 2052/2052
f 2071/2071 2070/2070 2052/2052
f 2072/2072 2071/2071 2052/2052
f 2073/2073 2072/2072 2052/2052
f 2074/2074 2073/2073 2052/2052
f 2075/2075 2074/2074 2052/2052
f 2076/2076 2075/2075 2052/2052
f 2077/2077 2076/2076 2052/2052
f 2078/2078 2077/2077 2052/2052
f 2079/2079 2078/2078 2052/2052
f 2080/2080 2079/2079 2052/2052
f 2081/2081 2080/2080 2052/2052
f 2082/2082 2083/2083 2084/2084
f 2085/2085 2082/2082 2084/2084
f 2086/2086 2087/2087 2088/2088
f 2089/2089 2086/2086 2088/2088
f 2090/2090 2091/2091 2092/2092
f 2093/2093 2090/2090 2092/2092
f 2094/2094 2095/2095 2096/2096
f 2097/2097 2094/2094 2096/2096
f 2098/2098 2099/2099 2100/2100
f 2101/2101 2098/2098 2100/2100
f 2102/2102 2103/2103 2104/2104
f 2105/2105 2102/2102 2104/2104
f 2106/2106 2107/2107 2108/2108
f 2109/2109 2106/2106 2108/2108
f 2110/2110 2111/2111 2112/2112
f 2113/2113 2110/2110 2112/2112
f 2114/2114 2115/2115 2116/2116
f 2117/2117 2114/2114 2116/2116
f 2118/2118 2119/2119 2120/2120
f 2121/2121 2118/2118 2120/2120
f 2122/2122 2123/2123 2124/2124
f 2125/2125 2122/2122 2124/2124
f 2126/2126 2127/2127 2128/2128
f 2129/2129 2126/2126 2128/2128
f 2130/2130 2131/2131 2132/2132
f 2133/2133 2130/2130 2132/2132
f 2134/2134 2135/2135 2136/2136
f 2137/2137 2134/2134 2136/2136
f 2138/2138 2139/2139 2140/2140
f 2141/2141 2138/2138 2140/2140
f 2142/2142 2143/2143 2144/2144
f 2145/2145 2142/2142 2144/2144
f 2146/2146 2147/2147 2148/2148
f 2149/2149 2146/2146 2148/2148
f 2150/2150 2151/2151 2152/2152
f 2153/2153 2150/2150 2152/2152
f 2154/2154 2155/2155 2156/2156
f 2157/2157 2154/2154 2156/2156
f 2158/2158 2159/2159 2160/2160
f 2161/2161 2158/2158 2160/2160
f 2162/2162 2163/2163 2164/2164
f 2165/2165 2162/2162 2164/2164
f 2166/2166 2167/2167 2168/2168
f 2169/2169 2166/2166 2168/2168
f 2170/2170 2171/2171 2172/2172
f 2173/2173 2170/2170 2172/2172
f 2174/2174 2175/2175 2176/2176
f 2177/2177 2174/2174 2176/2176
f 2178/2178 2179/2179 2180/2180
f 2181/2181 2178/2178 2180/2180
f 2182/2182 2183/2183 2184/2184
f 2185/2185 2182/2182 2184/2184
f 2186/2186 2187/2187 2188/2188
f 2189/2189 2186/2186 2188/2188
f 2190/2190 2191/2191 2192/2192
f 2193/2193 2190/2190 2192/2192
f 2194/2194 2195/2195 2196/2196
f 2197/2197 2194/2194 2196/2196
f 2198/2198 2199/2199 2200/2200
f 2201/2201 2198/2198 2200/2200
f 2202/2202 2203/2203 2204/2204
f 2205/2205 2202/2202 2204/2204
f 2206/2206 2207/2207 2208/2208
f 2209/2209 2206/2206 2208/2208
f 2210/2210 2211/2211 2212/2212
f 2213/2213 2210/2210 2212/2212
f 2214/2214 2213/2213 2212/2212
f 2215/2215 2214/2214 2212/2212
f 2216/2216 2215/2215 2212/2212
f 2217/2217 2216/2216 2212/2212
f 2218/2218 2217/2217 2212/2212
f 2219/2219 2218/2218 2212/2212
f 2220/2220 2219/2219 2212/2212
f 2221/2221 2220/2220 2212/2212
f 2222/2222 2221/2221 2212/2212
f 2223/2223 2222/2222 2212/2212
f 2224/2224 2223/2223 2212/2212
f 2225/2225 2224/2224 2212/2212
f 2226/2226 2225/2225 2212/2212
f 2227/2227 2226/2226 2212/2212
f 2228/2228 2227/2227 2212/2212
f 2229/2229 2228/2228 2212/2212
f 2230/2230 2229/2229 2212/2212
f 2231/2231 2230/2230 2212/2212
f 2232/2232 2231/2231 2212/2212
f 2233/2233 2232/2232 2212/2212
f 2234/2234 2233/2233 2212/2212
f 2235/2235 2234/2234 2212/2212
f 2236/2236 2235/2235 2212/2212
f 2237/2237 2236/2236 2212/2212
f 2238/2238 2237/2237 2212/2212
f 2239/2239 2238/2238 2212/2212
f 2240/2240 2239/2239 2212/2212
f 2241/2241 2240/2240 2212/2212
f 2242/2242 2243/2243 2244/2244
f 2245/2245 2242/2242 2244/2244
f 2246/2246 2245/2245 2244/2244
f 2247/2247 2246/2246 2244/2244
f 2248/2248 2247/2247 2244/2244
f 2249/2249 2248/2248 2244/2244
f 2250/2250 2249/2249 2244/2244
f 2251/2251 2250/2250 2244/2244
f 2252/2252 2251/2251 2244/2244
f 2253/2253 2252/2252 2244/2244
f 2254/2254 2253/2253 2244/2244
f 2255/2255 2254/2254 2244/2244
f 2256/2256 2255/2255 2244/2244
f 2257/2257 2256/2256 2244/2244
f 2258/2258 2257/2257 2244/2244
f 2259/2259 2258/2258 2244/2244
f 2260/2260 2259/2259 2244/2244
f 2261/2261 2260/2260 2244/2244
f 2262/2262 2261/2261 2244/2244
f 2263/2263 2262/2262 2244/2244
f 2264/2264 2263/2263 2244/2244
f 2265/2265 2264/2264 2244/2244
f 2266/2266 2265/2265 2244/2244
f 2267/2267 2266/2266 2244/2244
f 2268/2268 2267/2267 2244/2244
f 2269/2269 2268/2268 2244/2244
f 2270/2270 2269/2269 2244/2244
f 2271/2271 2270/2270 2244/2244
f 2272/2272 2271/2271 2244/2244
f 2273/2273 2272/2272 2244/2244
f 2274/2274 2275/2275 2276/2276
f 2277/2277 2274/2274 2276/2276
f 2278/2278 2279/2279 2280/2280
f 2281/2281 2278/2278 2280/2280
f 2282/2282 2283/2283 2284/2284
f 2285/2285 2282/2282 2284/2284
f 2286/2286 2287/2287 2288/2288
f 2289/2289 2286/2286 2288/2288
f 2290/2290 2291/2291 2292/2292
f 2293/2293 2290/2290 2292/2292
f 2294/2294 2295/2295 2296/2296
f 2297/2297 2294/2294 2296/2296
f 2298/2298 2299/2299 2300/2300
f 2301/2301 2298/2298 2300/2300
f 2302/2302 2303/2303 2304/2304
f 2305/2305 2302/2302 2304/2304
f 2306/2306 2307/2307 2308/2308
f 2309/2309 2306/2306 2308/2308
f 2310/2310 2311/2311 2312/2312
f 2313/2313 2310/2310 2312/2312
f 2314/2314 2315/2315 2316/2316
f 2317/2317 2314/2314 2316/2316
f 2318/2318 2319/2319 2320/2320
f 2321/2321 2318/2318 2320/2320
f 2322/2322 2323/2323 2324/2324
f 2325/2325 2322/2322 2324/2324
f 2326/2326 2327/2327 2328/2328
f 2329/2329 2326/2326 2328/2328
f 2330/2330 2331/2331 2332/2332
f 2333/2333 2330/2330 2332/2332
f 2334/2334 2335/2335 2336/2336
f 2337/2337 2334/2334 2336/2336
f 2338/2338 2339/2339 2340/2340
f 2341/2341 2338/2338 2340/2340
f 2342/2342 2343/2343 2344/2344
f 2345/2345 2342/2342 2344/2344
f 2346/2346 2347/2347 2348/2348
f 2349/2349 2346/2346 2348/2348
f 2350/2350 2351/2351 2352/2352
f 2353/2353 2350/2350 2352/2352
f 2354/2354 2355/2355 2356/2356
f 2357/2357 2354/2354 2356/2356
f 2358/2358 2359/2359 2360/2360
f 2361/2361 2358/2358 2360/2360
f 2362/2362 2363/2363 2364/2364
f 2365/2365 2362/2362 2364/2364
f 2366/2366 2367/2367 2368/2368
f 2369/2369 2366/2366 2368/2368
f 2370/2370 2371/2371 2372/2372
f 2373/2373 2370/2370 2372/2372
f 2374/2374 2375/2375 2376/2376
f 2377/2377 2374/2374 2376/2376
f 2378/2378 2379/2379 2380/2380
f 2381/2381 2378/2378 2380/2380
f 2382/2382 2383/2383 2384/2384
f 2385/2385 2382/2382 2384/2384
f 2386/2386 2387/2387 2388/2388
f 2389/2389 2386/2386 2388/2388
f 2390/2390 2391/2391 2392/2392
f 2393/2393 2390/2390 2392/2392
f 2394/2394 2395/2395 2396/2396
f 2397/2397 2394/2394 2396/2396
f 2398/2398 2399/2399 2400/2400
f 2401/2401 2398/2398 2400/2400
f 2402/2402 2403/2403 2404/2404
f 2405/2405 2402/2402 2404/2404
f 2406/2406 2405/2405 2404/2404
f 2407/2407 2406/2406 2404/2404
f 2408/2408 2407/2407 2404/2404
f 2409/2409 2408/2408 2404/2404
f 2410/2410 2409/2409 2404/2404
f 2411/2411 2410/2410 2404/2404
f 2412/2412 2411/2411 2404/2404
f 2413/2413 2412/2412 2404/2404
f 2414/2414 2413/2413 2404/2404
f 2415/2415 2414/2414 2404/2404
f 2416/2416 2415/2415 2404/2404
f 2417/2417 2416/2416 2404/2404
f 2418/2418 2417/2417 2404/2404
f 2419/2419 2418/2418 2404/2404
f 2420/2420 2419/2419 2404/2404
f 2421/2421 2420/2420 2404/2404
f 2422/2422 2421/2421 2404/2404
f 2423/2423 2422/2422 2404/2404
f 2424/2424 2423/2423 2404/2404
f 2425/2425 2424/2424 2404/2404
f 2426/2426 2425/2425 2404/2404
f 2427/2427 2426/2426 2404/2404
f 2428/2428 2427/2427 2404/2404
f 2429/2429 2428/2428 2404/2404
f 2430/2430 2429/2429 2404/2404
f 2431/2431 2430/2430 2404/2404
f 2432/2432 2431/2431 2404/2404
f 2433/2433 2432/2432 2404/2404
f 2434/2434 2435/2435 2436/2436
f 2437/2437 2434/2434 2436/2436
f 2438/2438 2439/2439 2440/2440
f 2441/2441 2438/2438 2440/2440
f 2442/2442 2443/2443 2444/2444
f 2445/2445 2442/2442 2444/2444
f 2446/2446 2447/2447 2448/2448
f 2449/2449 2446/2446 2448/2448
f 2450/2450 2451/2451 2452/2452
f 2453/2453 2450/2450 2452/2452
f 2454/2454 2455/2455 2456/2456
f 2457/2457 2454/2454 2456/2456
f 2458/2458 2459/2459 2460/2460
f 2461/2461 2458/2458 2460/2460
f 2462/2462 2463/2463 2464/2464
f 2465/2465 2462/2462 2464/2464
f 2466/2466 2467/2467 2468/2468
f 2469/2469 2466/2466 2468/2468
f 2470/2470 2471/2471 2472/2472
f 2473/2473 2470/2470 2472/2472
f 2474/2474 2475/2475 2476/2476
f 2477/2477 2474/2474 2476/2476
f 2478/2478 2479/2479 2480/2480
f 2481/2481 2478/2478 2480/2480
f 2482/2482 2483/2483 2484/2484
f 2485/2485 2482/2482 2484/2484
f 2486/2486 2487/2487 2488/2488
f 2489/2489 2486/2486 2488/2488
f 2490/2490 2491/2491 2492/2492
f 2493/2493 2490/2490 2492/2492
f 2494/2494 2495/2495 2496/2496
f 2497/2497 2494/2494 2496/2496
f 2498/2498 2499/2499 2500/2500
f 2501/2501 2498/2498 2500/2500
f 2502/2502 2503/2503 2504/2504
f 2505/2505 2502/2502 2504/2504
f 2506/2506 2507/2507 2508/2508
f 2509/2509 2506/2506 2508/2508
f 2510/2510 2511/2511 2512/2512
f 2513/2513 2510/2510 2512/2512
f 2514/2514 2515/2515 2516/2516
f 2517/2517 2514/2514 2516/2516
f 2518/2518 2519/2519 2520/2520
f 2521/2521 2518/2518 2520/2520
f 2522/2522 2523/2523 2524/2524
f 2525/2525 2522/2522 2524/2524
f 2526/2526 2527/2527 2528/2528
f 2529/2529 2526/2526 2528/2528
f 2530/2530 2531/2531 2532/2532
f 2533/2533 2530/2530 2532/2532
f 2534/2534 2535/2535 2536/2536
f 2537/2537 2534/2534 2536/2536
f 2538/2538 2539/2539 2540/2540
f 2541/2541 2538/2538 2540/2540
f 2542/2542 2543/2543 2544/2544
f 2545/2545 2542/2542 2544/2544
f 2546/2546 2547/2547 2548/2548
f 2549/2549 2546/2546 2548/2548
f 2550/2550 2551/2551 2552/2552
f 2553/2553 2550/2550 2552/2552
f 2554/2554 2555/2555 2556/2556
f 2557/2557 2554/2554 2556/2556
f 2558/2558 2559/2559 2560/2560
f 2561/2561 2558/2558 2560/2560
f 2562/2562 2563/2563 2564/2564
f 2565/2565 2562/2562 2564/2564
f 2566/2566 2565/2565 2564/2564
f 2567/2567 2566/2566 2564/2564
f 2568/2568 2567/2567 2564/2564
f 2569/2569 2568/2568 2564/2564
f 2570/2570 2569/2569 2564/2564
f 2571/2571 2570/2570 2564/2564
f 2572/2572 2571/2571 2564/2564
f 2573/2573 2572/2572 2564/2564
f 2574/2574 2573/2573 2564/2564
f 2575/2575 2574/2574 2564/2564
f 2576/2576 2575/2575 2564/2564
f 2577/2577 2576/2576 2564/2564
f 2578/2578 2577/2577 2564/2564
f 2579/2579 2578/2578 2564/2564
f 2580/2580 2579/2579 2564/2564
f 2581/2581 2580/2580 2564/2564
f 2582/2582 2581/2581 2564/2564
f 2583/2583 2582/2582 2564/2564
f 2584/2584 2583/2583 2564/2564
f 2585/2585 2584/2584 2564/2564
f 2586/2586 2585/2585 2564/2564
f 2587/2587 2586/2586 2564/2564
f 2588/2588 2587/2587 2564/2564
f 2589/2589 2588/2588 2564/2564
f 2590/2590 2589/2589 2564/2564
f 2591/2591 2590/2590 2564/2564
f 2592/2592 2591/2591 2564/2564
f 2593/2593 2592/2592 2564/2564
f 2594/2594 2595/2595 2596/2596
f 2597/2597 2594/2594 2596/2596
f 2598/2598 2597/2597 2596/2596
f 2599/2599 2598/2598 2596/2596
f 2600/2600 2599/2599 2596/2596
f 2601/2601 2600/2600 2596/2596
f 2602/2602 2601/2601 2596/2596
f 2603/2603 2602/2602 2596/2596
f 2604/2604 2603/2603 2596/2596
f 2605/2605 2604/2604 2596/2596
f 2606/2606 2605/2605 2596/2596
f 2607/2607 2606/2606 2596/2596
f 2608/2608 2607/2607 2596/2596
f 2609/2609 2608/2608 2596/2596
f 2610/2610 2609/2609 2596/2596
f 2611/2611 2610/2610 2596/2596
f 2612/2612 2611/2611 2596/2596
f 2613/2613 2612/2612 2596/2596
f 2614/2614 2613/2613 2596/2596
f 2615/2615 2614/2614 2596/2596
f 2616/2616 2615/2615 2596/2596
f 2617/2617 2616/2616 2596/2596
f 2618/2618 2617/2617 2596/2596
f 2619/2619 2618/2618 2596/2596
f 2620/2620 2619/2619 2596/2596
f 2621/2621 2620/2620 2596/2596
f 2622/2622 2621/2621 2596/2596
f 2623/2623 2622/2622 2596/2596
f 2624/2624 2623/2623 2596/2596
f 2625/2625 2624/2624 2596/2596
f 2626/2626 2627/2627 2628/2628
f 2629/2629 2626/2626 2628/2628
f 2630/2630 2631/2631 2632/2632
f 2633/2633 2630/2630 2632/2632
f 2634/2634 2635/2635 2636/2636
f 2637/2637 2634/2634 2636/2636
f 2638/2638 2639/2639 2640/2640
f 2641/2641 2638/2638 2640/2640
f 2642/2642 2643/2643 2644/2644
f 2645/2645 2642/2642 2644/2644
f 2646/2646 2647/2647 2648/2648
f 2649/2649 2646/2646 2648/2648
f 2650/2650 2651/2651 2652/2652
f 2653/2653 2650/2650 2652/2652
f 2654/2654 2655/2655 2656/2656
f 2657/2657 2654/2654 2656/2656
f 2658/2658 2659/2659 2660/2660
f 2661/2661 2658/2658 2660/2660
f 2662/2662 2663/2663 2664/2664
f 2665/2665 2662/2662 2664/2664
f 2666/2666 2667/2667 2668/2668
f 2669/2669 2666/2666 2668/2668
f 2670/2670 2671/2671 2672/2672
f 2673/2673 2670/2670 2672/2672
f 2674/2674 2675/2675 2676/2676
f 2677/2677 2674/2674 2676/2676
f 2678/2678 2679/2679 2680/2680
f 2681/2681 2678/2678 2680/2680
f 2682/2682 2683/2683 2684/2684
f 2685/2685 2682/2682 2684/2684
f 2686/2686 2687/2687 2688/2688
f 2689/2689 2686/2686 2688/2688
f 2690/2690 2691/2691 2692/2692
f 2693/2693 2690/2690 2692/2692
f 2694/2694 2695/2695 2696/2696
f 2697/2697 2694/2694 2696/2696
f 2698/2698 2699/2699 2700/2700
f 2701/2701 2698/2698 2700/2700
f 2702/2702 2703/2703 2704/2704
f 2705/2705 2702/2702 2704/2704
f 2706/2706 2707/2707 2708/2708
f 2709/2709 2706/2706 2708/2708
f 2710/2710 2711/2711 2712/2712
f 2713/2713 2710/2710 2712/2712
f 2714/2714 2715/2715 2716/2716
f 2717/2717 2714/2714 2716/2716
f 2718/2718 2719/2719 2720/2720
f 2721/2721 2718/2718 2720/2720
f 2722/2722 2723/2723 2724/2724
f 2725/2725 2722/2722 2724/2724
f 2726/2726 2727/2727 2728/2728
f 2729/2729 2726/2726 2728/2728
f 2730/2730 2731/2731 2732/2732
f 2733/2733 2730/2730 2732/2732
f 2734/2734 2735/2735 2736/2736
f 2737/2737 2734/2734 2736/2736
f 2738/2738 2739/2739 2740/2740
f 2741/2741 2738/2738 2740/2740
f 2742/2742 2743/2743 2744/2744
f 2745/2745 2742/2742 2744/2744
f 2746/2746 2747/2747 2748/2748
f 2749/2749 2746/2746 2748/2748
f 2750/2750 2751/2751 2752/2752
f 2753/2753 2750/2750 2752/2752
f 2754/2754 2755/2755 2756/2756
f 2757/2757 2754/2754 2756/2756
f 2758/2758 2757/2757 2756/2756
f 2759/2759 2758/2758 2756/2756
f 2760/2760 2759/2759 2756/2756
f 2761/2761 2760/2760 2756/2756
f 2762/2762 2761/2761 2756/2756
f 2763/2763 2762/2762 2756/2756
f 2764/2764 2763/2763 2756/2756
f 2765/2765 2764/2764 2756/2756
f 2766/2766 2765/2765 2756/2756
f 2767/2767 2766/2766 2756/2756
f 2768/2768 2767/2767 2756/2756
f 2769/2769 2768/2768 2756/2756
f 2770/2770 2769/2769 2756/2756
f 2771/2771 2770/2770 2756/2756
f 2772/2772 2771/2771 2756/2756
f 2773/2773 2772/2772 2756/2756
f 2774/2774 2773/2773 2756/2756
f 2775/2775 2774/2774 2756/2756
f 2776/2776 2775/2775 2756/2756
f 2777/2777 2776/2776 2756/2756
f 2778/2778 2777/2777 2756/2756
f 2779/2779 2778/2778 2756/2756
f 2780/2780 2779/2779 2756/2756
f 2781/2781 2780/2780 2756/2756
f 2782/2782 2781/2781 2756/2756
f 2783/2783 2782/2782 2756/2756
f 2784/2784 2783/2783 2756/2756
f 2785/2785 2784/2784 2756/2756
f 2786/2786 2787/2787 2788/2788
f 2789/2789 2786/2786 2788/2788
f 2790/2790 2789/2789 2788/2788
f 2791/2791 2790/2790 2788/2788
f 2792/2792 2791/2791 2788/2788
f 2793/2793 2792/2792 2788/2788
f 2794/2794 2793/2793 2788/2788
f 2795/2795 2794/2794 2788/2788
f 2796/2796 2795/2795 2788/2788
f 2797/2797 2796/2796 2788/2788
f 2798/2798 2797/2797 2788/2788
f 2799/2799 2798/2798 2788/2788
f 2800/2800 2799/2799 2788/2788
f 2801/2801 2800/2800 2788/2788
f 2802/2802 2801/2801 2788/2788
f 2803/2803 2802/2802 2788/2788
f 2804/2804 2803/2803 2788/2788
f 2805/2805 2804/2804 2788/2788
f 2806/2806 2805/2805 2788/2788
f 2807/2807 2806/2806 2788/2788
f 2808/2808 2807/2807 2788/2788
f 2809/2809 2808/2808 2788/2788
f 2810/2810 2809/2809 2788/2788
f 2811/2811 2810/2810 2788/2788
f 2812/2812 2811/2811 2788/2788
f 2813/2813 2812/2812 2788/2788
f 2814/2814 2813/2813 2788/2788
f 2815/2815 2814/2814 2788/2788
f 2816/2816 2815/2815 2788/2788
f 2817/2817 2816/2816 2788/2788
f 2818/2818 2819/2819 2820/2820
f 2821/2821 2818/2818 2820/2820
f 2822/2822 2823/2823 2824/2824
f 2825/2825 2822/2822 2824/2824
f 2826/2826 2827/2827 2828/2828
f 2829/2829 2826/2826 2828/2828
f 2830/2830 2831/2831 2832/2832
f 2833/2833 2830/2830 2832/2832
f 2834/2834 2835/2835 2836/2836
f 2837/2837 2834/2834 2836/2836
f 2838/2838 2839/2839 2840/2840
f 2841/2841 2838/2838 2840/2840
f 2842/2842 2843/2843 2844/2844
f 2845/2845 2842/2842 2844/2844
f 2846/2846 2847/2847 2848/2848
f 2849/2849 2846/2846 2848/2848
f 2850/2850 2851/2851 2852/2852
f 2853/2853 2850/2850 2852/2852
f 2854/2854 2855/2855 2856/2856
f 2857/2857 2854/2854 2856/2856
f 2858/2858 2859/2859 2860/2860
f 2861/2861 2858/2858 2860/2860
f 2862/2862 2863/2863 2864/2864
f 2865/2865 2862/2862 2864/2864
f 2866/2866 2867/2867 2868/2868
f 2869/2869 2866/2866 2868/2868
f 2870/2870 2871/2871 2872/2872
f 2873/2873 2870/2870 2872/2872
f 2874/2874 2875/2875 2876/2876
f 2877/2877 2874/2874 2876/2876
f 2878/2878 2879/2879 2880/2880
f 2881/2881 2878/2878 2880/2880
f 2882/2882 2883/2883 2884/2884
f 2885/2885 2882/2882 2884/2884
f 2886/2886 2887/2887 2888/2888
f 2889/2889 2886/2886 2888/2888
f 2890/2890 2891/2891 2892/2892
f 2893/2893 2890/2890 2892/2892
f 2894/2894 2895/2895 2896/2896
f 2897/2897 2894/2894 2896/2896
f 2898/2898 2899/2899 2900/2900
f 2901/2901 2898/2898 2900/2900
f 2902/2902 2903/2903 2904/2904
f 2905/2905 2902/2902 2904/2904
f 2906/2906 2907/2907 2908/2908
f 2909/2909 2906/2906 2908/2908
f 2910/2910 2911/2911 2912/2912
f 2913/2913 2910/2910 2912/2912
f 2914/2914 2915/2915 2916/2916
f 2917/2917 2914/2914 2916/2916
f 2918/2918 2919/2919 2920/2920
f 2921/2921 2918/2918 2920/2920
f 2922/2922 2923/2923 2924/2924
f 2925/2925 2922/2922 2924/2924
f 2926/2926 2927/2927 2928/2928
f 2929/2929 2926/2926 2928/2928
f 2930/2930 2931/2931 2932/2932
f 2933/2933 2930/2930 2932/2932
f 2934/2934 2935/2935 2936/2936
f 2937/2937 2934/2934 2936/2936
f 2938/2938 2939/2939 2940/2940
f 2941/2941 2938/2938 2940/2940
f 2942/2942 2943/2943 2944/2944
f 2945/2945 2942/2942 2944/2944
f 2946/2946 2947/2947 2948/2948
f 2949/2949 2946/2946 2948/2948
f 2950/2950 2949/2949 2948/2948
f 2951/2951 2950/2950 2948/2948
f 2952/2952 2951/2951 2948/2948
f 2953/2953 2952/2952 2948/2948
f 2954/2954 2953/2953 2948/2948
f 2955/2955 2954/2954 2948/2948
f 2956/2956 2955/2955 2948/2948
f 2957/2957 2956/2956 2948/2948
f 2958/2958 2957/2957 2948/2948
f 2959/2959 2958/2958 2948/2948
f 2960/2960 2959/2959 2948/2948
f 2961/2961 2960/2960 2948/2948
f 2962/2962 2961/2961 2948/2948
f 2963/2963 2962/2962 2948/2948
f 2964/2964 2963/2963 2948/2948
f 2965/2965 2964/2964 2948/2948
f 2966/2966 2965/2965 2948/2948
f 2967/2967 2966/2966 2948/2948
f 2968/2968 2967/2967 2948/2948
f 2969/2969 2968/2968 2948/2948
f 2970/2970 2969/2969 2948/2948
f 2971/2971 2970/2970 2948/2948
f 2972/2972 2971/2971 2948/2948
f 2973/2973 2972/2972 2948/2948
f 2974/2974 2973/2973 2948/2948
f 2975/2975 2974/2974 2948/2948
f 2976/2976 2975/2975 2948/2948
f 2977/2977 2976/2976 2948/2948
f 2978/2978 2979/2979 2980/2980
f 2981/2981 2978/2978 2980/2980
f 2982/2982 2981/2981 2980/2980
f 2983/2983 2982/2982 2980/2980
f 2984/2984 2983/2983 2980/2980
f 2985/2985 2984/2984 2980/2980
f 2986/2986 2985/2985 2980/2980
f 2987/2987 2986/2986 2980/2980
f 2988/2988 2987/2987 2980/2980
f 2989/2989 2988/2988 2980/2980
f 2990/2990 2989/2989 2980/2980
f 2991/2991 2990/2990 2980/2980
f 2992/2992 2991/2991 2980/2980
f 2993/2993 2992/2992 2980/2980
f 2994/2994 2993/2993 2980/2980
f 2995/2995 2994/2994 2980/2980
f 2996/2996 2995/2995 2980/2980
f 2997/2997 2996/2996 2980/2980
f 2998/2998 2997/2997 2980/2980
f 2999/2999 2998/2998 2980/2980
f 3000/3000 2999/2999 2980/2980
f 3001/3001 3000/3000 2980/2980
f 3002/3002 3001/3001 2980/2980
f 3003/3003 3002/3002 2980/2980
f 3004/3004 3003/3003 2980/2980
f 3005/3005 3004/3004 2980/2980
f 3006/3006 3005/3005 2980/2980
f 3007/3007 3006/3006 2980/2980
f 3008/3008 3007/3007 2980/2980
f 3009/3009 3008/3008 2980/2980
f 3010/3010 3011/3011 3012/3012
f 3013/3013 3010/3010 3012/3012
f 3014/3014 3013/3013 3012/3012
f 3015/3015 3014/3014 3012/3012
f 3016/3016 3015/3015 3012/3012
f 3017/3017 3016/3016 3012/3012
f 3018/3018 3017/3017 3012/3012
f 3019/3019 3018/3018 3012/3012
f 3020/3020 3019/3019 3012/3012
f 3021/3021 3020/3020 3012/3012
f 3022/3022 3021/3021 3012/3012
f 3023/3023 3022/3022 3012/3012
f 3024/3024 3023/3023 3012/3012
f 3025/3025 3024/3024 3012/3012
f 3026/3026 3025/3025 3012/3012
f 3027/3027 3026/3026 3012/3012
f 3028/3028 3027/3027 3012/3012
f 3029/3029 3028/3028 3012/3012
f 3030/3030 3029/3029 3012/3012
f 3031/3031 3030/3030 3012/3012
f 3032/3032 3031/3031 3012/3012
f 3033/3033 3032/3032 3012/3012
f 3034/3034 3033/3033 3012/3012
f 3035/3035 3034/3034 3012/3012
f 3036/3036 3035/3035 3012/3012
f 3037/3037 3036/3036 3012/3012
f 3038/3038 3037/3037 3012/3012
f 3039/3039 3038/3038 3012/3012
f 3040/3040 3039/3039 3012/3012
f 3041/3041 3040/3040 3012/3012
f 3042/3042 3043/3043 3044/3044
f 3045/3045 3042/3042 3044/3044
f 3046/3046 3047/3047 3048/3048
f 3049/3049 3046/3046 3048/3048
f 3050/3050 3051/3051 3052/3052
f 3053/3053 3050/3050 3052/3052
f 3054/3054 3055/3055 3056/3056
f 3057/3057 3054/3054 3056/3056
f 3058/3058 3059/3059 3060/3060
f 3061/3061 3058/3058 3060/3060
f 3062/3062 3063/3063 3064/3064
f 3065/3065 3062/3062 3064/3064
f 3066/3066 3067/3067 3068/3068
f 3069/3069 3066/3066 3068/3068
f 3070/3070 3071/3071 3072/3072
f 3073/3073 3070/3070 3072/3072
f 3074/3074 3075/3075 3076/3076
f 3077/3077 3074/3074 3076/3076
f 3078/3078 3079/3079 3080/3080
f 3081/3081 3078/3078 3080/3080
f 3082/3082 3083/3083 3084/3084
f 3085/3085 3082/3082 3084/3084
f 3086/3086 3087/3087 3088/3088
f 3089/3089 3086/3086 3088/3088
f 3090/3090 3091/3091 3092/3092
f 3093/3093 3090/3090 3092/3092
f 3094/3094 3095/3095 3096/3096
f 3097/3097 3094/3094 3096/3096
f 3098/3098 3099/3099 3100/3100
f 3101/3101 3098/3098 3100/3100
f 3102/3102 3103/3103 3104/3104
f 3105/3105 3102/3102 3104/3104
f 3106/3106 3107/3107 3108/3108
f 3109/3109 3106/3106 3108/3108
f 3110/3110 3111/3111 3112/3112
f 3113/3113 3110/3110 3112/3112
f 3114/3114 3115/3115 3116/3116
f 3117/3117 3114/3114 3116/3116
f 3118/3118 3119/3119 3120/3120
f 3121/3121 3118/3118 3120/3120
f 3122/3122 3123/3123 3124/3124
f 3125/3125 3122/3122 3124/3124
f 3126/3126 3127/3127 3128/3128
f 3129/3129 3126/3126 3128/3128
f 3130/3130 3131/3131 3132/3132
f 3133/3133 3130/3130 3132/3132
f 3134/3134 3135/3135 3136/3136
f 3137/3137 3134/3134 3136/3136
f 3138/3138 3139/3139 3140/3140
f 3141/3141 3138/3138 3140/3140
f 3142/3142 3143/3143 3144/3144
f 3145/3145 3142/3142 3144/3144
f 3146/3146 3147/3147 3148/3148
f 3149/3149 3146/3146 3148/3148
f 3150/3150 3151/3151 3152/3152
f 3153/3153 3150/3150 3152/3152
f 3154/3154 3155/3155 3156/3156
f 3157/3157 3154/3154 3156/3156
f 3158/3158 3159/3159 3160/3160
f 3161/3161 3158/3158 3160/3160
f 3162/3162 3163/3163 3164/3164
f 3165/3165 3162/3162 3164/3164
f 3166/3166 3167/3167 3168/3168
f 3169/3169 3166/3166 3168/3168
f 3170/3170 3171/3171 3172/3172
f 3173/3173 3170/3170 3172/3172
f 3174/3174 3173/3173 3172/3172
f 3175/3175 3174/3174 3172/3172
f 3176/3176 3175/3175 3172/3172
f 3177/3177 3176/3176 3172/3172
f 3178/3178 3177/3177 3172/3172
f 3179/3179 3178/3178 3172/3172
f 3180/3180 3179/3179 3172/3172
f 3181/3181 3180/3180 3172/3172
f 3182/3182 3181/3181 3172/3172
f 3183/3183 3182/3182 3172/3172
f 3184/3184 3183/3183 3172/3172
f 3185/3185 3184/3184 3172/3172
f 3186/3186 3185/3185 3172/3172
f 3187/3187 3186/3186 3172/3172
f 3188/3188 3187/3187 3172/3172
f 3189/3189 3188/3188 3172/3172
f 3190/3190 3189/3189 3172/3172
f 3191/3191 3190/3190 3172/3172
f 3192/3192 3191/3191 3172/3172
f 3193/3193 3192/3192 3172/3172
f 3194/3194 3193/3193 3172/3172
f 3195/3195 3194/3194 3172/3172
f 3196/3196 3195/3195 3172/3172
f 3197/3197 3196/3196 3172/3172
f 3198/3198 3197/3197 3172/3172
f 3199/3199 3198/3198 3172/3172
f 3200/3200 3199/3199 3172/3172
f 3201/3201 3200/3200 3172/3172
f 3202/3202 3203/3203 3204/3204
f 3205/3205 3202/3202 3204/3204
f 3206/3206 3207/3207 3208/3208
f 3209/3209 3206/3206 3208/3208
f 3210/3210 3211/3211 3212/3212
f 3213/3213 3210/3210 3212/3212
f 3214/3214 3215/3215 3216/3216
f 3217/3217 3214/3214 3216/3216
f 3218/3218 3219/3219 3220/3220
f 3221/3221 3218/3218 3220/3220
f 3222/3222 3223/3223 3224/3224
f 3225/3225 3222/3222 3224/3224
f 3226/3226 3227/3227 3228/3228
f 3229/3229 3226/3226 3228/3228
f 3230/3230 3231/3231 3232/3232
f 3233/3233 3230/3230 3232/3232
f 3234/3234 3235/3235 3236/3236
f 3237/3237 3234/3234 3236/3236
f 3238/3238 3239/3239 3240/3240
f 3241/3241 3238/3238 3240/3240
f 3242/3242 3243/3243 3244/3244
f 3245/3245 3242/3242 3244/3244
f 3246/3246 3247/3247 3248/3248
f 3249/3249 3246/3246 3248/3248
f 3250/3250 3251/3251 3252/3252
f 3253/3253 3250/3250 3252/3252
f 3254/3254 3255/3255 3256/3256
f 3257/3257 3254/3254 3256/3256
f 3258/3258 3259/3259 3260/3260
f 3261/3261 3258/3258 3260/3260
f 3262/3262 3263/3263 3264/3264
f 3265/3265 3262/3262 3264/3264
f 3266/3266 3267/3267 3268/3268
f 3269/3269 3266/3266 3268/3268
f 3270/3270 3271/3271 3272/3272
f 3273/3273 3270/3270 3272/3272
f 3274/3274 3275/3275 3276/3276
f 3277/3277 3274/3274 3276/3276
f 3278/3278 3279/3279 3280/3280
f 3281/3281 3278/3278 3280/3280
f 3282/3282 3283/3283 3284/3284
f 3285/3285 3282/3282 3284/3284
f 3286/3286 3287/3287 3288/3288
f 3289/3289 3286/3286 3288/3288
f 3290/3290 3291/3291 3292/3292
f 3293/3293 3290/3290 3292/3292
f 3294/3294 3295/3295 3296/3296
f 3297/3297 3294/3294 3296/3296
f 3298/3298 3299/3299 3300/3300
f 3301/3301 3298/3298 3300/3300
f 3302/3302 3303/3303 3304/3304
f 3305/3305 3302/3302 3304/3304
f 3306/3306 3307/3307 3308/3308
f 3309/3309 3306/3306 3308/3308
f 3310/3310 3311/3311 3312/3312
f 3313/3313 3310/3310 3312/3312
f 3314/3314 3315/3315 3316/3316
f 3317/3317 3314/3314 3316/3316
f 3318/3318 3319/3319 3320/3320
f 3321/3321 3318/3318 3320/3320
f 3322/3322 3323/3323 3324/3324
f 3325/3325 3322/3322 3324/3324
f 3326/3326 3327/3327 3328/3328
f 3329/3329 3326/3326 3328/3328
f 3330/3330 3331/3331 3332/3332
f 3333/3333 3330/3330 3332/3332
f 3334/3334 3333/3333 3332/3332
f 3335/3335 3334/3334 3332/3332
f 3336/3336 3335/3335 3332/3332
f 3337/3337 3336/3336 3332/3332
f 3338/3338 3337/3337 3332/3332
f 3339/3339 3338/3338 3332/3332
f 3340/3340 3339/3339 3332/3332
f 3341/3341 3340/3340 3332/3332
f 3342/3342 3341/3341 3332/3332
f 3343/3343 3342/3342 3332/3332
f 3344/3344 3343/3343 3332/3332
f 3345/3345 3344/3344 3332/3332
f 3346/3346 3345/3345 3332/3332
f 3347/3347 3346/3346 3332/3332
f 3348/3348 3347/3347 3332/3332
f 3349/3349 3348/3348 3332/3332
f 3350/3350 3349/3349 3332/3332
f 3351/3351 3350/3350 3332/3332
f 3352/3352 3351/3351 3332/3332
f 3353/3353 3352/3352 3332/3332
f 3354/3354 3353/3353 3332/3332
f 3355/3355 3354/3354 3332/3332
f 3356/3356 3355/3355 3332/3332
f 3357/3357 3356/3356 3332/3332
f 3358/3358 3357/3357 3332/3332
f 3359/3359 3358/3358 3332/3332
f 3360/3360 3359/3359 3332/3332
f 3361/3361 3360/3360 3332/3332
f 3362/3362 3363/3363 3364/3364
f 3365/3365 3362/3362 3364/3364
f 3366/3366 3365/3365 3364/3364
f 3367/3367 3366/3366 3364/3364
f 3368/3368 3367/3367 3364/3364
f 3369/3369 3368/3368 3364/3364
f 3370/3370 3369/3369 3364/3364
f 3371/3371 3370/3370 3364/3364
f 3372/3372 3371/3371 3364/3364
f 3373/3373 3372/3372 3364/3364
f 3374/3374 3373/3373 3364/3364
f 3375/3375 3374/3374 3364/3364
f 3376/3376 3375/3375 3364/3364
f 3377/3377 3376/3376 3364/3364
f 3378/3378 3377/3377 3364/3364
f 3379/3379 3378/3378 3364/3364
f 3380/3380 3379/3379 3364/3364
f 3381/3381 3380/3380 3364/3364
f 3382/3382 3381/3381 3364/3364
f 3383/3383 3382/3382 3364/3364
f 3384/3384 3383/3383 3364/3364
f 3385/3385 3384/3384 3364/3364
f 3386/3386 3385/3385 3364/3364
f 3387/3387 3386/3386 3364/3364
f 3388/3388 3387/3387 3364/3364
f 3389/3389 3388/3388 3364/3364
f 3390/3390 3389/3389 3364/3364
f 3391/3391 3390/3390 3364/3364
f 3392/3392 3391/3391 3364/3364
f 3393/3393 3392/3392 3364/3364
f 3394/3394 3395/3395 3396/3396
f 3397/3397 3394/3394 3396/3396
f 3398/3398 3397/3397 3396/3396
f 3399/3399 3398/3398 3396/3396
f 3400/3400 3399/3399 3396/3396
f 3401/3401 3400/3400 3396/3396
f 3402/3402 3401/3401 3396/3396
f 3403/3403 3402/3402 3396/3396
f 3404/3404 3403/3403 3396/3396
f 3405/3405 3404/3404 3396/3396
f 3406/3406 3405/3405 3396/3396
f 3407/3407 3406/3406 3396/3396
f 3408/3408 3407/3407 3396/3396
f 3409/3409 3408/3408 3396/3396
f 3410/3410 3409/3409 3396/3396
f 3411/3411 3410/3410 3396/3396
f 3412/3412 3411/3411 3396/3396
f 3413/3413 3412/3412 3396/3396
f 3414/3414 3413/3413 3396/3396
f 3415/3415 3414/3414 3396/3396
f 3416/3416 3415/3415 3396/3396
f 3417/3417 3416/3416 3396/3396
f 3418/3418 3417/3417 3396/3396
f 3419/3419 3418/3418 3396/3396
f 3420/3420 3419/3419 3396/3396
f 3421/3421 3420/3420 3396/3396
f 3422/3422 3421/3421 3396/3396
f 3423/3423 3422/3422 3396/3396
f 3424/3424 3423/3423 3396/3396
f 3425/3425 3424/3424 3396/3396
f 3426/3426 3427/3427 3428/3428
f 3429/3429 3426/3426 3428/3428
f 3430/3430 3431/3431 3432/3432
f 3433/3433 3430/3430 3432/3432
f 3434/3434 3435/3435 3436/3436
f 3437/3437 3434/3434 3436/3436
f 3438/3438 3439/3439 3440/3440
f 3441/3441 3438/3438 3440/3440
f 3442/3442 3443/3443 3444/3444
f 3445/3445 3442/3442 3444/3444
f 3446/3446 3447/3447 3448/3448
f 3449/3449 3446/3446 3448/3448
f 3450/3450 3451/3451 3452/3452
f 3453/3453 3450/3450 3452/3452
f 3454/3454 3455/3455 3456/3456
f 3457/3457 3454/3454 3456/3456
f 3458/3458 3459/3459 3460/3460
f 3461/3461 3458/3458 3460/3460
f 3462/3462 3463/3463 3464/3464
f 3465/3465 3462/3462 3464/3464
f 3466/3466 3467/3467 3468/3468
f 3469/3469 3466/3466 3468/3468
f 3470/3470 3471/3471 3472/3472
f 3473/3473 3470/3470 3472/3472
f 3474/3474 3475/3475 3476/3476
f 3477/3477 3474/3474 3476/3476
f 3478/3478 3479/3479 3480/3480
f 3481/3481 3478/3478 3480/3480
f 3482/3482 3483/3483 3484/3484
f 3485/3485 3482/3482 3484/3484
f 3486/3486 3487/3487 3488/3488
f 3489/3489 3486/3486 3488/3488
f 3490/3490 3491/3491 3492/3492
f 3493/3493 3490/3490 3492/3492
f 3494/3494 3495/3495 3496/3496
f 3497/3497 3494/3494 3496/3496
f 3498/3498 3499/3499 3500/3500
f 3501/3501 3498/3498 3500/3500
f 3502/3502 3503/3503 3504/3504
f 3505/3505 3502/3502 3504/3504
f 3506/3506 3507/3507 3508/3508
f 3509/3509 3506/3506 3508/3508
f 3510/3510 3511/3511 3512/3512
f 3513/3513 3510/3510 3512/3512
f 3514/3514 3515/3515 3516/3516
f 3517/3517 3514/3514 3516/3516
f 3518/3518 3519/3519 3520/3520
f 3521/3521 3518/3518 3520/3520
f 3522/3522 3523/3523 3524/3524
f 3525/3525 3522/3522 3524/3524
f 3526/3526 3527/3527 3528/3528
f 3529/3529 3526/3526 3528/3528
f 3530/3530 3531/3531 3532/3532
f 3533/3533 3530/3530 3532/3532
f 3534/3534 3535/3535 3536/3536
f 3537/3537 3534/3534 3536/3536
f 3538/3538 3539/3539 3540/3540
f 3541/3541 3538/3538 3540/3540
f 3542/3542 3543/3543 3544/3544
f 3545/3545 3542/3542 3544/3544
f 3546/3546 3547/3547 3548/3548
f 3549/3549 3546/3546 3548/3548
f 3550/3550 3551/3551 3552/3552
f 3553/3553 3550/3550 3552/3552
f 3554/3554 3555/3555 3556/3556
f 3557/3557 3554/3554 3556/3556
f 3558/3558 3557/3557 3556/3556
f 3559/3559 3558/3558 3556/3556
f 3560/3560 3559/3559 3556/3556
f 3561/3561 3560/3560 3556/3556
f 3562/3562 3561/3561 3556/3556
f 3563/3563 3562/3562 3556/3556
f 3564/3564 3563/3563 3556/3556
f 3565/3565 3564/3564 3556/3556
f 3566/3566 3565/3565 3556/3556
f 3567/3567 3566/3566 3556/3556
f 3568/3568 3567/3567 3556/3556
f 3569/3569 3568/3568 3556/3556
f 3570/3570 3569/3569 3556/3556
f 3571/3571 3570/3570 3556/3556
f 3572/3572 3571/3571 3556/3556
f 3573/3573 3572/3572 3556/3556
f 3574/3574 3573/3573 3556/3556
f 3575/3575 3574/3574 3556/3556
f 3576/3576 3575/3575 3556/3556
f 3577/3577 3576/3576 3556/3556
f 3578/3578 3577/3577 3556/3556
f 3579/3579 3578/3578 3556/3556
f 3580/3580 3579/3579 3556/3556
f 3581/3581 3580/3580 3556/3556
f 3582/3582 3581/3581 3556/3556
f 3583/3583 3582/3582 3556/3556
f 3584/3584 3583/3583 3556/3556
f 3585/3585 3584/3584 3556/3556
f 3586/3586 3587/3587 3588/3588
f 3589/3589 3586/3586 3588/3588
f 3590/3590 3591/3591 3592/3592
f 3593/3593 3590/3590 3592/3592
f 3594/3594 3595/3595 3596/3596
f 3597/3597 3594/3594 3596/3596
f 3598/3598 3599/3599 3600/3600
f 3601/3601 3598/3598 3600/3600
f 3602/3602 3603/3603 3604/3604
f 3605/3605 3602/3602 3604/3604
f 3606/3606 3607/3607 3608/3608
f 3609/3609 3606/3606 3608/3608
f 3610/3610 3611/3611 3612/3612
f 3613/3613 3610/3610 3612/3612
f 3614/3614 3615/3615 3616/3616
f 3617/3617 3614/3614 3616/3616
f 3618/3618 3619/3619 3620/3620
f 3621/3621 3618/3618 3620/3620
f 3622/3622 3623/3623 3624/3624
f 3625/3625 3622/3622 3624/3624
f 3626/3626 3627/3627 3628/3628
f 3629/3629 3626/3626 3628/3628
f 3630/3630 3631/3631 3632/3632
f 3633/3633 3630/3630 3632/3632
f 3634/3634 3635/3635 3636/3636
f 3637/3637 3634/3634 3636/3636
f 3638/3638 3639/3639 3640/3640
f 3641/3641 3638/3638 3640/3640
f 3642/3642 3643/3643 3644/3644
f 3645/3645 3642/3642 3644/3644
f 3646/3646 3647/3647 3648/3648
f 3649/3649 3646/3646 3648/3648
f 3650/3650 3651/3651 3652/3652
f 3653/3653 3650/3650 3652/3652
f 3654/3654 3655/3655 3656/3656
f 3657/3657 3654/3654 3656/3656
f 3658/3658 3659/3659 3660/3660
f 3661/3661 3658/3658 3660/3660
f 3662/3662 3663/3663 3664/3664
f 3665/3665 3662/3662 3664/3664
f 3666/3666 3667/3667 3668/3668
f 3669/3669 3666/3666 3668/3668
f 3670/3670 3671/3671 3672/3672
f 3673/3673 3670/3670 3672/3672
f 3674/3674 3675/3675 3676/3676
f 3677/3677 3674/3674 3676/3676
f 3678/3678 3679/3679 3680/3680
f 3681/3681 3678/3678 3680/3680
f 3682/3682 3683/3683 3684/3684
f 3685/3685 3682/3682 3684/3684
f 3686/3686 3687/3687 3688/3688
f 3689/3689 3686/3686 3688/3688
f 3690/3690 3691/3691 3692/3692
f 3693/3693 3690/3690 3692/3692
f 3694/3694 3695/3695 3696/3696
f 3697/3697 3694/3694 3696/3696
f 3698/3698 3699/3699 3700/3700
f 3701/3701 3698/3698 3700/3700
f 3702/3702 3703/3703 3704/3704
f 3705/3705 3702/3702 3704/3704
f 3706/3706 3707/3707 3708/3708
f 3709/3709 3706/3706 3708/3708
f 3710/3710 3711/3711 3712/3712
f 3713/3713 3710/3710 3712/3712
f 3714/3714 3715/3715 3716/3716
f 3717/3717 3714/3714 3716/3716
f 3718/3718 3717/3717 3716/3716
f 3719/3719 3718/3718 3716/3716
f 3720/3720 3719/3719 3716/3716
f 3721/3721 3720/3720 3716/3716
f 3722/3722 3721/3721 3716/3716
f 3723/3723 3722/3722 3716/3716
f 3724/3724 3723/3723 3716/3716
f 3725/3725 3724/3724 3716/3716
f 3726/3726 3725/3725 3716/3716
f 3727/3727 3726/3726 3716/3716
f 3728/3728 3727/3727 3716/3716
f 3729/3729 3728/3728 3716/3716
f 3730/3730 3729/3729 3716/3716
f 3731/3731 3730/3730 3716/3716
f 3732/3732 3731/3731 3716/3716
f 3733/3733 3732/3732 3716/3716
f 3734/3734 3733/3733 3716/3716
f 3735/3735 3734/3734 3716/3716
f 3736/3736 3735/3735 3716/3716
f 3737/3737 3736/3736 3716/3716
f 3738/3738 3737/3737 3716/3716
f 3739/3739 3738/3738 3716/3716
f 3740/3740 3739/3739 3716/3716
f 3741/3741 3740/3740 3716/3716
f 3742/3742 3741/3741 3716/3716
f 3743/3743 3742/3742 3716/3716
f 3744/3744 3743/3743 3716/3716
f 3745/3745 3744/3744 3716/3716
f 3746/3746 3747/3747 3748/3748
f 3749/3749 3746/3746 3748/3748
f 3750/3750 3749/3749 3748/3748
f 3751/3751 3750/3750 3748/3748
f 3752/3752 3751/3751 3748/3748
f 3753/3753 3752/3752 3748/3748
f 3754/3754 3753/3753 3748/3748
f 3755/3755 3754/3754 3748/3748
f 3756/3756 3755/3755 3748/3748
f 3757/3757 3756/3756 3748/3748
f 3758/3758 3757/3757 3748/3748
f 3759/3759 3758/3758 3748/3748
f 3760/3760 3759/3759 3748/3748
f 3761/3761 3760/3760 3748/3748
f 3762/3762 3761/3761 3748/3748
f 3763/3763 3762/3762 3748/3748
f 3764/3764 3763/3763 3748/3748
f 3765/3765 3764/3764 3748/3748
f 3766/3766 3765/3765 3748/3748
f 3767/3767 3766/3766 3748/3748
f 3768/3768 3767/3767 3748/3748
f 3769/3769 3768/3768 3748/3748
f 3770/3770 3769/3769 3748/3748
f 3771/3771 3770/3770 3748/3748
f 3772/3772 3771/3771 3748/3748
f 3773/3773 3772/3772 3748/3748
f 3774/3774 3773/3773 3748/3748
f 3775/3775 3774/3774 3748/3748
f 3776/3776 3775/3775 3748/3748
f 3777/3777 3776/3776 3748/3748
f 3778/3778 3779/3779 3780/3780
f 3781/3781 3778/3778 3780/3780
f 3782/3782 3781/3781 3780/3780
f 3783/3783 3782/3782 3780/3780
f 3784/3784 3783/3783 3780/3780
f 3785/3785 3784/3784 3780/3780
f 3786/3786 3785/3785 3780/3780
f 3787/3787 3786/3786 3780/3780
f 3788/3788 3787/3787 3780/3780
f 3789/3789 3788/3788 3780/3780
f 3790/3790 3789/3789 3780/3780
f 3791/3791 3790/3790 3780/3780
f 3792/3792 3791/3791 3780/3780
f 3793/3793 3792/3792 3780/3780
f 3794/3794 3793/3793 3780/3780
f 3795/3795 3794/3794 3780/3780
f 3796/3796 3795/3795 3780/3780
f 3797/3797 3796/3796 3780/3780
f 3798/3798 3797/3797 3780/3780
f 3799/3799 3798/3798 3780/3780
f 3800/3800 3799/3799 3780/3780
f 3801/3801 3800/3800 3780/3780
f 3802/3802 3801/3801 3780/3780
f 3803/3803 3802/3802 3780/3780
f 3804/3804 3803/3803 3780/3780
f 3805/3805 3804/3804 3780/3780
f 3806/3806 3805/3805 3780/3780
f 3807/3807 3806/3806 3780/3780
f 3808/3808 3807/3807 3780/3780
f 3809/3809 3808/3808 3780/3780
f 3810/3810 3811/3811 3812/3812
f 3813/3813 3810/3810 3812/3812
f 3814/3814 3815/3815 3816/3816
f 3817/3817 3814/3814 3816/3816
f 3818/3818 3819/3819 3820/3820
f 3821/3821 3818/3818 3820/3820
f 3822/3822 3823/3823 3824/3824
f 3825/3825 3822/3822 3824/3824
f 3826/3826 3827/3827 3828/3828
f 3829/3829 3826/3826 3828/3828
f 3830/3830 3831/3831 3832/3832
f 3833/3833 3830/3830 3832/3832
f 3834/3834 3835/3835 3836/3836
f 3837/3837 3834/3834 3836/3836
f 3838/3838 3839/3839 3840/3840
f 3841/3841 3838/3838 3840/3840
f 3842/3842 3843/3843 3844/3844
f 3845/3845 3842/3842 3844/3844
f 3846/3846 3847/3847 3848/3848
f 3849/3849 3846/3846 3848/3848
f 3850/3850 3851/3851 3852/3852
f 3853/3853 3850/3850 3852/3852
f 3854/3854 3855/3855 3856/3856
f 3857/3857 3854/3854 3856/3856
f 3858/3858 3859/3859 3860/3860
f 3861/3861 3858/3858 3860/3860
f 3862/3862 3863/3863 3864/3864
f 3865/3865 3862/3862 3864/3864
f 3866/3866 3867/3867 3868/3868
f 3869/3869 3866/3866 3868/3868
f 3870/3870 3871/3871 3872/3872
f 3873/3873 3870/3870 3872/3872
f 3874/3874 3875/3875 3876/3876
f 3877/3877 3874/3874 3876/3876
f 3878/3878 3879/3879 3880/3880
f 3881/3881 3878/3878 3880/3880
f 3882/3882 3883/3883 3884/3884
f 3885/3885 3882/3882 3884/3884
f 3886/3886 3887/3887 3888/3888
f 3889/3889 3886/3886 3888/3888
f 3890/3890 3891/3891 3892/3892
f 3893/3893 3890/3890 3892/3892
f 3894/3894 3895/3895 3896/3896
f 3897/3897 3894/3894 3896/3896
f 3898/3898 3899/3899 3900/3900
f 3901/3901 3898/3898 3900/3900
f 3902/3902 3903/3903 3904/3904
f 3905/3905 3902/3902 3904/3904
f 3906/3906 3907/3907 3908/3908
f 3909/3909 3906/3906 3908/3908
f 3910/3910 3911/3911 3912/3912
f 3913/3913 3910/3910 3912/3912
f 3914/3914 3915/3915 3916/3916
f 3917/3917 3914/3914 3916/3916
f 3918/3918 3919/3919 3920/3920
f 3921/3921 3918/3918 3920/3920
f 3922/3922 3923/3923 3924/3924
f 3925/3925 3922/3922 3924/3924
f 3926/3926 3927/3927 3928/3928
f 3929/3929 3926/3926 3928/3928
f 3930/3930 3931/3931 3932/3932
f 3933/3933 3930/3930 3932/3932
f 3934/3934 3935/3935 3936/3936
f 3937/3937 3934/3934 3936/3936
f 3938/3938 3939/3939 3940/3940
f 3941/3941 3938/3938 3940/3940
f 3942/3942 3941/3941 3940/3940
f 3943/3943 3942/3942 3940/3940
f 3944/3944 3943/3943 3940/3940
f 3945/3945 3944/3944 3940/3940
f 3946/3946 3945/3945 3940/3940
f 3947/3947 3946/3946 3940/3940
f 3948/3948 3947/3947 3940/3940
f 3949/3949 3948/3948 3940/3940
f 3950/3950 3949/3949 3940/3940
f 3951/3951 3950/3950 3940/3940
f 3952/3952 3951/3951 3940/3940
f 3953/3953 3952/3952 3940/3940
f 3954/3954 3953/3953 3940/3940
f 3955/3955 3954/3954 3940/3940
f 3956/3956 3955/3955 3940/3940
f 3957/3957 3956/3956 3940/3940
f 3958/3958 3957/3957 3940/3940
f 3959/3959 3958/3958 3940/3940
f 3960/3960 3959/3959 3940/3940
f 3961/3961 3960/3960 3940/3940
f 3962/3962 3961/3961 3940/3940
f 3963/3963 3962/3962 3940/3940
f 3964/3964 3963/3963 3940/3940
f 3965/3965 3964/3964 3940/3940
f 3966/3966 3965/3965 3940/3940
f 3967/3967 3966/3966 3940/3940
f 3968/3968 3967/3967 3940/3940
f 3969/3969 3968/3968 3940/3940
f 3970/3970 3971/3971 3972/3972
f 3973/3973 3970/3970 3972/3972
f 3974/3974 3975/3975 3976/3976
f 3977/3977 3974/3974 3976/3976
f 3978/3978 3979/3979 3980/3980
f 3981/3981 3978/3978 3980/3980
f 3982/3982 3983/3983 3984/3984
f 3985/3985 3982/3982 3984/3984
f 3986/3986 3987/3987 3988/3988
f 3989/3989 3986/3986 3988/3988
f 3990/3990 3991/3991 3992/3992
f 3993/3993 3990/3990 3992/3992
f 3994/3994 3995/3995 3996/3996
f 3997/3997 3994/3994 3996/3996
f 3998/3998 3999/3999 4000/4000
f 4001/4001 3998/3998 4000/4000
f 4002/4002 4003/4003 4004/4004
f 4005/4005 4002/4002 4004/4004
f 4006/4006 4007/4007 4008/4008
f 4009/4009 4006/4006 4008/4008
f 4010/4010 4011/4011 4012/4012
f 4013/4013 4010/4010 4012/4012
f 4014/4014 4015/4015 4016/4016
f 4017/4017 4014/4014 4016/4016
f 4018/4018 4019/4019 4020/4020
f 4021/4021 4018/4018 4020/4020
f 4022/4022 4023/4023 4024/4024
f 4025/4025 4022/4022 4024/4024
f 4026/4026 4027/4027 4028/4028
f 4029/4029 4026/4026 4028/4028
f 4030/4030 4031/4031 4032/4032
f 4033/4033 4030/4030 4032/4032
f 4034/4034 4035/4035 4036/4036
f 4037/4037 4034/4034 4036/4036
f 4038/4038 4039/4039 4040/4040
f 4041/4041 4038/4038 4040/4040
f 4042/4042 4043/4043 4044/4044
f 4045/4045 4042/4042 4044/4044
f 4046/4046 4047/4047 4048/4048
f 4049/4049 4046/4046 4048/4048
f 4050/4050 4051/4051 4052/4052
f 4053/4053 4050/4050 4052/4052
f 4054/4054 4055/4055 4056/4056
f 4057/4057 4054/4054 4056/4056
f 4058/4058 4059/4059 4060/4060
f 4061/4061 4058/4058 4060/4060
f 4062/4062 4063/4063 4064/4064
f 4065/4065 4062/4062 4064/4064
f 4066/4066 4067/4067 4068/4068
f 4069/4069 4066/4066 4068/4068
f 4070/4070 4071/4071 4072/4072
f 4073/4073 4070/4070 4072/4072
f 4074/4074 4075/4075 4076/4076
f 4077/4077 4074/4074 4076/4076
f 4078/4078 4079/4079 4080/4080
f 4081/4081 4078/4078 4080/4080
f 4082/4082 4083/4083 4084/4084
f 4085/4085 4082/4082 4084/4084
f 4086/4086 4087/4087 4088/4088
f 4089/4089 4086/4086 4088/4088
f 4090/4090 4091/4091 4092/4092
f 4093/4093 4090/4090 4092/4092
f 4094/4094 4095/4095 4096/4096
f 4097/4097 4094/4094 4096/4096
f 4098/4098 4099/4099 4100/4100
f 4101/4101 4098/4098 4100/4100
f 4102/4102 4101/4101 4100/4100
f 4103/4103 4102/4102 4100/4100
f 4104/4104 4103/4103 4100/4100
f 4105/4105 4104/4104 4100/4100
f 4106/4106 4105/4105 4100/4100
f 4107/4107 4106/4106 4100/4100
f 4108/4108 4107/4107 4100/4100
f 4109/4109 4108/4108 4100/4100
f 4110/4110 4109/4109 4100/4100
f 4111/4111 4110/4110 4100/4100
f 4112/4112 4111/4111 4100/4100
f 4113/4113 4112/4112 4100/4100
f 4114/4114 4113/4113 4100/4100
f 4115/4115 4114/4114 4100/4100
f 4116/4116 4115/4115 4100/4100
f 4117/4117 4116/4116 4100/4100
f 4118/4118 4117/4117 4100/4100
f 4119/4119 4118/4118 4100/4100
f 4120/4120 4119/4119 4100/4100
f 4121/4121 4120/4120 4100/4100
f 4122/4122 4121/4121 4100/4100
f 4123/4123 4122/4122 4100/4100
f 4124/4124 4123/4123 4100/4100
f 4125/4125 4124/4124 4100/4100
f 4126/4126 4125/4125 4100/4100
f 4127/4127 4126/4126 4100/4100
f 4128/4128 4127/4127 4100/4100
f 4129/4129 4128/4128 4100/4100
f 4130/4130 4131/4131 4132/4132
f 4133/4133 4130/4130 4132/4132
f 4134/4134 4133/4133 4132/4132
f 4135/4135 4134/4134 4132/4132
f 4136/4136 4135/4135 4132/4132
f 4137/4137 4136/4136 4132/4132
f 4138/4138 4137/4137 4132/4132
f 4139/4139 4138/4138 4132/4132
f 4140/4140 4139/4139 4132/4132
f 4141/4141 4140/4140 4132/4132
f 4142/4142 4141/4141 4132/4132
f 4143/4143 4142/4142 4132/4132
f 4144/4144 4143/4143 4132/4132
f 4145/4145 4144/4144 4132/4132
f 4146/4146 4145/4145 4132/4132
f 4147/4147 4146/4146 4132/4132
f 4148/4148 4147/4147 4132/4132
f 4149/4149 4148/4148 4132/4132
f 4150/4150 4149/4149 4132/4132
f 4151/4151 4150/4150 4132/4132
f 4152/4152 4151/4151 4132/4132
f 4153/4153 4152/4152 4132/4132
f 4154/4154 4153/4153 4132/4132
f 4155/4155 4154/4154 4132/4132
f 4156/4156 4155/4155 4132/4132
f 4157/4157 4156/4156 4132/4132
f 4158/4158 4157/4157 4132/4132
f 4159/4159 4158/4158 4132/4132
f 4160/4160 4159/4159 4132/4132
f 4161/4161 4160/4160 4132/4132
f 4162/4162 4163/4163 4164/4164
f 4165/4165 4162/4162 4164/4164
f 4166/4166 4167/4167 4168/4168
f 4169/4169 4166/4166 4168/4168
f 4170/4170 4171/4171 4172/4172
f 4173/4173 4170/4170 4172/4172
f 4174/4174 4175/4175 4176/4176
f 4177/4177 4174/4174 4176/4176
f 4178/4178 4179/4179 4180/4180
f 4181/4181 4178/4178 4180/4180
f 4182/4182 4183/4183 4184/4184
f 4185/4185 4182/4182 4184/4184
f 4186/4186 4187/4187 4188/4188
f 4189/4189 4186/4186 4188/4188
f 4190/4190 4191/4191 4192/4192
f 4193/4193 4190/4190 4192/4192
f 4194/4194 4195/4195 4196/4196
f 4197/4197 4194/4194 4196/4196
f 4198/4198 4199/4199 4200/4200
f 4201/4201 4198/4198 4200/4200
f 4202/4202 4203/4203 4204/4204
f 4205/4205 4202/4202 4204/4204
f 4206/4206 4207/4207 4208/4208
f 4209/4209 4206/4206 4208/4208
f 4210/4210 4211/4211 4212/4212
f 4213/4213 4210/4210 4212/4212
f 4214/4214 4215/4215 4216/4216
f 4217/4217 4214/4214 4216/4216
f 4218/4218 4219/4219 4220/4220
f 4221/4221 4218/4218 4220/4220
f 4222/4222 4223/4223 4224/4224
f 4225/4225 4222/4222 4224/4224
f 4226/4226 4227/4227 4228/4228
f 4229/4229 4226/4226 4228/4228
f 4230/4230 4231/4231 4232/4232
f 4233/4233 4230/4230 4232/4232
f 4234/4234 4235/4235 4236/4236
f 4237/4237 4234/4234 4236/4236
f 4238/4238 4239/4239 4240/4240
f 4241/4241 4238/4238 4240/4240
f 4242/4242 4243/4243 4244/4244
f 4245/4245 4242/4242 4244/4244
f 4246/4246 4247/4247 4248/4248
f 4249/4249 4246/4246 4248/4248
f 4250/4250 4251/4251 4252/4252
f 4253/4253 4250/4250 4252/4252
f 4254/4254 4255/4255 4256/4256
f 4257/4257 4254/4254 4256/4256
f 4258/4258 4259/4259 4260/4260
f 4261/4261 4258/4258 4260/4260
f 4262/4262 4263/4263 4264/4264
f 4265/4265 4262/4262 4264/4264
f 4266/4266 4267/4267 4268/4268
f 4269/4269 4266/4266 4268/4268
f 4270/4270 4271/4271 4272/4272
f 4273/4273 4270/4270 4272/4272
f 4274/4274 4275/4275 4276/4276
f 4277/4277 4274/4274 4276/4276
f 4278/4278 4279/4279 4280/4280
f 4281/4281 4278/4278 4280/4280
f 4282/4282 4283/4283 4284/4284
f 4285/4285 4282/4282 4284/4284
f 4286/4286 4287/4287 4288/4288
f 4289/4289 4286/4286 4288/4288
f 4290/4290 4291/4291 4292/4292
f 4293/4293 4290/4290 4292/4292
f 4294/4294 4293/4293 4292/4292
f 4295/4295 4294/4294 4292/4292
f 4296/4296 4295/4295 4292/4292
f 4297/4297 4296/4296 4292/4292
f 4298/4298 4297/4297 4292/4292
f 4299/4299 4298/4298 4292/4292
f 4300/4300 4299/4299 4292/4292
f 4301/4301 4300/4300 4292/4292
f 4302/4302 4301/4301 4292/4292
f 4303/4303 4302/4302 4292/4292
f 4304/4304 4303/4303 4292/4292
f 4305/4305 4304/4304 4292/4292
f 4306/4306 4305/4305 4292/4292
f 4307/4307 4306/4306 4292/4292
f 4308/4308 4307/4307 4292/4292
f 4309/4309 4308/4308 4292/4292
f 4310/4310 4309/4309 4292/4292
f 4311/4311 4310/4310 4292/4292
f 4312/4312 4311/4311 4292/4292
f 4313/4313 4312/4312 4292/4292
f 4314/4314 4313/4313 4292/4292
f 4315/4315 4314/4314 4292/4292
f 4316/4316 4315/4315 4292/4292
f 4317/4317 4316/4316 4292/4292
f 4318/4318 4317/4317 4292/4292
f 4319/4319 4318/4318 4292/4292
f 4320/4320 4319/4319 4292/4292
f 4321/4321 4320/4320 4292/4292
f 4322/4322 4323/4323 4324/4324
f 4325/4325 4322/4322 4324/4324
f 4326/4326 4325/4325 4324/4324
f 4327/4327 4326/4326 4324/4324
f 4328/4328 4327/4327 4324/4324
f 4329/4329 4328/4328 4324/4324
f 4330/4330 4329/4329 4324/4324
f 4331/4331 4330/4330 4324/4324
f 4332/4332 4331/4331 4324/4324
f 4333/4333 4332/4332 4324/4324
f 4334/4334 4333/4333 4324/4324
f 4335/4335 4334/4334 4324/4324
f 4336/4336 4335/4335 4324/4324
f 4337/4337 4336/4336 4324/4324
f 4338/4338 4337/4337 4324/4324
f 4339/4339 4338/4338 4324/4324
f 4340/4340 4339/4339 4324/4324
f 4341/4341 4340/4340 4324/4324
f 4342/4342 4341/4341 4324/4324
f 4343/4343 4342/4342 4324/4324
f 4344/4344 4343/4343 4324/4324
f 4345/4345 4344/4344 4324/4324
f 4346/4346 4345/4345 4324/4324
f 4347/4347 4346/4346 4324/4324
f 4348/4348 4347/4347 4324/4324
f 4349/4349 4348/4348 4324/4324
f 4350/4350 4349/4349 4324/4324
f 4351/4351 4350/4350 4324/4324
f 4352/4352 4351/4351 4324/4324
f 4353/4353 4352/4352 4324/4324
f 4354/4354 4355/4355 4356/4356
f 4357/4357 4354/4354 4356/4356
f 4358/4358 4357/4357 4356/4356
f 4359/4359 4358/4358 4356/4356
f 4360/4360 4359/4359 4356/4356
f 4361/4361 4360/4360 4356/4356
f 4362/4362 4361/4361 4356/4356
f 4363/4363 4362/4362 4356/4356
f 4364/4364 4363/4363 4356/4356
f 4365/4365 4364/4364 4356/4356
f 4366/4366 4365/4365 4356/4356
f 4367/4367 4366/4366 4356/4356
f 4368/4368 4367/4367 4356/4356
f 4369/4369 4368/4368 4356/4356
f 4370/4370 4369/4369 4356/4356
f 4371/4371 4370/4370 4356/4356
f 4372/4372 4371/4371 4356/4356
f 4373/4373 4372/4372 4356/4356
f 4374/4374 4373/4373 4356/4356
f 4375/4375 4374/4374 4356/4356
f 4376/4376 4375/4375 4356/4356
f 4377/4377 4376/4376 4356/4356
f 4378/4378 4377/4377 4356/4356
f 4379/4379 4378/4378 4356/4356
f 4380/4380 4379/4379 4356/4356
f 4381/4381 4380/4380 4356/4356
f 4382/4382 4381/4381 4356/4356
f 4383/4383 4382/4382 4356/4356
f 4384/4384 4383/4383 4356/4356
f 4385/4385 4384/4384 4356/4356
f 4386/4386 4387/4387 4388/4388
f 4389/4389 4386/4386 4388/4388
f 4390/4390 4391/4391 4392/4392
f 4393/4393 4390/4390 4392/4392
f 4394/4394 4395/4395 4396/4396
f 4397/4397 4394/4394 4396/4396
f 4398/4398 4399/4399 4400/4400
f 4401/4401 4398/4398 4400/4400
f 4402/4402 4403/4403 4404/4404
f 4405/4405 4402/4402 4404/4404
f 4406/4406 4407/4407 4408/4408
f 4409/4409 4406/4406 4408/4408
f 4410/4410 4411/4411 4412/4412
f 4413/4413 4410/4410 4412/4412
f 4414/4414 4415/4415 4416/4416
f 4417/4417 4414/4414 4416/4416
f 4418/4418 4419/4419 4420/4420
f 4421/4421 4418/4418 4420/4420
f 4422/4422 4423/4423 4424/4424
f 4425/4425 4422/4422 4424/4424
f 4426/4426 4427/4427 4428/4428
f 4429/4429 4426/4426 4428/4428
f 4430/4430 4431/4431 4432/4432
f 4433/4433 4430/4430 4432/4432
f 4434/4434 4435/4435 4436/4436
f 4437/4437 4434/4434 4436/4436
f 4438/4438 4439/4439 4440/4440
f 4441/4441 4438/4438 4440/4440
f 4442/4442 4443/4443 4444/4444
f 4445/4445 4442/4442 4444/4444
f 4446/4446 4447/4447 4448/4448
f 4449/4449 4446/4446 4448/4448
f 4450/4450 4451/4451 4452/4452
f 4453/4453 4450/4450 4452/4452
f 4454/4454 4455/4455 4456/4456
f 4457/4457 4454/4454 4456/4456
f 4458/4458 4459/4459 4460/4460
f 4461/4461 4458/4458 4460/4460
f 4462/4462 4463/4463 4464/4464
f 4465/4465 4462/4462 4464/4464
f 4466/4466 4467/4467 4468/4468
f 4469/4469 4466/4466 4468/4468
f 4470/4470 4471/4471 4472/4472
f 4473/4473 4470/4470 4472/4472
f 4474/4474 4475/4475 4476/4476
f 4477/4477 4474/4474 4476/4476
f 4478/4478 4479/4479 4480/4480
f 4481/4481 4478/4478 4480/4480
f 4482/4482 4483/4483 4484/4484
f 4485/4485 4482/4482 4484/4484
f 4486/4486 4487/4487 4488/4488
f 4489/4489 4486/4486 4488/4488
f 4490/4490 4491/4491 4492/4492
f 4493/4493 4490/4490 4492/4492
f 4494/4494 4495/4495 4496/4496
f 4497/4497 4494/4494 4496/4496
f 4498/4498 4499/4499 4500/4500
f 4501/4501 4498/4498 4500/4500
f 4502/4502 4503/4503 4504/4504
f 4505/4505 4502/4502 4504/4504
f 4506/4506 4507/4507 4508/4508
f 4509/4509 4506/4506 4508/4508
f 4510/4510 4511/4511 4512/4512
f 4513/4513 4510/4510 4512/4512
f 4514/4514 4515/4515 4516/4516
f 4517/4517 4514/4514 4516/4516
f 4518/4518 4517/4517 4516/4516
f 4519/4519 4518/4518 4516/4516
f 4520/4520 4519/4519 4516/4516
f 4521/4521 4520/4520 4516/4516
f 4522/4522 4521/4521 4516/4516
f 4523/4523 4522/4522 4516/4516
f 4524/4524 4523/4523 4516/4516
f 4525/4525 4524/4524 4516/4516
f 4526/4526 4525/4525 4516/4516
f 4527/4527 4526/4526 4516/4516
f 4528/4528 4527/4527 4516/4516
f 4529/4529 4528/4528 4516/4516
f 4530/4530 4529/4529 4516/4516
f 4531/4531 4530/4530 4516/4516
f 4532/4532 4531/4531 4516/4516
f 4533/4533 4532/4532 4516/4516
f 4534/4534 4533/4533 4516/4516
f 4535/4535 4534/4534 4516/4516
f 4536/4536 4535/4535 4516/4516
f 4537/4537 4536/4536 4516/4516
f 4538/4538 4537/4537 4516/4516
f 4539/4539 4538/4538 4516/4516
f 4540/4540 4539/4539 4516/4516
f 4541/4541 4540/4540 4516/4516
f 4542/4542 4541/4541 4516/4516
f 4543/4543 4542/4542 4516/4516
f 4544/4544 4543/4543 4516/4516
f 4545/4545 4544/4544 4516/4516
f 4546/4546 4547/4547 4548/4548
f 4549/4549 4546/4546 4548/4548
f 4550/4550 4551/4551 4552/4552
f 4553/4553 4550/4550 4552/4552
f 4554/4554 4555/4555 4556/4556
f 4557/4557 4554/4554 4556/4556
f 4558/4558 4559/4559 4560/4560
f 4561/4561 4558/4558 4560/4560
f 4562/4562 4563/4563 4564/4564
f 4565/4565 4562/4562 4564/4564
f 4566/4566 4567/4567 4568/4568
f 4569/4569 4566/4566 4568/4568
f 4570/4570 4571/4571 4572/4572
f 4573/4573 4570/4570 4572/4572
f 4574/4574 4575/4575 4576/4576
f 4577/4577 4574/4574 4576/4576
f 4578/4578 4579/4579 4580/4580
f 4581/4581 4578/4578 4580/4580
f 4582/4582 4583/4583 4584/4584
f 4585/4585 4582/4582 4584/4584
f 4586/4586 4587/4587 4588/4588
f 4589/4589 4586/4586 4588/4588
f 4590/4590 4591/4591 4592/4592
f 4593/4593 4590/4590 4592/4592
f 4594/4594 4595/4595 4596/4596
f 4597/4597 4594/4594 4596/4596
f 4598/4598 4599/4599 4600/4600
f 4601/4601 4598/4598 4600/4600
f 4602/4602 4603/4603 4604/4604
f 4605/4605 4602/4602 4604/4604
f 4606/4606 4607/4607 4608/4608
f 4609/4609 4606/4606 4608/4608
f 4610/4610 4611/4611 4612/4612
f 4613/4613 4610/4610 4612/4612
f 4614/4614 4615/4615 4616/4616
f 4617/4617 4614/4614 4616/4616
f 4618/4618 4619/4619 4620/4620
f 4621/4621 4618/4618 4620/4620
f 4622/4622 4623/4623 4624/4624
f 4625/4625 4622/4622 4624/4624
f 4626/4626 4627/4627 4628/4628
f 4629/4629 4626/4626 4628/4628
f 4630/4630 4631/4631 4632/4632
f 4633/4633 4630/4630 4632/4632
f 4634/4634 4635/4635 4636/4636
f 4637/4637 4634/4634 4636/4636
f 4638/4638 4639/4639 4640/4640
f 4641/4641 4638/4638 4640/4640
f 4642/4642 4643/4643 4644/4644
f 4645/4645 4642/4642 4644/4644
f 4646/4646 4647/4647 4648/4648
f 4649/4649 4646/4646 4648/4648
f 4650/4650 4651/4651 4652/4652
f 4653/4653 4650/4650 4652/4652
f 4654/4654 4655/4655 4656/4656
f 4657/4657 4654/4654 4656/4656
f 4658/4658 4659/4659 4660/4660
f 4661/4661 4658/4658 4660/4660
f 4662/4662 4663/4663 4664/4664
f 4665/4665 4662/4662 4664/4664
f 4666/4666 4667/4667 4668/4668
f 4669/4669 4666/4666 4668/4668
f 4670/4670 4671/4671 4672/4672
f 4673/4673 4670/4670 4672/4672
f 4674/4674 4675/4675 4676/4676
f 4677/4677 4674/4674 4676/4676
f 4678/4678 4677/4677 4676/4676
f 4679/4679 4678/4678 4676/4676
f 4680/4680 4679/4679 4676/4676
f 4681/4681 4680/4680 4676/4676
f 4682/4682 4681/4681 4676/4676
f 4683/4683 4682/4682 4676/4676
f 4684/4684 4683/4683 4676/4676
f 4685/4685 4684/4684 4676/4676
f 4686/4686 4685/4685 4676/4676
f 4687/4687 4686/4686 4676/4676
f 4688/4688 4687/4687 4676/4676
f 4689/4689 4688/4688 4676/4676
f 4690/4690 4689/4689 4676/4676
f 4691/4691 4690/4690 4676/4676
f 4692/4692 4691/4691 4676/4676
f 4693/4693 4692/4692 4676/4676
f 4694/4694 4693/4693 4676/4676
f 4695/4695 4694/4694 4676/4676
f 4696/4696 4695/4695 4676/4676
f 4697/4697 4696/4696 4676/4676
f 4698/4698 4697/4697 4676/4676
f 4699/4699 4698/4698 4676/4676
f 4700/4700 4699/4699 4676/4676
f 4701/4701 4700/4700 4676/4676
f 4702/4702 4701/4701 4676/4676
f 4703/4703 4702/4702 4676/4676
f 4704/4704 4703/4703 4676/4676
f 4705/4705 4704/4704 4676/4676
f 4706/4706 4707/4707 4708/4708
f 4709/4709 4706/4706 4708/4708
f 4710/4710 4709/4709 4708/4708
f 4711/4711 4710/4710 4708/4708
f 4712/4712 4711/4711 4708/4708
f 4713/4713 4712/4712 4708/4708
f 4714/4714 4713/4713 4708/4708
f 4715/4715 4714/4714 4708/4708
f 4716/4716 4715/4715 4708/4708
f 4717/4717 4716/4716 4708/4708
f 4718/4718 4717/4717 4708/4708
f 4719/4719 4718/4718 4708/4708
f 4720/4720 4719/4719 4708/4708
f 4721/4721 4720/4720 4708/4708
f 4722/4722 4721/4721 4708/4708
f 4723/4723 4722/4722 4708/4708
f 4724/4724 4723/4723 4708/4708
f 4725/4725 4724/4724 4708/4708
f 4726/4726 4725/4725 4708/4708
f 4727/4727 4726/4726 4708/4708
f 4728/4728 4727/4727 4708/4708
f 4729/4729 4728/4728 4708/4708
f 4730/4730 4729/4729 4708/4708
f 4731/4731 4730/4730 4708/4708
f 4732/4732 4731/4731 4708/4708
f 4733/4733 4732/4732 4708/4708
f 4734/4734 4733/4733 4708/4708
f 4735/4735 4734/4734 4708/4708
f 4736/4736 4735/4735 4708/4708
f 4737/4737 4736/4736 4708/4708
f 4738/4738 4739/4739 4740/4740
f 4741/4741 4738/4738 4740/4740
f 4742/4742 4741/4741 4740/4740
f 4743/4743 4742/4742 4740/4740
f 4744/4744 4743/4743 4740/4740
f 4745/4745 4744/4744 4740/4740
f 4746/4746 4745/4745 4740/4740
f 4747/4747 4746/4746 4740/4740
f 4748/4748 4747/4747 4740/4740
f 4749/4749 4748/4748 4740/4740
f 4750/4750 4749/4749 4740/4740
f 4751/4751 4750/4750 4740/4740
f 4752/4752 4751/4751 4740/4740
f 4753/4753 4752/4752 4740/4740
f 4754/4754 4753/4753 4740/4740
f 4755/4755 4754/4754 4740/4740
f 4756/4756 4755/4755 4740/4740
f 4757/4757 4756/4756 4740/4740
f 4758/4758 4757/4757 4740/4740
f 4759/4759 4758/4758 4740/4740
f 4760/4760 4759/4759 4740/4740
f 4761/4761 4760/4760 4740/4740
f 4762/4762 4761/4761 4740/4740
f 4763/4763 4762/4762 4740/4740
f 4764/4764 4763/4763 4740/4740
f 4765/4765 4764/4764 4740/4740
f 4766/4766 4765/4765 4740/4740
f 4767/4767 4766/4766 4740/4740
f 4768/4768 4767/4767 4740/4740
f 4769/4769 4768/4768 4740/4740
f 4770/4770 4771/4771 4772/4772
f 4773/4773 4770/4770 4772/4772
f 4774/4774 4775/4775 4776/4776
f 4777/4777 4774/4774 4776/4776
f 4778/4778 4779/4779 4780/4780
f 4781/4781 4778/4778 4780/4780
f 4782/4782 4783/4783 4784/4784
f 4785/4785 4782/4782 4784/4784
f 4786/4786 4787/4787 4788/4788
f 4789/4789 4786/4786 4788/4788
f 4790/4790 4791/4791 4792/4792
f 4793/4793 4790/4790 4792/4792
f 4794/4794 4795/4795 4796/4796
f 4797/4797 4794/4794 4796/4796
f 4798/4798 4799/4799 4800/4800
f 4801/4801 4798/4798 4800/4800
f 4802/4802 4803/4803 4804/4804
f 4805/4805 4802/4802 4804/4804
f 4806/4806 4807/4807 4808/4808
f 4809/4809 4806/4806 4808/4808
f 4810/4810 4811/4811 4812/4812
f 4813/4813 4810/4810 4812/4812
f 4814/4814 4815/4815 4816/4816
f 4817/4817 4814/4814 4816/4816
f 4818/4818 4819/4819 4820/4820
f 4821/4821 4818/4818 4820/4820
f 4822/4822 4823/4823 4824/4824
f 4825/4825 4822/4822 4824/4824
f 4826/4826 4827/4827 4828/4828
f 4829/4829 4826/4826 4828/4828
f 4830/4830 4831/4831 4832/4832
f 4833/4833 4830/4830 4832/4832
f 4834/4834 4835/4835 4836/4836
f 4837/4837 4834/4834 4836/4836
f 4838/4838 4839/4839 4840/4840
f 4841/4841 4838/4838 4840/4840
f 4842/4842 4843/4843 4844/4844
f 4845/4845 4842/4842 4844/4844
f 4846/4846 4847/4847 4848/4848
f 4849/4849 4846/4846 4848/4848
f 4850/4850 4851/4851 4852/4852
f 4853/4853 4850/4850 4852/4852
f 4854/4854 4855/4855 4856/4856
f 4857/4857 4854/4854 4856/4856
f 4858/4858 4859/4859 4860/4860
f 4861/4861 4858/4858 4860/4860
f 4862/4862 4863/4863 4864/4864
f 4865/4865 4862/4862 4864/4864
f 4866/4866 4867/4867 4868/4868
f 4869/4869 4866/4866 4868/4868
f 4870/4870 4871/4871 4872/4872
f 4873/4873 4870/4870 4872/4872
f 4874/4874 4875/4875 4876/4876
f 4877/4877 4874/4874 4876/4876
f 4878/4878 4879/4879 4880/4880
f 4881/4881 4878/4878 4880/4880
f 4882/4882 4883/4883 4884/4884
f 4885/4885 4882/4882 4884/4884
f 4886/4886 4887/4887 4888/4888
f 4889/4889 4886/4886 4888/4888
f 4890/4890 4891/4891 4892/4892
f 4893/4893 4890/4890 4892/4892
f 4894/4894 4895/4895 4896/4896
f 4897/4897 4894/4894 4896/4896
f 4898/4898 4899/4899 4900/4900
f 4901/4901 4898/4898 4900/4900
f 4902/4902 4901/4901 4900/4900
f 4903/4903 4902/4902 4900/4900
f 4904/4904 4903/4903 4900/4900
f 4905/4905 4904/4904 4900/4900
f 4906/4906 4905/4905 4900/4900
f 4907/4907 4906/4906 4900/4900
f 4908/4908 4907/4907 4900/4900
f 4909/4909 4908/4908 4900/4900
f 4910/4910 4909/4909 4900/4900
f 4911/4911 4910/4910 4900/4900
f 4912/4912 4911/4911 4900/4900
f 4913/4913 4912/4912 4900/4900
f 4914/4914 4913/4913 4900/4900
f 4915/4915 4914/4914 4900/4900
f 4916/4916 4915/4915 4900/4900
f 4917/4917 4916/4916 4900/4900
f 4918/4918 4917/4917 4900/4900
f 4919/4919 4918/4918 4900/4900
f 4920/4920 4919/4919 4900/4900
f 4921/4921 4920/4920 4900/4900
f 4922/4922 4921/4921 4900/4900
f 4923/4923 4922/4922 4900/4900
f 4924/4924 4923/4923 4900/4900
f 4925/4925 4924/4924 4900/4900
f 4926/4926 4925/4925 4900/4900
f 4927/4927 4926/4926 4900/4900
f 4928/4928 4927/4927 4900/4900
f 4929/4929 4928/4928 4900/4900
f 4930/4930 4931/4931 4932/4932
f 4933/4933 4930/4930 4932/4932
f 4934/4934 4935/4935 4936/4936
f 4937/4937 4934/4934 4936/4936
f 4938/4938 4939/4939 4940/4940
f 4941/4941 4938/4938 4940/4940
f 4942/4942 4943/4943 4944/4944
f 4945/4945 4942/4942 4944/4944
f 4946/4946 4947/4947 4948/4948
f 4949/4949 4946/4946 4948/4948
f 4950/4950 4951/4951 4952/4952
f 4953/4953 4950/4950 4952/4952
f 4954/4954 4955/4955 4956/4956
f 4957/4957 4954/4954 4956/4956
f 4958/4958 4959/4959 4960/4960
f 4961/4961 4958/4958 4960/4960
f 4962/4962 4963/4963 4964/4964
f 4965/4965 4962/4962 4964/4964
f 4966/4966 4967/4967 4968/4968
f 4969/4969 4966/4966 4968/4968
f 4970/4970 4971/4971 4972/4972
f 4973/4973 4970/4970 4972/4972
f 4974/4974 4975/4975 4976/4976
f 4977/4977 4974/4974 4976/4976
f 4978/4978 4979/4979 4980/4980
f 4981/4981 4978/4978 4980/4980
f 4982/4982 4983/4983 4984/4984
f 4985/4985 4982/4982 4984/4984
f 4986/4986 4987/4987 4988/4988
f 4989/4989 4986/4986 4988/4988
f 4990/4990 4991/4991 4992/4992
f 4993/4993 4990/4990 4992/4992
f 4994/4994 4995/4995 4996/4996
f 4997/4997 4994/4994 4996/4996
f 4998/4998 4999/4999 5000/5000
f 5001/5001 4998/4998 5000/5000
f 5002/5002 5003/5003 5004/5004
f 5005/5005 5002/5002 5004/5004
f 5006/5006 5007/5007 5008/5008
f 5009/5009 5006/5006 5008/5008
f 5010/5010 5011/5011 5012/5012
f 5013/5013 5010/5010 5012/5012
f 5014/5014 5015/5015 5016/5016
f 5017/5017 5014/5014 5016/5016
f 5018/5018 5019/5019 5020/5020
f 5021/5021 5018/5018 5020/5020
f 5022/5022 5023/5023 5024/5024
f 5025/5025 5022/5022 5024/5024
f 5026/5026 5027/5027 5028/5028
f 5029/5029 5026/5026 5028/5028
f 5030/5030 5031/5031 5032/5032
f 5033/5033 5030/5030 5032/5032
f 5034/5034 5035/5035 5036/5036
f 5037/5037 5034/5034 5036/5036
f 5038/5038 5039/5039 5040/5040
f 5041/5041 5038/5038 5040/5040
f 5042/5042 5043/5043 5044/5044
f 5045/5045 5042/5042 5044/5044
f 5046/5046 5047/5047 5048/5048
f 5049/5049 5046/5046 5048/5048
f 5050/5050 5051/5051 5052/5052
f 5053/5053 5050/5050 5052/5052
f 5054/5054 5055/5055 5056/5056
f 5057/5057 5054/5054 5056/5056
f 5058/5058 5059/5059 5060/5060
f 5061/5061 5058/5058 5060/5060
f 5062/5062 5061/5061 5060/5060
f 5063/5063 5062/5062 5060/5060
f 5064/5064 5063/5063 5060/5060
f 5065/5065 5064/5064 5060/5060
f 5066/5066 5065/5065 5060/5060
f 5067/5067 5066/5066 5060/5060
f 5068/5068 5067/5067 5060/5060
f 5069/5069 5068/5068 5060/5060
f 5070/5070 5069/5069 5060/5060
f 5071/5071 5070/5070 5060/5060
f 5072/5072 5071/5071 5060/5060
f 5073/5073 5072/5072 5060/5060
f 5074/5074 5073/5073 5060/5060
f 5075/5075 5074/5074 5060/5060
f 5076/5076 5075/5075 5060/5060
f 5077/5077 5076/5076 5060/5060
f 5078/5078 5077/5077 5060/5060
f 5079/5079 5078/5078 5060/5060
f 5080/5080 5079/5079 5060/5060
f 5081/5081 5080/5080 5060/5060
f 5082/5082 5081/5081 5060/5060
f 5083/5083 5082/5082 5060/5060
f 5084/5084 5083/5083 5060/5060
f 5085/5085 5084/5084 5060/5060
f 5086/5086 5085/5085 5060/5060
f 5087/5087 5086/5086 5060/5060
f 5088/5088 5087/5087 5060/5060
f 5089/5089 5088/5088 5060/5060
f 5090/5090 5091/5091 5092/5092
f 5093/5093 5090/5090 5092/5092
f 5094/5094 5093/5093 5092/5092
f 5095/5095 5094/5094 5092/5092
f 5096/5096 5095/5095 5092/5092
f 5097/5097 5096/5096 5092/5092
f 5098/5098 5097/5097 5092/5092
f 5099/5099 5098/5098 5092/5092
f 5100/5100 5099/5099 5092/5092
f 5101/5101 5100/5100 5092/5092
f 5102/5102 5101/5101 5092/5092
f 5103/5103 5102/5102 5092/5092
f 5104/5104 5103/5103 5092/5092
f 5105/5105 5104/5104 5092/5092
f 5106/5106 5105/5105 5092/5092
f 5107/5107 5106/5106 5092/5092
f 5108/5108 5107/5107 5092/5092
f 5109/5109 5108/5108 5092/5092
f 5110/5110 5109/5109 5092/5092
f 5111/5111 5110/5110 5092/5092
f 5112/5112 5111/5111 5092/5092
f 5113/5113 5112/5112 5092/5092
f 5114/5114 5113/5113 5092/5092
f 5115/5115 5114/5114 5092/5092
f 5116/5116 5115/5115 5092/5092
f 5117/5117 5116/5116 5092/5092
f 5118/5118 5117/5117 5092/5092
f 5119/5119 5118/5118 5092/5092
f 5120/5120 5119/5119 5092/5092
f 5121/5121 5120/5120 5092/5092
f 5122/5122 5123/5123 5124/5124
f 5125/5125 5122/5122 5124/5124
f 5126/5126 5125/5125 5124/5124
f 5127/5127 5126/5126 5124/5124
f 5128/5128 5127/5127 5124/5124
f 5129/5129 5128/5128 5124/5124
f 5130/5130 5129/5129 5124/5124
f 5131/5131 5130/5130 5124/5124
f 5132/5132 5131/5131 5124/5124
f 5133/5133 5132/5132 5124/5124
f 5134/5134 5133/5133 5124/5124
f 5135/5135 5134/5134 5124/5124
f 5136/5136 5135/5135 5124/5124
f 5137/5137 5136/5136 5124/5124
f 5138/5138 5137/5137 5124/5124
f 5139/5139 5138/5138 5124/5124
f 5140/5140 5139/5139 5124/5124
f 5141/5141 5140/5140 5124/5124
f 5142/5142 5141/5141 5124/5124
f 5143/5143 5142/5142 5124/5124
f 5144/5144 5143/5143 5124/5124
f 5145/5145 5144/5144 5124/5124
f 5146/5146 5145/5145 5124/5124
f 5147/5147 5146/5146 5124/5124
f 5148/5148 5147/5147 5124/5124
f 5149/5149 5148/5148 5124/5124
f 5150/5150 5149/5149 5124/5124
f 5151/5151 5150/5150 5124/5124
f 5152/5152 5151/5151 5124/5124
f 5153/5153 5152/5152 5124/5124
f 5154/5154 5155/5155 5156/5156
f 5157/5157 5154/5154 5156/5156
f 5158/5158 5159/5159 5160/5160
f 5161/5161 5158/5158 5160/5160
f 5162/5162 5163/5163 5164/5164
f 5165/5165 5162/5162 5164/5164
f 5166/5166 5167/5167 5168/5168
f 5169/5169 5166/5166 5168/5168
f 5170/5170 5171/5171 5172/5172
f 5173/5173 5170/5170 5172/5172
f 5174/5174 5175/5175 5176/5176
f 5177/5177 5174/5174 5176/5176
f 5178/5178 5179/5179 5180/5180
f 5181/5181 5178/5178 5180/5180
f 5182/5182 5183/5183 5184/5184
f 5185/5185 5182/5182 5184/5184
f 5186/5186 5187/5187 5188/5188
f 5189/5189 5186/5186 5188/5188
f 5190/5190 5191/5191 5192/5192
f 5193/5193 5190/5190 5192/5192
f 5194/5194 5195/5195 5196/5196
f 5197/5197 5194/5194 5196/5196
f 5198/5198 5199/5199 5200/5200
f 5201/5201 5198/5198 5200/5200
f 5202/5202 5203/5203 5204/5204
f 5205/5205 5202/5202 5204/5204
f 5206/5206 5207/5207 5208/5208
f 5209/5209 5206/5206 5208/5208
f 5210/5210 5211/5211 5212/5212
f 5213/5213 5210/5210 5212/5212
f 5214/5214 5215/5215 5216/5216
f 5217/5217 5214/5214 5216/5216
f 5218/5218 5219/5219 5220/5220
f 5221/5221 5218/5218 5220/5220
f 5222/5222 5223/5223 5224/5224
f 5225/5225 5222/5222 5224/5224
f 5226/5226 5227/5227 5228/5228
f 5229/5229 5226/5226 5228/5228
f 5230/5230 5231/5231 5232/5232
f 5233/5233 5230/5230 5232/5232
f 5234/5234 5235/5235 5236/5236
f 5237/5237 5234/5234 5236/5236
f 5238/5238 5239/5239 5240/5240
f 5241/5241 5238/5238 5240/5240
f 5242/5242 5243/5243 5244/5244
f 5245/5245 5242/5242 5244/5244
f 5246/5246 5247/5247 5248/5248
f 5249/5249 5246/5246 5248/5248
f 5250/5250 5251/5251 5252/5252
f 5253/5253 5250/5250 5252/5252
f 5254/5254 5255/5255 5256/5256
f 5257/5257 5254/5254 5256/5256
f 5258/5258 5259/5259 5260/5260
f 5261/5261 5258/5258 5260/5260
f 5262/5262 5263/5263 5264/5264
f 5265/5265 5262/5262 5264/5264
f 5266/5266 5267/5267 5268/5268
f 5269/5269 5266/5266 5268/5268
f 5270/5270 5271/5271 5272/5272
f 5273/5273 5270/5270 5272/5272
f 5274/5274 5275/5275 5276/5276
f 5277/5277 5274/5274 5276/5276
f 5278/5278 5279/5279 5280/5280
f 5281/5281 5278/5278 5280/5280
f 5282/5282 5283/5283 5284/5284
f 5285/5285 5282/5282 5284/5284
f 5286/5286 5285/5285 5284/5284
f 5287/5287 5286/5286 5284/5284
f 5288/5288 5287/5287 5284/5284
f 5289/5289 5288/5288 5284/5284
f 5290/5290 5289/5289 5284/5284
f 5291/5291 5290/5290 5284/5284
f 5292/5292 5291/5291 5284/5284
f 5293/5293 5292/5292 5284/5284
f 5294/5294 5293/5293 5284/5284
f 5295/5295 5294/5294 5284/5284
f 5296/5296 5295/5295 5284/5284
f 5297/5297 5296/5296 5284/5284
f 5298/5298 5297/5297 5284/5284
f 5299/5299 5298/5298 5284/5284
f 5300/5300 5299/5299 5284/5284
f 5301/5301 5300/5300 5284/5284
f 5302/5302 5301/5301 5284/5284
f 5303/5303 5302/5302 5284/5284
f 5304/5304 5303/5303 5284/5284
f 5305/5305 5304/5304 5284/5284
f 5306/5306 5305/5305 5284/5284
f 5307/5307 5306/5306 5284/5284
f 5308/5308 5307/5307 5284/5284
f 5309/5309 5308/5308 5284/5284
f 5310/5310 5309/5309 5284/5284
f 5311/5311 5310/5310 5284/5284
f 5312/5312 5311/5311 5284/5284
f 5313/5313 5312/5312 5284/5284
f 5314/5314 5315/5315 5316/5316
f 5317/5317 5318/5318 5319/5319
f 5320/5320 5321/5321 5322/5322
f 5323/5323 5320/5320 5322/5322
f 5324/5324 5325/5325 5326/5326
f 5327/5327 5324/5324 5326/5326
f 5328/5328 5329/5329 5330/5330
f 5331/5331 5328/5328 5330/5330
f 5332/5332 5333/5333 5334/5334
f 5335/5335 5336/5336 5337/5337
f 5338/5338 5339/5339 5340/5340
f 5341/5341 5338/5338 5340/5340
f 5342/5342 5343/5343 5344/5344
f 5345/5345 5346/5346 5347/5347
f 5348/5348 5349/5349 5350/5350
f 5351/5351 5348/5348 5350/5350
f 5352/5352 5353/5353 5354/5354
f 5355/5355 5352/5352 5354/5354
f 5356/5356 5355/5355 5354/5354
f 5357/5357 5358/5358 5359/5359
f 5360/5360 5357/5357 5359/5359
f 5361/5361 5362/5362 5363/5363
f 5364/5364 5365/5365 5366/5366
f 5367/5367 5364/5364 5366/5366
f 5368/5368 5367/5367 5366/5366
f 5369/5369 5370/5370 5371/5371
f 5372/5372 5369/5369 5371/5371
f 5373/5373 5374/5374 5375/5375
f 5376/5376 5377/5377 5378/5378
f 5379/5379 5380/5380 5381/5381
f 5382/5382 5379/5379 5381/5381
f 5383/5383 5384/5384 5385/5385
f 5386/5386 5383/5383 5385/5385
f 5387/5387 5388/5388 5389/5389
f 5390/5390 5387/5387 5389/5389
f 5391/5391 5392/5392 5393/5393
f 5394/5394 5391/5391 5393/5393
f 5395/5395 5396/5396 5397/5397
f 5398/5398 5399/5399 5400/5400
f 5401/5401 5402/5402 5403/5403
f 5404/5404 5401/5401 5403/5403
f 5405/5405 5406/5406 5407/5407
f 5408/5408 5405/5405 5407/5407
f 5409/5409 5410/5410 5411/5411
f 5412/5412 5409/5409 5411/5411
f 5413/5413 5414/5414 5415/5415
f 5416/5416 5413/5413 5415/5415
f 5417/5417 5418/5418 5419/5419
f 5420/5420 5417/5417 5419/5419
f 5421/5421 5422/5422 5423/5423
f 5424/5424 5421/5421 5423/5423
f 5425/5425 5426/5426 5427/5427
f 5428/5428 5425/5425 5427/5427
f 5429/5429 5430/5430 5431/5431
f 5432/5432 5429/5429 5431/5431
f 5433/5433 5434/5434 5435/5435
f 5436/5436 5433/5433 5435/5435
f 5437/5437 5438/5438 5439/5439
f 5440/5440 5437/5437 5439/5439
f 5441/5441 5442/5442 5443/5443
f 5444/5444 5441/5441 5443/5443
f 5445/5445 5446/5446 5447/5447
f 5448/5448 5445/5445 5447/5447
f 5449/5449 5450/5450 5451/5451
f 5452/5452 5449/5449 5451/5451
f 5453/5453 5454/5454 5455/5455
f 5456/5456 5453/5453 5455/5455
f 5457/5457 5458/5458 5459/5459
f 5460/5460 5457/5457 5459/5459
f 5461/5461 5462/5462 5463/5463
f 5464/5464 5461/5461 5463/5463
f 5465/5465 5466/5466 5467/5467
f 5468/5468 5465/5465 5467/5467
f 5469/5469 5470/5470 5471/5471
f 5472/5472 5469/5469 5471/5471
f 5473/5473 5474/5474 5475/5475
f 5476/5476 5473/5473 5475/5475
f 5477/5477 5478/5478 5479/5479
f 5480/5480 5477/5477 5479/5479
f 5481/5481 5482/5482 5483/5483
f 5484/5484 5481/5481 5483/5483
f 5485/5485 5486/5486 5487/5487
f 5488/5488 5485/5485 5487/5487
f 5489/5489 5490/5490 5491/5491
f 5492/5492 5489/5489 5491/5491
f 5493/5493 5494/5494 5495/5495
f 5496/5496 5493/5493 5495/5495
f 5497/5497 5498/5498 5499/5499
f 5500/5500 5497/5497 5499/5499
f 5501/5501 5502/5502 5503/5503
f 5504/5504 5501/5501 5503/5503
f 5505/5505 5506/5506 5507/5507
f 5508/5508 5505/5505 5507/5507
f 5509/5509 5510/5510 5511/5511
f 5512/5512 5509/5509 5511/5511
f 5513/5513 5514/5514 5515/5515
f 5516/5516 5513/5513 5515/5515
f 5517/5517 5518/5518 5519/5519
f 5520/5520 5517/5517 5519/5519
f 5521/5521 5522/5522 5523/5523
f 5524/5524 5521/5521 5523/5523
f 5525/5525 5526/5526 5527/5527
f 5528/5528 5525/5525 5527/5527
f 5529/5529 5530/5530 5531/5531
f 5532/5532 5529/5529 5531/5531
f 5533/5533 5534/5534 5535/5535
f 5536/5536 5533/5533 5535/5535
f 5537/5537 5538/5538 5539/5539
f 5540/5540 5537/5537 5539/5539
f 5541/5541 5542/5542 5543/5543
f 5544/5544 5541/5541 5543/5543
f 5545/5545 5546/5546 5547/5547
f 5548/5548 5545/5545 5547/5547
f 5549/5549 5550/5550 5551/5551
f 5552/5552 5549/5549 5551/5551
f 5553/5553 5554/5554 5555/5555
f 5556/5556 5553/5553 5555/5555
f 5557/5557 5558/5558 5559/5559
f 5560/5560 5557/5557 5559/5559
f 5561/5561 5562/5562 5563/5563
f 5564/5564 5561/5561 5563/5563
f 5565/5565 5566/5566 5567/5567
f 5568/5568 5565/5565 5567/5567
f 5569/5569 5570/5570 5571/5571
f 5572/5572 5569/5569 5571/5571
f 5573/5573 5574/5574 5575/5575
f 5576/5576 5573/5573 5575/5575
f 5577/5577 5578/5578 5579/5579
f 5580/5580 5577/5577 5579/5579
f 5581/5581 5582/5582 5583/5583
f 5584/5584 5581/5581 5583/5583
f 5585/5585 5586/5586 5587/5587
f 5588/5588 5585/5585 5587/5587
f 5589/5589 5590/5590 5591/5591
f 5592/5592 5589/5589 5591/5591
f 5593/5593 5594/5594 5595/5595
f 5596/5596 5593/5593 5595/5595
f 5597/5597 5598/5598 5599/5599
f 5600/5600 5597/5597 5599/5599
f 5601/5601 5602/5602 5603/5603
f 5604/5604 5601/5601 5603/5603
f 5605/5605 5606/5606 5607/5607
f 5608/5608 5605/5605 5607/5607
f 5609/5609 5610/5610 5611/5611
f 5612/5612 5609/5609 5611/5611
f 5613/5613 5614/5614 5615/5615
f 5616/5616 5613/5613 5615/5615
f 5617/5617 5618/5618 5619/5619
f 5620/5620 5617/5617 5619/5619
f 5621/5621 5622/5622 5623/5623
f 5624/5624 5621/5621 5623/5623
f 5625/5625 5626/5626 5627/5627
f 5628/5628 5625/5625 5627/5627
f 5629/5629 5630/5630 5631/5631
f 5632/5632 5629/5629 5631/5631
f 5633/5633 5634/5634 5635/5635
f 5636/5636 5633/5633 5635/5635
f 5637/5637 5638/5638 5639/5639
f 5640/5640 5637/5637 5639/5639
f 5641/5641 5642/5642 5643/5643
f 5644/5644 5641/5641 5643/5643
f 5645/5645 5646/5646 5647/5647
f 5648/5648 5645/5645 5647/5647
f 5649/5649 5650/5650 5651/5651
f 5652/5652 5649/5649 5651/5651
f 5653/5653 5654/5654 5655/5655
f 5656/5656 5653/5653 5655/5655
f 5657/5657 5658/5658 5659/5659
f 5660/5660 5657/5657 5659/5659
f 5661/5661 5662/5662 5663/5663
f 5664/5664 5661/5661 5663/5663
f 5665/5665 5666/5666 5667/5667
f 5668/5668 5665/5665 5667/5667
f 5669/5669 5670/5670 5671/5671
f 5672/5672 5669/5669 5671/5671
f 5673/5673 5674/5674 5675/5675
f 5676/5676 5673/5673 5675/5675
f 5677/5677 5678/5678 5679/5679
f 5680/5680 5677/5677 5679/5679
f 5681/5681 5682/5682 5683/5683
f 5684/5684 5681/5681 5683/5683
f 5685/5685 5686/5686 5687/5687
f 5688/5688 5685/5685 5687/5687
f 5689/5689 5690/5690 5691/5691
f 5692/5692 5689/5689 5691/5691
f 5693/5693 5694/5694 5695/5695
f 5696/5696 5693/5693 5695/5695
f 5697/5697 5698/5698 5699/5699
f 5700/5700 5697/5697 5699/5699
f 5701/5701 5702/5702 5703/5703
f 5704/5704 5701/5701 5703/5703
f 5705/5705 5706/5706 5707/5707
f 5708/5708 5705/5705 5707/5707
f 5709/5709 5710/5710 5711/5711
f 5712/5712 5709/5709 5711/5711
f 5713/5713 5714/5714 5715/5715
f 5716/5716 5713/5713 5715/5715
f 5717/5717 5718/5718 5719/5719
f 5720/5720 5717/5717 5719/5719
f 5721/5721 5722/5722 5723/5723
f 5724/5724 5721/5721 5723/5723
f 5725/5725 5726/5726 5727/5727
f 5728/5728 5725/5725 5727/5727
f 5729/5729 5730/5730 5731/5731
f 5732/5732 5729/5729 5731/5731
f 5733/5733 5734/5734 5735/5735
f 5736/5736 5733/5733 5735/5735
f 5737/5737 5738/5738 5739/5739
f 5740/5740 5737/5737 5739/5739
f 5741/5741 5742/5742 5743/5743
f 5744/5744 5741/5741 5743/5743
f 5745/5745 5746/5746 5747/5747
f 5748/5748 5745/5745 5747/5747
f 5749/5749 5750/5750 5751/5751
f 5752/5752 5749/5749 5751/5751
f 5753/5753 5754/5754 5755/5755
f 5756/5756 5753/5753 5755/5755
f 5757/5757 5758/5758 5759/5759
f 5760/5760 5757/5757 5759/5759
f 5761/5761 5762/5762 5763/5763
f 5764/5764 5761/5761 5763/5763
f 5765/5765 5766/5766 5767/5767
f 5768/5768 5765/5765 5767/5767
f 5769/5769 5770/5770 5771/5771
f 5772/5772 5769/5769 5771/5771
f 5773/5773 5774/5774 5775/5775
f 5776/5776 5773/5773 5775/5775
f 5777/5777 5778/5778 5779/5779
f 5780/5780 5777/5777 5779/5779
f 5781/5781 5782/5782 5783/5783
f 5784/5784 5781/5781 5783/5783
f 5785/5785 5786/5786 5787/5787
f 5788/5788 5785/5785 5787/5787
f 5789/5789 5790/5790 5791/5791
f 5792/5792 5789/5789 5791/5791
f 5793/5793 5794/5794 5795/5795
f 5796/5796 5793/5793 5795/5795
f 5797/5797 5798/5798 5799/5799
f 5800/5800 5797/5797 5799/5799
f 5801/5801 5802/5802 5803/5803
f 5804/5804 5801/5801 5803/5803
f 5805/5805 5806/5806 5807/5807
f 5808/5808 5805/5805 5807/5807
f 5809/5809 5810/5810 5811/5811
f 5812/5812 5809/5809 5811/5811
f 5813/5813 5814/5814 5815/5815
f 5816/5816 5813/5813 5815/5815
f 5817/5817 5818/5818 5819/5819
f 5820/5820 5817/5817 5819/5819
f 5821/5821 5822/5822 5823/5823
f 5824/5824 5821/5821 5823/5823
f 5825/5825 5826/5826 5827/5827
f 5828/5828 5825/5825 5827/5827
f 5829/5829 5830/5830 5831/5831
f 5832/5832 5829/5829 5831/5831
f 5833/5833 5834/5834 5835/5835
f 5836/5836 5833/5833 5835/5835
f 5837/5837 5838/5838 5839/5839
f 5840/5840 5837/5837 5839/5839
f 5841/5841 5842/5842 5843/5843
f 5844/5844 5841/5841 5843/5843
f 5845/5845 5846/5846 5847/5847
f 5848/5848 5845/5845 5847/5847
f 5849/5849 5850/5850 5851/5851
f 5852/5852 5849/5849 5851/5851
f 5853/5853 5854/5854 5855/5855
f 5856/5856 5853/5853 5855/5855
f 5857/5857 5858/5858 5859/5859
f 5860/5860 5857/5857 5859/5859
f 5861/5861 5862/5862 5863/5863
f 5864/5864 5861/5861 5863/5863
f 5865/5865 5866/5866 5867/5867
f 5868/5868 5865/5865 5867/5867
f 5869/5869 5870/5870 5871/5871
f 5872/5872 5869/5869 5871/5871
f 5873/5873 5874/5874 5875/5875
f 5876/5876 5873/5873 5875/5875
f 5877/5877 5878/5878 5879/5879
f 5880/5880 5877/5877 5879/5879
f 5881/5881 5882/5882 5883/5883
f 5884/5884 5881/5881 5883/5883
f 5885/5885 5886/5886 5887/5887
f 5888/5888 5885/5885 5887/5887
f 5889/5889 5890/5890 5891/5891
f 5892/5892 5889/5889 5891/5891
f 5893/5893 5894/5894 5895/5895
f 5896/5896 5893/5893 5895/5895
f 5897/5897 5898/5898 5899/5899
f 5900/5900 5897/5897 5899/5899
f 5901/5901 5902/5902 5903/5903
f 5904/5904 5901/5901 5903/5903
f 5905/5905 5906/5906 5907/5907
f 5908/5908 5905/5905 5907/5907
f 5909/5909 5910/5910 5911/5911
f 5912/5912 5909/5909 5911/5911
f 5913/5913 5914/5914 5915/5915
f 5916/5916 5913/5913 5915/5915
f 5917/5917 5918/5918 5919/5919
f 5920/5920 5917/5917 5919/5919
f 5921/5921 5922/5922 5923/5923
f 5924/5924 5921/5921 5923/5923
f 5925/5925 5926/5926 5927/5927
f 5928/5928 5925/5925 5927/5927
f 5929/5929 5930/5930 5931/5931
f 5932/5932 5929/5929 5931/5931
f 5933/5933 5934/5934 5935/5935
f 5936/5936 5933/5933 5935/5935
f 5937/5937 5938/5938 5939/5939
f 5940/5940 5937/5937 5939/5939
f 5941/5941 5942/5942 5943/5943
f 5944/5944 5941/5941 5943/5943
f 5945/5945 5946/5946 5947/5947
f 5948/5948 5945/5945 5947/5947
f 5949/5949 5950/5950 5951/5951
f 5952/5952 5949/5949 5951/5951
f 5953/5953 5954/5954 5955/5955
f 5956/5956 5953/5953 5955/5955
f 5957/5957 5958/5958 5959/5959
f 5960/5960 5957/5957 5959/5959
f 5961/5961 5962/5962 5963/5963
f 5964/5964 5961/5961 5963/5963
f 5965/5965 5966/5966 5967/5967
f 5968/5968 5965/5965 5967/5967
f 5969/5969 5970/5970 5971/5971
f 5972/5972 5969/5969 5971/5971
f 5973/5973 5974/5974 5975/5975
f 5976/5976 5973/5973 5975/5975
f 5977/5977 5978/5978 5979/5979
f 5980/5980 5977/5977 5979/5979
f 5981/5981 5982/5982 5983/5983
f 5984/5984 5981/5981 5983/5983
f 5985/5985 5986/5986 5987/5987
f 5988/5988 5985/5985 5987/5987
f 5989/5989 5990/5990 5991/5991
f 5992/5992 5989/5989 5991/5991
f 5993/5993 5994/5994 5995/5995
f 5996/5996 5993/5993 5995/5995
f 5997/5997 5998/5998 5999/5999
f 6000/6000 5997/5997 5999/5999
f 6001/6001 6002/6002 6003/6003
f 6004/6004 6001/6001 6003/6003
f 6005/6005 6006/6006 6007/6007
f 6008/6008 6005/6005 6007/6007
f 6009/6009 6010/6010 6011/6011
f 6012/6012 6009/6009 6011/6011
f 6013/6013 6014/6014 6015/6015
f 6016/6016 6013/6013 6015/6015
f 6017/6017 6018/6018 6019/6019
f 6020/6020 6017/6017 6019/6019
f 6021/6021 6022/6022 6023/6023
f 6024/6024 6021/6021 6023/6023
f 6025/6025 6026/6026 6027/6027
f 6028/6028 6025/6025 6027/6027
f 6029/6029 6030/6030 6031/6031
f 6032/6032 6029/6029 6031/6031
f 6033/6033 6034/6034 6035/6035
f 6036/6036 6033/6033 6035/6035
f 6037/6037 6038/6038 6039/6039
f 6040/6040 6037/6037 6039/6039
f 6041/6041 6042/6042 6043/6043
f 6044/6044 6041/6041 6043/6043
f 6045/6045 6046/6046 6047/6047
f 6048/6048 6045/6045 6047/6047
f 6049/6049 6050/6050 6051/6051
f 6052/6052 6049/6049 6051/6051
f 6053/6053 6054/6054 6055/6055
f 6056/6056 6053/6053 6055/6055
f 6057/6057 6058/6058 6059/6059
f 6060/6060 6057/6057 6059/6059
f 6061/6061 6062/6062 6063/6063
f 6064/6064 6061/6061 6063/6063
f 6065/6065 6066/6066 6067/6067
f 6068/6068 6065/6065 6067/6067
f 6069/6069 6070/6070 6071/6071
f 6072/6072 6069/6069 6071/6071
f 6073/6073 6074/6074 6075/6075
f 6076/6076 6073/6073 6075/6075
f 6077/6077 6078/6078 6079/6079
f 6080/6080 6077/6077 6079/6079
f 6081/6081 6082/6082 6083/6083
f 6084/6084 6081/6081 6083/6083
f 6085/6085 6086/6086 6087/6087
f 6088/6088 6085/6085 6087/6087
f 6089/6089 6090/6090 6091/6091
f 6092/6092 6089/6089 6091/6091
f 6093/6093 6094/6094 6095/6095
f 6096/6096 6093/6093 6095/6095
f 6097/6097 6098/6098 6099/6099
f 6100/6100 6097/6097 6099/6099
f 6101/6101 6102/6102 6103/6103
f 6104/6104 6101/6101 6103/6103
f 6105/6105 6106/6106 6107/6107
f 6108/6108 6105/6105 6107/6107
f 6109/6109 6110/6110 6111/6111
f 6112/6112 6109/6109 6111/6111
f 6113/6113 6114/6114 6115/6115
f 6116/6116 6113/6113 6115/6115
f 6117/6117 6118/6118 6119/6119
f 6120/6120 6117/6117 6119/6119
f 6121/6121 6122/6122 6123/6123
f 6124/6124 6121/6121 6123/6123
f 6125/6125 6126/6126 6127/6127
f 6128/6128 6125/6125 6127/6127
f 6129/6129 6130/6130 6131/6131
f 6132/6132 6129/6129 6131/6131
f 6133/6133 6134/6134 6135/6135
f 6136/6136 6133/6133 6135/6135
f 6137/6137 6138/6138 6139/6139
f 6140/6140 6137/6137 6139/6139
f 6141/6141 6142/6142 6143/6143
f 6144/6144 6141/6141 6143/6143
f 6145/6145 6146/6146 6147/6147
f 6148/6148 6145/6145 6147/6147
f 6149/6149 6150/6150 6151/6151
f 6152/6152 6149/6149 6151/6151
f 6153/6153 6154/6154 6155/6155
f 6156/6156 6153/6153 6155/6155
f 6157/6157 6158/6158 6159/6159
f 6160/6160 6157/6157 6159/6159
f 6161/6161 6162/6162 6163/6163
f 6164/6164 6161/6161 6163/6163
f 6165/6165 6166/6166 6167/6167
f 6168/6168 6165/6165 6167/6167
f 6169/6169 6170/6170 6171/6171
f 6172/6172 6169/6169 6171/6171
f 6173/6173 6174/6174 6175/6175
f 6176/6176 6173/6173 6175/6175
f 6177/6177 6178/6178 6179/6179
f 6180/6180 6177/6177 6179/6179
f 6181/6181 6182/6182 6183/6183
f 6184/6184 6181/6181 6183/6183
f 6185/6185 6186/6186 6187/6187
f 6188/6188 6185/6185 6187/6187
f 6189/6189 6190/6190 6191/6191
f 6192/6192 6189/6189 6191/6191
f 6193/6193 6194/6194 6195/6195
f 6196/6196 6193/6193 6195/6195
f 6197/6197 6198/6198 6199/6199
f 6200/6200 6197/6197 6199/6199
f 6201/6201 6202/6202 6203/6203
f 6204/6204 6201/6201 6203/6203
f 6205/6205 6206/6206 6207/6207
f 6208/6208 6205/6205 6207/6207
f 6209/6209 6210/6210 6211/6211
f 6212/6212 6209/6209 6211/6211
f 6213/6213 6214/6214 6215/6215
f 6216/6216 6213/6213 6215/6215
f 6217/6217 6218/6218 6219/6219
f 6220/6220 6217/6217 6219/6219
f 6221/6221 6222/6222 6223/6223
f 6224/6224 6221/6221 6223/6223
f 6225/6225 6226/6226 6227/6227
f 6228/6228 6225/6225 6227/6227
f 6229/6229 6230/6230 6231/6231
f 6232/6232 6229/6229 6231/6231
f 6233/6233 6234/6234 6235/6235
f 6236/6236 6233/6233 6235/6235
f 6237/6237 6238/6238 6239/6239
f 6240/6240 6237/6237 6239/6239
f 6241/6241 6242/6242 6243/6243
f 6244/6244 6241/6241 6243/6243
f 6245/6245 6246/6246 6247/6247
f 6248/6248 6245/6245 6247/6247
f 6249/6249 6250/6250 6251/6251
f 6252/6252 6249/6249 6251/6251
f 6253/6253 6254/6254 6255/6255
f 6256/6256 6253/6253 6255/6255
f 6257/6257 6258/6258 6259/6259
f 6260/6260 6257/6257 6259/6259
f 6261/6261 6262/6262 6263/6263
f 6264/6264 6261/6261 6263/6263
f 6265/6265 6266/6266 6267/6267
f 6268/6268 6265/6265 6267/6267
f 6269/6269 6270/6270 6271/6271
f 6272/6272 6269/6269 6271/6271
f 6273/6273 6274/6274 6275/6275
f 6276/6276 6273/6273 6275/6275
f 6277/6277 6278/6278 6279/6279
f 6280/6280 6277/6277 6279/6279
f 6281/6281 6282/6282 6283/6283
f 6284/6284 6281/6281 6283/6283
f 6285/6285 6286/6286 6287/6287
f 6288/6288 6285/6285 6287/6287
f 6289/6289 6290/6290 6291/6291
f 6292/6292 6289/6289 6291/6291
f 6293/6293 6294/6294 6295/6295
f 6296/6296 6293/6293 6295/6295
f 6297/6297 6298/6298 6299/6299
f 6300/6300 6297/6297 6299/6299
f 6301/6301 6302/6302 6303/6303
f 6304/6304 6301/6301 6303/6303
f 6305/6305 6306/6306 6307/6307
f 6308/6308 6305/6305 6307/6307
f 6309/6309 6310/6310 6311/6311
f 6312/6312 6309/6309 6311/6311
f 6313/6313 6314/6314 6315/6315
f 6316/6316 6313/6313 6315/6315
f 6317/6317 6318/6318 6319/6319
f 6320/6320 6317/6317 6319/6319
f 6321/6321 6322/6322 6323/6323
f 6324/6324 6321/6321 6323/6323
f 6325/6325 6324/6324 6323/6323
f 6326/6326 6327/6327 6328/6328
f 6329/6329 6326/6326 6328/6328
f 6330/6330 6329/6329 6328/6328
f 6331/6331 6332/6332 6333/6333
f 6334/6334 6331/6331 6333/6333
f 6335/6335 6334/6334 6333/6333
f 6336/6336 6337/6337 6338/6338
f 6339/6339 6336/6336 6338/6338
f 6340/6340 6341/6341 6342/6342
f 6343/6343 6340/6340 6342/6342
f 6344/6344 6345/6345 6346/6346
f 6347/6347 6344/6344 6346/6346
f 6348/6348 6349/6349 6350/6350
f 6351/6351 6348/6348 6350/6350
f 6352/6352 6353/6353 6354/6354
f 6355/6355 6352/6352 6354/6354
f 6356/6356 6357/6357 6358/6358
f 6359/6359 6356/6356 6358/6358
f 6360/6360 6361/6361 6362/6362
f 6363/6363 6360/6360 6362/6362
f 6364/6364 6365/6365 6366/6366
f 6367/6367 6364/6364 6366/6366
f 6368/6368 6369/6369 6370/6370
f 6371/6371 6368/6368 6370/6370
f 6372/6372 6373/6373 6374/6374
f 6375/6375 6372/6372 6374/6374
f 6376/6376 6377/6377 6378/6378
f 6379/6379 6376/6376 6378/6378
f 6380/6380 6381/6381 6382/6382
f 6383/6383 6380/6380 6382/6382
f 6384/6384 6385/6385 6386/6386
f 6387/6387 6384/6384 6386/6386
f 6388/6388 6389/6389 6390/6390
f 6391/6391 6388/6388 6390/6390
f 6392/6392 6393/6393 6394/6394
f 6395/6395 6392/6392 6394/6394
f 6396/6396 6397/6397 6398/6398
f 6399/6399 6396/6396 6398/6398
f 6400/6400 6401/6401 6402/6402
f 6403/6403 6400/6400 6402/6402
f 6404/6404 6405/6405 6406/6406
f 6407/6407 6404/6404 6406/6406
f 6408/6408 6409/6409 6410/6410
f 6411/6411 6408/6408 6410/6410
f 6412/6412 6413/6413 6414/6414
f 6415/6415 6412/6412 6414/6414
f 6416/6416 6417/6417 6418/6418
f 6419/6419 6416/6416 6418/6418
f 6420/6420 6421/6421 6422/6422
f 6423/6423 6420/6420 6422/6422
f 6424/6424 6425/6425 6426/6426
f 6427/6427 6424/6424 6426/6426
f 6428/6428 6429/6429 6430/6430
f 6431/6431 6428/6428 6430/6430
f 6432/6432 6433/6433 6434/6434
f 6435/6435 6432/6432 6434/6434
f 6436/6436 6437/6437 6438/6438
f 6439/6439 6436/6436 6438/6438
f 6440/6440 6441/6441 6442/6442
f 6443/6443 6440/6440 6442/6442
f 6444/6444 6445/6445 6446/6446
f 6447/6447 6444/6444 6446/6446
f 6448/6448 6449/6449 6450/6450
f 6451/6451 6448/6448 6450/6450
f 6452/6452 6453/6453 6454/6454
f 6455/6455 6452/6452 6454/6454
f 6456/6456 6457/6457 6458/6458
f 6459/6459 6456/6456 6458/6458
f 6460/6460 6461/6461 6462/6462
f 6463/6463 6460/6460 6462/6462
f 6464/6464 6465/6465 6466/6466
f 6467/6467 6464/6464 6466/6466
f 6468/6468 6469/6469 6470/6470
f 6471/6471 6468/6468 6470/6470
f 6472/6472 6473/6473 6474/6474
f 6475/6475 6472/6472 6474/6474
f 6476/6476 6477/6477 6478/6478
f 6479/6479 6476/6476 6478/6478
f 6480/6480 6481/6481 6482/6482
f 6483/6483 6480/6480 6482/6482
f 6484/6484 6485/6485 6486/6486
f 6487/6487 6484/6484 6486/6486
f 6488/6488 6489/6489 6490/6490
f 6491/6491 6488/6488 6490/6490
f 6492/6492 6493/6493 6494/6494
f 6495/6495 6492/6492 6494/6494
f 6496/6496 6497/6497 6498/6498
f 6499/6499 6496/6496 6498/6498
f 6500/6500 6501/6501 6502/6502
f 6503/6503 6500/6500 6502/6502
f 6504/6504 6505/6505 6506/6506
f 6507/6507 6504/6504 6506/6506
f 6508/6508 6509/6509 6510/6510
f 6511/6511 6508/6508 6510/6510
f 6512/6512 6513/6513 6514/6514
f 6515/6515 6512/6512 6514/6514
f 6516/6516 6517/6517 6518/6518
f 6519/6519 6516/6516 6518/6518
f 6520/6520 6521/6521 6522/6522
f 6523/6523 6520/6520 6522/6522
f 6524/6524 6525/6525 6526/6526
f 6527/6527 6524/6524 6526/6526
f 6528/6528 6529/6529 6530/6530
f 6531/6531 6528/6528 6530/6530
f 6532/6532 6533/6533 6534/6534
f 6535/6535 6532/6532 6534/6534
f 6536/6536 6537/6537 6538/6538
f 6539/6539 6536/6536 6538/6538
f 6540/6540 6541/6541 6542/6542
f 6543/6543 6540/6540 6542/6542
f 6544/6544 6545/6545 6546/6546
f 6547/6547 6544/6544 6546/6546
f 6548/6548 6549/6549 6550/6550
f 6551/6551 6548/6548 6550/6550
f 6552/6552 6553/6553 6554/6554
f 6555/6555 6552/6552 6554/6554
f 6556/6556 6557/6557 6558/6558
f 6559/6559 6556/6556 6558/6558
f 6560/6560 6561/6561 6562/6562
f 6563/6563 6560/6560 6562/6562
f 6564/6564 6565/6565 6566/6566
f 6567/6567 6564/6564 6566/6566
f 6568/6568 6569/6569 6570/6570
f 6571/6571 6568/6568 6570/6570
f 6572/6572 6573/6573 6574/6574
f 6575/6575 6572/6572 6574/6574
f 6576/6576 6577/6577 6578/6578
f 6579/6579 6576/6576 6578/6578
f 6580/6580 6581/6581 6582/6582
f 6583/6583 6580/6580 6582/6582
f 6584/6584 6585/6585 6586/6586
f 6587/6587 6584/6584 6586/6586
f 6588/6588 6589/6589 6590/6590
f 6591/6591 6588/6588 6590/6590
f 6592/6592 6593/6593 6594/6594
f 6595/6595 6592/6592 6594/6594
f 6596/6596 6597/6597 6598/6598
f 6599/6599 6596/6596 6598/6598
f 6600/6600 6601/6601 6602/6602
f 6603/6603 6600/6600 6602/6602
f 6604/6604 6605/6605 6606/6606
f 6607/6607 6604/6604 6606/6606
f 6608/6608 6609/6609 6610/6610
f 6611/6611 6608/6608 6610/6610
f 6612/6612 6613/6613 6614/6614
f 6615/6615 6612/6612 6614/6614
f 6616/6616 6617/6617 6618/6618
f 6619/6619 6616/6616 6618/6618
f 6620/6620 6621/6621 6622/6622
f 6623/6623 6620/6620 6622/6622
f 6624/6624 6625/6625 6626/6626
f 6627/6627 6624/6624 6626/6626
f 6628/6628 6629/6629 6630/6630
f 6631/6631 6628/6628 6630/6630
f 6632/6632 6633/6633 6634/6634
f 6635/6635 6632/6632 6634/6634
f 6636/6636 6637/6637 6638/6638
f 6639/6639 6636/6636 6638/6638
f 6640/6640 6641/6641 6642/6642
f 6643/6643 6640/6640 6642/6642
f 6644/6644 6645/6645 6646/6646
f 6647/6647 6644/6644 6646/6646
f 6648/6648 6649/6649 6650/6650
f 6651/6651 6648/6648 6650/6650
f 6652/6652 6653/6653 6654/6654
f 6655/6655 6652/6652 6654/6654
f 6656/6656 6657/6657 6658/6658
f 6659/6659 6656/6656 6658/6658
f 6660/6660 6661/6661 6662/6662
f 6663/6663 6660/6660 6662/6662
f 6664/6664 6665/6665 6666/6666
f 6667/6667 6664/6664 6666/6666
f 6668/6668 6669/6669 6670/6670
f 6671/6671 6668/6668 6670/6670
f 6672/6672 6673/6673 6674/6674
f 6675/6675 6672/6672 6674/6674
f 6676/6676 6677/6677 6678/6678
f 6679/6679 6676/6676 6678/6678
f 6680/6680 6681/6681 6682/6682
f 6683/6683 6680/6680 6682/6682
f 6684/6684 6685/6685 6686/6686
f 6687/6687 6684/6684 6686/6686
f 6688/6688 6689/6689 6690/6690
f 6691/6691 6688/6688 6690/6690
f 6692/6692 6693/6693 6694/6694
f 6695/6695 6692/6692 6694/6694
f 6696/6696 6697/6697 6698/6698
f 6699/6699 6696/6696 6698/6698
f 6700/6700 6701/6701 6702/6702
f 6703/6703 6700/6700 6702/6702
f 6704/6704 6705/6705 6706/6706
f 6707/6707 6704/6704 6706/6706
f 6708/6708 6709/6709 6710/6710
f 6711/6711 6708/6708 6710/6710
f 6712/6712 6713/6713 6714/6714
f 6715/6715 6712/6712 6714/6714
f 6716/6716 6717/6717 6718/6718
f 6719/6719 6716/6716 6718/6718
f 6720/6720 6721/6721 6722/6722
f 6723/6723 6720/6720 6722/6722
f 6724/6724 6725/6725 6726/6726
f 6727/6727 6724/6724 6726/6726
f 6728/6728 6729/6729 6730/6730
f 6731/6731 6728/6728 6730/6730
f 6732/6732 6733/6733 6734/6734
f 6735/6735 6732/6732 6734/6734
f 6736/6736 6737/6737 6738/6738
f 6739/6739 6736/6736 6738/6738
f 6740/6740 6741/6741 6742/6742
f 6743/6743 6740/6740 6742/6742
f 6744/6744 6745/6745 6746/6746
f 6747/6747 6744/6744 6746/6746
f 6748/6748 6749/6749 6750/6750
f 6751/6751 6748/6748 6750/6750
f 6752/6752 6753/6753 6754/6754
f 6755/6755 6752/6752 6754/6754
f 6756/6756 6757/6757 6758/6758
f 6759/6759 6756/6756 6758/6758
f 6760/6760 6761/6761 6762/6762
f 6763/6763 6760/6760 6762/6762
f 6764/6764 6765/6765 6766/6766
f 6767/6767 6764/6764 6766/6766
f 6768/6768 6769/6769 6770/6770
f 6771/6771 6768/6768 6770/6770
f 6772/6772 6773/6773 6774/6774
f 6775/6775 6772/6772 6774/6774
f 6776/6776 6777/6777 6778/6778
f 6779/6779 6776/6776 6778/6778
f 6780/6780 6781/6781 6782/6782
f 6783/6783 6780/6780 6782/6782
f 6784/6784 6785/6785 6786/6786
f 6787/6787 6784/6784 6786/6786
