# SCP CB Converted Room Mesh

v 15.832103729248047 331.94305419921875 895.1028442382812
v -0.06293699890375137 351.93505859375 928.1091918945312
v -0.06293699890375137 331.94305419921875 891.4747924804688
v 28.579111099243164 331.94305419921875 905.26806640625
v 35.65290451049805 331.94305419921875 919.9573974609375
v 35.65290451049805 331.94305419921875 936.26123046875
v 28.579111099243164 331.94305419921875 950.9505004882812
v 15.832103729248047 331.94305419921875 961.1157836914062
v -0.06293699890375137 331.94305419921875 964.7435302734375
v -15.957979202270508 331.94305419921875 895.1028442382812
v -28.704986572265625 331.94305419921875 905.26806640625
v -35.778778076171875 331.94305419921875 919.9573974609375
v -35.778778076171875 331.94305419921875 936.26123046875
v -28.704986572265625 331.94305419921875 950.9505004882812
v -15.957979202270508 331.94305419921875 961.1157836914062
v -12.244185447692871 361.1827697753906 924.1514282226562
v -0.06293699890375137 361.1827697753906 915.30126953125
v -7.5913848876953125 361.1827697753906 917.747314453125
v -12.244185447692871 361.1827697753906 932.0671997070312
v -12.244185447692871 361.1827697753906 924.1514282226562
v -8.842967987060547 346.0397644042969 916.0244140625
v -14.269401550292969 346.0397644042969 923.4932250976562
v -7.5913848876953125 361.1827697753906 917.747314453125
v -12.244185447692871 361.1827697753906 932.0671997070312
v -14.269401550292969 346.0397644042969 932.72509765625
v -7.5913848876953125 361.1827697753906 938.4710083007812
v -8.842967987060547 346.0397644042969 940.1939086914062
v -0.06293699890375137 361.1827697753906 940.9171142578125
v -0.06293699890375137 346.0397644042969 943.0467529296875
v 8.717095375061035 346.0397644042969 916.0244140625
v 12.118310928344727 361.1827697753906 924.1514282226562
v 14.143527030944824 346.0397644042969 923.4932250976562
v 7.465510845184326 361.1827697753906 917.747314453125
v 12.118310928344727 361.1827697753906 932.0671997070312
v 14.143527030944824 346.0397644042969 932.72509765625
v 7.465510845184326 361.1827697753906 938.4710083007812
v 8.717095375061035 346.0397644042969 940.1939086914062
v -0.06293699890375137 346.0397644042969 913.1715698242188
v -0.06293699890375137 361.1827697753906 915.30126953125
v -0.06293699890375137 346.0397644042969 913.1715698242188
v -0.06293699890375137 361.1827697753906 915.30126953125
v 23.608104705810547 339.1041564941406 909.2322387695312
v 14.143527030944824 346.0397644042969 923.4932250976562
v 29.454376220703125 339.1041564941406 921.3720092773438
v 8.717095375061035 346.0397644042969 916.0244140625
v 15.832103729248047 331.94305419921875 895.1028442382812
v -0.06293699890375137 339.1041564941406 897.8328247070312
v 13.073448181152344 339.1041564941406 900.8311157226562
v -0.06293699890375137 331.94305419921875 891.4747924804688
v 28.579111099243164 331.94305419921875 905.26806640625
v 35.65290451049805 331.94305419921875 919.9573974609375
v 14.143527030944824 346.0397644042969 932.72509765625
v 29.454376220703125 339.1041564941406 934.8463134765625
v 35.65290451049805 331.94305419921875 936.26123046875
v 28.579111099243164 331.94305419921875 950.9505004882812
v 23.608104705810547 339.1041564941406 946.986083984375
v 15.832103729248047 331.94305419921875 961.1157836914062
v 13.073448181152344 339.1041564941406 955.3872680664062
v -0.06293699890375137 346.0397644042969 943.0467529296875
v -0.06293699890375137 339.1041564941406 958.3855590820312
v 8.717095375061035 346.0397644042969 940.1939086914062
v -28.704986572265625 331.94305419921875 950.9505004882812
v -13.199321746826172 339.1041564941406 955.3872680664062
v -23.733976364135742 339.1041564941406 946.986083984375
v -15.957979202270508 331.94305419921875 961.1157836914062
v -0.06293699890375137 331.94305419921875 964.7435302734375
v -0.06293699890375137 339.1041564941406 897.8328247070312
v -8.842967987060547 346.0397644042969 916.0244140625
v -0.06293699890375137 346.0397644042969 913.1715698242188
v -13.199321746826172 339.1041564941406 900.8311157226562
v -0.06293699890375137 331.94305419921875 891.4747924804688
v -15.957979202270508 331.94305419921875 895.1028442382812
v -23.733976364135742 339.1041564941406 909.2322387695312
v -28.704986572265625 331.94305419921875 905.26806640625
v -29.580249786376953 339.1041564941406 921.3720092773438
v -35.778778076171875 331.94305419921875 919.9573974609375
v -14.269401550292969 346.0397644042969 932.72509765625
v -8.842967987060547 346.0397644042969 940.1939086914062
v -29.580249786376953 339.1041564941406 934.8463134765625
v -35.778778076171875 331.94305419921875 936.26123046875
v -0.06293699890375137 438.8305358886719 927.77880859375
v -0.06293699890375137 438.8305358886719 928.4397583007812
v 0.2675749957561493 438.8305358886719 928.1092529296875
v -0.39344799518585205 438.8305358886719 928.1092529296875
v -0.06293699890375137 438.8305358886719 928.4397583007812
v 0.2675749957561493 359.048583984375 928.1092529296875
v 0.2675749957561493 438.8305358886719 928.1092529296875
v -0.06293699890375137 359.048583984375 928.4397583007812
v -0.06293699890375137 359.048583984375 927.77880859375
v -0.06293699890375137 438.8305358886719 927.77880859375
v -0.39344799518585205 438.8305358886719 928.1092529296875
v -0.06293699890375137 359.048583984375 928.4397583007812
v -0.06293699890375137 438.8305358886719 928.4397583007812
v -0.39344799518585205 359.048583984375 928.1092529296875
v -0.06293699890375137 349.4387512207031 933.789306640625
v -5.3918328285217285 343.0314636230469 937.3392333984375
v -0.06293699890375137 343.0314636230469 938.7672119140625
v -4.9819769859313965 349.4387512207031 930.94921875
v -9.293017387390137 343.0314636230469 933.4381103515625
v -10.720985412597656 343.0314636230469 928.1091918945312
v -4.9819769859313965 349.4387512207031 925.2691040039062
v -9.293017387390137 343.0314636230469 922.7802734375
v -5.3918328285217285 343.0314636230469 918.8790893554688
v -0.06293699890375137 349.4387512207031 922.4290771484375
v -0.06293699890375137 343.0314636230469 917.4511108398438
v -4.677848815917969 340.94976806640625 936.102783203125
v -0.06293699890375137 340.94976806640625 937.3392333984375
v -8.056281089782715 340.94976806640625 932.724365234375
v -9.293017387390137 340.94976806640625 928.1091918945312
v -8.056281089782715 340.94976806640625 923.4942626953125
v -4.677848815917969 340.94976806640625 920.1158447265625
v -0.06293699890375137 340.94976806640625 918.8790893554688
v -0.06293699890375137 349.4387512207031 922.4290771484375
v 5.265960216522217 343.0314636230469 918.8790893554688
v -0.06293699890375137 343.0314636230469 917.4511108398438
v 4.85610294342041 349.4387512207031 925.2691040039062
v 9.167143821716309 343.0314636230469 922.7802734375
v 10.595110893249512 343.0314636230469 928.1091918945312
v 4.85610294342041 349.4387512207031 930.94921875
v 9.167143821716309 343.0314636230469 933.4381103515625
v 5.265960216522217 343.0314636230469 937.3392333984375
v -0.06293699890375137 349.4387512207031 933.789306640625
v -0.06293699890375137 343.0314636230469 938.7672119140625
v 4.551976203918457 340.94976806640625 920.1158447265625
v -0.06293699890375137 340.94976806640625 918.8790893554688
v 7.930408000946045 340.94976806640625 923.4942626953125
v 9.167143821716309 340.94976806640625 928.1091918945312
v 7.930408000946045 340.94976806640625 932.724365234375
v 4.551976203918457 340.94976806640625 936.102783203125
v -0.06293699890375137 340.94976806640625 937.3392333984375
v -2.7273850440979004 339.42596435546875 932.724365234375
v -0.06293699890375137 340.94976806640625 937.3392333984375
v -4.677848815917969 340.94976806640625 936.102783203125
v -0.06293699890375137 339.42596435546875 933.4381103515625
v -4.677848815917969 339.42596435546875 930.7736206054688
v -8.056281089782715 340.94976806640625 932.724365234375
v -5.3918328285217285 339.42596435546875 928.1091918945312
v -9.293017387390137 340.94976806640625 928.1091918945312
v -4.677848815917969 339.42596435546875 925.4447631835938
v -8.056281089782715 340.94976806640625 923.4942626953125
v -2.7273850440979004 339.42596435546875 923.4942626953125
v -4.677848815917969 340.94976806640625 920.1158447265625
v -0.06293699890375137 339.42596435546875 922.7802734375
v 2.601511001586914 339.42596435546875 923.4942626953125
v 4.551976203918457 339.42596435546875 925.4447631835938
v 5.265960216522217 339.42596435546875 928.1091918945312
v 4.551976203918457 339.42596435546875 930.7736206054688
v 2.601511001586914 339.42596435546875 932.724365234375
v -0.06293699890375137 338.8681640625 928.1091918945312
v -0.06293699890375137 346.0397644042969 913.1715698242188
v 23.608104705810547 339.1041564941406 946.986083984375
v -13.199321746826172 339.1041564941406 955.3872680664062
v -14.269401550292969 346.0397644042969 923.4932250976562
v 12.118310928344727 361.1827697753906 932.0671997070312
v -0.06293699890375137 361.1827697753906 940.9171142578125
v 7.465510845184326 361.1827697753906 938.4710083007812
v 12.118310928344727 361.1827697753906 924.1514282226562
v -7.5913848876953125 361.1827697753906 938.4710083007812
v 7.465510845184326 361.1827697753906 917.747314453125
v 15.832061767578125 331.94305419921875 -960.8971557617188
v -0.06297896057367325 351.93505859375 -927.8908081054688
v -0.06297896057367325 331.94305419921875 -964.5252075195312
v 28.579069137573242 331.94305419921875 -950.73193359375
v 35.652862548828125 331.94305419921875 -936.0426025390625
v 35.652862548828125 331.94305419921875 -919.73876953125
v 28.579069137573242 331.94305419921875 -905.0494995117188
v 15.832061767578125 331.94305419921875 -894.8842163085938
v -0.06297896057367325 331.94305419921875 -891.2564697265625
v -15.95802116394043 331.94305419921875 -960.8971557617188
v -28.705028533935547 331.94305419921875 -950.73193359375
v -35.7788200378418 331.94305419921875 -936.0426025390625
v -35.7788200378418 331.94305419921875 -919.73876953125
v -28.705028533935547 331.94305419921875 -905.0494995117188
v -15.95802116394043 331.94305419921875 -894.8842163085938
v -12.244227409362793 361.1827697753906 -931.8485717773438
v -0.06297896057367325 361.1827697753906 -940.69873046875
v -7.591426849365234 361.1827697753906 -938.252685546875
v -12.244227409362793 361.1827697753906 -923.9328002929688
v -12.244227409362793 361.1827697753906 -931.8485717773438
v -8.843009948730469 346.0397644042969 -939.9755859375
v -14.26944351196289 346.0397644042969 -932.5067749023438
v -7.591426849365234 361.1827697753906 -938.252685546875
v -12.244227409362793 361.1827697753906 -923.9328002929688
v -14.26944351196289 346.0397644042969 -923.27490234375
v -7.591426849365234 361.1827697753906 -917.5289916992188
v -8.843009948730469 346.0397644042969 -915.8060913085938
v -0.06297896057367325 361.1827697753906 -915.0828857421875
v -0.06297896057367325 346.0397644042969 -912.9532470703125
v 8.717053413391113 346.0397644042969 -939.9755859375
v 12.118268966674805 361.1827697753906 -931.8485717773438
v 14.143485069274902 346.0397644042969 -932.5067749023438
v 7.465468883514404 361.1827697753906 -938.252685546875
v 12.118268966674805 361.1827697753906 -923.9328002929688
v 14.143485069274902 346.0397644042969 -923.27490234375
v 7.465468883514404 361.1827697753906 -917.5289916992188
v 8.717053413391113 346.0397644042969 -915.8060913085938
v -0.06297896057367325 346.0397644042969 -942.8284301757812
v -0.06297896057367325 361.1827697753906 -940.69873046875
v -0.06297896057367325 346.0397644042969 -942.8284301757812
v -0.06297896057367325 361.1827697753906 -940.69873046875
v 23.608062744140625 339.1041564941406 -946.7677612304688
v 14.143485069274902 346.0397644042969 -932.5067749023438
v 29.454334259033203 339.1041564941406 -934.6279907226562
v 8.717053413391113 346.0397644042969 -939.9755859375
v 15.832061767578125 331.94305419921875 -960.8971557617188
v -0.06297896057367325 339.1041564941406 -958.1671752929688
v 13.073406219482422 339.1041564941406 -955.1688842773438
v -0.06297896057367325 331.94305419921875 -964.5252075195312
v 28.579069137573242 331.94305419921875 -950.73193359375
v 35.652862548828125 331.94305419921875 -936.0426025390625
v 14.143485069274902 346.0397644042969 -923.27490234375
v 29.454334259033203 339.1041564941406 -921.1536865234375
v 35.652862548828125 331.94305419921875 -919.73876953125
v 28.579069137573242 331.94305419921875 -905.0494995117188
v 23.608062744140625 339.1041564941406 -909.013916015625
v 15.832061767578125 331.94305419921875 -894.8842163085938
v 13.073406219482422 339.1041564941406 -900.6127319335938
v -0.06297896057367325 346.0397644042969 -912.9532470703125
v -0.06297896057367325 339.1041564941406 -897.6144409179688
v 8.717053413391113 346.0397644042969 -915.8060913085938
v -28.705028533935547 331.94305419921875 -905.0494995117188
v -13.199363708496094 339.1041564941406 -900.6127319335938
v -23.734018325805664 339.1041564941406 -909.013916015625
v -15.95802116394043 331.94305419921875 -894.8842163085938
v -0.06297896057367325 331.94305419921875 -891.2564697265625
v -0.06297896057367325 339.1041564941406 -958.1671752929688
v -8.843009948730469 346.0397644042969 -939.9755859375
v -0.06297896057367325 346.0397644042969 -942.8284301757812
v -13.199363708496094 339.1041564941406 -955.1688842773438
v -0.06297896057367325 331.94305419921875 -964.5252075195312
v -15.95802116394043 331.94305419921875 -960.8971557617188
v -23.734018325805664 339.1041564941406 -946.7677612304688
v -28.705028533935547 331.94305419921875 -950.73193359375
v -29.580291748046875 339.1041564941406 -934.6279907226562
v -35.7788200378418 331.94305419921875 -936.0426025390625
v -14.26944351196289 346.0397644042969 -923.27490234375
v -8.843009948730469 346.0397644042969 -915.8060913085938
v -29.580291748046875 339.1041564941406 -921.1536865234375
v -35.7788200378418 331.94305419921875 -919.73876953125
v -0.06297896057367325 438.8305358886719 -928.22119140625
v -0.06297896057367325 438.8305358886719 -927.5602416992188
v 0.2675330340862274 438.8305358886719 -927.8907470703125
v -0.3934899568557739 438.8305358886719 -927.8907470703125
v -0.06297896057367325 438.8305358886719 -927.5602416992188
v 0.2675330340862274 359.048583984375 -927.8907470703125
v 0.2675330340862274 438.8305358886719 -927.8907470703125
v -0.06297896057367325 359.048583984375 -927.5602416992188
v -0.06297896057367325 359.048583984375 -928.22119140625
v -0.06297896057367325 438.8305358886719 -928.22119140625
v -0.3934899568557739 438.8305358886719 -927.8907470703125
v -0.06297896057367325 359.048583984375 -927.5602416992188
v -0.06297896057367325 438.8305358886719 -927.5602416992188
v -0.3934899568557739 359.048583984375 -927.8907470703125
v -0.06297896057367325 349.4387512207031 -922.210693359375
v -5.39187479019165 343.0314636230469 -918.6607666015625
v -0.06297896057367325 343.0314636230469 -917.2327880859375
v -4.982018947601318 349.4387512207031 -925.05078125
v -9.293059349060059 343.0314636230469 -922.5618896484375
v -10.721027374267578 343.0314636230469 -927.8908081054688
v -4.982018947601318 349.4387512207031 -930.7308959960938
v -9.293059349060059 343.0314636230469 -933.2197265625
v -5.39187479019165 343.0314636230469 -937.1209106445312
v -0.06297896057367325 349.4387512207031 -933.5709228515625
v -0.06297896057367325 343.0314636230469 -938.5488891601562
v -4.677890777587891 340.94976806640625 -919.897216796875
v -0.06297896057367325 340.94976806640625 -918.6607666015625
v -8.056323051452637 340.94976806640625 -923.275634765625
v -9.293059349060059 340.94976806640625 -927.8908081054688
v -8.056323051452637 340.94976806640625 -932.5057373046875
v -4.677890777587891 340.94976806640625 -935.8841552734375
v -0.06297896057367325 340.94976806640625 -937.1209106445312
v -0.06297896057367325 349.4387512207031 -933.5709228515625
v 5.265918254852295 343.0314636230469 -937.1209106445312
v -0.06297896057367325 343.0314636230469 -938.5488891601562
v 4.856060981750488 349.4387512207031 -930.7308959960938
v 9.167101860046387 343.0314636230469 -933.2197265625
v 10.59506893157959 343.0314636230469 -927.8908081054688
v 4.856060981750488 349.4387512207031 -925.05078125
v 9.167101860046387 343.0314636230469 -922.5618896484375
v 5.265918254852295 343.0314636230469 -918.6607666015625
v -0.06297896057367325 349.4387512207031 -922.210693359375
v -0.06297896057367325 343.0314636230469 -917.2327880859375
v 4.551934242248535 340.94976806640625 -935.8841552734375
v -0.06297896057367325 340.94976806640625 -937.1209106445312
v 7.930366039276123 340.94976806640625 -932.5057373046875
v 9.167101860046387 340.94976806640625 -927.8908081054688
v 7.930366039276123 340.94976806640625 -923.275634765625
v 4.551934242248535 340.94976806640625 -919.897216796875
v -0.06297896057367325 340.94976806640625 -918.6607666015625
v -2.7274270057678223 339.42596435546875 -923.275634765625
v -0.06297896057367325 340.94976806640625 -918.6607666015625
v -4.677890777587891 340.94976806640625 -919.897216796875
v -0.06297896057367325 339.42596435546875 -922.5618896484375
v -4.677890777587891 339.42596435546875 -925.2263793945312
v -8.056323051452637 340.94976806640625 -923.275634765625
v -5.39187479019165 339.42596435546875 -927.8908081054688
v -9.293059349060059 340.94976806640625 -927.8908081054688
v -4.677890777587891 339.42596435546875 -930.5552368164062
v -8.056323051452637 340.94976806640625 -932.5057373046875
v -2.7274270057678223 339.42596435546875 -932.5057373046875
v -4.677890777587891 340.94976806640625 -935.8841552734375
v -0.06297896057367325 339.42596435546875 -933.2197265625
v 2.601469039916992 339.42596435546875 -932.5057373046875
v 4.551934242248535 339.42596435546875 -930.5552368164062
v 5.265918254852295 339.42596435546875 -927.8908081054688
v 4.551934242248535 339.42596435546875 -925.2263793945312
v 2.601469039916992 339.42596435546875 -923.275634765625
v -0.06297896057367325 338.8681640625 -927.8908081054688
v -0.06297896057367325 346.0397644042969 -942.8284301757812
v 23.608062744140625 339.1041564941406 -909.013916015625
v -13.199363708496094 339.1041564941406 -900.6127319335938
v -14.26944351196289 346.0397644042969 -932.5067749023438
v 12.118268966674805 361.1827697753906 -923.9328002929688
v -0.06297896057367325 361.1827697753906 -915.0828857421875
v 7.465468883514404 361.1827697753906 -917.5289916992188
v 12.118268966674805 361.1827697753906 -931.8485717773438
v -7.591426849365234 361.1827697753906 -917.5289916992188
v 7.465468883514404 361.1827697753906 -938.252685546875
v -1024.0 0.0 1024.0
v 256.0 0.0 1024.0
v 256.0 0.0 -1024.0
v -1024.0 0.0 -1024.0
v -224.0 384.0 -160.0
v -1024.0 384.0 -160.0
v -1024.0 384.0062255859375 -160.0
v -224.0 384.0062255859375 -160.0
v -1024.0 384.0 -112.0
v -1024.0 384.0 -160.0
v -224.0 384.0 -160.0
v -224.0 384.0 -112.0
v -1024.0 384.0062255859375 -160.0
v -1024.0 384.0 -160.0
v -1024.0 384.0 -112.0
v -1024.0 384.0062255859375 -112.0
v -224.0 384.0062255859375 -112.0
v -224.0 384.0 -112.0
v -224.0 384.0 -160.0
v -224.0 384.0062255859375 -160.0
v -224.0 384.0 -112.0
v -224.0 384.0062255859375 -112.0
v -1024.0 384.0062255859375 -112.0
v -1024.0 384.0 -112.0
v -1024.0 384.0062255859375 192.0
v -1024.0 384.0 192.0
v -928.0 384.0 192.0
v -928.0 384.0062255859375 192.0
v -1024.0 384.0 192.0
v -1024.0 384.0 -112.0
v -928.0 384.0 -112.0
v -928.0 384.0 192.0
v -1024.0 384.0 -112.0
v -1024.0 384.0 192.0
v -1024.0 384.0062255859375 192.0
v -1024.0 384.0062255859375 -112.0
v -1024.0 384.0 -112.0
v -1024.0 384.0062255859375 -112.0
v -928.0 384.0062255859375 -112.0
v -928.0 384.0 -112.0
v -928.0 384.0 -112.0
v -928.0 384.0062255859375 -112.0
v -928.0 384.0062255859375 192.0
v -928.0 384.0 192.0
v -704.0 384.0 160.0
v -256.0 384.0 160.0
v -256.0 385.0 160.0
v -704.0 385.0 160.0
v -704.0 384.0 -112.0
v -256.0 384.0 -112.0
v -256.0 384.0 160.0
v -704.0 384.0 160.0
v -256.0 384.0 -112.0
v -256.0 385.0 -112.0
v -256.0 385.0 160.0
v -256.0 384.0 160.0
v -256.0 385.0 -112.0
v -256.0 384.0 -112.0
v -704.0 384.0 -112.0
v -704.0 385.0 -112.0
v -704.0 384.0 160.0
v -704.0 385.0 160.0
v -704.0 385.0 -112.0
v -704.0 384.0 -112.0
v -704.0 384.0 160.0
v -704.0 384.0062255859375 160.0
v -928.0 384.0062255859375 160.0
v -928.0 384.0 160.0
v -704.0 384.0 112.0
v -704.0 384.0 160.0
v -928.0 384.0 160.0
v -928.0 384.0 112.0
v -928.0 384.0 112.0
v -928.0 384.0 160.0
v -928.0 384.0062255859375 160.0
v -928.0 384.0062255859375 112.0
v -704.0 384.0062255859375 160.0
v -704.0 384.0 160.0
v -704.0 384.0 112.0
v -704.0 384.0062255859375 112.0
v -928.0 384.0 112.0
v -928.0 384.0062255859375 112.0
v -704.0 384.0062255859375 112.0
v -704.0 384.0 112.0
v 256.0 384.0 -1024.0
v -256.0 384.0 -1024.0
v -256.0 384.0062255859375 -1024.0
v 256.0 384.0062255859375 -1024.0
v -256.0 384.0 1024.0
v -256.0 384.0 -1024.0
v 256.0 384.0 -1024.0
v 256.0 384.0 1024.0
v -256.0 384.0062255859375 -1024.0
v -256.0 384.0 -1024.0
v -256.0 384.0 1024.0
v -256.0 384.0062255859375 1024.0
v 256.0 384.0062255859375 1024.0
v 256.0 384.0 1024.0
v 256.0 384.0 -1024.0
v 256.0 384.0062255859375 -1024.0
v 256.0 384.0 1024.0
v 256.0 384.0062255859375 1024.0
v -256.0 384.0062255859375 1024.0
v -256.0 384.0 1024.0
v 96.0 384.0 -1024.0
v -96.0 384.0 -1024.0
v -96.0 384.0 -992.0
v 96.0 384.0 -992.0
v -96.0 320.0 -992.0
v -96.0 384.0 -992.0
v -96.0 384.0 -1024.0
v -96.0 320.0 -1024.0
v 96.0 320.0 -1024.0
v 96.0 384.0 -1024.0
v 96.0 384.0 -992.0
v 96.0 320.0 -992.0
v 96.0 320.0 -992.0
v -96.0 320.0 -992.0
v -96.0 320.0 -1024.0
v 96.0 320.0 -1024.0
v 96.0 320.0 -992.0
v 96.0 384.0 -992.0
v -96.0 384.0 -992.0
v -96.0 320.0 -992.0
v -96.0 0.0 -992.0
v -256.0 0.0 -992.0
v -256.0 0.0 -1024.0
v -96.0 0.0 -1024.0
v -256.0 384.0 -992.0
v -96.0 384.0 -992.0
v -96.0 384.0 -1024.0
v -256.0 384.0 -1024.0
v -96.0 0.0 -1024.0
v -96.0 384.0 -1024.0
v -96.0 384.0 -992.0
v -96.0 0.0 -992.0
v -96.0 0.0 -992.0
v -96.0 384.0 -992.0
v -256.0 384.0 -992.0
v -256.0 0.0 -992.0
v 256.0 0.0 -992.0
v 96.0 0.0 -992.0
v 96.0 0.0 -1024.0
v 256.0 0.0 -1024.0
v 256.0 384.0 -1024.0
v 96.0 384.0 -1024.0
v 96.0 384.0 -992.0
v 256.0 384.0 -992.0
v 96.0 384.0 -992.0
v 96.0 384.0 -1024.0
v 96.0 0.0 -1024.0
v 96.0 0.0 -992.0
v 256.0 0.0 -992.0
v 256.0 384.0 -992.0
v 96.0 384.0 -992.0
v 96.0 0.0 -992.0
v -256.0 0.0 1024.0
v -256.0 0.0 992.0
v -96.0 0.0 992.0
v -96.0 0.0 1024.0
v -96.0 320.0 992.0
v -96.0 0.0 992.0
v -256.0 0.0 992.0
v -256.0 320.0 992.0
v -256.0 320.0 992.0
v -256.0 320.0 1024.0
v -96.0 320.0 1024.0
v -96.0 320.0 992.0
v -96.0 0.0 992.0
v -96.0 320.0 992.0
v -96.0 320.0 1024.0
v -96.0 0.0 1024.0
v 256.0 0.0 992.0
v 256.0 0.0 1024.0
v 96.0 0.0 1024.0
v 96.0 0.0 992.0
v 256.0 320.0 992.0
v 256.0 0.0 992.0
v 96.0 0.0 992.0
v 96.0 320.0 992.0
v 256.0 320.0 1024.0
v 256.0 320.0 992.0
v 96.0 320.0 992.0
v 96.0 320.0 1024.0
v 96.0 0.0 1024.0
v 96.0 320.0 1024.0
v 96.0 320.0 992.0
v 96.0 0.0 992.0
v 224.0 384.0 992.0
v 224.0 0.0 992.0
v 256.0 0.0 992.0
v 256.0 384.0 992.0
v 256.0 0.0 992.0
v 224.0 0.0 992.0
v 224.0 0.0 -992.0000610351562
v 256.0 0.0 -992.0000610351562
v 224.0 384.0 992.0
v 256.0 384.0 992.0
v 256.0 384.0 -992.0000610351562
v 224.0 384.0 -992.0000610351562
v 224.0 0.0 -992.0000610351562
v 224.0 0.0 992.0
v 224.0 384.0 992.0
v 224.0 384.0 -992.0000610351562
v 224.0 0.0 -992.0000610351562
v 224.0 384.0 -992.0000610351562
v 256.0 384.0 -992.0000610351562
v 256.0 0.0 -992.0000610351562
v -224.0 384.0 -160.0
v -256.0 384.0 -160.0
v -256.0 384.0 160.0
v -224.0 384.0 160.0
v -256.0 320.0 -160.0
v -256.0 320.0 160.0
v -256.0 384.0 160.0
v -256.0 384.0 -160.0
v -224.0 320.0 -160.0
v -224.0 384.0 -160.0
v -224.0 384.0 160.0
v -224.0 320.0 160.0
v -256.0 384.0 -160.0
v -224.0 384.0 -160.0
v -224.0 320.0 -160.0
v -256.0 320.0 -160.0
v -224.0 384.0 160.0
v -256.0 384.0 160.0
v -256.0 320.0 160.0
v -224.0 320.0 160.0
v -224.0 320.0 -160.0
v -224.0 320.0 160.0
v -256.0 320.0 160.0
v -256.0 320.0 -160.0
v -224.0 0.0 -160.0
v -224.0 384.0 -160.0
v -992.0 384.0 -160.0
v -992.0 0.0 -160.0
v -224.0 0.0 -160.0
v -992.0 0.0 -160.0
v -992.0 0.0 -192.0
v -256.0 0.0 -192.0
v -992.0 384.0 -160.0
v -224.0 384.0 -160.0
v -256.0 384.0 -192.0
v -992.0 384.0 -192.0
v -992.0 384.0 -160.0
v -992.0 384.0 -192.0
v -992.0 0.0 -192.0
v -992.0 0.0 -160.0
v -256.0 384.0 -192.0
v -224.0 384.0 -160.0
v -224.0 0.0 -160.0
v -256.0 0.0 -192.0
v -224.0 384.0 160.0
v -224.0 0.0 160.0
v -992.0 0.0 160.0
v -992.0 384.0 160.0
v -256.0 0.0 192.0
v -992.0 0.0 192.0
v -992.0 0.0 160.0
v -224.0 0.0 160.0
v -992.0 384.0 192.0
v -256.0 384.0 192.0
v -224.0 384.0 160.0
v -992.0 384.0 160.0
v -992.0 384.0 192.0
v -992.0 384.0 160.0
v -992.0 0.0 160.0
v -992.0 0.0 192.0
v -224.0 384.0 160.0
v -256.0 384.0 192.0
v -256.0 0.0 192.0
v -224.0 0.0 160.0
v -992.0 0.0 192.0
v -1024.0 0.0 192.0
v -1024.0 0.0 -192.0
v -992.0 0.0 -192.0
v -1024.0 384.0 192.0
v -992.0 384.0 192.0
v -992.0 384.0 -192.0
v -1024.0 384.0 -192.0
v -992.0 384.0 -192.0
v -992.0 384.0 192.0
v -992.0 0.0 192.0
v -992.0 0.0 -192.0
v 256.0 320.0 992.0
v 256.0 320.0 1024.0
v -256.0 320.0 1024.0
v -256.0 320.0 992.0
v 256.0 384.0 992.0
v 256.0 320.0 992.0
v -256.0 320.0 992.0
v -256.0 384.0 992.0
v 256.0 384.0 1024.0
v 256.0 384.0 992.0
v -256.0 384.0 992.0
v -256.0 384.0 1024.0
v -96.0 0.0 544.0
v -96.0 320.0 544.0
v -256.0 320.0 544.0
v -256.0 0.0 544.0
v -256.0 0.0 544.0
v -256.0 0.0 512.0
v -96.0 0.0 512.0
v -96.0 0.0 544.0
v -256.0 320.0 512.0
v -256.0 0.0 512.0
v -256.0 0.0 544.0
v -256.0 320.0 544.0
v -96.0 320.0 512.0
v -96.0 0.0 512.0
v -256.0 0.0 512.0
v -256.0 320.0 512.0
v -256.0 320.0 512.0
v -256.0 320.0 544.0
v -96.0 320.0 544.0
v -96.0 320.0 512.0
v -96.0 0.0 512.0
v -96.0 320.0 512.0
v -96.0 320.0 544.0
v -96.0 0.0 544.0
v 224.0 0.0 544.0
v 224.0 320.0 544.0
v 96.0 320.0 544.0
v 96.0 0.0 544.0
v 224.0 0.0 512.0
v 224.0 0.0 544.0
v 96.0 0.0 544.0
v 96.0 0.0 512.0
v 224.0 320.0 512.0
v 224.0 320.0 544.0
v 224.0 0.0 544.0
v 224.0 0.0 512.0
v 224.0 320.0 512.0
v 224.0 0.0 512.0
v 96.0 0.0 512.0
v 96.0 320.0 512.0
v 224.0 320.0 544.0
v 224.0 320.0 512.0
v 96.0 320.0 512.0
v 96.0 320.0 544.0
v 96.0 0.0 544.0
v 96.0 320.0 544.0
v 96.0 320.0 512.0
v 96.0 0.0 512.0
v 224.0 320.0 544.0
v 224.0 384.0 544.0
v -224.0 384.0 544.0
v -224.0 320.0 544.0
v 224.0 320.0 512.0
v 224.0 320.0 544.0
v -224.0 320.0 544.0
v -224.0 320.0 512.0
v 224.0 384.0 512.0
v 224.0 384.0 544.0
v 224.0 320.0 544.0
v 224.0 320.0 512.0
v 224.0 384.0 512.0
v 224.0 320.0 512.0
v -224.0 320.0 512.0
v -224.0 384.0 512.0
v 224.0 384.0 544.0
v 224.0 384.0 512.0
v -224.0 384.0 512.0
v -224.0 384.0 544.0
v -224.0 320.0 544.0
v -224.0 384.0 544.0
v -224.0 384.0 512.0
v -224.0 320.0 512.0
v -96.0 0.0 -512.0
v -96.0 320.0 -512.0
v -256.0 320.0 -512.0
v -256.0 0.0 -512.0
v -256.0 0.0 -512.0
v -256.0 0.0 -544.0
v -96.0 0.0 -544.0
v -96.0 0.0 -512.0
v -256.0 320.0 -544.0
v -256.0 0.0 -544.0
v -256.0 0.0 -512.0
v -256.0 320.0 -512.0
v -96.0 320.0 -544.0
v -96.0 0.0 -544.0
v -256.0 0.0 -544.0
v -256.0 320.0 -544.0
v -256.0 320.0 -544.0
v -256.0 320.0 -512.0
v -96.0 320.0 -512.0
v -96.0 320.0 -544.0
v -96.0 0.0 -544.0
v -96.0 320.0 -544.0
v -96.0 320.0 -512.0
v -96.0 0.0 -512.0
v 224.0 0.0 -512.0
v 224.0 320.0 -512.0
v 96.0 320.0 -512.0
v 96.0 0.0 -512.0
v 224.0 0.0 -544.0
v 224.0 0.0 -512.0
v 96.0 0.0 -512.0
v 96.0 0.0 -544.0
v 224.0 320.0 -544.0
v 224.0 320.0 -512.0
v 224.0 0.0 -512.0
v 224.0 0.0 -544.0
v 224.0 320.0 -544.0
v 224.0 0.0 -544.0
v 96.0 0.0 -544.0
v 96.0 320.0 -544.0
v 224.0 320.0 -512.0
v 224.0 320.0 -544.0
v 96.0 320.0 -544.0
v 96.0 320.0 -512.0
v 96.0 0.0 -512.0
v 96.0 320.0 -512.0
v 96.0 320.0 -544.0
v 96.0 0.0 -544.0
v 224.0 320.0 -512.0
v 224.0 384.0 -512.0
v -224.0 384.0 -512.0
v -224.0 320.0 -512.0
v 224.0 320.0 -544.0
v 224.0 320.0 -512.0
v -224.0 320.0 -512.0
v -224.0 320.0 -544.0
v 224.0 384.0 -544.0
v 224.0 384.0 -512.0
v 224.0 320.0 -512.0
v 224.0 320.0 -544.0
v 224.0 384.0 -544.0
v 224.0 320.0 -544.0
v -224.0 320.0 -544.0
v -224.0 384.0 -544.0
v 224.0 384.0 -512.0
v 224.0 384.0 -544.0
v -224.0 384.0 -544.0
v -224.0 384.0 -512.0
v -224.0 320.0 -512.0
v -224.0 384.0 -512.0
v -224.0 384.0 -544.0
v -224.0 320.0 -544.0
v -224.0 0.0 -160.0
v -224.0 384.0 -160.0
v -256.0 384.0 -192.0
v -256.0 0.0 -192.0
v -224.0 0.0 -992.0
v -224.0 0.0 -160.0
v -256.0 0.0 -192.0
v -256.0 0.0 -992.0
v -224.0 384.0 -992.0
v -224.0 384.0 -160.0
v -224.0 0.0 -160.0
v -224.0 0.0 -992.0
v -224.0 384.0 -992.0
v -224.0 0.0 -992.0
v -256.0 0.0 -992.0
v -256.0 384.0 -992.0
v -224.0 384.0 -160.0
v -224.0 384.0 -992.0
v -256.0 384.0 -992.0
v -256.0 384.0 -192.0
v -224.0 0.0 992.0
v -224.0 384.0 992.0
v -256.0 384.0 992.0
v -256.0 0.0 992.0
v -224.0 0.0 160.0
v -224.0 0.0 992.0
v -256.0 0.0 992.0
v -256.0 0.0 192.0
v -224.0 384.0 160.0
v -224.0 384.0 992.0
v -224.0 0.0 992.0
v -224.0 0.0 160.0
v -224.0 384.0 160.0
v -224.0 0.0 160.0
v -256.0 0.0 192.0
v -256.0 384.0 192.0
v -224.0 384.0 992.0
v -224.0 384.0 160.0
v -256.0 384.0 192.0
v -256.0 384.0 992.0
v 208.0 384.0 -496.0
v 208.0 380.0 -496.0
v -208.0 380.0 -496.0
v -208.0 384.0 -496.0
v 208.0 380.0 496.0
v 208.0 384.0 496.0
v -208.0 384.0 496.0
v -208.0 380.0 496.0
v 208.0 380.0 496.0
v -208.0 380.0 496.0
v -208.0 380.0 -496.0
v 208.0 380.0 -496.0
v -208.0 384.0 496.0
v -208.0 384.0 -496.0
v -208.0 380.0 -496.0
v -208.0 380.0 496.0
v 208.0 384.0 -496.0
v 208.0 384.0 496.0
v 208.0 380.0 496.0
v 208.0 380.0 -496.0
v 208.0 4.0 -496.0
v 208.0 0.0 -496.0
v -208.0 0.0 -496.0
v -208.0 4.0 -496.0
v 208.0 0.0 496.0
v 208.0 4.0 496.0
v -208.0 4.0 496.0
v -208.0 0.0 496.0
v -208.0 4.0 496.0
v 208.0 4.0 496.0
v 208.0 4.0 -496.0
v -208.0 4.0 -496.0
v -208.0 4.0 496.0
v -208.0 4.0 -496.0
v -208.0 0.0 -496.0
v -208.0 0.0 496.0
v 208.0 4.0 -496.0
v 208.0 4.0 496.0
v 208.0 0.0 496.0
v 208.0 0.0 -496.0
v 224.0 368.0 -496.0
v 224.0 32.0 -496.0
v 220.0 32.0 -496.0
v 220.0 368.0 -496.0
v 224.0 32.0 496.0
v 224.0 368.0 496.0
v 220.0 368.0 496.0
v 220.0 32.0 496.0
v 224.0 32.0 496.0
v 220.0 32.0 496.0
v 220.0 32.0 -496.0
v 224.0 32.0 -496.0
v 220.0 368.0 496.0
v 224.0 368.0 496.0
v 224.0 368.0 -496.0
v 220.0 368.0 -496.0
v 220.0 368.0 496.0
v 220.0 368.0 -496.0
v 220.0 32.0 -496.0
v 220.0 32.0 496.0
v -220.0 32.0 -496.0
v -224.0 32.0 -496.0
v -224.0 368.0 -496.0
v -220.0 368.0 -496.0
v -224.0 32.0 -176.0
v -224.0 32.0 -496.0
v -220.0 32.0 -496.0
v -220.0 32.0 -176.0
v -220.0 368.0 -176.0
v -220.0 368.0 -496.0
v -224.0 368.0 -496.0
v -224.0 368.0 -176.0
v -220.0 368.0 -176.0
v -220.0 32.0 -176.0
v -220.0 32.0 -496.0
v -220.0 368.0 -496.0
v -220.0 32.0 -176.0
v -220.0 368.0 -176.0
v -224.0 368.0 -176.0
v -224.0 32.0 -176.0
v -224.0 368.0 496.0
v -224.0 32.0 496.0
v -220.0 32.0 496.0
v -220.0 368.0 496.0
v -220.0 32.0 496.0
v -224.0 32.0 496.0
v -224.0 32.0 176.0
v -220.0 32.0 176.0
v -224.0 368.0 496.0
v -220.0 368.0 496.0
v -220.0 368.0 176.0
v -224.0 368.0 176.0
v -220.0 368.0 496.0
v -220.0 32.0 496.0
v -220.0 32.0 176.0
v -220.0 368.0 176.0
v -224.0 32.0 176.0
v -224.0 368.0 176.0
v -220.0 368.0 176.0
v -220.0 32.0 176.0
v -220.0 368.0 -112.0
v -224.0 368.0 -112.0
v -224.0 368.0 112.0
v -220.0 368.0 112.0
v -224.0 336.0 -112.0
v -224.0 336.0 112.0
v -224.0 368.0 112.0
v -224.0 368.0 -112.0
v -220.0 336.0 -112.0
v -220.0 368.0 -112.0
v -220.0 368.0 112.0
v -220.0 336.0 112.0
v -224.0 368.0 -112.0
v -220.0 368.0 -112.0
v -220.0 336.0 -112.0
v -224.0 336.0 -112.0
v -220.0 368.0 112.0
v -224.0 368.0 112.0
v -224.0 336.0 112.0
v -220.0 336.0 112.0
v -220.0 336.0 -112.0
v -220.0 336.0 112.0
v -224.0 336.0 112.0
v -224.0 336.0 -112.0
v -208.0 4.0 -144.0
v -208.0 0.0 -144.0
v -976.0 0.0 -144.0
v -976.0 4.0 -144.0
v -208.0 0.0 144.0
v -208.0 4.0 144.0
v -976.0 4.0 144.0
v -976.0 0.0 144.0
v -976.0 4.0 144.0
v -208.0 4.0 144.0
v -208.0 4.0 -144.0
v -976.0 4.0 -144.0
v -976.0 4.0 144.0
v -976.0 4.0 -144.0
v -976.0 0.0 -144.0
v -976.0 0.0 144.0
v -208.0 4.0 -144.0
v -208.0 4.0 144.0
v -208.0 0.0 144.0
v -208.0 0.0 -144.0
v -208.0 32.00004577636719 508.0
v -208.0 368.0 508.0
v -112.00000762939453 368.0 508.0
v -112.0 32.00004577636719 508.0
v -208.0 32.00004577636719 512.0
v -208.0 32.00004577636719 508.0
v -112.0 32.00004577636719 508.0
v -112.00000762939453 32.00004577636719 512.0
v -208.0 32.00004577636719 508.0
v -208.0 32.00004577636719 512.0
v -208.0 368.0 512.0
v -208.0 368.0 508.0
v -208.0 368.0 508.0
v -208.0 368.0 512.0
v -112.0 368.0 512.0
v -112.00000762939453 368.0 508.0
v -112.0 32.00004577636719 508.0
v -112.00000762939453 368.0 508.0
v -112.0 368.0 512.0
v -112.00000762939453 32.00004577636719 512.0
v 112.00000762939453 368.0 508.0
v 208.0 368.0 508.0
v 208.0 32.00004577636719 508.0
v 112.00000762939453 32.00004577636719 508.0
v 208.0 32.00004577636719 508.0
v 208.0 32.00004577636719 512.0
v 112.00000762939453 32.00004577636719 512.0
v 112.00000762939453 32.00004577636719 508.0
v 208.0 32.00004577636719 508.0
v 208.0 368.0 508.0
v 208.0 368.0 512.0
v 208.0 32.00004577636719 512.0
v 208.0 368.0 512.0
v 208.0 368.0 508.0
v 112.00000762939453 368.0 508.0
v 112.00000762939453 368.0 512.0
v 112.00000762939453 32.00004577636719 512.0
v 112.00000762939453 368.0 512.0
v 112.00000762939453 368.0 508.0
v 112.00000762939453 32.00004577636719 508.0
v -208.0 32.00004577636719 -512.0
v -208.0 368.0 -512.0
v -112.0 368.0 -512.0
v -112.0 32.00004577636719 -512.0
v -208.0 368.0 -508.0
v -208.0 32.00004577636719 -508.0
v -112.0 32.00004577636719 -508.0
v -112.0 368.0 -508.0
v -208.0 32.00004577636719 -508.0
v -208.0 32.00004577636719 -512.0
v -112.0 32.00004577636719 -512.0
v -112.0 32.00004577636719 -508.0
v -208.0 32.00004577636719 -512.0
v -208.0 32.00004577636719 -508.0
v -208.0 368.0 -508.0
v -208.0 368.0 -512.0
v -208.0 368.0 -512.0
v -208.0 368.0 -508.0
v -112.0 368.0 -508.0
v -112.0 368.0 -512.0
v -112.0 32.00004577636719 -512.0
v -112.0 368.0 -512.0
v -112.0 368.0 -508.0
v -112.0 32.00004577636719 -508.0
v 112.00000762939453 368.0 -512.0
v 208.0 368.0 -512.0
v 208.0 32.00004577636719 -512.0
v 112.00000762939453 32.00004577636719 -512.0
v 112.00000762939453 32.00004577636719 -508.0
v 208.0 32.00004577636719 -508.0
v 208.0 368.0 -508.0
v 112.00000762939453 368.0 -508.0
v 208.0 32.00004577636719 -512.0
v 208.0 32.00004577636719 -508.0
v 112.00000762939453 32.00004577636719 -508.0
v 112.00000762939453 32.00004577636719 -512.0
v 208.0 32.00004577636719 -512.0
v 208.0 368.0 -512.0
v 208.0 368.0 -508.0
v 208.0 32.00004577636719 -508.0
v 208.0 368.0 -508.0
v 208.0 368.0 -512.0
v 112.00000762939453 368.0 -512.0
v 112.00000762939453 368.0 -508.0
v 112.00000762939453 32.00004577636719 -508.0
v 112.00000762939453 368.0 -508.0
v 112.00000762939453 368.0 -512.0
v 112.00000762939453 32.00004577636719 -512.0
v -224.0 339.2000427246094 440.0
v -224.0 364.7999572753906 440.0
v -224.0 364.7999572753906 424.0
v -224.0 339.2000427246094 424.0
v 224.0 364.7999572753906 440.0
v 224.0 339.2000427246094 440.0
v 224.0 339.2000427246094 424.0
v 224.0 364.7999572753906 424.0
v 224.0 364.7999572753906 440.0
v 224.0 364.7999572753906 424.0
v -224.0 364.7999572753906 424.0
v -224.0 364.7999572753906 440.0
v 224.0 339.2000427246094 424.0
v 224.0 339.2000427246094 440.0
v -224.0 339.2000427246094 440.0
v -224.0 339.2000427246094 424.0
v 224.0 339.2000427246094 424.0
v -224.0 339.2000427246094 424.0
v -224.0 364.7999572753906 424.0
v 224.0 364.7999572753906 424.0
v -224.0 339.2000427246094 440.0
v 224.0 339.2000427246094 440.0
v 224.0 364.7999572753906 440.0
v -224.0 364.7999572753906 440.0
v 224.0 339.2000732421875 424.0
v 224.0 339.2000732421875 416.0
v 224.0 339.4459228515625 417.56072998046875
v -224.0 339.4459228515625 417.56072998046875
v -224.0 339.2000732421875 416.0
v -224.0 339.2000732421875 424.0
v -224.0 339.2000732421875 416.0
v 224.0 339.2000732421875 416.0
v 224.0 339.2000732421875 424.0
v -224.0 339.2000732421875 424.0
v -224.0 339.4459228515625 417.56072998046875
v 224.0 339.4459228515625 417.56072998046875
v 224.0 339.2000732421875 416.0
v -224.0 339.2000732421875 416.0
v 224.0 339.20001220703125 424.00006103515625
v 224.0 339.4459533691406 417.560791015625
v 224.0 340.17437744140625 419.0615234375
v -224.0 340.17437744140625 419.06146240234375
v -224.0 339.4459533691406 417.56072998046875
v -224.0 339.20001220703125 424.0
v -224.0 340.17437744140625 419.06146240234375
v 224.0 340.17437744140625 419.0615234375
v 224.0 339.4459533691406 417.560791015625
v -224.0 339.4459533691406 417.56072998046875
v 224.0 339.2000427246094 424.00006103515625
v 224.0 340.17437744140625 419.0615234375
v 224.0 341.3572082519531 420.444580078125
v -224.0 341.3572082519531 420.444580078125
v -224.0 340.17437744140625 419.06146240234375
v -224.0 339.2000427246094 424.0
v -224.0 341.3572082519531 420.444580078125
v 224.0 341.3572082519531 420.444580078125
v 224.0 340.17437744140625 419.0615234375
v -224.0 340.17437744140625 419.06146240234375
v 224.0 339.2000732421875 424.00006103515625
v 224.0 341.3572082519531 420.44464111328125
v 224.0 342.9490966796875 421.65692138671875
v -224.0 342.9490966796875 421.65692138671875
v -224.0 341.3572082519531 420.444580078125
v -224.0 339.2000732421875 424.00006103515625
v -224.0 342.9490966796875 421.65692138671875
v 224.0 342.9490966796875 421.65692138671875
v 224.0 341.3572082519531 420.44464111328125
v -224.0 341.3572082519531 420.444580078125
v 224.0 339.20001220703125 424.0
v 224.0 342.94903564453125 421.6568603515625
v 224.0 344.88873291015625 422.65179443359375
v -224.0 344.88873291015625 422.6517333984375
v -224.0 342.94903564453125 421.6568603515625
v -224.0 339.20001220703125 424.0
v -224.0 344.88873291015625 422.6517333984375
v 224.0 344.88873291015625 422.65179443359375
v 224.0 342.94903564453125 421.6568603515625
v -224.0 342.94903564453125 421.6568603515625
v 224.0 339.20001220703125 424.0
v 224.0 344.88873291015625 422.65179443359375
v 224.0 347.10162353515625 423.39105224609375
v -224.0 347.10162353515625 423.3909912109375
v -224.0 344.88873291015625 422.6517333984375
v -224.0 339.20001220703125 424.0
v -224.0 347.10162353515625 423.3909912109375
v 224.0 347.10162353515625 423.39105224609375
v 224.0 344.88873291015625 422.65179443359375
v -224.0 344.88873291015625 422.6517333984375
v 224.0 339.1999816894531 424.0
v 224.0 347.1016845703125 423.39105224609375
v 224.0 349.5028991699219 423.8463134765625
v -224.0 349.5028991699219 423.84625244140625
v -224.0 347.1016845703125 423.3909912109375
v -224.0 339.1999816894531 424.0
v -224.0 349.5028991699219 423.84625244140625
v 224.0 349.5028991699219 423.8463134765625
v 224.0 347.1016845703125 423.39105224609375
v -224.0 347.1016845703125 423.3909912109375
v 224.0 339.199951171875 424.0
v 224.0 349.5028076171875 423.8463134765625
v 224.0 352.0 424.0
v -224.0 352.0 424.0
v -224.0 349.5028076171875 423.84625244140625
v -224.0 339.199951171875 424.0
v -224.0 352.0 424.0
v 224.0 352.0 424.0
v 224.0 349.5028076171875 423.8463134765625
v -224.0 349.5028076171875 423.84625244140625
v -224.0 339.199951171875 424.0
v 224.0 339.199951171875 424.0
v 224.0 352.0 424.0
v -224.0 352.0 424.0
v 224.0 364.8000793457031 424.0
v 224.0 352.0000305175781 424.0
v 224.0 354.4972229003906 423.8463134765625
v -224.0 354.4972229003906 423.84625244140625
v -224.0 352.0000305175781 424.0
v -224.0 364.8000793457031 424.0
v -224.0 352.0000305175781 424.0
v 224.0 352.0000305175781 424.0
v 224.0 364.8000793457031 424.0
v -224.0 364.8000793457031 424.0
v -224.0 354.4972229003906 423.84625244140625
v 224.0 354.4972229003906 423.8463134765625
v 224.0 352.0000305175781 424.0
v -224.0 352.0000305175781 424.0
v 224.0 364.800048828125 424.0
v 224.0 354.49713134765625 423.8463134765625
v 224.0 356.89837646484375 423.39105224609375
v -224.0 356.89837646484375 423.3909912109375
v -224.0 354.49713134765625 423.84625244140625
v -224.0 364.800048828125 424.0
v -224.0 356.89837646484375 423.3909912109375
v 224.0 356.89837646484375 423.39105224609375
v 224.0 354.49713134765625 423.8463134765625
v -224.0 354.49713134765625 423.84625244140625
v 224.0 364.8000183105469 424.0
v 224.0 356.8984069824219 423.39105224609375
v 224.0 359.1112976074219 422.65179443359375
v -224.0 359.1112976074219 422.6517333984375
v -224.0 356.8984069824219 423.3909912109375
v -224.0 364.8000183105469 424.0
v -224.0 359.1112976074219 422.6517333984375
v 224.0 359.1112976074219 422.65179443359375
v 224.0 356.8984069824219 423.39105224609375
v -224.0 356.8984069824219 423.3909912109375
v 224.0 364.8000793457031 424.0
v 224.0 359.1113586425781 422.65179443359375
v 224.0 361.0510559082031 421.6568603515625
v -224.0 361.0510559082031 421.6568603515625
v -224.0 359.1113586425781 422.6517333984375
v -224.0 364.8000793457031 424.0
v -224.0 361.0510559082031 421.6568603515625
v 224.0 361.0510559082031 421.6568603515625
v 224.0 359.1113586425781 422.65179443359375
v -224.0 359.1113586425781 422.6517333984375
v 224.0 364.7999572753906 424.00006103515625
v 224.0 361.0509338378906 421.65692138671875
v 224.0 362.642822265625 420.44464111328125
v -224.0 362.642822265625 420.444580078125
v -224.0 361.0509338378906 421.65692138671875
v -224.0 364.7999572753906 424.00006103515625
v -224.0 362.642822265625 420.444580078125
v 224.0 362.642822265625 420.44464111328125
v 224.0 361.0509338378906 421.65692138671875
v -224.0 361.0509338378906 421.65692138671875
v 224.0 364.8000183105469 424.00006103515625
v 224.0 362.6428527832031 420.444580078125
v 224.0 363.82568359375 419.0615234375
v -224.0 363.82568359375 419.06146240234375
v -224.0 362.6428527832031 420.444580078125
v -224.0 364.8000183105469 424.0
v -224.0 363.82568359375 419.06146240234375
v 224.0 363.82568359375 419.0615234375
v 224.0 362.6428527832031 420.444580078125
v -224.0 362.6428527832031 420.444580078125
v 224.0 364.8000793457031 424.00006103515625
v 224.0 363.8257141113281 419.0615234375
v 224.0 364.5541076660156 417.560791015625
v -224.0 364.5541076660156 417.56072998046875
v -224.0 363.8257141113281 419.06146240234375
v -224.0 364.8000793457031 424.0
v -224.0 364.5541076660156 417.56072998046875
v 224.0 364.5541076660156 417.560791015625
v 224.0 363.8257141113281 419.0615234375
v -224.0 363.8257141113281 419.06146240234375
v 224.0 364.79998779296875 424.0
v 224.0 364.55413818359375 417.56072998046875
v 224.0 364.79998779296875 416.0
v -224.0 364.79998779296875 416.0
v -224.0 364.55413818359375 417.56072998046875
v -224.0 364.79998779296875 424.0
v -224.0 364.79998779296875 416.0
v 224.0 364.79998779296875 416.0
v 224.0 364.55413818359375 417.56072998046875
v -224.0 364.55413818359375 417.56072998046875
v -224.0 364.79998779296875 424.0
v 224.0 364.79998779296875 424.0
v 224.0 364.79998779296875 416.0
v -224.0 364.79998779296875 416.0
v -224.0 336.0 448.0
v -224.0 339.199951171875 448.0
v -224.0 339.199951171875 416.0
v -224.0 336.0 416.0
v 224.0 339.199951171875 448.0
v 224.0 336.0 448.0
v 224.0 336.0 416.0
v 224.0 339.199951171875 416.0
v 224.0 339.199951171875 448.0
v 224.0 339.199951171875 416.0
v -224.0 339.199951171875 416.0
v -224.0 339.199951171875 448.0
v 224.0 336.0 416.0
v 224.0 336.0 448.0
v -224.0 336.0 448.0
v -224.0 336.0 416.0
v 224.0 336.0 416.0
v -224.0 336.0 416.0
v -224.0 339.199951171875 416.0
v 224.0 339.199951171875 416.0
v -224.0 336.0 448.0
v 224.0 336.0 448.0
v 224.0 339.199951171875 448.0
v -224.0 339.199951171875 448.0
v -224.0 364.800048828125 448.0
v -224.0 368.0 448.0
v -224.0 368.0 416.0
v -224.0 364.800048828125 416.0
v 224.0 368.0 448.0
v 224.0 364.800048828125 448.0
v 224.0 364.800048828125 416.0
v 224.0 368.0 416.0
v 224.0 368.0 448.0
v 224.0 368.0 416.0
v -224.0 368.0 416.0
v -224.0 368.0 448.0
v 224.0 364.800048828125 416.0
v 224.0 364.800048828125 448.0
v -224.0 364.800048828125 448.0
v -224.0 364.800048828125 416.0
v 224.0 364.800048828125 416.0
v -224.0 364.800048828125 416.0
v -224.0 368.0 416.0
v 224.0 368.0 416.0
v -224.0 364.800048828125 448.0
v 224.0 364.800048828125 448.0
v 224.0 368.0 448.0
v -224.0 368.0 448.0
v 224.0 364.7999572753906 440.00006103515625
v 224.0 364.7999572753906 448.00006103515625
v 224.0 364.5541076660156 446.4393310546875
v -224.0 364.5541076660156 446.4393310546875
v -224.0 364.7999572753906 448.00006103515625
v -224.0 364.7999572753906 440.00006103515625
v -224.0 364.7999572753906 448.00006103515625
v 224.0 364.7999572753906 448.00006103515625
v 224.0 364.7999572753906 440.00006103515625
v -224.0 364.7999572753906 440.00006103515625
v -224.0 364.5541076660156 446.4393310546875
v 224.0 364.5541076660156 446.4393310546875
v 224.0 364.7999572753906 448.00006103515625
v -224.0 364.7999572753906 448.00006103515625
v 224.0 364.8000183105469 440.0
v 224.0 364.5540771484375 446.43927001953125
v 224.0 363.8256530761719 444.93853759765625
v -224.0 363.8256530761719 444.9385986328125
v -224.0 364.5540771484375 446.4393310546875
v -224.0 364.8000183105469 440.00006103515625
v -224.0 363.8256530761719 444.9385986328125
v 224.0 363.8256530761719 444.93853759765625
v 224.0 364.5540771484375 446.43927001953125
v -224.0 364.5540771484375 446.4393310546875
v 224.0 364.79998779296875 440.0
v 224.0 363.8256530761719 444.93853759765625
v 224.0 362.642822265625 443.55548095703125
v -224.0 362.642822265625 443.55548095703125
v -224.0 363.8256530761719 444.9385986328125
v -224.0 364.79998779296875 440.00006103515625
v -224.0 362.642822265625 443.55548095703125
v 224.0 362.642822265625 443.55548095703125
v 224.0 363.8256530761719 444.93853759765625
v -224.0 363.8256530761719 444.9385986328125
v 224.0 364.7999572753906 440.0001220703125
v 224.0 362.642822265625 443.5555419921875
v 224.0 361.0509338378906 442.34326171875
v -224.0 361.0509338378906 442.34326171875
v -224.0 362.642822265625 443.55560302734375
v -224.0 364.7999572753906 440.0001220703125
v -224.0 361.0509338378906 442.34326171875
v 224.0 361.0509338378906 442.34326171875
v 224.0 362.642822265625 443.5555419921875
v -224.0 362.642822265625 443.55560302734375
v 224.0 364.8000183105469 440.00006103515625
v 224.0 361.0509948730469 442.34320068359375
v 224.0 359.1112976074219 441.3482666015625
v -224.0 359.1112976074219 441.34832763671875
v -224.0 361.0509948730469 442.34320068359375
v -224.0 364.8000183105469 440.00006103515625
v -224.0 359.1112976074219 441.34832763671875
v 224.0 359.1112976074219 441.3482666015625
v 224.0 361.0509948730469 442.34320068359375
v -224.0 361.0509948730469 442.34320068359375
v 224.0 364.8000183105469 440.00006103515625
v 224.0 359.1112976074219 441.3482666015625
v 224.0 356.8984069824219 440.6090087890625
v -224.0 356.8984069824219 440.60906982421875
v -224.0 359.1112976074219 441.34832763671875
v -224.0 364.8000183105469 440.00006103515625
v -224.0 356.8984069824219 440.60906982421875
v 224.0 356.8984069824219 440.6090087890625
v 224.0 359.1112976074219 441.3482666015625
v -224.0 359.1112976074219 441.34832763671875
v 224.0 364.800048828125 440.00006103515625
v 224.0 356.8983459472656 440.6090087890625
v 224.0 354.49713134765625 440.15374755859375
v -224.0 354.49713134765625 440.15380859375
v -224.0 356.8983459472656 440.60906982421875
v -224.0 364.800048828125 440.00006103515625
v -224.0 354.49713134765625 440.15380859375
v 224.0 354.49713134765625 440.15374755859375
v 224.0 356.8983459472656 440.6090087890625
v -224.0 356.8983459472656 440.60906982421875
v 224.0 364.8000793457031 440.00006103515625
v 224.0 354.4972229003906 440.15374755859375
v 224.0 352.0000305175781 440.00006103515625
v -224.0 352.0000305175781 440.00006103515625
v -224.0 354.4972229003906 440.15380859375
v -224.0 364.8000793457031 440.00006103515625
v -224.0 352.0000305175781 440.00006103515625
v 224.0 352.0000305175781 440.00006103515625
v 224.0 354.4972229003906 440.15374755859375
v -224.0 354.4972229003906 440.15380859375
v -224.0 364.8000793457031 440.00006103515625
v 224.0 364.8000793457031 440.00006103515625
v 224.0 352.0000305175781 440.00006103515625
v -224.0 352.0000305175781 440.00006103515625
v 224.0 339.1999816894531 440.00006103515625
v 224.0 352.0000305175781 440.00006103515625
v 224.0 349.5028381347656 440.15374755859375
v -224.0 349.5028381347656 440.15380859375
v -224.0 352.0000305175781 440.00006103515625
v -224.0 339.1999816894531 440.00006103515625
v -224.0 352.0000305175781 440.00006103515625
v 224.0 352.0000305175781 440.00006103515625
v 224.0 339.1999816894531 440.00006103515625
v -224.0 339.1999816894531 440.00006103515625
v -224.0 349.5028381347656 440.15380859375
v 224.0 349.5028381347656 440.15374755859375
v 224.0 352.0000305175781 440.00006103515625
v -224.0 352.0000305175781 440.00006103515625
v 224.0 339.20001220703125 440.00006103515625
v 224.0 349.5029296875 440.15374755859375
v 224.0 347.1016845703125 440.6090087890625
v -224.0 347.1016845703125 440.60906982421875
v -224.0 349.5029296875 440.15380859375
v -224.0 339.20001220703125 440.00006103515625
v -224.0 347.1016845703125 440.60906982421875
v 224.0 347.1016845703125 440.6090087890625
v 224.0 349.5029296875 440.15374755859375
v -224.0 349.5029296875 440.15380859375
v 224.0 339.1999816894531 440.00006103515625
v 224.0 347.1015930175781 440.6090087890625
v 224.0 344.8887023925781 441.3482666015625
v -224.0 344.8887023925781 441.34832763671875
v -224.0 347.1015930175781 440.60906982421875
v -224.0 339.1999816894531 440.00006103515625
v -224.0 344.8887023925781 441.34832763671875
v 224.0 344.8887023925781 441.3482666015625
v 224.0 347.1015930175781 440.6090087890625
v -224.0 347.1015930175781 440.60906982421875
v 224.0 339.1999816894531 440.00006103515625
v 224.0 344.8887023925781 441.3482666015625
v 224.0 342.9490051269531 442.34320068359375
v -224.0 342.9490051269531 442.34320068359375
v -224.0 344.8887023925781 441.34832763671875
v -224.0 339.1999816894531 440.00006103515625
v -224.0 342.9490051269531 442.34320068359375
v 224.0 342.9490051269531 442.34320068359375
v 224.0 344.8887023925781 441.3482666015625
v -224.0 344.8887023925781 441.34832763671875
v 224.0 339.2000427246094 440.0001220703125
v 224.0 342.9490661621094 442.34326171875
v 224.0 341.357177734375 443.5555419921875
v -224.0 341.357177734375 443.55560302734375
v -224.0 342.9490661621094 442.34326171875
v -224.0 339.2000427246094 440.0001220703125
v -224.0 341.357177734375 443.55560302734375
v 224.0 341.357177734375 443.5555419921875
v 224.0 342.9490661621094 442.34326171875
v -224.0 342.9490661621094 442.34326171875
v 224.0 339.2000427246094 440.0
v 224.0 341.3572082519531 443.55548095703125
v 224.0 340.17437744140625 444.93853759765625
v -224.0 340.17437744140625 444.9385986328125
v -224.0 341.3572082519531 443.55548095703125
v -224.0 339.2000427246094 440.00006103515625
v -224.0 340.17437744140625 444.9385986328125
v 224.0 340.17437744140625 444.93853759765625
v 224.0 341.3572082519531 443.55548095703125
v -224.0 341.3572082519531 443.55548095703125
v 224.0 339.1999816894531 440.0
v 224.0 340.1743469238281 444.93853759765625
v 224.0 339.4459533691406 446.43927001953125
v -224.0 339.4459533691406 446.4393310546875
v -224.0 340.1743469238281 444.9385986328125
v -224.0 339.1999816894531 440.00006103515625
v -224.0 339.4459533691406 446.4393310546875
v 224.0 339.4459533691406 446.43927001953125
v 224.0 340.1743469238281 444.93853759765625
v -224.0 340.1743469238281 444.9385986328125
v 224.0 339.2000732421875 440.00006103515625
v 224.0 339.4459228515625 446.4393310546875
v 224.0 339.2000732421875 448.00006103515625
v -224.0 339.2000732421875 448.00006103515625
v -224.0 339.4459228515625 446.4393310546875
v -224.0 339.2000732421875 440.00006103515625
v -224.0 339.2000732421875 448.00006103515625
v 224.0 339.2000732421875 448.00006103515625
v 224.0 339.4459228515625 446.4393310546875
v -224.0 339.4459228515625 446.4393310546875
v -224.0 339.2000732421875 440.00006103515625
v 224.0 339.2000732421875 440.00006103515625
v 224.0 339.2000732421875 448.00006103515625
v -224.0 339.2000732421875 448.00006103515625
v -224.0 339.2000427246094 152.0
v -224.0 364.7999572753906 152.0
v -224.0 364.7999572753906 136.0
v -224.0 339.2000427246094 136.0
v 224.0 364.7999572753906 152.0
v 224.0 339.2000427246094 152.0
v 224.0 339.2000427246094 136.0
v 224.0 364.7999572753906 136.0
v 224.0 364.7999572753906 152.0
v 224.0 364.7999572753906 136.0
v -224.0 364.7999572753906 136.0
v -224.0 364.7999572753906 152.0
v 224.0 339.2000427246094 136.0
v 224.0 339.2000427246094 152.0
v -224.0 339.2000427246094 152.0
v -224.0 339.2000427246094 136.0
v 224.0 339.2000427246094 136.0
v -224.0 339.2000427246094 136.0
v -224.0 364.7999572753906 136.0
v 224.0 364.7999572753906 136.0
v -224.0 339.2000427246094 152.0
v 224.0 339.2000427246094 152.0
v 224.0 364.7999572753906 152.0
v -224.0 364.7999572753906 152.0
v 224.0 339.2000732421875 136.0
v 224.0 339.2000732421875 128.0
v 224.0 339.4459228515625 129.56072998046875
v -224.0 339.4459228515625 129.56072998046875
v -224.0 339.2000732421875 128.0
v -224.0 339.2000732421875 136.0
v -224.0 339.2000732421875 128.0
v 224.0 339.2000732421875 128.0
v 224.0 339.2000732421875 136.0
v -224.0 339.2000732421875 136.0
v -224.0 339.4459228515625 129.56072998046875
v 224.0 339.4459228515625 129.56072998046875
v 224.0 339.2000732421875 128.0
v -224.0 339.2000732421875 128.0
v 224.0 339.20001220703125 136.00006103515625
v 224.0 339.4459533691406 129.560791015625
v 224.0 340.17437744140625 131.0615234375
v -224.0 340.17437744140625 131.06146240234375
v -224.0 339.4459533691406 129.56072998046875
v -224.0 339.20001220703125 136.0
v -224.0 340.17437744140625 131.06146240234375
v 224.0 340.17437744140625 131.0615234375
v 224.0 339.4459533691406 129.560791015625
v -224.0 339.4459533691406 129.56072998046875
v 224.0 339.2000427246094 136.00006103515625
v 224.0 340.17437744140625 131.0615234375
v 224.0 341.3572082519531 132.444580078125
v -224.0 341.3572082519531 132.444580078125
v -224.0 340.17437744140625 131.06146240234375
v -224.0 339.2000427246094 136.0
v -224.0 341.3572082519531 132.444580078125
v 224.0 341.3572082519531 132.444580078125
v 224.0 340.17437744140625 131.0615234375
v -224.0 340.17437744140625 131.06146240234375
v 224.0 339.2000732421875 136.00006103515625
v 224.0 341.3572082519531 132.44464111328125
v 224.0 342.9490966796875 133.65692138671875
v -224.0 342.9490966796875 133.65692138671875
v -224.0 341.3572082519531 132.444580078125
v -224.0 339.2000732421875 136.00006103515625
v -224.0 342.9490966796875 133.65692138671875
v 224.0 342.9490966796875 133.65692138671875
v 224.0 341.3572082519531 132.44464111328125
v -224.0 341.3572082519531 132.444580078125
v 224.0 339.20001220703125 136.0
v 224.0 342.94903564453125 133.6568603515625
v 224.0 344.88873291015625 134.65179443359375
v -224.0 344.88873291015625 134.6517333984375
v -224.0 342.94903564453125 133.6568603515625
v -224.0 339.20001220703125 136.0
v -224.0 344.88873291015625 134.6517333984375
v 224.0 344.88873291015625 134.65179443359375
v 224.0 342.94903564453125 133.6568603515625
v -224.0 342.94903564453125 133.6568603515625
v 224.0 339.20001220703125 136.0
v 224.0 344.88873291015625 134.65179443359375
v 224.0 347.10162353515625 135.39105224609375
v -224.0 347.10162353515625 135.3909912109375
v -224.0 344.88873291015625 134.6517333984375
v -224.0 339.20001220703125 136.0
v -224.0 347.10162353515625 135.3909912109375
v 224.0 347.10162353515625 135.39105224609375
v 224.0 344.88873291015625 134.65179443359375
v -224.0 344.88873291015625 134.6517333984375
v 224.0 339.1999816894531 136.0
v 224.0 347.1016845703125 135.39105224609375
v 224.0 349.5028991699219 135.8463134765625
v -224.0 349.5028991699219 135.84625244140625
v -224.0 347.1016845703125 135.3909912109375
v -224.0 339.1999816894531 136.0
v -224.0 349.5028991699219 135.84625244140625
v 224.0 349.5028991699219 135.8463134765625
v 224.0 347.1016845703125 135.39105224609375
v -224.0 347.1016845703125 135.3909912109375
v 224.0 339.199951171875 136.0
v 224.0 349.5028076171875 135.8463134765625
v 224.0 352.0 136.0
v -224.0 352.0 136.0
v -224.0 349.5028076171875 135.84625244140625
v -224.0 339.199951171875 136.0
v -224.0 352.0 136.0
v 224.0 352.0 136.0
v 224.0 349.5028076171875 135.8463134765625
v -224.0 349.5028076171875 135.84625244140625
v -224.0 339.199951171875 136.0
v 224.0 339.199951171875 136.0
v 224.0 352.0 136.0
v -224.0 352.0 136.0
v 224.0 364.8000793457031 136.0
v 224.0 352.0000305175781 136.0
v 224.0 354.4972229003906 135.8463134765625
v -224.0 354.4972229003906 135.84625244140625
v -224.0 352.0000305175781 136.0
v -224.0 364.8000793457031 136.0
v -224.0 352.0000305175781 136.0
v 224.0 352.0000305175781 136.0
v 224.0 364.8000793457031 136.0
v -224.0 364.8000793457031 136.0
v -224.0 354.4972229003906 135.84625244140625
v 224.0 354.4972229003906 135.8463134765625
v 224.0 352.0000305175781 136.0
v -224.0 352.0000305175781 136.0
v 224.0 364.800048828125 136.0
v 224.0 354.49713134765625 135.8463134765625
v 224.0 356.89837646484375 135.39105224609375
v -224.0 356.89837646484375 135.3909912109375
v -224.0 354.49713134765625 135.84625244140625
v -224.0 364.800048828125 136.0
v -224.0 356.89837646484375 135.3909912109375
v 224.0 356.89837646484375 135.39105224609375
v 224.0 354.49713134765625 135.8463134765625
v -224.0 354.49713134765625 135.84625244140625
v 224.0 364.8000183105469 136.0
v 224.0 356.8984069824219 135.39105224609375
v 224.0 359.1112976074219 134.65179443359375
v -224.0 359.1112976074219 134.6517333984375
v -224.0 356.8984069824219 135.3909912109375
v -224.0 364.8000183105469 136.0
v -224.0 359.1112976074219 134.6517333984375
v 224.0 359.1112976074219 134.65179443359375
v 224.0 356.8984069824219 135.39105224609375
v -224.0 356.8984069824219 135.3909912109375
v 224.0 364.8000793457031 136.0
v 224.0 359.1113586425781 134.65179443359375
v 224.0 361.0510559082031 133.6568603515625
v -224.0 361.0510559082031 133.6568603515625
v -224.0 359.1113586425781 134.6517333984375
v -224.0 364.8000793457031 136.0
v -224.0 361.0510559082031 133.6568603515625
v 224.0 361.0510559082031 133.6568603515625
v 224.0 359.1113586425781 134.65179443359375
v -224.0 359.1113586425781 134.6517333984375
v 224.0 364.7999572753906 136.00006103515625
v 224.0 361.0509338378906 133.65692138671875
v 224.0 362.642822265625 132.44464111328125
v -224.0 362.642822265625 132.444580078125
v -224.0 361.0509338378906 133.65692138671875
v -224.0 364.7999572753906 136.00006103515625
v -224.0 362.642822265625 132.444580078125
v 224.0 362.642822265625 132.44464111328125
v 224.0 361.0509338378906 133.65692138671875
v -224.0 361.0509338378906 133.65692138671875
v 224.0 364.8000183105469 136.00006103515625
v 224.0 362.6428527832031 132.444580078125
v 224.0 363.82568359375 131.0615234375
v -224.0 363.82568359375 131.06146240234375
v -224.0 362.6428527832031 132.444580078125
v -224.0 364.8000183105469 136.0
v -224.0 363.82568359375 131.06146240234375
v 224.0 363.82568359375 131.0615234375
v 224.0 362.6428527832031 132.444580078125
v -224.0 362.6428527832031 132.444580078125
v 224.0 364.8000793457031 136.00006103515625
v 224.0 363.8257141113281 131.0615234375
v 224.0 364.5541076660156 129.560791015625
v -224.0 364.5541076660156 129.56072998046875
v -224.0 363.8257141113281 131.06146240234375
v -224.0 364.8000793457031 136.0
v -224.0 364.5541076660156 129.56072998046875
v 224.0 364.5541076660156 129.560791015625
v 224.0 363.8257141113281 131.0615234375
v -224.0 363.8257141113281 131.06146240234375
v 224.0 364.79998779296875 136.0
v 224.0 364.55413818359375 129.56072998046875
v 224.0 364.79998779296875 128.0
v -224.0 364.79998779296875 128.0
v -224.0 364.55413818359375 129.56072998046875
v -224.0 364.79998779296875 136.0
v -224.0 364.79998779296875 128.0
v 224.0 364.79998779296875 128.0
v 224.0 364.55413818359375 129.56072998046875
v -224.0 364.55413818359375 129.56072998046875
v -224.0 364.79998779296875 136.0
v 224.0 364.79998779296875 136.0
v 224.0 364.79998779296875 128.0
v -224.0 364.79998779296875 128.0
v -224.0 336.0 160.0
v -224.0 339.199951171875 160.0
v -224.0 339.199951171875 128.0
v -224.0 336.0 128.0
v 224.0 339.199951171875 160.0
v 224.0 336.0 160.0
v 224.0 336.0 128.0
v 224.0 339.199951171875 128.0
v 224.0 339.199951171875 160.0
v 224.0 339.199951171875 128.0
v -224.0 339.199951171875 128.0
v -224.0 339.199951171875 160.0
v 224.0 336.0 128.0
v 224.0 336.0 160.0
v -224.0 336.0 160.0
v -224.0 336.0 128.0
v 224.0 336.0 128.0
v -224.0 336.0 128.0
v -224.0 339.199951171875 128.0
v 224.0 339.199951171875 128.0
v -224.0 336.0 160.0
v 224.0 336.0 160.0
v 224.0 339.199951171875 160.0
v -224.0 339.199951171875 160.0
v -224.0 364.800048828125 160.0
v -224.0 368.0 160.0
v -224.0 368.0 128.0
v -224.0 364.800048828125 128.0
v 224.0 368.0 160.0
v 224.0 364.800048828125 160.0
v 224.0 364.800048828125 128.0
v 224.0 368.0 128.0
v 224.0 368.0 160.0
v 224.0 368.0 128.0
v -224.0 368.0 128.0
v -224.0 368.0 160.0
v 224.0 364.800048828125 128.0
v 224.0 364.800048828125 160.0
v -224.0 364.800048828125 160.0
v -224.0 364.800048828125 128.0
v 224.0 364.800048828125 128.0
v -224.0 364.800048828125 128.0
v -224.0 368.0 128.0
v 224.0 368.0 128.0
v -224.0 364.800048828125 160.0
v 224.0 364.800048828125 160.0
v 224.0 368.0 160.0
v -224.0 368.0 160.0
v 224.0 364.7999572753906 152.00006103515625
v 224.0 364.7999572753906 160.00006103515625
v 224.0 364.5541076660156 158.4393310546875
v -224.0 364.5541076660156 158.4393310546875
v -224.0 364.7999572753906 160.00006103515625
v -224.0 364.7999572753906 152.00006103515625
v -224.0 364.7999572753906 160.00006103515625
v 224.0 364.7999572753906 160.00006103515625
v 224.0 364.7999572753906 152.00006103515625
v -224.0 364.7999572753906 152.00006103515625
v -224.0 364.5541076660156 158.4393310546875
v 224.0 364.5541076660156 158.4393310546875
v 224.0 364.7999572753906 160.00006103515625
v -224.0 364.7999572753906 160.00006103515625
v 224.0 364.8000183105469 152.0
v 224.0 364.5540771484375 158.43927001953125
v 224.0 363.8256530761719 156.93853759765625
v -224.0 363.8256530761719 156.9385986328125
v -224.0 364.5540771484375 158.4393310546875
v -224.0 364.8000183105469 152.00006103515625
v -224.0 363.8256530761719 156.9385986328125
v 224.0 363.8256530761719 156.93853759765625
v 224.0 364.5540771484375 158.43927001953125
v -224.0 364.5540771484375 158.4393310546875
v 224.0 364.79998779296875 152.0
v 224.0 363.8256530761719 156.93853759765625
v 224.0 362.642822265625 155.55548095703125
v -224.0 362.642822265625 155.55548095703125
v -224.0 363.8256530761719 156.9385986328125
v -224.0 364.79998779296875 152.00006103515625
v -224.0 362.642822265625 155.55548095703125
v 224.0 362.642822265625 155.55548095703125
v 224.0 363.8256530761719 156.93853759765625
v -224.0 363.8256530761719 156.9385986328125
v 224.0 364.7999572753906 152.0001220703125
v 224.0 362.642822265625 155.5555419921875
v 224.0 361.0509338378906 154.34326171875
v -224.0 361.0509338378906 154.34326171875
v -224.0 362.642822265625 155.55560302734375
v -224.0 364.7999572753906 152.0001220703125
v -224.0 361.0509338378906 154.34326171875
v 224.0 361.0509338378906 154.34326171875
v 224.0 362.642822265625 155.5555419921875
v -224.0 362.642822265625 155.55560302734375
v 224.0 364.8000183105469 152.00006103515625
v 224.0 361.0509948730469 154.34320068359375
v 224.0 359.1112976074219 153.3482666015625
v -224.0 359.1112976074219 153.34832763671875
v -224.0 361.0509948730469 154.34320068359375
v -224.0 364.8000183105469 152.00006103515625
v -224.0 359.1112976074219 153.34832763671875
v 224.0 359.1112976074219 153.3482666015625
v 224.0 361.0509948730469 154.34320068359375
v -224.0 361.0509948730469 154.34320068359375
v 224.0 364.8000183105469 152.00006103515625
v 224.0 359.1112976074219 153.3482666015625
v 224.0 356.8984069824219 152.6090087890625
v -224.0 356.8984069824219 152.60906982421875
v -224.0 359.1112976074219 153.34832763671875
v -224.0 364.8000183105469 152.00006103515625
v -224.0 356.8984069824219 152.60906982421875
v 224.0 356.8984069824219 152.6090087890625
v 224.0 359.1112976074219 153.3482666015625
v -224.0 359.1112976074219 153.34832763671875
v 224.0 364.800048828125 152.00006103515625
v 224.0 356.8983459472656 152.6090087890625
v 224.0 354.49713134765625 152.15374755859375
v -224.0 354.49713134765625 152.15380859375
v -224.0 356.8983459472656 152.60906982421875
v -224.0 364.800048828125 152.00006103515625
v -224.0 354.49713134765625 152.15380859375
v 224.0 354.49713134765625 152.15374755859375
v 224.0 356.8983459472656 152.6090087890625
v -224.0 356.8983459472656 152.60906982421875
v 224.0 364.8000793457031 152.00006103515625
v 224.0 354.4972229003906 152.15374755859375
v 224.0 352.0000305175781 152.00006103515625
v -224.0 352.0000305175781 152.00006103515625
v -224.0 354.4972229003906 152.15380859375
v -224.0 364.8000793457031 152.00006103515625
v -224.0 352.0000305175781 152.00006103515625
v 224.0 352.0000305175781 152.00006103515625
v 224.0 354.4972229003906 152.15374755859375
v -224.0 354.4972229003906 152.15380859375
v -224.0 364.8000793457031 152.00006103515625
v 224.0 364.8000793457031 152.00006103515625
v 224.0 352.0000305175781 152.00006103515625
v -224.0 352.0000305175781 152.00006103515625
v 224.0 339.1999816894531 152.00006103515625
v 224.0 352.0000305175781 152.00006103515625
v 224.0 349.5028381347656 152.15374755859375
v -224.0 349.5028381347656 152.15380859375
v -224.0 352.0000305175781 152.00006103515625
v -224.0 339.1999816894531 152.00006103515625
v -224.0 352.0000305175781 152.00006103515625
v 224.0 352.0000305175781 152.00006103515625
v 224.0 339.1999816894531 152.00006103515625
v -224.0 339.1999816894531 152.00006103515625
v -224.0 349.5028381347656 152.15380859375
v 224.0 349.5028381347656 152.15374755859375
v 224.0 352.0000305175781 152.00006103515625
v -224.0 352.0000305175781 152.00006103515625
v 224.0 339.20001220703125 152.00006103515625
v 224.0 349.5029296875 152.15374755859375
v 224.0 347.1016845703125 152.6090087890625
v -224.0 347.1016845703125 152.60906982421875
v -224.0 349.5029296875 152.15380859375
v -224.0 339.20001220703125 152.00006103515625
v -224.0 347.1016845703125 152.60906982421875
v 224.0 347.1016845703125 152.6090087890625
v 224.0 349.5029296875 152.15374755859375
v -224.0 349.5029296875 152.15380859375
v 224.0 339.1999816894531 152.00006103515625
v 224.0 347.1015930175781 152.6090087890625
v 224.0 344.8887023925781 153.3482666015625
v -224.0 344.8887023925781 153.34832763671875
v -224.0 347.1015930175781 152.60906982421875
v -224.0 339.1999816894531 152.00006103515625
v -224.0 344.8887023925781 153.34832763671875
v 224.0 344.8887023925781 153.3482666015625
v 224.0 347.1015930175781 152.6090087890625
v -224.0 347.1015930175781 152.60906982421875
v 224.0 339.1999816894531 152.00006103515625
v 224.0 344.8887023925781 153.3482666015625
v 224.0 342.9490051269531 154.34320068359375
v -224.0 342.9490051269531 154.34320068359375
v -224.0 344.8887023925781 153.34832763671875
v -224.0 339.1999816894531 152.00006103515625
v -224.0 342.9490051269531 154.34320068359375
v 224.0 342.9490051269531 154.34320068359375
v 224.0 344.8887023925781 153.3482666015625
v -224.0 344.8887023925781 153.34832763671875
v 224.0 339.2000427246094 152.0001220703125
v 224.0 342.9490661621094 154.34326171875
v 224.0 341.357177734375 155.5555419921875
v -224.0 341.357177734375 155.55560302734375
v -224.0 342.9490661621094 154.34326171875
v -224.0 339.2000427246094 152.0001220703125
v -224.0 341.357177734375 155.55560302734375
v 224.0 341.357177734375 155.5555419921875
v 224.0 342.9490661621094 154.34326171875
v -224.0 342.9490661621094 154.34326171875
v 224.0 339.2000427246094 152.0
v 224.0 341.3572082519531 155.55548095703125
v 224.0 340.17437744140625 156.93853759765625
v -224.0 340.17437744140625 156.9385986328125
v -224.0 341.3572082519531 155.55548095703125
v -224.0 339.2000427246094 152.00006103515625
v -224.0 340.17437744140625 156.9385986328125
v 224.0 340.17437744140625 156.93853759765625
v 224.0 341.3572082519531 155.55548095703125
v -224.0 341.3572082519531 155.55548095703125
v 224.0 339.1999816894531 152.0
v 224.0 340.1743469238281 156.93853759765625
v 224.0 339.4459533691406 158.43927001953125
v -224.0 339.4459533691406 158.4393310546875
v -224.0 340.1743469238281 156.9385986328125
v -224.0 339.1999816894531 152.00006103515625
v -224.0 339.4459533691406 158.4393310546875
v 224.0 339.4459533691406 158.43927001953125
v 224.0 340.1743469238281 156.93853759765625
v -224.0 340.1743469238281 156.9385986328125
v 224.0 339.2000732421875 152.00006103515625
v 224.0 339.4459228515625 158.4393310546875
v 224.0 339.2000732421875 160.00006103515625
v -224.0 339.2000732421875 160.00006103515625
v -224.0 339.4459228515625 158.4393310546875
v -224.0 339.2000732421875 152.00006103515625
v -224.0 339.2000732421875 160.00006103515625
v 224.0 339.2000732421875 160.00006103515625
v 224.0 339.4459228515625 158.4393310546875
v -224.0 339.4459228515625 158.4393310546875
v -224.0 339.2000732421875 152.00006103515625
v 224.0 339.2000732421875 152.00006103515625
v 224.0 339.2000732421875 160.00006103515625
v -224.0 339.2000732421875 160.00006103515625
v -224.0 339.2000427246094 -136.0
v -224.0 364.7999572753906 -136.0
v -224.0 364.7999572753906 -152.0
v -224.0 339.2000427246094 -152.0
v 224.0 364.7999572753906 -136.0
v 224.0 339.2000427246094 -136.0
v 224.0 339.2000427246094 -152.0
v 224.0 364.7999572753906 -152.0
v 224.0 364.7999572753906 -136.0
v 224.0 364.7999572753906 -152.0
v -224.0 364.7999572753906 -152.0
v -224.0 364.7999572753906 -136.0
v 224.0 339.2000427246094 -152.0
v 224.0 339.2000427246094 -136.0
v -224.0 339.2000427246094 -136.0
v -224.0 339.2000427246094 -152.0
v 224.0 339.2000427246094 -152.0
v -224.0 339.2000427246094 -152.0
v -224.0 364.7999572753906 -152.0
v 224.0 364.7999572753906 -152.0
v -224.0 339.2000427246094 -136.0
v 224.0 339.2000427246094 -136.0
v 224.0 364.7999572753906 -136.0
v -224.0 364.7999572753906 -136.0
v 224.0 339.2000732421875 -152.0
v 224.0 339.2000732421875 -160.0
v 224.0 339.4459228515625 -158.43927001953125
v -224.0 339.4459228515625 -158.43927001953125
v -224.0 339.2000732421875 -160.0
v -224.0 339.2000732421875 -152.0
v -224.0 339.2000732421875 -160.0
v 224.0 339.2000732421875 -160.0
v 224.0 339.2000732421875 -152.0
v -224.0 339.2000732421875 -152.0
v -224.0 339.4459228515625 -158.43927001953125
v 224.0 339.4459228515625 -158.43927001953125
v 224.0 339.2000732421875 -160.0
v -224.0 339.2000732421875 -160.0
v 224.0 339.20001220703125 -151.99993896484375
v 224.0 339.4459533691406 -158.439208984375
v 224.0 340.17437744140625 -156.9384765625
v -224.0 340.17437744140625 -156.93853759765625
v -224.0 339.4459533691406 -158.43927001953125
v -224.0 339.20001220703125 -152.0
v -224.0 340.17437744140625 -156.93853759765625
v 224.0 340.17437744140625 -156.9384765625
v 224.0 339.4459533691406 -158.439208984375
v -224.0 339.4459533691406 -158.43927001953125
v 224.0 339.2000427246094 -151.99993896484375
v 224.0 340.17437744140625 -156.9384765625
v 224.0 341.3572082519531 -155.555419921875
v -224.0 341.3572082519531 -155.555419921875
v -224.0 340.17437744140625 -156.93853759765625
v -224.0 339.2000427246094 -152.0
v -224.0 341.3572082519531 -155.555419921875
v 224.0 341.3572082519531 -155.555419921875
v 224.0 340.17437744140625 -156.9384765625
v -224.0 340.17437744140625 -156.93853759765625
v 224.0 339.2000732421875 -151.99993896484375
v 224.0 341.3572082519531 -155.55535888671875
v 224.0 342.9490966796875 -154.34307861328125
v -224.0 342.9490966796875 -154.34307861328125
v -224.0 341.3572082519531 -155.555419921875
v -224.0 339.2000732421875 -151.99993896484375
v -224.0 342.9490966796875 -154.34307861328125
v 224.0 342.9490966796875 -154.34307861328125
v 224.0 341.3572082519531 -155.55535888671875
v -224.0 341.3572082519531 -155.555419921875
v 224.0 339.20001220703125 -152.0
v 224.0 342.94903564453125 -154.3431396484375
v 224.0 344.88873291015625 -153.34820556640625
v -224.0 344.88873291015625 -153.3482666015625
v -224.0 342.94903564453125 -154.3431396484375
v -224.0 339.20001220703125 -152.0
v -224.0 344.88873291015625 -153.3482666015625
v 224.0 344.88873291015625 -153.34820556640625
v 224.0 342.94903564453125 -154.3431396484375
v -224.0 342.94903564453125 -154.3431396484375
v 224.0 339.20001220703125 -152.0
v 224.0 344.88873291015625 -153.34820556640625
v 224.0 347.10162353515625 -152.60894775390625
v -224.0 347.10162353515625 -152.6090087890625
v -224.0 344.88873291015625 -153.3482666015625
v -224.0 339.20001220703125 -152.0
v -224.0 347.10162353515625 -152.6090087890625
v 224.0 347.10162353515625 -152.60894775390625
v 224.0 344.88873291015625 -153.34820556640625
v -224.0 344.88873291015625 -153.3482666015625
v 224.0 339.1999816894531 -152.0
v 224.0 347.1016845703125 -152.60894775390625
v 224.0 349.5028991699219 -152.1536865234375
v -224.0 349.5028991699219 -152.15374755859375
v -224.0 347.1016845703125 -152.6090087890625
v -224.0 339.1999816894531 -152.0
v -224.0 349.5028991699219 -152.15374755859375
v 224.0 349.5028991699219 -152.1536865234375
v 224.0 347.1016845703125 -152.60894775390625
v -224.0 347.1016845703125 -152.6090087890625
v 224.0 339.199951171875 -152.0
v 224.0 349.5028076171875 -152.1536865234375
v 224.0 352.0 -152.0
v -224.0 352.0 -152.0
v -224.0 349.5028076171875 -152.15374755859375
v -224.0 339.199951171875 -152.0
v -224.0 352.0 -152.0
v 224.0 352.0 -152.0
v 224.0 349.5028076171875 -152.1536865234375
v -224.0 349.5028076171875 -152.15374755859375
v -224.0 339.199951171875 -152.0
v 224.0 339.199951171875 -152.0
v 224.0 352.0 -152.0
v -224.0 352.0 -152.0
v 224.0 364.8000793457031 -152.0
v 224.0 352.0000305175781 -152.0
v 224.0 354.4972229003906 -152.1536865234375
v -224.0 354.4972229003906 -152.15374755859375
v -224.0 352.0000305175781 -152.0
v -224.0 364.8000793457031 -152.0
v -224.0 352.0000305175781 -152.0
v 224.0 352.0000305175781 -152.0
v 224.0 364.8000793457031 -152.0
v -224.0 364.8000793457031 -152.0
v -224.0 354.4972229003906 -152.15374755859375
v 224.0 354.4972229003906 -152.1536865234375
v 224.0 352.0000305175781 -152.0
v -224.0 352.0000305175781 -152.0
v 224.0 364.800048828125 -152.0
v 224.0 354.49713134765625 -152.1536865234375
v 224.0 356.89837646484375 -152.60894775390625
v -224.0 356.89837646484375 -152.6090087890625
v -224.0 354.49713134765625 -152.15374755859375
v -224.0 364.800048828125 -152.0
v -224.0 356.89837646484375 -152.6090087890625
v 224.0 356.89837646484375 -152.60894775390625
v 224.0 354.49713134765625 -152.1536865234375
v -224.0 354.49713134765625 -152.15374755859375
v 224.0 364.8000183105469 -152.0
v 224.0 356.8984069824219 -152.60894775390625
v 224.0 359.1112976074219 -153.34820556640625
v -224.0 359.1112976074219 -153.3482666015625
v -224.0 356.8984069824219 -152.6090087890625
v -224.0 364.8000183105469 -152.0
v -224.0 359.1112976074219 -153.3482666015625
v 224.0 359.1112976074219 -153.34820556640625
v 224.0 356.8984069824219 -152.60894775390625
v -224.0 356.8984069824219 -152.6090087890625
v 224.0 364.8000793457031 -152.0
v 224.0 359.1113586425781 -153.34820556640625
v 224.0 361.0510559082031 -154.3431396484375
v -224.0 361.0510559082031 -154.3431396484375
v -224.0 359.1113586425781 -153.3482666015625
v -224.0 364.8000793457031 -152.0
v -224.0 361.0510559082031 -154.3431396484375
v 224.0 361.0510559082031 -154.3431396484375
v 224.0 359.1113586425781 -153.34820556640625
v -224.0 359.1113586425781 -153.3482666015625
v 224.0 364.7999572753906 -151.99993896484375
v 224.0 361.0509338378906 -154.34307861328125
v 224.0 362.642822265625 -155.55535888671875
v -224.0 362.642822265625 -155.555419921875
v -224.0 361.0509338378906 -154.34307861328125
v -224.0 364.7999572753906 -151.99993896484375
v -224.0 362.642822265625 -155.555419921875
v 224.0 362.642822265625 -155.55535888671875
v 224.0 361.0509338378906 -154.34307861328125
v -224.0 361.0509338378906 -154.34307861328125
v 224.0 364.8000183105469 -151.99993896484375
v 224.0 362.6428527832031 -155.555419921875
v 224.0 363.82568359375 -156.9384765625
v -224.0 363.82568359375 -156.93853759765625
v -224.0 362.6428527832031 -155.555419921875
v -224.0 364.8000183105469 -152.0
v -224.0 363.82568359375 -156.93853759765625
v 224.0 363.82568359375 -156.9384765625
v 224.0 362.6428527832031 -155.555419921875
v -224.0 362.6428527832031 -155.555419921875
v 224.0 364.8000793457031 -151.99993896484375
v 224.0 363.8257141113281 -156.9384765625
v 224.0 364.5541076660156 -158.439208984375
v -224.0 364.5541076660156 -158.43927001953125
v -224.0 363.8257141113281 -156.93853759765625
v -224.0 364.8000793457031 -152.0
v -224.0 364.5541076660156 -158.43927001953125
v 224.0 364.5541076660156 -158.439208984375
v 224.0 363.8257141113281 -156.9384765625
v -224.0 363.8257141113281 -156.93853759765625
v 224.0 364.79998779296875 -152.0
v 224.0 364.55413818359375 -158.43927001953125
v 224.0 364.79998779296875 -160.0
v -224.0 364.79998779296875 -160.0
v -224.0 364.55413818359375 -158.43927001953125
v -224.0 364.79998779296875 -152.0
v -224.0 364.79998779296875 -160.0
v 224.0 364.79998779296875 -160.0
v 224.0 364.55413818359375 -158.43927001953125
v -224.0 364.55413818359375 -158.43927001953125
v -224.0 364.79998779296875 -152.0
v 224.0 364.79998779296875 -152.0
v 224.0 364.79998779296875 -160.0
v -224.0 364.79998779296875 -160.0
v -224.0 336.0 -128.0
v -224.0 339.199951171875 -128.0
v -224.0 339.199951171875 -160.0
v -224.0 336.0 -160.0
v 224.0 339.199951171875 -128.0
v 224.0 336.0 -128.0
v 224.0 336.0 -160.0
v 224.0 339.199951171875 -160.0
v 224.0 339.199951171875 -128.0
v 224.0 339.199951171875 -160.0
v -224.0 339.199951171875 -160.0
v -224.0 339.199951171875 -128.0
v 224.0 336.0 -160.0
v 224.0 336.0 -128.0
v -224.0 336.0 -128.0
v -224.0 336.0 -160.0
v 224.0 336.0 -160.0
v -224.0 336.0 -160.0
v -224.0 339.199951171875 -160.0
v 224.0 339.199951171875 -160.0
v -224.0 336.0 -128.0
v 224.0 336.0 -128.0
v 224.0 339.199951171875 -128.0
v -224.0 339.199951171875 -128.0
v -224.0 364.800048828125 -128.0
v -224.0 368.0 -128.0
v -224.0 368.0 -160.0
v -224.0 364.800048828125 -160.0
v 224.0 368.0 -128.0
v 224.0 364.800048828125 -128.0
v 224.0 364.800048828125 -160.0
v 224.0 368.0 -160.0
v 224.0 368.0 -128.0
v 224.0 368.0 -160.0
v -224.0 368.0 -160.0
v -224.0 368.0 -128.0
v 224.0 364.800048828125 -160.0
v 224.0 364.800048828125 -128.0
v -224.0 364.800048828125 -128.0
v -224.0 364.800048828125 -160.0
v 224.0 364.800048828125 -160.0
v -224.0 364.800048828125 -160.0
v -224.0 368.0 -160.0
v 224.0 368.0 -160.0
v -224.0 364.800048828125 -128.0
v 224.0 364.800048828125 -128.0
v 224.0 368.0 -128.0
v -224.0 368.0 -128.0
v 224.0 364.7999572753906 -135.99993896484375
v 224.0 364.7999572753906 -127.99993896484375
v 224.0 364.5541076660156 -129.5606689453125
v -224.0 364.5541076660156 -129.5606689453125
v -224.0 364.7999572753906 -127.99993896484375
v -224.0 364.7999572753906 -135.99993896484375
v -224.0 364.7999572753906 -127.99993896484375
v 224.0 364.7999572753906 -127.99993896484375
v 224.0 364.7999572753906 -135.99993896484375
v -224.0 364.7999572753906 -135.99993896484375
v -224.0 364.5541076660156 -129.5606689453125
v 224.0 364.5541076660156 -129.5606689453125
v 224.0 364.7999572753906 -127.99993896484375
v -224.0 364.7999572753906 -127.99993896484375
v 224.0 364.8000183105469 -136.0
v 224.0 364.5540771484375 -129.56072998046875
v 224.0 363.8256530761719 -131.06146240234375
v -224.0 363.8256530761719 -131.0614013671875
v -224.0 364.5540771484375 -129.5606689453125
v -224.0 364.8000183105469 -135.99993896484375
v -224.0 363.8256530761719 -131.0614013671875
v 224.0 363.8256530761719 -131.06146240234375
v 224.0 364.5540771484375 -129.56072998046875
v -224.0 364.5540771484375 -129.5606689453125
v 224.0 364.79998779296875 -136.0
v 224.0 363.8256530761719 -131.06146240234375
v 224.0 362.642822265625 -132.44451904296875
v -224.0 362.642822265625 -132.44451904296875
v -224.0 363.8256530761719 -131.0614013671875
v -224.0 364.79998779296875 -135.99993896484375
v -224.0 362.642822265625 -132.44451904296875
v 224.0 362.642822265625 -132.44451904296875
v 224.0 363.8256530761719 -131.06146240234375
v -224.0 363.8256530761719 -131.0614013671875
v 224.0 364.7999572753906 -135.9998779296875
v 224.0 362.642822265625 -132.4444580078125
v 224.0 361.0509338378906 -133.65673828125
v -224.0 361.0509338378906 -133.65673828125
v -224.0 362.642822265625 -132.44439697265625
v -224.0 364.7999572753906 -135.9998779296875
v -224.0 361.0509338378906 -133.65673828125
v 224.0 361.0509338378906 -133.65673828125
v 224.0 362.642822265625 -132.4444580078125
v -224.0 362.642822265625 -132.44439697265625
v 224.0 364.8000183105469 -135.99993896484375
v 224.0 361.0509948730469 -133.65679931640625
v 224.0 359.1112976074219 -134.6517333984375
v -224.0 359.1112976074219 -134.65167236328125
v -224.0 361.0509948730469 -133.65679931640625
v -224.0 364.8000183105469 -135.99993896484375
v -224.0 359.1112976074219 -134.65167236328125
v 224.0 359.1112976074219 -134.6517333984375
v 224.0 361.0509948730469 -133.65679931640625
v -224.0 361.0509948730469 -133.65679931640625
v 224.0 364.8000183105469 -135.99993896484375
v 224.0 359.1112976074219 -134.6517333984375
v 224.0 356.8984069824219 -135.3909912109375
v -224.0 356.8984069824219 -135.39093017578125
v -224.0 359.1112976074219 -134.65167236328125
v -224.0 364.8000183105469 -135.99993896484375
v -224.0 356.8984069824219 -135.39093017578125
v 224.0 356.8984069824219 -135.3909912109375
v 224.0 359.1112976074219 -134.6517333984375
v -224.0 359.1112976074219 -134.65167236328125
v 224.0 364.800048828125 -135.99993896484375
v 224.0 356.8983459472656 -135.3909912109375
v 224.0 354.49713134765625 -135.84625244140625
v -224.0 354.49713134765625 -135.84619140625
v -224.0 356.8983459472656 -135.39093017578125
v -224.0 364.800048828125 -135.99993896484375
v -224.0 354.49713134765625 -135.84619140625
v 224.0 354.49713134765625 -135.84625244140625
v 224.0 356.8983459472656 -135.3909912109375
v -224.0 356.8983459472656 -135.39093017578125
v 224.0 364.8000793457031 -135.99993896484375
v 224.0 354.4972229003906 -135.84625244140625
v 224.0 352.0000305175781 -135.99993896484375
v -224.0 352.0000305175781 -135.99993896484375
v -224.0 354.4972229003906 -135.84619140625
v -224.0 364.8000793457031 -135.99993896484375
v -224.0 352.0000305175781 -135.99993896484375
v 224.0 352.0000305175781 -135.99993896484375
v 224.0 354.4972229003906 -135.84625244140625
v -224.0 354.4972229003906 -135.84619140625
v -224.0 364.8000793457031 -135.99993896484375
v 224.0 364.8000793457031 -135.99993896484375
v 224.0 352.0000305175781 -135.99993896484375
v -224.0 352.0000305175781 -135.99993896484375
v 224.0 339.1999816894531 -135.99993896484375
v 224.0 352.0000305175781 -135.99993896484375
v 224.0 349.5028381347656 -135.84625244140625
v -224.0 349.5028381347656 -135.84619140625
v -224.0 352.0000305175781 -135.99993896484375
v -224.0 339.1999816894531 -135.99993896484375
v -224.0 352.0000305175781 -135.99993896484375
v 224.0 352.0000305175781 -135.99993896484375
v 224.0 339.1999816894531 -135.99993896484375
v -224.0 339.1999816894531 -135.99993896484375
v -224.0 349.5028381347656 -135.84619140625
v 224.0 349.5028381347656 -135.84625244140625
v 224.0 352.0000305175781 -135.99993896484375
v -224.0 352.0000305175781 -135.99993896484375
v 224.0 339.20001220703125 -135.99993896484375
v 224.0 349.5029296875 -135.84625244140625
v 224.0 347.1016845703125 -135.3909912109375
v -224.0 347.1016845703125 -135.39093017578125
v -224.0 349.5029296875 -135.84619140625
v -224.0 339.20001220703125 -135.99993896484375
v -224.0 347.1016845703125 -135.39093017578125
v 224.0 347.1016845703125 -135.3909912109375
v 224.0 349.5029296875 -135.84625244140625
v -224.0 349.5029296875 -135.84619140625
v 224.0 339.1999816894531 -135.99993896484375
v 224.0 347.1015930175781 -135.3909912109375
v 224.0 344.8887023925781 -134.6517333984375
v -224.0 344.8887023925781 -134.65167236328125
v -224.0 347.1015930175781 -135.39093017578125
v -224.0 339.1999816894531 -135.99993896484375
v -224.0 344.8887023925781 -134.65167236328125
v 224.0 344.8887023925781 -134.6517333984375
v 224.0 347.1015930175781 -135.3909912109375
v -224.0 347.1015930175781 -135.39093017578125
v 224.0 339.1999816894531 -135.99993896484375
v 224.0 344.8887023925781 -134.6517333984375
v 224.0 342.9490051269531 -133.65679931640625
v -224.0 342.9490051269531 -133.65679931640625
v -224.0 344.8887023925781 -134.65167236328125
v -224.0 339.1999816894531 -135.99993896484375
v -224.0 342.9490051269531 -133.65679931640625
v 224.0 342.9490051269531 -133.65679931640625
v 224.0 344.8887023925781 -134.6517333984375
v -224.0 344.8887023925781 -134.65167236328125
v 224.0 339.2000427246094 -135.9998779296875
v 224.0 342.9490661621094 -133.65673828125
v 224.0 341.357177734375 -132.4444580078125
v -224.0 341.357177734375 -132.44439697265625
v -224.0 342.9490661621094 -133.65673828125
v -224.0 339.2000427246094 -135.9998779296875
v -224.0 341.357177734375 -132.44439697265625
v 224.0 341.357177734375 -132.4444580078125
v 224.0 342.9490661621094 -133.65673828125
v -224.0 342.9490661621094 -133.65673828125
v 224.0 339.2000427246094 -136.0
v 224.0 341.3572082519531 -132.44451904296875
v 224.0 340.17437744140625 -131.06146240234375
v -224.0 340.17437744140625 -131.0614013671875
v -224.0 341.3572082519531 -132.44451904296875
v -224.0 339.2000427246094 -135.99993896484375
v -224.0 340.17437744140625 -131.0614013671875
v 224.0 340.17437744140625 -131.06146240234375
v 224.0 341.3572082519531 -132.44451904296875
v -224.0 341.3572082519531 -132.44451904296875
v 224.0 339.1999816894531 -136.0
v 224.0 340.1743469238281 -131.06146240234375
v 224.0 339.4459533691406 -129.56072998046875
v -224.0 339.4459533691406 -129.5606689453125
v -224.0 340.1743469238281 -131.0614013671875
v -224.0 339.1999816894531 -135.99993896484375
v -224.0 339.4459533691406 -129.5606689453125
v 224.0 339.4459533691406 -129.56072998046875
v 224.0 340.1743469238281 -131.06146240234375
v -224.0 340.1743469238281 -131.0614013671875
v 224.0 339.2000732421875 -135.99993896484375
v 224.0 339.4459228515625 -129.5606689453125
v 224.0 339.2000732421875 -127.99993896484375
v -224.0 339.2000732421875 -127.99993896484375
v -224.0 339.4459228515625 -129.5606689453125
v -224.0 339.2000732421875 -135.99993896484375
v -224.0 339.2000732421875 -127.99993896484375
v 224.0 339.2000732421875 -127.99993896484375
v 224.0 339.4459228515625 -129.5606689453125
v -224.0 339.4459228515625 -129.5606689453125
v -224.0 339.2000732421875 -135.99993896484375
v 224.0 339.2000732421875 -135.99993896484375
v 224.0 339.2000732421875 -127.99993896484375
v -224.0 339.2000732421875 -127.99993896484375
v -224.0 339.2000427246094 -424.0
v -224.0 364.7999572753906 -424.0
v -224.0 364.7999572753906 -440.0
v -224.0 339.2000427246094 -440.0
v 224.0 364.7999572753906 -424.0
v 224.0 339.2000427246094 -424.0
v 224.0 339.2000427246094 -440.0
v 224.0 364.7999572753906 -440.0
v 224.0 364.7999572753906 -424.0
v 224.0 364.7999572753906 -440.0
v -224.0 364.7999572753906 -440.0
v -224.0 364.7999572753906 -424.0
v 224.0 339.2000427246094 -440.0
v 224.0 339.2000427246094 -424.0
v -224.0 339.2000427246094 -424.0
v -224.0 339.2000427246094 -440.0
v 224.0 339.2000427246094 -440.0
v -224.0 339.2000427246094 -440.0
v -224.0 364.7999572753906 -440.0
v 224.0 364.7999572753906 -440.0
v -224.0 339.2000427246094 -424.0
v 224.0 339.2000427246094 -424.0
v 224.0 364.7999572753906 -424.0
v -224.0 364.7999572753906 -424.0
v 224.0 339.2000732421875 -440.0
v 224.0 339.2000732421875 -448.0
v 224.0 339.4459228515625 -446.43927001953125
v -224.0 339.4459228515625 -446.43927001953125
v -224.0 339.2000732421875 -448.0
v -224.0 339.2000732421875 -440.0
v -224.0 339.2000732421875 -448.0
v 224.0 339.2000732421875 -448.0
v 224.0 339.2000732421875 -440.0
v -224.0 339.2000732421875 -440.0
v -224.0 339.4459228515625 -446.43927001953125
v 224.0 339.4459228515625 -446.43927001953125
v 224.0 339.2000732421875 -448.0
v -224.0 339.2000732421875 -448.0
v 224.0 339.20001220703125 -439.99993896484375
v 224.0 339.4459533691406 -446.439208984375
v 224.0 340.17437744140625 -444.9384765625
v -224.0 340.17437744140625 -444.93853759765625
v -224.0 339.4459533691406 -446.43927001953125
v -224.0 339.20001220703125 -440.0
v -224.0 340.17437744140625 -444.93853759765625
v 224.0 340.17437744140625 -444.9384765625
v 224.0 339.4459533691406 -446.439208984375
v -224.0 339.4459533691406 -446.43927001953125
v 224.0 339.2000427246094 -439.99993896484375
v 224.0 340.17437744140625 -444.9384765625
v 224.0 341.3572082519531 -443.555419921875
v -224.0 341.3572082519531 -443.555419921875
v -224.0 340.17437744140625 -444.93853759765625
v -224.0 339.2000427246094 -440.0
v -224.0 341.3572082519531 -443.555419921875
v 224.0 341.3572082519531 -443.555419921875
v 224.0 340.17437744140625 -444.9384765625
v -224.0 340.17437744140625 -444.93853759765625
v 224.0 339.2000732421875 -439.99993896484375
v 224.0 341.3572082519531 -443.55535888671875
v 224.0 342.9490966796875 -442.34307861328125
v -224.0 342.9490966796875 -442.34307861328125
v -224.0 341.3572082519531 -443.555419921875
v -224.0 339.2000732421875 -439.99993896484375
v -224.0 342.9490966796875 -442.34307861328125
v 224.0 342.9490966796875 -442.34307861328125
v 224.0 341.3572082519531 -443.55535888671875
v -224.0 341.3572082519531 -443.555419921875
v 224.0 339.20001220703125 -440.0
v 224.0 342.94903564453125 -442.3431396484375
v 224.0 344.88873291015625 -441.34820556640625
v -224.0 344.88873291015625 -441.3482666015625
v -224.0 342.94903564453125 -442.3431396484375
v -224.0 339.20001220703125 -440.0
v -224.0 344.88873291015625 -441.3482666015625
v 224.0 344.88873291015625 -441.34820556640625
v 224.0 342.94903564453125 -442.3431396484375
v -224.0 342.94903564453125 -442.3431396484375
v 224.0 339.20001220703125 -440.0
v 224.0 344.88873291015625 -441.34820556640625
v 224.0 347.10162353515625 -440.60894775390625
v -224.0 347.10162353515625 -440.6090087890625
v -224.0 344.88873291015625 -441.3482666015625
v -224.0 339.20001220703125 -440.0
v -224.0 347.10162353515625 -440.6090087890625
v 224.0 347.10162353515625 -440.60894775390625
v 224.0 344.88873291015625 -441.34820556640625
v -224.0 344.88873291015625 -441.3482666015625
v 224.0 339.1999816894531 -440.0
v 224.0 347.1016845703125 -440.60894775390625
v 224.0 349.5028991699219 -440.1536865234375
v -224.0 349.5028991699219 -440.15374755859375
v -224.0 347.1016845703125 -440.6090087890625
v -224.0 339.1999816894531 -440.0
v -224.0 349.5028991699219 -440.15374755859375
v 224.0 349.5028991699219 -440.1536865234375
v 224.0 347.1016845703125 -440.60894775390625
v -224.0 347.1016845703125 -440.6090087890625
v 224.0 339.199951171875 -440.0
v 224.0 349.5028076171875 -440.1536865234375
v 224.0 352.0 -440.0
v -224.0 352.0 -440.0
v -224.0 349.5028076171875 -440.15374755859375
v -224.0 339.199951171875 -440.0
v -224.0 352.0 -440.0
v 224.0 352.0 -440.0
v 224.0 349.5028076171875 -440.1536865234375
v -224.0 349.5028076171875 -440.15374755859375
v -224.0 339.199951171875 -440.0
v 224.0 339.199951171875 -440.0
v 224.0 352.0 -440.0
v -224.0 352.0 -440.0
v 224.0 364.8000793457031 -440.0
v 224.0 352.0000305175781 -440.0
v 224.0 354.4972229003906 -440.1536865234375
v -224.0 354.4972229003906 -440.15374755859375
v -224.0 352.0000305175781 -440.0
v -224.0 364.8000793457031 -440.0
v -224.0 352.0000305175781 -440.0
v 224.0 352.0000305175781 -440.0
v 224.0 364.8000793457031 -440.0
v -224.0 364.8000793457031 -440.0
v -224.0 354.4972229003906 -440.15374755859375
v 224.0 354.4972229003906 -440.1536865234375
v 224.0 352.0000305175781 -440.0
v -224.0 352.0000305175781 -440.0
v 224.0 364.800048828125 -440.0
v 224.0 354.49713134765625 -440.1536865234375
v 224.0 356.89837646484375 -440.60894775390625
v -224.0 356.89837646484375 -440.6090087890625
v -224.0 354.49713134765625 -440.15374755859375
v -224.0 364.800048828125 -440.0
v -224.0 356.89837646484375 -440.6090087890625
v 224.0 356.89837646484375 -440.60894775390625
v 224.0 354.49713134765625 -440.1536865234375
v -224.0 354.49713134765625 -440.15374755859375
v 224.0 364.8000183105469 -440.0
v 224.0 356.8984069824219 -440.60894775390625
v 224.0 359.1112976074219 -441.34820556640625
v -224.0 359.1112976074219 -441.3482666015625
v -224.0 356.8984069824219 -440.6090087890625
v -224.0 364.8000183105469 -440.0
v -224.0 359.1112976074219 -441.3482666015625
v 224.0 359.1112976074219 -441.34820556640625
v 224.0 356.8984069824219 -440.60894775390625
v -224.0 356.8984069824219 -440.6090087890625
v 224.0 364.8000793457031 -440.0
v 224.0 359.1113586425781 -441.34820556640625
v 224.0 361.0510559082031 -442.3431396484375
v -224.0 361.0510559082031 -442.3431396484375
v -224.0 359.1113586425781 -441.3482666015625
v -224.0 364.8000793457031 -440.0
v -224.0 361.0510559082031 -442.3431396484375
v 224.0 361.0510559082031 -442.3431396484375
v 224.0 359.1113586425781 -441.34820556640625
v -224.0 359.1113586425781 -441.3482666015625
v 224.0 364.7999572753906 -439.99993896484375
v 224.0 361.0509338378906 -442.34307861328125
v 224.0 362.642822265625 -443.55535888671875
v -224.0 362.642822265625 -443.555419921875
v -224.0 361.0509338378906 -442.34307861328125
v -224.0 364.7999572753906 -439.99993896484375
v -224.0 362.642822265625 -443.555419921875
v 224.0 362.642822265625 -443.55535888671875
v 224.0 361.0509338378906 -442.34307861328125
v -224.0 361.0509338378906 -442.34307861328125
v 224.0 364.8000183105469 -439.99993896484375
v 224.0 362.6428527832031 -443.555419921875
v 224.0 363.82568359375 -444.9384765625
v -224.0 363.82568359375 -444.93853759765625
v -224.0 362.6428527832031 -443.555419921875
v -224.0 364.8000183105469 -440.0
v -224.0 363.82568359375 -444.93853759765625
v 224.0 363.82568359375 -444.9384765625
v 224.0 362.6428527832031 -443.555419921875
v -224.0 362.6428527832031 -443.555419921875
v 224.0 364.8000793457031 -439.99993896484375
v 224.0 363.8257141113281 -444.9384765625
v 224.0 364.5541076660156 -446.439208984375
v -224.0 364.5541076660156 -446.43927001953125
v -224.0 363.8257141113281 -444.93853759765625
v -224.0 364.8000793457031 -440.0
v -224.0 364.5541076660156 -446.43927001953125
v 224.0 364.5541076660156 -446.439208984375
v 224.0 363.8257141113281 -444.9384765625
v -224.0 363.8257141113281 -444.93853759765625
v 224.0 364.79998779296875 -440.0
v 224.0 364.55413818359375 -446.43927001953125
v 224.0 364.79998779296875 -448.0
v -224.0 364.79998779296875 -448.0
v -224.0 364.55413818359375 -446.43927001953125
v -224.0 364.79998779296875 -440.0
v -224.0 364.79998779296875 -448.0
v 224.0 364.79998779296875 -448.0
v 224.0 364.55413818359375 -446.43927001953125
v -224.0 364.55413818359375 -446.43927001953125
v -224.0 364.79998779296875 -440.0
v 224.0 364.79998779296875 -440.0
v 224.0 364.79998779296875 -448.0
v -224.0 364.79998779296875 -448.0
v -224.0 336.0 -416.0
v -224.0 339.199951171875 -416.0
v -224.0 339.199951171875 -448.0
v -224.0 336.0 -448.0
v 224.0 339.199951171875 -416.0
v 224.0 336.0 -416.0
v 224.0 336.0 -448.0
v 224.0 339.199951171875 -448.0
v 224.0 339.199951171875 -416.0
v 224.0 339.199951171875 -448.0
v -224.0 339.199951171875 -448.0
v -224.0 339.199951171875 -416.0
v 224.0 336.0 -448.0
v 224.0 336.0 -416.0
v -224.0 336.0 -416.0
v -224.0 336.0 -448.0
v 224.0 336.0 -448.0
v -224.0 336.0 -448.0
v -224.0 339.199951171875 -448.0
v 224.0 339.199951171875 -448.0
v -224.0 336.0 -416.0
v 224.0 336.0 -416.0
v 224.0 339.199951171875 -416.0
v -224.0 339.199951171875 -416.0
v -224.0 364.800048828125 -416.0
v -224.0 368.0 -416.0
v -224.0 368.0 -448.0
v -224.0 364.800048828125 -448.0
v 224.0 368.0 -416.0
v 224.0 364.800048828125 -416.0
v 224.0 364.800048828125 -448.0
v 224.0 368.0 -448.0
v 224.0 368.0 -416.0
v 224.0 368.0 -448.0
v -224.0 368.0 -448.0
v -224.0 368.0 -416.0
v 224.0 364.800048828125 -448.0
v 224.0 364.800048828125 -416.0
v -224.0 364.800048828125 -416.0
v -224.0 364.800048828125 -448.0
v 224.0 364.800048828125 -448.0
v -224.0 364.800048828125 -448.0
v -224.0 368.0 -448.0
v 224.0 368.0 -448.0
v -224.0 364.800048828125 -416.0
v 224.0 364.800048828125 -416.0
v 224.0 368.0 -416.0
v -224.0 368.0 -416.0
v 224.0 364.7999572753906 -423.99993896484375
v 224.0 364.7999572753906 -415.99993896484375
v 224.0 364.5541076660156 -417.5606689453125
v -224.0 364.5541076660156 -417.5606689453125
v -224.0 364.7999572753906 -415.99993896484375
v -224.0 364.7999572753906 -423.99993896484375
v -224.0 364.7999572753906 -415.99993896484375
v 224.0 364.7999572753906 -415.99993896484375
v 224.0 364.7999572753906 -423.99993896484375
v -224.0 364.7999572753906 -423.99993896484375
v -224.0 364.5541076660156 -417.5606689453125
v 224.0 364.5541076660156 -417.5606689453125
v 224.0 364.7999572753906 -415.99993896484375
v -224.0 364.7999572753906 -415.99993896484375
v 224.0 364.8000183105469 -424.0
v 224.0 364.5540771484375 -417.56072998046875
v 224.0 363.8256530761719 -419.06146240234375
v -224.0 363.8256530761719 -419.0614013671875
v -224.0 364.5540771484375 -417.5606689453125
v -224.0 364.8000183105469 -423.99993896484375
v -224.0 363.8256530761719 -419.0614013671875
v 224.0 363.8256530761719 -419.06146240234375
v 224.0 364.5540771484375 -417.56072998046875
v -224.0 364.5540771484375 -417.5606689453125
v 224.0 364.79998779296875 -424.0
v 224.0 363.8256530761719 -419.06146240234375
v 224.0 362.642822265625 -420.44451904296875
v -224.0 362.642822265625 -420.44451904296875
v -224.0 363.8256530761719 -419.0614013671875
v -224.0 364.79998779296875 -423.99993896484375
v -224.0 362.642822265625 -420.44451904296875
v 224.0 362.642822265625 -420.44451904296875
v 224.0 363.8256530761719 -419.06146240234375
v -224.0 363.8256530761719 -419.0614013671875
v 224.0 364.7999572753906 -423.9998779296875
v 224.0 362.642822265625 -420.4444580078125
v 224.0 361.0509338378906 -421.65673828125
v -224.0 361.0509338378906 -421.65673828125
v -224.0 362.642822265625 -420.44439697265625
v -224.0 364.7999572753906 -423.9998779296875
v -224.0 361.0509338378906 -421.65673828125
v 224.0 361.0509338378906 -421.65673828125
v 224.0 362.642822265625 -420.4444580078125
v -224.0 362.642822265625 -420.44439697265625
v 224.0 364.8000183105469 -423.99993896484375
v 224.0 361.0509948730469 -421.65679931640625
v 224.0 359.1112976074219 -422.6517333984375
v -224.0 359.1112976074219 -422.65167236328125
v -224.0 361.0509948730469 -421.65679931640625
v -224.0 364.8000183105469 -423.99993896484375
v -224.0 359.1112976074219 -422.65167236328125
v 224.0 359.1112976074219 -422.6517333984375
v 224.0 361.0509948730469 -421.65679931640625
v -224.0 361.0509948730469 -421.65679931640625
v 224.0 364.8000183105469 -423.99993896484375
v 224.0 359.1112976074219 -422.6517333984375
v 224.0 356.8984069824219 -423.3909912109375
v -224.0 356.8984069824219 -423.39093017578125
v -224.0 359.1112976074219 -422.65167236328125
v -224.0 364.8000183105469 -423.99993896484375
v -224.0 356.8984069824219 -423.39093017578125
v 224.0 356.8984069824219 -423.3909912109375
v 224.0 359.1112976074219 -422.6517333984375
v -224.0 359.1112976074219 -422.65167236328125
v 224.0 364.800048828125 -423.99993896484375
v 224.0 356.8983459472656 -423.3909912109375
v 224.0 354.49713134765625 -423.84625244140625
v -224.0 354.49713134765625 -423.84619140625
v -224.0 356.8983459472656 -423.39093017578125
v -224.0 364.800048828125 -423.99993896484375
v -224.0 354.49713134765625 -423.84619140625
v 224.0 354.49713134765625 -423.84625244140625
v 224.0 356.8983459472656 -423.3909912109375
v -224.0 356.8983459472656 -423.39093017578125
v 224.0 364.8000793457031 -423.99993896484375
v 224.0 354.4972229003906 -423.84625244140625
v 224.0 352.0000305175781 -423.99993896484375
v -224.0 352.0000305175781 -423.99993896484375
v -224.0 354.4972229003906 -423.84619140625
v -224.0 364.8000793457031 -423.99993896484375
v -224.0 352.0000305175781 -423.99993896484375
v 224.0 352.0000305175781 -423.99993896484375
v 224.0 354.4972229003906 -423.84625244140625
v -224.0 354.4972229003906 -423.84619140625
v -224.0 364.8000793457031 -423.99993896484375
v 224.0 364.8000793457031 -423.99993896484375
v 224.0 352.0000305175781 -423.99993896484375
v -224.0 352.0000305175781 -423.99993896484375
v 224.0 339.1999816894531 -423.99993896484375
v 224.0 352.0000305175781 -423.99993896484375
v 224.0 349.5028381347656 -423.84625244140625
v -224.0 349.5028381347656 -423.84619140625
v -224.0 352.0000305175781 -423.99993896484375
v -224.0 339.1999816894531 -423.99993896484375
v -224.0 352.0000305175781 -423.99993896484375
v 224.0 352.0000305175781 -423.99993896484375
v 224.0 339.1999816894531 -423.99993896484375
v -224.0 339.1999816894531 -423.99993896484375
v -224.0 349.5028381347656 -423.84619140625
v 224.0 349.5028381347656 -423.84625244140625
v 224.0 352.0000305175781 -423.99993896484375
v -224.0 352.0000305175781 -423.99993896484375
v 224.0 339.20001220703125 -423.99993896484375
v 224.0 349.5029296875 -423.84625244140625
v 224.0 347.1016845703125 -423.3909912109375
v -224.0 347.1016845703125 -423.39093017578125
v -224.0 349.5029296875 -423.84619140625
v -224.0 339.20001220703125 -423.99993896484375
v -224.0 347.1016845703125 -423.39093017578125
v 224.0 347.1016845703125 -423.3909912109375
v 224.0 349.5029296875 -423.84625244140625
v -224.0 349.5029296875 -423.84619140625
v 224.0 339.1999816894531 -423.99993896484375
v 224.0 347.1015930175781 -423.3909912109375
v 224.0 344.8887023925781 -422.6517333984375
v -224.0 344.8887023925781 -422.65167236328125
v -224.0 347.1015930175781 -423.39093017578125
v -224.0 339.1999816894531 -423.99993896484375
v -224.0 344.8887023925781 -422.65167236328125
v 224.0 344.8887023925781 -422.6517333984375
v 224.0 347.1015930175781 -423.3909912109375
v -224.0 347.1015930175781 -423.39093017578125
v 224.0 339.1999816894531 -423.99993896484375
v 224.0 344.8887023925781 -422.6517333984375
v 224.0 342.9490051269531 -421.65679931640625
v -224.0 342.9490051269531 -421.65679931640625
v -224.0 344.8887023925781 -422.65167236328125
v -224.0 339.1999816894531 -423.99993896484375
v -224.0 342.9490051269531 -421.65679931640625
v 224.0 342.9490051269531 -421.65679931640625
v 224.0 344.8887023925781 -422.6517333984375
v -224.0 344.8887023925781 -422.65167236328125
v 224.0 339.2000427246094 -423.9998779296875
v 224.0 342.9490661621094 -421.65673828125
v 224.0 341.357177734375 -420.4444580078125
v -224.0 341.357177734375 -420.44439697265625
v -224.0 342.9490661621094 -421.65673828125
v -224.0 339.2000427246094 -423.9998779296875
v -224.0 341.357177734375 -420.44439697265625
v 224.0 341.357177734375 -420.4444580078125
v 224.0 342.9490661621094 -421.65673828125
v -224.0 342.9490661621094 -421.65673828125
v 224.0 339.2000427246094 -424.0
v 224.0 341.3572082519531 -420.44451904296875
v 224.0 340.17437744140625 -419.06146240234375
v -224.0 340.17437744140625 -419.0614013671875
v -224.0 341.3572082519531 -420.44451904296875
v -224.0 339.2000427246094 -423.99993896484375
v -224.0 340.17437744140625 -419.0614013671875
v 224.0 340.17437744140625 -419.06146240234375
v 224.0 341.3572082519531 -420.44451904296875
v -224.0 341.3572082519531 -420.44451904296875
v 224.0 339.1999816894531 -424.0
v 224.0 340.1743469238281 -419.06146240234375
v 224.0 339.4459533691406 -417.56072998046875
v -224.0 339.4459533691406 -417.5606689453125
v -224.0 340.1743469238281 -419.0614013671875
v -224.0 339.1999816894531 -423.99993896484375
v -224.0 339.4459533691406 -417.5606689453125
v 224.0 339.4459533691406 -417.56072998046875
v 224.0 340.1743469238281 -419.06146240234375
v -224.0 340.1743469238281 -419.0614013671875
v 224.0 339.2000732421875 -423.99993896484375
v 224.0 339.4459228515625 -417.5606689453125
v 224.0 339.2000732421875 -415.99993896484375
v -224.0 339.2000732421875 -415.99993896484375
v -224.0 339.4459228515625 -417.5606689453125
v -224.0 339.2000732421875 -423.99993896484375
v -224.0 339.2000732421875 -415.99993896484375
v 224.0 339.2000732421875 -415.99993896484375
v 224.0 339.4459228515625 -417.5606689453125
v -224.0 339.4459228515625 -417.5606689453125
v -224.0 339.2000732421875 -423.99993896484375
v 224.0 339.2000732421875 -423.99993896484375
v 224.0 339.2000732421875 -415.99993896484375
v -224.0 339.2000732421875 -415.99993896484375
v -945.145263671875 10.0 -46.5299072265625
v -945.145263671875 6.0 -46.5299072265625
v -948.7704467773438 6.0 -44.83941650390625
v -948.7704467773438 10.0 -44.83941650390625
v -857.2406616210938 6.0 141.9820556640625
v -857.2406616210938 10.0 141.9820556640625
v -860.8659057617188 10.0 143.67254638671875
v -860.8659057617188 6.0 143.67254638671875
v -860.8659057617188 10.0 143.67254638671875
v -857.2406616210938 10.0 141.9820556640625
v -945.145263671875 10.0 -46.5299072265625
v -948.7704467773438 10.0 -44.83941650390625
v -860.8659057617188 10.0 143.67254638671875
v -948.7704467773438 10.0 -44.83941650390625
v -948.7704467773438 6.0 -44.83941650390625
v -860.8659057617188 6.0 143.67254638671875
v -945.145263671875 10.0 -46.5299072265625
v -857.2406616210938 10.0 141.9820556640625
v -857.2406616210938 6.0 141.9820556640625
v -945.145263671875 6.0 -46.5299072265625
v -916.1434326171875 10.0 -60.0537109375
v -916.1434326171875 6.0 -60.0537109375
v -919.7686157226562 6.0 -58.36322021484375
v -919.7686157226562 10.0 -58.36322021484375
v -828.2388305664062 6.0 128.458251953125
v -828.2388305664062 10.0 128.458251953125
v -831.8640747070312 10.0 130.14874267578125
v -831.8640747070312 6.0 130.14874267578125
v -831.8640747070312 10.0 130.14874267578125
v -828.2388305664062 10.0 128.458251953125
v -916.1434326171875 10.0 -60.0537109375
v -919.7686157226562 10.0 -58.36322021484375
v -831.8640747070312 10.0 130.14874267578125
v -919.7686157226562 10.0 -58.36322021484375
v -919.7686157226562 6.0 -58.36322021484375
v -831.8640747070312 6.0 130.14874267578125
v -916.1434326171875 10.0 -60.0537109375
v -828.2388305664062 10.0 128.458251953125
v -828.2388305664062 6.0 128.458251953125
v -916.1434326171875 6.0 -60.0537109375
v -887.1415405273438 10.0 -73.57745361328125
v -887.1415405273438 6.0 -73.57745361328125
v -890.7667236328125 6.0 -71.886962890625
v -890.7667236328125 10.0 -71.886962890625
v -799.2369384765625 6.0 114.93450927734375
v -799.2369384765625 10.0 114.93450927734375
v -802.8621826171875 10.0 116.625
v -802.8621826171875 6.0 116.625
v -802.8621826171875 10.0 116.625
v -799.2369384765625 10.0 114.93450927734375
v -887.1415405273438 10.0 -73.57745361328125
v -890.7667236328125 10.0 -71.886962890625
v -802.8621826171875 10.0 116.625
v -890.7667236328125 10.0 -71.886962890625
v -890.7667236328125 6.0 -71.886962890625
v -802.8621826171875 6.0 116.625
v -887.1415405273438 10.0 -73.57745361328125
v -799.2369384765625 10.0 114.93450927734375
v -799.2369384765625 6.0 114.93450927734375
v -887.1415405273438 6.0 -73.57745361328125
v -858.1397094726562 10.0 -87.10125732421875
v -858.1397094726562 6.0 -87.10125732421875
v -861.764892578125 6.0 -85.4107666015625
v -861.764892578125 10.0 -85.4107666015625
v -770.235107421875 6.0 101.41070556640625
v -770.235107421875 10.0 101.41070556640625
v -773.8603515625 10.0 103.1011962890625
v -773.8603515625 6.0 103.1011962890625
v -773.8603515625 10.0 103.1011962890625
v -770.235107421875 10.0 101.41070556640625
v -858.1397094726562 10.0 -87.10125732421875
v -861.764892578125 10.0 -85.4107666015625
v -773.8603515625 10.0 103.1011962890625
v -861.764892578125 10.0 -85.4107666015625
v -861.764892578125 6.0 -85.4107666015625
v -773.8603515625 6.0 103.1011962890625
v -858.1397094726562 10.0 -87.10125732421875
v -770.235107421875 10.0 101.41070556640625
v -770.235107421875 6.0 101.41070556640625
v -858.1397094726562 6.0 -87.10125732421875
v -829.1378784179688 10.0 -100.62506103515625
v -829.1378784179688 6.0 -100.62506103515625
v -832.7630615234375 6.0 -98.9345703125
v -832.7630615234375 10.0 -98.9345703125
v -741.2332763671875 6.0 87.88690185546875
v -741.2332763671875 10.0 87.88690185546875
v -744.8585205078125 10.0 89.577392578125
v -744.8585205078125 6.0 89.577392578125
v -744.8585205078125 10.0 89.577392578125
v -741.2332763671875 10.0 87.88690185546875
v -829.1378784179688 10.0 -100.62506103515625
v -832.7630615234375 10.0 -98.9345703125
v -744.8585205078125 10.0 89.577392578125
v -832.7630615234375 10.0 -98.9345703125
v -832.7630615234375 6.0 -98.9345703125
v -744.8585205078125 6.0 89.577392578125
v -829.1378784179688 10.0 -100.62506103515625
v -741.2332763671875 10.0 87.88690185546875
v -741.2332763671875 6.0 87.88690185546875
v -829.1378784179688 6.0 -100.62506103515625
v -800.135986328125 10.0 -114.1488037109375
v -800.135986328125 6.0 -114.1488037109375
v -803.7611694335938 6.0 -112.45831298828125
v -803.7611694335938 10.0 -112.45831298828125
v -712.2313842773438 6.0 74.3631591796875
v -712.2313842773438 10.0 74.3631591796875
v -715.8566284179688 10.0 76.05364990234375
v -715.8566284179688 6.0 76.05364990234375
v -715.8566284179688 10.0 76.05364990234375
v -712.2313842773438 10.0 74.3631591796875
v -800.135986328125 10.0 -114.1488037109375
v -803.7611694335938 10.0 -112.45831298828125
v -715.8566284179688 10.0 76.05364990234375
v -803.7611694335938 10.0 -112.45831298828125
v -803.7611694335938 6.0 -112.45831298828125
v -715.8566284179688 6.0 76.05364990234375
v -800.135986328125 10.0 -114.1488037109375
v -712.2313842773438 10.0 74.3631591796875
v -712.2313842773438 6.0 74.3631591796875
v -800.135986328125 6.0 -114.1488037109375
v -771.1341552734375 10.0 -127.672607421875
v -771.1341552734375 6.0 -127.672607421875
v -774.7593383789062 6.0 -125.98211669921875
v -774.7593383789062 10.0 -125.98211669921875
v -683.2295532226562 6.0 60.83935546875
v -683.2295532226562 10.0 60.83935546875
v -686.8547973632812 10.0 62.52984619140625
v -686.8547973632812 6.0 62.52984619140625
v -686.8547973632812 10.0 62.52984619140625
v -683.2295532226562 10.0 60.83935546875
v -771.1341552734375 10.0 -127.672607421875
v -774.7593383789062 10.0 -125.98211669921875
v -686.8547973632812 10.0 62.52984619140625
v -774.7593383789062 10.0 -125.98211669921875
v -774.7593383789062 6.0 -125.98211669921875
v -686.8547973632812 6.0 62.52984619140625
v -771.1341552734375 10.0 -127.672607421875
v -683.2295532226562 10.0 60.83935546875
v -683.2295532226562 6.0 60.83935546875
v -771.1341552734375 6.0 -127.672607421875
v -761.4700927734375 8.0 -121.1451416015625
v -761.4700927734375 6.0 -121.1451416015625
v -763.1605834960938 6.0 -124.7703857421875
v -763.1605834960938 8.0 -124.7703857421875
v -949.9821166992188 6.0 -33.24066162109375
v -949.9821166992188 8.0 -33.24066162109375
v -951.672607421875 8.0 -36.86590576171875
v -951.672607421875 6.0 -36.86590576171875
v -951.672607421875 8.0 -36.86590576171875
v -949.9821166992188 8.0 -33.24066162109375
v -761.4700927734375 8.0 -121.1451416015625
v -763.1605834960938 8.0 -124.7703857421875
v -951.672607421875 8.0 -36.86590576171875
v -763.1605834960938 8.0 -124.7703857421875
v -763.1605834960938 6.0 -124.7703857421875
v -951.672607421875 6.0 -36.86590576171875
v -761.4700927734375 8.0 -121.1451416015625
v -949.9821166992188 8.0 -33.24066162109375
v -949.9821166992188 6.0 -33.24066162109375
v -761.4700927734375 6.0 -121.1451416015625
v -747.9462890625 8.0 -92.14337158203125
v -747.9462890625 6.0 -92.14337158203125
v -749.6367797851562 6.0 -95.76861572265625
v -749.6367797851562 8.0 -95.76861572265625
v -936.4583129882812 6.0 -4.23883056640625
v -936.4583129882812 8.0 -4.23883056640625
v -938.1488037109375 8.0 -7.86407470703125
v -938.1488037109375 6.0 -7.86407470703125
v -938.1488037109375 8.0 -7.86407470703125
v -936.4583129882812 8.0 -4.23883056640625
v -747.9462890625 8.0 -92.14337158203125
v -749.6367797851562 8.0 -95.76861572265625
v -938.1488037109375 8.0 -7.86407470703125
v -749.6367797851562 8.0 -95.76861572265625
v -749.6367797851562 6.0 -95.76861572265625
v -938.1488037109375 6.0 -7.86407470703125
v -747.9462890625 8.0 -92.14337158203125
v -936.4583129882812 8.0 -4.23883056640625
v -936.4583129882812 6.0 -4.23883056640625
v -747.9462890625 6.0 -92.14337158203125
v -734.4225463867188 8.0 -63.1414794921875
v -734.4225463867188 6.0 -63.1414794921875
v -736.113037109375 6.0 -66.7667236328125
v -736.113037109375 8.0 -66.7667236328125
v -922.9345703125 6.0 24.7630615234375
v -922.9345703125 8.0 24.7630615234375
v -924.6250610351562 8.0 21.1378173828125
v -924.6250610351562 6.0 21.1378173828125
v -924.6250610351562 8.0 21.1378173828125
v -922.9345703125 8.0 24.7630615234375
v -734.4225463867188 8.0 -63.1414794921875
v -736.113037109375 8.0 -66.7667236328125
v -924.6250610351562 8.0 21.1378173828125
v -736.113037109375 8.0 -66.7667236328125
v -736.113037109375 6.0 -66.7667236328125
v -924.6250610351562 6.0 21.1378173828125
v -734.4225463867188 8.0 -63.1414794921875
v -922.9345703125 8.0 24.7630615234375
v -922.9345703125 6.0 24.7630615234375
v -734.4225463867188 6.0 -63.1414794921875
v -720.8987426757812 8.0 -34.13960266113281
v -720.8987426757812 6.0 -34.13960266113281
v -722.5892333984375 6.0 -37.76478576660156
v -722.5892333984375 8.0 -37.76478576660156
v -909.4107666015625 6.0 53.76487731933594
v -909.4107666015625 8.0 53.76487731933594
v -911.1012573242188 8.0 50.13969421386719
v -911.1012573242188 6.0 50.13969421386719
v -911.1012573242188 8.0 50.13969421386719
v -909.4107666015625 8.0 53.76487731933594
v -720.8987426757812 8.0 -34.13960266113281
v -722.5892333984375 8.0 -37.76478576660156
v -911.1012573242188 8.0 50.13969421386719
v -722.5892333984375 8.0 -37.76478576660156
v -722.5892333984375 6.0 -37.76478576660156
v -911.1012573242188 6.0 50.13969421386719
v -720.8987426757812 8.0 -34.13960266113281
v -909.4107666015625 8.0 53.76487731933594
v -909.4107666015625 6.0 53.76487731933594
v -720.8987426757812 6.0 -34.13960266113281
v -707.375 8.0 -5.13787841796875
v -707.375 6.0 -5.13787841796875
v -709.0654907226562 6.0 -8.7630615234375
v -709.0654907226562 8.0 -8.7630615234375
v -895.8870239257812 6.0 82.7666015625
v -895.8870239257812 8.0 82.7666015625
v -897.5775146484375 8.0 79.14141845703125
v -897.5775146484375 6.0 79.14141845703125
v -897.5775146484375 8.0 79.14141845703125
v -895.8870239257812 8.0 82.7666015625
v -707.375 8.0 -5.13787841796875
v -709.0654907226562 8.0 -8.7630615234375
v -897.5775146484375 8.0 79.14141845703125
v -709.0654907226562 8.0 -8.7630615234375
v -709.0654907226562 6.0 -8.7630615234375
v -897.5775146484375 6.0 79.14141845703125
v -707.375 8.0 -5.13787841796875
v -895.8870239257812 8.0 82.7666015625
v -895.8870239257812 6.0 82.7666015625
v -707.375 6.0 -5.13787841796875
v -693.8511962890625 8.0 23.864013671875
v -693.8511962890625 6.0 23.864013671875
v -695.5416870117188 6.0 20.23883056640625
v -695.5416870117188 8.0 20.23883056640625
v -882.3632202148438 6.0 111.76849365234375
v -882.3632202148438 8.0 111.76849365234375
v -884.0537109375 8.0 108.143310546875
v -884.0537109375 6.0 108.143310546875
v -884.0537109375 8.0 108.143310546875
v -882.3632202148438 8.0 111.76849365234375
v -693.8511962890625 8.0 23.864013671875
v -695.5416870117188 8.0 20.23883056640625
v -884.0537109375 8.0 108.143310546875
v -695.5416870117188 8.0 20.23883056640625
v -695.5416870117188 6.0 20.23883056640625
v -884.0537109375 6.0 108.143310546875
v -693.8511962890625 8.0 23.864013671875
v -882.3632202148438 8.0 111.76849365234375
v -882.3632202148438 6.0 111.76849365234375
v -693.8511962890625 6.0 23.864013671875
v -680.327392578125 8.0 52.8658447265625
v -680.327392578125 6.0 52.8658447265625
v -682.0178833007812 6.0 49.24066162109375
v -682.0178833007812 8.0 49.24066162109375
v -868.8394165039062 6.0 140.77032470703125
v -868.8394165039062 8.0 140.77032470703125
v -870.5299072265625 8.0 137.1451416015625
v -870.5299072265625 6.0 137.1451416015625
v -870.5299072265625 8.0 137.1451416015625
v -868.8394165039062 8.0 140.77032470703125
v -680.327392578125 8.0 52.8658447265625
v -682.0178833007812 8.0 49.24066162109375
v -870.5299072265625 8.0 137.1451416015625
v -682.0178833007812 8.0 49.24066162109375
v -682.0178833007812 6.0 49.24066162109375
v -870.5299072265625 6.0 137.1451416015625
v -680.327392578125 8.0 52.8658447265625
v -868.8394165039062 8.0 140.77032470703125
v -868.8394165039062 6.0 140.77032470703125
v -680.327392578125 6.0 52.8658447265625
v -754.7081909179688 8.0 -106.644287109375
v -754.7081909179688 6.0 -106.644287109375
v -756.398681640625 6.0 -110.26953125
v -756.398681640625 8.0 -110.26953125
v -943.22021484375 6.0 -18.73974609375
v -943.22021484375 8.0 -18.73974609375
v -944.9107055664062 8.0 -22.364990234375
v -944.9107055664062 6.0 -22.364990234375
v -944.9107055664062 8.0 -22.364990234375
v -943.22021484375 8.0 -18.73974609375
v -754.7081909179688 8.0 -106.644287109375
v -756.398681640625 8.0 -110.26953125
v -944.9107055664062 8.0 -22.364990234375
v -756.398681640625 8.0 -110.26953125
v -756.398681640625 6.0 -110.26953125
v -944.9107055664062 6.0 -22.364990234375
v -754.7081909179688 8.0 -106.644287109375
v -943.22021484375 8.0 -18.73974609375
v -943.22021484375 6.0 -18.73974609375
v -754.7081909179688 6.0 -106.644287109375
v -741.1844482421875 8.0 -77.64239501953125
v -741.1844482421875 6.0 -77.64239501953125
v -742.8749389648438 6.0 -81.26763916015625
v -742.8749389648438 8.0 -81.26763916015625
v -929.6964721679688 6.0 10.26214599609375
v -929.6964721679688 8.0 10.26214599609375
v -931.386962890625 8.0 6.63690185546875
v -931.386962890625 6.0 6.63690185546875
v -931.386962890625 8.0 6.63690185546875
v -929.6964721679688 8.0 10.26214599609375
v -741.1844482421875 8.0 -77.64239501953125
v -742.8749389648438 8.0 -81.26763916015625
v -931.386962890625 8.0 6.63690185546875
v -742.8749389648438 8.0 -81.26763916015625
v -742.8749389648438 6.0 -81.26763916015625
v -931.386962890625 6.0 6.63690185546875
v -741.1844482421875 8.0 -77.64239501953125
v -929.6964721679688 8.0 10.26214599609375
v -929.6964721679688 6.0 10.26214599609375
v -741.1844482421875 6.0 -77.64239501953125
v -727.66064453125 8.0 -48.64056396484375
v -727.66064453125 6.0 -48.64056396484375
v -729.3511352539062 6.0 -52.26580810546875
v -729.3511352539062 8.0 -52.26580810546875
v -916.1726684570312 6.0 39.26397705078125
v -916.1726684570312 8.0 39.26397705078125
v -917.8631591796875 8.0 35.63873291015625
v -917.8631591796875 6.0 35.63873291015625
v -917.8631591796875 8.0 35.63873291015625
v -916.1726684570312 8.0 39.26397705078125
v -727.66064453125 8.0 -48.64056396484375
v -729.3511352539062 8.0 -52.26580810546875
v -917.8631591796875 8.0 35.63873291015625
v -729.3511352539062 8.0 -52.26580810546875
v -729.3511352539062 6.0 -52.26580810546875
v -917.8631591796875 6.0 35.63873291015625
v -727.66064453125 8.0 -48.64056396484375
v -916.1726684570312 8.0 39.26397705078125
v -916.1726684570312 6.0 39.26397705078125
v -727.66064453125 6.0 -48.64056396484375
v -714.1368408203125 8.0 -19.638671875
v -714.1368408203125 6.0 -19.638671875
v -715.8273315429688 6.0 -23.26385498046875
v -715.8273315429688 8.0 -23.26385498046875
v -902.6488647460938 6.0 68.26580810546875
v -902.6488647460938 8.0 68.26580810546875
v -904.33935546875 8.0 64.640625
v -904.33935546875 6.0 64.640625
v -904.33935546875 8.0 64.640625
v -902.6488647460938 8.0 68.26580810546875
v -714.1368408203125 8.0 -19.638671875
v -715.8273315429688 8.0 -23.26385498046875
v -904.33935546875 8.0 64.640625
v -715.8273315429688 8.0 -23.26385498046875
v -715.8273315429688 6.0 -23.26385498046875
v -904.33935546875 6.0 64.640625
v -714.1368408203125 8.0 -19.638671875
v -902.6488647460938 8.0 68.26580810546875
v -902.6488647460938 6.0 68.26580810546875
v -714.1368408203125 6.0 -19.638671875
v -700.6130981445312 8.0 9.363037109375
v -700.6130981445312 6.0 9.363037109375
v -702.3035888671875 6.0 5.73785400390625
v -702.3035888671875 8.0 5.73785400390625
v -889.1251220703125 6.0 97.26751708984375
v -889.1251220703125 8.0 97.26751708984375
v -890.8156127929688 8.0 93.642333984375
v -890.8156127929688 6.0 93.642333984375
v -890.8156127929688 8.0 93.642333984375
v -889.1251220703125 8.0 97.26751708984375
v -700.6130981445312 8.0 9.363037109375
v -702.3035888671875 8.0 5.73785400390625
v -890.8156127929688 8.0 93.642333984375
v -702.3035888671875 8.0 5.73785400390625
v -702.3035888671875 6.0 5.73785400390625
v -890.8156127929688 6.0 93.642333984375
v -700.6130981445312 8.0 9.363037109375
v -889.1251220703125 8.0 97.26751708984375
v -889.1251220703125 6.0 97.26751708984375
v -700.6130981445312 6.0 9.363037109375
v -687.0892944335938 8.0 38.36492919921875
v -687.0892944335938 6.0 38.36492919921875
v -688.77978515625 6.0 34.73974609375
v -688.77978515625 8.0 34.73974609375
v -875.601318359375 6.0 126.2694091796875
v -875.601318359375 8.0 126.2694091796875
v -877.2918090820312 8.0 122.64422607421875
v -877.2918090820312 6.0 122.64422607421875
v -877.2918090820312 8.0 122.64422607421875
v -875.601318359375 8.0 126.2694091796875
v -687.0892944335938 8.0 38.36492919921875
v -688.77978515625 8.0 34.73974609375
v -877.2918090820312 8.0 122.64422607421875
v -688.77978515625 8.0 34.73974609375
v -688.77978515625 6.0 34.73974609375
v -877.2918090820312 6.0 122.64422607421875
v -687.0892944335938 8.0 38.36492919921875
v -875.601318359375 8.0 126.2694091796875
v -875.601318359375 6.0 126.2694091796875
v -687.0892944335938 6.0 38.36492919921875
v -870.1732177734375 4.0 156.8397216796875
v -667.1602783203125 4.0 62.1732177734375
v -667.1602783203125 12.0 62.1732177734375
v -870.1732177734375 12.0 156.8397216796875
v -670.541259765625 4.0 54.9227294921875
v -667.1602783203125 4.0 62.1732177734375
v -870.1732177734375 4.0 156.8397216796875
v -873.55419921875 4.0 149.5892333984375
v -873.55419921875 12.0 149.5892333984375
v -870.1732177734375 12.0 156.8397216796875
v -667.1602783203125 12.0 62.1732177734375
v -670.541259765625 12.0 54.9227294921875
v -667.1602783203125 12.0 62.1732177734375
v -667.1602783203125 4.0 62.1732177734375
v -670.541259765625 4.0 54.9227294921875
v -670.541259765625 12.0 54.9227294921875
v -873.55419921875 12.0 149.5892333984375
v -873.55419921875 4.0 149.5892333984375
v -870.1732177734375 4.0 156.8397216796875
v -870.1732177734375 12.0 156.8397216796875
v -873.55419921875 4.0 149.5892333984375
v -873.55419921875 12.0 149.5892333984375
v -670.541259765625 12.0 54.9227294921875
v -670.541259765625 4.0 54.9227294921875
v -761.8267822265625 12.0 -140.8397216796875
v -761.8267822265625 4.0 -140.8397216796875
v -964.8397216796875 4.0 -46.1732177734375
v -964.8397216796875 12.0 -46.1732177734375
v -964.8397216796875 4.0 -46.1732177734375
v -761.8267822265625 4.0 -140.8397216796875
v -758.44580078125 4.0 -133.5892333984375
v -961.458740234375 4.0 -38.9227294921875
v -761.8267822265625 12.0 -140.8397216796875
v -964.8397216796875 12.0 -46.1732177734375
v -961.458740234375 12.0 -38.9227294921875
v -758.44580078125 12.0 -133.5892333984375
v -758.44580078125 4.0 -133.5892333984375
v -761.8267822265625 4.0 -140.8397216796875
v -761.8267822265625 12.0 -140.8397216796875
v -758.44580078125 12.0 -133.5892333984375
v -964.8397216796875 12.0 -46.1732177734375
v -964.8397216796875 4.0 -46.1732177734375
v -961.458740234375 4.0 -38.9227294921875
v -961.458740234375 12.0 -38.9227294921875
v -758.44580078125 4.0 -133.5892333984375
v -758.44580078125 12.0 -133.5892333984375
v -961.458740234375 12.0 -38.9227294921875
v -961.458740234375 4.0 -38.9227294921875
v -758.4458618164062 4.0 -133.5892333984375
v -670.541259765625 4.0 54.92279052734375
v -677.791748046875 4.0 58.3037109375
v -765.6962890625 4.0 -130.20831298828125
v -677.791748046875 12.0 58.3037109375
v -670.541259765625 12.0 54.92279052734375
v -758.4458618164062 12.0 -133.5892333984375
v -765.6962890625 12.0 -130.20831298828125
v -670.541259765625 4.0 54.92279052734375
v -758.4458618164062 4.0 -133.5892333984375
v -758.4458618164062 12.0 -133.5892333984375
v -670.541259765625 12.0 54.92279052734375
v -677.791748046875 12.0 58.3037109375
v -677.791748046875 4.0 58.3037109375
v -670.541259765625 4.0 54.92279052734375
v -670.541259765625 12.0 54.92279052734375
v -765.6962890625 12.0 -130.20831298828125
v -758.4458618164062 12.0 -133.5892333984375
v -758.4458618164062 4.0 -133.5892333984375
v -765.6962890625 4.0 -130.20831298828125
v -677.791748046875 4.0 58.3037109375
v -677.791748046875 12.0 58.3037109375
v -765.6962890625 12.0 -130.20831298828125
v -765.6962890625 4.0 -130.20831298828125
v -873.5541381835938 4.0 149.5892333984375
v -961.458740234375 4.0 -38.92279052734375
v -954.2083129882812 4.0 -42.3037109375
v -866.3037109375 4.0 146.20831298828125
v -961.458740234375 12.0 -38.92279052734375
v -873.5541381835938 12.0 149.5892333984375
v -866.3037109375 12.0 146.20831298828125
v -954.2083129882812 12.0 -42.3037109375
v -873.5541381835938 12.0 149.5892333984375
v -961.458740234375 12.0 -38.92279052734375
v -961.458740234375 4.0 -38.92279052734375
v -873.5541381835938 4.0 149.5892333984375
v -873.5541381835938 12.0 149.5892333984375
v -873.5541381835938 4.0 149.5892333984375
v -866.3037109375 4.0 146.20831298828125
v -866.3037109375 12.0 146.20831298828125
v -961.458740234375 4.0 -38.92279052734375
v -961.458740234375 12.0 -38.92279052734375
v -954.2083129882812 12.0 -42.3037109375
v -954.2083129882812 4.0 -42.3037109375
v -954.2083129882812 4.0 -42.3037109375
v -954.2083129882812 12.0 -42.3037109375
v -866.3037109375 12.0 146.20831298828125
v -866.3037109375 4.0 146.20831298828125
v -704.0 376.0 -112.0
v -928.0 376.0 -112.0
v -928.0 632.0 -112.0
v -704.0 632.0 -112.0
v -928.0 376.0 -104.0
v -928.0 376.0 -112.0
v -704.0 376.0 -112.0
v -704.0 376.0 -104.0
v -704.0 632.0 -104.0
v -704.0 632.0 -112.0
v -928.0 632.0 -112.0
v -928.0 632.0 -104.0
v -928.0 632.0 -112.0
v -928.0 376.0 -112.0
v -928.0 376.0 -104.0
v -928.0 632.0 -104.0
v -704.0 632.0 -104.0
v -704.0 376.0 -104.0
v -704.0 376.0 -112.0
v -704.0 632.0 -112.0
v -704.0 376.0 -104.0
v -704.0 632.0 -104.0
v -928.0 632.0 -104.0
v -928.0 376.0 -104.0
v -928.0 632.0 112.0
v -928.0 376.0 112.0
v -704.0 376.0 112.0
v -704.0 632.0 112.0
v -704.0 376.0 112.0
v -928.0 376.0 112.0
v -928.0 376.0 104.0
v -704.0 376.0 104.0
v -928.0 632.0 112.0
v -704.0 632.0 112.0
v -704.0 632.0 104.0
v -928.0 632.0 104.0
v -928.0 376.0 104.0
v -928.0 376.0 112.0
v -928.0 632.0 112.0
v -928.0 632.0 104.0
v -704.0 632.0 112.0
v -704.0 376.0 112.0
v -704.0 376.0 104.0
v -704.0 632.0 104.0
v -928.0 376.0 104.0
v -928.0 632.0 104.0
v -704.0 632.0 104.0
v -704.0 376.0 104.0
v -928.0 376.0 104.0
v -928.0 376.0 -104.0
v -920.0 376.0 -104.0
v -920.0 376.0 104.0
v -920.0 632.0 -104.0
v -928.0 632.0 -104.0
v -928.0 632.0 104.0
v -920.0 632.0 104.0
v -928.0 376.0 -104.0
v -928.0 376.0 104.0
v -928.0 632.0 104.0
v -928.0 632.0 -104.0
v -920.0 632.0 -104.0
v -920.0 376.0 -104.0
v -928.0 376.0 -104.0
v -928.0 632.0 -104.0
v -920.0 632.0 104.0
v -928.0 632.0 104.0
v -928.0 376.0 104.0
v -920.0 376.0 104.0
v -920.0 376.0 -104.0
v -920.0 632.0 -104.0
v -920.0 632.0 104.0
v -920.0 376.0 104.0
v -704.0 376.0 -104.0
v -704.0 376.0 104.0
v -712.0 376.0 104.0
v -712.0 376.0 -104.0
v -704.0 408.0 104.0
v -704.0 408.0 -104.0
v -712.0 408.0 -104.0
v -712.0 408.0 104.0
v -704.0 408.0 -104.0
v -704.0 408.0 104.0
v -704.0 376.0 104.0
v -704.0 376.0 -104.0
v -704.0 408.0 -104.0
v -704.0 376.0 -104.0
v -712.0 376.0 -104.0
v -712.0 408.0 -104.0
v -704.0 376.0 104.0
v -704.0 408.0 104.0
v -712.0 408.0 104.0
v -712.0 376.0 104.0
v -712.0 376.0 104.0
v -712.0 408.0 104.0
v -712.0 408.0 -104.0
v -712.0 376.0 -104.0
v -480.0 632.0 -104.0
v -480.0 632.0 104.0
v -928.0 632.0 104.0
v -928.0 632.0 -104.0
v -480.0 640.0 104.0
v -480.0 640.0 -104.0
v -928.0 640.0 -104.0
v -928.0 640.0 104.0
v -480.0 640.0 -104.0
v -480.0 640.0 104.0
v -480.0 632.0 104.0
v -480.0 632.0 -104.0
v -480.0 640.0 -104.0
v -480.0 632.0 -104.0
v -928.0 632.0 -104.0
v -928.0 640.0 -104.0
v -480.0 632.0 104.0
v -480.0 640.0 104.0
v -928.0 640.0 104.0
v -928.0 632.0 104.0
v -928.0 632.0 104.0
v -928.0 640.0 104.0
v -928.0 640.0 -104.0
v -928.0 632.0 -104.0
v -704.0 632.0 112.0
v -704.0 400.0 112.0
v -480.0 400.0 112.0
v -480.0 632.0 112.0
v -480.0 400.0 112.0
v -704.0 400.0 112.0
v -704.0 400.0 104.0
v -480.0 400.0 104.0
v -704.0 632.0 112.0
v -480.0 632.0 112.0
v -480.0 632.0 104.0
v -704.0 632.0 104.0
v -704.0 400.0 104.0
v -704.0 400.0 112.0
v -704.0 632.0 112.0
v -704.0 632.0 104.0
v -480.0 632.0 112.0
v -480.0 400.0 112.0
v -480.0 400.0 104.0
v -480.0 632.0 104.0
v -704.0 400.0 104.0
v -704.0 632.0 104.0
v -480.0 632.0 104.0
v -480.0 400.0 104.0
v -704.0 632.0 -104.0
v -704.0 400.0 -104.0
v -480.0 400.0 -104.0
v -480.0 632.0 -104.0
v -480.0 400.0 -104.0
v -704.0 400.0 -104.0
v -704.0 400.0 -112.0
v -480.0 400.0 -112.0
v -704.0 632.0 -104.0
v -480.0 632.0 -104.0
v -480.0 632.0 -112.0
v -704.0 632.0 -112.0
v -704.0 400.0 -112.0
v -704.0 400.0 -104.0
v -704.0 632.0 -104.0
v -704.0 632.0 -112.0
v -480.0 632.0 -104.0
v -480.0 400.0 -104.0
v -480.0 400.0 -112.0
v -480.0 632.0 -112.0
v -704.0 400.0 -112.0
v -704.0 632.0 -112.0
v -480.0 632.0 -112.0
v -480.0 400.0 -112.0
v -208.0 384.0 -544.0
v -208.0 0.0 -544.0
v -224.0 0.0 -560.0
v -224.0 384.0 -560.0
v 224.0 384.0 -560.0
v 224.0 0.0 -560.0
v 208.0 0.0 -544.0
v 208.0 384.0 -544.0
v 208.0 384.0 544.0
v 208.0 0.0 544.0
v 224.0 0.0 560.0
v 224.0 384.0 560.0
v -224.0 384.0 560.0
v -224.0 0.0 560.0
v -208.0 0.0 544.0
v -208.0 384.0 544.0
v 64.0 384.0 -64.0
v 64.0 368.0 -64.0
v -64.0 368.0 -64.0
v -64.0 384.0 -64.0
v 64.0 368.0 64.0
v 64.0 384.0 64.0
v -64.0 384.0 64.0
v -64.0 368.0 64.0
v 64.0 368.0 64.0
v -64.0 368.0 64.0
v -64.0 368.0 -64.0
v 64.0 368.0 -64.0
v -64.0 384.0 64.0
v 64.0 384.0 64.0
v 64.0 384.0 -64.0
v -64.0 384.0 -64.0
v -64.0 384.0 64.0
v -64.0 384.0 -64.0
v -64.0 368.0 -64.0
v -64.0 368.0 64.0
v 64.0 384.0 -64.0
v 64.0 384.0 64.0
v 64.0 368.0 64.0
v 64.0 368.0 -64.0
v -448.0 384.0 -64.0
v -448.0 368.0 -64.0
v -576.0 368.0 -64.0
v -576.0 384.0 -64.0
v -448.0 368.0 64.0
v -448.0 384.0 64.0
v -576.0 384.0 64.0
v -576.0 368.0 64.0
v -448.0 368.0 64.0
v -576.0 368.0 64.0
v -576.0 368.0 -64.0
v -448.0 368.0 -64.0
v -576.0 384.0 64.0
v -576.0 384.0 -64.0
v -576.0 368.0 -64.0
v -576.0 368.0 64.0
v -448.0 384.0 -64.0
v -448.0 384.0 64.0
v -448.0 368.0 64.0
v -448.0 368.0 -64.0
v -372.9561767578125 386.8681335449219 -20.0
v -372.9561767578125 383.0440368652344 -20.0
v -396.9561767578125 383.0440368652344 -20.0
v -396.9561767578125 386.8681335449219 -20.0
v -372.9561767578125 383.0440368652344 20.0
v -372.9561767578125 386.8681335449219 20.0
v -396.9561767578125 386.8681335449219 20.0
v -396.9561767578125 383.0440368652344 20.0
v -372.9561767578125 383.0440368652344 20.0
v -396.9561767578125 383.0440368652344 20.0
v -396.9561767578125 383.0440368652344 -20.0
v -372.9561767578125 383.0440368652344 -20.0
v -396.9561767578125 386.8681335449219 20.0
v -372.9561767578125 386.8681335449219 20.0
v -372.9561767578125 386.8681335449219 -20.0
v -396.9561767578125 386.8681335449219 -20.0
v -396.9561767578125 386.8681335449219 20.0
v -396.9561767578125 386.8681335449219 -20.0
v -396.9561767578125 383.0440368652344 -20.0
v -396.9561767578125 383.0440368652344 20.0
v -372.9561767578125 386.8681335449219 -20.0
v -372.9561767578125 386.8681335449219 20.0
v -372.9561767578125 383.0440368652344 20.0
v -372.9561767578125 383.0440368652344 -20.0
v 11.0438232421875 382.8681335449219 284.0
v 11.0438232421875 379.0440368652344 284.0
v -12.9561767578125 379.0440368652344 284.0
v -12.9561767578125 382.8681335449219 284.0
v 11.0438232421875 379.0440368652344 324.0
v 11.0438232421875 382.8681335449219 324.0
v -12.9561767578125 382.8681335449219 324.0
v -12.9561767578125 379.0440368652344 324.0
v 11.0438232421875 379.0440368652344 324.0
v -12.9561767578125 379.0440368652344 324.0
v -12.9561767578125 379.0440368652344 284.0
v 11.0438232421875 379.0440368652344 284.0
v -12.9561767578125 382.8681335449219 324.0
v 11.0438232421875 382.8681335449219 324.0
v 11.0438232421875 382.8681335449219 284.0
v -12.9561767578125 382.8681335449219 284.0
v -12.9561767578125 382.8681335449219 324.0
v -12.9561767578125 382.8681335449219 284.0
v -12.9561767578125 379.0440368652344 284.0
v -12.9561767578125 379.0440368652344 324.0
v 11.0438232421875 382.8681335449219 284.0
v 11.0438232421875 382.8681335449219 324.0
v 11.0438232421875 379.0440368652344 324.0
v 11.0438232421875 379.0440368652344 284.0
v 11.0438232421875 382.8681335449219 -308.0
v 11.0438232421875 379.0440368652344 -308.0
v -12.9561767578125 379.0440368652344 -308.0
v -12.9561767578125 382.8681335449219 -308.0
v 11.0438232421875 379.0440368652344 -268.0
v 11.0438232421875 382.8681335449219 -268.0
v -12.9561767578125 382.8681335449219 -268.0
v -12.9561767578125 379.0440368652344 -268.0
v 11.0438232421875 379.0440368652344 -268.0
v -12.9561767578125 379.0440368652344 -268.0
v -12.9561767578125 379.0440368652344 -308.0
v 11.0438232421875 379.0440368652344 -308.0
v -12.9561767578125 382.8681335449219 -268.0
v 11.0438232421875 382.8681335449219 -268.0
v 11.0438232421875 382.8681335449219 -308.0
v -12.9561767578125 382.8681335449219 -308.0
v -12.9561767578125 382.8681335449219 -268.0
v -12.9561767578125 382.8681335449219 -308.0
v -12.9561767578125 379.0440368652344 -308.0
v -12.9561767578125 379.0440368652344 -268.0
v 11.0438232421875 382.8681335449219 -308.0
v 11.0438232421875 382.8681335449219 -268.0
v 11.0438232421875 379.0440368652344 -268.0
v 11.0438232421875 379.0440368652344 -308.0
v 225.0 191.0 848.0
v 223.0 191.0 848.0
v 223.0 191.0 944.0
v 225.0 191.0 944.0
v 223.0 63.0 848.0
v 225.0 63.000003814697266 848.0
v 225.0 63.0 944.0
v 223.0 63.0 944.0
v 223.0 63.0 848.0
v 223.0 63.0 944.0
v 223.0 191.0 944.0
v 223.0 191.0 848.0
v 225.0 63.0 944.0
v 225.0 63.000003814697266 848.0
v 225.0 191.0 848.0
v 225.0 191.0 944.0
v 225.0 63.0 944.0
v 225.0 191.0 944.0
v 223.0 191.0 944.0
v 223.0 63.0 944.0
v 225.0 191.0 848.0
v 225.0 63.000003814697266 848.0
v 223.0 63.0 848.0
v 223.0 191.0 848.0
v 225.0 191.0 592.0
v 223.0 191.0 592.0
v 223.0 191.0 688.0
v 225.0 191.0 688.0
v 223.0 63.000003814697266 592.0
v 225.0 63.000003814697266 592.0
v 225.0 63.0 688.0
v 223.0 63.0 688.0
v 223.0 63.000003814697266 592.0
v 223.0 63.0 688.0
v 223.0 191.0 688.0
v 223.0 191.0 592.0
v 225.0 63.0 688.0
v 225.0 63.000003814697266 592.0
v 225.0 191.0 592.0
v 225.0 191.0 688.0
v 225.0 63.0 688.0
v 225.0 191.0 688.0
v 223.0 191.0 688.0
v 223.0 63.0 688.0
v 225.0 191.0 592.0
v 225.0 63.000003814697266 592.0
v 223.0 63.000003814697266 592.0
v 223.0 191.0 592.0
v 225.0 191.0 -688.0
v 223.0 191.0 -688.0
v 223.0 191.0 -592.0
v 225.0 191.0 -592.0
v 223.0 63.0 -688.0
v 225.0 63.000003814697266 -688.0
v 225.0 63.0 -592.0
v 223.0 63.0 -592.0
v 223.0 63.0 -688.0
v 223.0 63.0 -592.0
v 223.0 191.0 -592.0
v 223.0 191.0 -688.0
v 225.0 63.0 -592.0
v 225.0 63.000003814697266 -688.0
v 225.0 191.0 -688.0
v 225.0 191.0 -592.0
v 225.0 63.0 -592.0
v 225.0 191.0 -592.0
v 223.0 191.0 -592.0
v 223.0 63.0 -592.0
v 225.0 191.0 -688.0
v 225.0 63.000003814697266 -688.0
v 223.0 63.0 -688.0
v 223.0 191.0 -688.0
v 225.0 191.0 -944.0
v 223.0 191.0 -944.0
v 223.0 191.0 -848.0
v 225.0 191.0 -848.0
v 223.0 63.000003814697266 -944.0
v 225.0 63.000003814697266 -944.0
v 225.0 63.0 -848.0
v 223.0 63.0 -848.0
v 223.0 63.000003814697266 -944.0
v 223.0 63.0 -848.0
v 223.0 191.0 -848.0
v 223.0 191.0 -944.0
v 225.0 63.0 -848.0
v 225.0 63.000003814697266 -944.0
v 225.0 191.0 -944.0
v 225.0 191.0 -848.0
v 225.0 63.0 -848.0
v 225.0 191.0 -848.0
v 223.0 191.0 -848.0
v 223.0 63.0 -848.0
v 225.0 191.0 -944.0
v 225.0 63.000003814697266 -944.0
v 223.0 63.000003814697266 -944.0
v 223.0 191.0 -944.0
v 44.000003814697266 356.0 545.0
v 44.000003814697266 328.0 545.0
v 44.000003814697266 328.0 543.0
v 44.000003814697266 356.0 543.0
v -44.000003814697266 328.0 545.0
v -44.000003814697266 356.0 545.0
v -44.000003814697266 356.0 543.0
v -44.000003814697266 328.0 543.0
v -44.000003814697266 328.0 545.0
v -44.000003814697266 328.0 543.0
v 44.000003814697266 328.0 543.0
v 44.000003814697266 328.0 545.0
v -44.000003814697266 356.0 543.0
v -44.000003814697266 356.0 545.0
v 44.000003814697266 356.0 545.0
v 44.000003814697266 356.0 543.0
v -44.000003814697266 356.0 543.0
v 44.000003814697266 356.0 543.0
v 44.000003814697266 328.0 543.0
v -44.000003814697266 328.0 543.0
v 44.000003814697266 356.0 545.0
v -44.000003814697266 356.0 545.0
v -44.000003814697266 328.0 545.0
v 44.000003814697266 328.0 545.0
v 44.000003814697266 356.0 -543.0
v 44.000003814697266 328.0 -543.0
v 44.000003814697266 328.0 -545.0
v 44.000003814697266 356.0 -545.0
v -44.000003814697266 328.0 -543.0
v -44.000003814697266 356.0 -543.0
v -44.000003814697266 356.0 -545.0
v -44.000003814697266 328.0 -545.0
v -44.000003814697266 328.0 -543.0
v -44.000003814697266 328.0 -545.0
v 44.000003814697266 328.0 -545.0
v 44.000003814697266 328.0 -543.0
v -44.000003814697266 356.0 -545.0
v -44.000003814697266 356.0 -543.0
v 44.000003814697266 356.0 -543.0
v 44.000003814697266 356.0 -545.0
v -44.000003814697266 356.0 -545.0
v 44.000003814697266 356.0 -545.0
v 44.000003814697266 328.0 -545.0
v -44.000003814697266 328.0 -545.0
v 44.000003814697266 356.0 -543.0
v -44.000003814697266 356.0 -543.0
v -44.000003814697266 328.0 -543.0
v 44.000003814697266 328.0 -543.0
vt 0.4287000000476837 0.3658999800682068
vt 0.7006000280380249 0.5255999863147736
vt 0.3950999975204468 0.4388999938964844
vt 0.47530001401901245 0.301800012588501
vt 0.5430999994277954 0.25349998474121094
vt 0.6159999966621399 0.22049999237060547
vt 0.6991999745368958 0.20999997854232788
vt 0.7786999940872192 0.21929997205734253
vt 0.8539999723434448 0.24839997291564941
vt 0.4287000000476837 0.3658999800682068
vt 0.47530001401901245 0.301800012588501
vt 0.5430999994277954 0.25349998474121094
vt 0.6159999966621399 0.22049999237060547
vt 0.6991999745368958 0.20999997854232788
vt 0.7786999940872192 0.21929997205734253
vt 0.6516000032424927 0.9126999974250793
vt 0.6983000040054321 0.8484999984502792
vt 0.6854000091552734 0.8881999999284744
vt 0.6100000143051147 0.9126999974250793
vt 0.517799973487854 0.2085999846458435
vt 0.45190000534057617 0.013300001621246338
vt 0.49619999527931213 0.007899999618530273
vt 0.4781999886035919 0.21450001001358032
vt 0.5555999875068665 0.20560002326965332
vt 0.542900025844574 0.003899991512298584
vt 0.5954999923706055 0.2031000256538391
vt 0.5889999866485596 0.003300011157989502
vt 0.6353999972343445 0.2031000256538391
vt 0.6351000070571899 0.002499997615814209
vt 0.8197000026702881 0.013100028038024902
vt 0.7522000074386597 0.20910000801086426
vt 0.7728000283241272 0.0070999860763549805
vt 0.7921000123023987 0.21450001001358032
vt 0.7128000259399414 0.205299973487854
vt 0.7282000184059143 0.003300011157989502
vt 0.6740000247955322 0.20340001583099365
vt 0.6807000041007996 0.0023000240325927734
vt 0.40709999203681946 0.019299983978271484
vt 0.43959999084472656 0.21960002183914185
vt 0.8575000166893005 0.019800007343292236
vt 0.8305000066757202 0.21960002183914185
vt 0.3052999973297119 0.7796999961137772
vt 0.4327000081539154 0.8008999973535538
vt 0.3407000005245209 0.7245000004768372
vt 0.40799999237060547 0.8509999960660934
vt 0.19349999725818634 0.8263999968767166
vt 0.28459998965263367 0.9121999964118004
vt 0.2851000130176544 0.8464999943971634
vt 0.19189999997615814 0.9059000015258789
vt 0.22020000219345093 0.7455999851226807
vt 0.26600000262260437 0.6712999939918518
vt 0.4668999910354614 0.7597000002861023
vt 0.3790000081062317 0.6760999858379364
vt 0.3181999921798706 0.6024999916553497
vt 0.3882000148296356 0.553600013256073
vt 0.4361000061035156 0.6365000009536743
vt 0.47540000081062317 0.5228999853134155
vt 0.49639999866485596 0.6168999969959259
vt 0.5698000192642212 0.7278999984264374
vt 0.5595999956130981 0.607699990272522
vt 0.51910001039505 0.7362000048160553
vt 0.7346000075340271 0.5437000095844269
vt 0.6294999718666077 0.6123999953269958
vt 0.6898000240325928 0.6331999897956848
vt 0.6442000269889832 0.5148000121116638
vt 0.5595999956130981 0.5090999901294708
vt 0.8270000219345093 0.9143999963998795
vt 0.7070000171661377 0.8463000059127808
vt 0.7096999883651733 0.8902999982237816
vt 0.826200008392334 0.8522000014781952
vt 0.9257000088691711 0.9130000025033951
vt 0.9236999750137329 0.8364000022411346
vt 0.8129000067710876 0.7886999994516373
vt 0.9061999917030334 0.7549999952316284
vt 0.7871999740600586 0.727400004863739
vt 0.8686000108718872 0.6764000058174133
vt 0.6557000279426575 0.7569999992847443
vt 0.6171000003814697 0.7330999970436096
vt 0.7445999979972839 0.674699991941452
vt 0.8133999705314636 0.6040999889373779
vt 0.8579000234603882 0.31540000438690186
vt 0.847599983215332 0.3051999807357788
vt 0.847599983215332 0.31540000438690186
vt 0.8579000234603882 0.3051999807357788
vt 0.8267999887466431 0.31540000438690186
vt 0.8371999859809875 0.3554999828338623
vt 0.8371999859809875 0.31540000438690186
vt 0.8267999887466431 0.3554999828338623
vt 0.847599983215332 0.3554999828338623
vt 0.847599983215332 0.31540000438690186
vt 0.8579000234603882 0.31540000438690186
vt 0.8683000206947327 0.3554999828338623
vt 0.8683000206947327 0.31540000438690186
vt 0.8579000234603882 0.3554999828338623
vt 0.33329999446868896 0.3352000117301941
vt 0.3260999917984009 0.25550001859664917
vt 0.3003000020980835 0.24790000915527344
vt 0.3659000098705292 0.34530001878738403
vt 0.35370001196861267 0.26099997758865356
vt 0.3815000057220459 0.2621999979019165
vt 0.39649999141693115 0.3440999984741211
vt 0.4083999991416931 0.26010000705718994
vt 0.4366999864578247 0.2541999816894531
vt 0.42829999327659607 0.3335000276565552
vt 0.46299999952316284 0.24409997463226318
vt 0.33869999647140503 0.20920002460479736
vt 0.33219999074935913 0.18459999561309814
vt 0.35670000314712524 0.2271999716758728
vt 0.3813000023365021 0.23430001735687256
vt 0.40630000829696655 0.22670000791549683
vt 0.423799991607666 0.20920002460479736
vt 0.44179999828338623 0.22829997539520264
vt 0.33329999446868896 0.3352000117301941
vt 0.3260999917984009 0.25550001859664917
vt 0.3003000020980835 0.24790000915527344
vt 0.3659000098705292 0.34530001878738403
vt 0.35370001196861267 0.26099997758865356
vt 0.3815000057220459 0.2621999979019165
vt 0.39649999141693115 0.3440999984741211
vt 0.4083999991416931 0.26010000705718994
vt 0.4366999864578247 0.2541999816894531
vt 0.42829999327659607 0.3335000276565552
vt 0.46299999952316284 0.24409997463226318
vt 0.33869999647140503 0.20920002460479736
vt 0.33219999074935913 0.18459999561309814
vt 0.35670000314712524 0.2271999716758728
vt 0.3813000023365021 0.23430001735687256
vt 0.40630000829696655 0.22670000791549683
vt 0.423799991607666 0.20920002460479736
vt 0.44179999828338623 0.22829997539520264
vt 0.4058000147342682 0.17079997062683105
vt 0.430400013923645 0.18459999561309814
vt 0.423799991607666 0.16009998321533203
vt 0.40959998965263367 0.1850000023841858
vt 0.3955000042915344 0.16039997339248657
vt 0.4058000147342682 0.14209997653961182
vt 0.3813000023365021 0.1565999984741211
vt 0.3813000023365021 0.1355000138282776
vt 0.3671000003814697 0.16039997339248657
vt 0.35670000314712524 0.14209997653961182
vt 0.35670000314712524 0.17079997062683105
vt 0.33869999647140503 0.16009998321533203
vt 0.3528999984264374 0.1850000023841858
vt 0.35670000314712524 0.19919997453689575
vt 0.3671000003814697 0.20959997177124023
vt 0.3813000023365021 0.2134000062942505
vt 0.3955000042915344 0.20959997177124023
vt 0.4058000147342682 0.19919997453689575
vt 0.3813000023365021 0.1851000189781189
vt 0.4049000144004822 0.8968999981880188
vt 0.4361000061035156 0.6365000009536743
vt 0.6294999718666077 0.6123999953269958
vt 0.6894000172615051 0.7960000038146973
vt 0.6100000143051147 0.784400001168251
vt 0.5633000135421753 0.8484999984502792
vt 0.576200008392334 0.808899998664856
vt 0.6516000032424927 0.784400001168251
vt 0.576200008392334 0.8881999999284744
vt 0.6854000091552734 0.808899998664856
vt 0.4287000000476837 0.3658999800682068
vt 0.7006000280380249 0.5255999863147736
vt 0.3950999975204468 0.4388999938964844
vt 0.47530001401901245 0.301800012588501
vt 0.5430999994277954 0.25349998474121094
vt 0.6159999966621399 0.22049999237060547
vt 0.6991999745368958 0.20999997854232788
vt 0.7786999940872192 0.21929997205734253
vt 0.8539999723434448 0.24839997291564941
vt 0.4287000000476837 0.3658999800682068
vt 0.47530001401901245 0.301800012588501
vt 0.5430999994277954 0.25349998474121094
vt 0.6159999966621399 0.22049999237060547
vt 0.6991999745368958 0.20999997854232788
vt 0.7786999940872192 0.21929997205734253
vt 0.6516000032424927 0.9126999974250793
vt 0.6983000040054321 0.8484999984502792
vt 0.6854000091552734 0.8881999999284744
vt 0.6100000143051147 0.9126999974250793
vt 0.517799973487854 0.2085999846458435
vt 0.45190000534057617 0.013300001621246338
vt 0.49619999527931213 0.007899999618530273
vt 0.4781999886035919 0.21450001001358032
vt 0.5555999875068665 0.20560002326965332
vt 0.542900025844574 0.003899991512298584
vt 0.5954999923706055 0.2031000256538391
vt 0.5889999866485596 0.003300011157989502
vt 0.6353999972343445 0.2031000256538391
vt 0.6351000070571899 0.002499997615814209
vt 0.8197000026702881 0.013100028038024902
vt 0.7522000074386597 0.20910000801086426
vt 0.7728000283241272 0.0070999860763549805
vt 0.7921000123023987 0.21450001001358032
vt 0.7128000259399414 0.205299973487854
vt 0.7282000184059143 0.003300011157989502
vt 0.6740000247955322 0.20340001583099365
vt 0.6807000041007996 0.0023000240325927734
vt 0.40709999203681946 0.019299983978271484
vt 0.43959999084472656 0.21960002183914185
vt 0.8575000166893005 0.019800007343292236
vt 0.8305000066757202 0.21960002183914185
vt 0.3052999973297119 0.7796999961137772
vt 0.4327000081539154 0.8008999973535538
vt 0.3407000005245209 0.7245000004768372
vt 0.40799999237060547 0.8509999960660934
vt 0.19349999725818634 0.8263999968767166
vt 0.28459998965263367 0.9121999964118004
vt 0.2851000130176544 0.8464999943971634
vt 0.19189999997615814 0.9059000015258789
vt 0.22020000219345093 0.7455999851226807
vt 0.26600000262260437 0.6712999939918518
vt 0.4668999910354614 0.7597000002861023
vt 0.3790000081062317 0.6760999858379364
vt 0.3181999921798706 0.6024999916553497
vt 0.3882000148296356 0.553600013256073
vt 0.4361000061035156 0.6365000009536743
vt 0.47540000081062317 0.5228999853134155
vt 0.49639999866485596 0.6168999969959259
vt 0.5698000192642212 0.7278999984264374
vt 0.5595999956130981 0.607699990272522
vt 0.51910001039505 0.7362000048160553
vt 0.7346000075340271 0.5437000095844269
vt 0.6294999718666077 0.6123999953269958
vt 0.6898000240325928 0.6331999897956848
vt 0.6442000269889832 0.5148000121116638
vt 0.5595999956130981 0.5090999901294708
vt 0.8270000219345093 0.9143999963998795
vt 0.7070000171661377 0.8463000059127808
vt 0.7096999883651733 0.8902999982237816
vt 0.826200008392334 0.8522000014781952
vt 0.9257000088691711 0.9130000025033951
vt 0.9236999750137329 0.8364000022411346
vt 0.8129000067710876 0.7886999994516373
vt 0.9061999917030334 0.7549999952316284
vt 0.7871999740600586 0.727400004863739
vt 0.8686000108718872 0.6764000058174133
vt 0.6557000279426575 0.7569999992847443
vt 0.6171000003814697 0.7330999970436096
vt 0.7445999979972839 0.674699991941452
vt 0.8133999705314636 0.6040999889373779
vt 0.8579000234603882 0.31540000438690186
vt 0.847599983215332 0.3051999807357788
vt 0.847599983215332 0.31540000438690186
vt 0.8579000234603882 0.3051999807357788
vt 0.8267999887466431 0.31540000438690186
vt 0.8371999859809875 0.3554999828338623
vt 0.8371999859809875 0.31540000438690186
vt 0.8267999887466431 0.3554999828338623
vt 0.847599983215332 0.3554999828338623
vt 0.847599983215332 0.31540000438690186
vt 0.8579000234603882 0.31540000438690186
vt 0.8683000206947327 0.3554999828338623
vt 0.8683000206947327 0.31540000438690186
vt 0.8579000234603882 0.3554999828338623
vt 0.33329999446868896 0.3352000117301941
vt 0.3260999917984009 0.25550001859664917
vt 0.3003000020980835 0.24790000915527344
vt 0.3659000098705292 0.34530001878738403
vt 0.35370001196861267 0.26099997758865356
vt 0.3815000057220459 0.2621999979019165
vt 0.39649999141693115 0.3440999984741211
vt 0.4083999991416931 0.26010000705718994
vt 0.4366999864578247 0.2541999816894531
vt 0.42829999327659607 0.3335000276565552
vt 0.46299999952316284 0.24409997463226318
vt 0.33869999647140503 0.20920002460479736
vt 0.33219999074935913 0.18459999561309814
vt 0.35670000314712524 0.2271999716758728
vt 0.3813000023365021 0.23430001735687256
vt 0.40630000829696655 0.22670000791549683
vt 0.423799991607666 0.20920002460479736
vt 0.44179999828338623 0.22829997539520264
vt 0.33329999446868896 0.3352000117301941
vt 0.3260999917984009 0.25550001859664917
vt 0.3003000020980835 0.24790000915527344
vt 0.3659000098705292 0.34530001878738403
vt 0.35370001196861267 0.26099997758865356
vt 0.3815000057220459 0.2621999979019165
vt 0.39649999141693115 0.3440999984741211
vt 0.4083999991416931 0.26010000705718994
vt 0.4366999864578247 0.2541999816894531
vt 0.42829999327659607 0.3335000276565552
vt 0.46299999952316284 0.24409997463226318
vt 0.33869999647140503 0.20920002460479736
vt 0.33219999074935913 0.18459999561309814
vt 0.35670000314712524 0.2271999716758728
vt 0.3813000023365021 0.23430001735687256
vt 0.40630000829696655 0.22670000791549683
vt 0.423799991607666 0.20920002460479736
vt 0.44179999828338623 0.22829997539520264
vt 0.4058000147342682 0.17079997062683105
vt 0.430400013923645 0.18459999561309814
vt 0.423799991607666 0.16009998321533203
vt 0.40959998965263367 0.1850000023841858
vt 0.3955000042915344 0.16039997339248657
vt 0.4058000147342682 0.14209997653961182
vt 0.3813000023365021 0.1565999984741211
vt 0.3813000023365021 0.1355000138282776
vt 0.3671000003814697 0.16039997339248657
vt 0.35670000314712524 0.14209997653961182
vt 0.35670000314712524 0.17079997062683105
vt 0.33869999647140503 0.16009998321533203
vt 0.3528999984264374 0.1850000023841858
vt 0.35670000314712524 0.19919997453689575
vt 0.3671000003814697 0.20959997177124023
vt 0.3813000023365021 0.2134000062942505
vt 0.3955000042915344 0.20959997177124023
vt 0.4058000147342682 0.19919997453689575
vt 0.3813000023365021 0.1851000189781189
vt 0.4049000144004822 0.8968999981880188
vt 0.4361000061035156 0.6365000009536743
vt 0.6294999718666077 0.6123999953269958
vt 0.6894000172615051 0.7960000038146973
vt 0.6100000143051147 0.784400001168251
vt 0.5633000135421753 0.8484999984502792
vt 0.576200008392334 0.808899998664856
vt 0.6516000032424927 0.784400001168251
vt 0.576200008392334 0.8881999999284744
vt 0.6854000091552734 0.808899998664856
vt -4.0 5.0
vt 1.0 5.0
vt 1.0 -3.0
vt -4.0 -3.0
vt -0.875 2.5
vt -4.0 2.5
vt -4.0 2.5000243186950684
vt -0.875 2.5000243186950684
vt -4.0 0.5625
vt -4.0 0.375
vt -0.875 0.375
vt -0.875 0.5625
vt -0.625 2.5000243186950684
vt -0.625 2.5
vt -0.4375 2.5
vt -0.4375 2.5000243186950684
vt -0.4375 2.5000243186950684
vt -0.4375 2.5
vt -0.625 2.5
vt -0.625 2.5000243186950684
vt -0.875 2.5
vt -0.875 2.5000243186950684
vt -4.0 2.5000243186950684
vt -4.0 2.5
vt -4.0 2.5000243186950684
vt -4.0 2.5
vt -3.625 2.5
vt -3.625 2.5000243186950684
vt -4.0 1.75
vt -4.0 0.5625
vt -3.625 0.5625
vt -3.625 1.75
vt -0.4375 2.5
vt 0.75 2.5
vt 0.75 2.5000243186950684
vt -0.4375 2.5000243186950684
vt -4.0 2.5
vt -4.0 2.5000243186950684
vt -3.625 2.5000243186950684
vt -3.625 2.5
vt -0.4375 2.5
vt -0.4375 2.5000243186950684
vt 0.75 2.5000243186950684
vt 0.75 2.5
vt -2.75 2.5
vt -1.0 2.5
vt -1.0 2.50390625
vt -2.75 2.50390625
vt -2.75 0.5625
vt -1.0 0.5625
vt -1.0 1.625
vt -2.75 1.625
vt -0.4375 2.5
vt -0.4375 2.50390625
vt 0.625 2.50390625
vt 0.625 2.5
vt -1.0 2.50390625
vt -1.0 2.5
vt -2.75 2.5
vt -2.75 2.50390625
vt 0.625 2.5
vt 0.625 2.50390625
vt -0.4375 2.50390625
vt -0.4375 2.5
vt -2.75 2.5
vt -2.75 2.5000243186950684
vt -3.625 2.5000243186950684
vt -3.625 2.5
vt -2.75 1.4375
vt -2.75 1.625
vt -3.625 1.625
vt -3.625 1.4375
vt 0.4375 2.5
vt 0.625 2.5
vt 0.625 2.5000243186950684
vt 0.4375 2.5000243186950684
vt 0.625 2.5000243186950684
vt 0.625 2.5
vt 0.4375 2.5
vt 0.4375 2.5000243186950684
vt -3.625 2.5
vt -3.625 2.5000243186950684
vt -2.75 2.5000243186950684
vt -2.75 2.5
vt -0.875 2.5
vt -2.875 2.5
vt -2.875 2.5000243186950684
vt -0.875 2.5000243186950684
vt -2.875 5.0
vt -2.875 -3.0
vt -0.875 -3.0
vt -0.875 5.0
vt -4.0 2.5000243186950684
vt -4.0 2.5
vt 4.0 2.5
vt 4.0 2.5000243186950684
vt 4.0 2.5000243186950684
vt 4.0 2.5
vt -4.0 2.5
vt -4.0 2.5000243186950684
vt -0.875 2.5
vt -0.875 2.5000243186950684
vt -2.875 2.5000243186950684
vt -2.875 2.5
vt 0.26408451795578003 -1.8691682815551758
vt -0.26408451795578003 -1.8691682815551758
vt -0.26408451795578003 -1.7811400890350342
vt 0.26408451795578003 -1.7811400890350342
vt -2.7288732528686523 1.8280149698257446
vt -2.7288732528686523 2.004071354866028
vt -2.816901445388794 2.004071354866028
vt -2.816901445388794 1.8280149698257446
vt -2.816901445388794 1.8280149698257446
vt -2.816901445388794 2.004071354866028
vt -2.7288732528686523 2.004071354866028
vt -2.7288732528686523 1.8280149698257446
vt 0.26408451795578003 -1.7811400890350342
vt -0.26408451795578003 -1.7811400890350342
vt -0.26408451795578003 -1.8691682815551758
vt 0.26408451795578003 -1.8691682815551758
vt 0.26408451795578003 1.8280149698257446
vt 0.26408451795578003 2.004071354866028
vt -0.26408451795578003 2.004071354866028
vt -0.26408451795578003 1.8280149698257446
vt -0.26408451795578003 -1.7811400890350342
vt -0.7042253613471985 -1.7811400890350342
vt -0.7042253613471985 -1.8691682815551758
vt -0.26408451795578003 -1.8691682815551758
vt -0.7042253613471985 -1.7811400890350342
vt -0.26408451795578003 -1.7811400890350342
vt -0.26408451795578003 -1.8691682815551758
vt -0.7042253613471985 -1.8691682815551758
vt -2.816901445388794 0.9477332718670368
vt -2.816901445388794 2.004071354866028
vt -2.7288732528686523 2.004071354866028
vt -2.7288732528686523 0.9477332718670368
vt -0.26408451795578003 0.9477332718670368
vt -0.26408451795578003 2.004071354866028
vt -0.7042253613471985 2.004071354866028
vt -0.7042253613471985 0.9477332718670368
vt 0.7042253613471985 -1.7811400890350342
vt 0.26408451795578003 -1.7811400890350342
vt 0.26408451795578003 -1.8691682815551758
vt 0.7042253613471985 -1.8691682815551758
vt 0.7042253613471985 -1.8691682815551758
vt 0.26408451795578003 -1.8691682815551758
vt 0.26408451795578003 -1.7811400890350342
vt 0.7042253613471985 -1.7811400890350342
vt -2.7288732528686523 2.004071354866028
vt -2.816901445388794 2.004071354866028
vt -2.816901445388794 0.9477332718670368
vt -2.7288732528686523 0.9477332718670368
vt 0.7042253613471985 0.9477332718670368
vt 0.7042253613471985 2.004071354866028
vt 0.26408451795578003 2.004071354866028
vt 0.26408451795578003 0.9477332718670368
vt -0.7042253613471985 3.764634609222412
vt -0.7042253613471985 3.6766064167022705
vt -0.26408451795578003 3.6766064167022705
vt -0.26408451795578003 3.764634609222412
vt -0.26408451795578003 1.8280149698257446
vt -0.26408451795578003 0.9477332718670368
vt -0.7042253613471985 0.9477332718670368
vt -0.7042253613471985 1.8280149698257446
vt -0.7042253613471985 3.6766064167022705
vt -0.7042253613471985 3.764634609222412
vt -0.26408451795578003 3.764634609222412
vt -0.26408451795578003 3.6766064167022705
vt 2.7288732528686523 0.9477332718670368
vt 2.7288732528686523 1.8280149698257446
vt 2.816901445388794 1.8280149698257446
vt 2.816901445388794 0.9477332718670368
vt 0.7042253613471985 3.6766064167022705
vt 0.7042253613471985 3.764634609222412
vt 0.26408451795578003 3.764634609222412
vt 0.26408451795578003 3.6766064167022705
vt 0.7042253613471985 1.8280149698257446
vt 0.7042253613471985 0.9477332718670368
vt 0.26408451795578003 0.9477332718670368
vt 0.26408451795578003 1.8280149698257446
vt 0.7042253613471985 3.764634609222412
vt 0.7042253613471985 3.6766064167022705
vt 0.26408451795578003 3.6766064167022705
vt 0.26408451795578003 3.764634609222412
vt 2.816901445388794 0.9477332718670368
vt 2.816901445388794 1.8280149698257446
vt 2.7288732528686523 1.8280149698257446
vt 2.7288732528686523 0.9477332718670368
vt 0.6161971688270569 2.0068222284317017
vt 0.6161971688270569 0.9504841528832912
vt 0.7042253613471985 0.9504841528832912
vt 0.7042253613471985 2.0068222284317017
vt 0.7042253613471985 3.6793572902679443
vt 0.6161971688270569 3.6793572902679443
vt 0.6161971688270569 -1.7783894538879395
vt 0.7042253613471985 -1.7783894538879395
vt 0.6161971688270569 3.6793572902679443
vt 0.7042253613471985 3.6793572902679443
vt 0.7042253613471985 -1.7783894538879395
vt 0.6161971688270569 -1.7783894538879395
vt -2.7288734912872314 0.9504841528832912
vt 2.7288732528686523 0.9504841528832912
vt 2.7288732528686523 2.0068222284317017
vt -2.7288734912872314 2.0068222284317017
vt 0.6161971688270569 0.9504841528832912
vt 0.6161971688270569 2.0068222284317017
vt 0.7042253613471985 2.0068222284317017
vt 0.7042253613471985 0.9504841528832912
vt -0.6161971688270569 0.5103433132171631
vt -0.7042253613471985 0.5103433132171631
vt -0.7042253613471985 1.390625
vt -0.6161971688270569 1.390625
vt -0.44014084339141846 1.8307658433914185
vt 0.44014084339141846 1.8307658433914185
vt 0.44014084339141846 2.0068222284317017
vt -0.44014084339141846 2.0068222284317017
vt -0.44014084339141846 1.8307658433914185
vt -0.44014084339141846 2.0068222284317017
vt 0.44014084339141846 2.0068222284317017
vt 0.44014084339141846 1.8307658433914185
vt -0.7042253613471985 2.0068222284317017
vt -0.6161971688270569 2.0068222284317017
vt -0.6161971688270569 1.8307658433914185
vt -0.7042253613471985 1.8307658433914185
vt -0.6161971688270569 2.0068222284317017
vt -0.7042253613471985 2.0068222284317017
vt -0.7042253613471985 1.8307658433914185
vt -0.6161971688270569 1.8307658433914185
vt -0.6161971688270569 0.23250436782836914
vt -0.6161971688270569 1.1127860844135284
vt -0.7042253613471985 1.1127860844135284
vt -0.7042253613471985 0.23250436782836914
vt -0.6161971688270569 0.9477332718670368
vt -0.6161971688270569 2.004071354866028
vt -2.7288732528686523 2.004071354866028
vt -2.7288732528686523 0.9477332718670368
vt -0.6161971688270569 0.5075924396514893
vt -2.7288732528686523 0.5075924396514893
vt -2.7288732528686523 0.41956424713134766
vt -0.7042253613471985 0.41956424713134766
vt -2.7288732528686523 0.5075924396514893
vt -0.6161971688270569 0.5075924396514893
vt -0.7042253613471985 0.41956424713134766
vt -2.7288732528686523 0.41956424713134766
vt -0.44014084339141846 2.004071354866028
vt -0.5281690359115601 2.004071354866028
vt -0.5281690359115601 0.9477332718670368
vt -0.44014084339141846 0.9477332718670368
vt -0.7042253613471985 2.004071354866028
vt -0.6161971688270569 2.004071354866028
vt -0.6161971688270569 0.9477332718670368
vt -0.7042253613471985 0.9477332718670368
vt -0.6161971688270569 2.004071354866028
vt -0.6161971688270569 0.9477332718670368
vt -2.7288732528686523 0.9477332718670368
vt -2.7288732528686523 2.004071354866028
vt -0.7042253613471985 1.4759023189544678
vt -2.7288732528686523 1.4759023189544678
vt -2.7288732528686523 1.3878741264343262
vt -0.6161971688270569 1.3878741264343262
vt -2.7288732528686523 1.4759023189544678
vt -0.7042253613471985 1.4759023189544678
vt -0.6161971688270569 1.3878741264343262
vt -2.7288732528686523 1.3878741264343262
vt 0.5281690359115601 2.004071354866028
vt 0.44014084339141846 2.004071354866028
vt 0.44014084339141846 0.9477332718670368
vt 0.5281690359115601 0.9477332718670368
vt -0.6161971688270569 2.004071354866028
vt -0.7042253613471985 2.004071354866028
vt -0.7042253613471985 0.9477332718670368
vt -0.6161971688270569 0.9477332718670368
vt -2.7288732528686523 1.4759023189544678
vt -2.816901445388794 1.4759023189544678
vt -2.816901445388794 0.41956424713134766
vt -2.7288732528686523 0.41956424713134766
vt -2.816901445388794 1.4759023189544678
vt -2.7288732528686523 1.4759023189544678
vt -2.7288732528686523 0.41956424713134766
vt -2.816901445388794 0.41956424713134766
vt -0.5281690359115601 2.004071354866028
vt 0.5281690359115601 2.004071354866028
vt 0.5281690359115601 0.9477332718670368
vt -0.5281690359115601 0.9477332718670368
vt 0.7042253613471985 3.6766064167022705
vt 0.7042253613471985 3.764634609222412
vt -0.7042253613471985 3.764634609222412
vt -0.7042253613471985 3.6766064167022705
vt 0.7042253613471985 2.004071354866028
vt 0.7042253613471985 1.8280149698257446
vt -0.7042253613471985 1.8280149698257446
vt -0.7042253613471985 2.004071354866028
vt 0.7042253613471985 3.764634609222412
vt 0.7042253613471985 3.6766064167022705
vt -0.7042253613471985 3.6766064167022705
vt -0.7042253613471985 3.764634609222412
vt -0.26408451795578003 0.9477332718670368
vt -0.26408451795578003 1.8280149698257446
vt -0.7042253613471985 1.8280149698257446
vt -0.7042253613471985 0.9477332718670368
vt -0.7042253613471985 2.4442121982574463
vt -0.7042253613471985 2.3561840057373047
vt -0.26408451795578003 2.3561840057373047
vt -0.26408451795578003 2.4442121982574463
vt 1.408450722694397 1.8280149698257446
vt 1.408450722694397 0.9477332718670368
vt 1.4964789152145386 0.9477332718670368
vt 1.4964789152145386 1.8280149698257446
vt -0.26408451795578003 1.8280149698257446
vt -0.26408451795578003 0.9477332718670368
vt -0.7042253613471985 0.9477332718670368
vt -0.7042253613471985 1.8280149698257446
vt -0.7042253613471985 2.3561840057373047
vt -0.7042253613471985 2.4442121982574463
vt -0.26408451795578003 2.4442121982574463
vt -0.26408451795578003 2.3561840057373047
vt 1.408450722694397 0.9477332718670368
vt 1.408450722694397 1.8280149698257446
vt 1.4964789152145386 1.8280149698257446
vt 1.4964789152145386 0.9477332718670368
vt 0.6161971688270569 0.9477332718670368
vt 0.6161971688270569 1.8280149698257446
vt 0.26408451795578003 1.8280149698257446
vt 0.26408451795578003 0.9477332718670368
vt 0.6161971688270569 2.3561840057373047
vt 0.6161971688270569 2.4442121982574463
vt 0.26408451795578003 2.4442121982574463
vt 0.26408451795578003 2.3561840057373047
vt 1.408450722694397 1.8280149698257446
vt 1.4964789152145386 1.8280149698257446
vt 1.4964789152145386 0.9477332718670368
vt 1.408450722694397 0.9477332718670368
vt 0.6161971688270569 1.8280149698257446
vt 0.6161971688270569 0.9477332718670368
vt 0.26408451795578003 0.9477332718670368
vt 0.26408451795578003 1.8280149698257446
vt 0.6161971688270569 2.4442121982574463
vt 0.6161971688270569 2.3561840057373047
vt 0.26408451795578003 2.3561840057373047
vt 0.26408451795578003 2.4442121982574463
vt 1.4964789152145386 0.9477332718670368
vt 1.4964789152145386 1.8280149698257446
vt 1.408450722694397 1.8280149698257446
vt 1.408450722694397 0.9477332718670368
vt 0.6161971688270569 1.8280149698257446
vt 0.6161971688270569 2.004071354866028
vt -0.6161971688270569 2.004071354866028
vt -0.6161971688270569 1.8280149698257446
vt 0.6161971688270569 2.3561840057373047
vt 0.6161971688270569 2.4442121982574463
vt -0.6161971688270569 2.4442121982574463
vt -0.6161971688270569 2.3561840057373047
vt 1.408450722694397 2.004071354866028
vt 1.4964789152145386 2.004071354866028
vt 1.4964789152145386 1.8280149698257446
vt 1.408450722694397 1.8280149698257446
vt 0.6161971688270569 2.004071354866028
vt 0.6161971688270569 1.8280149698257446
vt -0.6161971688270569 1.8280149698257446
vt -0.6161971688270569 2.004071354866028
vt 0.6161971688270569 2.4442121982574463
vt 0.6161971688270569 2.3561840057373047
vt -0.6161971688270569 2.3561840057373047
vt -0.6161971688270569 2.4442121982574463
vt 1.4964789152145386 1.8280149698257446
vt 1.4964789152145386 2.004071354866028
vt 1.408450722694397 2.004071354866028
vt 1.408450722694397 1.8280149698257446
vt -0.26408451795578003 0.9477332718670368
vt -0.26408451795578003 1.8280149698257446
vt -0.7042253613471985 1.8280149698257446
vt -0.7042253613471985 0.9477332718670368
vt -0.7042253613471985 -0.46071743965148926
vt -0.7042253613471985 -0.5487456321716309
vt -0.26408451795578003 -0.5487456321716309
vt -0.26408451795578003 -0.46071743965148926
vt -1.4964789152145386 1.8280149698257446
vt -1.4964789152145386 0.9477332718670368
vt -1.408450722694397 0.9477332718670368
vt -1.408450722694397 1.8280149698257446
vt -0.26408451795578003 1.8280149698257446
vt -0.26408451795578003 0.9477332718670368
vt -0.7042253613471985 0.9477332718670368
vt -0.7042253613471985 1.8280149698257446
vt -0.7042253613471985 -0.5487456321716309
vt -0.7042253613471985 -0.46071743965148926
vt -0.26408451795578003 -0.46071743965148926
vt -0.26408451795578003 -0.5487456321716309
vt -1.4964789152145386 0.9477332718670368
vt -1.4964789152145386 1.8280149698257446
vt -1.408450722694397 1.8280149698257446
vt -1.408450722694397 0.9477332718670368
vt 0.6161971688270569 0.9477332718670368
vt 0.6161971688270569 1.8280149698257446
vt 0.26408451795578003 1.8280149698257446
vt 0.26408451795578003 0.9477332718670368
vt 0.6161971688270569 -0.5487456321716309
vt 0.6161971688270569 -0.46071743965148926
vt 0.26408451795578003 -0.46071743965148926
vt 0.26408451795578003 -0.5487456321716309
vt -1.4964789152145386 1.8280149698257446
vt -1.408450722694397 1.8280149698257446
vt -1.408450722694397 0.9477332718670368
vt -1.4964789152145386 0.9477332718670368
vt 0.6161971688270569 1.8280149698257446
vt 0.6161971688270569 0.9477332718670368
vt 0.26408451795578003 0.9477332718670368
vt 0.26408451795578003 1.8280149698257446
vt 0.6161971688270569 -0.46071743965148926
vt 0.6161971688270569 -0.5487456321716309
vt 0.26408451795578003 -0.5487456321716309
vt 0.26408451795578003 -0.46071743965148926
vt -1.408450722694397 0.9477332718670368
vt -1.408450722694397 1.8280149698257446
vt -1.4964789152145386 1.8280149698257446
vt -1.4964789152145386 0.9477332718670368
vt 0.6161971688270569 1.8280149698257446
vt 0.6161971688270569 2.004071354866028
vt -0.6161971688270569 2.004071354866028
vt -0.6161971688270569 1.8280149698257446
vt 0.6161971688270569 -0.5487456321716309
vt 0.6161971688270569 -0.46071743965148926
vt -0.6161971688270569 -0.46071743965148926
vt -0.6161971688270569 -0.5487456321716309
vt -1.4964789152145386 2.004071354866028
vt -1.408450722694397 2.004071354866028
vt -1.408450722694397 1.8280149698257446
vt -1.4964789152145386 1.8280149698257446
vt 0.6161971688270569 2.004071354866028
vt 0.6161971688270569 1.8280149698257446
vt -0.6161971688270569 1.8280149698257446
vt -0.6161971688270569 2.004071354866028
vt 0.6161971688270569 -0.46071743965148926
vt 0.6161971688270569 -0.5487456321716309
vt -0.6161971688270569 -0.5487456321716309
vt -0.6161971688270569 -0.46071743965148926
vt -1.408450722694397 1.8280149698257446
vt -1.408450722694397 2.004071354866028
vt -1.4964789152145386 2.004071354866028
vt -1.4964789152145386 1.8280149698257446
vt -0.6161971688270569 0.9477332718670368
vt -0.6161971688270569 2.004071354866028
vt -0.7042253613471985 2.004071354866028
vt -0.7042253613471985 0.9477332718670368
vt -0.6161971688270569 -1.7811400890350342
vt -0.6161971688270569 0.5075924396514893
vt -0.7042253613471985 0.41956424713134766
vt -0.7042253613471985 -1.7811400890350342
vt -2.7288732528686523 2.004071354866028
vt -0.44014084339141846 2.004071354866028
vt -0.44014084339141846 0.9477332718670368
vt -2.7288732528686523 0.9477332718670368
vt -0.6161971688270569 2.004071354866028
vt -0.6161971688270569 0.9477332718670368
vt -0.7042253613471985 0.9477332718670368
vt -0.7042253613471985 2.004071354866028
vt -0.6161971688270569 0.5075924396514893
vt -0.6161971688270569 -1.7811400890350342
vt -0.7042253613471985 -1.7811400890350342
vt -0.7042253613471985 0.41956424713134766
vt -0.6161971688270569 0.9477332718670368
vt -0.6161971688270569 2.004071354866028
vt -0.7042253613471985 2.004071354866028
vt -0.7042253613471985 0.9477332718670368
vt -0.6161971688270569 1.3878741264343262
vt -0.6161971688270569 3.6766064167022705
vt -0.7042253613471985 3.6766064167022705
vt -0.7042253613471985 1.4759023189544678
vt 0.44014084339141846 2.004071354866028
vt 2.7288732528686523 2.004071354866028
vt 2.7288732528686523 0.9477332718670368
vt 0.44014084339141846 0.9477332718670368
vt -0.6161971688270569 2.004071354866028
vt -0.6161971688270569 0.9477332718670368
vt -0.7042253613471985 0.9477332718670368
vt -0.7042253613471985 2.004071354866028
vt -0.6161971688270569 3.6766064167022705
vt -0.6161971688270569 1.3878741264343262
vt -0.7042253613471985 1.4759023189544678
vt -0.7042253613471985 3.6766064167022705
vt 0.8125 2.359375
vt 0.8125 2.34375
vt -0.8125 2.34375
vt -0.8125 2.359375
vt 0.8125 2.34375
vt 0.8125 2.359375
vt -0.8125 2.359375
vt -0.8125 2.34375
vt 0.8125 2.9375
vt -0.8125 2.9375
vt -0.8125 -0.9375
vt 0.8125 -0.9375
vt 1.9375 2.359375
vt -1.9375 2.359375
vt -1.9375 2.34375
vt 1.9375 2.34375
vt -1.9375 2.359375
vt 1.9375 2.359375
vt 1.9375 2.34375
vt -1.9375 2.34375
vt 0.8125 2.359375
vt 0.8125 2.34375
vt -0.8125 2.34375
vt -0.8125 2.359375
vt 0.8125 2.34375
vt 0.8125 2.359375
vt -0.8125 2.359375
vt -0.8125 2.34375
vt -0.8125 2.9375
vt 0.8125 2.9375
vt 0.8125 -0.9375
vt -0.8125 -0.9375
vt 1.9375 2.359375
vt -1.9375 2.359375
vt -1.9375 2.34375
vt 1.9375 2.34375
vt -1.9375 2.359375
vt 1.9375 2.359375
vt 1.9375 2.34375
vt -1.9375 2.34375
vt 0.875 2.375
vt 0.875 1.0625
vt 0.859375 1.0625
vt 0.859375 2.375
vt 0.875 1.0625
vt 0.875 2.375
vt 0.859375 2.375
vt 0.859375 1.0625
vt 0.875 2.9375
vt 0.859375 2.9375
vt 0.859375 -0.9375
vt 0.875 -0.9375
vt 0.859375 2.9375
vt 0.875 2.9375
vt 0.875 -0.9375
vt 0.859375 -0.9375
vt 1.9375 2.375
vt -1.9375 2.375
vt -1.9375 1.0625
vt 1.9375 1.0625
vt -0.859375 1.125
vt -0.875 1.125
vt -0.875 2.4375
vt -0.859375 2.4375
vt -0.875 0.3125
vt -0.875 -0.9375
vt -0.859375 -0.9375
vt -0.859375 0.3125
vt -0.859375 0.3125
vt -0.859375 -0.9375
vt -0.875 -0.9375
vt -0.875 0.3125
vt -0.6875 2.4375
vt -0.6875 1.125
vt -1.9375 1.125
vt -1.9375 2.4375
vt -0.859375 1.125
vt -0.859375 2.4375
vt -0.875 2.4375
vt -0.875 1.125
vt -0.875 2.4375
vt -0.875 1.125
vt -0.859375 1.125
vt -0.859375 2.4375
vt -0.859375 2.9375
vt -0.875 2.9375
vt -0.875 1.6875
vt -0.859375 1.6875
vt -0.875 2.9375
vt -0.859375 2.9375
vt -0.859375 1.6875
vt -0.875 1.6875
vt 1.9375 2.4375
vt 1.9375 1.125
vt 0.6875 1.125
vt 0.6875 2.4375
vt -0.875 1.125
vt -0.875 2.4375
vt -0.859375 2.4375
vt -0.859375 1.125
vt -0.859375 0.5625
vt -0.875 0.5625
vt -0.875 1.4375
vt -0.859375 1.4375
vt -0.4375 2.3125
vt 0.4375 2.3125
vt 0.4375 2.4375
vt -0.4375 2.4375
vt -0.4375 2.3125
vt -0.4375 2.4375
vt 0.4375 2.4375
vt 0.4375 2.3125
vt -0.875 2.4375
vt -0.859375 2.4375
vt -0.859375 2.3125
vt -0.875 2.3125
vt -0.859375 2.4375
vt -0.875 2.4375
vt -0.875 2.3125
vt -0.859375 2.3125
vt -0.859375 0.5625
vt -0.859375 1.4375
vt -0.875 1.4375
vt -0.875 0.5625
vt -0.8125 1.03125
vt -0.8125 1.015625
vt -3.8125 1.015625
vt -3.8125 1.03125
vt -0.8125 1.015625
vt -0.8125 1.03125
vt -3.8125 1.03125
vt -3.8125 1.015625
vt -3.8125 1.5625
vt -0.8125 1.5625
vt -0.8125 0.4375
vt -3.8125 0.4375
vt 0.5625 1.03125
vt -0.5625 1.03125
vt -0.5625 1.015625
vt 0.5625 1.015625
vt -0.5625 1.03125
vt 0.5625 1.03125
vt 0.5625 1.015625
vt -0.5625 1.015625
vt -0.8125 1.1250001788139343
vt -0.8125 2.4375
vt -0.4375000298023224 2.4375
vt -0.4375 1.1250001788139343
vt -0.8125 3.0
vt -0.8125 2.984375
vt -0.4375 2.984375
vt -0.4375000298023224 3.0
vt 1.984375 1.1250001788139343
vt 2.0 1.1250001788139343
vt 2.0 2.4375
vt 1.984375 2.4375
vt -0.8125 2.984375
vt -0.8125 3.0
vt -0.4375 3.0
vt -0.4375000298023224 2.984375
vt 1.984375 1.1250001788139343
vt 1.984375 2.4375
vt 2.0 2.4375
vt 2.0 1.1250001788139343
vt 0.4375000298023224 2.4375
vt 0.8125 2.4375
vt 0.8125 1.1250001788139343
vt 0.4375000298023224 1.1250001788139343
vt 0.8125 2.984375
vt 0.8125 3.0
vt 0.4375000298023224 3.0
vt 0.4375000298023224 2.984375
vt 1.984375 1.1250001788139343
vt 1.984375 2.4375
vt 2.0 2.4375
vt 2.0 1.1250001788139343
vt 0.8125 3.0
vt 0.8125 2.984375
vt 0.4375000298023224 2.984375
vt 0.4375000298023224 3.0
vt 2.0 1.1250001788139343
vt 2.0 2.4375
vt 1.984375 2.4375
vt 1.984375 1.1250001788139343
vt -0.8125 1.1250001788139343
vt -0.8125 2.4375
vt -0.4375 2.4375
vt -0.4375 1.1250001788139343
vt -0.8125 2.4375
vt -0.8125 1.1250001788139343
vt -0.4375 1.1250001788139343
vt -0.4375 2.4375
vt -0.8125 3.0
vt -0.8125 2.984375
vt -0.4375 2.984375
vt -0.4375 3.0
vt 1.984375 1.1250001788139343
vt 2.0 1.1250001788139343
vt 2.0 2.4375
vt 1.984375 2.4375
vt -0.8125 2.984375
vt -0.8125 3.0
vt -0.4375 3.0
vt -0.4375 2.984375
vt 1.984375 1.1250001788139343
vt 1.984375 2.4375
vt 2.0 2.4375
vt 2.0 1.1250001788139343
vt 0.4375000298023224 2.4375
vt 0.8125 2.4375
vt 0.8125 1.1250001788139343
vt 0.4375000298023224 1.1250001788139343
vt 0.4375000298023224 1.1250001788139343
vt 0.8125 1.1250001788139343
vt 0.8125 2.4375
vt 0.4375000298023224 2.4375
vt 0.8125 2.984375
vt 0.8125 3.0
vt 0.4375000298023224 3.0
vt 0.4375000298023224 2.984375
vt 1.984375 1.1250001788139343
vt 1.984375 2.4375
vt 2.0 2.4375
vt 2.0 1.1250001788139343
vt 0.8125 3.0
vt 0.8125 2.984375
vt 0.4375000298023224 2.984375
vt 0.4375000298023224 3.0
vt 2.0 1.1250001788139343
vt 2.0 2.4375
vt 1.984375 2.4375
vt 1.984375 1.1250001788139343
vt 1.59375 2.3250001668930054
vt 1.59375 2.4249998331069946
vt 1.53125 2.4249998331069946
vt 1.53125 2.3250001668930054
vt 1.59375 2.4249998331069946
vt 1.59375 2.3250001668930054
vt 1.53125 2.3250001668930054
vt 1.53125 2.4249998331069946
vt 0.875 2.59375
vt 0.875 2.53125
vt -0.875 2.53125
vt -0.875 2.59375
vt 0.875 2.53125
vt 0.875 2.59375
vt -0.875 2.59375
vt -0.875 2.53125
vt 0.875 2.3250001668930054
vt -0.875 2.3250001668930054
vt -0.875 2.4249998331069946
vt 0.875 2.4249998331069946
vt -0.875 2.3250001668930054
vt 0.875 2.3250001668930054
vt 0.875 2.4249998331069946
vt -0.875 2.4249998331069946
vt 1.53125 2.325000286102295
vt 1.5 2.325000286102295
vt 1.506096601486206 2.325960636138916
vt 1.506096601486206 2.325960636138916
vt 1.5 2.325000286102295
vt 1.53125 2.325000286102295
vt -0.875 2.5
vt 0.875 2.5
vt 0.875 2.53125
vt -0.875 2.53125
vt -0.875 2.506096601486206
vt 0.875 2.506096601486206
vt 0.875 2.5
vt -0.875 2.5
vt 1.531250238418579 2.325000047683716
vt 1.5060968399047852 2.3259607553482056
vt 1.5119590759277344 2.328806161880493
vt 1.5119588375091553 2.328806161880493
vt 1.506096601486206 2.3259607553482056
vt 1.53125 2.325000047683716
vt -0.875 2.5119588375091553
vt 0.875 2.5119590759277344
vt 0.875 2.506096839904785
vt -0.875 2.506096601486206
vt 1.531250238418579 2.3250001668930054
vt 1.5119590759277344 2.328806161880493
vt 1.5173616409301758 2.333426594734192
vt 1.5173616409301758 2.333426594734192
vt 1.5119588375091553 2.328806161880493
vt 1.53125 2.3250001668930054
vt -0.875 2.517361640930176
vt 0.875 2.517361640930176
vt 0.875 2.5119590759277344
vt -0.875 2.5119588375091553
vt 1.531250238418579 2.325000286102295
vt 1.5173618793487549 2.333426594734192
vt 1.5220973491668701 2.3396449089050293
vt 1.5220973491668701 2.3396449089050293
vt 1.5173616409301758 2.333426594734192
vt 1.531250238418579 2.325000286102295
vt -0.875 2.3396449089050293
vt 0.875 2.3396449089050293
vt 0.875 2.333426594734192
vt -0.875 2.333426594734192
vt 1.53125 2.325000047683716
vt 1.522097110748291 2.33964467048645
vt 1.5259835720062256 2.347221612930298
vt 1.5259833335876465 2.347221612930298
vt 1.522097110748291 2.33964467048645
vt 1.53125 2.325000047683716
vt -0.875 2.347221612930298
vt 0.875 2.347221612930298
vt 0.875 2.33964467048645
vt -0.875 2.33964467048645
vt 1.53125 2.325000047683716
vt 1.5259835720062256 2.347221612930298
vt 1.5288712978363037 2.355865716934204
vt 1.5288710594177246 2.355865716934204
vt 1.5259833335876465 2.347221612930298
vt 1.53125 2.325000047683716
vt -0.875 2.355865716934204
vt 0.875 2.355865716934204
vt 0.875 2.347221612930298
vt -0.875 2.347221612930298
vt 1.53125 2.3249999284744263
vt 1.5288712978363037 2.355865955352783
vt 1.5306496620178223 2.3652456998825073
vt 1.5306494235992432 2.3652456998825073
vt 1.5288710594177246 2.355865955352783
vt 1.53125 2.3249999284744263
vt -0.875 2.3652456998825073
vt 0.875 2.3652456998825073
vt 0.875 2.355865955352783
vt -0.875 2.355865955352783
vt 1.53125 2.3249998092651367
vt 1.5306496620178223 2.3652453422546387
vt 1.53125 2.375
vt 1.53125 2.375
vt 1.5306494235992432 2.3652453422546387
vt 1.53125 2.3249998092651367
vt -0.875 2.375
vt 0.875 2.375
vt 0.875 2.3652453422546387
vt -0.875 2.3652453422546387
vt -0.875 2.3249998092651367
vt 0.875 2.3249998092651367
vt 0.875 2.375
vt -0.875 2.375
vt 1.53125 2.425000309944153
vt 1.53125 2.3750001192092896
vt 1.5306496620178223 2.384754776954651
vt 1.5306494235992432 2.384754776954651
vt 1.53125 2.3750001192092896
vt 1.53125 2.425000309944153
vt -0.875 2.3750001192092896
vt 0.875 2.3750001192092896
vt 0.875 2.425000309944153
vt -0.875 2.425000309944153
vt -0.875 2.384754776954651
vt 0.875 2.384754776954651
vt 0.875 2.3750001192092896
vt -0.875 2.3750001192092896
vt 1.53125 2.4250001907348633
vt 1.5306496620178223 2.3847544193267822
vt 1.5288712978363037 2.394134283065796
vt 1.5288710594177246 2.394134283065796
vt 1.5306494235992432 2.3847544193267822
vt 1.53125 2.4250001907348633
vt -0.875 2.394134283065796
vt 0.875 2.394134283065796
vt 0.875 2.3847544193267822
vt -0.875 2.3847544193267822
vt 1.53125 2.4250000715255737
vt 1.5288712978363037 2.3941344022750854
vt 1.5259835720062256 2.4027785062789917
vt 1.5259833335876465 2.4027785062789917
vt 1.5288710594177246 2.3941344022750854
vt 1.53125 2.4250000715255737
vt -0.875 2.4027785062789917
vt 0.875 2.4027785062789917
vt 0.875 2.3941344022750854
vt -0.875 2.3941344022750854
vt 1.53125 2.425000309944153
vt 1.5259835720062256 2.402778744697571
vt 1.522097110748291 2.4103556871414185
vt 1.522097110748291 2.4103556871414185
vt 1.5259833335876465 2.402778744697571
vt 1.53125 2.425000309944153
vt -0.875 2.4103556871414185
vt 0.875 2.4103556871414185
vt 0.875 2.402778744697571
vt -0.875 2.402778744697571
vt 1.531250238418579 2.4249998331069946
vt 1.5220973491668701 2.4103552103042603
vt 1.5173618793487549 2.4165735244750977
vt 1.5173616409301758 2.4165735244750977
vt 1.5220973491668701 2.4103552103042603
vt 1.531250238418579 2.4249998331069946
vt -0.875 2.4165735244750977
vt 0.875 2.4165735244750977
vt 0.875 2.4103552103042603
vt -0.875 2.4103552103042603
vt 1.531250238418579 2.4250000715255737
vt 1.5173616409301758 2.416573643684387
vt 1.5119590759277344 2.421194076538086
vt 1.5119588375091553 2.421194076538086
vt 1.5173616409301758 2.416573643684387
vt 1.53125 2.4250000715255737
vt -0.875 2.5119588375091553
vt 0.875 2.5119590759277344
vt 0.875 2.517361640930176
vt -0.875 2.517361640930176
vt 1.531250238418579 2.425000309944153
vt 1.5119590759277344 2.4211941957473755
vt 1.5060968399047852 2.4240394830703735
vt 1.506096601486206 2.4240394830703735
vt 1.5119588375091553 2.4211941957473755
vt 1.53125 2.425000309944153
vt -0.875 2.506096601486206
vt 0.875 2.506096839904785
vt 0.875 2.5119590759277344
vt -0.875 2.5119588375091553
vt 1.53125 2.424999952316284
vt 1.506096601486206 2.424039602279663
vt 1.5 2.424999952316284
vt 1.5 2.424999952316284
vt 1.506096601486206 2.424039602279663
vt 1.53125 2.424999952316284
vt -0.875 2.5
vt 0.875 2.5
vt 0.875 2.506096601486206
vt -0.875 2.506096601486206
vt -0.875 2.53125
vt 0.875 2.53125
vt 0.875 2.5
vt -0.875 2.5
vt 1.625 2.3125
vt 1.625 2.3249998092651367
vt 1.5 2.3249998092651367
vt 1.5 2.3125
vt 1.625 2.3249998092651367
vt 1.625 2.3125
vt 1.5 2.3125
vt 1.5 2.3249998092651367
vt 0.875 2.625
vt 0.875 2.5
vt -0.875 2.5
vt -0.875 2.625
vt 0.875 2.5
vt 0.875 2.625
vt -0.875 2.625
vt -0.875 2.5
vt 0.875 2.3125
vt -0.875 2.3125
vt -0.875 2.3249998092651367
vt 0.875 2.3249998092651367
vt -0.875 2.3125
vt 0.875 2.3125
vt 0.875 2.3249998092651367
vt -0.875 2.3249998092651367
vt 1.625 2.4250001907348633
vt 1.625 2.4375
vt 1.5 2.4375
vt 1.5 2.4250001907348633
vt 1.625 2.4375
vt 1.625 2.4250001907348633
vt 1.5 2.4250001907348633
vt 1.5 2.4375
vt 0.875 2.625
vt 0.875 2.5
vt -0.875 2.5
vt -0.875 2.625
vt 0.875 2.5
vt 0.875 2.625
vt -0.875 2.625
vt -0.875 2.5
vt 0.875 2.4250001907348633
vt -0.875 2.4250001907348633
vt -0.875 2.4375
vt 0.875 2.4375
vt -0.875 2.4250001907348633
vt 0.875 2.4250001907348633
vt 0.875 2.4375
vt -0.875 2.4375
vt 1.593750238418579 2.4249998331069946
vt 1.625000238418579 2.4249998331069946
vt 1.618903636932373 2.4240394830703735
vt 1.618903636932373 2.4240394830703735
vt 1.625000238418579 2.4249998331069946
vt 1.593750238418579 2.4249998331069946
vt -0.875 2.625000238418579
vt 0.875 2.625000238418579
vt 0.875 2.593750238418579
vt -0.875 2.593750238418579
vt -0.875 2.618903636932373
vt 0.875 2.618903636932373
vt 0.875 2.625000238418579
vt -0.875 2.625000238418579
vt 1.59375 2.4250000715255737
vt 1.618903398513794 2.424039363861084
vt 1.6130411624908447 2.4211939573287964
vt 1.6130414009094238 2.4211939573287964
vt 1.618903636932373 2.424039363861084
vt 1.593750238418579 2.4250000715255737
vt -0.875 2.613041400909424
vt 0.875 2.6130411624908447
vt 0.875 2.618903398513794
vt -0.875 2.618903636932373
vt 1.59375 2.424999952316284
vt 1.6130411624908447 2.4211939573287964
vt 1.6076385974884033 2.4165735244750977
vt 1.6076385974884033 2.4165735244750977
vt 1.6130414009094238 2.4211939573287964
vt 1.593750238418579 2.424999952316284
vt -0.875 2.6076385974884033
vt 0.875 2.6076385974884033
vt 0.875 2.6130411624908447
vt -0.875 2.613041400909424
vt 1.5937504768371582 2.4249998331069946
vt 1.6076388359069824 2.4165735244750977
vt 1.6029033660888672 2.4103552103042603
vt 1.6029033660888672 2.4103552103042603
vt 1.6076390743255615 2.4165735244750977
vt 1.5937504768371582 2.4249998331069946
vt -0.875 2.4103552103042603
vt 0.875 2.4103552103042603
vt 0.875 2.4165735244750977
vt -0.875 2.4165735244750977
vt 1.593750238418579 2.4250000715255737
vt 1.602903127670288 2.4103554487228394
vt 1.5990166664123535 2.4027785062789917
vt 1.5990169048309326 2.4027785062789917
vt 1.602903127670288 2.4103554487228394
vt 1.593750238418579 2.4250000715255737
vt -0.875 2.4027785062789917
vt 0.875 2.4027785062789917
vt 0.875 2.4103554487228394
vt -0.875 2.4103554487228394
vt 1.593750238418579 2.4250000715255737
vt 1.5990166664123535 2.4027785062789917
vt 1.5961289405822754 2.3941344022750854
vt 1.5961291790008545 2.3941344022750854
vt 1.5990169048309326 2.4027785062789917
vt 1.593750238418579 2.4250000715255737
vt -0.875 2.3941344022750854
vt 0.875 2.3941344022750854
vt 0.875 2.4027785062789917
vt -0.875 2.4027785062789917
vt 1.593750238418579 2.4250001907348633
vt 1.5961289405822754 2.3941341638565063
vt 1.5943505764007568 2.3847544193267822
vt 1.594350814819336 2.3847544193267822
vt 1.5961291790008545 2.3941341638565063
vt 1.593750238418579 2.4250001907348633
vt -0.875 2.3847544193267822
vt 0.875 2.3847544193267822
vt 0.875 2.3941341638565063
vt -0.875 2.3941341638565063
vt 1.593750238418579 2.425000309944153
vt 1.5943505764007568 2.384754776954651
vt 1.593750238418579 2.3750001192092896
vt 1.593750238418579 2.3750001192092896
vt 1.594350814819336 2.384754776954651
vt 1.593750238418579 2.425000309944153
vt -0.875 2.3750001192092896
vt 0.875 2.3750001192092896
vt 0.875 2.384754776954651
vt -0.875 2.384754776954651
vt -0.875 2.425000309944153
vt 0.875 2.425000309944153
vt 0.875 2.3750001192092896
vt -0.875 2.3750001192092896
vt 1.593750238418579 2.3249999284744263
vt 1.593750238418579 2.3750001192092896
vt 1.5943505764007568 2.3652454614639282
vt 1.594350814819336 2.3652454614639282
vt 1.593750238418579 2.3750001192092896
vt 1.593750238418579 2.3249999284744263
vt -0.875 2.3750001192092896
vt 0.875 2.3750001192092896
vt 0.875 2.3249999284744263
vt -0.875 2.3249999284744263
vt -0.875 2.3652454614639282
vt 0.875 2.3652454614639282
vt 0.875 2.3750001192092896
vt -0.875 2.3750001192092896
vt 1.593750238418579 2.325000047683716
vt 1.5943505764007568 2.365245819091797
vt 1.5961289405822754 2.355865955352783
vt 1.5961291790008545 2.355865955352783
vt 1.594350814819336 2.365245819091797
vt 1.593750238418579 2.325000047683716
vt -0.875 2.355865955352783
vt 0.875 2.355865955352783
vt 0.875 2.365245819091797
vt -0.875 2.365245819091797
vt 1.593750238418579 2.3249999284744263
vt 1.5961289405822754 2.3558655977249146
vt 1.5990166664123535 2.3472214937210083
vt 1.5990169048309326 2.3472214937210083
vt 1.5961291790008545 2.3558655977249146
vt 1.593750238418579 2.3249999284744263
vt -0.875 2.3472214937210083
vt 0.875 2.3472214937210083
vt 0.875 2.3558655977249146
vt -0.875 2.3558655977249146
vt 1.593750238418579 2.3249999284744263
vt 1.5990166664123535 2.3472214937210083
vt 1.602903127670288 2.3396445512771606
vt 1.602903127670288 2.3396445512771606
vt 1.5990169048309326 2.3472214937210083
vt 1.593750238418579 2.3249999284744263
vt -0.875 2.3396445512771606
vt 0.875 2.3396445512771606
vt 0.875 2.3472214937210083
vt -0.875 2.3472214937210083
vt 1.5937504768371582 2.3250001668930054
vt 1.6029033660888672 2.3396447896957397
vt 1.6076388359069824 2.3334264755249023
vt 1.6076390743255615 2.3334264755249023
vt 1.6029033660888672 2.3396447896957397
vt 1.5937504768371582 2.3250001668930054
vt -0.875 2.3334264755249023
vt 0.875 2.3334264755249023
vt 0.875 2.3396447896957397
vt -0.875 2.3396447896957397
vt 1.59375 2.3250001668930054
vt 1.6076385974884033 2.333426594734192
vt 1.6130411624908447 2.328806161880493
vt 1.6130414009094238 2.328806161880493
vt 1.6076385974884033 2.333426594734192
vt 1.593750238418579 2.3250001668930054
vt -0.875 2.613041400909424
vt 0.875 2.6130411624908447
vt 0.875 2.6076385974884033
vt -0.875 2.6076385974884033
vt 1.59375 2.3249999284744263
vt 1.6130411624908447 2.3288060426712036
vt 1.618903398513794 2.3259607553482056
vt 1.618903636932373 2.3259607553482056
vt 1.6130414009094238 2.3288060426712036
vt 1.593750238418579 2.3249999284744263
vt -0.875 2.618903636932373
vt 0.875 2.618903398513794
vt 0.875 2.6130411624908447
vt -0.875 2.613041400909424
vt 1.593750238418579 2.325000286102295
vt 1.618903636932373 2.325960636138916
vt 1.625000238418579 2.325000286102295
vt 1.625000238418579 2.325000286102295
vt 1.618903636932373 2.325960636138916
vt 1.593750238418579 2.325000286102295
vt -0.875 2.625000238418579
vt 0.875 2.625000238418579
vt 0.875 2.618903636932373
vt -0.875 2.618903636932373
vt -0.875 2.593750238418579
vt 0.875 2.593750238418579
vt 0.875 2.625000238418579
vt -0.875 2.625000238418579
vt 0.46875 2.3250001668930054
vt 0.46875 2.4249998331069946
vt 0.40625 2.4249998331069946
vt 0.40625 2.3250001668930054
vt 0.46875 2.4249998331069946
vt 0.46875 2.3250001668930054
vt 0.40625 2.3250001668930054
vt 0.40625 2.4249998331069946
vt 0.875 1.46875
vt 0.875 1.40625
vt -0.875 1.40625
vt -0.875 1.46875
vt 0.875 1.40625
vt 0.875 1.46875
vt -0.875 1.46875
vt -0.875 1.40625
vt 0.875 2.3250001668930054
vt -0.875 2.3250001668930054
vt -0.875 2.4249998331069946
vt 0.875 2.4249998331069946
vt -0.875 2.3250001668930054
vt 0.875 2.3250001668930054
vt 0.875 2.4249998331069946
vt -0.875 2.4249998331069946
vt 0.40625 2.325000286102295
vt 0.375 2.325000286102295
vt 0.38109660148620605 2.325960636138916
vt 0.38109660148620605 2.325960636138916
vt 0.375 2.325000286102295
vt 0.40625 2.325000286102295
vt -0.875 1.375
vt 0.875 1.375
vt 0.875 1.40625
vt -0.875 1.40625
vt -0.875 1.381096601486206
vt 0.875 1.381096601486206
vt 0.875 1.375
vt -0.875 1.375
vt 0.4062502384185791 2.325000047683716
vt 0.38109683990478516 2.3259607553482056
vt 0.3869590759277344 2.328806161880493
vt 0.3869588375091553 2.328806161880493
vt 0.38109660148620605 2.3259607553482056
vt 0.40625 2.325000047683716
vt -0.875 1.3869588375091553
vt 0.875 1.3869590759277344
vt 0.875 1.3810968399047852
vt -0.875 1.381096601486206
vt 0.4062502384185791 2.3250001668930054
vt 0.3869590759277344 2.328806161880493
vt 0.3923616409301758 2.333426594734192
vt 0.3923616409301758 2.333426594734192
vt 0.3869588375091553 2.328806161880493
vt 0.40625 2.3250001668930054
vt -0.875 1.3923616409301758
vt 0.875 1.3923616409301758
vt 0.875 1.3869590759277344
vt -0.875 1.3869588375091553
vt 0.4062502384185791 2.325000286102295
vt 0.3923618793487549 2.333426594734192
vt 0.3970973491668701 2.3396449089050293
vt 0.3970973491668701 2.3396449089050293
vt 0.3923616409301758 2.333426594734192
vt 0.4062502384185791 2.325000286102295
vt -0.875 2.3396449089050293
vt 0.875 2.3396449089050293
vt 0.875 2.333426594734192
vt -0.875 2.333426594734192
vt 0.40625 2.325000047683716
vt 0.397097110748291 2.33964467048645
vt 0.4009835720062256 2.347221612930298
vt 0.4009833335876465 2.347221612930298
vt 0.397097110748291 2.33964467048645
vt 0.40625 2.325000047683716
vt -0.875 2.347221612930298
vt 0.875 2.347221612930298
vt 0.875 2.33964467048645
vt -0.875 2.33964467048645
vt 0.40625 2.325000047683716
vt 0.4009835720062256 2.347221612930298
vt 0.4038712978363037 2.355865716934204
vt 0.4038710594177246 2.355865716934204
vt 0.4009833335876465 2.347221612930298
vt 0.40625 2.325000047683716
vt -0.875 2.355865716934204
vt 0.875 2.355865716934204
vt 0.875 2.347221612930298
vt -0.875 2.347221612930298
vt 0.40625 2.3249999284744263
vt 0.4038712978363037 2.355865955352783
vt 0.40564966201782227 2.3652456998825073
vt 0.40564942359924316 2.3652456998825073
vt 0.4038710594177246 2.355865955352783
vt 0.40625 2.3249999284744263
vt -0.875 2.3652456998825073
vt 0.875 2.3652456998825073
vt 0.875 2.355865955352783
vt -0.875 2.355865955352783
vt 0.40625 2.3249998092651367
vt 0.40564966201782227 2.3652453422546387
vt 0.40625 2.375
vt 0.40625 2.375
vt 0.40564942359924316 2.3652453422546387
vt 0.40625 2.3249998092651367
vt -0.875 2.375
vt 0.875 2.375
vt 0.875 2.3652453422546387
vt -0.875 2.3652453422546387
vt -0.875 2.3249998092651367
vt 0.875 2.3249998092651367
vt 0.875 2.375
vt -0.875 2.375
vt 0.40625 2.425000309944153
vt 0.40625 2.3750001192092896
vt 0.40564966201782227 2.384754776954651
vt 0.40564942359924316 2.384754776954651
vt 0.40625 2.3750001192092896
vt 0.40625 2.425000309944153
vt -0.875 2.3750001192092896
vt 0.875 2.3750001192092896
vt 0.875 2.425000309944153
vt -0.875 2.425000309944153
vt -0.875 2.384754776954651
vt 0.875 2.384754776954651
vt 0.875 2.3750001192092896
vt -0.875 2.3750001192092896
vt 0.40625 2.4250001907348633
vt 0.40564966201782227 2.3847544193267822
vt 0.4038712978363037 2.394134283065796
vt 0.4038710594177246 2.394134283065796
vt 0.40564942359924316 2.3847544193267822
vt 0.40625 2.4250001907348633
vt -0.875 2.394134283065796
vt 0.875 2.394134283065796
vt 0.875 2.3847544193267822
vt -0.875 2.3847544193267822
vt 0.40625 2.4250000715255737
vt 0.4038712978363037 2.3941344022750854
vt 0.4009835720062256 2.4027785062789917
vt 0.4009833335876465 2.4027785062789917
vt 0.4038710594177246 2.3941344022750854
vt 0.40625 2.4250000715255737
vt -0.875 2.4027785062789917
vt 0.875 2.4027785062789917
vt 0.875 2.3941344022750854
vt -0.875 2.3941344022750854
vt 0.40625 2.425000309944153
vt 0.4009835720062256 2.402778744697571
vt 0.397097110748291 2.4103556871414185
vt 0.397097110748291 2.4103556871414185
vt 0.4009833335876465 2.402778744697571
vt 0.40625 2.425000309944153
vt -0.875 2.4103556871414185
vt 0.875 2.4103556871414185
vt 0.875 2.402778744697571
vt -0.875 2.402778744697571
vt 0.4062502384185791 2.4249998331069946
vt 0.3970973491668701 2.4103552103042603
vt 0.3923618793487549 2.4165735244750977
vt 0.3923616409301758 2.4165735244750977
vt 0.3970973491668701 2.4103552103042603
vt 0.4062502384185791 2.4249998331069946
vt -0.875 2.4165735244750977
vt 0.875 2.4165735244750977
vt 0.875 2.4103552103042603
vt -0.875 2.4103552103042603
vt 0.4062502384185791 2.4250000715255737
vt 0.3923616409301758 2.416573643684387
vt 0.3869590759277344 2.421194076538086
vt 0.3869588375091553 2.421194076538086
vt 0.3923616409301758 2.416573643684387
vt 0.40625 2.4250000715255737
vt -0.875 1.3869588375091553
vt 0.875 1.3869590759277344
vt 0.875 1.3923616409301758
vt -0.875 1.3923616409301758
vt 0.4062502384185791 2.425000309944153
vt 0.3869590759277344 2.4211941957473755
vt 0.38109683990478516 2.4240394830703735
vt 0.38109660148620605 2.4240394830703735
vt 0.3869588375091553 2.4211941957473755
vt 0.40625 2.425000309944153
vt -0.875 1.381096601486206
vt 0.875 1.3810968399047852
vt 0.875 1.3869590759277344
vt -0.875 1.3869588375091553
vt 0.40625 2.424999952316284
vt 0.38109660148620605 2.424039602279663
vt 0.375 2.424999952316284
vt 0.375 2.424999952316284
vt 0.38109660148620605 2.424039602279663
vt 0.40625 2.424999952316284
vt -0.875 1.375
vt 0.875 1.375
vt 0.875 1.381096601486206
vt -0.875 1.381096601486206
vt -0.875 1.40625
vt 0.875 1.40625
vt 0.875 1.375
vt -0.875 1.375
vt 0.5 2.3125
vt 0.5 2.3249998092651367
vt 0.375 2.3249998092651367
vt 0.375 2.3125
vt 0.5 2.3249998092651367
vt 0.5 2.3125
vt 0.375 2.3125
vt 0.375 2.3249998092651367
vt 0.875 1.5
vt 0.875 1.375
vt -0.875 1.375
vt -0.875 1.5
vt 0.875 1.375
vt 0.875 1.5
vt -0.875 1.5
vt -0.875 1.375
vt 0.875 2.3125
vt -0.875 2.3125
vt -0.875 2.3249998092651367
vt 0.875 2.3249998092651367
vt -0.875 2.3125
vt 0.875 2.3125
vt 0.875 2.3249998092651367
vt -0.875 2.3249998092651367
vt 0.5 2.4250001907348633
vt 0.5 2.4375
vt 0.375 2.4375
vt 0.375 2.4250001907348633
vt 0.5 2.4375
vt 0.5 2.4250001907348633
vt 0.375 2.4250001907348633
vt 0.375 2.4375
vt 0.875 1.5
vt 0.875 1.375
vt -0.875 1.375
vt -0.875 1.5
vt 0.875 1.375
vt 0.875 1.5
vt -0.875 1.5
vt -0.875 1.375
vt 0.875 2.4250001907348633
vt -0.875 2.4250001907348633
vt -0.875 2.4375
vt 0.875 2.4375
vt -0.875 2.4250001907348633
vt 0.875 2.4250001907348633
vt 0.875 2.4375
vt -0.875 2.4375
vt 0.4687502384185791 2.4249998331069946
vt 0.5000002384185791 2.4249998331069946
vt 0.49390363693237305 2.4240394830703735
vt 0.49390363693237305 2.4240394830703735
vt 0.5000002384185791 2.4249998331069946
vt 0.4687502384185791 2.4249998331069946
vt -0.875 1.500000238418579
vt 0.875 1.500000238418579
vt 0.875 1.468750238418579
vt -0.875 1.468750238418579
vt -0.875 1.493903636932373
vt 0.875 1.493903636932373
vt 0.875 1.500000238418579
vt -0.875 1.500000238418579
vt 0.46875 2.4250000715255737
vt 0.49390339851379395 2.424039363861084
vt 0.4880411624908447 2.4211939573287964
vt 0.48804140090942383 2.4211939573287964
vt 0.49390363693237305 2.424039363861084
vt 0.4687502384185791 2.4250000715255737
vt -0.875 1.4880414009094238
vt 0.875 1.4880411624908447
vt 0.875 1.493903398513794
vt -0.875 1.493903636932373
vt 0.46875 2.424999952316284
vt 0.4880411624908447 2.4211939573287964
vt 0.4826385974884033 2.4165735244750977
vt 0.4826385974884033 2.4165735244750977
vt 0.48804140090942383 2.4211939573287964
vt 0.4687502384185791 2.424999952316284
vt -0.875 1.4826385974884033
vt 0.875 1.4826385974884033
vt 0.875 1.4880411624908447
vt -0.875 1.4880414009094238
vt 0.4687504768371582 2.4249998331069946
vt 0.4826388359069824 2.4165735244750977
vt 0.4779033660888672 2.4103552103042603
vt 0.4779033660888672 2.4103552103042603
vt 0.4826390743255615 2.4165735244750977
vt 0.4687504768371582 2.4249998331069946
vt -0.875 2.4103552103042603
vt 0.875 2.4103552103042603
vt 0.875 2.4165735244750977
vt -0.875 2.4165735244750977
vt 0.4687502384185791 2.4250000715255737
vt 0.4779031276702881 2.4103554487228394
vt 0.4740166664123535 2.4027785062789917
vt 0.4740169048309326 2.4027785062789917
vt 0.4779031276702881 2.4103554487228394
vt 0.4687502384185791 2.4250000715255737
vt -0.875 2.4027785062789917
vt 0.875 2.4027785062789917
vt 0.875 2.4103554487228394
vt -0.875 2.4103554487228394
vt 0.4687502384185791 2.4250000715255737
vt 0.4740166664123535 2.4027785062789917
vt 0.4711289405822754 2.3941344022750854
vt 0.4711291790008545 2.3941344022750854
vt 0.4740169048309326 2.4027785062789917
vt 0.4687502384185791 2.4250000715255737
vt -0.875 2.3941344022750854
vt 0.875 2.3941344022750854
vt 0.875 2.4027785062789917
vt -0.875 2.4027785062789917
vt 0.4687502384185791 2.4250001907348633
vt 0.4711289405822754 2.3941341638565063
vt 0.46935057640075684 2.3847544193267822
vt 0.46935081481933594 2.3847544193267822
vt 0.4711291790008545 2.3941341638565063
vt 0.4687502384185791 2.4250001907348633
vt -0.875 2.3847544193267822
vt 0.875 2.3847544193267822
vt 0.875 2.3941341638565063
vt -0.875 2.3941341638565063
vt 0.4687502384185791 2.425000309944153
vt 0.46935057640075684 2.384754776954651
vt 0.4687502384185791 2.3750001192092896
vt 0.4687502384185791 2.3750001192092896
vt 0.46935081481933594 2.384754776954651
vt 0.4687502384185791 2.425000309944153
vt -0.875 2.3750001192092896
vt 0.875 2.3750001192092896
vt 0.875 2.384754776954651
vt -0.875 2.384754776954651
vt -0.875 2.425000309944153
vt 0.875 2.425000309944153
vt 0.875 2.3750001192092896
vt -0.875 2.3750001192092896
vt 0.4687502384185791 2.3249999284744263
vt 0.4687502384185791 2.3750001192092896
vt 0.46935057640075684 2.3652454614639282
vt 0.46935081481933594 2.3652454614639282
vt 0.4687502384185791 2.3750001192092896
vt 0.4687502384185791 2.3249999284744263
vt -0.875 2.3750001192092896
vt 0.875 2.3750001192092896
vt 0.875 2.3249999284744263
vt -0.875 2.3249999284744263
vt -0.875 2.3652454614639282
vt 0.875 2.3652454614639282
vt 0.875 2.3750001192092896
vt -0.875 2.3750001192092896
vt 0.4687502384185791 2.325000047683716
vt 0.46935057640075684 2.365245819091797
vt 0.4711289405822754 2.355865955352783
vt 0.4711291790008545 2.355865955352783
vt 0.46935081481933594 2.365245819091797
vt 0.4687502384185791 2.325000047683716
vt -0.875 2.355865955352783
vt 0.875 2.355865955352783
vt 0.875 2.365245819091797
vt -0.875 2.365245819091797
vt 0.4687502384185791 2.3249999284744263
vt 0.4711289405822754 2.3558655977249146
vt 0.4740166664123535 2.3472214937210083
vt 0.4740169048309326 2.3472214937210083
vt 0.4711291790008545 2.3558655977249146
vt 0.4687502384185791 2.3249999284744263
vt -0.875 2.3472214937210083
vt 0.875 2.3472214937210083
vt 0.875 2.3558655977249146
vt -0.875 2.3558655977249146
vt 0.4687502384185791 2.3249999284744263
vt 0.4740166664123535 2.3472214937210083
vt 0.4779031276702881 2.3396445512771606
vt 0.4779031276702881 2.3396445512771606
vt 0.4740169048309326 2.3472214937210083
vt 0.4687502384185791 2.3249999284744263
vt -0.875 2.3396445512771606
vt 0.875 2.3396445512771606
vt 0.875 2.3472214937210083
vt -0.875 2.3472214937210083
vt 0.4687504768371582 2.3250001668930054
vt 0.4779033660888672 2.3396447896957397
vt 0.4826388359069824 2.3334264755249023
vt 0.4826390743255615 2.3334264755249023
vt 0.4779033660888672 2.3396447896957397
vt 0.4687504768371582 2.3250001668930054
vt -0.875 2.3334264755249023
vt 0.875 2.3334264755249023
vt 0.875 2.3396447896957397
vt -0.875 2.3396447896957397
vt 0.46875 2.3250001668930054
vt 0.4826385974884033 2.333426594734192
vt 0.4880411624908447 2.328806161880493
vt 0.48804140090942383 2.328806161880493
vt 0.4826385974884033 2.333426594734192
vt 0.4687502384185791 2.3250001668930054
vt -0.875 1.4880414009094238
vt 0.875 1.4880411624908447
vt 0.875 1.4826385974884033
vt -0.875 1.4826385974884033
vt 0.46875 2.3249999284744263
vt 0.4880411624908447 2.3288060426712036
vt 0.49390339851379395 2.3259607553482056
vt 0.49390363693237305 2.3259607553482056
vt 0.48804140090942383 2.3288060426712036
vt 0.4687502384185791 2.3249999284744263
vt -0.875 1.493903636932373
vt 0.875 1.493903398513794
vt 0.875 1.4880411624908447
vt -0.875 1.4880414009094238
vt 0.4687502384185791 2.325000286102295
vt 0.49390363693237305 2.325960636138916
vt 0.5000002384185791 2.325000286102295
vt 0.5000002384185791 2.325000286102295
vt 0.49390363693237305 2.325960636138916
vt 0.4687502384185791 2.325000286102295
vt -0.875 1.500000238418579
vt 0.875 1.500000238418579
vt 0.875 1.493903636932373
vt -0.875 1.493903636932373
vt -0.875 1.468750238418579
vt 0.875 1.468750238418579
vt 0.875 1.500000238418579
vt -0.875 1.500000238418579
vt -0.65625 2.3250001668930054
vt -0.65625 2.4249998331069946
vt -0.71875 2.4249998331069946
vt -0.71875 2.3250001668930054
vt -0.65625 2.4249998331069946
vt -0.65625 2.3250001668930054
vt -0.71875 2.3250001668930054
vt -0.71875 2.4249998331069946
vt 0.875 0.34375
vt 0.875 0.28125
vt -0.875 0.28125
vt -0.875 0.34375
vt 0.875 0.28125
vt 0.875 0.34375
vt -0.875 0.34375
vt -0.875 0.28125
vt 0.875 2.3250001668930054
vt -0.875 2.3250001668930054
vt -0.875 2.4249998331069946
vt 0.875 2.4249998331069946
vt -0.875 2.3250001668930054
vt 0.875 2.3250001668930054
vt 0.875 2.4249998331069946
vt -0.875 2.4249998331069946
vt -0.71875 2.325000286102295
vt -0.75 2.325000286102295
vt -0.743903398513794 2.325960636138916
vt -0.743903398513794 2.325960636138916
vt -0.75 2.325000286102295
vt -0.71875 2.325000286102295
vt -0.875 0.25
vt 0.875 0.25
vt 0.875 0.28125
vt -0.875 0.28125
vt -0.875 0.25609660148620605
vt 0.875 0.25609660148620605
vt 0.875 0.25
vt -0.875 0.25
vt -0.7187497615814209 2.325000047683716
vt -0.7439031600952148 2.3259607553482056
vt -0.7380409240722656 2.328806161880493
vt -0.7380411624908447 2.328806161880493
vt -0.743903398513794 2.3259607553482056
vt -0.71875 2.325000047683716
vt -0.875 0.2619588375091553
vt 0.875 0.2619590759277344
vt 0.875 0.25609683990478516
vt -0.875 0.25609660148620605
vt -0.7187497615814209 2.3250001668930054
vt -0.7380409240722656 2.328806161880493
vt -0.7326383590698242 2.333426594734192
vt -0.7326383590698242 2.333426594734192
vt -0.7380411624908447 2.328806161880493
vt -0.71875 2.3250001668930054
vt -0.875 0.2673616409301758
vt 0.875 0.2673616409301758
vt 0.875 0.2619590759277344
vt -0.875 0.2619588375091553
vt -0.7187497615814209 2.325000286102295
vt -0.7326381206512451 2.333426594734192
vt -0.7279026508331299 2.3396449089050293
vt -0.7279026508331299 2.3396449089050293
vt -0.7326383590698242 2.333426594734192
vt -0.7187497615814209 2.325000286102295
vt -0.875 2.3396449089050293
vt 0.875 2.3396449089050293
vt 0.875 2.333426594734192
vt -0.875 2.333426594734192
vt -0.71875 2.325000047683716
vt -0.727902889251709 2.33964467048645
vt -0.7240164279937744 2.347221612930298
vt -0.7240166664123535 2.347221612930298
vt -0.727902889251709 2.33964467048645
vt -0.71875 2.325000047683716
vt -0.875 2.347221612930298
vt 0.875 2.347221612930298
vt 0.875 2.33964467048645
vt -0.875 2.33964467048645
vt -0.71875 2.325000047683716
vt -0.7240164279937744 2.347221612930298
vt -0.7211287021636963 2.355865716934204
vt -0.7211289405822754 2.355865716934204
vt -0.7240166664123535 2.347221612930298
vt -0.71875 2.325000047683716
vt -0.875 2.355865716934204
vt 0.875 2.355865716934204
vt 0.875 2.347221612930298
vt -0.875 2.347221612930298
vt -0.71875 2.3249999284744263
vt -0.7211287021636963 2.355865955352783
vt -0.7193503379821777 2.3652456998825073
vt -0.7193505764007568 2.3652456998825073
vt -0.7211289405822754 2.355865955352783
vt -0.71875 2.3249999284744263
vt -0.875 2.3652456998825073
vt 0.875 2.3652456998825073
vt 0.875 2.355865955352783
vt -0.875 2.355865955352783
vt -0.71875 2.3249998092651367
vt -0.7193503379821777 2.3652453422546387
vt -0.71875 2.375
vt -0.71875 2.375
vt -0.7193505764007568 2.3652453422546387
vt -0.71875 2.3249998092651367
vt -0.875 2.375
vt 0.875 2.375
vt 0.875 2.3652453422546387
vt -0.875 2.3652453422546387
vt -0.875 2.3249998092651367
vt 0.875 2.3249998092651367
vt 0.875 2.375
vt -0.875 2.375
vt -0.71875 2.425000309944153
vt -0.71875 2.3750001192092896
vt -0.7193503379821777 2.384754776954651
vt -0.7193505764007568 2.384754776954651
vt -0.71875 2.3750001192092896
vt -0.71875 2.425000309944153
vt -0.875 2.3750001192092896
vt 0.875 2.3750001192092896
vt 0.875 2.425000309944153
vt -0.875 2.425000309944153
vt -0.875 2.384754776954651
vt 0.875 2.384754776954651
vt 0.875 2.3750001192092896
vt -0.875 2.3750001192092896
vt -0.71875 2.4250001907348633
vt -0.7193503379821777 2.3847544193267822
vt -0.7211287021636963 2.394134283065796
vt -0.7211289405822754 2.394134283065796
vt -0.7193505764007568 2.3847544193267822
vt -0.71875 2.4250001907348633
vt -0.875 2.394134283065796
vt 0.875 2.394134283065796
vt 0.875 2.3847544193267822
vt -0.875 2.3847544193267822
vt -0.71875 2.4250000715255737
vt -0.7211287021636963 2.3941344022750854
vt -0.7240164279937744 2.4027785062789917
vt -0.7240166664123535 2.4027785062789917
vt -0.7211289405822754 2.3941344022750854
vt -0.71875 2.4250000715255737
vt -0.875 2.4027785062789917
vt 0.875 2.4027785062789917
vt 0.875 2.3941344022750854
vt -0.875 2.3941344022750854
vt -0.71875 2.425000309944153
vt -0.7240164279937744 2.402778744697571
vt -0.727902889251709 2.4103556871414185
vt -0.727902889251709 2.4103556871414185
vt -0.7240166664123535 2.402778744697571
vt -0.71875 2.425000309944153
vt -0.875 2.4103556871414185
vt 0.875 2.4103556871414185
vt 0.875 2.402778744697571
vt -0.875 2.402778744697571
vt -0.7187497615814209 2.4249998331069946
vt -0.7279026508331299 2.4103552103042603
vt -0.7326381206512451 2.4165735244750977
vt -0.7326383590698242 2.4165735244750977
vt -0.7279026508331299 2.4103552103042603
vt -0.7187497615814209 2.4249998331069946
vt -0.875 2.4165735244750977
vt 0.875 2.4165735244750977
vt 0.875 2.4103552103042603
vt -0.875 2.4103552103042603
vt -0.7187497615814209 2.4250000715255737
vt -0.7326383590698242 2.416573643684387
vt -0.7380409240722656 2.421194076538086
vt -0.7380411624908447 2.421194076538086
vt -0.7326383590698242 2.416573643684387
vt -0.71875 2.4250000715255737
vt -0.875 0.2619588375091553
vt 0.875 0.2619590759277344
vt 0.875 0.2673616409301758
vt -0.875 0.2673616409301758
vt -0.7187497615814209 2.425000309944153
vt -0.7380409240722656 2.4211941957473755
vt -0.7439031600952148 2.4240394830703735
vt -0.743903398513794 2.4240394830703735
vt -0.7380411624908447 2.4211941957473755
vt -0.71875 2.425000309944153
vt -0.875 0.25609660148620605
vt 0.875 0.25609683990478516
vt 0.875 0.2619590759277344
vt -0.875 0.2619588375091553
vt -0.71875 2.424999952316284
vt -0.743903398513794 2.424039602279663
vt -0.75 2.424999952316284
vt -0.75 2.424999952316284
vt -0.743903398513794 2.424039602279663
vt -0.71875 2.424999952316284
vt -0.875 0.25
vt 0.875 0.25
vt 0.875 0.25609660148620605
vt -0.875 0.25609660148620605
vt -0.875 0.28125
vt 0.875 0.28125
vt 0.875 0.25
vt -0.875 0.25
vt -0.625 2.3125
vt -0.625 2.3249998092651367
vt -0.75 2.3249998092651367
vt -0.75 2.3125
vt -0.625 2.3249998092651367
vt -0.625 2.3125
vt -0.75 2.3125
vt -0.75 2.3249998092651367
vt 0.875 0.375
vt 0.875 0.25
vt -0.875 0.25
vt -0.875 0.375
vt 0.875 0.25
vt 0.875 0.375
vt -0.875 0.375
vt -0.875 0.25
vt 0.875 2.3125
vt -0.875 2.3125
vt -0.875 2.3249998092651367
vt 0.875 2.3249998092651367
vt -0.875 2.3125
vt 0.875 2.3125
vt 0.875 2.3249998092651367
vt -0.875 2.3249998092651367
vt -0.625 2.4250001907348633
vt -0.625 2.4375
vt -0.75 2.4375
vt -0.75 2.4250001907348633
vt -0.625 2.4375
vt -0.625 2.4250001907348633
vt -0.75 2.4250001907348633
vt -0.75 2.4375
vt 0.875 0.375
vt 0.875 0.25
vt -0.875 0.25
vt -0.875 0.375
vt 0.875 0.25
vt 0.875 0.375
vt -0.875 0.375
vt -0.875 0.25
vt 0.875 2.4250001907348633
vt -0.875 2.4250001907348633
vt -0.875 2.4375
vt 0.875 2.4375
vt -0.875 2.4250001907348633
vt 0.875 2.4250001907348633
vt 0.875 2.4375
vt -0.875 2.4375
vt -0.6562497615814209 2.4249998331069946
vt -0.6249997615814209 2.4249998331069946
vt -0.631096363067627 2.4240394830703735
vt -0.631096363067627 2.4240394830703735
vt -0.6249997615814209 2.4249998331069946
vt -0.6562497615814209 2.4249998331069946
vt -0.875 0.3750002384185791
vt 0.875 0.3750002384185791
vt 0.875 0.3437502384185791
vt -0.875 0.3437502384185791
vt -0.875 0.36890363693237305
vt 0.875 0.36890363693237305
vt 0.875 0.3750002384185791
vt -0.875 0.3750002384185791
vt -0.65625 2.4250000715255737
vt -0.631096601486206 2.424039363861084
vt -0.6369588375091553 2.4211939573287964
vt -0.6369585990905762 2.4211939573287964
vt -0.631096363067627 2.424039363861084
vt -0.6562497615814209 2.4250000715255737
vt -0.875 0.36304140090942383
vt 0.875 0.3630411624908447
vt 0.875 0.36890339851379395
vt -0.875 0.36890363693237305
vt -0.65625 2.424999952316284
vt -0.6369588375091553 2.4211939573287964
vt -0.6423614025115967 2.4165735244750977
vt -0.6423614025115967 2.4165735244750977
vt -0.6369585990905762 2.4211939573287964
vt -0.6562497615814209 2.424999952316284
vt -0.875 0.3576385974884033
vt 0.875 0.3576385974884033
vt 0.875 0.3630411624908447
vt -0.875 0.36304140090942383
vt -0.6562495231628418 2.4249998331069946
vt -0.6423611640930176 2.4165735244750977
vt -0.6470966339111328 2.4103552103042603
vt -0.6470966339111328 2.4103552103042603
vt -0.6423609256744385 2.4165735244750977
vt -0.6562495231628418 2.4249998331069946
vt -0.875 2.4103552103042603
vt 0.875 2.4103552103042603
vt 0.875 2.4165735244750977
vt -0.875 2.4165735244750977
vt -0.6562497615814209 2.4250000715255737
vt -0.6470968723297119 2.4103554487228394
vt -0.6509833335876465 2.4027785062789917
vt -0.6509830951690674 2.4027785062789917
vt -0.6470968723297119 2.4103554487228394
vt -0.6562497615814209 2.4250000715255737
vt -0.875 2.4027785062789917
vt 0.875 2.4027785062789917
vt 0.875 2.4103554487228394
vt -0.875 2.4103554487228394
vt -0.6562497615814209 2.4250000715255737
vt -0.6509833335876465 2.4027785062789917
vt -0.6538710594177246 2.3941344022750854
vt -0.6538708209991455 2.3941344022750854
vt -0.6509830951690674 2.4027785062789917
vt -0.6562497615814209 2.4250000715255737
vt -0.875 2.3941344022750854
vt 0.875 2.3941344022750854
vt 0.875 2.4027785062789917
vt -0.875 2.4027785062789917
vt -0.6562497615814209 2.4250001907348633
vt -0.6538710594177246 2.3941341638565063
vt -0.6556494235992432 2.3847544193267822
vt -0.6556491851806641 2.3847544193267822
vt -0.6538708209991455 2.3941341638565063
vt -0.6562497615814209 2.4250001907348633
vt -0.875 2.3847544193267822
vt 0.875 2.3847544193267822
vt 0.875 2.3941341638565063
vt -0.875 2.3941341638565063
vt -0.6562497615814209 2.425000309944153
vt -0.6556494235992432 2.384754776954651
vt -0.6562497615814209 2.3750001192092896
vt -0.6562497615814209 2.3750001192092896
vt -0.6556491851806641 2.384754776954651
vt -0.6562497615814209 2.425000309944153
vt -0.875 2.3750001192092896
vt 0.875 2.3750001192092896
vt 0.875 2.384754776954651
vt -0.875 2.384754776954651
vt -0.875 2.425000309944153
vt 0.875 2.425000309944153
vt 0.875 2.3750001192092896
vt -0.875 2.3750001192092896
vt -0.6562497615814209 2.3249999284744263
vt -0.6562497615814209 2.3750001192092896
vt -0.6556494235992432 2.3652454614639282
vt -0.6556491851806641 2.3652454614639282
vt -0.6562497615814209 2.3750001192092896
vt -0.6562497615814209 2.3249999284744263
vt -0.875 2.3750001192092896
vt 0.875 2.3750001192092896
vt 0.875 2.3249999284744263
vt -0.875 2.3249999284744263
vt -0.875 2.3652454614639282
vt 0.875 2.3652454614639282
vt 0.875 2.3750001192092896
vt -0.875 2.3750001192092896
vt -0.6562497615814209 2.325000047683716
vt -0.6556494235992432 2.365245819091797
vt -0.6538710594177246 2.355865955352783
vt -0.6538708209991455 2.355865955352783
vt -0.6556491851806641 2.365245819091797
vt -0.6562497615814209 2.325000047683716
vt -0.875 2.355865955352783
vt 0.875 2.355865955352783
vt 0.875 2.365245819091797
vt -0.875 2.365245819091797
vt -0.6562497615814209 2.3249999284744263
vt -0.6538710594177246 2.3558655977249146
vt -0.6509833335876465 2.3472214937210083
vt -0.6509830951690674 2.3472214937210083
vt -0.6538708209991455 2.3558655977249146
vt -0.6562497615814209 2.3249999284744263
vt -0.875 2.3472214937210083
vt 0.875 2.3472214937210083
vt 0.875 2.3558655977249146
vt -0.875 2.3558655977249146
vt -0.6562497615814209 2.3249999284744263
vt -0.6509833335876465 2.3472214937210083
vt -0.6470968723297119 2.3396445512771606
vt -0.6470968723297119 2.3396445512771606
vt -0.6509830951690674 2.3472214937210083
vt -0.6562497615814209 2.3249999284744263
vt -0.875 2.3396445512771606
vt 0.875 2.3396445512771606
vt 0.875 2.3472214937210083
vt -0.875 2.3472214937210083
vt -0.6562495231628418 2.3250001668930054
vt -0.6470966339111328 2.3396447896957397
vt -0.6423611640930176 2.3334264755249023
vt -0.6423609256744385 2.3334264755249023
vt -0.6470966339111328 2.3396447896957397
vt -0.6562495231628418 2.3250001668930054
vt -0.875 2.3334264755249023
vt 0.875 2.3334264755249023
vt 0.875 2.3396447896957397
vt -0.875 2.3396447896957397
vt -0.65625 2.3250001668930054
vt -0.6423614025115967 2.333426594734192
vt -0.6369588375091553 2.328806161880493
vt -0.6369585990905762 2.328806161880493
vt -0.6423614025115967 2.333426594734192
vt -0.6562497615814209 2.3250001668930054
vt -0.875 0.36304140090942383
vt 0.875 0.3630411624908447
vt 0.875 0.3576385974884033
vt -0.875 0.3576385974884033
vt -0.65625 2.3249999284744263
vt -0.6369588375091553 2.3288060426712036
vt -0.631096601486206 2.3259607553482056
vt -0.631096363067627 2.3259607553482056
vt -0.6369585990905762 2.3288060426712036
vt -0.6562497615814209 2.3249999284744263
vt -0.875 0.36890363693237305
vt 0.875 0.36890339851379395
vt 0.875 0.3630411624908447
vt -0.875 0.36304140090942383
vt -0.6562497615814209 2.325000286102295
vt -0.631096363067627 2.325960636138916
vt -0.6249997615814209 2.325000286102295
vt -0.6249997615814209 2.325000286102295
vt -0.631096363067627 2.325960636138916
vt -0.6562497615814209 2.325000286102295
vt -0.875 0.3750002384185791
vt 0.875 0.3750002384185791
vt 0.875 0.36890363693237305
vt -0.875 0.36890363693237305
vt -0.875 0.3437502384185791
vt 0.875 0.3437502384185791
vt 0.875 0.3750002384185791
vt -0.875 0.3750002384185791
vt -1.78125 2.3250001668930054
vt -1.78125 2.4249998331069946
vt -1.84375 2.4249998331069946
vt -1.84375 2.3250001668930054
vt -1.78125 2.4249998331069946
vt -1.78125 2.3250001668930054
vt -1.84375 2.3250001668930054
vt -1.84375 2.4249998331069946
vt 0.875 -0.78125
vt 0.875 -0.84375
vt -0.875 -0.84375
vt -0.875 -0.78125
vt 0.875 -0.84375
vt 0.875 -0.78125
vt -0.875 -0.78125
vt -0.875 -0.84375
vt 0.875 2.3250001668930054
vt -0.875 2.3250001668930054
vt -0.875 2.4249998331069946
vt 0.875 2.4249998331069946
vt -0.875 2.3250001668930054
vt 0.875 2.3250001668930054
vt 0.875 2.4249998331069946
vt -0.875 2.4249998331069946
vt -1.84375 2.325000286102295
vt -1.875 2.325000286102295
vt -1.868903398513794 2.325960636138916
vt -1.868903398513794 2.325960636138916
vt -1.875 2.325000286102295
vt -1.84375 2.325000286102295
vt -0.875 -0.875
vt 0.875 -0.875
vt 0.875 -0.84375
vt -0.875 -0.84375
vt -0.875 -0.868903398513794
vt 0.875 -0.868903398513794
vt 0.875 -0.875
vt -0.875 -0.875
vt -1.843749761581421 2.325000047683716
vt -1.8689031600952148 2.3259607553482056
vt -1.8630409240722656 2.328806161880493
vt -1.8630411624908447 2.328806161880493
vt -1.868903398513794 2.3259607553482056
vt -1.84375 2.325000047683716
vt -0.875 -0.8630411624908447
vt 0.875 -0.8630409240722656
vt 0.875 -0.8689031600952148
vt -0.875 -0.868903398513794
vt -1.843749761581421 2.3250001668930054
vt -1.8630409240722656 2.328806161880493
vt -1.8576383590698242 2.333426594734192
vt -1.8576383590698242 2.333426594734192
vt -1.8630411624908447 2.328806161880493
vt -1.84375 2.3250001668930054
vt -0.875 -0.8576383590698242
vt 0.875 -0.8576383590698242
vt 0.875 -0.8630409240722656
vt -0.875 -0.8630411624908447
vt -1.843749761581421 2.325000286102295
vt -1.8576381206512451 2.333426594734192
vt -1.8529026508331299 2.3396449089050293
vt -1.8529026508331299 2.3396449089050293
vt -1.8576383590698242 2.333426594734192
vt -1.843749761581421 2.325000286102295
vt -0.875 2.3396449089050293
vt 0.875 2.3396449089050293
vt 0.875 2.333426594734192
vt -0.875 2.333426594734192
vt -1.84375 2.325000047683716
vt -1.852902889251709 2.33964467048645
vt -1.8490164279937744 2.347221612930298
vt -1.8490166664123535 2.347221612930298
vt -1.852902889251709 2.33964467048645
vt -1.84375 2.325000047683716
vt -0.875 2.347221612930298
vt 0.875 2.347221612930298
vt 0.875 2.33964467048645
vt -0.875 2.33964467048645
vt -1.84375 2.325000047683716
vt -1.8490164279937744 2.347221612930298
vt -1.8461287021636963 2.355865716934204
vt -1.8461289405822754 2.355865716934204
vt -1.8490166664123535 2.347221612930298
vt -1.84375 2.325000047683716
vt -0.875 2.355865716934204
vt 0.875 2.355865716934204
vt 0.875 2.347221612930298
vt -0.875 2.347221612930298
vt -1.84375 2.3249999284744263
vt -1.8461287021636963 2.355865955352783
vt -1.8443503379821777 2.3652456998825073
vt -1.8443505764007568 2.3652456998825073
vt -1.8461289405822754 2.355865955352783
vt -1.84375 2.3249999284744263
vt -0.875 2.3652456998825073
vt 0.875 2.3652456998825073
vt 0.875 2.355865955352783
vt -0.875 2.355865955352783
vt -1.84375 2.3249998092651367
vt -1.8443503379821777 2.3652453422546387
vt -1.84375 2.375
vt -1.84375 2.375
vt -1.8443505764007568 2.3652453422546387
vt -1.84375 2.3249998092651367
vt -0.875 2.375
vt 0.875 2.375
vt 0.875 2.3652453422546387
vt -0.875 2.3652453422546387
vt -0.875 2.3249998092651367
vt 0.875 2.3249998092651367
vt 0.875 2.375
vt -0.875 2.375
vt -1.84375 2.425000309944153
vt -1.84375 2.3750001192092896
vt -1.8443503379821777 2.384754776954651
vt -1.8443505764007568 2.384754776954651
vt -1.84375 2.3750001192092896
vt -1.84375 2.425000309944153
vt -0.875 2.3750001192092896
vt 0.875 2.3750001192092896
vt 0.875 2.425000309944153
vt -0.875 2.425000309944153
vt -0.875 2.384754776954651
vt 0.875 2.384754776954651
vt 0.875 2.3750001192092896
vt -0.875 2.3750001192092896
vt -1.84375 2.4250001907348633
vt -1.8443503379821777 2.3847544193267822
vt -1.8461287021636963 2.394134283065796
vt -1.8461289405822754 2.394134283065796
vt -1.8443505764007568 2.3847544193267822
vt -1.84375 2.4250001907348633
vt -0.875 2.394134283065796
vt 0.875 2.394134283065796
vt 0.875 2.3847544193267822
vt -0.875 2.3847544193267822
vt -1.84375 2.4250000715255737
vt -1.8461287021636963 2.3941344022750854
vt -1.8490164279937744 2.4027785062789917
vt -1.8490166664123535 2.4027785062789917
vt -1.8461289405822754 2.3941344022750854
vt -1.84375 2.4250000715255737
vt -0.875 2.4027785062789917
vt 0.875 2.4027785062789917
vt 0.875 2.3941344022750854
vt -0.875 2.3941344022750854
vt -1.84375 2.425000309944153
vt -1.8490164279937744 2.402778744697571
vt -1.852902889251709 2.4103556871414185
vt -1.852902889251709 2.4103556871414185
vt -1.8490166664123535 2.402778744697571
vt -1.84375 2.425000309944153
vt -0.875 2.4103556871414185
vt 0.875 2.4103556871414185
vt 0.875 2.402778744697571
vt -0.875 2.402778744697571
vt -1.843749761581421 2.4249998331069946
vt -1.8529026508331299 2.4103552103042603
vt -1.8576381206512451 2.4165735244750977
vt -1.8576383590698242 2.4165735244750977
vt -1.8529026508331299 2.4103552103042603
vt -1.843749761581421 2.4249998331069946
vt -0.875 2.4165735244750977
vt 0.875 2.4165735244750977
vt 0.875 2.4103552103042603
vt -0.875 2.4103552103042603
vt -1.843749761581421 2.4250000715255737
vt -1.8576383590698242 2.416573643684387
vt -1.8630409240722656 2.421194076538086
vt -1.8630411624908447 2.421194076538086
vt -1.8576383590698242 2.416573643684387
vt -1.84375 2.4250000715255737
vt -0.875 -0.8630411624908447
vt 0.875 -0.8630409240722656
vt 0.875 -0.8576383590698242
vt -0.875 -0.8576383590698242
vt -1.843749761581421 2.425000309944153
vt -1.8630409240722656 2.4211941957473755
vt -1.8689031600952148 2.4240394830703735
vt -1.868903398513794 2.4240394830703735
vt -1.8630411624908447 2.4211941957473755
vt -1.84375 2.425000309944153
vt -0.875 -0.868903398513794
vt 0.875 -0.8689031600952148
vt 0.875 -0.8630409240722656
vt -0.875 -0.8630411624908447
vt -1.84375 2.424999952316284
vt -1.868903398513794 2.424039602279663
vt -1.875 2.424999952316284
vt -1.875 2.424999952316284
vt -1.868903398513794 2.424039602279663
vt -1.84375 2.424999952316284
vt -0.875 -0.875
vt 0.875 -0.875
vt 0.875 -0.868903398513794
vt -0.875 -0.868903398513794
vt -0.875 -0.84375
vt 0.875 -0.84375
vt 0.875 -0.875
vt -0.875 -0.875
vt -1.75 2.3125
vt -1.75 2.3249998092651367
vt -1.875 2.3249998092651367
vt -1.875 2.3125
vt -1.75 2.3249998092651367
vt -1.75 2.3125
vt -1.875 2.3125
vt -1.875 2.3249998092651367
vt 0.875 -0.75
vt 0.875 -0.875
vt -0.875 -0.875
vt -0.875 -0.75
vt 0.875 -0.875
vt 0.875 -0.75
vt -0.875 -0.75
vt -0.875 -0.875
vt 0.875 2.3125
vt -0.875 2.3125
vt -0.875 2.3249998092651367
vt 0.875 2.3249998092651367
vt -0.875 2.3125
vt 0.875 2.3125
vt 0.875 2.3249998092651367
vt -0.875 2.3249998092651367
vt -1.75 2.4250001907348633
vt -1.75 2.4375
vt -1.875 2.4375
vt -1.875 2.4250001907348633
vt -1.75 2.4375
vt -1.75 2.4250001907348633
vt -1.875 2.4250001907348633
vt -1.875 2.4375
vt 0.875 -0.75
vt 0.875 -0.875
vt -0.875 -0.875
vt -0.875 -0.75
vt 0.875 -0.875
vt 0.875 -0.75
vt -0.875 -0.75
vt -0.875 -0.875
vt 0.875 2.4250001907348633
vt -0.875 2.4250001907348633
vt -0.875 2.4375
vt 0.875 2.4375
vt -0.875 2.4250001907348633
vt 0.875 2.4250001907348633
vt 0.875 2.4375
vt -0.875 2.4375
vt -1.781249761581421 2.4249998331069946
vt -1.749999761581421 2.4249998331069946
vt -1.756096363067627 2.4240394830703735
vt -1.756096363067627 2.4240394830703735
vt -1.749999761581421 2.4249998331069946
vt -1.781249761581421 2.4249998331069946
vt -0.875 -0.7499997615814209
vt 0.875 -0.7499997615814209
vt 0.875 -0.7812497615814209
vt -0.875 -0.7812497615814209
vt -0.875 -0.756096363067627
vt 0.875 -0.756096363067627
vt 0.875 -0.7499997615814209
vt -0.875 -0.7499997615814209
vt -1.78125 2.4250000715255737
vt -1.756096601486206 2.424039363861084
vt -1.7619588375091553 2.4211939573287964
vt -1.7619585990905762 2.4211939573287964
vt -1.756096363067627 2.424039363861084
vt -1.781249761581421 2.4250000715255737
vt -0.875 -0.7619585990905762
vt 0.875 -0.7619588375091553
vt 0.875 -0.756096601486206
vt -0.875 -0.756096363067627
vt -1.78125 2.424999952316284
vt -1.7619588375091553 2.4211939573287964
vt -1.7673614025115967 2.4165735244750977
vt -1.7673614025115967 2.4165735244750977
vt -1.7619585990905762 2.4211939573287964
vt -1.781249761581421 2.424999952316284
vt -0.875 -0.7673614025115967
vt 0.875 -0.7673614025115967
vt 0.875 -0.7619588375091553
vt -0.875 -0.7619585990905762
vt -1.7812495231628418 2.4249998331069946
vt -1.7673611640930176 2.4165735244750977
vt -1.7720966339111328 2.4103552103042603
vt -1.7720966339111328 2.4103552103042603
vt -1.7673609256744385 2.4165735244750977
vt -1.7812495231628418 2.4249998331069946
vt -0.875 2.4103552103042603
vt 0.875 2.4103552103042603
vt 0.875 2.4165735244750977
vt -0.875 2.4165735244750977
vt -1.781249761581421 2.4250000715255737
vt -1.772096872329712 2.4103554487228394
vt -1.7759833335876465 2.4027785062789917
vt -1.7759830951690674 2.4027785062789917
vt -1.772096872329712 2.4103554487228394
vt -1.781249761581421 2.4250000715255737
vt -0.875 2.4027785062789917
vt 0.875 2.4027785062789917
vt 0.875 2.4103554487228394
vt -0.875 2.4103554487228394
vt -1.781249761581421 2.4250000715255737
vt -1.7759833335876465 2.4027785062789917
vt -1.7788710594177246 2.3941344022750854
vt -1.7788708209991455 2.3941344022750854
vt -1.7759830951690674 2.4027785062789917
vt -1.781249761581421 2.4250000715255737
vt -0.875 2.3941344022750854
vt 0.875 2.3941344022750854
vt 0.875 2.4027785062789917
vt -0.875 2.4027785062789917
vt -1.781249761581421 2.4250001907348633
vt -1.7788710594177246 2.3941341638565063
vt -1.7806494235992432 2.3847544193267822
vt -1.780649185180664 2.3847544193267822
vt -1.7788708209991455 2.3941341638565063
vt -1.781249761581421 2.4250001907348633
vt -0.875 2.3847544193267822
vt 0.875 2.3847544193267822
vt 0.875 2.3941341638565063
vt -0.875 2.3941341638565063
vt -1.781249761581421 2.425000309944153
vt -1.7806494235992432 2.384754776954651
vt -1.781249761581421 2.3750001192092896
vt -1.781249761581421 2.3750001192092896
vt -1.780649185180664 2.384754776954651
vt -1.781249761581421 2.425000309944153
vt -0.875 2.3750001192092896
vt 0.875 2.3750001192092896
vt 0.875 2.384754776954651
vt -0.875 2.384754776954651
vt -0.875 2.425000309944153
vt 0.875 2.425000309944153
vt 0.875 2.3750001192092896
vt -0.875 2.3750001192092896
vt -1.781249761581421 2.3249999284744263
vt -1.781249761581421 2.3750001192092896
vt -1.7806494235992432 2.3652454614639282
vt -1.780649185180664 2.3652454614639282
vt -1.781249761581421 2.3750001192092896
vt -1.781249761581421 2.3249999284744263
vt -0.875 2.3750001192092896
vt 0.875 2.3750001192092896
vt 0.875 2.3249999284744263
vt -0.875 2.3249999284744263
vt -0.875 2.3652454614639282
vt 0.875 2.3652454614639282
vt 0.875 2.3750001192092896
vt -0.875 2.3750001192092896
vt -1.781249761581421 2.325000047683716
vt -1.7806494235992432 2.365245819091797
vt -1.7788710594177246 2.355865955352783
vt -1.7788708209991455 2.355865955352783
vt -1.780649185180664 2.365245819091797
vt -1.781249761581421 2.325000047683716
vt -0.875 2.355865955352783
vt 0.875 2.355865955352783
vt 0.875 2.365245819091797
vt -0.875 2.365245819091797
vt -1.781249761581421 2.3249999284744263
vt -1.7788710594177246 2.3558655977249146
vt -1.7759833335876465 2.3472214937210083
vt -1.7759830951690674 2.3472214937210083
vt -1.7788708209991455 2.3558655977249146
vt -1.781249761581421 2.3249999284744263
vt -0.875 2.3472214937210083
vt 0.875 2.3472214937210083
vt 0.875 2.3558655977249146
vt -0.875 2.3558655977249146
vt -1.781249761581421 2.3249999284744263
vt -1.7759833335876465 2.3472214937210083
vt -1.772096872329712 2.3396445512771606
vt -1.772096872329712 2.3396445512771606
vt -1.7759830951690674 2.3472214937210083
vt -1.781249761581421 2.3249999284744263
vt -0.875 2.3396445512771606
vt 0.875 2.3396445512771606
vt 0.875 2.3472214937210083
vt -0.875 2.3472214937210083
vt -1.7812495231628418 2.3250001668930054
vt -1.7720966339111328 2.3396447896957397
vt -1.7673611640930176 2.3334264755249023
vt -1.7673609256744385 2.3334264755249023
vt -1.7720966339111328 2.3396447896957397
vt -1.7812495231628418 2.3250001668930054
vt -0.875 2.3334264755249023
vt 0.875 2.3334264755249023
vt 0.875 2.3396447896957397
vt -0.875 2.3396447896957397
vt -1.78125 2.3250001668930054
vt -1.7673614025115967 2.333426594734192
vt -1.7619588375091553 2.328806161880493
vt -1.7619585990905762 2.328806161880493
vt -1.7673614025115967 2.333426594734192
vt -1.781249761581421 2.3250001668930054
vt -0.875 -0.7619585990905762
vt 0.875 -0.7619588375091553
vt 0.875 -0.7673614025115967
vt -0.875 -0.7673614025115967
vt -1.78125 2.3249999284744263
vt -1.7619588375091553 2.3288060426712036
vt -1.756096601486206 2.3259607553482056
vt -1.756096363067627 2.3259607553482056
vt -1.7619585990905762 2.3288060426712036
vt -1.781249761581421 2.3249999284744263
vt -0.875 -0.756096363067627
vt 0.875 -0.756096601486206
vt 0.875 -0.7619588375091553
vt -0.875 -0.7619585990905762
vt -1.781249761581421 2.325000286102295
vt -1.756096363067627 2.325960636138916
vt -1.749999761581421 2.325000286102295
vt -1.749999761581421 2.325000286102295
vt -1.756096363067627 2.325960636138916
vt -1.781249761581421 2.325000286102295
vt -0.875 -0.7499997615814209
vt 0.875 -0.7499997615814209
vt 0.875 -0.756096363067627
vt -0.875 -0.756096363067627
vt -0.875 -0.7812497615814209
vt 0.875 -0.7812497615814209
vt 0.875 -0.7499997615814209
vt -0.875 -0.7499997615814209
vt -1.8459868431091309 1.01171875
vt -1.8459868431091309 1.00390625
vt -1.8530672788619995 1.00390625
vt -1.8530672788619995 1.01171875
vt -1.6742981672286987 1.00390625
vt -1.6742981672286987 1.01171875
vt -1.681378722190857 1.01171875
vt -1.681378722190857 1.00390625
vt -1.681378722190857 1.28061044216156
vt -1.6742981672286987 1.277308702468872
vt -1.8459868431091309 0.9091212749481201
vt -1.8530672788619995 0.9124230146408081
vt 0.28061044216156006 1.01171875
vt -0.0875769853591919 1.01171875
vt -0.0875769853591919 1.00390625
vt 0.28061044216156006 1.00390625
vt -0.09087872505187988 1.01171875
vt 0.27730870246887207 1.01171875
vt 0.27730870246887207 1.00390625
vt -0.09087872505187988 1.00390625
vt -1.7893426418304443 1.01171875
vt -1.7893426418304443 1.00390625
vt -1.796423077583313 1.00390625
vt -1.796423077583313 1.01171875
vt -1.6176539659500122 1.00390625
vt -1.6176539659500122 1.01171875
vt -1.6247345209121704 1.01171875
vt -1.6247345209121704 1.00390625
vt -1.6247345209121704 1.2541967630386353
vt -1.6176539659500122 1.2508950233459473
vt -1.7893426418304443 0.8827075958251953
vt -1.796423077583313 0.8860093355178833
vt 0.25419676303863525 1.01171875
vt -0.1139906644821167 1.01171875
vt -0.1139906644821167 1.00390625
vt 0.25419676303863525 1.00390625
vt -0.11729240417480469 1.01171875
vt 0.25089502334594727 1.01171875
vt 0.25089502334594727 1.00390625
vt -0.11729240417480469 1.00390625
vt -1.7326983213424683 1.01171875
vt -1.7326983213424683 1.00390625
vt -1.739778757095337 1.00390625
vt -1.739778757095337 1.01171875
vt -1.5610096454620361 1.00390625
vt -1.5610096454620361 1.01171875
vt -1.5680902004241943 1.01171875
vt -1.5680902004241943 1.00390625
vt -1.5680902004241943 1.227783203125
vt -1.5610096454620361 1.224481463432312
vt -1.7326983213424683 0.8562940359115601
vt -1.739778757095337 0.859595775604248
vt 0.227783203125 1.01171875
vt -0.14040422439575195 1.01171875
vt -0.14040422439575195 1.00390625
vt 0.227783203125 1.00390625
vt -0.14370596408843994 1.01171875
vt 0.224481463432312 1.01171875
vt 0.224481463432312 1.00390625
vt -0.14370596408843994 1.00390625
vt -1.6760541200637817 1.01171875
vt -1.6760541200637817 1.00390625
vt -1.6831345558166504 1.00390625
vt -1.6831345558166504 1.01171875
vt -1.5043654441833496 1.00390625
vt -1.5043654441833496 1.01171875
vt -1.5114459991455078 1.01171875
vt -1.5114459991455078 1.00390625
vt -1.5114459991455078 1.2013695240020752
vt -1.5043654441833496 1.1980677843093872
vt -1.6760541200637817 0.8298803567886353
vt -1.6831345558166504 0.8331820964813232
vt 0.2013695240020752 1.01171875
vt -0.16681790351867676 1.01171875
vt -0.16681790351867676 1.00390625
vt 0.2013695240020752 1.00390625
vt -0.17011964321136475 1.01171875
vt 0.1980677843093872 1.01171875
vt 0.1980677843093872 1.00390625
vt -0.17011964321136475 1.00390625
vt -1.6194099187850952 1.01171875
vt -1.6194099187850952 1.00390625
vt -1.6264903545379639 1.00390625
vt -1.6264903545379639 1.01171875
vt -1.447721242904663 1.00390625
vt -1.447721242904663 1.01171875
vt -1.4548017978668213 1.01171875
vt -1.4548017978668213 1.00390625
vt -1.4548017978668213 1.1749558448791504
vt -1.447721242904663 1.1716541051864624
vt -1.6194099187850952 0.8034666776657104
vt -1.6264903545379639 0.8067684173583984
vt 0.1749558448791504 1.01171875
vt -0.19323158264160156 1.01171875
vt -0.19323158264160156 1.00390625
vt 0.1749558448791504 1.00390625
vt -0.19653332233428955 1.01171875
vt 0.1716541051864624 1.01171875
vt 0.1716541051864624 1.00390625
vt -0.19653332233428955 1.00390625
vt -1.5627655982971191 1.01171875
vt -1.5627655982971191 1.00390625
vt -1.5698460340499878 1.00390625
vt -1.5698460340499878 1.01171875
vt -1.391076922416687 1.00390625
vt -1.391076922416687 1.01171875
vt -1.3981574773788452 1.01171875
vt -1.3981574773788452 1.00390625
vt -1.3981574773788452 1.1485422849655151
vt -1.391076922416687 1.1452405452728271
vt -1.5627655982971191 0.7770531177520752
vt -1.5698460340499878 0.7803548574447632
vt 0.14854228496551514 1.01171875
vt -0.21964514255523682 1.01171875
vt -0.21964514255523682 1.00390625
vt 0.14854228496551514 1.00390625
vt -0.2229468822479248 1.01171875
vt 0.14524054527282715 1.01171875
vt 0.14524054527282715 1.00390625
vt -0.2229468822479248 1.00390625
vt -1.5061213970184326 1.01171875
vt -1.5061213970184326 1.00390625
vt -1.5132018327713013 1.00390625
vt -1.5132018327713013 1.01171875
vt -1.3344327211380005 1.00390625
vt -1.3344327211380005 1.01171875
vt -1.3415132761001587 1.01171875
vt -1.3415132761001587 1.00390625
vt -1.3415132761001587 1.1221286058425903
vt -1.3344327211380005 1.1188268661499023
vt -1.5061213970184326 0.7506394386291504
vt -1.5132018327713013 0.7539411783218384
vt 0.12212860584259033 1.01171875
vt -0.24605882167816162 1.01171875
vt -0.24605882167816162 1.00390625
vt 0.12212860584259033 1.00390625
vt -0.2493605613708496 1.01171875
vt 0.11882686614990234 1.01171875
vt 0.11882686614990234 1.00390625
vt -0.2493605613708496 1.00390625
vt -0.23661160469055176 1.0078125
vt -0.23661160469055176 1.00390625
vt -0.24369215965270996 1.00390625
vt -0.24369215965270996 1.0078125
vt -0.06492316722869873 1.00390625
vt -0.06492316722869873 1.0078125
vt -0.07200372219085693 1.0078125
vt -0.07200372219085693 1.00390625
vt -1.8587355613708496 0.9279962778091431
vt -1.8554338216781616 0.9350768327713013
vt -1.4872462749481201 0.7633883953094482
vt -1.490548014640808 0.75630784034729
vt -1.8587355613708496 1.0078125
vt -1.490548014640808 1.0078125
vt -1.490548014640808 1.00390625
vt -1.8587355613708496 1.00390625
vt -1.4872462749481201 1.0078125
vt -1.8554338216781616 1.0078125
vt -1.8554338216781616 1.00390625
vt -1.4872462749481201 1.00390625
vt -0.17996752262115479 1.0078125
vt -0.17996752262115479 1.00390625
vt -0.187048077583313 1.00390625
vt -0.187048077583313 1.0078125
vt -0.008278965950012207 1.00390625
vt -0.008278965950012207 1.0078125
vt -0.01535952091217041 1.0078125
vt -0.01535952091217041 1.00390625
vt -1.8323218822479248 0.9846404790878296
vt -1.8290201425552368 0.9917210340499878
vt -1.4608325958251953 0.8200324773788452
vt -1.4641343355178833 0.812951922416687
vt -1.8323218822479248 1.0078125
vt -1.4641343355178833 1.0078125
vt -1.4641343355178833 1.00390625
vt -1.8323218822479248 1.00390625
vt -1.4608325958251953 1.0078125
vt -1.8290201425552368 1.0078125
vt -1.8290201425552368 1.00390625
vt -1.4608325958251953 1.00390625
vt -0.12332320213317871 1.0078125
vt -0.12332320213317871 1.00390625
vt -0.13040375709533691 1.00390625
vt -0.13040375709533691 1.0078125
vt 0.04836535453796387 1.00390625
vt 0.04836535453796387 1.0078125
vt 0.041284799575805664 1.0078125
vt 0.041284799575805664 1.00390625
vt -1.8059083223342896 1.0412847995758057
vt -1.8026065826416016 1.0483653545379639
vt -1.43441903591156 0.8766767978668213
vt -1.437720775604248 0.8695962429046631
vt -1.8059083223342896 1.0078125
vt -1.437720775604248 1.0078125
vt -1.437720775604248 1.00390625
vt -1.8059083223342896 1.00390625
vt -1.43441903591156 1.0078125
vt -1.8026065826416016 1.0078125
vt -1.8026065826416016 1.00390625
vt -1.43441903591156 1.00390625
vt -0.06667891144752502 1.0078125
vt -0.06667891144752502 1.00390625
vt -0.07375934720039368 1.00390625
vt -0.07375934720039368 1.0078125
vt 0.105009526014328 1.00390625
vt 0.105009526014328 1.0078125
vt 0.09792909026145935 1.0078125
vt 0.09792909026145935 1.00390625
vt -1.7794946432113647 1.0979290902614594
vt -1.7761929035186768 1.105009526014328
vt -1.4080053567886353 0.933321088552475
vt -1.4113070964813232 0.9262406527996063
vt -1.7794946432113647 1.0078125
vt -1.4113070964813232 1.0078125
vt -1.4113070964813232 1.00390625
vt -1.7794946432113647 1.00390625
vt -1.4080053567886353 1.0078125
vt -1.7761929035186768 1.0078125
vt -1.7761929035186768 1.00390625
vt -1.4080053567886353 1.00390625
vt -0.010034918785095215 1.0078125
vt -0.010034918785095215 1.00390625
vt -0.017115354537963867 1.00390625
vt -0.017115354537963867 1.0078125
vt 0.1616535186767578 1.00390625
vt 0.1616535186767578 1.0078125
vt 0.15457308292388916 1.0078125
vt 0.15457308292388916 1.00390625
vt -1.7530810832977295 1.1545730829238892
vt -1.7497793436050415 1.1616535186767578
vt -1.381591796875 0.9899650812149048
vt -1.384893536567688 0.9828846454620361
vt -1.7530810832977295 1.0078125
vt -1.384893536567688 1.0078125
vt -1.384893536567688 1.00390625
vt -1.7530810832977295 1.00390625
vt -1.381591796875 1.0078125
vt -1.7497793436050415 1.0078125
vt -1.7497793436050415 1.00390625
vt -1.381591796875 1.00390625
vt 0.04660940170288086 1.0078125
vt 0.04660940170288086 1.00390625
vt 0.03952896595001221 1.00390625
vt 0.03952896595001221 1.0078125
vt 0.2182978391647339 1.00390625
vt 0.2182978391647339 1.0078125
vt 0.21121740341186523 1.0078125
vt 0.21121740341186523 1.00390625
vt -1.7266674041748047 1.2112174034118652
vt -1.7233656644821167 1.2182978391647339
vt -1.3551781177520752 1.0466094017028809
vt -1.3584798574447632 1.0395289659500122
vt -1.7266674041748047 1.0078125
vt -1.3584798574447632 1.0078125
vt -1.3584798574447632 1.00390625
vt -1.7266674041748047 1.00390625
vt -1.3551781177520752 1.0078125
vt -1.7233656644821167 1.0078125
vt -1.7233656644821167 1.00390625
vt -1.3551781177520752 1.00390625
vt 0.10325360298156738 1.0078125
vt 0.10325360298156738 1.00390625
vt 0.09617316722869873 1.00390625
vt 0.09617316722869873 1.0078125
vt 0.2749420404434204 1.00390625
vt 0.2749420404434204 1.0078125
vt 0.26786160469055176 1.0078125
vt 0.26786160469055176 1.00390625
vt -1.7002537250518799 1.2678616046905518
vt -1.696951985359192 1.2749420404434204
vt -1.3287644386291504 1.1032536029815674
vt -1.3320661783218384 1.0961731672286987
vt -1.7002537250518799 1.0078125
vt -1.3320661783218384 1.0078125
vt -1.3320661783218384 1.00390625
vt -1.7002537250518799 1.00390625
vt -1.3287644386291504 1.0078125
vt -1.696951985359192 1.0078125
vt -1.696951985359192 1.00390625
vt -1.3287644386291504 1.00390625
vt -0.20828962326049805 1.0078125
vt -0.20828962326049805 1.00390625
vt -0.21537017822265625 1.00390625
vt -0.21537017822265625 1.0078125
vt -0.03660106658935547 1.00390625
vt -0.03660106658935547 1.0078125
vt -0.04368162155151367 1.0078125
vt -0.04368162155151367 1.00390625
vt -1.8455287218093872 0.9563183784484863
vt -1.8422269821166992 0.9633989334106445
vt -1.4740394353866577 0.791710376739502
vt -1.4773411750793457 0.7846298217773438
vt -1.8455287218093872 1.0078125
vt -1.4773411750793457 1.0078125
vt -1.4773411750793457 1.00390625
vt -1.8455287218093872 1.00390625
vt -1.4740394353866577 1.0078125
vt -1.8422269821166992 1.0078125
vt -1.8422269821166992 1.00390625
vt -1.4740394353866577 1.00390625
vt -0.15164530277252197 1.0078125
vt -0.15164530277252197 1.00390625
vt -0.15872585773468018 1.00390625
vt -0.15872585773468018 1.0078125
vt 0.020043253898620605 1.00390625
vt 0.020043253898620605 1.0078125
vt 0.012962698936462402 1.0078125
vt 0.012962698936462402 1.00390625
vt -1.819115161895752 1.0129626989364624
vt -1.815813422203064 1.0200432538986206
vt -1.4476258754730225 0.848354697227478
vt -1.4509276151657104 0.8412741422653198
vt -1.819115161895752 1.0078125
vt -1.4509276151657104 1.0078125
vt -1.4509276151657104 1.00390625
vt -1.819115161895752 1.00390625
vt -1.4476258754730225 1.0078125
vt -1.815813422203064 1.0078125
vt -1.815813422203064 1.00390625
vt -1.4476258754730225 1.00390625
vt -0.09500110149383545 1.0078125
vt -0.09500110149383545 1.00390625
vt -0.10208165645599365 1.00390625
vt -0.10208165645599365 1.0078125
vt 0.07668745517730713 1.00390625
vt 0.07668745517730713 1.0078125
vt 0.06960690021514893 1.0078125
vt 0.06960690021514893 1.00390625
vt -1.7927014827728271 1.069606900215149
vt -1.7893997430801392 1.0766874551773071
vt -1.4212121963500977 0.9049988985061646
vt -1.4245139360427856 0.8979183435440063
vt -1.7927014827728271 1.0078125
vt -1.4245139360427856 1.0078125
vt -1.4245139360427856 1.00390625
vt -1.7927014827728271 1.00390625
vt -1.4212121963500977 1.0078125
vt -1.7893997430801392 1.0078125
vt -1.7893997430801392 1.00390625
vt -1.4212121963500977 1.00390625
vt -0.038356781005859375 1.0078125
vt -0.038356781005859375 1.00390625
vt -0.04543721675872803 1.00390625
vt -0.04543721675872803 1.0078125
vt 0.13333165645599365 1.00390625
vt 0.13333165645599365 1.0078125
vt 0.126251220703125 1.0078125
vt 0.126251220703125 1.00390625
vt -1.7662878036499023 1.126251220703125
vt -1.7629860639572144 1.1333316564559937
vt -1.3947985172271729 0.9616432189941406
vt -1.3981002569198608 0.954562783241272
vt -1.7662878036499023 1.0078125
vt -1.3981002569198608 1.0078125
vt -1.3981002569198608 1.00390625
vt -1.7662878036499023 1.00390625
vt -1.3947985172271729 1.0078125
vt -1.7629860639572144 1.0078125
vt -1.7629860639572144 1.00390625
vt -1.3947985172271729 1.00390625
vt 0.018287181854248047 1.0078125
vt 0.018287181854248047 1.00390625
vt 0.011206746101379395 1.00390625
vt 0.011206746101379395 1.0078125
vt 0.18997561931610107 1.00390625
vt 0.18997561931610107 1.0078125
vt 0.18289518356323242 1.0078125
vt 0.18289518356323242 1.00390625
vt -1.739874243736267 1.1828951835632324
vt -1.736572504043579 1.189975619316101
vt -1.3683849573135376 1.018287181854248
vt -1.3716866970062256 1.0112067461013794
vt -1.739874243736267 1.0078125
vt -1.3716866970062256 1.0078125
vt -1.3716866970062256 1.00390625
vt -1.739874243736267 1.00390625
vt -1.3683849573135376 1.0078125
vt -1.736572504043579 1.0078125
vt -1.736572504043579 1.00390625
vt -1.3683849573135376 1.00390625
vt 0.07493150234222412 1.0078125
vt 0.07493150234222412 1.00390625
vt 0.06785106658935547 1.00390625
vt 0.06785106658935547 1.0078125
vt 0.24661993980407715 1.00390625
vt 0.24661993980407715 1.0078125
vt 0.2395395040512085 1.0078125
vt 0.2395395040512085 1.00390625
vt -1.7134605646133423 1.2395395040512085
vt -1.7101588249206543 1.2466199398040771
vt -1.3419712781906128 1.0749315023422241
vt -1.3452730178833008 1.0678510665893555
vt -1.7134605646133423 1.0078125
vt -1.3452730178833008 1.0078125
vt -1.3452730178833008 1.00390625
vt -1.7134605646133423 1.00390625
vt -1.3419712781906128 1.0078125
vt -1.7101588249206543 1.0078125
vt -1.7101588249206543 1.00390625
vt -1.3419712781906128 1.00390625
vt -3.3991141319274902 1.0
vt -2.6060948371887207 1.0
vt -2.6060948371887207 1.03125
vt -3.3991141319274902 1.03125
vt -2.6193017959594727 1.2145419120788574
vt -2.6060948371887207 1.2428641319274902
vt -3.3991141319274902 1.6126551628112793
vt -3.412321090698242 1.5843329429626465
vt -3.412321090698242 1.5843329429626465
vt -3.3991141319274902 1.6126551628112793
vt -2.6060948371887207 1.2428641319274902
vt -2.6193017959594727 1.2145419120788574
vt 0.24286413192749023 1.03125
vt 0.24286413192749023 1.0
vt 0.21454191207885742 1.0
vt 0.21454191207885742 1.03125
vt 0.5843329429626465 1.03125
vt 0.5843329429626465 1.0
vt 0.6126551628112793 1.0
vt 0.6126551628112793 1.03125
vt -3.412321090698242 1.0
vt -3.412321090698242 1.03125
vt -2.6193017959594727 1.03125
vt -2.6193017959594727 1.0
vt -2.9758858680725098 1.03125
vt -2.9758858680725098 1.0
vt -3.7689051628112793 1.0
vt -3.7689051628112793 1.03125
vt -3.7689051628112793 0.8196358680725098
vt -2.9758858680725098 0.4498448371887207
vt -2.962678909301758 0.4781670570373535
vt -3.7556982040405273 0.8479580879211426
vt -2.9758858680725098 0.4498448371887207
vt -3.7689051628112793 0.8196358680725098
vt -3.7556982040405273 0.8479580879211426
vt -2.962678909301758 0.4781670570373535
vt -0.5218329429626465 1.0
vt -0.5501551628112793 1.0
vt -0.5501551628112793 1.03125
vt -0.5218329429626465 1.03125
vt -0.18036413192749023 1.03125
vt -0.18036413192749023 1.0
vt -0.15204191207885742 1.0
vt -0.15204191207885742 1.03125
vt -2.962678909301758 1.0
vt -2.962678909301758 1.03125
vt -3.7556982040405273 1.03125
vt -3.7556982040405273 1.0
vt -2.962679147720337 0.4781670570373535
vt -2.6193017959594727 1.2145421504974365
vt -2.6476240158081055 1.2277488708496094
vt -2.9910011291503906 0.49137377738952637
vt -2.6476240158081055 1.2277488708496094
vt -2.6193017959594727 1.2145421504974365
vt -2.962679147720337 0.4781670570373535
vt -2.9910011291503906 0.49137377738952637
vt 0.21454215049743652 1.0
vt -0.5218329429626465 1.0
vt -0.5218329429626465 1.03125
vt 0.21454215049743652 1.03125
vt -2.6476240158081055 1.03125
vt -2.6476240158081055 1.0
vt -2.6193017959594727 1.0
vt -2.6193017959594727 1.03125
vt -2.9910011291503906 1.03125
vt -2.962679147720337 1.03125
vt -2.962679147720337 1.0
vt -2.9910011291503906 1.0
vt 0.22774887084960938 1.0
vt 0.22774887084960938 1.03125
vt -0.5086262226104736 1.03125
vt -0.5086262226104736 1.0
vt -3.412320852279663 1.5843329429626465
vt -3.7556982040405273 0.8479578495025635
vt -3.7273762226104736 0.8347511291503906
vt -3.3839988708496094 1.5711262226104736
vt -3.7556982040405273 0.8479578495025635
vt -3.412320852279663 1.5843329429626465
vt -3.3839988708496094 1.5711262226104736
vt -3.7273762226104736 0.8347511291503906
vt 0.5843329429626465 1.03125
vt -0.15204215049743652 1.03125
vt -0.15204215049743652 1.0
vt 0.5843329429626465 1.0
vt -3.412320852279663 1.03125
vt -3.412320852279663 1.0
vt -3.3839988708496094 1.0
vt -3.3839988708496094 1.03125
vt -3.7556982040405273 1.0
vt -3.7556982040405273 1.03125
vt -3.7273762226104736 1.03125
vt -3.7273762226104736 1.0
vt -0.16524887084960938 1.0
vt -0.16524887084960938 1.03125
vt 0.5711262226104736 1.03125
vt 0.5711262226104736 1.0
vt -2.75 2.46875
vt -3.625 2.46875
vt -3.625 3.46875
vt -2.75 3.46875
vt -3.625 0.59375
vt -3.625 0.5625
vt -2.75 0.5625
vt -2.75 0.59375
vt -2.75 0.59375
vt -2.75 0.5625
vt -3.625 0.5625
vt -3.625 0.59375
vt -0.4375 3.46875
vt -0.4375 2.46875
vt -0.40625 2.46875
vt -0.40625 3.46875
vt -0.40625 3.46875
vt -0.40625 2.46875
vt -0.4375 2.46875
vt -0.4375 3.46875
vt -2.75 2.46875
vt -2.75 3.46875
vt -3.625 3.46875
vt -3.625 2.46875
vt -3.625 3.46875
vt -3.625 2.46875
vt -2.75 2.46875
vt -2.75 3.46875
vt -2.75 1.4375
vt -3.625 1.4375
vt -3.625 1.40625
vt -2.75 1.40625
vt -3.625 1.4375
vt -2.75 1.4375
vt -2.75 1.40625
vt -3.625 1.40625
vt 0.40625 2.46875
vt 0.4375 2.46875
vt 0.4375 3.46875
vt 0.40625 3.46875
vt 0.4375 3.46875
vt 0.4375 2.46875
vt 0.40625 2.46875
vt 0.40625 3.46875
vt -3.625 2.46875
vt -3.625 3.46875
vt -2.75 3.46875
vt -2.75 2.46875
vt -3.625 1.40625
vt -3.625 0.59375
vt -3.59375 0.59375
vt -3.59375 1.40625
vt -3.59375 0.59375
vt -3.625 0.59375
vt -3.625 1.40625
vt -3.59375 1.40625
vt -0.40625 2.46875
vt 0.40625 2.46875
vt 0.40625 3.46875
vt -0.40625 3.46875
vt -3.59375 3.46875
vt -3.59375 2.46875
vt -3.625 2.46875
vt -3.625 3.46875
vt -3.59375 3.46875
vt -3.625 3.46875
vt -3.625 2.46875
vt -3.59375 2.46875
vt -0.40625 2.46875
vt -0.40625 3.46875
vt 0.40625 3.46875
vt 0.40625 2.46875
vt -2.75 0.59375
vt -2.75 1.40625
vt -2.78125 1.40625
vt -2.78125 0.59375
vt -2.75 1.40625
vt -2.75 0.59375
vt -2.78125 0.59375
vt -2.78125 1.40625
vt -0.40625 2.59375
vt 0.40625 2.59375
vt 0.40625 2.46875
vt -0.40625 2.46875
vt -2.75 2.59375
vt -2.75 2.46875
vt -2.78125 2.46875
vt -2.78125 2.59375
vt -2.75 2.46875
vt -2.75 2.59375
vt -2.78125 2.59375
vt -2.78125 2.46875
vt 0.40625 2.46875
vt 0.40625 2.59375
vt -0.40625 2.59375
vt -0.40625 2.46875
vt -1.875 0.59375
vt -1.875 1.40625
vt -3.625 1.40625
vt -3.625 0.59375
vt -1.875 1.40625
vt -1.875 0.59375
vt -3.625 0.59375
vt -3.625 1.40625
vt -0.40625 3.5
vt 0.40625 3.5
vt 0.40625 3.46875
vt -0.40625 3.46875
vt -1.875 3.5
vt -1.875 3.46875
vt -3.625 3.46875
vt -3.625 3.5
vt -1.875 3.46875
vt -1.875 3.5
vt -3.625 3.5
vt -3.625 3.46875
vt 0.40625 3.46875
vt 0.40625 3.5
vt -0.40625 3.5
vt -0.40625 3.46875
vt -2.75 3.46875
vt -2.75 2.5625
vt -1.875 2.5625
vt -1.875 3.46875
vt -1.875 1.4375
vt -2.75 1.4375
vt -2.75 1.40625
vt -1.875 1.40625
vt -2.75 1.4375
vt -1.875 1.4375
vt -1.875 1.40625
vt -2.75 1.40625
vt 0.40625 2.5625
vt 0.4375 2.5625
vt 0.4375 3.46875
vt 0.40625 3.46875
vt 0.4375 3.46875
vt 0.4375 2.5625
vt 0.40625 2.5625
vt 0.40625 3.46875
vt -2.75 2.5625
vt -2.75 3.46875
vt -1.875 3.46875
vt -1.875 2.5625
vt -2.75 3.46875
vt -2.75 2.5625
vt -1.875 2.5625
vt -1.875 3.46875
vt -1.875 0.59375
vt -2.75 0.59375
vt -2.75 0.5625
vt -1.875 0.5625
vt -2.75 0.59375
vt -1.875 0.59375
vt -1.875 0.5625
vt -2.75 0.5625
vt -0.4375 2.5625
vt -0.40625 2.5625
vt -0.40625 3.46875
vt -0.4375 3.46875
vt -0.40625 3.46875
vt -0.40625 2.5625
vt -0.4375 2.5625
vt -0.4375 3.46875
vt -2.75 2.5625
vt -2.75 3.46875
vt -1.875 3.46875
vt -1.875 2.5625
vt -0.8125 2.5
vt -0.8125 1.0
vt -0.875 1.0
vt -0.875 2.5
vt 0.875 2.5
vt 0.875 1.0
vt 0.8125 1.0
vt 0.8125 2.5
vt 0.8125 2.5
vt 0.8125 1.0
vt 0.875 1.0
vt 0.875 2.5
vt -0.875 2.5
vt -0.875 1.0
vt -0.8125 1.0
vt -0.8125 2.5
vt 0.0 2.067708373069763
vt 0.0 2.015625
vt -0.5 2.015625
vt -0.5 2.067708373069763
vt 0.0 2.015625
vt 0.0 2.067708373069763
vt -0.5 2.067708373069763
vt -0.5 2.015625
vt 0.0 3.421874761581421
vt -0.5 3.421874761581421
vt -0.5 3.0052082538604736
vt 0.0 3.0052082538604736
vt -0.5 3.421874761581421
vt 0.0 3.421874761581421
vt 0.0 3.0052082538604736
vt -0.5 3.0052082538604736
vt 1.9492186307907104 -1.9865896701812744
vt 1.9492186307907104 -1.5928888320922852
vt 1.8867186307907104 -1.5928888320922852
vt 1.8867186307907104 -1.9865896701812744
vt 2.62890625 -1.589813232421875
vt 2.62890625 -1.9835140705108643
vt 2.56640625 -1.9835140705108643
vt 2.56640625 -1.589813232421875
vt 0.0 2.067708373069763
vt 0.0 2.015625
vt -0.5 2.015625
vt -0.5 2.067708373069763
vt 0.0 2.015625
vt 0.0 2.067708373069763
vt -0.5 2.067708373069763
vt -0.5 2.015625
vt 0.0 3.421874761581421
vt -0.5 3.421874761581421
vt -0.5 3.0052082538604736
vt 0.0 3.0052082538604736
vt 1.9492186307907104 -1.9865896701812744
vt 1.9492186307907104 -1.5928888320922852
vt 1.8867186307907104 -1.5928888320922852
vt 1.8867186307907104 -1.9865896701812744
vt 2.62890625 -1.589813232421875
vt 2.62890625 -1.9835140705108643
vt 2.56640625 -1.9835140705108643
vt 2.56640625 -1.589813232421875
vt -3.4648995399475098 0.7475228309631348
vt -3.4831161499023438 0.7475228309631348
vt -3.4831161499023438 0.8618520498275757
vt -3.4648995399475098 0.8618520498275757
vt -3.325913429260254 0.752286434173584
vt -3.30769681930542 0.752286434173584
vt -3.30769681930542 0.8666156530380249
vt -3.325913429260254 0.8666156530380249
vt -1.1480578184127808 0.7475229501724243
vt -1.1480578184127808 0.8618521690368652
vt -1.338606595993042 0.8618521690368652
vt -1.338606595993042 0.7475229501724243
vt -1.1480578184127808 0.8618521690368652
vt -1.1480578184127808 0.7475229501724243
vt -1.338606595993042 0.7475229501724243
vt -1.338606595993042 0.8618521690368652
vt 0.15097463130950928 -2.8778793811798096
vt 0.15097463130950928 -2.687330722808838
vt 0.1327577829360962 -2.687330722808838
vt 0.1327577829360962 -2.8778793811798096
vt 0.15097463130950928 -2.687330722808838
vt 0.15097463130950928 -2.8778793811798096
vt 0.1327577829360962 -2.8778793811798096
vt 0.1327577829360962 -2.687330722808838
vt 1.128373384475708 0.7473140358924866
vt 1.110156536102295 0.7473140358924866
vt 1.110156536102295 0.8616432845592499
vt 1.128373384475708 0.8616432845592499
vt 1.110156536102295 0.7473140358924866
vt 1.128373384475708 0.7473140358924866
vt 1.128373384475708 0.8616432845592499
vt 1.110156536102295 0.8616432845592499
vt 0.847942054271698 0.7473140358924866
vt 0.847942054271698 0.8616432994604111
vt 0.6573932766914368 0.8616433143615723
vt 0.6573932766914368 0.7473140358924866
vt 0.847942054271698 0.8616432994604111
vt 0.847942054271698 0.7473140358924866
vt 0.6573932766914368 0.7473140358924866
vt 0.6573932766914368 0.8616433143615723
vt 1.128373384475708 -0.7435214519500732
vt 1.128373384475708 -0.552972674369812
vt 1.110156536102295 -0.552972674369812
vt 1.1101562976837158 -0.7435214519500732
vt 1.128373384475708 -0.552972674369812
vt 1.128373384475708 -0.7435214519500732
vt 1.1101562976837158 -0.7435214519500732
vt 1.110156536102295 -0.552972674369812
vt 1.447542667388916 0.7473140358924866
vt 1.4293256998062134 0.7473140358924866
vt 1.4293256998062134 0.8616432845592499
vt 1.447542667388916 0.8616432845592499
vt 1.4293256998062134 0.7473140358924866
vt 1.447542667388916 0.7473140358924866
vt 1.447542667388916 0.8616432845592499
vt 1.4293256998062134 0.8616432845592499
vt -1.6530107259750366 0.7473141551017761
vt -1.6530107259750366 0.8616434335708618
vt -1.8435595035552979 0.8616434335708618
vt -1.8435595035552979 0.7473141551017761
vt -1.6530107259750366 0.8616434335708618
vt -1.6530107259750366 0.7473141551017761
vt -1.8435595035552979 0.7473141551017761
vt -1.8435595035552979 0.8616434335708618
vt 1.447542667388916 2.0766005516052246
vt 1.4475427865982056 2.267149329185486
vt 1.429325819015503 2.267149329185486
vt 1.4293256998062134 2.0766005516052246
vt 1.4475427865982056 2.267149329185486
vt 1.447542667388916 2.0766005516052246
vt 1.4293256998062134 2.0766005516052246
vt 1.429325819015503 2.267149329185486
vt 12.605032920837402 9.52116584777832
vt 12.583499908447266 9.52116584777832
vt 12.583499908447266 10.294112205505371
vt 12.605032920837402 10.294112205505371
vt 12.583499908447266 9.52116584777832
vt 12.605032920837402 9.52116584777832
vt 12.605032920837402 10.294112205505371
vt 12.583499908447266 10.294112205505371
vt 8.979328155517578 1.9903382658958435
vt 10.012920379638672 1.9903382658958435
vt 10.012920379638672 3.0209341049194336
vt 8.979328155517578 3.0209341049194336
vt 20.328163146972656 2.427885413169861
vt 19.294570922851562 2.427885413169861
vt 19.294570922851562 3.4584813117980957
vt 20.328163146972656 3.4584813117980957
vt 4.326793670654297 3.3087732791900635
vt 4.326793670654297 4.339369297027588
vt 4.30526065826416 4.339369297027588
vt 4.30526065826416 3.3087732791900635
vt 4.326793670654297 4.339369297027588
vt 4.326793670654297 3.3087732791900635
vt 4.30526065826416 3.3087732791900635
vt 4.30526065826416 4.339369297027588
vt 2.034883737564087 6.2576494216918945
vt 2.01335072517395 6.2576494216918945
vt 2.01335072517395 7.0305962562561035
vt 2.034883737564087 7.0305962562561035
vt 2.01335072517395 6.2576494216918945
vt 2.034883737564087 6.2576494216918945
vt 2.034883737564087 7.0305962562561035
vt 2.01335072517395 7.0305962562561035
vt 5.986218452453613 1.998389720916748
vt 7.019810676574707 1.998389720916748
vt 7.019810676574707 3.0289855003356934
vt 5.986218452453613 3.0289855003356934
vt 7.019810676574707 1.998389720916748
vt 5.986218452453613 1.998389720916748
vt 5.986218452453613 3.0289855003356934
vt 7.019810676574707 3.0289855003356934
vt 2.034883737564087 1.998389720916748
vt 2.034883737564087 3.0289855003356934
vt 2.01335072517395 3.0289855003356934
vt 2.01335072517395 1.998389720916748
vt 2.034883737564087 3.0289855003356934
vt 2.034883737564087 1.998389720916748
vt 2.01335072517395 1.998389720916748
vt 2.01335072517395 3.0289855003356934
vt 12.605032920837402 9.521163940429688
vt 12.583499908447266 9.521163940429688
vt 12.583499908447266 10.294111251831055
vt 12.605032920837402 10.294111251831055
vt 12.583499908447266 9.521163940429688
vt 12.605032920837402 9.521163940429688
vt 12.605032920837402 10.294111251831055
vt 12.583499908447266 10.294111251831055
vt 8.979326248168945 1.9903382658958435
vt 10.012918472290039 1.9903382658958435
vt 10.012918472290039 3.0209341049194336
vt 8.979326248168945 3.0209341049194336
vt 20.328163146972656 2.427885413169861
vt 19.294570922851562 2.427885413169861
vt 19.294570922851562 3.4584813117980957
vt 20.328163146972656 3.4584813117980957
vt 4.326793670654297 3.3087732791900635
vt 4.326793670654297 4.339369297027588
vt 4.30526065826416 4.339369297027588
vt 4.30526065826416 3.3087732791900635
vt 4.326793670654297 4.339369297027588
vt 4.326793670654297 3.3087732791900635
vt 4.30526065826416 3.3087732791900635
vt 4.30526065826416 4.339369297027588
vt 2.034883737564087 6.257648944854736
vt 2.01335072517395 6.257648944854736
vt 2.01335072517395 7.030595779418945
vt 2.034883737564087 7.030595779418945
vt 2.01335072517395 6.257648944854736
vt 2.034883737564087 6.257648944854736
vt 2.034883737564087 7.030595779418945
vt 2.01335072517395 7.030595779418945
vt 5.98621940612793 1.998389720916748
vt 7.019811630249023 1.998389720916748
vt 7.019811630249023 3.0289855003356934
vt 5.98621940612793 3.0289855003356934
vt 7.019811630249023 1.998389720916748
vt 5.98621940612793 1.998389720916748
vt 5.98621940612793 3.0289855003356934
vt 7.019811630249023 3.0289855003356934
vt 2.034883737564087 1.998389720916748
vt 2.034883737564087 3.0289855003356934
vt 2.01335072517395 3.0289855003356934
vt 2.01335072517395 1.998389720916748
vt 2.034883737564087 3.0289855003356934
vt 2.034883737564087 1.998389720916748
vt 2.01335072517395 1.998389720916748
vt 2.01335072517395 3.0289855003356934
vt -3.554687261581421 2.7361111640930176
vt -3.554687261581421 2.614583373069763
vt -3.5633678436279297 2.614583373069763
vt -3.5633678436279297 2.7361111640930176
vt -3.554687261581421 2.614583373069763
vt -3.554687261581421 2.7361111640930176
vt -3.5633678436279297 2.7361111640930176
vt -3.5633678436279297 2.614583373069763
vt -1.3888890743255615 3.547743082046509
vt -1.3888890743255615 3.5564236640930176
vt -1.0069445371627808 3.5564236640930176
vt -1.0069445371627808 3.547743082046509
vt -1.3888890743255615 3.5564236640930176
vt -1.3888890743255615 3.547743082046509
vt -1.0069445371627808 3.547743082046509
vt -1.0069445371627808 3.5564236640930176
vt 1.3888890743255615 2.7361111640930176
vt 1.0069445371627808 2.7361111640930176
vt 1.0069445371627808 2.614583373069763
vt 1.3888890743255615 2.614583373069763
vt 1.0069445371627808 2.7361111640930176
vt 1.3888890743255615 2.7361111640930176
vt 1.3888890743255615 2.614583373069763
vt 1.0069445371627808 2.614583373069763
vt -10.043403625488281 1.4817708730697632
vt -10.043403625488281 1.3602430820465088
vt -10.034722328186035 1.3602430820465088
vt -10.034722328186035 1.4817708730697632
vt -10.043403625488281 1.3602430820465088
vt -10.043403625488281 1.4817708730697632
vt -10.034722328186035 1.4817708730697632
vt -10.034722328186035 1.3602430820465088
vt -2.9774293899536133 11.51649284362793
vt -2.9774293899536133 11.5078125
vt -3.3593740463256836 11.5078125
vt -3.3593740463256836 11.51649284362793
vt 1.5277788639068604 15.48350715637207
vt 1.5277788639068604 15.4921875
vt 1.1458344459533691 15.4921875
vt 1.1458344459533691 15.48350715637207
vt 1.0069445371627808 2.7361111640930176
vt 1.388888955116272 2.7361111640930176
vt 1.388888955116272 2.614583373069763
vt 1.0069445371627808 2.614583373069763
vt -0.004340648651123047 2.7361111640930176
vt -0.3862851560115814 2.7361111640930176
vt -0.3862851560115814 2.614583373069763
vt -0.004340648651123047 2.614583373069763

g RoomMesh_Geometry
f 1/1 2/2 3/3
f 4/4 2/2 1/1
f 5/5 2/2 4/4
f 6/6 2/2 5/5
f 7/7 2/2 6/6
f 8/8 2/2 7/7
f 9/9 2/2 8/8
f 10/10 3/3 2/2
f 11/11 10/10 2/2
f 12/12 11/11 2/2
f 13/13 12/12 2/2
f 14/14 13/13 2/2
f 15/15 14/14 2/2
f 9/9 15/15 2/2
f 16/16 17/17 18/18
f 16/16 19/19 17/17
f 20/20 21/21 22/22
f 20/20 23/23 21/21
f 24/24 22/22 25/25
f 24/24 20/20 22/22
f 26/26 25/25 27/27
f 26/26 24/24 25/25
f 28/28 27/27 29/29
f 28/28 26/26 27/27
f 30/30 31/31 32/32
f 30/30 33/33 31/31
f 32/32 34/34 35/35
f 32/32 31/31 34/34
f 35/35 36/36 37/37
f 35/35 34/34 36/36
f 37/37 28/28 29/29
f 37/37 36/36 28/28
f 23/23 38/38 21/21
f 23/23 39/39 38/38
f 40/40 33/33 30/30
f 40/40 41/41 33/33
f 42/42 43/43 44/44
f 42/42 45/45 43/43
f 46/46 47/47 48/48
f 46/46 49/49 47/47
f 50/50 48/48 42/42
f 50/50 46/46 48/48
f 51/51 42/42 44/44
f 51/51 50/50 42/42
f 44/44 52/52 53/53
f 44/44 43/43 52/52
f 54/54 44/44 53/53
f 54/54 51/51 44/44
f 55/55 53/53 56/56
f 55/55 54/54 53/53
f 57/57 56/56 58/58
f 57/57 55/55 56/56
f 58/58 59/59 60/60
f 58/58 61/61 59/59
f 62/62 63/63 64/64
f 62/62 65/65 63/63
f 65/65 60/60 63/63
f 65/65 66/66 60/60
f 66/66 58/58 60/60
f 66/66 57/57 58/58
f 67/67 68/68 69/69
f 67/67 70/70 68/68
f 71/71 70/70 67/67
f 71/71 72/72 70/70
f 72/72 73/73 70/70
f 72/72 74/74 73/73
f 74/74 75/75 73/73
f 74/74 76/76 75/75
f 77/77 64/64 78/78
f 77/77 79/79 64/64
f 76/76 79/79 75/75
f 76/76 80/80 79/79
f 80/80 64/64 79/79
f 80/80 62/62 64/64
f 81/81 82/82 83/83
f 81/81 84/84 82/82
f 85/85 86/86 87/87
f 85/85 88/88 86/86
f 87/87 89/89 90/90
f 87/87 86/86 89/89
f 91/91 92/92 93/93
f 91/91 94/94 92/92
f 90/90 94/94 91/91
f 90/90 89/89 94/94
f 95/95 96/96 97/97
f 95/95 98/98 96/96
f 98/98 99/99 96/96
f 98/98 100/100 99/99
f 98/98 101/101 100/100
f 101/101 102/102 100/100
f 101/101 103/103 102/102
f 101/101 104/104 103/103
f 104/104 105/105 103/103
f 106/106 97/97 96/96
f 106/106 107/107 97/97
f 108/108 96/96 99/99
f 108/108 106/106 96/96
f 109/109 99/99 100/100
f 109/109 108/108 99/99
f 110/110 100/100 102/102
f 110/110 109/109 100/100
f 111/111 102/102 103/103
f 111/111 110/110 102/102
f 112/112 103/103 105/105
f 112/112 111/111 103/103
f 113/113 114/114 115/115
f 113/113 116/116 114/114
f 116/116 117/117 114/114
f 116/116 118/118 117/117
f 116/116 119/119 118/118
f 119/119 120/120 118/118
f 119/119 121/121 120/120
f 119/119 122/122 121/121
f 122/122 123/123 121/121
f 124/124 115/115 114/114
f 124/124 125/125 115/115
f 126/126 114/114 117/117
f 126/126 124/124 114/114
f 127/127 117/117 118/118
f 127/127 126/126 117/117
f 128/128 118/118 120/120
f 128/128 127/127 118/118
f 129/129 120/120 121/121
f 129/129 128/128 120/120
f 130/130 121/121 123/123
f 130/130 129/129 121/121
f 131/131 132/132 133/133
f 131/131 134/134 132/132
f 135/135 133/133 136/136
f 135/135 131/131 133/133
f 137/137 136/136 138/138
f 137/137 135/135 136/136
f 139/139 138/138 140/140
f 139/139 137/137 138/138
f 141/141 140/140 142/142
f 141/141 139/139 140/140
f 143/143 142/142 125/125
f 143/143 141/141 142/142
f 144/144 125/125 124/124
f 144/144 143/143 125/125
f 145/145 124/124 126/126
f 145/145 144/144 124/124
f 146/146 126/126 127/127
f 146/146 145/145 126/126
f 147/147 127/127 128/128
f 147/147 146/146 127/127
f 148/148 128/128 129/129
f 148/148 147/147 128/128
f 134/134 129/129 132/132
f 134/134 148/148 129/129
f 149/149 134/134 131/131
f 149/149 131/131 135/135
f 149/149 135/135 137/137
f 149/149 137/137 139/139
f 149/149 139/139 141/141
f 149/149 141/141 143/143
f 149/149 143/143 144/144
f 149/149 144/144 145/145
f 149/149 145/145 146/146
f 149/149 146/146 147/147
f 149/149 147/147 148/148
f 149/149 148/148 134/134
f 45/45 42/42 48/48
f 45/45 47/47 150/150
f 45/45 48/48 47/47
f 56/56 61/61 58/58
f 56/56 151/151 61/61
f 63/63 78/78 64/64
f 63/63 152/152 78/78
f 75/75 77/77 153/153
f 75/75 79/79 77/77
f 153/153 73/73 75/75
f 153/153 68/68 73/73
f 68/68 70/70 73/73
f 154/154 155/155 156/156
f 154/154 157/157 155/155
f 157/157 158/158 155/155
f 157/157 159/159 158/158
f 159/159 19/19 158/158
f 159/159 17/17 19/19
f 60/60 152/152 63/63
f 60/60 59/59 152/152
f 78/78 152/152 59/59
f 53/53 151/151 56/56
f 53/53 52/52 151/151
f 61/61 151/151 52/52
f 160/160 161/161 162/162
f 163/163 161/161 160/160
f 164/164 161/161 163/163
f 165/165 161/161 164/164
f 166/166 161/161 165/165
f 167/167 161/161 166/166
f 168/168 161/161 167/167
f 169/169 162/162 161/161
f 170/170 169/169 161/161
f 171/171 170/170 161/161
f 172/172 171/171 161/161
f 173/173 172/172 161/161
f 174/174 173/173 161/161
f 168/168 174/174 161/161
f 175/175 176/176 177/177
f 175/175 178/178 176/176
f 179/179 180/180 181/181
f 179/179 182/182 180/180
f 183/183 181/181 184/184
f 183/183 179/179 181/181
f 185/185 184/184 186/186
f 185/185 183/183 184/184
f 187/187 186/186 188/188
f 187/187 185/185 186/186
f 189/189 190/190 191/191
f 189/189 192/192 190/190
f 191/191 193/193 194/194
f 191/191 190/190 193/193
f 194/194 195/195 196/196
f 194/194 193/193 195/195
f 196/196 187/187 188/188
f 196/196 195/195 187/187
f 182/182 197/197 180/180
f 182/182 198/198 197/197
f 199/199 192/192 189/189
f 199/199 200/200 192/192
f 201/201 202/202 203/203
f 201/201 204/204 202/202
f 205/205 206/206 207/207
f 205/205 208/208 206/206
f 209/209 207/207 201/201
f 209/209 205/205 207/207
f 210/210 201/201 203/203
f 210/210 209/209 201/201
f 203/203 211/211 212/212
f 203/203 202/202 211/211
f 213/213 203/203 212/212
f 213/213 210/210 203/203
f 214/214 212/212 215/215
f 214/214 213/213 212/212
f 216/216 215/215 217/217
f 216/216 214/214 215/215
f 217/217 218/218 219/219
f 217/217 220/220 218/218
f 221/221 222/222 223/223
f 221/221 224/224 222/222
f 224/224 219/219 222/222
f 224/224 225/225 219/219
f 225/225 217/217 219/219
f 225/225 216/216 217/217
f 226/226 227/227 228/228
f 226/226 229/229 227/227
f 230/230 229/229 226/226
f 230/230 231/231 229/229
f 231/231 232/232 229/229
f 231/231 233/233 232/232
f 233/233 234/234 232/232
f 233/233 235/235 234/234
f 236/236 223/223 237/237
f 236/236 238/238 223/223
f 235/235 238/238 234/234
f 235/235 239/239 238/238
f 239/239 223/223 238/238
f 239/239 221/221 223/223
f 240/240 241/241 242/242
f 240/240 243/243 241/241
f 244/244 245/245 246/246
f 244/244 247/247 245/245
f 246/246 248/248 249/249
f 246/246 245/245 248/248
f 250/250 251/251 252/252
f 250/250 253/253 251/251
f 249/249 253/253 250/250
f 249/249 248/248 253/253
f 254/254 255/255 256/256
f 254/254 257/257 255/255
f 257/257 258/258 255/255
f 257/257 259/259 258/258
f 257/257 260/260 259/259
f 260/260 261/261 259/259
f 260/260 262/262 261/261
f 260/260 263/263 262/262
f 263/263 264/264 262/262
f 265/265 256/256 255/255
f 265/265 266/266 256/256
f 267/267 255/255 258/258
f 267/267 265/265 255/255
f 268/268 258/258 259/259
f 268/268 267/267 258/258
f 269/269 259/259 261/261
f 269/269 268/268 259/259
f 270/270 261/261 262/262
f 270/270 269/269 261/261
f 271/271 262/262 264/264
f 271/271 270/270 262/262
f 272/272 273/273 274/274
f 272/272 275/275 273/273
f 275/275 276/276 273/273
f 275/275 277/277 276/276
f 275/275 278/278 277/277
f 278/278 279/279 277/277
f 278/278 280/280 279/279
f 278/278 281/281 280/280
f 281/281 282/282 280/280
f 283/283 274/274 273/273
f 283/283 284/284 274/274
f 285/285 273/273 276/276
f 285/285 283/283 273/273
f 286/286 276/276 277/277
f 286/286 285/285 276/276
f 287/287 277/277 279/279
f 287/287 286/286 277/277
f 288/288 279/279 280/280
f 288/288 287/287 279/279
f 289/289 280/280 282/282
f 289/289 288/288 280/280
f 290/290 291/291 292/292
f 290/290 293/293 291/291
f 294/294 292/292 295/295
f 294/294 290/290 292/292
f 296/296 295/295 297/297
f 296/296 294/294 295/295
f 298/298 297/297 299/299
f 298/298 296/296 297/297
f 300/300 299/299 301/301
f 300/300 298/298 299/299
f 302/302 301/301 284/284
f 302/302 300/300 301/301
f 303/303 284/284 283/283
f 303/303 302/302 284/284
f 304/304 283/283 285/285
f 304/304 303/303 283/283
f 305/305 285/285 286/286
f 305/305 304/304 285/285
f 306/306 286/286 287/287
f 306/306 305/305 286/286
f 307/307 287/287 288/288
f 307/307 306/306 287/287
f 293/293 288/288 291/291
f 293/293 307/307 288/288
f 308/308 293/293 290/290
f 308/308 290/290 294/294
f 308/308 294/294 296/296
f 308/308 296/296 298/298
f 308/308 298/298 300/300
f 308/308 300/300 302/302
f 308/308 302/302 303/303
f 308/308 303/303 304/304
f 308/308 304/304 305/305
f 308/308 305/305 306/306
f 308/308 306/306 307/307
f 308/308 307/307 293/293
f 204/204 201/201 207/207
f 204/204 206/206 309/309
f 204/204 207/207 206/206
f 215/215 220/220 217/217
f 215/215 310/310 220/220
f 222/222 237/237 223/223
f 222/222 311/311 237/237
f 234/234 236/236 312/312
f 234/234 238/238 236/236
f 312/312 232/232 234/234
f 312/312 227/227 232/232
f 227/227 229/229 232/232
f 313/313 314/314 315/315
f 313/313 316/316 314/314
f 316/316 317/317 314/314
f 316/316 318/318 317/317
f 318/318 178/178 317/317
f 318/318 176/176 178/178
f 219/219 311/311 222/222
f 219/219 218/218 311/311
f 237/237 311/311 218/218
f 212/212 310/310 215/215
f 212/212 211/211 310/310
f 220/220 310/310 211/211
f 319/319 320/320 321/321
f 322/322 319/319 321/321
f 323/323 324/324 325/325
f 326/326 323/323 325/325
f 327/327 328/328 329/329
f 330/330 327/327 329/329
f 331/331 332/332 333/333
f 334/334 331/331 333/333
f 335/335 336/336 337/337
f 338/338 335/335 337/337
f 339/339 340/340 341/341
f 342/342 339/339 341/341
f 343/343 344/344 345/345
f 346/346 343/343 345/345
f 347/347 348/348 349/349
f 350/350 347/347 349/349
f 351/351 352/352 353/353
f 354/354 351/351 353/353
f 355/355 356/356 357/357
f 358/358 355/355 357/357
f 359/359 360/360 361/361
f 362/362 359/359 361/361
f 363/363 364/364 365/365
f 366/366 363/363 365/365
f 367/367 368/368 369/369
f 370/370 367/367 369/369
f 371/371 372/372 373/373
f 374/374 371/371 373/373
f 375/375 376/376 377/377
f 378/378 375/375 377/377
f 379/379 380/380 381/381
f 382/382 379/379 381/381
f 383/383 384/384 385/385
f 386/386 383/383 385/385
f 387/387 388/388 389/389
f 390/390 387/387 389/389
f 391/391 392/392 393/393
f 394/394 391/391 393/393
f 395/395 396/396 397/397
f 398/398 395/395 397/397
f 399/399 400/400 401/401
f 402/402 399/399 401/401
f 403/403 404/404 405/405
f 406/406 403/403 405/405
f 407/407 408/408 409/409
f 410/410 407/407 409/409
f 411/411 412/412 413/413
f 414/414 411/411 413/413
f 415/415 416/416 417/417
f 418/418 415/415 417/417
f 419/419 420/420 421/421
f 422/422 419/419 421/421
f 423/423 424/424 425/425
f 426/426 423/423 425/425
f 427/427 428/428 429/429
f 430/430 427/427 429/429
f 431/431 432/432 433/433
f 434/434 431/431 433/433
f 435/435 436/436 437/437
f 438/438 435/435 437/437
f 439/439 440/440 441/441
f 442/442 439/439 441/441
f 443/443 444/444 445/445
f 446/446 443/443 445/445
f 447/447 448/448 449/449
f 450/450 447/447 449/449
f 451/451 452/452 453/453
f 454/454 451/451 453/453
f 455/455 456/456 457/457
f 458/458 455/455 457/457
f 459/459 460/460 461/461
f 462/462 459/459 461/461
f 463/463 464/464 465/465
f 466/466 463/463 465/465
f 467/467 468/468 469/469
f 470/470 467/467 469/469
f 471/471 472/472 473/473
f 474/474 471/471 473/473
f 475/475 476/476 477/477
f 478/478 475/475 477/477
f 479/479 480/480 481/481
f 482/482 479/479 481/481
f 483/483 484/484 485/485
f 486/486 483/483 485/485
f 487/487 488/488 489/489
f 490/490 487/487 489/489
f 491/491 492/492 493/493
f 494/494 491/491 493/493
f 495/495 496/496 497/497
f 498/498 495/495 497/497
f 499/499 500/500 501/501
f 502/502 499/499 501/501
f 503/503 504/504 505/505
f 506/506 503/503 505/505
f 507/507 508/508 509/509
f 510/510 507/507 509/509
f 511/511 512/512 513/513
f 514/514 511/511 513/513
f 515/515 516/516 517/517
f 518/518 515/515 517/517
f 519/519 520/520 521/521
f 522/522 519/519 521/521
f 523/523 524/524 525/525
f 526/526 523/523 525/525
f 527/527 528/528 529/529
f 530/530 527/527 529/529
f 531/531 532/532 533/533
f 534/534 531/531 533/533
f 535/535 536/536 537/537
f 538/538 535/535 537/537
f 539/539 540/540 541/541
f 542/542 539/539 541/541
f 543/543 544/544 545/545
f 546/546 543/543 545/545
f 547/547 548/548 549/549
f 550/550 547/547 549/549
f 551/551 552/552 553/553
f 554/554 551/551 553/553
f 555/555 556/556 557/557
f 558/558 555/555 557/557
f 559/559 560/560 561/561
f 562/562 559/559 561/561
f 563/563 564/564 565/565
f 566/566 563/563 565/565
f 567/567 568/568 569/569
f 570/570 567/567 569/569
f 571/571 572/572 573/573
f 574/574 571/571 573/573
f 575/575 576/576 577/577
f 578/578 575/575 577/577
f 579/579 580/580 581/581
f 582/582 579/579 581/581
f 583/583 584/584 585/585
f 586/586 583/583 585/585
f 587/587 588/588 589/589
f 590/590 587/587 589/589
f 591/591 592/592 593/593
f 594/594 591/591 593/593
f 595/595 596/596 597/597
f 598/598 595/595 597/597
f 599/599 600/600 601/601
f 602/602 599/599 601/601
f 603/603 604/604 605/605
f 606/606 603/603 605/605
f 607/607 608/608 609/609
f 610/610 607/607 609/609
f 611/611 612/612 613/613
f 614/614 611/611 613/613
f 615/615 616/616 617/617
f 618/618 615/615 617/617
f 619/619 620/620 621/621
f 622/622 619/619 621/621
f 623/623 624/624 625/625
f 626/626 623/623 625/625
f 627/627 628/628 629/629
f 630/630 627/627 629/629
f 631/631 632/632 633/633
f 634/634 631/631 633/633
f 635/635 636/636 637/637
f 638/638 635/635 637/637
f 639/639 640/640 641/641
f 642/642 639/639 641/641
f 643/643 644/644 645/645
f 646/646 643/643 645/645
f 647/647 648/648 649/649
f 650/650 647/647 649/649
f 651/651 652/652 653/653
f 654/654 651/651 653/653
f 655/655 656/656 657/657
f 658/658 655/655 657/657
f 659/659 660/660 661/661
f 662/662 659/659 661/661
f 663/663 664/664 665/665
f 666/666 663/663 665/665
f 667/667 668/668 669/669
f 670/670 667/667 669/669
f 671/671 672/672 673/673
f 674/674 671/671 673/673
f 675/675 676/676 677/677
f 678/678 675/675 677/677
f 679/679 680/680 681/681
f 682/682 679/679 681/681
f 683/683 684/684 685/685
f 686/686 683/683 685/685
f 687/687 688/688 689/689
f 690/690 687/687 689/689
f 691/691 692/692 693/693
f 694/694 691/691 693/693
f 695/695 696/696 697/697
f 698/698 695/695 697/697
f 699/699 700/700 701/701
f 702/702 699/699 701/701
f 703/703 704/704 705/705
f 706/706 703/703 705/705
f 707/707 708/708 709/709
f 710/710 707/707 709/709
f 711/711 712/712 713/713
f 714/714 711/711 713/713
f 715/715 716/716 717/717
f 718/718 715/715 717/717
f 719/719 720/720 721/721
f 722/722 719/719 721/721
f 723/723 724/724 725/725
f 726/726 723/723 725/725
f 727/727 728/728 729/729
f 730/730 727/727 729/729
f 731/731 732/732 733/733
f 734/734 731/731 733/733
f 735/735 736/736 737/737
f 738/738 735/735 737/737
f 739/739 740/740 741/741
f 742/742 739/739 741/741
f 743/743 744/744 745/745
f 746/746 743/743 745/745
f 747/747 748/748 749/749
f 750/750 747/747 749/749
f 751/751 752/752 753/753
f 754/754 751/751 753/753
f 755/755 756/756 757/757
f 758/758 755/755 757/757
f 759/759 760/760 761/761
f 762/762 759/759 761/761
f 763/763 764/764 765/765
f 766/766 763/763 765/765
f 767/767 768/768 769/769
f 770/770 767/767 769/769
f 771/771 772/772 773/773
f 774/774 771/771 773/773
f 775/775 776/776 777/777
f 778/778 775/775 777/777
f 779/779 780/780 781/781
f 782/782 779/779 781/781
f 783/783 784/784 785/785
f 786/786 783/783 785/785
f 787/787 788/788 789/789
f 790/790 787/787 789/789
f 791/791 792/792 793/793
f 794/794 791/791 793/793
f 795/795 796/796 797/797
f 798/798 795/795 797/797
f 799/799 800/800 801/801
f 802/802 799/799 801/801
f 803/803 804/804 805/805
f 806/806 803/803 805/805
f 807/807 808/808 809/809
f 810/810 807/807 809/809
f 811/811 812/812 813/813
f 814/814 811/811 813/813
f 815/815 816/816 817/817
f 818/818 815/815 817/817
f 819/819 820/820 821/821
f 822/822 819/819 821/821
f 823/823 824/824 825/825
f 826/826 823/823 825/825
f 827/827 828/828 829/829
f 830/830 827/827 829/829
f 831/831 832/832 833/833
f 834/834 831/831 833/833
f 835/835 836/836 837/837
f 838/838 835/835 837/837
f 839/839 840/840 841/841
f 842/842 839/839 841/841
f 843/843 844/844 845/845
f 846/846 843/843 845/845
f 847/847 848/848 849/849
f 850/850 847/847 849/849
f 851/851 852/852 853/853
f 854/854 851/851 853/853
f 855/855 856/856 857/857
f 858/858 855/855 857/857
f 859/859 860/860 861/861
f 862/862 859/859 861/861
f 863/863 864/864 865/865
f 866/866 863/863 865/865
f 867/867 868/868 869/869
f 870/870 867/867 869/869
f 871/871 872/872 873/873
f 874/874 871/871 873/873
f 875/875 876/876 877/877
f 878/878 875/875 877/877
f 879/879 880/880 881/881
f 882/882 879/879 881/881
f 883/883 884/884 885/885
f 886/886 883/883 885/885
f 887/887 888/888 889/889
f 890/890 887/887 889/889
f 891/891 892/892 893/893
f 894/894 891/891 893/893
f 895/895 896/896 897/897
f 898/898 895/895 897/897
f 899/899 900/900 901/901
f 902/902 899/899 901/901
f 903/903 904/904 905/905
f 906/906 903/903 905/905
f 907/907 908/908 909/909
f 910/910 907/907 909/909
f 911/911 912/912 913/913
f 914/914 911/911 913/913
f 915/915 916/916 917/917
f 918/918 915/915 917/917
f 919/919 920/920 921/921
f 922/922 919/919 921/921
f 923/923 924/924 925/925
f 926/926 923/923 925/925
f 927/927 928/928 929/929
f 930/930 927/927 929/929
f 931/931 932/932 933/933
f 934/934 931/931 933/933
f 935/935 936/936 937/937
f 938/938 935/935 937/937
f 939/939 940/940 941/941
f 942/942 939/939 941/941
f 943/943 944/944 945/945
f 946/946 943/943 945/945
f 947/947 948/948 949/949
f 950/950 947/947 949/949
f 951/951 952/952 953/953
f 954/954 951/951 953/953
f 955/955 956/956 957/957
f 958/958 955/955 957/957
f 959/959 960/960 961/961
f 962/962 959/959 961/961
f 963/963 964/964 965/965
f 966/966 963/963 965/965
f 967/967 968/968 969/969
f 970/970 967/967 969/969
f 971/971 972/972 973/973
f 974/974 971/971 973/973
f 975/975 976/976 977/977
f 978/978 975/975 977/977
f 979/979 980/980 981/981
f 982/982 979/979 981/981
f 983/983 984/984 985/985
f 986/986 983/983 985/985
f 987/987 988/988 989/989
f 990/990 987/987 989/989
f 991/991 992/992 993/993
f 994/994 991/991 993/993
f 995/995 996/996 997/997
f 998/998 995/995 997/997
f 999/999 1000/1000 1001/1001
f 1002/1002 999/999 1001/1001
f 1003/1003 1004/1004 1005/1005
f 1006/1006 1003/1003 1005/1005
f 1007/1007 1008/1008 1009/1009
f 1010/1010 1007/1007 1009/1009
f 1011/1011 1012/1012 1013/1013
f 1014/1014 1011/1011 1013/1013
f 1015/1015 1016/1016 1017/1017
f 1018/1018 1015/1015 1017/1017
f 1019/1019 1020/1020 1021/1021
f 1022/1022 1019/1019 1021/1021
f 1023/1023 1024/1024 1025/1025
f 1026/1026 1023/1023 1025/1025
f 1027/1027 1028/1028 1029/1029
f 1030/1030 1027/1027 1029/1029
f 1031/1031 1032/1032 1033/1033
f 1034/1034 1031/1031 1033/1033
f 1035/1035 1036/1036 1037/1037
f 1038/1038 1035/1035 1037/1037
f 1039/1039 1040/1040 1041/1041
f 1042/1042 1039/1039 1041/1041
f 1043/1043 1044/1044 1045/1045
f 1046/1046 1043/1043 1045/1045
f 1047/1047 1048/1048 1049/1049
f 1050/1050 1047/1047 1049/1049
f 1051/1051 1052/1052 1053/1053
f 1054/1054 1051/1051 1053/1053
f 1055/1055 1056/1056 1057/1057
f 1058/1058 1059/1059 1060/1060
f 1061/1061 1062/1062 1063/1063
f 1064/1064 1061/1061 1063/1063
f 1065/1065 1066/1066 1067/1067
f 1068/1068 1065/1065 1067/1067
f 1069/1069 1070/1070 1071/1071
f 1072/1072 1073/1073 1074/1074
f 1075/1075 1076/1076 1077/1077
f 1078/1078 1075/1075 1077/1077
f 1079/1079 1080/1080 1081/1081
f 1082/1082 1083/1083 1084/1084
f 1085/1085 1086/1086 1087/1087
f 1088/1088 1085/1085 1087/1087
f 1089/1089 1090/1090 1091/1091
f 1092/1092 1093/1093 1094/1094
f 1095/1095 1096/1096 1097/1097
f 1098/1098 1095/1095 1097/1097
f 1099/1099 1100/1100 1101/1101
f 1102/1102 1103/1103 1104/1104
f 1105/1105 1106/1106 1107/1107
f 1108/1108 1105/1105 1107/1107
f 1109/1109 1110/1110 1111/1111
f 1112/1112 1113/1113 1114/1114
f 1115/1115 1116/1116 1117/1117
f 1118/1118 1115/1115 1117/1117
f 1119/1119 1120/1120 1121/1121
f 1122/1122 1123/1123 1124/1124
f 1125/1125 1126/1126 1127/1127
f 1128/1128 1125/1125 1127/1127
f 1129/1129 1130/1130 1131/1131
f 1132/1132 1133/1133 1134/1134
f 1135/1135 1136/1136 1137/1137
f 1138/1138 1135/1135 1137/1137
f 1139/1139 1140/1140 1141/1141
f 1142/1142 1139/1139 1141/1141
f 1143/1143 1144/1144 1145/1145
f 1146/1146 1147/1147 1148/1148
f 1149/1149 1150/1150 1151/1151
f 1152/1152 1149/1149 1151/1151
f 1153/1153 1154/1154 1155/1155
f 1156/1156 1153/1153 1155/1155
f 1157/1157 1158/1158 1159/1159
f 1160/1160 1161/1161 1162/1162
f 1163/1163 1164/1164 1165/1165
f 1166/1166 1163/1163 1165/1165
f 1167/1167 1168/1168 1169/1169
f 1170/1170 1171/1171 1172/1172
f 1173/1173 1174/1174 1175/1175
f 1176/1176 1173/1173 1175/1175
f 1177/1177 1178/1178 1179/1179
f 1180/1180 1181/1181 1182/1182
f 1183/1183 1184/1184 1185/1185
f 1186/1186 1183/1183 1185/1185
f 1187/1187 1188/1188 1189/1189
f 1190/1190 1191/1191 1192/1192
f 1193/1193 1194/1194 1195/1195
f 1196/1196 1193/1193 1195/1195
f 1197/1197 1198/1198 1199/1199
f 1200/1200 1201/1201 1202/1202
f 1203/1203 1204/1204 1205/1205
f 1206/1206 1203/1203 1205/1205
f 1207/1207 1208/1208 1209/1209
f 1210/1210 1211/1211 1212/1212
f 1213/1213 1214/1214 1215/1215
f 1216/1216 1213/1213 1215/1215
f 1217/1217 1218/1218 1219/1219
f 1220/1220 1221/1221 1222/1222
f 1223/1223 1224/1224 1225/1225
f 1226/1226 1223/1223 1225/1225
f 1227/1227 1228/1228 1229/1229
f 1230/1230 1227/1227 1229/1229
f 1231/1231 1232/1232 1233/1233
f 1234/1234 1231/1231 1233/1233
f 1235/1235 1236/1236 1237/1237
f 1238/1238 1235/1235 1237/1237
f 1239/1239 1240/1240 1241/1241
f 1242/1242 1239/1239 1241/1241
f 1243/1243 1244/1244 1245/1245
f 1246/1246 1243/1243 1245/1245
f 1247/1247 1248/1248 1249/1249
f 1250/1250 1247/1247 1249/1249
f 1251/1251 1252/1252 1253/1253
f 1254/1254 1251/1251 1253/1253
f 1255/1255 1256/1256 1257/1257
f 1258/1258 1255/1255 1257/1257
f 1259/1259 1260/1260 1261/1261
f 1262/1262 1259/1259 1261/1261
f 1263/1263 1264/1264 1265/1265
f 1266/1266 1263/1263 1265/1265
f 1267/1267 1268/1268 1269/1269
f 1270/1270 1267/1267 1269/1269
f 1271/1271 1272/1272 1273/1273
f 1274/1274 1271/1271 1273/1273
f 1275/1275 1276/1276 1277/1277
f 1278/1278 1275/1275 1277/1277
f 1279/1279 1280/1280 1281/1281
f 1282/1282 1283/1283 1284/1284
f 1285/1285 1286/1286 1287/1287
f 1288/1288 1285/1285 1287/1287
f 1289/1289 1290/1290 1291/1291
f 1292/1292 1289/1289 1291/1291
f 1293/1293 1294/1294 1295/1295
f 1296/1296 1297/1297 1298/1298
f 1299/1299 1300/1300 1301/1301
f 1302/1302 1299/1299 1301/1301
f 1303/1303 1304/1304 1305/1305
f 1306/1306 1307/1307 1308/1308
f 1309/1309 1310/1310 1311/1311
f 1312/1312 1309/1309 1311/1311
f 1313/1313 1314/1314 1315/1315
f 1316/1316 1317/1317 1318/1318
f 1319/1319 1320/1320 1321/1321
f 1322/1322 1319/1319 1321/1321
f 1323/1323 1324/1324 1325/1325
f 1326/1326 1327/1327 1328/1328
f 1329/1329 1330/1330 1331/1331
f 1332/1332 1329/1329 1331/1331
f 1333/1333 1334/1334 1335/1335
f 1336/1336 1337/1337 1338/1338
f 1339/1339 1340/1340 1341/1341
f 1342/1342 1339/1339 1341/1341
f 1343/1343 1344/1344 1345/1345
f 1346/1346 1347/1347 1348/1348
f 1349/1349 1350/1350 1351/1351
f 1352/1352 1349/1349 1351/1351
f 1353/1353 1354/1354 1355/1355
f 1356/1356 1357/1357 1358/1358
f 1359/1359 1360/1360 1361/1361
f 1362/1362 1359/1359 1361/1361
f 1363/1363 1364/1364 1365/1365
f 1366/1366 1363/1363 1365/1365
f 1367/1367 1368/1368 1369/1369
f 1370/1370 1371/1371 1372/1372
f 1373/1373 1374/1374 1375/1375
f 1376/1376 1373/1373 1375/1375
f 1377/1377 1378/1378 1379/1379
f 1380/1380 1377/1377 1379/1379
f 1381/1381 1382/1382 1383/1383
f 1384/1384 1385/1385 1386/1386
f 1387/1387 1388/1388 1389/1389
f 1390/1390 1387/1387 1389/1389
f 1391/1391 1392/1392 1393/1393
f 1394/1394 1395/1395 1396/1396
f 1397/1397 1398/1398 1399/1399
f 1400/1400 1397/1397 1399/1399
f 1401/1401 1402/1402 1403/1403
f 1404/1404 1405/1405 1406/1406
f 1407/1407 1408/1408 1409/1409
f 1410/1410 1407/1407 1409/1409
f 1411/1411 1412/1412 1413/1413
f 1414/1414 1415/1415 1416/1416
f 1417/1417 1418/1418 1419/1419
f 1420/1420 1417/1417 1419/1419
f 1421/1421 1422/1422 1423/1423
f 1424/1424 1425/1425 1426/1426
f 1427/1427 1428/1428 1429/1429
f 1430/1430 1427/1427 1429/1429
f 1431/1431 1432/1432 1433/1433
f 1434/1434 1435/1435 1436/1436
f 1437/1437 1438/1438 1439/1439
f 1440/1440 1437/1437 1439/1439
f 1441/1441 1442/1442 1443/1443
f 1444/1444 1445/1445 1446/1446
f 1447/1447 1448/1448 1449/1449
f 1450/1450 1447/1447 1449/1449
f 1451/1451 1452/1452 1453/1453
f 1454/1454 1451/1451 1453/1453
f 1455/1455 1456/1456 1457/1457
f 1458/1458 1455/1455 1457/1457
f 1459/1459 1460/1460 1461/1461
f 1462/1462 1459/1459 1461/1461
f 1463/1463 1464/1464 1465/1465
f 1466/1466 1463/1463 1465/1465
f 1467/1467 1468/1468 1469/1469
f 1470/1470 1467/1467 1469/1469
f 1471/1471 1472/1472 1473/1473
f 1474/1474 1471/1471 1473/1473
f 1475/1475 1476/1476 1477/1477
f 1478/1478 1475/1475 1477/1477
f 1479/1479 1480/1480 1481/1481
f 1482/1482 1483/1483 1484/1484
f 1485/1485 1486/1486 1487/1487
f 1488/1488 1485/1485 1487/1487
f 1489/1489 1490/1490 1491/1491
f 1492/1492 1489/1489 1491/1491
f 1493/1493 1494/1494 1495/1495
f 1496/1496 1497/1497 1498/1498
f 1499/1499 1500/1500 1501/1501
f 1502/1502 1499/1499 1501/1501
f 1503/1503 1504/1504 1505/1505
f 1506/1506 1507/1507 1508/1508
f 1509/1509 1510/1510 1511/1511
f 1512/1512 1509/1509 1511/1511
f 1513/1513 1514/1514 1515/1515
f 1516/1516 1517/1517 1518/1518
f 1519/1519 1520/1520 1521/1521
f 1522/1522 1519/1519 1521/1521
f 1523/1523 1524/1524 1525/1525
f 1526/1526 1527/1527 1528/1528
f 1529/1529 1530/1530 1531/1531
f 1532/1532 1529/1529 1531/1531
f 1533/1533 1534/1534 1535/1535
f 1536/1536 1537/1537 1538/1538
f 1539/1539 1540/1540 1541/1541
f 1542/1542 1539/1539 1541/1541
f 1543/1543 1544/1544 1545/1545
f 1546/1546 1547/1547 1548/1548
f 1549/1549 1550/1550 1551/1551
f 1552/1552 1549/1549 1551/1551
f 1553/1553 1554/1554 1555/1555
f 1556/1556 1557/1557 1558/1558
f 1559/1559 1560/1560 1561/1561
f 1562/1562 1559/1559 1561/1561
f 1563/1563 1564/1564 1565/1565
f 1566/1566 1563/1563 1565/1565
f 1567/1567 1568/1568 1569/1569
f 1570/1570 1571/1571 1572/1572
f 1573/1573 1574/1574 1575/1575
f 1576/1576 1573/1573 1575/1575
f 1577/1577 1578/1578 1579/1579
f 1580/1580 1577/1577 1579/1579
f 1581/1581 1582/1582 1583/1583
f 1584/1584 1585/1585 1586/1586
f 1587/1587 1588/1588 1589/1589
f 1590/1590 1587/1587 1589/1589
f 1591/1591 1592/1592 1593/1593
f 1594/1594 1595/1595 1596/1596
f 1597/1597 1598/1598 1599/1599
f 1600/1600 1597/1597 1599/1599
f 1601/1601 1602/1602 1603/1603
f 1604/1604 1605/1605 1606/1606
f 1607/1607 1608/1608 1609/1609
f 1610/1610 1607/1607 1609/1609
f 1611/1611 1612/1612 1613/1613
f 1614/1614 1615/1615 1616/1616
f 1617/1617 1618/1618 1619/1619
f 1620/1620 1617/1617 1619/1619
f 1621/1621 1622/1622 1623/1623
f 1624/1624 1625/1625 1626/1626
f 1627/1627 1628/1628 1629/1629
f 1630/1630 1627/1627 1629/1629
f 1631/1631 1632/1632 1633/1633
f 1634/1634 1635/1635 1636/1636
f 1637/1637 1638/1638 1639/1639
f 1640/1640 1637/1637 1639/1639
f 1641/1641 1642/1642 1643/1643
f 1644/1644 1645/1645 1646/1646
f 1647/1647 1648/1648 1649/1649
f 1650/1650 1647/1647 1649/1649
f 1651/1651 1652/1652 1653/1653
f 1654/1654 1651/1651 1653/1653
f 1655/1655 1656/1656 1657/1657
f 1658/1658 1655/1655 1657/1657
f 1659/1659 1660/1660 1661/1661
f 1662/1662 1659/1659 1661/1661
f 1663/1663 1664/1664 1665/1665
f 1666/1666 1663/1663 1665/1665
f 1667/1667 1668/1668 1669/1669
f 1670/1670 1667/1667 1669/1669
f 1671/1671 1672/1672 1673/1673
f 1674/1674 1671/1671 1673/1673
f 1675/1675 1676/1676 1677/1677
f 1678/1678 1675/1675 1677/1677
f 1679/1679 1680/1680 1681/1681
f 1682/1682 1679/1679 1681/1681
f 1683/1683 1684/1684 1685/1685
f 1686/1686 1683/1683 1685/1685
f 1687/1687 1688/1688 1689/1689
f 1690/1690 1687/1687 1689/1689
f 1691/1691 1692/1692 1693/1693
f 1694/1694 1691/1691 1693/1693
f 1695/1695 1696/1696 1697/1697
f 1698/1698 1695/1695 1697/1697
f 1699/1699 1700/1700 1701/1701
f 1702/1702 1699/1699 1701/1701
f 1703/1703 1704/1704 1705/1705
f 1706/1706 1707/1707 1708/1708
f 1709/1709 1710/1710 1711/1711
f 1712/1712 1709/1709 1711/1711
f 1713/1713 1714/1714 1715/1715
f 1716/1716 1713/1713 1715/1715
f 1717/1717 1718/1718 1719/1719
f 1720/1720 1721/1721 1722/1722
f 1723/1723 1724/1724 1725/1725
f 1726/1726 1723/1723 1725/1725
f 1727/1727 1728/1728 1729/1729
f 1730/1730 1731/1731 1732/1732
f 1733/1733 1734/1734 1735/1735
f 1736/1736 1733/1733 1735/1735
f 1737/1737 1738/1738 1739/1739
f 1740/1740 1741/1741 1742/1742
f 1743/1743 1744/1744 1745/1745
f 1746/1746 1743/1743 1745/1745
f 1747/1747 1748/1748 1749/1749
f 1750/1750 1751/1751 1752/1752
f 1753/1753 1754/1754 1755/1755
f 1756/1756 1753/1753 1755/1755
f 1757/1757 1758/1758 1759/1759
f 1760/1760 1761/1761 1762/1762
f 1763/1763 1764/1764 1765/1765
f 1766/1766 1763/1763 1765/1765
f 1767/1767 1768/1768 1769/1769
f 1770/1770 1771/1771 1772/1772
f 1773/1773 1774/1774 1775/1775
f 1776/1776 1773/1773 1775/1775
f 1777/1777 1778/1778 1779/1779
f 1780/1780 1781/1781 1782/1782
f 1783/1783 1784/1784 1785/1785
f 1786/1786 1783/1783 1785/1785
f 1787/1787 1788/1788 1789/1789
f 1790/1790 1787/1787 1789/1789
f 1791/1791 1792/1792 1793/1793
f 1794/1794 1795/1795 1796/1796
f 1797/1797 1798/1798 1799/1799
f 1800/1800 1797/1797 1799/1799
f 1801/1801 1802/1802 1803/1803
f 1804/1804 1801/1801 1803/1803
f 1805/1805 1806/1806 1807/1807
f 1808/1808 1809/1809 1810/1810
f 1811/1811 1812/1812 1813/1813
f 1814/1814 1811/1811 1813/1813
f 1815/1815 1816/1816 1817/1817
f 1818/1818 1819/1819 1820/1820
f 1821/1821 1822/1822 1823/1823
f 1824/1824 1821/1821 1823/1823
f 1825/1825 1826/1826 1827/1827
f 1828/1828 1829/1829 1830/1830
f 1831/1831 1832/1832 1833/1833
f 1834/1834 1831/1831 1833/1833
f 1835/1835 1836/1836 1837/1837
f 1838/1838 1839/1839 1840/1840
f 1841/1841 1842/1842 1843/1843
f 1844/1844 1841/1841 1843/1843
f 1845/1845 1846/1846 1847/1847
f 1848/1848 1849/1849 1850/1850
f 1851/1851 1852/1852 1853/1853
f 1854/1854 1851/1851 1853/1853
f 1855/1855 1856/1856 1857/1857
f 1858/1858 1859/1859 1860/1860
f 1861/1861 1862/1862 1863/1863
f 1864/1864 1861/1861 1863/1863
f 1865/1865 1866/1866 1867/1867
f 1868/1868 1869/1869 1870/1870
f 1871/1871 1872/1872 1873/1873
f 1874/1874 1871/1871 1873/1873
f 1875/1875 1876/1876 1877/1877
f 1878/1878 1875/1875 1877/1877
f 1879/1879 1880/1880 1881/1881
f 1882/1882 1879/1879 1881/1881
f 1883/1883 1884/1884 1885/1885
f 1886/1886 1883/1883 1885/1885
f 1887/1887 1888/1888 1889/1889
f 1890/1890 1887/1887 1889/1889
f 1891/1891 1892/1892 1893/1893
f 1894/1894 1891/1891 1893/1893
f 1895/1895 1896/1896 1897/1897
f 1898/1898 1895/1895 1897/1897
f 1899/1899 1900/1900 1901/1901
f 1902/1902 1899/1899 1901/1901
f 1903/1903 1904/1904 1905/1905
f 1906/1906 1907/1907 1908/1908
f 1909/1909 1910/1910 1911/1911
f 1912/1912 1909/1909 1911/1911
f 1913/1913 1914/1914 1915/1915
f 1916/1916 1913/1913 1915/1915
f 1917/1917 1918/1918 1919/1919
f 1920/1920 1921/1921 1922/1922
f 1923/1923 1924/1924 1925/1925
f 1926/1926 1923/1923 1925/1925
f 1927/1927 1928/1928 1929/1929
f 1930/1930 1931/1931 1932/1932
f 1933/1933 1934/1934 1935/1935
f 1936/1936 1933/1933 1935/1935
f 1937/1937 1938/1938 1939/1939
f 1940/1940 1941/1941 1942/1942
f 1943/1943 1944/1944 1945/1945
f 1946/1946 1943/1943 1945/1945
f 1947/1947 1948/1948 1949/1949
f 1950/1950 1951/1951 1952/1952
f 1953/1953 1954/1954 1955/1955
f 1956/1956 1953/1953 1955/1955
f 1957/1957 1958/1958 1959/1959
f 1960/1960 1961/1961 1962/1962
f 1963/1963 1964/1964 1965/1965
f 1966/1966 1963/1963 1965/1965
f 1967/1967 1968/1968 1969/1969
f 1970/1970 1971/1971 1972/1972
f 1973/1973 1974/1974 1975/1975
f 1976/1976 1973/1973 1975/1975
f 1977/1977 1978/1978 1979/1979
f 1980/1980 1981/1981 1982/1982
f 1983/1983 1984/1984 1985/1985
f 1986/1986 1983/1983 1985/1985
f 1987/1987 1988/1988 1989/1989
f 1990/1990 1987/1987 1989/1989
f 1991/1991 1992/1992 1993/1993
f 1994/1994 1995/1995 1996/1996
f 1997/1997 1998/1998 1999/1999
f 2000/2000 1997/1997 1999/1999
f 2001/2001 2002/2002 2003/2003
f 2004/2004 2001/2001 2003/2003
f 2005/2005 2006/2006 2007/2007
f 2008/2008 2009/2009 2010/2010
f 2011/2011 2012/2012 2013/2013
f 2014/2014 2011/2011 2013/2013
f 2015/2015 2016/2016 2017/2017
f 2018/2018 2019/2019 2020/2020
f 2021/2021 2022/2022 2023/2023
f 2024/2024 2021/2021 2023/2023
f 2025/2025 2026/2026 2027/2027
f 2028/2028 2029/2029 2030/2030
f 2031/2031 2032/2032 2033/2033
f 2034/2034 2031/2031 2033/2033
f 2035/2035 2036/2036 2037/2037
f 2038/2038 2039/2039 2040/2040
f 2041/2041 2042/2042 2043/2043
f 2044/2044 2041/2041 2043/2043
f 2045/2045 2046/2046 2047/2047
f 2048/2048 2049/2049 2050/2050
f 2051/2051 2052/2052 2053/2053
f 2054/2054 2051/2051 2053/2053
f 2055/2055 2056/2056 2057/2057
f 2058/2058 2059/2059 2060/2060
f 2061/2061 2062/2062 2063/2063
f 2064/2064 2061/2061 2063/2063
f 2065/2065 2066/2066 2067/2067
f 2068/2068 2069/2069 2070/2070
f 2071/2071 2072/2072 2073/2073
f 2074/2074 2071/2071 2073/2073
f 2075/2075 2076/2076 2077/2077
f 2078/2078 2075/2075 2077/2077
f 2079/2079 2080/2080 2081/2081
f 2082/2082 2079/2079 2081/2081
f 2083/2083 2084/2084 2085/2085
f 2086/2086 2083/2083 2085/2085
f 2087/2087 2088/2088 2089/2089
f 2090/2090 2087/2087 2089/2089
f 2091/2091 2092/2092 2093/2093
f 2094/2094 2091/2091 2093/2093
f 2095/2095 2096/2096 2097/2097
f 2098/2098 2095/2095 2097/2097
f 2099/2099 2100/2100 2101/2101
f 2102/2102 2099/2099 2101/2101
f 2103/2103 2104/2104 2105/2105
f 2106/2106 2103/2103 2105/2105
f 2107/2107 2108/2108 2109/2109
f 2110/2110 2107/2107 2109/2109
f 2111/2111 2112/2112 2113/2113
f 2114/2114 2111/2111 2113/2113
f 2115/2115 2116/2116 2117/2117
f 2118/2118 2115/2115 2117/2117
f 2119/2119 2120/2120 2121/2121
f 2122/2122 2119/2119 2121/2121
f 2123/2123 2124/2124 2125/2125
f 2126/2126 2123/2123 2125/2125
f 2127/2127 2128/2128 2129/2129
f 2130/2130 2131/2131 2132/2132
f 2133/2133 2134/2134 2135/2135
f 2136/2136 2133/2133 2135/2135
f 2137/2137 2138/2138 2139/2139
f 2140/2140 2137/2137 2139/2139
f 2141/2141 2142/2142 2143/2143
f 2144/2144 2145/2145 2146/2146
f 2147/2147 2148/2148 2149/2149
f 2150/2150 2147/2147 2149/2149
f 2151/2151 2152/2152 2153/2153
f 2154/2154 2155/2155 2156/2156
f 2157/2157 2158/2158 2159/2159
f 2160/2160 2157/2157 2159/2159
f 2161/2161 2162/2162 2163/2163
f 2164/2164 2165/2165 2166/2166
f 2167/2167 2168/2168 2169/2169
f 2170/2170 2167/2167 2169/2169
f 2171/2171 2172/2172 2173/2173
f 2174/2174 2175/2175 2176/2176
f 2177/2177 2178/2178 2179/2179
f 2180/2180 2177/2177 2179/2179
f 2181/2181 2182/2182 2183/2183
f 2184/2184 2185/2185 2186/2186
f 2187/2187 2188/2188 2189/2189
f 2190/2190 2187/2187 2189/2189
f 2191/2191 2192/2192 2193/2193
f 2194/2194 2195/2195 2196/2196
f 2197/2197 2198/2198 2199/2199
f 2200/2200 2197/2197 2199/2199
f 2201/2201 2202/2202 2203/2203
f 2204/2204 2205/2205 2206/2206
f 2207/2207 2208/2208 2209/2209
f 2210/2210 2207/2207 2209/2209
f 2211/2211 2212/2212 2213/2213
f 2214/2214 2211/2211 2213/2213
f 2215/2215 2216/2216 2217/2217
f 2218/2218 2219/2219 2220/2220
f 2221/2221 2222/2222 2223/2223
f 2224/2224 2221/2221 2223/2223
f 2225/2225 2226/2226 2227/2227
f 2228/2228 2225/2225 2227/2227
f 2229/2229 2230/2230 2231/2231
f 2232/2232 2233/2233 2234/2234
f 2235/2235 2236/2236 2237/2237
f 2238/2238 2235/2235 2237/2237
f 2239/2239 2240/2240 2241/2241
f 2242/2242 2243/2243 2244/2244
f 2245/2245 2246/2246 2247/2247
f 2248/2248 2245/2245 2247/2247
f 2249/2249 2250/2250 2251/2251
f 2252/2252 2253/2253 2254/2254
f 2255/2255 2256/2256 2257/2257
f 2258/2258 2255/2255 2257/2257
f 2259/2259 2260/2260 2261/2261
f 2262/2262 2263/2263 2264/2264
f 2265/2265 2266/2266 2267/2267
f 2268/2268 2265/2265 2267/2267
f 2269/2269 2270/2270 2271/2271
f 2272/2272 2273/2273 2274/2274
f 2275/2275 2276/2276 2277/2277
f 2278/2278 2275/2275 2277/2277
f 2279/2279 2280/2280 2281/2281
f 2282/2282 2283/2283 2284/2284
f 2285/2285 2286/2286 2287/2287
f 2288/2288 2285/2285 2287/2287
f 2289/2289 2290/2290 2291/2291
f 2292/2292 2293/2293 2294/2294
f 2295/2295 2296/2296 2297/2297
f 2298/2298 2295/2295 2297/2297
f 2299/2299 2300/2300 2301/2301
f 2302/2302 2299/2299 2301/2301
f 2303/2303 2304/2304 2305/2305
f 2306/2306 2303/2303 2305/2305
f 2307/2307 2308/2308 2309/2309
f 2310/2310 2307/2307 2309/2309
f 2311/2311 2312/2312 2313/2313
f 2314/2314 2311/2311 2313/2313
f 2315/2315 2316/2316 2317/2317
f 2318/2318 2315/2315 2317/2317
f 2319/2319 2320/2320 2321/2321
f 2322/2322 2319/2319 2321/2321
f 2323/2323 2324/2324 2325/2325
f 2326/2326 2323/2323 2325/2325
f 2327/2327 2328/2328 2329/2329
f 2330/2330 2331/2331 2332/2332
f 2333/2333 2334/2334 2335/2335
f 2336/2336 2333/2333 2335/2335
f 2337/2337 2338/2338 2339/2339
f 2340/2340 2337/2337 2339/2339
f 2341/2341 2342/2342 2343/2343
f 2344/2344 2345/2345 2346/2346
f 2347/2347 2348/2348 2349/2349
f 2350/2350 2347/2347 2349/2349
f 2351/2351 2352/2352 2353/2353
f 2354/2354 2355/2355 2356/2356
f 2357/2357 2358/2358 2359/2359
f 2360/2360 2357/2357 2359/2359
f 2361/2361 2362/2362 2363/2363
f 2364/2364 2365/2365 2366/2366
f 2367/2367 2368/2368 2369/2369
f 2370/2370 2367/2367 2369/2369
f 2371/2371 2372/2372 2373/2373
f 2374/2374 2375/2375 2376/2376
f 2377/2377 2378/2378 2379/2379
f 2380/2380 2377/2377 2379/2379
f 2381/2381 2382/2382 2383/2383
f 2384/2384 2385/2385 2386/2386
f 2387/2387 2388/2388 2389/2389
f 2390/2390 2387/2387 2389/2389
f 2391/2391 2392/2392 2393/2393
f 2394/2394 2395/2395 2396/2396
f 2397/2397 2398/2398 2399/2399
f 2400/2400 2397/2397 2399/2399
f 2401/2401 2402/2402 2403/2403
f 2404/2404 2405/2405 2406/2406
f 2407/2407 2408/2408 2409/2409
f 2410/2410 2407/2407 2409/2409
f 2411/2411 2412/2412 2413/2413
f 2414/2414 2411/2411 2413/2413
f 2415/2415 2416/2416 2417/2417
f 2418/2418 2419/2419 2420/2420
f 2421/2421 2422/2422 2423/2423
f 2424/2424 2421/2421 2423/2423
f 2425/2425 2426/2426 2427/2427
f 2428/2428 2425/2425 2427/2427
f 2429/2429 2430/2430 2431/2431
f 2432/2432 2433/2433 2434/2434
f 2435/2435 2436/2436 2437/2437
f 2438/2438 2435/2435 2437/2437
f 2439/2439 2440/2440 2441/2441
f 2442/2442 2443/2443 2444/2444
f 2445/2445 2446/2446 2447/2447
f 2448/2448 2445/2445 2447/2447
f 2449/2449 2450/2450 2451/2451
f 2452/2452 2453/2453 2454/2454
f 2455/2455 2456/2456 2457/2457
f 2458/2458 2455/2455 2457/2457
f 2459/2459 2460/2460 2461/2461
f 2462/2462 2463/2463 2464/2464
f 2465/2465 2466/2466 2467/2467
f 2468/2468 2465/2465 2467/2467
f 2469/2469 2470/2470 2471/2471
f 2472/2472 2473/2473 2474/2474
f 2475/2475 2476/2476 2477/2477
f 2478/2478 2475/2475 2477/2477
f 2479/2479 2480/2480 2481/2481
f 2482/2482 2483/2483 2484/2484
f 2485/2485 2486/2486 2487/2487
f 2488/2488 2485/2485 2487/2487
f 2489/2489 2490/2490 2491/2491
f 2492/2492 2493/2493 2494/2494
f 2495/2495 2496/2496 2497/2497
f 2498/2498 2495/2495 2497/2497
f 2499/2499 2500/2500 2501/2501
f 2502/2502 2499/2499 2501/2501
f 2503/2503 2504/2504 2505/2505
f 2506/2506 2503/2503 2505/2505
f 2507/2507 2508/2508 2509/2509
f 2510/2510 2507/2507 2509/2509
f 2511/2511 2512/2512 2513/2513
f 2514/2514 2511/2511 2513/2513
f 2515/2515 2516/2516 2517/2517
f 2518/2518 2515/2515 2517/2517
f 2519/2519 2520/2520 2521/2521
f 2522/2522 2519/2519 2521/2521
f 2523/2523 2524/2524 2525/2525
f 2526/2526 2523/2523 2525/2525
f 2527/2527 2528/2528 2529/2529
f 2530/2530 2527/2527 2529/2529
f 2531/2531 2532/2532 2533/2533
f 2534/2534 2531/2531 2533/2533
f 2535/2535 2536/2536 2537/2537
f 2538/2538 2535/2535 2537/2537
f 2539/2539 2540/2540 2541/2541
f 2542/2542 2539/2539 2541/2541
f 2543/2543 2544/2544 2545/2545
f 2546/2546 2543/2543 2545/2545
f 2547/2547 2548/2548 2549/2549
f 2550/2550 2547/2547 2549/2549
f 2551/2551 2552/2552 2553/2553
f 2554/2554 2555/2555 2556/2556
f 2557/2557 2558/2558 2559/2559
f 2560/2560 2557/2557 2559/2559
f 2561/2561 2562/2562 2563/2563
f 2564/2564 2561/2561 2563/2563
f 2565/2565 2566/2566 2567/2567
f 2568/2568 2569/2569 2570/2570
f 2571/2571 2572/2572 2573/2573
f 2574/2574 2571/2571 2573/2573
f 2575/2575 2576/2576 2577/2577
f 2578/2578 2579/2579 2580/2580
f 2581/2581 2582/2582 2583/2583
f 2584/2584 2581/2581 2583/2583
f 2585/2585 2586/2586 2587/2587
f 2588/2588 2589/2589 2590/2590
f 2591/2591 2592/2592 2593/2593
f 2594/2594 2591/2591 2593/2593
f 2595/2595 2596/2596 2597/2597
f 2598/2598 2599/2599 2600/2600
f 2601/2601 2602/2602 2603/2603
f 2604/2604 2601/2601 2603/2603
f 2605/2605 2606/2606 2607/2607
f 2608/2608 2609/2609 2610/2610
f 2611/2611 2612/2612 2613/2613
f 2614/2614 2611/2611 2613/2613
f 2615/2615 2616/2616 2617/2617
f 2618/2618 2619/2619 2620/2620
f 2621/2621 2622/2622 2623/2623
f 2624/2624 2621/2621 2623/2623
f 2625/2625 2626/2626 2627/2627
f 2628/2628 2629/2629 2630/2630
f 2631/2631 2632/2632 2633/2633
f 2634/2634 2631/2631 2633/2633
f 2635/2635 2636/2636 2637/2637
f 2638/2638 2635/2635 2637/2637
f 2639/2639 2640/2640 2641/2641
f 2642/2642 2643/2643 2644/2644
f 2645/2645 2646/2646 2647/2647
f 2648/2648 2645/2645 2647/2647
f 2649/2649 2650/2650 2651/2651
f 2652/2652 2649/2649 2651/2651
f 2653/2653 2654/2654 2655/2655
f 2656/2656 2657/2657 2658/2658
f 2659/2659 2660/2660 2661/2661
f 2662/2662 2659/2659 2661/2661
f 2663/2663 2664/2664 2665/2665
f 2666/2666 2667/2667 2668/2668
f 2669/2669 2670/2670 2671/2671
f 2672/2672 2669/2669 2671/2671
f 2673/2673 2674/2674 2675/2675
f 2676/2676 2677/2677 2678/2678
f 2679/2679 2680/2680 2681/2681
f 2682/2682 2679/2679 2681/2681
f 2683/2683 2684/2684 2685/2685
f 2686/2686 2687/2687 2688/2688
f 2689/2689 2690/2690 2691/2691
f 2692/2692 2689/2689 2691/2691
f 2693/2693 2694/2694 2695/2695
f 2696/2696 2697/2697 2698/2698
f 2699/2699 2700/2700 2701/2701
f 2702/2702 2699/2699 2701/2701
f 2703/2703 2704/2704 2705/2705
f 2706/2706 2707/2707 2708/2708
f 2709/2709 2710/2710 2711/2711
f 2712/2712 2709/2709 2711/2711
f 2713/2713 2714/2714 2715/2715
f 2716/2716 2717/2717 2718/2718
f 2719/2719 2720/2720 2721/2721
f 2722/2722 2719/2719 2721/2721
f 2723/2723 2724/2724 2725/2725
f 2726/2726 2723/2723 2725/2725
f 2727/2727 2728/2728 2729/2729
f 2730/2730 2727/2727 2729/2729
f 2731/2731 2732/2732 2733/2733
f 2734/2734 2731/2731 2733/2733
f 2735/2735 2736/2736 2737/2737
f 2738/2738 2735/2735 2737/2737
f 2739/2739 2740/2740 2741/2741
f 2742/2742 2739/2739 2741/2741
f 2743/2743 2744/2744 2745/2745
f 2746/2746 2743/2743 2745/2745
f 2747/2747 2748/2748 2749/2749
f 2750/2750 2747/2747 2749/2749
f 2751/2751 2752/2752 2753/2753
f 2754/2754 2751/2751 2753/2753
f 2755/2755 2756/2756 2757/2757
f 2758/2758 2755/2755 2757/2757
f 2759/2759 2760/2760 2761/2761
f 2762/2762 2759/2759 2761/2761
f 2763/2763 2764/2764 2765/2765
f 2766/2766 2763/2763 2765/2765
f 2767/2767 2768/2768 2769/2769
f 2770/2770 2767/2767 2769/2769
f 2771/2771 2772/2772 2773/2773
f 2774/2774 2771/2771 2773/2773
f 2775/2775 2776/2776 2777/2777
f 2778/2778 2775/2775 2777/2777
f 2779/2779 2780/2780 2781/2781
f 2782/2782 2779/2779 2781/2781
f 2783/2783 2784/2784 2785/2785
f 2786/2786 2783/2783 2785/2785
f 2787/2787 2788/2788 2789/2789
f 2790/2790 2787/2787 2789/2789
f 2791/2791 2792/2792 2793/2793
f 2794/2794 2791/2791 2793/2793
f 2795/2795 2796/2796 2797/2797
f 2798/2798 2795/2795 2797/2797
f 2799/2799 2800/2800 2801/2801
f 2802/2802 2799/2799 2801/2801
f 2803/2803 2804/2804 2805/2805
f 2806/2806 2803/2803 2805/2805
f 2807/2807 2808/2808 2809/2809
f 2810/2810 2807/2807 2809/2809
f 2811/2811 2812/2812 2813/2813
f 2814/2814 2811/2811 2813/2813
f 2815/2815 2816/2816 2817/2817
f 2818/2818 2815/2815 2817/2817
f 2819/2819 2820/2820 2821/2821
f 2822/2822 2819/2819 2821/2821
f 2823/2823 2824/2824 2825/2825
f 2826/2826 2823/2823 2825/2825
f 2827/2827 2828/2828 2829/2829
f 2830/2830 2827/2827 2829/2829
f 2831/2831 2832/2832 2833/2833
f 2834/2834 2831/2831 2833/2833
f 2835/2835 2836/2836 2837/2837
f 2838/2838 2835/2835 2837/2837
f 2839/2839 2840/2840 2841/2841
f 2842/2842 2839/2839 2841/2841
f 2843/2843 2844/2844 2845/2845
f 2846/2846 2843/2843 2845/2845
f 2847/2847 2848/2848 2849/2849
f 2850/2850 2847/2847 2849/2849
f 2851/2851 2852/2852 2853/2853
f 2854/2854 2851/2851 2853/2853
f 2855/2855 2856/2856 2857/2857
f 2858/2858 2855/2855 2857/2857
f 2859/2859 2860/2860 2861/2861
f 2862/2862 2859/2859 2861/2861
f 2863/2863 2864/2864 2865/2865
f 2866/2866 2863/2863 2865/2865
f 2867/2867 2868/2868 2869/2869
f 2870/2870 2867/2867 2869/2869
f 2871/2871 2872/2872 2873/2873
f 2874/2874 2871/2871 2873/2873
f 2875/2875 2876/2876 2877/2877
f 2878/2878 2875/2875 2877/2877
f 2879/2879 2880/2880 2881/2881
f 2882/2882 2879/2879 2881/2881
f 2883/2883 2884/2884 2885/2885
f 2886/2886 2883/2883 2885/2885
f 2887/2887 2888/2888 2889/2889
f 2890/2890 2887/2887 2889/2889
f 2891/2891 2892/2892 2893/2893
f 2894/2894 2891/2891 2893/2893
f 2895/2895 2896/2896 2897/2897
f 2898/2898 2895/2895 2897/2897
f 2899/2899 2900/2900 2901/2901
f 2902/2902 2899/2899 2901/2901
f 2903/2903 2904/2904 2905/2905
f 2906/2906 2903/2903 2905/2905
f 2907/2907 2908/2908 2909/2909
f 2910/2910 2907/2907 2909/2909
f 2911/2911 2912/2912 2913/2913
f 2914/2914 2911/2911 2913/2913
f 2915/2915 2916/2916 2917/2917
f 2918/2918 2915/2915 2917/2917
f 2919/2919 2920/2920 2921/2921
f 2922/2922 2919/2919 2921/2921
f 2923/2923 2924/2924 2925/2925
f 2926/2926 2923/2923 2925/2925
f 2927/2927 2928/2928 2929/2929
f 2930/2930 2927/2927 2929/2929
f 2931/2931 2932/2932 2933/2933
f 2934/2934 2931/2931 2933/2933
f 2935/2935 2936/2936 2937/2937
f 2938/2938 2935/2935 2937/2937
f 2939/2939 2940/2940 2941/2941
f 2942/2942 2939/2939 2941/2941
f 2943/2943 2944/2944 2945/2945
f 2946/2946 2943/2943 2945/2945
f 2947/2947 2948/2948 2949/2949
f 2950/2950 2947/2947 2949/2949
f 2951/2951 2952/2952 2953/2953
f 2954/2954 2951/2951 2953/2953
f 2955/2955 2956/2956 2957/2957
f 2958/2958 2955/2955 2957/2957
f 2959/2959 2960/2960 2961/2961
f 2962/2962 2959/2959 2961/2961
f 2963/2963 2964/2964 2965/2965
f 2966/2966 2963/2963 2965/2965
f 2967/2967 2968/2968 2969/2969
f 2970/2970 2967/2967 2969/2969
f 2971/2971 2972/2972 2973/2973
f 2974/2974 2971/2971 2973/2973
f 2975/2975 2976/2976 2977/2977
f 2978/2978 2975/2975 2977/2977
f 2979/2979 2980/2980 2981/2981
f 2982/2982 2979/2979 2981/2981
f 2983/2983 2984/2984 2985/2985
f 2986/2986 2983/2983 2985/2985
f 2987/2987 2988/2988 2989/2989
f 2990/2990 2987/2987 2989/2989
f 2991/2991 2992/2992 2993/2993
f 2994/2994 2991/2991 2993/2993
f 2995/2995 2996/2996 2997/2997
f 2998/2998 2995/2995 2997/2997
f 2999/2999 3000/3000 3001/3001
f 3002/3002 2999/2999 3001/3001
f 3003/3003 3004/3004 3005/3005
f 3006/3006 3003/3003 3005/3005
f 3007/3007 3008/3008 3009/3009
f 3010/3010 3007/3007 3009/3009
f 3011/3011 3012/3012 3013/3013
f 3014/3014 3011/3011 3013/3013
f 3015/3015 3016/3016 3017/3017
f 3018/3018 3015/3015 3017/3017
f 3019/3019 3020/3020 3021/3021
f 3022/3022 3019/3019 3021/3021
f 3023/3023 3024/3024 3025/3025
f 3026/3026 3023/3023 3025/3025
f 3027/3027 3028/3028 3029/3029
f 3030/3030 3027/3027 3029/3029
f 3031/3031 3032/3032 3033/3033
f 3034/3034 3031/3031 3033/3033
f 3035/3035 3036/3036 3037/3037
f 3038/3038 3035/3035 3037/3037
f 3039/3039 3040/3040 3041/3041
f 3042/3042 3039/3039 3041/3041
f 3043/3043 3044/3044 3045/3045
f 3046/3046 3043/3043 3045/3045
f 3047/3047 3048/3048 3049/3049
f 3050/3050 3047/3047 3049/3049
f 3051/3051 3052/3052 3053/3053
f 3054/3054 3051/3051 3053/3053
f 3055/3055 3056/3056 3057/3057
f 3058/3058 3055/3055 3057/3057
f 3059/3059 3060/3060 3061/3061
f 3062/3062 3059/3059 3061/3061
f 3063/3063 3064/3064 3065/3065
f 3066/3066 3063/3063 3065/3065
f 3067/3067 3068/3068 3069/3069
f 3070/3070 3067/3067 3069/3069
f 3071/3071 3072/3072 3073/3073
f 3074/3074 3071/3071 3073/3073
f 3075/3075 3076/3076 3077/3077
f 3078/3078 3075/3075 3077/3077
f 3079/3079 3080/3080 3081/3081
f 3082/3082 3079/3079 3081/3081
f 3083/3083 3084/3084 3085/3085
f 3086/3086 3083/3083 3085/3085
f 3087/3087 3088/3088 3089/3089
f 3090/3090 3087/3087 3089/3089
f 3091/3091 3092/3092 3093/3093
f 3094/3094 3091/3091 3093/3093
f 3095/3095 3096/3096 3097/3097
f 3098/3098 3095/3095 3097/3097
f 3099/3099 3100/3100 3101/3101
f 3102/3102 3099/3099 3101/3101
f 3103/3103 3104/3104 3105/3105
f 3106/3106 3103/3103 3105/3105
f 3107/3107 3108/3108 3109/3109
f 3110/3110 3107/3107 3109/3109
f 3111/3111 3112/3112 3113/3113
f 3114/3114 3111/3111 3113/3113
f 3115/3115 3116/3116 3117/3117
f 3118/3118 3115/3115 3117/3117
f 3119/3119 3120/3120 3121/3121
f 3122/3122 3119/3119 3121/3121
f 3123/3123 3124/3124 3125/3125
f 3126/3126 3123/3123 3125/3125
f 3127/3127 3128/3128 3129/3129
f 3130/3130 3127/3127 3129/3129
f 3131/3131 3132/3132 3133/3133
f 3134/3134 3131/3131 3133/3133
f 3135/3135 3136/3136 3137/3137
f 3138/3138 3135/3135 3137/3137
f 3139/3139 3140/3140 3141/3141
f 3142/3142 3139/3139 3141/3141
f 3143/3143 3144/3144 3145/3145
f 3146/3146 3143/3143 3145/3145
f 3147/3147 3148/3148 3149/3149
f 3150/3150 3147/3147 3149/3149
f 3151/3151 3152/3152 3153/3153
f 3154/3154 3151/3151 3153/3153
f 3155/3155 3156/3156 3157/3157
f 3158/3158 3155/3155 3157/3157
f 3159/3159 3160/3160 3161/3161
f 3162/3162 3159/3159 3161/3161
f 3163/3163 3164/3164 3165/3165
f 3166/3166 3163/3163 3165/3165
f 3167/3167 3168/3168 3169/3169
f 3170/3170 3167/3167 3169/3169
f 3171/3171 3172/3172 3173/3173
f 3174/3174 3171/3171 3173/3173
f 3175/3175 3176/3176 3177/3177
f 3178/3178 3175/3175 3177/3177
f 3179/3179 3180/3180 3181/3181
f 3182/3182 3179/3179 3181/3181
f 3183/3183 3184/3184 3185/3185
f 3186/3186 3183/3183 3185/3185
f 3187/3187 3188/3188 3189/3189
f 3190/3190 3187/3187 3189/3189
f 3191/3191 3192/3192 3193/3193
f 3194/3194 3191/3191 3193/3193
f 3195/3195 3196/3196 3197/3197
f 3198/3198 3195/3195 3197/3197
f 3199/3199 3200/3200 3201/3201
f 3202/3202 3199/3199 3201/3201
f 3203/3203 3204/3204 3205/3205
f 3206/3206 3203/3203 3205/3205
f 3207/3207 3208/3208 3209/3209
f 3210/3210 3207/3207 3209/3209
f 3211/3211 3212/3212 3213/3213
f 3214/3214 3211/3211 3213/3213
f 3215/3215 3216/3216 3217/3217
f 3218/3218 3215/3215 3217/3217
f 3219/3219 3220/3220 3221/3221
f 3222/3222 3219/3219 3221/3221
f 3223/3223 3224/3224 3225/3225
f 3226/3226 3223/3223 3225/3225
f 3227/3227 3228/3228 3229/3229
f 3230/3230 3227/3227 3229/3229
f 3231/3231 3232/3232 3233/3233
f 3234/3234 3231/3231 3233/3233
f 3235/3235 3236/3236 3237/3237
f 3238/3238 3235/3235 3237/3237
f 3239/3239 3240/3240 3241/3241
f 3242/3242 3239/3239 3241/3241
f 3243/3243 3244/3244 3245/3245
f 3246/3246 3243/3243 3245/3245
f 3247/3247 3248/3248 3249/3249
f 3250/3250 3247/3247 3249/3249
f 3251/3251 3252/3252 3253/3253
f 3254/3254 3251/3251 3253/3253
f 3255/3255 3256/3256 3257/3257
f 3258/3258 3255/3255 3257/3257
f 3259/3259 3260/3260 3261/3261
f 3262/3262 3259/3259 3261/3261
f 3263/3263 3264/3264 3265/3265
f 3266/3266 3263/3263 3265/3265
f 3267/3267 3268/3268 3269/3269
f 3270/3270 3267/3267 3269/3269
f 3271/3271 3272/3272 3273/3273
f 3274/3274 3271/3271 3273/3273
f 3275/3275 3276/3276 3277/3277
f 3278/3278 3275/3275 3277/3277
f 3279/3279 3280/3280 3281/3281
f 3282/3282 3279/3279 3281/3281
f 3283/3283 3284/3284 3285/3285
f 3286/3286 3283/3283 3285/3285
f 3287/3287 3288/3288 3289/3289
f 3290/3290 3287/3287 3289/3289
f 3291/3291 3292/3292 3293/3293
f 3294/3294 3291/3291 3293/3293
f 3295/3295 3296/3296 3297/3297
f 3298/3298 3295/3295 3297/3297
f 3299/3299 3300/3300 3301/3301
f 3302/3302 3299/3299 3301/3301
f 3303/3303 3304/3304 3305/3305
f 3306/3306 3303/3303 3305/3305
f 3307/3307 3308/3308 3309/3309
f 3310/3310 3307/3307 3309/3309
f 3311/3311 3312/3312 3313/3313
f 3314/3314 3311/3311 3313/3313
f 3315/3315 3316/3316 3317/3317
f 3318/3318 3315/3315 3317/3317
f 3319/3319 3320/3320 3321/3321
f 3322/3322 3319/3319 3321/3321
f 3323/3323 3324/3324 3325/3325
f 3326/3326 3323/3323 3325/3325
f 3327/3327 3328/3328 3329/3329
f 3330/3330 3327/3327 3329/3329
f 3331/3331 3332/3332 3333/3333
f 3334/3334 3331/3331 3333/3333
f 3335/3335 3336/3336 3337/3337
f 3338/3338 3335/3335 3337/3337
f 3339/3339 3340/3340 3341/3341
f 3342/3342 3339/3339 3341/3341
f 3343/3343 3344/3344 3345/3345
f 3346/3346 3343/3343 3345/3345
f 3347/3347 3348/3348 3349/3349
f 3350/3350 3347/3347 3349/3349
f 3351/3351 3352/3352 3353/3353
f 3354/3354 3351/3351 3353/3353
f 3355/3355 3356/3356 3357/3357
f 3358/3358 3355/3355 3357/3357
f 3359/3359 3360/3360 3361/3361
f 3362/3362 3359/3359 3361/3361
f 3363/3363 3364/3364 3365/3365
f 3366/3366 3363/3363 3365/3365
f 3367/3367 3368/3368 3369/3369
f 3370/3370 3367/3367 3369/3369
f 3371/3371 3372/3372 3373/3373
f 3374/3374 3371/3371 3373/3373
f 3375/3375 3376/3376 3377/3377
f 3378/3378 3375/3375 3377/3377
f 3379/3379 3380/3380 3381/3381
f 3382/3382 3379/3379 3381/3381
f 3383/3383 3384/3384 3385/3385
f 3386/3386 3383/3383 3385/3385
f 3387/3387 3388/3388 3389/3389
f 3390/3390 3387/3387 3389/3389
f 3391/3391 3392/3392 3393/3393
f 3394/3394 3391/3391 3393/3393
f 3395/3395 3396/3396 3397/3397
f 3398/3398 3395/3395 3397/3397
f 3399/3399 3400/3400 3401/3401
f 3402/3402 3399/3399 3401/3401
f 3403/3403 3404/3404 3405/3405
f 3406/3406 3403/3403 3405/3405
f 3407/3407 3408/3408 3409/3409
f 3410/3410 3407/3407 3409/3409
f 3411/3411 3412/3412 3413/3413
f 3414/3414 3411/3411 3413/3413
f 3415/3415 3416/3416 3417/3417
f 3418/3418 3415/3415 3417/3417
f 3419/3419 3420/3420 3421/3421
f 3422/3422 3419/3419 3421/3421
f 3423/3423 3424/3424 3425/3425
f 3426/3426 3423/3423 3425/3425
f 3427/3427 3428/3428 3429/3429
f 3430/3430 3427/3427 3429/3429
f 3431/3431 3432/3432 3433/3433
f 3434/3434 3431/3431 3433/3433
f 3435/3435 3436/3436 3437/3437
f 3438/3438 3435/3435 3437/3437
f 3439/3439 3440/3440 3441/3441
f 3442/3442 3439/3439 3441/3441
f 3443/3443 3444/3444 3445/3445
f 3446/3446 3443/3443 3445/3445
f 3447/3447 3448/3448 3449/3449
f 3450/3450 3447/3447 3449/3449
f 3451/3451 3452/3452 3453/3453
f 3454/3454 3451/3451 3453/3453
f 3455/3455 3456/3456 3457/3457
f 3458/3458 3455/3455 3457/3457
f 3459/3459 3460/3460 3461/3461
f 3462/3462 3459/3459 3461/3461
f 3463/3463 3464/3464 3465/3465
f 3466/3466 3463/3463 3465/3465
f 3467/3467 3468/3468 3469/3469
f 3470/3470 3467/3467 3469/3469
f 3471/3471 3472/3472 3473/3473
f 3474/3474 3471/3471 3473/3473
f 3475/3475 3476/3476 3477/3477
f 3478/3478 3475/3475 3477/3477
f 3479/3479 3480/3480 3481/3481
f 3482/3482 3479/3479 3481/3481
f 3483/3483 3484/3484 3485/3485
f 3486/3486 3483/3483 3485/3485
f 3487/3487 3488/3488 3489/3489
f 3490/3490 3487/3487 3489/3489
f 3491/3491 3492/3492 3493/3493
f 3494/3494 3491/3491 3493/3493
f 3495/3495 3496/3496 3497/3497
f 3498/3498 3495/3495 3497/3497
f 3499/3499 3500/3500 3501/3501
f 3502/3502 3499/3499 3501/3501
f 3503/3503 3504/3504 3505/3505
f 3506/3506 3503/3503 3505/3505
f 3507/3507 3508/3508 3509/3509
f 3510/3510 3507/3507 3509/3509
f 3511/3511 3512/3512 3513/3513
f 3514/3514 3511/3511 3513/3513
f 3515/3515 3516/3516 3517/3517
f 3518/3518 3515/3515 3517/3517
f 3519/3519 3520/3520 3521/3521
f 3522/3522 3519/3519 3521/3521
f 3523/3523 3524/3524 3525/3525
f 3526/3526 3523/3523 3525/3525
f 3527/3527 3528/3528 3529/3529
f 3530/3530 3527/3527 3529/3529
f 3531/3531 3532/3532 3533/3533
f 3534/3534 3531/3531 3533/3533
f 3535/3535 3536/3536 3537/3537
f 3538/3538 3535/3535 3537/3537
f 3539/3539 3540/3540 3541/3541
f 3542/3542 3539/3539 3541/3541
f 3543/3543 3544/3544 3545/3545
f 3546/3546 3543/3543 3545/3545
f 3547/3547 3548/3548 3549/3549
f 3550/3550 3547/3547 3549/3549
f 3551/3551 3552/3552 3553/3553
f 3554/3554 3551/3551 3553/3553
f 3555/3555 3556/3556 3557/3557
f 3558/3558 3555/3555 3557/3557
f 3559/3559 3560/3560 3561/3561
f 3562/3562 3559/3559 3561/3561
f 3563/3563 3564/3564 3565/3565
f 3566/3566 3563/3563 3565/3565
f 3567/3567 3568/3568 3569/3569
f 3570/3570 3567/3567 3569/3569
f 3571/3571 3572/3572 3573/3573
f 3574/3574 3571/3571 3573/3573
f 3575/3575 3576/3576 3577/3577
f 3578/3578 3575/3575 3577/3577
f 3579/3579 3580/3580 3581/3581
f 3582/3582 3579/3579 3581/3581
f 3583/3583 3584/3584 3585/3585
f 3586/3586 3583/3583 3585/3585
f 3587/3587 3588/3588 3589/3589
f 3590/3590 3587/3587 3589/3589
f 3591/3591 3592/3592 3593/3593
f 3594/3594 3591/3591 3593/3593
f 3595/3595 3596/3596 3597/3597
f 3598/3598 3595/3595 3597/3597
f 3599/3599 3600/3600 3601/3601
f 3602/3602 3599/3599 3601/3601
f 3603/3603 3604/3604 3605/3605
f 3606/3606 3603/3603 3605/3605
f 3607/3607 3608/3608 3609/3609
f 3610/3610 3607/3607 3609/3609
f 3611/3611 3612/3612 3613/3613
f 3614/3614 3611/3611 3613/3613
f 3615/3615 3616/3616 3617/3617
f 3618/3618 3615/3615 3617/3617
f 3619/3619 3620/3620 3621/3621
f 3622/3622 3619/3619 3621/3621
f 3623/3623 3624/3624 3625/3625
f 3626/3626 3623/3623 3625/3625
f 3627/3627 3628/3628 3629/3629
f 3630/3630 3627/3627 3629/3629
f 3631/3631 3632/3632 3633/3633
f 3634/3634 3631/3631 3633/3633
f 3635/3635 3636/3636 3637/3637
f 3638/3638 3635/3635 3637/3637
f 3639/3639 3640/3640 3641/3641
f 3642/3642 3639/3639 3641/3641
f 3643/3643 3644/3644 3645/3645
f 3646/3646 3643/3643 3645/3645
f 3647/3647 3648/3648 3649/3649
f 3650/3650 3647/3647 3649/3649
f 3651/3651 3652/3652 3653/3653
f 3654/3654 3651/3651 3653/3653
f 3655/3655 3656/3656 3657/3657
f 3658/3658 3655/3655 3657/3657
f 3659/3659 3660/3660 3661/3661
f 3662/3662 3659/3659 3661/3661
f 3663/3663 3664/3664 3665/3665
f 3666/3666 3663/3663 3665/3665
